address,categories/0,categoryName,cid,city,countryCode,fid,imageUrl,isAdvertisement,isLocalGuide,language,likesCount,location/lat,location/lng,name,neighborhood,originalLanguage,permanentlyClosed,placeId,postalCode,price,publishAt,publishedAtDate,rating,responseFromOwnerDate,responseFromOwnerText,reviewId,reviewImageUrls/0,reviewImageUrls/1,reviewImageUrls/2,reviewImageUrls/3,reviewImageUrls/4,reviewImageUrls/5,reviewImageUrls/6,reviewImageUrls/7,reviewImageUrls/8,reviewImageUrls/9,reviewImageUrls/10,reviewImageUrls/11,reviewImageUrls/12,reviewImageUrls/13,reviewImageUrls/14,reviewOrigin,reviewUrl,reviewerId,reviewerNumberOfReviews,reviewerPhotoUrl,reviewerUrl,reviewsCount,scrapedAt,searchString,stars,state,street,temporarilyClosed,text,textTranslated,title,totalScore,translatedLanguage,url,visitedIn,review_text,Emotion
"Jervois Rd, Darwin City NT 0800, Australia",Movie theater,Movie theater,11772483818531671253,Darwin City,AU,0x2cc091069ffeabf1:0xa36043a8df9d4cd5,https://lh3.googleusercontent.com/p/AF1QipMpDDsi-hL02VMOStb_4jTGj563Cfr6JoyIs8r_=w408-h271-k-no,False,False,en,0,-12.467646,130.842342,Anita Perryman,,en,False,ChIJ8av-nwaRwCwR1Uyd36hDYKM,800,,2 weeks ago,2025-09-07T03:41:23.044Z,,2025-09-07T21:21:59.000Z,Thanks Anita 😊,Ci9DQUlRQUNvZENodHljRjlvT2t0WVVXazNhVWx3WTBSMVZESTRjR2w0VUZCWmNFRRAB,,,,,,,,,,,,,,,,Google,https://www.google.com/maps/reviews/data=!4m8!14m7!1m6!2m5!1sCi9DQUlRQUNvZENodHljRjlvT2t0WVVXazNhVWx3WTBSMVZESTRjR2w0VUZCWmNFRRAB!2m1!1s0x0:0xa36043a8df9d4cd5!3m1!1s2@1:CAIQACodChtycF9oOktYUWk3aUlwY0R1VDI4cGl4UFBZcEE%7C%7C?hl=en,116539825683113622892,10,https://lh3.googleusercontent.com/a-/ALV-UjW4wNK9x7uyYyviqBNvKrqERLFqSBIjgYjGwwZERmgYKeU_yTs=s1920-c-rp-mo-br100,https://www.google.com/maps/contrib/116539825683113622892?hl=en,781,2025-09-22T03:40:34.453Z,"Direct Detail URL: https://www.google.com/maps/place/Deckchair+Cinema/@-12.467646,130.8397671,17z/data=!3m1!4b1!4m6!3m5!1s0x2cc091069ffeabf1:0xa36043a8df9d4cd5!8m2!3d-12.467646!4d130.842342!16s%2Fg%2F1tfvqcpx?entry=ttu&g_ep=EgoyMDI1MDkxNy4wIKXMDSoASAFQAw%3D%3D",5,Northern Territory,Jervois Rd,False,"I visited the Deckchair cinema recently for the first time to see Gutsy Girls. There are so many positives about this attraction; including the location, the bar and food facilities and the general ambiance. Looking forward to seeing more here 🥰",,Deckchair Cinema,4.8,,https://www.google.com/maps/search/?api=1&query=Deckchair%20Cinema&query_place_id=ChIJ8av-nwaRwCwR1Uyd36hDYKM,,"I visited the Deckchair cinema recently for the first time to see Gutsy Girls. There are so many positives about this attraction; including the location, the bar and food facilities and the general ambiance. Looking forward to seeing more here 🥰",Positive
"Jervois Rd, Darwin City NT 0800, Australia",Movie theater,Movie theater,11772483818531671253,Darwin City,AU,0x2cc091069ffeabf1:0xa36043a8df9d4cd5,https://lh3.googleusercontent.com/p/AF1QipMpDDsi-hL02VMOStb_4jTGj563Cfr6JoyIs8r_=w408-h271-k-no,False,True,en,0,-12.467646,130.842342,HARLEY Ryan,,en,False,ChIJ8av-nwaRwCwR1Uyd36hDYKM,800,,2 weeks ago,2025-09-04T08:42:56.908Z,,2025-09-07T21:21:43.000Z,"Thanks Ryan, glad you enjoyed the cinema 😊",Ci9DQUlRQUNvZENodHljRjlvT2pKc1dGRnNlVkV6VGpORGQwVTFkalYwUlVscGFVRRAB,https://lh3.googleusercontent.com/geougc-cs/AB3l90CT3J6h_sTNIaf9isWuB4ta9tSq8fVTj0PJ92vDAGUmTS1U4gOK3gM4hLcBym3qIfcV8QbxAume7VNqC8mVTTbs_84RNMEI8uxLQnYOviZC_RVuWGc9J5gEBq5_uZjV2XUYMAsGDM3WcL3v,,,,,,,,,,,,,,,Google,https://www.google.com/maps/reviews/data=!4m8!14m7!1m6!2m5!1sCi9DQUlRQUNvZENodHljRjlvT2pKc1dGRnNlVkV6VGpORGQwVTFkalYwUlVscGFVRRAB!2m1!1s0x0:0xa36043a8df9d4cd5!3m1!1s2@1:CAIQACodChtycF9oOjJsWFFseVEzTjNDd0U1djV0RUlpaUE%7C%7C?hl=en,114278961472069285187,123,https://lh3.googleusercontent.com/a-/ALV-UjWMWEYyvjNV-z3QoYMymJabHWa54AfQ49pa0DQyd9ahqOelh-8Txw=s1920-c-rp-mo-ba4-br100,https://www.google.com/maps/contrib/114278961472069285187?hl=en,781,2025-09-22T03:40:34.453Z,"Direct Detail URL: https://www.google.com/maps/place/Deckchair+Cinema/@-12.467646,130.8397671,17z/data=!3m1!4b1!4m6!3m5!1s0x2cc091069ffeabf1:0xa36043a8df9d4cd5!8m2!3d-12.467646!4d130.842342!16s%2Fg%2F1tfvqcpx?entry=ttu&g_ep=EgoyMDI1MDkxNy4wIKXMDSoASAFQAw%3D%3D",5,Northern Territory,Jervois Rd,False,Great atmosphere..get in early to get the Deckchairs...drinks and food are at good prices..recommend for a nice night out.,,Deckchair Cinema,4.8,,https://www.google.com/maps/search/?api=1&query=Deckchair%20Cinema&query_place_id=ChIJ8av-nwaRwCwR1Uyd36hDYKM,,Great atmosphere..get in early to get the Deckchairs...drinks and food are at good prices..recommend for a nice night out.,Positive
"Jervois Rd, Darwin City NT 0800, Australia",Movie theater,Movie theater,11772483818531671253,Darwin City,AU,0x2cc091069ffeabf1:0xa36043a8df9d4cd5,https://lh3.googleusercontent.com/p/AF1QipMpDDsi-hL02VMOStb_4jTGj563Cfr6JoyIs8r_=w408-h271-k-no,False,False,en,0,-12.467646,130.842342,Alise Brante,,en,False,ChIJ8av-nwaRwCwR1Uyd36hDYKM,800,,3 weeks ago,2025-08-26T09:28:41.736Z,,2025-08-27T02:03:46.000Z,Thanks Alise :),Ci9DQUlRQUNvZENodHljRjlvT2t0WWIyOHRhM1pJZGxvM09WQkdaelJEUW0xTGNWRRAB,,,,,,,,,,,,,,,,Google,https://www.google.com/maps/reviews/data=!4m8!14m7!1m6!2m5!1sCi9DQUlRQUNvZENodHljRjlvT2t0WWIyOHRhM1pJZGxvM09WQkdaelJEUW0xTGNWRRAB!2m1!1s0x0:0xa36043a8df9d4cd5!3m1!1s2@1:CAIQACodChtycF9oOktYb28ta3ZIdlo3OVBGZzRDQm1LcVE%7C%7C?hl=en,115855632133828418039,8,https://lh3.googleusercontent.com/a-/ALV-UjV3PY77KelNGoqXQ25bIVQav9Gwxz1tM6DdkJIMsZl5-JyxugM7bg=s1920-c-rp-mo-br100,https://www.google.com/maps/contrib/115855632133828418039?hl=en,781,2025-09-22T03:40:34.453Z,"Direct Detail URL: https://www.google.com/maps/place/Deckchair+Cinema/@-12.467646,130.8397671,17z/data=!3m1!4b1!4m6!3m5!1s0x2cc091069ffeabf1:0xa36043a8df9d4cd5!8m2!3d-12.467646!4d130.842342!16s%2Fg%2F1tfvqcpx?entry=ttu&g_ep=EgoyMDI1MDkxNy4wIKXMDSoASAFQAw%3D%3D",5,Northern Territory,Jervois Rd,False,"Such a cool and creative space, loved the cafes and tucked away tables, whole ambience was great!",,Deckchair Cinema,4.8,,https://www.google.com/maps/search/?api=1&query=Deckchair%20Cinema&query_place_id=ChIJ8av-nwaRwCwR1Uyd36hDYKM,,"Such a cool and creative space, loved the cafes and tucked away tables, whole ambience was great!",Positive
"Jervois Rd, Darwin City NT 0800, Australia",Movie theater,Movie theater,11772483818531671253,Darwin City,AU,0x2cc091069ffeabf1:0xa36043a8df9d4cd5,https://lh3.googleusercontent.com/p/AF1QipMpDDsi-hL02VMOStb_4jTGj563Cfr6JoyIs8r_=w408-h271-k-no,False,True,en,0,-12.467646,130.842342,Lai Pitsen,,en,False,ChIJ8av-nwaRwCwR1Uyd36hDYKM,800,,a month ago,2025-08-20T09:26:29.992Z,,2025-08-27T02:04:03.000Z,"Hey Lai, glad you enjoyed the cinema :)",Ci9DQUlRQUNvZENodHljRjlvT2xJNWVYVjZVbUZyWkZGcWFGSnZlV3RtYzBSVFdGRRAB,,,,,,,,,,,,,,,,Google,https://www.google.com/maps/reviews/data=!4m8!14m7!1m6!2m5!1sCi9DQUlRQUNvZENodHljRjlvT2xJNWVYVjZVbUZyWkZGcWFGSnZlV3RtYzBSVFdGRRAB!2m1!1s0x0:0xa36043a8df9d4cd5!3m1!1s2@1:CAIQACodChtycF9oOlI5eXV6UmFrZFFqaFJveWtmc0RTWFE%7C%7C?hl=en,102682893652171665677,776,https://lh3.googleusercontent.com/a/ACg8ocKdL3XmIHx3SlRm1Bq8Y5Y63k-tMUJ8BwYsA8wVxZylyEmPJA=s1920-c-rp-mo-ba6-br100,https://www.google.com/maps/contrib/102682893652171665677?hl=en,781,2025-09-22T03:40:34.453Z,"Direct Detail URL: https://www.google.com/maps/place/Deckchair+Cinema/@-12.467646,130.8397671,17z/data=!3m1!4b1!4m6!3m5!1s0x2cc091069ffeabf1:0xa36043a8df9d4cd5!8m2!3d-12.467646!4d130.842342!16s%2Fg%2F1tfvqcpx?entry=ttu&g_ep=EgoyMDI1MDkxNy4wIKXMDSoASAFQAw%3D%3D",5,Northern Territory,Jervois Rd,False,good experience,,Deckchair Cinema,4.8,,https://www.google.com/maps/search/?api=1&query=Deckchair%20Cinema&query_place_id=ChIJ8av-nwaRwCwR1Uyd36hDYKM,,good experience,Positive
"Jervois Rd, Darwin City NT 0800, Australia",Movie theater,Movie theater,11772483818531671253,Darwin City,AU,0x2cc091069ffeabf1:0xa36043a8df9d4cd5,https://lh3.googleusercontent.com/p/AF1QipMpDDsi-hL02VMOStb_4jTGj563Cfr6JoyIs8r_=w408-h271-k-no,False,True,en,0,-12.467646,130.842342,Alicia Propheta,,en,False,ChIJ8av-nwaRwCwR1Uyd36hDYKM,800,,a month ago,2025-08-19T03:59:28.326Z,,2025-09-01T01:51:31.000Z,Thanks Alicia :),Ci9DQUlRQUNvZENodHljRjlvT25aZlpXdDJZblF0U2poM09UVnBXVEJNWWpscFNHYxAB,https://lh3.googleusercontent.com/geougc-cs/AB3l90AWtj2WnFpNax1Y4b7aqintmcrV5I6GFTrqBPX9Qv6sluR_uZREPLds7bfamram5mP_8TgO22EB7Cs0xkSisT10JTwa5Xqq1DcMbjSaALk8guw9GDurR2VYcMKL0JiSdzgJG_nJlf7o4ttN,https://lh3.googleusercontent.com/geougc-cs/AB3l90BiCqWhSoqAKpWq48Wtw7I3WKBVw1yJXSb0KUDbyogkjz017_bCfWPz_5ga7jRAw4edkow8w3tBeIG43vXyxXYAxp1WEafCSt67AMk0rwhN7tGwZ9N4Nq5i421AtOA54Yw-id5sT3a9iAW3,https://lh3.googleusercontent.com/geougc-cs/AB3l90BnbkSI5cCYCA3vnu9rkwHdleci83l4dC0hE2-PzfI32oV1nV9J5y-PU6dII9eXZAAWK8uged_-rjkCMKIDy3_pQw1OdDEmyDlBZqK5b2PpcQXZokBM-hDo3QTOd9pMLR99k9RN78HMExEC,https://lh3.googleusercontent.com/geougc-cs/AB3l90DdJh-tZ2KA_D8E4BYwSmMdHDHMmiKo__seK3h88wwbOfkMKam-xrLzDttOZjgIQKdLF_GpNnWSNvteVKiEj61U2oGs_g7u6j7vy0GqW-widBj2FpX74KONGSpzluPARu8iOEfyM6xnul1v,https://lh3.googleusercontent.com/geougc-cs/AB3l90BI6YgGIjj2l_MlJsLeZvZJGKbeSiKYJ6lZlx2xKF6cMP7sLAO7fC62hEI_XVLLKHscG5Azs9BBWOXmwKciIQCB2PLPOomc8sBNEG5GVQ7cwntKzL3noSG23_xA3hBsCuFSNrRZe3fQ6zk,,,,,,,,,,,Google,https://www.google.com/maps/reviews/data=!4m8!14m7!1m6!2m5!1sCi9DQUlRQUNvZENodHljRjlvT25aZlpXdDJZblF0U2poM09UVnBXVEJNWWpscFNHYxAB!2m1!1s0x0:0xa36043a8df9d4cd5!3m1!1s2@1:CAIQACodChtycF9oOnZfZWt2YnQtSjh3OTVpWTBMYjlpSGc%7C%7C?hl=en,102420063453770124772,91,https://lh3.googleusercontent.com/a-/ALV-UjUzn573wY248Reh4D_VqYTJXrSSpqbF1OY138xJDeQoPfIV9y_u=s1920-c-rp-mo-ba4-br100,https://www.google.com/maps/contrib/102420063453770124772?hl=en,781,2025-09-22T03:40:34.453Z,"Direct Detail URL: https://www.google.com/maps/place/Deckchair+Cinema/@-12.467646,130.8397671,17z/data=!3m1!4b1!4m6!3m5!1s0x2cc091069ffeabf1:0xa36043a8df9d4cd5!8m2!3d-12.467646!4d130.842342!16s%2Fg%2F1tfvqcpx?entry=ttu&g_ep=EgoyMDI1MDkxNy4wIKXMDSoASAFQAw%3D%3D",5,Northern Territory,Jervois Rd,False,Perfect place to be! Loved it!,,Deckchair Cinema,4.8,,https://www.google.com/maps/search/?api=1&query=Deckchair%20Cinema&query_place_id=ChIJ8av-nwaRwCwR1Uyd36hDYKM,,Perfect place to be! Loved it!,Positive
"Jervois Rd, Darwin City NT 0800, Australia",Movie theater,Movie theater,11772483818531671253,Darwin City,AU,0x2cc091069ffeabf1:0xa36043a8df9d4cd5,https://lh3.googleusercontent.com/p/AF1QipMpDDsi-hL02VMOStb_4jTGj563Cfr6JoyIs8r_=w408-h271-k-no,False,True,en,0,-12.467646,130.842342,Harry Hoogendoorn,,en,False,ChIJ8av-nwaRwCwR1Uyd36hDYKM,800,,a month ago,2025-08-18T13:14:06.549Z,,2025-08-27T02:04:20.000Z,Thanks Harry! :),Ci9DQUlRQUNvZENodHljRjlvT2xSc1ZIVnRiSFZRVTBKSU1YcExibnBqU1VoMFJXYxAB,https://lh3.googleusercontent.com/geougc-cs/AB3l90C2u_sNTK6rQSh7xQ1FLIj4kRjPTF5tAgGX0AzoxLpFzqXR5Cl-S0LK91LpYsvVdyiHg_vvzTIVKnK4lkbRM78At6cdyyJ1KWKmRXmBBQm9Xfo3TxfZxtnBHix1mx2yLkFfLpt_cLe9q6m8,https://lh3.googleusercontent.com/geougc-cs/AB3l90BCStaAMPmQIEiy85lOOOT53mJZ4sklDG25UUUGcZNHRPacZuAsIAQ_mJbnWAciJ9qMoPzooUDF7OB3Dj9fWF_J8LSksGhASokY_mapbRZoQe24ossnAaG1eyVlrGQP1imf1_WgAv6tkg-i,https://lh3.googleusercontent.com/geougc-cs/AB3l90DgyrqRYDstGBY3yO91Lc7fCm2ZIe78xaJRP2TR4pFoI93mh706tmyoWpE4Bm_mUMnZPpWd8sF5bYgXNtJpZQMZ6yjc03cm3S9MQIpEm_UwffXimLuHIX18ZIkI7sJSwO4xbRWxP0tbFgQ,https://lh3.googleusercontent.com/geougc-cs/AB3l90C_vZ97aTMfsg19JHRB1FzEVaZCI4xTkiqb6DgIR3DnL39lcqplEyRUh5Urqe7MfH8JE7CTlzwa6OlZsn3AEWCht0qDosUz8sWRwwDwv9uH__ECt2UoknJF6OUvjkyuBnuGjmY5G7rZA7o,https://lh3.googleusercontent.com/geougc-cs/AB3l90CqJK7oPwVm3Zt8mEgV6emw5N71XS2MQy0eJvy_CPniDAJrVwikPcGqxbPR79FCrS_Lybc-ZLjzU2Q4irjin3bKE6KjT1Of7mOAg3edYdD89xBOHXqjBn0bLFd5d_LmpBQM_eewoAgdusu0,https://lh3.googleusercontent.com/geougc-cs/AB3l90DVtsceIsnpkKiMLlYG2V3MkBg2DXfnGdI_ecniz5PKyKXLIOccfYDfxh2QBpfDCcYyf_lrE-1T8x9iZVQekhcgOt88IblHMcuMyD5I5yenEpUOrAVGDpAUlu8s5jSqgFF81qeBKEoPjTpf,https://lh3.googleusercontent.com/geougc-cs/AB3l90Cauu5XiTeXpGvaKmBF0Q5roqpKzFvsNuWsA5kohcxc9lqVvzFMD7CQ7mjEXsnqUdVZlye0nMxIVf2y8HK5mUQ6huGehtW5K5nE7kS1x7FujWMvTnbT8yr0wxtXCOu-3lZ7U_OAPIV6AYDA,https://lh3.googleusercontent.com/geougc-cs/AB3l90ALvotBBIvFGWce21tUPP1jFdnpsCHPq6cjD4dzQBLots27G8BANS2eKET1jNDMczdV5AxwP-avjC48vN1PWbq0lSfP8rQLx4wgAb_D2t-QIxl5BlsXIXcPxB8xAv8yZxG048Ahu4FTXYQ8,https://lh3.googleusercontent.com/geougc-cs/AB3l90B1dkqEgMgBE-7TiAjR15VbHFRW85eey3CkYE6NSBhlludvYEFh_iqFszlP0W16IfybX5shCwdDGHT9Wj6vDyiZ9CNtj-GMCgwtEkQD3ECXjKHsUyjCdxzMwRzFmXBANwbnuDJOyeEL4Lk,https://lh3.googleusercontent.com/geougc-cs/AB3l90DbMrT1g4mvUFWHnH0VkdbTtB3eI7BhSDKgyBuedrHV3UzMTn4gDGnwTLTw2RX-7HEQuBA-zaN1ktEqkP-P47_xEHrznd561tppW6hVy1GZ5eEFLO0bzccOT1HKD7K0JH5L9HPaIE48OiQC,https://lh3.googleusercontent.com/geougc-cs/AB3l90AdiwrOqfxqIWQe5udnPyBihNicd8tuPyNnCYzx_aTQU8Jzns7k_Um9CpL9zHhvhN0rpu0GQxTfYcRfTiuiLKtV7oJTLfTQCum2j-kdrwYUdmkxxoWju-14QFWlCTMB3MaPS71G_XpzjgQX,https://lh3.googleusercontent.com/geougc-cs/AB3l90Dw9XEczpYaeNCT3DqrZZkw_NmvXox59bnn7EDXRv2G3_ZDS-mT1I3z4EN87GI5-M_1pnQlj1ycS2jXVkqUwf3UQePmUcNdXLziM169T9ikvvE9ZehS4C6VyUJO9XxHxYb5VwleTG_cnY9n,https://lh3.googleusercontent.com/geougc-cs/AB3l90DOuAmjn4tojZOFZzdiCveiKSUdKSruo9O5kY9Sa9j3I1zAV2UD3LAQQEOPrY2ImhvR70BmUUUW6ZMaHXSKI8lg6xYERdYseKdRm4MmgCrFVdEY2qQbbR95zwErPw_k8aNVkqkQoedQrnQH,https://lh3.googleusercontent.com/geougc-cs/AB3l90AIM-G6PF_vfL-XxZ6JQbPLYe9MqiZNj22RxMdHJxZMOI_Oijn1EVUPUVahgAm3va5ZDGyTwxdwhG5zs3m5Guxowm9WfaY96aqkCiVWMA25FqbMgDDusZdmwbwliP0Oyn-3hpqAU9DYwlpS,https://lh3.googleusercontent.com/geougc-cs/AB3l90AM8vnPVkvJOamH93H3Oj1IQBqXEin8fJbrlVGrGTbJoQZ94dIXD8YlAfHniUV7q7W29RHnIY1SEcSO6vJNNTkM-AWvBsxNL096J5UZtvhBWqs4OvG1e0diQT1bvm0F9KCI9rSZwgyzRWWf,Google,https://www.google.com/maps/reviews/data=!4m8!14m7!1m6!2m5!1sCi9DQUlRQUNvZENodHljRjlvT2xSc1ZIVnRiSFZRVTBKSU1YcExibnBqU1VoMFJXYxAB!2m1!1s0x0:0xa36043a8df9d4cd5!3m1!1s2@1:CAIQACodChtycF9oOlRsVHVtbHVQU0JIMXpLbnpjSUh0RWc%7C%7C?hl=en,117341520093316751823,96,https://lh3.googleusercontent.com/a-/ALV-UjUkPjtJVS-rfvHw7DrF0K0stbirXal_u5PqBQYZSqwkeCtEIiLt=s1920-c-rp-mo-ba6-br100,https://www.google.com/maps/contrib/117341520093316751823?hl=en,781,2025-09-22T03:40:34.453Z,"Direct Detail URL: https://www.google.com/maps/place/Deckchair+Cinema/@-12.467646,130.8397671,17z/data=!3m1!4b1!4m6!3m5!1s0x2cc091069ffeabf1:0xa36043a8df9d4cd5!8m2!3d-12.467646!4d130.842342!16s%2Fg%2F1tfvqcpx?entry=ttu&g_ep=EgoyMDI1MDkxNy4wIKXMDSoASAFQAw%3D%3D",4,Northern Territory,Jervois Rd,False,"Great waterside venue with a magnificent sunset over the ocean. Bring a pillow for comfort.
Strictly smoke free - excellent.
Food and drinks available, plus a variety of seating options - arrive  quite early to get good seats.",,Deckchair Cinema,4.8,,https://www.google.com/maps/search/?api=1&query=Deckchair%20Cinema&query_place_id=ChIJ8av-nwaRwCwR1Uyd36hDYKM,,"Great waterside venue with a magnificent sunset over the ocean. Bring a pillow for comfort.
Strictly smoke free - excellent.
Food and drinks available, plus a variety of seating options - arrive  quite early to get good seats.",Positive
"Jervois Rd, Darwin City NT 0800, Australia",Movie theater,Movie theater,11772483818531671253,Darwin City,AU,0x2cc091069ffeabf1:0xa36043a8df9d4cd5,https://lh3.googleusercontent.com/p/AF1QipMpDDsi-hL02VMOStb_4jTGj563Cfr6JoyIs8r_=w408-h271-k-no,False,True,en,0,-12.467646,130.842342,andrew sturgess,,,False,ChIJ8av-nwaRwCwR1Uyd36hDYKM,800,,a month ago,2025-08-15T07:22:34.765Z,,2025-08-27T02:04:28.000Z,Thanks Andrew :),Ci9DQUlRQUNvZENodHljRjlvT2xZeWRIaEVTbWRRYjFOa1ZYUjJhRnBpZERCbmJVRRAB,,,,,,,,,,,,,,,,Google,https://www.google.com/maps/reviews/data=!4m8!14m7!1m6!2m5!1sCi9DQUlRQUNvZENodHljRjlvT2xZeWRIaEVTbWRRYjFOa1ZYUjJhRnBpZERCbmJVRRAB!2m1!1s0x0:0xa36043a8df9d4cd5!3m1!1s2@1:CAIQACodChtycF9oOlYydHhESmdQb1NkVXR2aFpidDBnbUE%7C%7C?hl=en,101146314883419518131,11,https://lh3.googleusercontent.com/a/ACg8ocIrLaoRTCeMB2i3uM0OlZRvLaOKL0xWQRUQeLh7yYM9xdxpYQ=s1920-c-rp-mo-ba2-br100,https://www.google.com/maps/contrib/101146314883419518131?hl=en,781,2025-09-22T03:40:34.453Z,"Direct Detail URL: https://www.google.com/maps/place/Deckchair+Cinema/@-12.467646,130.8397671,17z/data=!3m1!4b1!4m6!3m5!1s0x2cc091069ffeabf1:0xa36043a8df9d4cd5!8m2!3d-12.467646!4d130.842342!16s%2Fg%2F1tfvqcpx?entry=ttu&g_ep=EgoyMDI1MDkxNy4wIKXMDSoASAFQAw%3D%3D",5,Northern Territory,Jervois Rd,False,,,Deckchair Cinema,4.8,,https://www.google.com/maps/search/?api=1&query=Deckchair%20Cinema&query_place_id=ChIJ8av-nwaRwCwR1Uyd36hDYKM,,,Positive
"Jervois Rd, Darwin City NT 0800, Australia",Movie theater,Movie theater,11772483818531671253,Darwin City,AU,0x2cc091069ffeabf1:0xa36043a8df9d4cd5,https://lh3.googleusercontent.com/p/AF1QipMpDDsi-hL02VMOStb_4jTGj563Cfr6JoyIs8r_=w408-h271-k-no,False,True,en,0,-12.467646,130.842342,Adam Gater,,,False,ChIJ8av-nwaRwCwR1Uyd36hDYKM,800,,a month ago,2025-08-13T12:54:52.187Z,,2025-08-27T02:04:38.000Z,Thanks Adam :),Ci9DQUlRQUNvZENodHljRjlvT2pGeGVraEJaV1JQUjBocGNWRTJhMll3WXpoa2NFRRAB,,,,,,,,,,,,,,,,Google,https://www.google.com/maps/reviews/data=!4m8!14m7!1m6!2m5!1sCi9DQUlRQUNvZENodHljRjlvT2pGeGVraEJaV1JQUjBocGNWRTJhMll3WXpoa2NFRRAB!2m1!1s0x0:0xa36043a8df9d4cd5!3m1!1s2@1:CAIQACodChtycF9oOjFxekhBZWRPR0hpcVE2a2YwYzhkcEE%7C%7C?hl=en,112213243737724902543,1,https://lh3.googleusercontent.com/a/ACg8ocKARlx8FocsoSOIsBGPrjX8Gj7GNEPMe0i5usn_awYOr2sciw=s1920-c-rp-mo-ba3-br100,https://www.google.com/maps/contrib/112213243737724902543?hl=en,781,2025-09-22T03:40:34.453Z,"Direct Detail URL: https://www.google.com/maps/place/Deckchair+Cinema/@-12.467646,130.8397671,17z/data=!3m1!4b1!4m6!3m5!1s0x2cc091069ffeabf1:0xa36043a8df9d4cd5!8m2!3d-12.467646!4d130.842342!16s%2Fg%2F1tfvqcpx?entry=ttu&g_ep=EgoyMDI1MDkxNy4wIKXMDSoASAFQAw%3D%3D",5,Northern Territory,Jervois Rd,False,,,Deckchair Cinema,4.8,,https://www.google.com/maps/search/?api=1&query=Deckchair%20Cinema&query_place_id=ChIJ8av-nwaRwCwR1Uyd36hDYKM,,,Positive
"Jervois Rd, Darwin City NT 0800, Australia",Movie theater,Movie theater,11772483818531671253,Darwin City,AU,0x2cc091069ffeabf1:0xa36043a8df9d4cd5,https://lh3.googleusercontent.com/p/AF1QipMpDDsi-hL02VMOStb_4jTGj563Cfr6JoyIs8r_=w408-h271-k-no,False,True,en,0,-12.467646,130.842342,Susana Silva,,en,False,ChIJ8av-nwaRwCwR1Uyd36hDYKM,800,,a month ago,2025-08-10T07:18:33.043Z,,2025-08-11T02:28:47.000Z,Thanks Susana! This is so great. We're going to share it to our Facebook account 💓,Ci9DQUlRQUNvZENodHljRjlvT2pOTVprMHpNMnhtTWtWbWEySkxUUzA0TjFaWU5YYxAB,https://lh3.googleusercontent.com/geougc-cs/AB3l90AYOJvkcgAhG6YGXLuAsaoRl0w6MvqqVWVsq2hyENZmEvCffIHYJI3EknYZQ7gio1Qm-_mk-GhRQYWHbia-OdBg1WHPpcPgv2G9_mdXkUTkMlICS_H3JzCBe-V1anEDIJXcKF7ScQ2815vx,,,,,,,,,,,,,,,Google,https://www.google.com/maps/reviews/data=!4m8!14m7!1m6!2m5!1sCi9DQUlRQUNvZENodHljRjlvT2pOTVprMHpNMnhtTWtWbWEySkxUUzA0TjFaWU5YYxAB!2m1!1s0x0:0xa36043a8df9d4cd5!3m1!1s2@1:CAIQACodChtycF9oOjNMZk0zM2xmMkVma2JLTS04N1ZYNXc%7C%7C?hl=en,107889976314499377898,28,https://lh3.googleusercontent.com/a/ACg8ocI5fCiYpP8k3lqjIhS45JpCsFAN43R2IF0KqGPAGNPIwejgJQ=s1920-c-rp-mo-ba3-br100,https://www.google.com/maps/contrib/107889976314499377898?hl=en,781,2025-09-22T03:40:34.453Z,"Direct Detail URL: https://www.google.com/maps/place/Deckchair+Cinema/@-12.467646,130.8397671,17z/data=!3m1!4b1!4m6!3m5!1s0x2cc091069ffeabf1:0xa36043a8df9d4cd5!8m2!3d-12.467646!4d130.842342!16s%2Fg%2F1tfvqcpx?entry=ttu&g_ep=EgoyMDI1MDkxNy4wIKXMDSoASAFQAw%3D%3D",5,Northern Territory,Jervois Rd,False,"I have found heaven — a place with a soul and a little grandma magic.

As you walk in, a pile of cushions greets you. These you’ll place on your deckchair to reserve your spot.

Then you’ll see the library/DVD collection, free for anyone to borrow from. You can even donate your own.

They also serve dinner — every night a different catering company serves up delicious meals at an affordable price. I always love the surprise of the night. What will it be this time?

The snack bar offers local goodies in abundance and… of course, beer and wine!

Need I say more?

Oh, but it doesn’t end there.

I haven’t even mentioned the arthouse or international film selections.

The little touches — small tables for belongings, beanbags, natural bug repellent — warm the heart.

My favourite moment, right before the movie starts, is eating my delicious Crazy Acres ice cream, with a full belly from dinner, the gorgeous sunset as a backdrop, and bats flying up above.

The nature and foliage around the place are simply magical.

This is such a beautiful venue.

It is pure art and soul.

P.S. The little geckos on the screen add that extra magic and charm, plus… cute!",,Deckchair Cinema,4.8,,https://www.google.com/maps/search/?api=1&query=Deckchair%20Cinema&query_place_id=ChIJ8av-nwaRwCwR1Uyd36hDYKM,,"I have found heaven — a place with a soul and a little grandma magic.

As you walk in, a pile of cushions greets you. These you’ll place on your deckchair to reserve your spot.

Then you’ll see the library/DVD collection, free for anyone to borrow from. You can even donate your own.

They also serve dinner — every night a different catering company serves up delicious meals at an affordable price. I always love the surprise of the night. What will it be this time?

The snack bar offers local goodies in abundance and… of course, beer and wine!

Need I say more?

Oh, but it doesn’t end there.

I haven’t even mentioned the arthouse or international film selections.

The little touches — small tables for belongings, beanbags, natural bug repellent — warm the heart.

My favourite moment, right before the movie starts, is eating my delicious Crazy Acres ice cream, with a full belly from dinner, the gorgeous sunset as a backdrop, and bats flying up above.

The nature and foliage around the place are simply magical.

This is such a beautiful venue.

It is pure art and soul.

P.S. The little geckos on the screen add that extra magic and charm, plus… cute!",Positive
"Jervois Rd, Darwin City NT 0800, Australia",Movie theater,Movie theater,11772483818531671253,Darwin City,AU,0x2cc091069ffeabf1:0xa36043a8df9d4cd5,https://lh3.googleusercontent.com/p/AF1QipMpDDsi-hL02VMOStb_4jTGj563Cfr6JoyIs8r_=w408-h271-k-no,False,True,en,0,-12.467646,130.842342,Michael Sprott,,,False,ChIJ8av-nwaRwCwR1Uyd36hDYKM,800,,a month ago,2025-08-10T06:43:01.877Z,,2025-08-11T02:28:56.000Z,Thanks Michael :),Ci9DQUlRQUNvZENodHljRjlvT25KcmNqRXdUbU5GTFhrd1RXSnpVbU5wWDNseWNtYxAB,,,,,,,,,,,,,,,,Google,https://www.google.com/maps/reviews/data=!4m8!14m7!1m6!2m5!1sCi9DQUlRQUNvZENodHljRjlvT25KcmNqRXdUbU5GTFhrd1RXSnpVbU5wWDNseWNtYxAB!2m1!1s0x0:0xa36043a8df9d4cd5!3m1!1s2@1:CAIQACodChtycF9oOnJrcjEwTmNFLXkwTWJzUmNpX3lycmc%7C%7C?hl=en,113808495016259093033,6,https://lh3.googleusercontent.com/a-/ALV-UjW5AZ9D62B3Xt979BHC9oYNp-G-vRnaWPRoJg6Re9utZXGlBuxo=s1920-c-rp-mo-ba4-br100,https://www.google.com/maps/contrib/113808495016259093033?hl=en,781,2025-09-22T03:40:34.453Z,"Direct Detail URL: https://www.google.com/maps/place/Deckchair+Cinema/@-12.467646,130.8397671,17z/data=!3m1!4b1!4m6!3m5!1s0x2cc091069ffeabf1:0xa36043a8df9d4cd5!8m2!3d-12.467646!4d130.842342!16s%2Fg%2F1tfvqcpx?entry=ttu&g_ep=EgoyMDI1MDkxNy4wIKXMDSoASAFQAw%3D%3D",5,Northern Territory,Jervois Rd,False,,,Deckchair Cinema,4.8,,https://www.google.com/maps/search/?api=1&query=Deckchair%20Cinema&query_place_id=ChIJ8av-nwaRwCwR1Uyd36hDYKM,,,Positive
"Jervois Rd, Darwin City NT 0800, Australia",Movie theater,Movie theater,11772483818531671253,Darwin City,AU,0x2cc091069ffeabf1:0xa36043a8df9d4cd5,https://lh3.googleusercontent.com/p/AF1QipMpDDsi-hL02VMOStb_4jTGj563Cfr6JoyIs8r_=w408-h271-k-no,False,True,en,0,-12.467646,130.842342,alice faggion,,,False,ChIJ8av-nwaRwCwR1Uyd36hDYKM,800,,a month ago,2025-08-09T12:18:06.710Z,,2025-08-09T20:45:00.000Z,Thanks Alice :),Ci9DQUlRQUNvZENodHljRjlvT2paa2ExQlNkVkUxVDFoaWIwSk9kR2xOTTJOcFkxRRAB,,,,,,,,,,,,,,,,Google,https://www.google.com/maps/reviews/data=!4m8!14m7!1m6!2m5!1sCi9DQUlRQUNvZENodHljRjlvT2paa2ExQlNkVkUxVDFoaWIwSk9kR2xOTTJOcFkxRRAB!2m1!1s0x0:0xa36043a8df9d4cd5!3m1!1s2@1:CAIQACodChtycF9oOjZka1BSdVE1T1hib0JOdGlNM2NpY1E%7C%7C?hl=en,106847864676615208168,20,https://lh3.googleusercontent.com/a-/ALV-UjUDLqRMqWBWARGmIWSncMkl5DnOmEN3ruqqJMUs9GOElRGS_UN6=s1920-c-rp-mo-ba3-br100,https://www.google.com/maps/contrib/106847864676615208168?hl=en,781,2025-09-22T03:40:34.453Z,"Direct Detail URL: https://www.google.com/maps/place/Deckchair+Cinema/@-12.467646,130.8397671,17z/data=!3m1!4b1!4m6!3m5!1s0x2cc091069ffeabf1:0xa36043a8df9d4cd5!8m2!3d-12.467646!4d130.842342!16s%2Fg%2F1tfvqcpx?entry=ttu&g_ep=EgoyMDI1MDkxNy4wIKXMDSoASAFQAw%3D%3D",4,Northern Territory,Jervois Rd,False,,,Deckchair Cinema,4.8,,https://www.google.com/maps/search/?api=1&query=Deckchair%20Cinema&query_place_id=ChIJ8av-nwaRwCwR1Uyd36hDYKM,,,Positive
"Jervois Rd, Darwin City NT 0800, Australia",Movie theater,Movie theater,11772483818531671253,Darwin City,AU,0x2cc091069ffeabf1:0xa36043a8df9d4cd5,https://lh3.googleusercontent.com/p/AF1QipMpDDsi-hL02VMOStb_4jTGj563Cfr6JoyIs8r_=w408-h271-k-no,False,True,en,0,-12.467646,130.842342,Clara,,en,False,ChIJ8av-nwaRwCwR1Uyd36hDYKM,800,,a month ago,2025-08-05T09:11:05.474Z,,2025-08-06T01:23:19.000Z,"Awesome, thanks Clara :)",Ci9DQUlRQUNvZENodHljRjlvT25Zd1VYWlVPRll0UjBkM1pFWnBhVXBqWDNSdVoxRRAB,https://lh3.googleusercontent.com/geougc-cs/AB3l90BuTWGxdKBqBS-p-n_R91CStIb40uHrbD0KqbV81194FlumPYlQF9JAa5isko1ntK2uEo4W5BzhUNAmlihQ6gZeS4OTVZOX6EcGINuZCNCZLfELAXo888pzSVkGmZ-RJVr5v3sFw_6sFgVP,,,,,,,,,,,,,,,Google,https://www.google.com/maps/reviews/data=!4m8!14m7!1m6!2m5!1sCi9DQUlRQUNvZENodHljRjlvT25Zd1VYWlVPRll0UjBkM1pFWnBhVXBqWDNSdVoxRRAB!2m1!1s0x0:0xa36043a8df9d4cd5!3m1!1s2@1:CAIQACodChtycF9oOnYwUXZUOFYtR0d3ZEZpaUpjX3RuZ1E%7C%7C?hl=en,107991275348876959852,43,https://lh3.googleusercontent.com/a/ACg8ocJE3M66MKtwAawkDxwwo9-9QM_5oywRXZbztHSwlMkHrSxo64DC=s1920-c-rp-mo-ba3-br100,https://www.google.com/maps/contrib/107991275348876959852?hl=en,781,2025-09-22T03:40:34.453Z,"Direct Detail URL: https://www.google.com/maps/place/Deckchair+Cinema/@-12.467646,130.8397671,17z/data=!3m1!4b1!4m6!3m5!1s0x2cc091069ffeabf1:0xa36043a8df9d4cd5!8m2!3d-12.467646!4d130.842342!16s%2Fg%2F1tfvqcpx?entry=ttu&g_ep=EgoyMDI1MDkxNy4wIKXMDSoASAFQAw%3D%3D",5,Northern Territory,Jervois Rd,False,Loved it!,,Deckchair Cinema,4.8,,https://www.google.com/maps/search/?api=1&query=Deckchair%20Cinema&query_place_id=ChIJ8av-nwaRwCwR1Uyd36hDYKM,,Loved it!,Positive
"Jervois Rd, Darwin City NT 0800, Australia",Movie theater,Movie theater,11772483818531671253,Darwin City,AU,0x2cc091069ffeabf1:0xa36043a8df9d4cd5,https://lh3.googleusercontent.com/p/AF1QipMpDDsi-hL02VMOStb_4jTGj563Cfr6JoyIs8r_=w408-h271-k-no,False,True,en,0,-12.467646,130.842342,Fab,,en,False,ChIJ8av-nwaRwCwR1Uyd36hDYKM,800,,a month ago,2025-08-04T00:05:05.757Z,,2025-08-04T22:24:24.000Z,Thanks Fab :),Ci9DQUlRQUNvZENodHljRjlvT2xOaE4wUkJaRmhGWm1sRFdtZGFha1ZJTm5SRmJYYxAB,,,,,,,,,,,,,,,,Google,https://www.google.com/maps/reviews/data=!4m8!14m7!1m6!2m5!1sCi9DQUlRQUNvZENodHljRjlvT2xOaE4wUkJaRmhGWm1sRFdtZGFha1ZJTm5SRmJYYxAB!2m1!1s0x0:0xa36043a8df9d4cd5!3m1!1s2@1:CAIQACodChtycF9oOlNhN0RBZFhFZmlDWmdaakVINnRFbXc%7C%7C?hl=en,109946188525224273852,303,https://lh3.googleusercontent.com/a-/ALV-UjVqwfzWt_y1vmtYuaNxEkhC30vKNpp-FZW_RZn0S9ZeS92dPQ-s=s1920-c-rp-mo-ba5-br100,https://www.google.com/maps/contrib/109946188525224273852?hl=en,781,2025-09-22T03:40:34.453Z,"Direct Detail URL: https://www.google.com/maps/place/Deckchair+Cinema/@-12.467646,130.8397671,17z/data=!3m1!4b1!4m6!3m5!1s0x2cc091069ffeabf1:0xa36043a8df9d4cd5!8m2!3d-12.467646!4d130.842342!16s%2Fg%2F1tfvqcpx?entry=ttu&g_ep=EgoyMDI1MDkxNy4wIKXMDSoASAFQAw%3D%3D",5,Northern Territory,Jervois Rd,False,A wonderful experience at a very different movie theatre go casual and chill.,,Deckchair Cinema,4.8,,https://www.google.com/maps/search/?api=1&query=Deckchair%20Cinema&query_place_id=ChIJ8av-nwaRwCwR1Uyd36hDYKM,,A wonderful experience at a very different movie theatre go casual and chill.,Positive
"Jervois Rd, Darwin City NT 0800, Australia",Movie theater,Movie theater,11772483818531671253,Darwin City,AU,0x2cc091069ffeabf1:0xa36043a8df9d4cd5,https://lh3.googleusercontent.com/p/AF1QipMpDDsi-hL02VMOStb_4jTGj563Cfr6JoyIs8r_=w408-h271-k-no,False,False,en,0,-12.467646,130.842342,Richard Tassone,,en,False,ChIJ8av-nwaRwCwR1Uyd36hDYKM,800,,a month ago,2025-08-02T11:49:40.819Z,,2025-08-04T22:24:09.000Z,"Hey Richard, that's a pain - what was wrong in the movie? Popcorn - sorry about that, please ensure to return any product that is not 100% to the kiosk for a replacement and so we can let our supplier know :)",Ci9DQUlRQUNvZENodHljRjlvT2xrdFVHWnJiMmxSTVZRemJVMUNaSGgxVTBsdWNHYxAB,,,,,,,,,,,,,,,,Google,https://www.google.com/maps/reviews/data=!4m8!14m7!1m6!2m5!1sCi9DQUlRQUNvZENodHljRjlvT2xrdFVHWnJiMmxSTVZRemJVMUNaSGgxVTBsdWNHYxAB!2m1!1s0x0:0xa36043a8df9d4cd5!3m1!1s2@1:CAIQACodChtycF9oOlktUGZrb2lRMVQzbU1CZHh1U0lucGc%7C%7C?hl=en,111049046728503819551,5,https://lh3.googleusercontent.com/a/ACg8ocJSDLZM8ljOzx3ogMSUhfFGBZLXmD5fXgXL05T5p0HOinZkqw=s1920-c-rp-mo-br100,https://www.google.com/maps/contrib/111049046728503819551?hl=en,781,2025-09-22T03:40:34.453Z,"Direct Detail URL: https://www.google.com/maps/place/Deckchair+Cinema/@-12.467646,130.8397671,17z/data=!3m1!4b1!4m6!3m5!1s0x2cc091069ffeabf1:0xa36043a8df9d4cd5!8m2!3d-12.467646!4d130.842342!16s%2Fg%2F1tfvqcpx?entry=ttu&g_ep=EgoyMDI1MDkxNy4wIKXMDSoASAFQAw%3D%3D",3,Northern Territory,Jervois Rd,False,I went there watch elio and it was amazing but two things one it had some bugs in the movie second the popcorn was horrible it wasn’t even crunchy you have been warned I am serious,,Deckchair Cinema,4.8,,https://www.google.com/maps/search/?api=1&query=Deckchair%20Cinema&query_place_id=ChIJ8av-nwaRwCwR1Uyd36hDYKM,,I went there watch elio and it was amazing but two things one it had some bugs in the movie second the popcorn was horrible it wasn’t even crunchy you have been warned I am serious,Negative
"Jervois Rd, Darwin City NT 0800, Australia",Movie theater,Movie theater,11772483818531671253,Darwin City,AU,0x2cc091069ffeabf1:0xa36043a8df9d4cd5,https://lh3.googleusercontent.com/p/AF1QipMpDDsi-hL02VMOStb_4jTGj563Cfr6JoyIs8r_=w408-h271-k-no,False,True,en,0,-12.467646,130.842342,stephen whinfield,,en,False,ChIJ8av-nwaRwCwR1Uyd36hDYKM,800,,a month ago,2025-08-02T07:24:32.189Z,,2025-08-02T10:03:11.000Z,Thanks Stephen!,Ci9DQUlRQUNvZENodHljRjlvT25CRWNEQllkRGhKYlhRMVRFNVROWEJWVDBGSFIwRRAB,,,,,,,,,,,,,,,,Google,https://www.google.com/maps/reviews/data=!4m8!14m7!1m6!2m5!1sCi9DQUlRQUNvZENodHljRjlvT25CRWNEQllkRGhKYlhRMVRFNVROWEJWVDBGSFIwRRAB!2m1!1s0x0:0xa36043a8df9d4cd5!3m1!1s2@1:CAIQACodChtycF9oOnBEcDBYdDhJbXQ1TE5TNXBVT0FHR0E%7C%7C?hl=en,116754606905242212558,407,https://lh3.googleusercontent.com/a-/ALV-UjXPdGxcZtRICkA4vT8QDdzcXIX49dWUyfyIHlOmNpW044w5-9IR=s1920-c-rp-mo-ba5-br100,https://www.google.com/maps/contrib/116754606905242212558?hl=en,781,2025-09-22T03:40:34.453Z,"Direct Detail URL: https://www.google.com/maps/place/Deckchair+Cinema/@-12.467646,130.8397671,17z/data=!3m1!4b1!4m6!3m5!1s0x2cc091069ffeabf1:0xa36043a8df9d4cd5!8m2!3d-12.467646!4d130.842342!16s%2Fg%2F1tfvqcpx?entry=ttu&g_ep=EgoyMDI1MDkxNy4wIKXMDSoASAFQAw%3D%3D",5,Northern Territory,Jervois Rd,False,"Great darwin novelty
One must go and tic of the tic list
You will go again",,Deckchair Cinema,4.8,,https://www.google.com/maps/search/?api=1&query=Deckchair%20Cinema&query_place_id=ChIJ8av-nwaRwCwR1Uyd36hDYKM,,"Great darwin novelty
One must go and tic of the tic list
You will go again",Positive
"Jervois Rd, Darwin City NT 0800, Australia",Movie theater,Movie theater,11772483818531671253,Darwin City,AU,0x2cc091069ffeabf1:0xa36043a8df9d4cd5,https://lh3.googleusercontent.com/p/AF1QipMpDDsi-hL02VMOStb_4jTGj563Cfr6JoyIs8r_=w408-h271-k-no,False,True,en,0,-12.467646,130.842342,famousaj1,,en,False,ChIJ8av-nwaRwCwR1Uyd36hDYKM,800,,a month ago,2025-07-30T23:35:17.900Z,,2025-08-01T05:54:50.000Z,Thanks for the lovely review :),Ci9DQUlRQUNvZENodHljRjlvT2xwT05tOHdhemc0UlZscVJXeEpWak0zYkVnNFJGRRAB,https://lh3.googleusercontent.com/geougc-cs/AB3l90AH5EM4cbjaoLikfegQjfKglmZXaj0WtrjKN1XMHrZBf_Fld92_8hgjwdMmFT4OiI8jESHJpMugmXtrzBvzsdyj8RzPFgT2v0pdpSi3ldKkTzMnp3Z22hIrrzprtept9ohOAMrdN6ufmK8,https://lh3.googleusercontent.com/geougc-cs/AB3l90A5rPjF5u-8Pog07_wbiWFNtBl4QJpI4eCtXerjwpFMCpCvaak1BT16aDwVXQYsxQ7mQoQdS_Uz-QNgXjQgE8HTgLzgZdmJcyilJPkSvbtUxYavntppwdJjm6WgKYS6GCQG32NGQzKen3Dt,https://lh3.googleusercontent.com/geougc-cs/AB3l90BY0HfNJDei1ma9-Nn7mt2gTd23fFIh0af2kxD2ynE7yizmrIbfG_K1iKXqrBOzcdhihd7UOu5WGxfdamZ5jMSKxZ5irFamKv7S6tsx58usPKTma2cnQn-w_iclJ77E_EQPsSv2Tu1WVaXB,,,,,,,,,,,,,Google,https://www.google.com/maps/reviews/data=!4m8!14m7!1m6!2m5!1sCi9DQUlRQUNvZENodHljRjlvT2xwT05tOHdhemc0UlZscVJXeEpWak0zYkVnNFJGRRAB!2m1!1s0x0:0xa36043a8df9d4cd5!3m1!1s2@1:CAIQACodChtycF9oOlpONm8wazg4RVlqRWxJVjM3bEg4RFE%7C%7C?hl=en,115239021190550549559,1055,https://lh3.googleusercontent.com/a-/ALV-UjXYHo-XUSq56yjY-aYIY-KV8uy8BNqyFvKFmsYpU_elDqvid4A=s1920-c-rp-mo-ba6-br100,https://www.google.com/maps/contrib/115239021190550549559?hl=en,781,2025-09-22T03:40:34.453Z,"Direct Detail URL: https://www.google.com/maps/place/Deckchair+Cinema/@-12.467646,130.8397671,17z/data=!3m1!4b1!4m6!3m5!1s0x2cc091069ffeabf1:0xa36043a8df9d4cd5!8m2!3d-12.467646!4d130.842342!16s%2Fg%2F1tfvqcpx?entry=ttu&g_ep=EgoyMDI1MDkxNy4wIKXMDSoASAFQAw%3D%3D",5,Northern Territory,Jervois Rd,False,"Superb showcase featuring Michael  Atkinson 'Modern Day Castaway'. You can buy drinks and food and I believe the food options changes weekly based on who is catering. Roughly $8-12 for a meal, bottle of wine was $30.",,Deckchair Cinema,4.8,,https://www.google.com/maps/search/?api=1&query=Deckchair%20Cinema&query_place_id=ChIJ8av-nwaRwCwR1Uyd36hDYKM,,"Superb showcase featuring Michael  Atkinson 'Modern Day Castaway'. You can buy drinks and food and I believe the food options changes weekly based on who is catering. Roughly $8-12 for a meal, bottle of wine was $30.",Positive
"Jervois Rd, Darwin City NT 0800, Australia",Movie theater,Movie theater,11772483818531671253,Darwin City,AU,0x2cc091069ffeabf1:0xa36043a8df9d4cd5,https://lh3.googleusercontent.com/p/AF1QipMpDDsi-hL02VMOStb_4jTGj563Cfr6JoyIs8r_=w408-h271-k-no,False,True,en,0,-12.467646,130.842342,Sheree Minturn,,en,False,ChIJ8av-nwaRwCwR1Uyd36hDYKM,800,,a month ago,2025-07-28T00:44:33.242Z,,2025-07-28T21:45:10.000Z,Thanks Sheree :),Ci9DQUlRQUNvZENodHljRjlvT25NMlpHdEtPRE5oTlhCRlIwczNZbVpmWDI0eFMwRRAB,,,,,,,,,,,,,,,,Google,https://www.google.com/maps/reviews/data=!4m8!14m7!1m6!2m5!1sCi9DQUlRQUNvZENodHljRjlvT25NMlpHdEtPRE5oTlhCRlIwczNZbVpmWDI0eFMwRRAB!2m1!1s0x0:0xa36043a8df9d4cd5!3m1!1s2@1:CAIQACodChtycF9oOnM2ZGtKODNhNXBFR0s3YmZfX24xS0E%7C%7C?hl=en,114084473196375643609,19,https://lh3.googleusercontent.com/a/ACg8ocIOQEWv1iJATF6ashgOfY98kisvXTXWVqASC4YlVERm_mtnkA=s1920-c-rp-mo-ba2-br100,https://www.google.com/maps/contrib/114084473196375643609?hl=en,781,2025-09-22T03:40:34.453Z,"Direct Detail URL: https://www.google.com/maps/place/Deckchair+Cinema/@-12.467646,130.8397671,17z/data=!3m1!4b1!4m6!3m5!1s0x2cc091069ffeabf1:0xa36043a8df9d4cd5!8m2!3d-12.467646!4d130.842342!16s%2Fg%2F1tfvqcpx?entry=ttu&g_ep=EgoyMDI1MDkxNy4wIKXMDSoASAFQAw%3D%3D",4,Northern Territory,Jervois Rd,False,Fun! We watched a documentary on the making of Crocodile Dundee which seemed fitting for the Top End. Would love to see a full length movie here. The sun set just before the movie which was lovely.,,Deckchair Cinema,4.8,,https://www.google.com/maps/search/?api=1&query=Deckchair%20Cinema&query_place_id=ChIJ8av-nwaRwCwR1Uyd36hDYKM,,Fun! We watched a documentary on the making of Crocodile Dundee which seemed fitting for the Top End. Would love to see a full length movie here. The sun set just before the movie which was lovely.,Positive
"Jervois Rd, Darwin City NT 0800, Australia",Movie theater,Movie theater,11772483818531671253,Darwin City,AU,0x2cc091069ffeabf1:0xa36043a8df9d4cd5,https://lh3.googleusercontent.com/p/AF1QipMpDDsi-hL02VMOStb_4jTGj563Cfr6JoyIs8r_=w408-h271-k-no,False,True,en,0,-12.467646,130.842342,Roger Turner,,,False,ChIJ8av-nwaRwCwR1Uyd36hDYKM,800,,a month ago,2025-07-27T10:56:18.349Z,,2025-07-28T21:45:26.000Z,Thanks Roger :),Ci9DQUlRQUNvZENodHljRjlvT2t0UkxYcENYMUF6VDJseVEwZHlYM04wUjBJME9YYxAB,,,,,,,,,,,,,,,,Google,https://www.google.com/maps/reviews/data=!4m8!14m7!1m6!2m5!1sCi9DQUlRQUNvZENodHljRjlvT2t0UkxYcENYMUF6VDJseVEwZHlYM04wUjBJME9YYxAB!2m1!1s0x0:0xa36043a8df9d4cd5!3m1!1s2@1:CAIQACodChtycF9oOktRLXpCX1AzT2lyQ0dyX3N0R0I0OXc%7C%7C?hl=en,102223169103558119407,47,https://lh3.googleusercontent.com/a/ACg8ocImrV8E5v0TKMXh4h6mMwYZ3st0jE-SHiA_pmnuqtxo2LaSiQ=s1920-c-rp-mo-ba3-br100,https://www.google.com/maps/contrib/102223169103558119407?hl=en,781,2025-09-22T03:40:34.453Z,"Direct Detail URL: https://www.google.com/maps/place/Deckchair+Cinema/@-12.467646,130.8397671,17z/data=!3m1!4b1!4m6!3m5!1s0x2cc091069ffeabf1:0xa36043a8df9d4cd5!8m2!3d-12.467646!4d130.842342!16s%2Fg%2F1tfvqcpx?entry=ttu&g_ep=EgoyMDI1MDkxNy4wIKXMDSoASAFQAw%3D%3D",4,Northern Territory,Jervois Rd,False,,,Deckchair Cinema,4.8,,https://www.google.com/maps/search/?api=1&query=Deckchair%20Cinema&query_place_id=ChIJ8av-nwaRwCwR1Uyd36hDYKM,,,Positive
"Jervois Rd, Darwin City NT 0800, Australia",Movie theater,Movie theater,11772483818531671253,Darwin City,AU,0x2cc091069ffeabf1:0xa36043a8df9d4cd5,https://lh3.googleusercontent.com/p/AF1QipMpDDsi-hL02VMOStb_4jTGj563Cfr6JoyIs8r_=w408-h271-k-no,False,True,en,0,-12.467646,130.842342,John Warburton,,en,False,ChIJ8av-nwaRwCwR1Uyd36hDYKM,800,,Edited a month ago,2025-07-25T07:18:36.990Z,,2025-07-28T21:45:39.000Z,Thanks John :),ChZDSUhNMG9nS0VJQ0FnSUNBcjdPTkRREAE,,,,,,,,,,,,,,,,Google,https://www.google.com/maps/reviews/data=!4m8!14m7!1m6!2m5!1sChZDSUhNMG9nS0VJQ0FnSUNBcjdPTkRREAE!2m1!1s0x0:0xa36043a8df9d4cd5!3m1!1s2@1:CIHM0ogKEICAgICAr7ONDQ%7C%7C?hl=en,114887539564604738744,663,https://lh3.googleusercontent.com/a-/ALV-UjUYS1J_fBB2vaxysiM-UpjYKqn6DkOz-3fDOwNSA9Vpw6hrqwqeUQ=s1920-c-rp-mo-ba5-br100,https://www.google.com/maps/contrib/114887539564604738744?hl=en,781,2025-09-22T03:40:34.453Z,"Direct Detail URL: https://www.google.com/maps/place/Deckchair+Cinema/@-12.467646,130.8397671,17z/data=!3m1!4b1!4m6!3m5!1s0x2cc091069ffeabf1:0xa36043a8df9d4cd5!8m2!3d-12.467646!4d130.842342!16s%2Fg%2F1tfvqcpx?entry=ttu&g_ep=EgoyMDI1MDkxNy4wIKXMDSoASAFQAw%3D%3D",5,Northern Territory,Jervois Rd,False,Not to be missed if visiting Darwin,,Deckchair Cinema,4.8,,https://www.google.com/maps/search/?api=1&query=Deckchair%20Cinema&query_place_id=ChIJ8av-nwaRwCwR1Uyd36hDYKM,,Not to be missed if visiting Darwin,Neutral
"Jervois Rd, Darwin City NT 0800, Australia",Movie theater,Movie theater,11772483818531671253,Darwin City,AU,0x2cc091069ffeabf1:0xa36043a8df9d4cd5,https://lh3.googleusercontent.com/p/AF1QipMpDDsi-hL02VMOStb_4jTGj563Cfr6JoyIs8r_=w408-h271-k-no,False,True,en,0,-12.467646,130.842342,Russell Kenner,,en,False,ChIJ8av-nwaRwCwR1Uyd36hDYKM,800,,a month ago,2025-07-22T13:27:45.453Z,,2025-07-23T06:15:40.000Z,Thanks Russell! Hope to see you at the movies again soon :),Ci9DQUlRQUNvZENodHljRjlvT25WaFVtbDZPV0pCTkVKNVZrSllOV1pvZURZMVdIYxAB,https://lh3.googleusercontent.com/geougc-cs/AB3l90Bkc_pGMfhsM0SlaNecR9SWLJb0-txzjHyr5lJ7r0t93mvuc__gxMtvTnk42wKq-lnlJCQV4QT60o_NQj2HRaUylrwk2kDxH3ecc6HHZGVoefJfVUOklR47IK1qYU2b6inngUpGWRHSEthS,https://lh3.googleusercontent.com/geougc-cs/AB3l90Dk0P66sI3GMmtcVe65CysXDzKOTI7DcNQwAqQ9C5LSEeMnvlmjw62JJZiASf4oulN5L8c64G6pM_c9DPjLQ9KOvWrIj6a94EEhvh6zJtGydx1l6z8NmpQPTZYfyirF_B2k_hejjzrUaVzc,,,,,,,,,,,,,,Google,https://www.google.com/maps/reviews/data=!4m8!14m7!1m6!2m5!1sCi9DQUlRQUNvZENodHljRjlvT25WaFVtbDZPV0pCTkVKNVZrSllOV1pvZURZMVdIYxAB!2m1!1s0x0:0xa36043a8df9d4cd5!3m1!1s2@1:CAIQACodChtycF9oOnVhUml6OWJBNEJ5VkJYNWZoeDY1WHc%7C%7C?hl=en,107748648190896125283,507,https://lh3.googleusercontent.com/a-/ALV-UjXwD-Fthx9CTKGzZftJzD_hkoiuTMv45XNjEg4yB8nazff9jF6z=s1920-c-rp-mo-ba6-br100,https://www.google.com/maps/contrib/107748648190896125283?hl=en,781,2025-09-22T03:40:34.453Z,"Direct Detail URL: https://www.google.com/maps/place/Deckchair+Cinema/@-12.467646,130.8397671,17z/data=!3m1!4b1!4m6!3m5!1s0x2cc091069ffeabf1:0xa36043a8df9d4cd5!8m2!3d-12.467646!4d130.842342!16s%2Fg%2F1tfvqcpx?entry=ttu&g_ep=EgoyMDI1MDkxNy4wIKXMDSoASAFQAw%3D%3D",5,Northern Territory,Jervois Rd,False,"Magic. Grab your cushions select your seats and you are ready to enjoy the show.
Good hot food available.
Wonderful local ice-cream in tub are must.",,Deckchair Cinema,4.8,,https://www.google.com/maps/search/?api=1&query=Deckchair%20Cinema&query_place_id=ChIJ8av-nwaRwCwR1Uyd36hDYKM,,"Magic. Grab your cushions select your seats and you are ready to enjoy the show.
Good hot food available.
Wonderful local ice-cream in tub are must.",Positive
"Jervois Rd, Darwin City NT 0800, Australia",Movie theater,Movie theater,11772483818531671253,Darwin City,AU,0x2cc091069ffeabf1:0xa36043a8df9d4cd5,https://lh3.googleusercontent.com/p/AF1QipMpDDsi-hL02VMOStb_4jTGj563Cfr6JoyIs8r_=w408-h271-k-no,False,True,en,0,-12.467646,130.842342,Stefanie Krohn,,,False,ChIJ8av-nwaRwCwR1Uyd36hDYKM,800,,a month ago,2025-07-22T10:27:43.309Z,,2025-07-23T06:38:59.000Z,Thanks Stefanie! :),Ci9DQUlRQUNvZENodHljRjlvT2xkaFJGQmlSMU5uWTIxTVlsRm9iV1kxVWpaYU5VRRAB,,,,,,,,,,,,,,,,Google,https://www.google.com/maps/reviews/data=!4m8!14m7!1m6!2m5!1sCi9DQUlRQUNvZENodHljRjlvT2xkaFJGQmlSMU5uWTIxTVlsRm9iV1kxVWpaYU5VRRAB!2m1!1s0x0:0xa36043a8df9d4cd5!3m1!1s2@1:CAIQACodChtycF9oOldhRFBiR1NnY21MYlFobWY1UjZaNUE%7C%7C?hl=en,107923870279237674821,8,https://lh3.googleusercontent.com/a-/ALV-UjWFYv93Xd5O3qz-nQAebv3A4NZi4DST6BeN9jOIHkEgtGF7ETE=s1920-c-rp-mo-ba4-br100,https://www.google.com/maps/contrib/107923870279237674821?hl=en,781,2025-09-22T03:40:34.453Z,"Direct Detail URL: https://www.google.com/maps/place/Deckchair+Cinema/@-12.467646,130.8397671,17z/data=!3m1!4b1!4m6!3m5!1s0x2cc091069ffeabf1:0xa36043a8df9d4cd5!8m2!3d-12.467646!4d130.842342!16s%2Fg%2F1tfvqcpx?entry=ttu&g_ep=EgoyMDI1MDkxNy4wIKXMDSoASAFQAw%3D%3D",5,Northern Territory,Jervois Rd,False,,,Deckchair Cinema,4.8,,https://www.google.com/maps/search/?api=1&query=Deckchair%20Cinema&query_place_id=ChIJ8av-nwaRwCwR1Uyd36hDYKM,,,Positive
"Jervois Rd, Darwin City NT 0800, Australia",Movie theater,Movie theater,11772483818531671253,Darwin City,AU,0x2cc091069ffeabf1:0xa36043a8df9d4cd5,https://lh3.googleusercontent.com/p/AF1QipMpDDsi-hL02VMOStb_4jTGj563Cfr6JoyIs8r_=w408-h271-k-no,False,True,en,0,-12.467646,130.842342,Carolyn Williams,,,False,ChIJ8av-nwaRwCwR1Uyd36hDYKM,800,,2 months ago,2025-07-19T12:31:07.381Z,,2025-07-20T05:14:00.000Z,Thanks Carolyn! :),Ci9DQUlRQUNvZENodHljRjlvT2tsc1MySkxRMW8yWldOTk1HcHZPRWh0U1cxa1owRRAB,,,,,,,,,,,,,,,,Google,https://www.google.com/maps/reviews/data=!4m8!14m7!1m6!2m5!1sCi9DQUlRQUNvZENodHljRjlvT2tsc1MySkxRMW8yWldOTk1HcHZPRWh0U1cxa1owRRAB!2m1!1s0x0:0xa36043a8df9d4cd5!3m1!1s2@1:CAIQACodChtycF9oOklsS2JLQ1o2ZWNNMGpvOEhtSW1kZ0E%7C%7C?hl=en,101948540227287316856,9,https://lh3.googleusercontent.com/a/ACg8ocKVhdNjdJm5FT938NLN6i5UA_DXkXeaKEr2iUmOwuszrEeZkw=s1920-c-rp-mo-ba2-br100,https://www.google.com/maps/contrib/101948540227287316856?hl=en,781,2025-09-22T03:40:34.453Z,"Direct Detail URL: https://www.google.com/maps/place/Deckchair+Cinema/@-12.467646,130.8397671,17z/data=!3m1!4b1!4m6!3m5!1s0x2cc091069ffeabf1:0xa36043a8df9d4cd5!8m2!3d-12.467646!4d130.842342!16s%2Fg%2F1tfvqcpx?entry=ttu&g_ep=EgoyMDI1MDkxNy4wIKXMDSoASAFQAw%3D%3D",5,Northern Territory,Jervois Rd,False,,,Deckchair Cinema,4.8,,https://www.google.com/maps/search/?api=1&query=Deckchair%20Cinema&query_place_id=ChIJ8av-nwaRwCwR1Uyd36hDYKM,,,Positive
"Jervois Rd, Darwin City NT 0800, Australia",Movie theater,Movie theater,11772483818531671253,Darwin City,AU,0x2cc091069ffeabf1:0xa36043a8df9d4cd5,https://lh3.googleusercontent.com/p/AF1QipMpDDsi-hL02VMOStb_4jTGj563Cfr6JoyIs8r_=w408-h271-k-no,False,True,en,0,-12.467646,130.842342,Elwyn Davies JP,,en,False,ChIJ8av-nwaRwCwR1Uyd36hDYKM,800,,2 months ago,2025-07-17T12:38:25.533Z,,2025-07-18T05:14:50.000Z,Thanks Elwyn - lovely film with a lovely guest... and a lovely audience :),Ci9DQUlRQUNvZENodHljRjlvT2xsSmNGWTNOMjVNTmsxaE1tZEdhMnhKZVVSWmIxRRAB,https://lh3.googleusercontent.com/geougc-cs/AB3l90AYJXXP-DhHYBcOOnn6pQN4IuOdAHVq5dr_NcU-U12q5odtqddb6NFLOkcSnj8bmZyz_9OCjON48GCc7HZGXOMoXmqF8Bwn47lWERNLffXffpaE5Ze9ZpYg222IrifrD3EpwLsXYLvoGy2m,,,,,,,,,,,,,,,Google,https://www.google.com/maps/reviews/data=!4m8!14m7!1m6!2m5!1sCi9DQUlRQUNvZENodHljRjlvT2xsSmNGWTNOMjVNTmsxaE1tZEdhMnhKZVVSWmIxRRAB!2m1!1s0x0:0xa36043a8df9d4cd5!3m1!1s2@1:CAIQACodChtycF9oOllJcFY3N25MNk1hMmdGa2xJeURZb1E%7C%7C?hl=en,111923377804940169391,636,https://lh3.googleusercontent.com/a-/ALV-UjUu9j8JgTb5CLmnwJBFTNnDO5ZvvKZNYT9H8olkpSkh6QJDJV_r=s1920-c-rp-mo-ba6-br100,https://www.google.com/maps/contrib/111923377804940169391?hl=en,781,2025-09-22T03:40:34.453Z,"Direct Detail URL: https://www.google.com/maps/place/Deckchair+Cinema/@-12.467646,130.8397671,17z/data=!3m1!4b1!4m6!3m5!1s0x2cc091069ffeabf1:0xa36043a8df9d4cd5!8m2!3d-12.467646!4d130.842342!16s%2Fg%2F1tfvqcpx?entry=ttu&g_ep=EgoyMDI1MDkxNy4wIKXMDSoASAFQAw%3D%3D",5,Northern Territory,Jervois Rd,False,"Had a great night watching Head South… with Q&A afterward with the director…Jonathan Ogilvie
Glass of wine, some popcorn and a beautiful night…. Make for a memorable cinema experience… in my top 3!",,Deckchair Cinema,4.8,,https://www.google.com/maps/search/?api=1&query=Deckchair%20Cinema&query_place_id=ChIJ8av-nwaRwCwR1Uyd36hDYKM,,"Had a great night watching Head South… with Q&A afterward with the director…Jonathan Ogilvie
Glass of wine, some popcorn and a beautiful night…. Make for a memorable cinema experience… in my top 3!",Positive
"Jervois Rd, Darwin City NT 0800, Australia",Movie theater,Movie theater,11772483818531671253,Darwin City,AU,0x2cc091069ffeabf1:0xa36043a8df9d4cd5,https://lh3.googleusercontent.com/p/AF1QipMpDDsi-hL02VMOStb_4jTGj563Cfr6JoyIs8r_=w408-h271-k-no,False,True,en,0,-12.467646,130.842342,Riaan Grobler,,en,False,ChIJ8av-nwaRwCwR1Uyd36hDYKM,800,,2 months ago,2025-07-15T06:58:10.392Z,,2025-07-15T23:43:43.000Z,Thanks Riaan! That's a lovely review of the cinema :),Ci9DQUlRQUNvZENodHljRjlvT25kNmFVMTBlWFpTZG5GRmNuSkZaREpaZEdaS2VIYxAB,https://lh3.googleusercontent.com/geougc-cs/AB3l90Bx-gBHJ0-dqSBKZ1-H6Le030xI-P7TL6x1EN1Fwaeq5n9XJH_vwG0TNGiTvEEUyL6izhnUNLsIVPgX-HDZY-ObF-0NI7eLud0qpDMMqREZFrKOhlptN0X0ozdPZ5qGaruIP35VYA95ZkuN,https://lh3.googleusercontent.com/geougc-cs/AB3l90DOuCKTEXO6DUH4XwWGhNWAuhOHQ3bzaYlHRGat8EZokmtmKVd2aMJGg9DEqiMbqHYISVXJVwDsn-v-UwmHBBvp6VrQo6SRFHhsMyxCn3I6biPXYRuiwO2TGLavAZA7PaA-moeKy-_UYLww,https://lh3.googleusercontent.com/geougc-cs/AB3l90CgLqaAb_cVqZnJ4zMTDDALGGEAar8Lom_0cwA4FWm0ZMfgSPMLYrStDMo7h3RRW-GB16QALxQMtR8alH6maszus-wl3Xh_HMxd4UzenyrJfWizQsgIo1QQS06rZ_YNTKaUliv4jinglL8,https://lh3.googleusercontent.com/geougc-cs/AB3l90AOxvjw8nG4KtZWqt4Dx1Vv3CQ2HMsc5yVW8MaGtEls13KcDP76CdKDijZt3_2mJ9RJazix0ImE8DF61wNt_6zCWi0FgU2OqBHCYzsnG_4isBNTPtBM0MTg1tY70zrka3fcvp0gYpDVloYr,https://lh3.googleusercontent.com/geougc-cs/AB3l90BN05KJbN2wcmogim47RHfVTBvWNufpAmonuyn245GBTPD8EPr3m7vg9i_7tVQYEu24S79SdMu-TeN5rJeCN7iZIdWjnyDOfGpnMCNYE8fY9VMCHiIoX3RXaSKLBGXtQ5xDkmqX0jg5uYHJ,https://lh3.googleusercontent.com/geougc-cs/AB3l90AWsqTQjfS-PEco1w0dJaX1_QXa5UfkgcWOJwUHhcuq-t3Y1R9HjFj4ODVRfyH4MiGFpCpjM92BtJ_xKsG3ybDTJEcExmyIF80COIR-hJ5xqmUzjLO0YWRm90SfzmATKawHQIcIrvq7Vrk,https://lh3.googleusercontent.com/geougc-cs/AB3l90CwjVfQnta28O3-ydiCqii1UI1YjJx4YaJn8XUcw-D7XFZHJd52WoFOlGzC10k5K7rvzeZdcvJExfuapEYxHDgBZNwT_1bfkDvIhnMPv0EeeoCyOMJpCh8dw_ppdtDnhWpYvUJrpML6I1Ik,https://lh3.googleusercontent.com/geougc-cs/AB3l90CTF-CVsGBrx9uVHYKR4Gn0_nms9cOWWfPbU9RTRyFXWvWmsKvb3zUXqf4UKHx_Tv4Bp69S2PK84_N4ZO8NP2f1EbIm_O4mUf2XUD0SqjXwOJMyKeyLv1DOEv4AEZivCF9rGmJpXKaLfM7i,,,,,,,,Google,https://www.google.com/maps/reviews/data=!4m8!14m7!1m6!2m5!1sCi9DQUlRQUNvZENodHljRjlvT25kNmFVMTBlWFpTZG5GRmNuSkZaREpaZEdaS2VIYxAB!2m1!1s0x0:0xa36043a8df9d4cd5!3m1!1s2@1:CAIQACodChtycF9oOnd6aU10eXZSdnFFcnJFZDJZdGZKeHc%7C%7C?hl=en,109675908216810215728,7,https://lh3.googleusercontent.com/a-/ALV-UjVh17GU_EU6x8j3UZ6bKwqLcQIgz2b8ndkr5-f_Kaf2ga7x1hie=s1920-c-rp-mo-ba2-br100,https://www.google.com/maps/contrib/109675908216810215728?hl=en,781,2025-09-22T03:40:34.453Z,"Direct Detail URL: https://www.google.com/maps/place/Deckchair+Cinema/@-12.467646,130.8397671,17z/data=!3m1!4b1!4m6!3m5!1s0x2cc091069ffeabf1:0xa36043a8df9d4cd5!8m2!3d-12.467646!4d130.842342!16s%2Fg%2F1tfvqcpx?entry=ttu&g_ep=EgoyMDI1MDkxNy4wIKXMDSoASAFQAw%3D%3D",5,Northern Territory,Jervois Rd,False,Beautiful scenery. Lovely atmosphere. Food and drinks available. Really good set-up for small kids too.,,Deckchair Cinema,4.8,,https://www.google.com/maps/search/?api=1&query=Deckchair%20Cinema&query_place_id=ChIJ8av-nwaRwCwR1Uyd36hDYKM,,Beautiful scenery. Lovely atmosphere. Food and drinks available. Really good set-up for small kids too.,Positive
"Jervois Rd, Darwin City NT 0800, Australia",Movie theater,Movie theater,11772483818531671253,Darwin City,AU,0x2cc091069ffeabf1:0xa36043a8df9d4cd5,https://lh3.googleusercontent.com/p/AF1QipMpDDsi-hL02VMOStb_4jTGj563Cfr6JoyIs8r_=w408-h271-k-no,False,True,en,0,-12.467646,130.842342,Lia,,en,False,ChIJ8av-nwaRwCwR1Uyd36hDYKM,800,,2 months ago,2025-07-13T07:53:10.125Z,,2025-07-13T21:22:42.000Z,"Hey Lia, so good to hear you enjoyed the cinema. Shame about the seats - that's not a usual thing to happen! The sun is not kind to the fabric on the seats so we do replace them regularly. Hope to see you at the cinema again soon :)",Ci9DQUlRQUNvZENodHljRjlvT205S1NUaFljekpoVFV4YWVsSlBZMFY0ZFV4d1NYYxAB,,,,,,,,,,,,,,,,Google,https://www.google.com/maps/reviews/data=!4m8!14m7!1m6!2m5!1sCi9DQUlRQUNvZENodHljRjlvT205S1NUaFljekpoVFV4YWVsSlBZMFY0ZFV4d1NYYxAB!2m1!1s0x0:0xa36043a8df9d4cd5!3m1!1s2@1:CAIQACodChtycF9oOm9KSThYczJhTUxaelJPY0V4dUxwSXc%7C%7C?hl=en,115343612290402694376,300,https://lh3.googleusercontent.com/a-/ALV-UjW73n0E-mcE3_TFQZSc98JjHO_hAZJVE8QJCp5jlPxf7JXTaP3DxA=s1920-c-rp-mo-ba5-br100,https://www.google.com/maps/contrib/115343612290402694376?hl=en,781,2025-09-22T03:40:34.453Z,"Direct Detail URL: https://www.google.com/maps/place/Deckchair+Cinema/@-12.467646,130.8397671,17z/data=!3m1!4b1!4m6!3m5!1s0x2cc091069ffeabf1:0xa36043a8df9d4cd5!8m2!3d-12.467646!4d130.842342!16s%2Fg%2F1tfvqcpx?entry=ttu&g_ep=EgoyMDI1MDkxNy4wIKXMDSoASAFQAw%3D%3D",5,Northern Territory,Jervois Rd,False,"What an experience, looking up into the sky. Great Movie 'Tina' playing. Met up with friends it was a special place. It could do with some more comfortable seating as friends' deckchairs broke halfway through the movie.",,Deckchair Cinema,4.8,,https://www.google.com/maps/search/?api=1&query=Deckchair%20Cinema&query_place_id=ChIJ8av-nwaRwCwR1Uyd36hDYKM,,"What an experience, looking up into the sky. Great Movie 'Tina' playing. Met up with friends it was a special place. It could do with some more comfortable seating as friends' deckchairs broke halfway through the movie.",Positive
"Jervois Rd, Darwin City NT 0800, Australia",Movie theater,Movie theater,11772483818531671253,Darwin City,AU,0x2cc091069ffeabf1:0xa36043a8df9d4cd5,https://lh3.googleusercontent.com/p/AF1QipMpDDsi-hL02VMOStb_4jTGj563Cfr6JoyIs8r_=w408-h271-k-no,False,True,en,0,-12.467646,130.842342,Andrew A,,en,False,ChIJ8av-nwaRwCwR1Uyd36hDYKM,800,,2 months ago,2025-07-04T21:44:13.030Z,,2025-07-06T01:41:03.000Z,"Thanks Andrew, glad you enjoyed the cinema!
",Ci9DQUlRQUNvZENodHljRjlvT2xCNlltUTFZbFZyTjBodlNrZHBjR2hzYnpReFNrRRAB,,,,,,,,,,,,,,,,Google,https://www.google.com/maps/reviews/data=!4m8!14m7!1m6!2m5!1sCi9DQUlRQUNvZENodHljRjlvT2xCNlltUTFZbFZyTjBodlNrZHBjR2hzYnpReFNrRRAB!2m1!1s0x0:0xa36043a8df9d4cd5!3m1!1s2@1:CAIQACodChtycF9oOlB6YmQ1YlVrN0hvSkdpcGhsbzQxSkE%7C%7C?hl=en,109433671063194208147,41,https://lh3.googleusercontent.com/a-/ALV-UjVINGcehk479e7n70GaeEh53uycL7nsHg9BN5rmCFTe-_AFbbw=s1920-c-rp-mo-ba3-br100,https://www.google.com/maps/contrib/109433671063194208147?hl=en,781,2025-09-22T03:40:34.453Z,"Direct Detail URL: https://www.google.com/maps/place/Deckchair+Cinema/@-12.467646,130.8397671,17z/data=!3m1!4b1!4m6!3m5!1s0x2cc091069ffeabf1:0xa36043a8df9d4cd5!8m2!3d-12.467646!4d130.842342!16s%2Fg%2F1tfvqcpx?entry=ttu&g_ep=EgoyMDI1MDkxNy4wIKXMDSoASAFQAw%3D%3D",5,Northern Territory,Jervois Rd,False,Lovely night out.,,Deckchair Cinema,4.8,,https://www.google.com/maps/search/?api=1&query=Deckchair%20Cinema&query_place_id=ChIJ8av-nwaRwCwR1Uyd36hDYKM,,Lovely night out.,Positive
"Jervois Rd, Darwin City NT 0800, Australia",Movie theater,Movie theater,11772483818531671253,Darwin City,AU,0x2cc091069ffeabf1:0xa36043a8df9d4cd5,https://lh3.googleusercontent.com/p/AF1QipMpDDsi-hL02VMOStb_4jTGj563Cfr6JoyIs8r_=w408-h271-k-no,False,True,en,0,-12.467646,130.842342,Julie Ann Shaw,,en,False,ChIJ8av-nwaRwCwR1Uyd36hDYKM,800,,2 months ago,2025-07-03T22:15:28.207Z,,2025-07-04T05:28:16.000Z,Thanks Julie! Glad you enjoyed Deckchair Cinema 🙂,Ci9DQUlRQUNvZENodHljRjlvT2xwemFubDZXSGxoYW14d2FFa3pSWGt0VjJ3d04yYxAB,,,,,,,,,,,,,,,,Google,https://www.google.com/maps/reviews/data=!4m8!14m7!1m6!2m5!1sCi9DQUlRQUNvZENodHljRjlvT2xwemFubDZXSGxoYW14d2FFa3pSWGt0VjJ3d04yYxAB!2m1!1s0x0:0xa36043a8df9d4cd5!3m1!1s2@1:CAIQACodChtycF9oOlpzanl6WHlhamxwaEkzRXktV2wwN2c%7C%7C?hl=en,103256022146450517646,46,https://lh3.googleusercontent.com/a-/ALV-UjWjPMkoxQz2CuUi8i4BX14scpXBciPu_66lapJbWg0as_vjSpT5Ag=s1920-c-rp-mo-ba3-br100,https://www.google.com/maps/contrib/103256022146450517646?hl=en,781,2025-09-22T03:40:34.453Z,"Direct Detail URL: https://www.google.com/maps/place/Deckchair+Cinema/@-12.467646,130.8397671,17z/data=!3m1!4b1!4m6!3m5!1s0x2cc091069ffeabf1:0xa36043a8df9d4cd5!8m2!3d-12.467646!4d130.842342!16s%2Fg%2F1tfvqcpx?entry=ttu&g_ep=EgoyMDI1MDkxNy4wIKXMDSoASAFQAw%3D%3D",5,Northern Territory,Jervois Rd,False,"Awesome place to watch some great movies.  Dinner, drinks and lovely atmosphere.",,Deckchair Cinema,4.8,,https://www.google.com/maps/search/?api=1&query=Deckchair%20Cinema&query_place_id=ChIJ8av-nwaRwCwR1Uyd36hDYKM,,"Awesome place to watch some great movies.  Dinner, drinks and lovely atmosphere.",Positive
"Jervois Rd, Darwin City NT 0800, Australia",Movie theater,Movie theater,11772483818531671253,Darwin City,AU,0x2cc091069ffeabf1:0xa36043a8df9d4cd5,https://lh3.googleusercontent.com/p/AF1QipMpDDsi-hL02VMOStb_4jTGj563Cfr6JoyIs8r_=w408-h271-k-no,False,True,en,0,-12.467646,130.842342,Jill Forner,,,False,ChIJ8av-nwaRwCwR1Uyd36hDYKM,800,,2 months ago,2025-07-03T10:30:43.829Z,,2025-07-03T19:24:34.000Z,Thanks Jill :),Ci9DQUlRQUNvZENodHljRjlvT2tNeGNVaFBUak5uUmpONGFHTXdTalpzYnpCaWFYYxAB,,,,,,,,,,,,,,,,Google,https://www.google.com/maps/reviews/data=!4m8!14m7!1m6!2m5!1sCi9DQUlRQUNvZENodHljRjlvT2tNeGNVaFBUak5uUmpONGFHTXdTalpzYnpCaWFYYxAB!2m1!1s0x0:0xa36043a8df9d4cd5!3m1!1s2@1:CAIQACodChtycF9oOkMxcUhPTjNnRjN4aGMwSjZsbzBiaXc%7C%7C?hl=en,101268924436086414182,19,https://lh3.googleusercontent.com/a-/ALV-UjWJ4JKqYinbFxBL21pTD3tMHVU0kny561fG3mJS2N3zfSPN3Uc=s1920-c-rp-mo-ba3-br100,https://www.google.com/maps/contrib/101268924436086414182?hl=en,781,2025-09-22T03:40:34.453Z,"Direct Detail URL: https://www.google.com/maps/place/Deckchair+Cinema/@-12.467646,130.8397671,17z/data=!3m1!4b1!4m6!3m5!1s0x2cc091069ffeabf1:0xa36043a8df9d4cd5!8m2!3d-12.467646!4d130.842342!16s%2Fg%2F1tfvqcpx?entry=ttu&g_ep=EgoyMDI1MDkxNy4wIKXMDSoASAFQAw%3D%3D",5,Northern Territory,Jervois Rd,False,,,Deckchair Cinema,4.8,,https://www.google.com/maps/search/?api=1&query=Deckchair%20Cinema&query_place_id=ChIJ8av-nwaRwCwR1Uyd36hDYKM,,,Positive
"Jervois Rd, Darwin City NT 0800, Australia",Movie theater,Movie theater,11772483818531671253,Darwin City,AU,0x2cc091069ffeabf1:0xa36043a8df9d4cd5,https://lh3.googleusercontent.com/p/AF1QipMpDDsi-hL02VMOStb_4jTGj563Cfr6JoyIs8r_=w408-h271-k-no,False,True,en,0,-12.467646,130.842342,Linda Jackson,,en,False,ChIJ8av-nwaRwCwR1Uyd36hDYKM,800,,2 months ago,2025-06-27T12:54:43.790Z,,2025-06-27T23:17:27.000Z,Thanks Linda :),Ci9DQUlRQUNvZENodHljRjlvT2xOaFJHY3pNRXgwY2xaVGJHYzFNRVV5VWpkbE5WRRAB,https://lh3.googleusercontent.com/geougc-cs/AB3l90AIIe2gQ3lolMYk9oyVFaDsDpzN9C1sSDwm_NuIWqvH272njx7jpJ2vRR2TQ7OnMJDSkgL2YzIWAWkqhLFutOoxkilRy3fCVU_tOZD1ne25CCPXZDYLOTXO41pzLChS7KRJIa38Q-tgu454,https://lh3.googleusercontent.com/geougc-cs/AB3l90DBfKski8AmByxePAdT7xM8AAPNvw1c6vOw0xV8g-D1bQTI5kA69ko2Q68sqqAKubrpabVV9sNnHB6XZSU9w7swibhuncx1FyfKzoNnxlh7l6mU8WSeRW4sdbqvDkCwr6ockYb9fwVS_Gs1,,,,,,,,,,,,,,Google,https://www.google.com/maps/reviews/data=!4m8!14m7!1m6!2m5!1sCi9DQUlRQUNvZENodHljRjlvT2xOaFJHY3pNRXgwY2xaVGJHYzFNRVV5VWpkbE5WRRAB!2m1!1s0x0:0xa36043a8df9d4cd5!3m1!1s2@1:CAIQACodChtycF9oOlNhRGczMEx0clZTbGc1MEUyUjdlNVE%7C%7C?hl=en,110190252289305215075,14,https://lh3.googleusercontent.com/a/ACg8ocK2NsNhwzznjfgwopMDyMY9tn2fzFr8Xf2jiXw-doN5e03AMRw=s1920-c-rp-mo-ba2-br100,https://www.google.com/maps/contrib/110190252289305215075?hl=en,781,2025-09-22T03:40:34.453Z,"Direct Detail URL: https://www.google.com/maps/place/Deckchair+Cinema/@-12.467646,130.8397671,17z/data=!3m1!4b1!4m6!3m5!1s0x2cc091069ffeabf1:0xa36043a8df9d4cd5!8m2!3d-12.467646!4d130.842342!16s%2Fg%2F1tfvqcpx?entry=ttu&g_ep=EgoyMDI1MDkxNy4wIKXMDSoASAFQAw%3D%3D",5,Northern Territory,Jervois Rd,False,Fabulous spot with meals and drinks. The chairs are not overly comfortable but there are plenty of cushions. Very chilled vibe. It did get quite busy on a Thursday so always good to get there early and grab a meal. You can pick up a free book to take away if you’re after some holiday reading.,,Deckchair Cinema,4.8,,https://www.google.com/maps/search/?api=1&query=Deckchair%20Cinema&query_place_id=ChIJ8av-nwaRwCwR1Uyd36hDYKM,,Fabulous spot with meals and drinks. The chairs are not overly comfortable but there are plenty of cushions. Very chilled vibe. It did get quite busy on a Thursday so always good to get there early and grab a meal. You can pick up a free book to take away if you’re after some holiday reading.,Positive
"Jervois Rd, Darwin City NT 0800, Australia",Movie theater,Movie theater,11772483818531671253,Darwin City,AU,0x2cc091069ffeabf1:0xa36043a8df9d4cd5,https://lh3.googleusercontent.com/p/AF1QipMpDDsi-hL02VMOStb_4jTGj563Cfr6JoyIs8r_=w408-h271-k-no,False,True,en,0,-12.467646,130.842342,Vicki Ryan,,en,False,ChIJ8av-nwaRwCwR1Uyd36hDYKM,800,,3 months ago,2025-06-10T01:20:04.458Z,,2025-06-10T20:29:05.000Z,"Hey Vicky, please remember that you are reviewing the cinema not the film here. We work hard to make the cinema lovely. There are lots of sites where you can review films online 😊",ChdDSUhNMG9nS0VMcno3UFBvdzVhaGt3RRAB,,,,,,,,,,,,,,,,Google,https://www.google.com/maps/reviews/data=!4m8!14m7!1m6!2m5!1sChdDSUhNMG9nS0VMcno3UFBvdzVhaGt3RRAB!2m1!1s0x0:0xa36043a8df9d4cd5!3m1!1s2@1:CIHM0ogKELrz7PPow5ahkwE%7C%7C?hl=en,113179561084488221481,122,https://lh3.googleusercontent.com/a/ACg8ocJa7NY0sTwWLqua05xnG643leGZTxtMQcr0p0h2t_HEDumZnQ=s1920-c-rp-mo-ba4-br100,https://www.google.com/maps/contrib/113179561084488221481?hl=en,781,2025-09-22T03:40:34.453Z,"Direct Detail URL: https://www.google.com/maps/place/Deckchair+Cinema/@-12.467646,130.8397671,17z/data=!3m1!4b1!4m6!3m5!1s0x2cc091069ffeabf1:0xa36043a8df9d4cd5!8m2!3d-12.467646!4d130.842342!16s%2Fg%2F1tfvqcpx?entry=ttu&g_ep=EgoyMDI1MDkxNy4wIKXMDSoASAFQAw%3D%3D",1,Northern Territory,Jervois Rd,False,"THE SURFER....Worst film ever... if you enjoyed ...""Get Shorty"" with Danny Di Vitto you might like this but for the audience at the cinema on Monday 9th June not anyone liked it
SAVE YOUR MONEY..
The Cinema is a wonderful place we go.everyear we visit Darwin...",,Deckchair Cinema,4.8,,https://www.google.com/maps/search/?api=1&query=Deckchair%20Cinema&query_place_id=ChIJ8av-nwaRwCwR1Uyd36hDYKM,,"THE SURFER....Worst film ever... if you enjoyed ...""Get Shorty"" with Danny Di Vitto you might like this but for the audience at the cinema on Monday 9th June not anyone liked it
SAVE YOUR MONEY..
The Cinema is a wonderful place we go.everyear we visit Darwin...",Positive
"Jervois Rd, Darwin City NT 0800, Australia",Movie theater,Movie theater,11772483818531671253,Darwin City,AU,0x2cc091069ffeabf1:0xa36043a8df9d4cd5,https://lh3.googleusercontent.com/p/AF1QipMpDDsi-hL02VMOStb_4jTGj563Cfr6JoyIs8r_=w408-h271-k-no,False,True,en,0,-12.467646,130.842342,Michelle Brogden,,en,False,ChIJ8av-nwaRwCwR1Uyd36hDYKM,800,,3 months ago,2025-06-08T06:32:15.906Z,,2025-06-08T23:57:31.000Z,Thanks Michelle 😊,ChZDSUhNMG9nS0VMU294SzZ3aVppaFFnEAE,,,,,,,,,,,,,,,,Google,https://www.google.com/maps/reviews/data=!4m8!14m7!1m6!2m5!1sChZDSUhNMG9nS0VMU294SzZ3aVppaFFnEAE!2m1!1s0x0:0xa36043a8df9d4cd5!3m1!1s2@1:CIHM0ogKELSoxK6wiZihQg%7C%7C?hl=en,112426635268866133211,79,https://lh3.googleusercontent.com/a/ACg8ocLErCZCzI6gg00DMJaVFCJnXzgysfoIP-tFqbhTZxTqEsJ5gA=s1920-c-rp-mo-ba4-br100,https://www.google.com/maps/contrib/112426635268866133211?hl=en,781,2025-09-22T03:40:34.453Z,"Direct Detail URL: https://www.google.com/maps/place/Deckchair+Cinema/@-12.467646,130.8397671,17z/data=!3m1!4b1!4m6!3m5!1s0x2cc091069ffeabf1:0xa36043a8df9d4cd5!8m2!3d-12.467646!4d130.842342!16s%2Fg%2F1tfvqcpx?entry=ttu&g_ep=EgoyMDI1MDkxNy4wIKXMDSoASAFQAw%3D%3D",5,Northern Territory,Jervois Rd,False,Great night out. It's a must do if you are in Darwin.,,Deckchair Cinema,4.8,,https://www.google.com/maps/search/?api=1&query=Deckchair%20Cinema&query_place_id=ChIJ8av-nwaRwCwR1Uyd36hDYKM,,Great night out. It's a must do if you are in Darwin.,Positive
"Jervois Rd, Darwin City NT 0800, Australia",Movie theater,Movie theater,11772483818531671253,Darwin City,AU,0x2cc091069ffeabf1:0xa36043a8df9d4cd5,https://lh3.googleusercontent.com/p/AF1QipMpDDsi-hL02VMOStb_4jTGj563Cfr6JoyIs8r_=w408-h271-k-no,False,False,en,0,-12.467646,130.842342,Avya Malik,,,False,ChIJ8av-nwaRwCwR1Uyd36hDYKM,800,,3 months ago,2025-06-07T10:16:17.783Z,,2025-06-08T11:05:53.000Z,Thanks Avya 😊,Ci9DQUlRQUNvZENodHljRjlvT25ZeFJGQmFaVE0xWkcxTGVuZDVaa2RmYWxCc00wRRAB,,,,,,,,,,,,,,,,Google,https://www.google.com/maps/reviews/data=!4m8!14m7!1m6!2m5!1sCi9DQUlRQUNvZENodHljRjlvT25ZeFJGQmFaVE0xWkcxTGVuZDVaa2RmYWxCc00wRRAB!2m1!1s0x0:0xa36043a8df9d4cd5!3m1!1s2@1:CAIQACodChtycF9oOnYxRFBaZTM1ZG1Lend5ZkdfalBsM0E%7C%7C?hl=en,100293340545597623583,4,https://lh3.googleusercontent.com/a/ACg8ocJ1-QE-CGuoMBIsE8FHkSk1leFnSgunZmvDSOhH-KIn055P=s1920-c-rp-mo-br100,https://www.google.com/maps/contrib/100293340545597623583?hl=en,781,2025-09-22T03:40:34.453Z,"Direct Detail URL: https://www.google.com/maps/place/Deckchair+Cinema/@-12.467646,130.8397671,17z/data=!3m1!4b1!4m6!3m5!1s0x2cc091069ffeabf1:0xa36043a8df9d4cd5!8m2!3d-12.467646!4d130.842342!16s%2Fg%2F1tfvqcpx?entry=ttu&g_ep=EgoyMDI1MDkxNy4wIKXMDSoASAFQAw%3D%3D",5,Northern Territory,Jervois Rd,False,,,Deckchair Cinema,4.8,,https://www.google.com/maps/search/?api=1&query=Deckchair%20Cinema&query_place_id=ChIJ8av-nwaRwCwR1Uyd36hDYKM,,,Positive
"Jervois Rd, Darwin City NT 0800, Australia",Movie theater,Movie theater,11772483818531671253,Darwin City,AU,0x2cc091069ffeabf1:0xa36043a8df9d4cd5,https://lh3.googleusercontent.com/p/AF1QipMpDDsi-hL02VMOStb_4jTGj563Cfr6JoyIs8r_=w408-h271-k-no,False,True,en,0,-12.467646,130.842342,Satinder Singh,,en,False,ChIJ8av-nwaRwCwR1Uyd36hDYKM,800,,3 months ago,2025-06-05T04:18:26.567Z,,2025-06-05T10:54:06.000Z,Thanks Santinder 😊,ChdDSUhNMG9nS0VMYVlsNWVnekllMDlBRRAB,,,,,,,,,,,,,,,,Google,https://www.google.com/maps/reviews/data=!4m8!14m7!1m6!2m5!1sChdDSUhNMG9nS0VMYVlsNWVnekllMDlBRRAB!2m1!1s0x0:0xa36043a8df9d4cd5!3m1!1s2@1:CIHM0ogKELaYl5egzIe09AE%7C%7C?hl=en,109540475458618441538,28,https://lh3.googleusercontent.com/a/ACg8ocJqhzgxy4nxuiqc0emiI_X281jb4EJ1MC_X4pu4KFm2-yjeaA=s1920-c-rp-mo-ba3-br100,https://www.google.com/maps/contrib/109540475458618441538?hl=en,781,2025-09-22T03:40:34.453Z,"Direct Detail URL: https://www.google.com/maps/place/Deckchair+Cinema/@-12.467646,130.8397671,17z/data=!3m1!4b1!4m6!3m5!1s0x2cc091069ffeabf1:0xa36043a8df9d4cd5!8m2!3d-12.467646!4d130.842342!16s%2Fg%2F1tfvqcpx?entry=ttu&g_ep=EgoyMDI1MDkxNy4wIKXMDSoASAFQAw%3D%3D",5,Northern Territory,Jervois Rd,False,Great atmosphere under the sky,,Deckchair Cinema,4.8,,https://www.google.com/maps/search/?api=1&query=Deckchair%20Cinema&query_place_id=ChIJ8av-nwaRwCwR1Uyd36hDYKM,,Great atmosphere under the sky,Positive
"Jervois Rd, Darwin City NT 0800, Australia",Movie theater,Movie theater,11772483818531671253,Darwin City,AU,0x2cc091069ffeabf1:0xa36043a8df9d4cd5,https://lh3.googleusercontent.com/p/AF1QipMpDDsi-hL02VMOStb_4jTGj563Cfr6JoyIs8r_=w408-h271-k-no,False,True,en,0,-12.467646,130.842342,Brendon Young,,en,False,ChIJ8av-nwaRwCwR1Uyd36hDYKM,800,,3 months ago,2025-05-30T22:06:59.930Z,,2025-05-30T22:34:04.000Z,"Thanks Brendon, great that you enjoyed the cinema! :)",ChZDSUhNMG9nS0VQM3N5Y1AwbnNhSEtnEAE,,,,,,,,,,,,,,,,Google,https://www.google.com/maps/reviews/data=!4m8!14m7!1m6!2m5!1sChZDSUhNMG9nS0VQM3N5Y1AwbnNhSEtnEAE!2m1!1s0x0:0xa36043a8df9d4cd5!3m1!1s2@1:CIHM0ogKEP3sycP0nsaHKg%7C%7C?hl=en,108471444634028046873,121,https://lh3.googleusercontent.com/a-/ALV-UjWL-i6pkLjqfKJWOD5VVX6Q6e-CGqcONikLMb_ySkLq1uQHQjtZrQ=s1920-c-rp-mo-ba4-br100,https://www.google.com/maps/contrib/108471444634028046873?hl=en,781,2025-09-22T03:40:34.453Z,"Direct Detail URL: https://www.google.com/maps/place/Deckchair+Cinema/@-12.467646,130.8397671,17z/data=!3m1!4b1!4m6!3m5!1s0x2cc091069ffeabf1:0xa36043a8df9d4cd5!8m2!3d-12.467646!4d130.842342!16s%2Fg%2F1tfvqcpx?entry=ttu&g_ep=EgoyMDI1MDkxNy4wIKXMDSoASAFQAw%3D%3D",5,Northern Territory,Jervois Rd,False,"We went there for a fund-raiser for the soccer club. My first time there, and it's so cool.",,Deckchair Cinema,4.8,,https://www.google.com/maps/search/?api=1&query=Deckchair%20Cinema&query_place_id=ChIJ8av-nwaRwCwR1Uyd36hDYKM,,"We went there for a fund-raiser for the soccer club. My first time there, and it's so cool.",Positive
"Jervois Rd, Darwin City NT 0800, Australia",Movie theater,Movie theater,11772483818531671253,Darwin City,AU,0x2cc091069ffeabf1:0xa36043a8df9d4cd5,https://lh3.googleusercontent.com/p/AF1QipMpDDsi-hL02VMOStb_4jTGj563Cfr6JoyIs8r_=w408-h271-k-no,False,True,en,0,-12.467646,130.842342,GC,,en,False,ChIJ8av-nwaRwCwR1Uyd36hDYKM,800,,3 months ago,2025-05-27T08:25:17.075Z,,2025-05-28T05:05:01.000Z,"Hey GC, thanks for the lovely review, glad you had a good night at the cinema :)",ChdDSUhNMG9nS0VPMkZsNnVrdzctZDl3RRAB,,,,,,,,,,,,,,,,Google,https://www.google.com/maps/reviews/data=!4m8!14m7!1m6!2m5!1sChdDSUhNMG9nS0VPMkZsNnVrdzctZDl3RRAB!2m1!1s0x0:0xa36043a8df9d4cd5!3m1!1s2@1:CIHM0ogKEO2Fl6ukw7-d9wE%7C%7C?hl=en,104040560034625317334,37,https://lh3.googleusercontent.com/a/ACg8ocJyMBlEhGDXFrtHRoiacVMrSEXz9Dj8pv7Wmz7ctskjw3CArg=s1920-c-rp-mo-ba3-br100,https://www.google.com/maps/contrib/104040560034625317334?hl=en,781,2025-09-22T03:40:34.453Z,"Direct Detail URL: https://www.google.com/maps/place/Deckchair+Cinema/@-12.467646,130.8397671,17z/data=!3m1!4b1!4m6!3m5!1s0x2cc091069ffeabf1:0xa36043a8df9d4cd5!8m2!3d-12.467646!4d130.842342!16s%2Fg%2F1tfvqcpx?entry=ttu&g_ep=EgoyMDI1MDkxNy4wIKXMDSoASAFQAw%3D%3D",5,Northern Territory,Jervois Rd,False,"Had such a lovely evening here. Very reasonably priced drinks, and comfortable deck chairs to watch the film. Just wish I didn’t live on the other side of the world so I could come back more often!",,Deckchair Cinema,4.8,,https://www.google.com/maps/search/?api=1&query=Deckchair%20Cinema&query_place_id=ChIJ8av-nwaRwCwR1Uyd36hDYKM,,"Had such a lovely evening here. Very reasonably priced drinks, and comfortable deck chairs to watch the film. Just wish I didn’t live on the other side of the world so I could come back more often!",Positive
"Jervois Rd, Darwin City NT 0800, Australia",Movie theater,Movie theater,11772483818531671253,Darwin City,AU,0x2cc091069ffeabf1:0xa36043a8df9d4cd5,https://lh3.googleusercontent.com/p/AF1QipMpDDsi-hL02VMOStb_4jTGj563Cfr6JoyIs8r_=w408-h271-k-no,False,False,en,0,-12.467646,130.842342,Megan H,,en,False,ChIJ8av-nwaRwCwR1Uyd36hDYKM,800,,3 months ago,2025-05-26T07:29:51.672Z,,2025-05-30T05:25:51.000Z,Thanks Megan :),ChdDSUhNMG9nS0VLR0x6SlRzNm9PSmtBRRAB,,,,,,,,,,,,,,,,Google,https://www.google.com/maps/reviews/data=!4m8!14m7!1m6!2m5!1sChdDSUhNMG9nS0VLR0x6SlRzNm9PSmtBRRAB!2m1!1s0x0:0xa36043a8df9d4cd5!3m1!1s2@1:CIHM0ogKEKGLzJTs6oOJkAE%7C%7C?hl=en,107894614463740303290,15,https://lh3.googleusercontent.com/a-/ALV-UjUgFcMexyDY3o9slJMpNW4z15N4vZz8xL2jhUZeslEv8GPJR_Uc=s1920-c-rp-mo-br100,https://www.google.com/maps/contrib/107894614463740303290?hl=en,781,2025-09-22T03:40:34.453Z,"Direct Detail URL: https://www.google.com/maps/place/Deckchair+Cinema/@-12.467646,130.8397671,17z/data=!3m1!4b1!4m6!3m5!1s0x2cc091069ffeabf1:0xa36043a8df9d4cd5!8m2!3d-12.467646!4d130.842342!16s%2Fg%2F1tfvqcpx?entry=ttu&g_ep=EgoyMDI1MDkxNy4wIKXMDSoASAFQAw%3D%3D",5,Northern Territory,Jervois Rd,False,A great night,,Deckchair Cinema,4.8,,https://www.google.com/maps/search/?api=1&query=Deckchair%20Cinema&query_place_id=ChIJ8av-nwaRwCwR1Uyd36hDYKM,,A great night,Positive
"Jervois Rd, Darwin City NT 0800, Australia",Movie theater,Movie theater,11772483818531671253,Darwin City,AU,0x2cc091069ffeabf1:0xa36043a8df9d4cd5,https://lh3.googleusercontent.com/p/AF1QipMpDDsi-hL02VMOStb_4jTGj563Cfr6JoyIs8r_=w408-h271-k-no,False,True,en,0,-12.467646,130.842342,Reza,,,False,ChIJ8av-nwaRwCwR1Uyd36hDYKM,800,,3 months ago,2025-05-25T07:55:56.155Z,,2025-05-25T11:08:05.000Z,Thanks Reza!,ChZDSUhNMG9nS0VNU1YyZWUta3RPMVFBEAE,,,,,,,,,,,,,,,,Google,https://www.google.com/maps/reviews/data=!4m8!14m7!1m6!2m5!1sChZDSUhNMG9nS0VNU1YyZWUta3RPMVFBEAE!2m1!1s0x0:0xa36043a8df9d4cd5!3m1!1s2@1:CIHM0ogKEMSV2ee-ktO1QA%7C%7C?hl=en,109791870103771620933,49,https://lh3.googleusercontent.com/a-/ALV-UjUzm50x_e9d6itLcJWQxyjvHZwEmAf8bP2cx0G6U6Isx4tG9Ml3lA=s1920-c-rp-mo-ba5-br100,https://www.google.com/maps/contrib/109791870103771620933?hl=en,781,2025-09-22T03:40:34.453Z,"Direct Detail URL: https://www.google.com/maps/place/Deckchair+Cinema/@-12.467646,130.8397671,17z/data=!3m1!4b1!4m6!3m5!1s0x2cc091069ffeabf1:0xa36043a8df9d4cd5!8m2!3d-12.467646!4d130.842342!16s%2Fg%2F1tfvqcpx?entry=ttu&g_ep=EgoyMDI1MDkxNy4wIKXMDSoASAFQAw%3D%3D",5,Northern Territory,Jervois Rd,False,,,Deckchair Cinema,4.8,,https://www.google.com/maps/search/?api=1&query=Deckchair%20Cinema&query_place_id=ChIJ8av-nwaRwCwR1Uyd36hDYKM,,,Positive
"Jervois Rd, Darwin City NT 0800, Australia",Movie theater,Movie theater,11772483818531671253,Darwin City,AU,0x2cc091069ffeabf1:0xa36043a8df9d4cd5,https://lh3.googleusercontent.com/p/AF1QipMpDDsi-hL02VMOStb_4jTGj563Cfr6JoyIs8r_=w408-h271-k-no,False,True,en,0,-12.467646,130.842342,Racheal Joyce,,en,False,ChIJ8av-nwaRwCwR1Uyd36hDYKM,800,,4 months ago,2025-05-17T12:26:31.998Z,,2025-05-17T23:22:23.000Z,"Thanks Rachael! Glad you enjoy the cinema 😊

*The movies are all great of course...",ChdDSUhNMG9nS0VQVEw4cUhBZ3JHV21BRRAB,,,,,,,,,,,,,,,,Google,https://www.google.com/maps/reviews/data=!4m8!14m7!1m6!2m5!1sChdDSUhNMG9nS0VQVEw4cUhBZ3JHV21BRRAB!2m1!1s0x0:0xa36043a8df9d4cd5!3m1!1s2@1:CIHM0ogKEPTL8qHAgrGWmAE%7C%7C?hl=en,104450233446215801118,138,https://lh3.googleusercontent.com/a/ACg8ocLvm7Q27mc6WYFebKKGtICKlrTklGe4tBQFu3CLbsaUJg99uw=s1920-c-rp-mo-ba4-br100,https://www.google.com/maps/contrib/104450233446215801118?hl=en,781,2025-09-22T03:40:34.453Z,"Direct Detail URL: https://www.google.com/maps/place/Deckchair+Cinema/@-12.467646,130.8397671,17z/data=!3m1!4b1!4m6!3m5!1s0x2cc091069ffeabf1:0xa36043a8df9d4cd5!8m2!3d-12.467646!4d130.842342!16s%2Fg%2F1tfvqcpx?entry=ttu&g_ep=EgoyMDI1MDkxNy4wIKXMDSoASAFQAw%3D%3D",5,Northern Territory,Jervois Rd,False,"Great experience if visiting Darwin. Fantastic place to relax and watch a movie.  Great atmosphere, great food, great location. If the movie is terrible, there is always the night sky to watch.",,Deckchair Cinema,4.8,,https://www.google.com/maps/search/?api=1&query=Deckchair%20Cinema&query_place_id=ChIJ8av-nwaRwCwR1Uyd36hDYKM,,"Great experience if visiting Darwin. Fantastic place to relax and watch a movie.  Great atmosphere, great food, great location. If the movie is terrible, there is always the night sky to watch.",Positive
"Jervois Rd, Darwin City NT 0800, Australia",Movie theater,Movie theater,11772483818531671253,Darwin City,AU,0x2cc091069ffeabf1:0xa36043a8df9d4cd5,https://lh3.googleusercontent.com/p/AF1QipMpDDsi-hL02VMOStb_4jTGj563Cfr6JoyIs8r_=w408-h271-k-no,False,True,en,0,-12.467646,130.842342,Nana's Rainbow,,en,False,ChIJ8av-nwaRwCwR1Uyd36hDYKM,800,,4 months ago,2025-05-13T10:37:45.750Z,,2025-05-14T00:48:16.000Z,"Thanks for the lovely review 😊 (just incase tourists read this and are wondering - the caterers have disposable biodegradable plates and cutlery, but give you $1 off if you bring your own)",ChdDSUhNMG9nS0VLNkk5NXZXNDkzdnZBRRAB,,,,,,,,,,,,,,,,Google,https://www.google.com/maps/reviews/data=!4m8!14m7!1m6!2m5!1sChdDSUhNMG9nS0VLNkk5NXZXNDkzdnZBRRAB!2m1!1s0x0:0xa36043a8df9d4cd5!3m1!1s2@1:CIHM0ogKEK6I95vW493vvAE%7C%7C?hl=en,108593052774349657865,128,https://lh3.googleusercontent.com/a/ACg8ocIdI7GziexRmYoFfq2GwWCyb19JrXZq5eUX3P1BNBZdxlnb6g=s1920-c-rp-mo-ba5-br100,https://www.google.com/maps/contrib/108593052774349657865?hl=en,781,2025-09-22T03:40:34.453Z,"Direct Detail URL: https://www.google.com/maps/place/Deckchair+Cinema/@-12.467646,130.8397671,17z/data=!3m1!4b1!4m6!3m5!1s0x2cc091069ffeabf1:0xa36043a8df9d4cd5!8m2!3d-12.467646!4d130.842342!16s%2Fg%2F1tfvqcpx?entry=ttu&g_ep=EgoyMDI1MDkxNy4wIKXMDSoASAFQAw%3D%3D",5,Northern Territory,Jervois Rd,False,"Luxury at its best. Buy food, alcoholic drinks. Icecream. You are asked to bring your own plate and cutlery for the food. Very comfortable relaxed atmosphere. Byo cushion if you like but they have some.",,Deckchair Cinema,4.8,,https://www.google.com/maps/search/?api=1&query=Deckchair%20Cinema&query_place_id=ChIJ8av-nwaRwCwR1Uyd36hDYKM,,"Luxury at its best. Buy food, alcoholic drinks. Icecream. You are asked to bring your own plate and cutlery for the food. Very comfortable relaxed atmosphere. Byo cushion if you like but they have some.",Positive
"Jervois Rd, Darwin City NT 0800, Australia",Movie theater,Movie theater,11772483818531671253,Darwin City,AU,0x2cc091069ffeabf1:0xa36043a8df9d4cd5,https://lh3.googleusercontent.com/p/AF1QipMpDDsi-hL02VMOStb_4jTGj563Cfr6JoyIs8r_=w408-h271-k-no,False,True,en,0,-12.467646,130.842342,Georgia Politis,,en,False,ChIJ8av-nwaRwCwR1Uyd36hDYKM,800,,4 months ago,2025-05-09T00:04:59.965Z,,2025-05-09T02:11:07.000Z,Thanks Georgia! :),ChZDSUhNMG9nS0VJdlVwNzdPaGZiS0pREAE,,,,,,,,,,,,,,,,Google,https://www.google.com/maps/reviews/data=!4m8!14m7!1m6!2m5!1sChZDSUhNMG9nS0VJdlVwNzdPaGZiS0pREAE!2m1!1s0x0:0xa36043a8df9d4cd5!3m1!1s2@1:CIHM0ogKEIvUp77OhfbKJQ%7C%7C?hl=en,110381783693303825827,89,https://lh3.googleusercontent.com/a-/ALV-UjXsf3YrIkPQVphvWxGBl9PUboMVgA8kg3TbpRjIT3fRWvJsuIQ=s1920-c-rp-mo-ba4-br100,https://www.google.com/maps/contrib/110381783693303825827?hl=en,781,2025-09-22T03:40:34.453Z,"Direct Detail URL: https://www.google.com/maps/place/Deckchair+Cinema/@-12.467646,130.8397671,17z/data=!3m1!4b1!4m6!3m5!1s0x2cc091069ffeabf1:0xa36043a8df9d4cd5!8m2!3d-12.467646!4d130.842342!16s%2Fg%2F1tfvqcpx?entry=ttu&g_ep=EgoyMDI1MDkxNy4wIKXMDSoASAFQAw%3D%3D",5,Northern Territory,Jervois Rd,False,"A beautiful atmosphere. I have been to deckchair many times as I am Darwin-born, there are a variety of chairs available from deckchair, beanbags to tables. Variety of food and drinks, and is open at the best time of year - the dry season. Deckchair cinema has come a long way from when I first visited, the greenery surrounding the screen probably is my favourite part.",,Deckchair Cinema,4.8,,https://www.google.com/maps/search/?api=1&query=Deckchair%20Cinema&query_place_id=ChIJ8av-nwaRwCwR1Uyd36hDYKM,,"A beautiful atmosphere. I have been to deckchair many times as I am Darwin-born, there are a variety of chairs available from deckchair, beanbags to tables. Variety of food and drinks, and is open at the best time of year - the dry season. Deckchair cinema has come a long way from when I first visited, the greenery surrounding the screen probably is my favourite part.",Positive
"Jervois Rd, Darwin City NT 0800, Australia",Movie theater,Movie theater,11772483818531671253,Darwin City,AU,0x2cc091069ffeabf1:0xa36043a8df9d4cd5,https://lh3.googleusercontent.com/p/AF1QipMpDDsi-hL02VMOStb_4jTGj563Cfr6JoyIs8r_=w408-h271-k-no,False,True,en,0,-12.467646,130.842342,Marian Flynn,,en,False,ChIJ8av-nwaRwCwR1Uyd36hDYKM,800,,4 months ago,2025-04-28T03:39:27.314Z,,2025-04-27T23:30:41.000Z,Thanks Marian! :),ChdDSUhNMG9nS0VJQ0FnTURvMWI2U2dRRRAB,https://lh3.googleusercontent.com/geougc-cs/AB3l90Cz8DMPlkco03kGznmUnWfIJk4ppuWyBzPWkUgh6X_4jLA6JMr_XJkxP2_MqvKFMmrqxT_fH0fdea72P9P1-ONejF_lRAPZfCsqWZuLyyfQjV9rbCzFDWEfqBwnZ6d-7X99Ok26,,,,,,,,,,,,,,,Google,https://www.google.com/maps/reviews/data=!4m8!14m7!1m6!2m5!1sChdDSUhNMG9nS0VJQ0FnTURvMWI2U2dRRRAB!2m1!1s0x0:0xa36043a8df9d4cd5!3m1!1s2@1:CIHM0ogKEICAgMDo1b6SgQE%7C%7C?hl=en,109807892558058790437,38,https://lh3.googleusercontent.com/a/ACg8ocKN6qScK3SoKX2BJpJ1FNO9GGRV0flNAPg1LgvSSSIUp_h3jA=s1920-c-rp-mo-ba3-br100,https://www.google.com/maps/contrib/109807892558058790437?hl=en,781,2025-09-22T03:40:34.453Z,"Direct Detail URL: https://www.google.com/maps/place/Deckchair+Cinema/@-12.467646,130.8397671,17z/data=!3m1!4b1!4m6!3m5!1s0x2cc091069ffeabf1:0xa36043a8df9d4cd5!8m2!3d-12.467646!4d130.842342!16s%2Fg%2F1tfvqcpx?entry=ttu&g_ep=EgoyMDI1MDkxNy4wIKXMDSoASAFQAw%3D%3D",5,Northern Territory,Jervois Rd,False,I love this place. I’ve seen some great movies here that I wouldn’t normally get to see and the atmosphere and setting is brilliant. It’s my go to wind down place 🤗,,Deckchair Cinema,4.8,,https://www.google.com/maps/search/?api=1&query=Deckchair%20Cinema&query_place_id=ChIJ8av-nwaRwCwR1Uyd36hDYKM,,I love this place. I’ve seen some great movies here that I wouldn’t normally get to see and the atmosphere and setting is brilliant. It’s my go to wind down place 🤗,Positive
"Jervois Rd, Darwin City NT 0800, Australia",Movie theater,Movie theater,11772483818531671253,Darwin City,AU,0x2cc091069ffeabf1:0xa36043a8df9d4cd5,https://lh3.googleusercontent.com/p/AF1QipMpDDsi-hL02VMOStb_4jTGj563Cfr6JoyIs8r_=w408-h271-k-no,False,False,en,0,-12.467646,130.842342,Joaquin Antonio Cabeza Sanchez,,,False,ChIJ8av-nwaRwCwR1Uyd36hDYKM,800,,4 months ago,2025-04-22T14:37:55.185Z,,2025-04-23T00:54:16.000Z,"Thanks Joaquin, appreciate the review :)",ChZDSUhNMG9nS0VJQ0FnTURvck1UU2VREAE,,,,,,,,,,,,,,,,Google,https://www.google.com/maps/reviews/data=!4m8!14m7!1m6!2m5!1sChZDSUhNMG9nS0VJQ0FnTURvck1UU2VREAE!2m1!1s0x0:0xa36043a8df9d4cd5!3m1!1s2@1:CIHM0ogKEICAgMDorMTSeQ%7C%7C?hl=en,103737489228177331131,0,https://lh3.googleusercontent.com/a-/ALV-UjVnGWm51N8xH_LXMN4dldhbecFzAcwki64ffG2RzBNL1k3k-Lg=s1920-c-rp-mo-br100,https://www.google.com/maps/contrib/103737489228177331131?hl=en,781,2025-09-22T03:40:34.453Z,"Direct Detail URL: https://www.google.com/maps/place/Deckchair+Cinema/@-12.467646,130.8397671,17z/data=!3m1!4b1!4m6!3m5!1s0x2cc091069ffeabf1:0xa36043a8df9d4cd5!8m2!3d-12.467646!4d130.842342!16s%2Fg%2F1tfvqcpx?entry=ttu&g_ep=EgoyMDI1MDkxNy4wIKXMDSoASAFQAw%3D%3D",5,Northern Territory,Jervois Rd,False,,,Deckchair Cinema,4.8,,https://www.google.com/maps/search/?api=1&query=Deckchair%20Cinema&query_place_id=ChIJ8av-nwaRwCwR1Uyd36hDYKM,,,Positive
"Jervois Rd, Darwin City NT 0800, Australia",Movie theater,Movie theater,11772483818531671253,Darwin City,AU,0x2cc091069ffeabf1:0xa36043a8df9d4cd5,https://lh3.googleusercontent.com/p/AF1QipMpDDsi-hL02VMOStb_4jTGj563Cfr6JoyIs8r_=w408-h271-k-no,False,True,en,0,-12.467646,130.842342,Libby Lohmann,,,False,ChIJ8av-nwaRwCwR1Uyd36hDYKM,800,,5 months ago,2025-04-20T08:55:03.178Z,,2025-04-22T06:42:03.000Z,Thanks Libby 😊,ChdDSUhNMG9nS0VJQ0FnTUNvLTZHVXZBRRAB,https://lh3.googleusercontent.com/geougc-cs/AB3l90BsRmzIkyFYEatSa9b7bYiQZX7WHrGRjf0yXsfJCRHVpZtj_J98lo_3AsEYVOKX0PPi1L93as-B7OV0XSqpYA2U9T8fTNTQTHN52Dm9KPm2RZA80oyYUE9KSTQ6sWFc4rZd_j_0,,,,,,,,,,,,,,,Google,https://www.google.com/maps/reviews/data=!4m8!14m7!1m6!2m5!1sChdDSUhNMG9nS0VJQ0FnTUNvLTZHVXZBRRAB!2m1!1s0x0:0xa36043a8df9d4cd5!3m1!1s2@1:CIHM0ogKEICAgMCo-6GUvAE%7C%7C?hl=en,104849410985735279871,41,https://lh3.googleusercontent.com/a-/ALV-UjVtQHFDp9YqB7_Hcw5gTe-Q7D9gulHiARmM1MJZVAti7TL138MCiw=s1920-c-rp-mo-ba4-br100,https://www.google.com/maps/contrib/104849410985735279871?hl=en,781,2025-09-22T03:40:34.453Z,"Direct Detail URL: https://www.google.com/maps/place/Deckchair+Cinema/@-12.467646,130.8397671,17z/data=!3m1!4b1!4m6!3m5!1s0x2cc091069ffeabf1:0xa36043a8df9d4cd5!8m2!3d-12.467646!4d130.842342!16s%2Fg%2F1tfvqcpx?entry=ttu&g_ep=EgoyMDI1MDkxNy4wIKXMDSoASAFQAw%3D%3D",5,Northern Territory,Jervois Rd,False,,,Deckchair Cinema,4.8,,https://www.google.com/maps/search/?api=1&query=Deckchair%20Cinema&query_place_id=ChIJ8av-nwaRwCwR1Uyd36hDYKM,,,Positive
"Jervois Rd, Darwin City NT 0800, Australia",Movie theater,Movie theater,11772483818531671253,Darwin City,AU,0x2cc091069ffeabf1:0xa36043a8df9d4cd5,https://lh3.googleusercontent.com/p/AF1QipMpDDsi-hL02VMOStb_4jTGj563Cfr6JoyIs8r_=w408-h271-k-no,False,True,en,0,-12.467646,130.842342,Garry Jennings,,en,False,ChIJ8av-nwaRwCwR1Uyd36hDYKM,800,,5 months ago,2025-04-18T01:56:52.842Z,,2025-04-23T00:54:33.000Z,Thanks for the lovely review Garry :),ChdDSUhNMG9nS0VJQ0FnTUNvaWEtcXpnRRAB,,,,,,,,,,,,,,,,Google,https://www.google.com/maps/reviews/data=!4m8!14m7!1m6!2m5!1sChdDSUhNMG9nS0VJQ0FnTUNvaWEtcXpnRRAB!2m1!1s0x0:0xa36043a8df9d4cd5!3m1!1s2@1:CIHM0ogKEICAgMCoia-qzgE%7C%7C?hl=en,116922663334062470421,52,https://lh3.googleusercontent.com/a-/ALV-UjX0GsKo4s-1SaCdDN20uGtJCuMh2MuT2BZfxnoiJTioW4GGKX34=s1920-c-rp-mo-ba3-br100,https://www.google.com/maps/contrib/116922663334062470421?hl=en,781,2025-09-22T03:40:34.453Z,"Direct Detail URL: https://www.google.com/maps/place/Deckchair+Cinema/@-12.467646,130.8397671,17z/data=!3m1!4b1!4m6!3m5!1s0x2cc091069ffeabf1:0xa36043a8df9d4cd5!8m2!3d-12.467646!4d130.842342!16s%2Fg%2F1tfvqcpx?entry=ttu&g_ep=EgoyMDI1MDkxNy4wIKXMDSoASAFQAw%3D%3D",5,Northern Territory,Jervois Rd,False,Great place to watch a movie in the dry,,Deckchair Cinema,4.8,,https://www.google.com/maps/search/?api=1&query=Deckchair%20Cinema&query_place_id=ChIJ8av-nwaRwCwR1Uyd36hDYKM,,Great place to watch a movie in the dry,Positive
"Jervois Rd, Darwin City NT 0800, Australia",Movie theater,Movie theater,11772483818531671253,Darwin City,AU,0x2cc091069ffeabf1:0xa36043a8df9d4cd5,https://lh3.googleusercontent.com/p/AF1QipMpDDsi-hL02VMOStb_4jTGj563Cfr6JoyIs8r_=w408-h271-k-no,False,False,en,0,-12.467646,130.842342,saskia saskia,,en,False,ChIJ8av-nwaRwCwR1Uyd36hDYKM,800,,7 months ago,2025-02-17T12:05:17.689Z,,2025-02-18T00:51:05.000Z,Thanks Saskia! It's the great customers that make the cinema special :),ChZDSUhNMG9nS0VJQ0FnTUNncm91UVJ3EAE,https://lh3.googleusercontent.com/geougc-cs/AB3l90DG8jaVmjuz8yi7WZJU0Efl3sltFaJu9tCSxn6vhwOoBKQwBIZQINt8lH064mfHK6QrM5fXgu5h5eeq-mHr66vuE1_k_VSu_WlBMpSpdQtUZ5eO8njoyh59bBYMjp324iczynm9,,,,,,,,,,,,,,,Google,https://www.google.com/maps/reviews/data=!4m8!14m7!1m6!2m5!1sChZDSUhNMG9nS0VJQ0FnTUNncm91UVJ3EAE!2m1!1s0x0:0xa36043a8df9d4cd5!3m1!1s2@1:CIHM0ogKEICAgMCgrouQRw%7C%7C?hl=en,113009230845900396424,4,https://lh3.googleusercontent.com/a/ACg8ocJ1Dc1s-4gtS-iC8yS8XB2FT6rlYLebPDzI-mwSAOBpFLBrxQ=s1920-c-rp-mo-br100,https://www.google.com/maps/contrib/113009230845900396424?hl=en,781,2025-09-22T03:40:34.453Z,"Direct Detail URL: https://www.google.com/maps/place/Deckchair+Cinema/@-12.467646,130.8397671,17z/data=!3m1!4b1!4m6!3m5!1s0x2cc091069ffeabf1:0xa36043a8df9d4cd5!8m2!3d-12.467646!4d130.842342!16s%2Fg%2F1tfvqcpx?entry=ttu&g_ep=EgoyMDI1MDkxNy4wIKXMDSoASAFQAw%3D%3D",5,Northern Territory,Jervois Rd,False,"Incredible cinema; perfect views, amazing staff, great food and films.",,Deckchair Cinema,4.8,,https://www.google.com/maps/search/?api=1&query=Deckchair%20Cinema&query_place_id=ChIJ8av-nwaRwCwR1Uyd36hDYKM,,"Incredible cinema; perfect views, amazing staff, great food and films.",Positive
"Jervois Rd, Darwin City NT 0800, Australia",Movie theater,Movie theater,11772483818531671253,Darwin City,AU,0x2cc091069ffeabf1:0xa36043a8df9d4cd5,https://lh3.googleusercontent.com/p/AF1QipMpDDsi-hL02VMOStb_4jTGj563Cfr6JoyIs8r_=w408-h271-k-no,False,True,en,0,-12.467646,130.842342,Kelli Humphries,,,False,ChIJ8av-nwaRwCwR1Uyd36hDYKM,800,,10 months ago,2024-11-17T11:42:02.536Z,,2024-11-18T03:30:47.000Z,Thanks Kelli :),ChZDSUhNMG9nS0VJQ0FnSUQzOWFHSURREAE,,,,,,,,,,,,,,,,Google,https://www.google.com/maps/reviews/data=!4m8!14m7!1m6!2m5!1sChZDSUhNMG9nS0VJQ0FnSUQzOWFHSURREAE!2m1!1s0x0:0xa36043a8df9d4cd5!3m1!1s2@1:CIHM0ogKEICAgID39aGIDQ%7C%7C?hl=en,103985070062127531530,9,https://lh3.googleusercontent.com/a/ACg8ocLqpQzVoiTfFoImsWw-7zbMnySs-fw9aM3LuRqhJC4LZkWVBQ=s1920-c-rp-mo-ba2-br100,https://www.google.com/maps/contrib/103985070062127531530?hl=en,781,2025-09-22T03:40:34.453Z,"Direct Detail URL: https://www.google.com/maps/place/Deckchair+Cinema/@-12.467646,130.8397671,17z/data=!3m1!4b1!4m6!3m5!1s0x2cc091069ffeabf1:0xa36043a8df9d4cd5!8m2!3d-12.467646!4d130.842342!16s%2Fg%2F1tfvqcpx?entry=ttu&g_ep=EgoyMDI1MDkxNy4wIKXMDSoASAFQAw%3D%3D",4,Northern Territory,Jervois Rd,False,,,Deckchair Cinema,4.8,,https://www.google.com/maps/search/?api=1&query=Deckchair%20Cinema&query_place_id=ChIJ8av-nwaRwCwR1Uyd36hDYKM,,,Positive
"Jervois Rd, Darwin City NT 0800, Australia",Movie theater,Movie theater,11772483818531671253,Darwin City,AU,0x2cc091069ffeabf1:0xa36043a8df9d4cd5,https://lh3.googleusercontent.com/p/AF1QipMpDDsi-hL02VMOStb_4jTGj563Cfr6JoyIs8r_=w408-h271-k-no,False,True,en,0,-12.467646,130.842342,Chitiz Shrestha,,en,False,ChIJ8av-nwaRwCwR1Uyd36hDYKM,800,,10 months ago,2024-11-11T11:38:29.790Z,,2024-11-12T00:53:56.000Z,Thank you for the lovely write up :),ChZDSUhNMG9nS0VJQ0FnSUQzc09MS2JnEAE,https://lh3.googleusercontent.com/geougc-cs/AB3l90AlT5-vMe6AcLwvSOpQUqh27bT3TVeqABLZY95958BgC1aes58geFk3BDClMqpKxB6Tzq3clWzFGWmGwIeNpKBDqgj2HtEKPgo_MSRBjubmIMwwmbaaOm01s06Ii5tSnrNoTWAo2g,https://lh3.googleusercontent.com/geougc-cs/AB3l90CGyYxkVFCpOjoIdJQGlRmoxb5caskeq1AaYHvHD5iLthv5Q5AeCtz6CIRaUURXwmHrQPDyikd9bvaCZIEnlPIi2XuJc97f8ycYBYcafNiKnpc9jGcgV8IEL_ElbNB7mu-jUbw4,,,,,,,,,,,,,,Google,https://www.google.com/maps/reviews/data=!4m8!14m7!1m6!2m5!1sChZDSUhNMG9nS0VJQ0FnSUQzc09MS2JnEAE!2m1!1s0x0:0xa36043a8df9d4cd5!3m1!1s2@1:CIHM0ogKEICAgID3sOLKbg%7C%7C?hl=en,115720255902748047565,157,https://lh3.googleusercontent.com/a-/ALV-UjXJcNpzvJxu38SuOEzZ6G_4Ag9sG4I5evgvYH2isTILKBlg0U6B=s1920-c-rp-mo-ba4-br100,https://www.google.com/maps/contrib/115720255902748047565?hl=en,781,2025-09-22T03:40:34.453Z,"Direct Detail URL: https://www.google.com/maps/place/Deckchair+Cinema/@-12.467646,130.8397671,17z/data=!3m1!4b1!4m6!3m5!1s0x2cc091069ffeabf1:0xa36043a8df9d4cd5!8m2!3d-12.467646!4d130.842342!16s%2Fg%2F1tfvqcpx?entry=ttu&g_ep=EgoyMDI1MDkxNy4wIKXMDSoASAFQAw%3D%3D",5,Northern Territory,Jervois Rd,False,One of the best experience...chilling with family ... Will visit again,,Deckchair Cinema,4.8,,https://www.google.com/maps/search/?api=1&query=Deckchair%20Cinema&query_place_id=ChIJ8av-nwaRwCwR1Uyd36hDYKM,,One of the best experience...chilling with family ... Will visit again,Positive
"Jervois Rd, Darwin City NT 0800, Australia",Movie theater,Movie theater,11772483818531671253,Darwin City,AU,0x2cc091069ffeabf1:0xa36043a8df9d4cd5,https://lh3.googleusercontent.com/p/AF1QipMpDDsi-hL02VMOStb_4jTGj563Cfr6JoyIs8r_=w408-h271-k-no,False,True,en,0,-12.467646,130.842342,Peter Mason,,,False,ChIJ8av-nwaRwCwR1Uyd36hDYKM,800,,Edited 10 months ago,2024-11-05T14:57:11.483Z,,2020-10-19T22:43:27.000Z,Thanks Peter :),ChdDSUhNMG9nS0VJQ0FnSUNpaUs2OWlBRRAB,,,,,,,,,,,,,,,,Google,https://www.google.com/maps/reviews/data=!4m8!14m7!1m6!2m5!1sChdDSUhNMG9nS0VJQ0FnSUNpaUs2OWlBRRAB!2m1!1s0x0:0xa36043a8df9d4cd5!3m1!1s2@1:CIHM0ogKEICAgICiiK69iAE%7C%7C?hl=en,106420128942999466635,283,https://lh3.googleusercontent.com/a-/ALV-UjV9MYh4gf27OTBXhNqk643me6QkdlxV9p5vQw_9qQ3SSzIKynN_=s1920-c-rp-mo-ba5-br100,https://www.google.com/maps/contrib/106420128942999466635?hl=en,781,2025-09-22T03:40:34.453Z,"Direct Detail URL: https://www.google.com/maps/place/Deckchair+Cinema/@-12.467646,130.8397671,17z/data=!3m1!4b1!4m6!3m5!1s0x2cc091069ffeabf1:0xa36043a8df9d4cd5!8m2!3d-12.467646!4d130.842342!16s%2Fg%2F1tfvqcpx?entry=ttu&g_ep=EgoyMDI1MDkxNy4wIKXMDSoASAFQAw%3D%3D",5,Northern Territory,Jervois Rd,False,,,Deckchair Cinema,4.8,,https://www.google.com/maps/search/?api=1&query=Deckchair%20Cinema&query_place_id=ChIJ8av-nwaRwCwR1Uyd36hDYKM,,,Positive
"Jervois Rd, Darwin City NT 0800, Australia",Movie theater,Movie theater,11772483818531671253,Darwin City,AU,0x2cc091069ffeabf1:0xa36043a8df9d4cd5,https://lh3.googleusercontent.com/p/AF1QipMpDDsi-hL02VMOStb_4jTGj563Cfr6JoyIs8r_=w408-h271-k-no,False,True,en,0,-12.467646,130.842342,Maarten Vanzieleghem,,en,False,ChIJ8av-nwaRwCwR1Uyd36hDYKM,800,,10 months ago,2024-10-31T03:06:26.425Z,,2024-10-31T00:44:32.000Z,"Thanks Maarten! Yes, the mozzies have come out after the recent rain! They're not bad most of the year. Thanks for the lovely review, hope you get to enjoy the cinema again soon :)",ChZDSUhNMG9nS0VJQ0FnSURYX2EyZllREAE,https://lh3.googleusercontent.com/geougc-cs/AB3l90CSslYL4bP3lbiFH9-bobQYVIb-Ul81CSEQGhqTbXLd0OuXrfNe6erC4NgPbG-Z1IDJkHIPpQ3gFtdZp_CqPshmdkdHqbr4OVzLaFyGjpVWK7pXmJ8OLvZYIqPX1QmdcjblsX2hag,,,,,,,,,,,,,,,Google,https://www.google.com/maps/reviews/data=!4m8!14m7!1m6!2m5!1sChZDSUhNMG9nS0VJQ0FnSURYX2EyZllREAE!2m1!1s0x0:0xa36043a8df9d4cd5!3m1!1s2@1:CIHM0ogKEICAgIDX_a2fYQ%7C%7C?hl=en,107295773691032631903,26,https://lh3.googleusercontent.com/a/ACg8ocLwL5ZB_CDLE7u_PoXnSsFjHHLuqmNJH5YbWLcKSK7jpSfSlA=s1920-c-rp-mo-ba3-br100,https://www.google.com/maps/contrib/107295773691032631903?hl=en,781,2025-09-22T03:40:34.453Z,"Direct Detail URL: https://www.google.com/maps/place/Deckchair+Cinema/@-12.467646,130.8397671,17z/data=!3m1!4b1!4m6!3m5!1s0x2cc091069ffeabf1:0xa36043a8df9d4cd5!8m2!3d-12.467646!4d130.842342!16s%2Fg%2F1tfvqcpx?entry=ttu&g_ep=EgoyMDI1MDkxNy4wIKXMDSoASAFQAw%3D%3D",5,Northern Territory,Jervois Rd,False,Loved the place (except for the mosquito’s 😆). Has a large selection of lesser known/non english movies,,Deckchair Cinema,4.8,,https://www.google.com/maps/search/?api=1&query=Deckchair%20Cinema&query_place_id=ChIJ8av-nwaRwCwR1Uyd36hDYKM,,Loved the place (except for the mosquito’s 😆). Has a large selection of lesser known/non english movies,Positive
"Jervois Rd, Darwin City NT 0800, Australia",Movie theater,Movie theater,11772483818531671253,Darwin City,AU,0x2cc091069ffeabf1:0xa36043a8df9d4cd5,https://lh3.googleusercontent.com/p/AF1QipMpDDsi-hL02VMOStb_4jTGj563Cfr6JoyIs8r_=w408-h271-k-no,False,True,en,0,-12.467646,130.842342,Ian Hollingsworth,,,False,ChIJ8av-nwaRwCwR1Uyd36hDYKM,800,,Edited 10 months ago,2024-10-22T08:47:11.548Z,,2024-10-23T00:44:30.000Z,Thanks Ian :),ChdDSUhNMG9nS0VJQ0FnSUNBbUxMM3h3RRAB,,,,,,,,,,,,,,,,Google,https://www.google.com/maps/reviews/data=!4m8!14m7!1m6!2m5!1sChdDSUhNMG9nS0VJQ0FnSUNBbUxMM3h3RRAB!2m1!1s0x0:0xa36043a8df9d4cd5!3m1!1s2@1:CIHM0ogKEICAgICAmLL3xwE%7C%7C?hl=en,102492401012642417896,97,https://lh3.googleusercontent.com/a-/ALV-UjWglEPt0CibMEMdWnJqSSoAvBD7GLINTGSO5gd_a-frDFiLH5ol=s1920-c-rp-mo-ba4-br100,https://www.google.com/maps/contrib/102492401012642417896?hl=en,781,2025-09-22T03:40:34.453Z,"Direct Detail URL: https://www.google.com/maps/place/Deckchair+Cinema/@-12.467646,130.8397671,17z/data=!3m1!4b1!4m6!3m5!1s0x2cc091069ffeabf1:0xa36043a8df9d4cd5!8m2!3d-12.467646!4d130.842342!16s%2Fg%2F1tfvqcpx?entry=ttu&g_ep=EgoyMDI1MDkxNy4wIKXMDSoASAFQAw%3D%3D",3,Northern Territory,Jervois Rd,False,,,Deckchair Cinema,4.8,,https://www.google.com/maps/search/?api=1&query=Deckchair%20Cinema&query_place_id=ChIJ8av-nwaRwCwR1Uyd36hDYKM,,,Neutral
"Jervois Rd, Darwin City NT 0800, Australia",Movie theater,Movie theater,11772483818531671253,Darwin City,AU,0x2cc091069ffeabf1:0xa36043a8df9d4cd5,https://lh3.googleusercontent.com/p/AF1QipMpDDsi-hL02VMOStb_4jTGj563Cfr6JoyIs8r_=w408-h271-k-no,False,True,en,0,-12.467646,130.842342,Down Under Safaris (Scotty & Becs),,,False,ChIJ8av-nwaRwCwR1Uyd36hDYKM,800,,10 months ago,2024-10-22T04:35:30.421Z,,2024-10-23T00:41:20.000Z,Thanks Scotty and Becs :),ChZDSUhNMG9nS0VJQ0FnSUNYcjlteEt3EAE,,,,,,,,,,,,,,,,Google,https://www.google.com/maps/reviews/data=!4m8!14m7!1m6!2m5!1sChZDSUhNMG9nS0VJQ0FnSUNYcjlteEt3EAE!2m1!1s0x0:0xa36043a8df9d4cd5!3m1!1s2@1:CIHM0ogKEICAgICXr9mxKw%7C%7C?hl=en,109924915277684727574,14,https://lh3.googleusercontent.com/a-/ALV-UjWORfK69IWJmZP3b0RX9RTkPk7o7uAgOHQm4MhV5JneIn-BvU-H=s1920-c-rp-mo-ba2-br100,https://www.google.com/maps/contrib/109924915277684727574?hl=en,781,2025-09-22T03:40:34.453Z,"Direct Detail URL: https://www.google.com/maps/place/Deckchair+Cinema/@-12.467646,130.8397671,17z/data=!3m1!4b1!4m6!3m5!1s0x2cc091069ffeabf1:0xa36043a8df9d4cd5!8m2!3d-12.467646!4d130.842342!16s%2Fg%2F1tfvqcpx?entry=ttu&g_ep=EgoyMDI1MDkxNy4wIKXMDSoASAFQAw%3D%3D",5,Northern Territory,Jervois Rd,False,,,Deckchair Cinema,4.8,,https://www.google.com/maps/search/?api=1&query=Deckchair%20Cinema&query_place_id=ChIJ8av-nwaRwCwR1Uyd36hDYKM,,,Positive
"Jervois Rd, Darwin City NT 0800, Australia",Movie theater,Movie theater,11772483818531671253,Darwin City,AU,0x2cc091069ffeabf1:0xa36043a8df9d4cd5,https://lh3.googleusercontent.com/p/AF1QipMpDDsi-hL02VMOStb_4jTGj563Cfr6JoyIs8r_=w408-h271-k-no,False,False,en,0,-12.467646,130.842342,Nathalie Cooke,,en,False,ChIJ8av-nwaRwCwR1Uyd36hDYKM,800,,11 months ago,2024-10-21T11:52:39.058Z,,2024-10-21T23:27:20.000Z,"Thanks Nathalie, we appreciate the lovely review :)",ChZDSUhNMG9nS0VJQ0FnSUNYNThLZkp3EAE,,,,,,,,,,,,,,,,Google,https://www.google.com/maps/reviews/data=!4m8!14m7!1m6!2m5!1sChZDSUhNMG9nS0VJQ0FnSUNYNThLZkp3EAE!2m1!1s0x0:0xa36043a8df9d4cd5!3m1!1s2@1:CIHM0ogKEICAgICX58KfJw%7C%7C?hl=en,101400635363384436080,12,https://lh3.googleusercontent.com/a/ACg8ocIedEAT3dwyOZW8_gDkcP1TWJTgHL1X4GtipQLlslk5s8LQZg=s1920-c-rp-mo-br100,https://www.google.com/maps/contrib/101400635363384436080?hl=en,781,2025-09-22T03:40:34.453Z,"Direct Detail URL: https://www.google.com/maps/place/Deckchair+Cinema/@-12.467646,130.8397671,17z/data=!3m1!4b1!4m6!3m5!1s0x2cc091069ffeabf1:0xa36043a8df9d4cd5!8m2!3d-12.467646!4d130.842342!16s%2Fg%2F1tfvqcpx?entry=ttu&g_ep=EgoyMDI1MDkxNy4wIKXMDSoASAFQAw%3D%3D",5,Northern Territory,Jervois Rd,False,Had an amazing and memorable evening of great entertainment at the Deckchair Cinema. It's an experience like no other!,,Deckchair Cinema,4.8,,https://www.google.com/maps/search/?api=1&query=Deckchair%20Cinema&query_place_id=ChIJ8av-nwaRwCwR1Uyd36hDYKM,,Had an amazing and memorable evening of great entertainment at the Deckchair Cinema. It's an experience like no other!,Positive
"Jervois Rd, Darwin City NT 0800, Australia",Movie theater,Movie theater,11772483818531671253,Darwin City,AU,0x2cc091069ffeabf1:0xa36043a8df9d4cd5,https://lh3.googleusercontent.com/p/AF1QipMpDDsi-hL02VMOStb_4jTGj563Cfr6JoyIs8r_=w408-h271-k-no,False,True,en,0,-12.467646,130.842342,Amy,,en,False,ChIJ8av-nwaRwCwR1Uyd36hDYKM,800,,11 months ago,2024-10-02T10:41:01.427Z,,2024-10-17T02:07:38.000Z,"Thanks Amy! SPARK is always a fun night, glad you got to experience it :)",ChZDSUhNMG9nS0VJQ0FnSURuOFBTalhBEAE,https://lh3.googleusercontent.com/geougc-cs/AB3l90CmPUvMcNWBH6S0pRT0UkvdaAKhCSWpjS-aHoaJc5NTtoxmVwslFNh2W3uNkxSuEASlXWwpaTjv9erjhtqwr-6Mb1OU0lrHOGXerwYG3gxTLD2MqL07Ow__UQkmS142cwzcqXpfmg,,,,,,,,,,,,,,,Google,https://www.google.com/maps/reviews/data=!4m8!14m7!1m6!2m5!1sChZDSUhNMG9nS0VJQ0FnSURuOFBTalhBEAE!2m1!1s0x0:0xa36043a8df9d4cd5!3m1!1s2@1:CIHM0ogKEICAgIDn8PSjXA%7C%7C?hl=en,117044219232955705713,103,https://lh3.googleusercontent.com/a-/ALV-UjWJOeVWWfIxwKIcfEwWyd55Op8v0JsEAbIblF4YXDaOacokgB8MWg=s1920-c-rp-mo-ba4-br100,https://www.google.com/maps/contrib/117044219232955705713?hl=en,781,2025-09-22T03:40:34.453Z,"Direct Detail URL: https://www.google.com/maps/place/Deckchair+Cinema/@-12.467646,130.8397671,17z/data=!3m1!4b1!4m6!3m5!1s0x2cc091069ffeabf1:0xa36043a8df9d4cd5!8m2!3d-12.467646!4d130.842342!16s%2Fg%2F1tfvqcpx?entry=ttu&g_ep=EgoyMDI1MDkxNy4wIKXMDSoASAFQAw%3D%3D",5,Northern Territory,Jervois Rd,False,"Fantastic service, location and films displayed. We were there for the closing night of DIFF and had a great time!",,Deckchair Cinema,4.8,,https://www.google.com/maps/search/?api=1&query=Deckchair%20Cinema&query_place_id=ChIJ8av-nwaRwCwR1Uyd36hDYKM,,"Fantastic service, location and films displayed. We were there for the closing night of DIFF and had a great time!",Positive
"Jervois Rd, Darwin City NT 0800, Australia",Movie theater,Movie theater,11772483818531671253,Darwin City,AU,0x2cc091069ffeabf1:0xa36043a8df9d4cd5,https://lh3.googleusercontent.com/p/AF1QipMpDDsi-hL02VMOStb_4jTGj563Cfr6JoyIs8r_=w408-h271-k-no,False,False,en,0,-12.467646,130.842342,Darren Hoffman,,,False,ChIJ8av-nwaRwCwR1Uyd36hDYKM,800,,11 months ago,2024-10-01T22:07:53.289Z,,2024-10-02T03:39:46.000Z,Thanks Darren :),ChdDSUhNMG9nS0VJQ0FnSURuZ0wyTGdnRRAB,,,,,,,,,,,,,,,,Google,https://www.google.com/maps/reviews/data=!4m8!14m7!1m6!2m5!1sChdDSUhNMG9nS0VJQ0FnSURuZ0wyTGdnRRAB!2m1!1s0x0:0xa36043a8df9d4cd5!3m1!1s2@1:CIHM0ogKEICAgIDngL2LggE%7C%7C?hl=en,106416792913523559869,2,https://lh3.googleusercontent.com/a/ACg8ocJsorvx2rLKQk99lGqjFqiCK6PrFmn9YmnwagpeyjuCThkukg=s1920-c-rp-mo-br100,https://www.google.com/maps/contrib/106416792913523559869?hl=en,781,2025-09-22T03:40:34.453Z,"Direct Detail URL: https://www.google.com/maps/place/Deckchair+Cinema/@-12.467646,130.8397671,17z/data=!3m1!4b1!4m6!3m5!1s0x2cc091069ffeabf1:0xa36043a8df9d4cd5!8m2!3d-12.467646!4d130.842342!16s%2Fg%2F1tfvqcpx?entry=ttu&g_ep=EgoyMDI1MDkxNy4wIKXMDSoASAFQAw%3D%3D",5,Northern Territory,Jervois Rd,False,,,Deckchair Cinema,4.8,,https://www.google.com/maps/search/?api=1&query=Deckchair%20Cinema&query_place_id=ChIJ8av-nwaRwCwR1Uyd36hDYKM,,,Positive
"Jervois Rd, Darwin City NT 0800, Australia",Movie theater,Movie theater,11772483818531671253,Darwin City,AU,0x2cc091069ffeabf1:0xa36043a8df9d4cd5,https://lh3.googleusercontent.com/p/AF1QipMpDDsi-hL02VMOStb_4jTGj563Cfr6JoyIs8r_=w408-h271-k-no,False,False,en,0,-12.467646,130.842342,Andreas Pohl,,en,False,ChIJ8av-nwaRwCwR1Uyd36hDYKM,800,,11 months ago,2024-10-01T12:48:06.017Z,,2024-10-02T03:39:31.000Z,Thanks Andreas! It's the lovely customers that make the cinema great ;),ChZDSUhNMG9nS0VJQ0FnSUNuNy0zdFhREAE,https://lh3.googleusercontent.com/geougc-cs/AB3l90AX8GdgS7Dby3jf8s3108t_HW_5oXJfCQIOmTHWigXZInbS-zWbL1M_VhDc_VwxrU_t-qhnhaZg5UIdC9Ve56QttKyOO3xpuqxpWG146qAQv4teE9utIeobee25pHFWLeDc2CaFuw,https://lh3.googleusercontent.com/geougc-cs/AB3l90BNqKytwvh1iZF1cdYNNM2VaqGXl3iMfUYacSmJtGANln2OFqutLPSo0QAm0ABQ89jVXo8OglAYpA7S2TrZFoeKF19nQ41Uxo5fZOe8FIe5JKAdYSpvVRG9EJDcfB7bQ6HIzJ8g,https://lh3.googleusercontent.com/geougc-cs/AB3l90AnaiLJka0hCWWMik0s-z2RqhxyaPs6T-nLIlEPi4nZMyz286Ol7HR7aVt6NyCThZqRNz5ZZ0aEUuB_vcDIfyoKnT-yNlCNQ8ar3iYvm5G9gqzDDKALBE0ejtb9lkpIzffG-ICO,https://lh3.googleusercontent.com/geougc-cs/AB3l90CCehbqcE-WC5-DhWKnEmCIpLxDC_OEublQQPrmqZ11nv99KAARR9SyQHyKyS0k0IddxS24BIRxWjoblWX2qck11qvx3wDFHwXms9TG7azG1b3uOuD65VvrFM9n3SbZVcqgmEU,,,,,,,,,,,,Google,https://www.google.com/maps/reviews/data=!4m8!14m7!1m6!2m5!1sChZDSUhNMG9nS0VJQ0FnSUNuNy0zdFhREAE!2m1!1s0x0:0xa36043a8df9d4cd5!3m1!1s2@1:CIHM0ogKEICAgICn7-3tXQ%7C%7C?hl=en,100287066459056190462,6,https://lh3.googleusercontent.com/a/ACg8ocIftG5sVmoYAE-28u9jKIGTBiXJopPSjZtOtPQTQDthdnYYXw=s1920-c-rp-mo-br100,https://www.google.com/maps/contrib/100287066459056190462?hl=en,781,2025-09-22T03:40:34.453Z,"Direct Detail URL: https://www.google.com/maps/place/Deckchair+Cinema/@-12.467646,130.8397671,17z/data=!3m1!4b1!4m6!3m5!1s0x2cc091069ffeabf1:0xa36043a8df9d4cd5!8m2!3d-12.467646!4d130.842342!16s%2Fg%2F1tfvqcpx?entry=ttu&g_ep=EgoyMDI1MDkxNy4wIKXMDSoASAFQAw%3D%3D",5,Northern Territory,Jervois Rd,False,"Must-visit location! Having good food and a cold drink for reasonable prices while watching the sunset.....followed by a movie watched from a deck chair even with a cushion to lay perfectly comfortable. Nice people, good vibes... a perfect evening 👍",,Deckchair Cinema,4.8,,https://www.google.com/maps/search/?api=1&query=Deckchair%20Cinema&query_place_id=ChIJ8av-nwaRwCwR1Uyd36hDYKM,,"Must-visit location! Having good food and a cold drink for reasonable prices while watching the sunset.....followed by a movie watched from a deck chair even with a cushion to lay perfectly comfortable. Nice people, good vibes... a perfect evening 👍",Positive
"Jervois Rd, Darwin City NT 0800, Australia",Movie theater,Movie theater,11772483818531671253,Darwin City,AU,0x2cc091069ffeabf1:0xa36043a8df9d4cd5,https://lh3.googleusercontent.com/p/AF1QipMpDDsi-hL02VMOStb_4jTGj563Cfr6JoyIs8r_=w408-h271-k-no,False,True,en,0,-12.467646,130.842342,Mathias Grüttner,,,False,ChIJ8av-nwaRwCwR1Uyd36hDYKM,800,,11 months ago,2024-09-29T04:18:00.838Z,,2024-09-29T23:49:54.000Z,Thanks Mathias - glad you enjoy the cinema :),ChdDSUhNMG9nS0VJQ0FnSUNuZ19EdXdRRRAB,,,,,,,,,,,,,,,,Google,https://www.google.com/maps/reviews/data=!4m8!14m7!1m6!2m5!1sChdDSUhNMG9nS0VJQ0FnSUNuZ19EdXdRRRAB!2m1!1s0x0:0xa36043a8df9d4cd5!3m1!1s2@1:CIHM0ogKEICAgICng_DuwQE%7C%7C?hl=en,106128234959550757382,10,https://lh3.googleusercontent.com/a/ACg8ocJN0BuyLekoXjZRAlFe7EUFTSehzPHwBsu-9rCxC-6wlZVcBg=s1920-c-rp-mo-ba2-br100,https://www.google.com/maps/contrib/106128234959550757382?hl=en,781,2025-09-22T03:40:34.453Z,"Direct Detail URL: https://www.google.com/maps/place/Deckchair+Cinema/@-12.467646,130.8397671,17z/data=!3m1!4b1!4m6!3m5!1s0x2cc091069ffeabf1:0xa36043a8df9d4cd5!8m2!3d-12.467646!4d130.842342!16s%2Fg%2F1tfvqcpx?entry=ttu&g_ep=EgoyMDI1MDkxNy4wIKXMDSoASAFQAw%3D%3D",5,Northern Territory,Jervois Rd,False,,,Deckchair Cinema,4.8,,https://www.google.com/maps/search/?api=1&query=Deckchair%20Cinema&query_place_id=ChIJ8av-nwaRwCwR1Uyd36hDYKM,,,Positive
"Jervois Rd, Darwin City NT 0800, Australia",Movie theater,Movie theater,11772483818531671253,Darwin City,AU,0x2cc091069ffeabf1:0xa36043a8df9d4cd5,https://lh3.googleusercontent.com/p/AF1QipMpDDsi-hL02VMOStb_4jTGj563Cfr6JoyIs8r_=w408-h271-k-no,False,True,en,0,-12.467646,130.842342,Mick M,,,False,ChIJ8av-nwaRwCwR1Uyd36hDYKM,800,,a year ago,2024-09-15T03:55:18.056Z,,2024-09-15T04:30:54.000Z,"Thanks Mick, glad you enjoyed the cinema!",ChdDSUhNMG9nS0VJQ0FnSURILXNpQWtnRRAB,,,,,,,,,,,,,,,,Google,https://www.google.com/maps/reviews/data=!4m8!14m7!1m6!2m5!1sChdDSUhNMG9nS0VJQ0FnSURILXNpQWtnRRAB!2m1!1s0x0:0xa36043a8df9d4cd5!3m1!1s2@1:CIHM0ogKEICAgIDH-siAkgE%7C%7C?hl=en,103660221573288350112,6,https://lh3.googleusercontent.com/a/ACg8ocKQaXutXDHJsvNa9yEKLPo0iiRvJZDQYQwTd-qcNnBRfXqNzg=s1920-c-rp-mo-ba3-br100,https://www.google.com/maps/contrib/103660221573288350112?hl=en,781,2025-09-22T03:40:34.453Z,"Direct Detail URL: https://www.google.com/maps/place/Deckchair+Cinema/@-12.467646,130.8397671,17z/data=!3m1!4b1!4m6!3m5!1s0x2cc091069ffeabf1:0xa36043a8df9d4cd5!8m2!3d-12.467646!4d130.842342!16s%2Fg%2F1tfvqcpx?entry=ttu&g_ep=EgoyMDI1MDkxNy4wIKXMDSoASAFQAw%3D%3D",5,Northern Territory,Jervois Rd,False,,,Deckchair Cinema,4.8,,https://www.google.com/maps/search/?api=1&query=Deckchair%20Cinema&query_place_id=ChIJ8av-nwaRwCwR1Uyd36hDYKM,,,Positive
"Jervois Rd, Darwin City NT 0800, Australia",Movie theater,Movie theater,11772483818531671253,Darwin City,AU,0x2cc091069ffeabf1:0xa36043a8df9d4cd5,https://lh3.googleusercontent.com/p/AF1QipMpDDsi-hL02VMOStb_4jTGj563Cfr6JoyIs8r_=w408-h271-k-no,False,True,en,0,-12.467646,130.842342,Russell Boyce,,,False,ChIJ8av-nwaRwCwR1Uyd36hDYKM,800,,a year ago,2024-09-11T07:56:02.275Z,,2024-09-15T04:41:31.000Z,Thanks Russell! Much appreciated.,ChZDSUhNMG9nS0VJQ0FnSURINEtERUZBEAE,,,,,,,,,,,,,,,,Google,https://www.google.com/maps/reviews/data=!4m8!14m7!1m6!2m5!1sChZDSUhNMG9nS0VJQ0FnSURINEtERUZBEAE!2m1!1s0x0:0xa36043a8df9d4cd5!3m1!1s2@1:CIHM0ogKEICAgIDH4KDEFA%7C%7C?hl=en,116714477018775831000,31,https://lh3.googleusercontent.com/a-/ALV-UjVIK3Hw6nkE7EZRbqZRChNKApKOScNk9edZQIl5AXB_PDZIqTW00w=s1920-c-rp-mo-ba4-br100,https://www.google.com/maps/contrib/116714477018775831000?hl=en,781,2025-09-22T03:40:34.453Z,"Direct Detail URL: https://www.google.com/maps/place/Deckchair+Cinema/@-12.467646,130.8397671,17z/data=!3m1!4b1!4m6!3m5!1s0x2cc091069ffeabf1:0xa36043a8df9d4cd5!8m2!3d-12.467646!4d130.842342!16s%2Fg%2F1tfvqcpx?entry=ttu&g_ep=EgoyMDI1MDkxNy4wIKXMDSoASAFQAw%3D%3D",5,Northern Territory,Jervois Rd,False,,,Deckchair Cinema,4.8,,https://www.google.com/maps/search/?api=1&query=Deckchair%20Cinema&query_place_id=ChIJ8av-nwaRwCwR1Uyd36hDYKM,,,Positive
"Jervois Rd, Darwin City NT 0800, Australia",Movie theater,Movie theater,11772483818531671253,Darwin City,AU,0x2cc091069ffeabf1:0xa36043a8df9d4cd5,https://lh3.googleusercontent.com/p/AF1QipMpDDsi-hL02VMOStb_4jTGj563Cfr6JoyIs8r_=w408-h271-k-no,False,True,en,0,-12.467646,130.842342,Yoshi 426,,en,False,ChIJ8av-nwaRwCwR1Uyd36hDYKM,800,,a year ago,2024-09-11T00:08:10.289Z,,2024-09-11T00:42:29.000Z,Thanks Yoshi! :),ChdDSUhNMG9nS0VJQ0FnSURIZ1BpVnZ3RRAB,,,,,,,,,,,,,,,,Google,https://www.google.com/maps/reviews/data=!4m8!14m7!1m6!2m5!1sChdDSUhNMG9nS0VJQ0FnSURIZ1BpVnZ3RRAB!2m1!1s0x0:0xa36043a8df9d4cd5!3m1!1s2@1:CIHM0ogKEICAgIDHgPiVvwE%7C%7C?hl=en,117821173337119457443,16,https://lh3.googleusercontent.com/a-/ALV-UjVfIgfR3onKqOzErFawk7OYovHRJLOMaLym7tMXuWOoyWOKye_-=s1920-c-rp-mo-ba2-br100,https://www.google.com/maps/contrib/117821173337119457443?hl=en,781,2025-09-22T03:40:34.453Z,"Direct Detail URL: https://www.google.com/maps/place/Deckchair+Cinema/@-12.467646,130.8397671,17z/data=!3m1!4b1!4m6!3m5!1s0x2cc091069ffeabf1:0xa36043a8df9d4cd5!8m2!3d-12.467646!4d130.842342!16s%2Fg%2F1tfvqcpx?entry=ttu&g_ep=EgoyMDI1MDkxNy4wIKXMDSoASAFQAw%3D%3D",5,Northern Territory,Jervois Rd,False,I ❤️ this Vibe,,Deckchair Cinema,4.8,,https://www.google.com/maps/search/?api=1&query=Deckchair%20Cinema&query_place_id=ChIJ8av-nwaRwCwR1Uyd36hDYKM,,I ❤️ this Vibe,Neutral
"Jervois Rd, Darwin City NT 0800, Australia",Movie theater,Movie theater,11772483818531671253,Darwin City,AU,0x2cc091069ffeabf1:0xa36043a8df9d4cd5,https://lh3.googleusercontent.com/p/AF1QipMpDDsi-hL02VMOStb_4jTGj563Cfr6JoyIs8r_=w408-h271-k-no,False,True,en,0,-12.467646,130.842342,Kumari Murugesan,,,False,ChIJ8av-nwaRwCwR1Uyd36hDYKM,800,,a year ago,2024-09-03T12:03:15.986Z,,2024-09-04T00:26:56.000Z,Thanks Kumari :),ChZDSUhNMG9nS0VJQ0FnSUNIOHY3M0xREAE,,,,,,,,,,,,,,,,Google,https://www.google.com/maps/reviews/data=!4m8!14m7!1m6!2m5!1sChZDSUhNMG9nS0VJQ0FnSUNIOHY3M0xREAE!2m1!1s0x0:0xa36043a8df9d4cd5!3m1!1s2@1:CIHM0ogKEICAgICH8v73LQ%7C%7C?hl=en,116566175597292908136,11,https://lh3.googleusercontent.com/a-/ALV-UjX93ZaZSSfENOWm41SCgxkI--mqPymJHtqe_TPSSC4bXvDKAa7Y=s1920-c-rp-mo-ba2-br100,https://www.google.com/maps/contrib/116566175597292908136?hl=en,781,2025-09-22T03:40:34.453Z,"Direct Detail URL: https://www.google.com/maps/place/Deckchair+Cinema/@-12.467646,130.8397671,17z/data=!3m1!4b1!4m6!3m5!1s0x2cc091069ffeabf1:0xa36043a8df9d4cd5!8m2!3d-12.467646!4d130.842342!16s%2Fg%2F1tfvqcpx?entry=ttu&g_ep=EgoyMDI1MDkxNy4wIKXMDSoASAFQAw%3D%3D",4,Northern Territory,Jervois Rd,False,,,Deckchair Cinema,4.8,,https://www.google.com/maps/search/?api=1&query=Deckchair%20Cinema&query_place_id=ChIJ8av-nwaRwCwR1Uyd36hDYKM,,,Positive
"Jervois Rd, Darwin City NT 0800, Australia",Movie theater,Movie theater,11772483818531671253,Darwin City,AU,0x2cc091069ffeabf1:0xa36043a8df9d4cd5,https://lh3.googleusercontent.com/p/AF1QipMpDDsi-hL02VMOStb_4jTGj563Cfr6JoyIs8r_=w408-h271-k-no,False,True,en,0,-12.467646,130.842342,Alvaro Cervera,,,False,ChIJ8av-nwaRwCwR1Uyd36hDYKM,800,,Edited a year ago,2024-09-01T04:40:36.160Z,,2019-11-07T23:48:13.000Z,Thanks Alvaro! That's a lovely thing to hear. I'll pass this onto the rest of the team here at Deckchair :),ChZDSUhNMG9nS0VJQ0FnSURJdnNuVFRBEAE,,,,,,,,,,,,,,,,Google,https://www.google.com/maps/reviews/data=!4m8!14m7!1m6!2m5!1sChZDSUhNMG9nS0VJQ0FnSURJdnNuVFRBEAE!2m1!1s0x0:0xa36043a8df9d4cd5!3m1!1s2@1:CIHM0ogKEICAgIDIvsnTTA%7C%7C?hl=en,108845183366635381804,287,https://lh3.googleusercontent.com/a-/ALV-UjX_9TenCEiwyHU6wHY1War1JAVarpnA02QwLTehixWbT88oIVL5=s1920-c-rp-mo-ba6-br100,https://www.google.com/maps/contrib/108845183366635381804?hl=en,781,2025-09-22T03:40:34.453Z,"Direct Detail URL: https://www.google.com/maps/place/Deckchair+Cinema/@-12.467646,130.8397671,17z/data=!3m1!4b1!4m6!3m5!1s0x2cc091069ffeabf1:0xa36043a8df9d4cd5!8m2!3d-12.467646!4d130.842342!16s%2Fg%2F1tfvqcpx?entry=ttu&g_ep=EgoyMDI1MDkxNy4wIKXMDSoASAFQAw%3D%3D",5,Northern Territory,Jervois Rd,False,,,Deckchair Cinema,4.8,,https://www.google.com/maps/search/?api=1&query=Deckchair%20Cinema&query_place_id=ChIJ8av-nwaRwCwR1Uyd36hDYKM,,,Positive
"Jervois Rd, Darwin City NT 0800, Australia",Movie theater,Movie theater,11772483818531671253,Darwin City,AU,0x2cc091069ffeabf1:0xa36043a8df9d4cd5,https://lh3.googleusercontent.com/p/AF1QipMpDDsi-hL02VMOStb_4jTGj563Cfr6JoyIs8r_=w408-h271-k-no,False,False,en,0,-12.467646,130.842342,Agnieszka Janus,,,False,ChIJ8av-nwaRwCwR1Uyd36hDYKM,800,,a year ago,2024-08-19T12:18:54.444Z,,2024-09-04T00:27:18.000Z,"Thanks Agnieszka, glad you enjoyed the cinema :)",ChZDSUhNMG9nS0VJQ0FnSUM3NzlxUEdREAE,,,,,,,,,,,,,,,,Google,https://www.google.com/maps/reviews/data=!4m8!14m7!1m6!2m5!1sChZDSUhNMG9nS0VJQ0FnSUM3NzlxUEdREAE!2m1!1s0x0:0xa36043a8df9d4cd5!3m1!1s2@1:CIHM0ogKEICAgIC779qPGQ%7C%7C?hl=en,106232335755093157510,15,https://lh3.googleusercontent.com/a/ACg8ocIS6FoPSuzlWpGyfg8n5OpqQCRB--dfzxwA-m5b_MFGABvD4Q=s1920-c-rp-mo-br100,https://www.google.com/maps/contrib/106232335755093157510?hl=en,781,2025-09-22T03:40:34.453Z,"Direct Detail URL: https://www.google.com/maps/place/Deckchair+Cinema/@-12.467646,130.8397671,17z/data=!3m1!4b1!4m6!3m5!1s0x2cc091069ffeabf1:0xa36043a8df9d4cd5!8m2!3d-12.467646!4d130.842342!16s%2Fg%2F1tfvqcpx?entry=ttu&g_ep=EgoyMDI1MDkxNy4wIKXMDSoASAFQAw%3D%3D",5,Northern Territory,Jervois Rd,False,,,Deckchair Cinema,4.8,,https://www.google.com/maps/search/?api=1&query=Deckchair%20Cinema&query_place_id=ChIJ8av-nwaRwCwR1Uyd36hDYKM,,,Positive
"Jervois Rd, Darwin City NT 0800, Australia",Movie theater,Movie theater,11772483818531671253,Darwin City,AU,0x2cc091069ffeabf1:0xa36043a8df9d4cd5,https://lh3.googleusercontent.com/p/AF1QipMpDDsi-hL02VMOStb_4jTGj563Cfr6JoyIs8r_=w408-h271-k-no,False,True,en,0,-12.467646,130.842342,Eth,,en,False,ChIJ8av-nwaRwCwR1Uyd36hDYKM,800,,a year ago,2024-08-14T04:00:32.224Z,,2024-08-14T04:54:06.000Z,Thanks Eth!,ChZDSUhNMG9nS0VJQ0FnSUM3b3VPcGJ3EAE,,,,,,,,,,,,,,,,Google,https://www.google.com/maps/reviews/data=!4m8!14m7!1m6!2m5!1sChZDSUhNMG9nS0VJQ0FnSUM3b3VPcGJ3EAE!2m1!1s0x0:0xa36043a8df9d4cd5!3m1!1s2@1:CIHM0ogKEICAgIC7ouOpbw%7C%7C?hl=en,109228912017023929885,127,https://lh3.googleusercontent.com/a/ACg8ocL1UHB7GxO64Xryt49pApriWOivIjJAxQvS4jipKvQTrCcLFQ=s1920-c-rp-mo-ba4-br100,https://www.google.com/maps/contrib/109228912017023929885?hl=en,781,2025-09-22T03:40:34.453Z,"Direct Detail URL: https://www.google.com/maps/place/Deckchair+Cinema/@-12.467646,130.8397671,17z/data=!3m1!4b1!4m6!3m5!1s0x2cc091069ffeabf1:0xa36043a8df9d4cd5!8m2!3d-12.467646!4d130.842342!16s%2Fg%2F1tfvqcpx?entry=ttu&g_ep=EgoyMDI1MDkxNy4wIKXMDSoASAFQAw%3D%3D",5,Northern Territory,Jervois Rd,False,Such a beautiful spot,,Deckchair Cinema,4.8,,https://www.google.com/maps/search/?api=1&query=Deckchair%20Cinema&query_place_id=ChIJ8av-nwaRwCwR1Uyd36hDYKM,,Such a beautiful spot,Positive
"Jervois Rd, Darwin City NT 0800, Australia",Movie theater,Movie theater,11772483818531671253,Darwin City,AU,0x2cc091069ffeabf1:0xa36043a8df9d4cd5,https://lh3.googleusercontent.com/p/AF1QipMpDDsi-hL02VMOStb_4jTGj563Cfr6JoyIs8r_=w408-h271-k-no,False,True,en,0,-12.467646,130.842342,Gary Rice,,en,False,ChIJ8av-nwaRwCwR1Uyd36hDYKM,800,,a year ago,2024-08-09T12:01:04.268Z,,2024-08-09T20:19:53.000Z,Thanks Gary :),ChdDSUhNMG9nS0VJQ0FnSURieThqSmh3RRAB,,,,,,,,,,,,,,,,Google,https://www.google.com/maps/reviews/data=!4m8!14m7!1m6!2m5!1sChdDSUhNMG9nS0VJQ0FnSURieThqSmh3RRAB!2m1!1s0x0:0xa36043a8df9d4cd5!3m1!1s2@1:CIHM0ogKEICAgIDby8jJhwE%7C%7C?hl=en,117233349969465385477,51,https://lh3.googleusercontent.com/a/ACg8ocLnmZuGIIOL5zpoU0PBQRI7jAOeu-j4Rcp6nTAGmK_hgp2jcg=s1920-c-rp-mo-ba3-br100,https://www.google.com/maps/contrib/117233349969465385477?hl=en,781,2025-09-22T03:40:34.453Z,"Direct Detail URL: https://www.google.com/maps/place/Deckchair+Cinema/@-12.467646,130.8397671,17z/data=!3m1!4b1!4m6!3m5!1s0x2cc091069ffeabf1:0xa36043a8df9d4cd5!8m2!3d-12.467646!4d130.842342!16s%2Fg%2F1tfvqcpx?entry=ttu&g_ep=EgoyMDI1MDkxNy4wIKXMDSoASAFQAw%3D%3D",5,Northern Territory,Jervois Rd,False,"Watched Grease, so good to be able to watch it outside. Just take midgy spray",,Deckchair Cinema,4.8,,https://www.google.com/maps/search/?api=1&query=Deckchair%20Cinema&query_place_id=ChIJ8av-nwaRwCwR1Uyd36hDYKM,,"Watched Grease, so good to be able to watch it outside. Just take midgy spray",Positive
"Jervois Rd, Darwin City NT 0800, Australia",Movie theater,Movie theater,11772483818531671253,Darwin City,AU,0x2cc091069ffeabf1:0xa36043a8df9d4cd5,https://lh3.googleusercontent.com/p/AF1QipMpDDsi-hL02VMOStb_4jTGj563Cfr6JoyIs8r_=w408-h271-k-no,False,True,en,0,-12.467646,130.842342,Joyce Lepper,,en,False,ChIJ8av-nwaRwCwR1Uyd36hDYKM,800,,a year ago,2024-07-24T21:44:22.007Z,,2024-07-25T20:11:10.000Z,Thank you so much Joyce :),ChZDSUhNMG9nS0VJQ0FnSUNiZ3FPZkNBEAE,,,,,,,,,,,,,,,,Google,https://www.google.com/maps/reviews/data=!4m8!14m7!1m6!2m5!1sChZDSUhNMG9nS0VJQ0FnSUNiZ3FPZkNBEAE!2m1!1s0x0:0xa36043a8df9d4cd5!3m1!1s2@1:CIHM0ogKEICAgICbgqOfCA%7C%7C?hl=en,100535804141124584326,116,https://lh3.googleusercontent.com/a-/ALV-UjWSIzoqbCiCfS8x-6zqnfKskkCZhpV5mue12N25vfBCUiB07-Be8g=s1920-c-rp-mo-ba4-br100,https://www.google.com/maps/contrib/100535804141124584326?hl=en,781,2025-09-22T03:40:34.453Z,"Direct Detail URL: https://www.google.com/maps/place/Deckchair+Cinema/@-12.467646,130.8397671,17z/data=!3m1!4b1!4m6!3m5!1s0x2cc091069ffeabf1:0xa36043a8df9d4cd5!8m2!3d-12.467646!4d130.842342!16s%2Fg%2F1tfvqcpx?entry=ttu&g_ep=EgoyMDI1MDkxNy4wIKXMDSoASAFQAw%3D%3D",5,Northern Territory,Jervois Rd,False,"Lovely outdoor cinema, comfortable, good service, free insect repellent.",,Deckchair Cinema,4.8,,https://www.google.com/maps/search/?api=1&query=Deckchair%20Cinema&query_place_id=ChIJ8av-nwaRwCwR1Uyd36hDYKM,,"Lovely outdoor cinema, comfortable, good service, free insect repellent.",Positive
"Jervois Rd, Darwin City NT 0800, Australia",Movie theater,Movie theater,11772483818531671253,Darwin City,AU,0x2cc091069ffeabf1:0xa36043a8df9d4cd5,https://lh3.googleusercontent.com/p/AF1QipMpDDsi-hL02VMOStb_4jTGj563Cfr6JoyIs8r_=w408-h271-k-no,False,True,en,0,-12.467646,130.842342,Marc Daníel Skipstað Volhardt,,en,False,ChIJ8av-nwaRwCwR1Uyd36hDYKM,800,,a year ago,2024-07-23T12:05:44.715Z,,2024-07-25T20:11:53.000Z,"Thanks Marc, this is lovely to hear! Glad you enjoyed the cinema.",ChdDSUhNMG9nS0VJQ0FnSUNieEtyOHBRRRAB,https://lh3.googleusercontent.com/geougc-cs/AB3l90CGt-ObkwFx1Gsa4zgfmfCoJWRuYKUuPfa3DhQtojDak9fpzs9fvEKpbgcOz3r2DbKDQo8RiY6G5P3o47_ZqvL8AvAutS05adburzwWOrlZQcdtQctdf1UtvysgGuLCHpkjnT21,,,,,,,,,,,,,,,Google,https://www.google.com/maps/reviews/data=!4m8!14m7!1m6!2m5!1sChdDSUhNMG9nS0VJQ0FnSUNieEtyOHBRRRAB!2m1!1s0x0:0xa36043a8df9d4cd5!3m1!1s2@1:CIHM0ogKEICAgICbxKr8pQE%7C%7C?hl=en,101448026202678502885,57,https://lh3.googleusercontent.com/a-/ALV-UjXdLMOwj19TrjlRZr7RkOZc0x0qwcUP_u_driWnuZe0nd8HA1UDDA=s1920-c-rp-mo-ba4-br100,https://www.google.com/maps/contrib/101448026202678502885?hl=en,781,2025-09-22T03:40:34.453Z,"Direct Detail URL: https://www.google.com/maps/place/Deckchair+Cinema/@-12.467646,130.8397671,17z/data=!3m1!4b1!4m6!3m5!1s0x2cc091069ffeabf1:0xa36043a8df9d4cd5!8m2!3d-12.467646!4d130.842342!16s%2Fg%2F1tfvqcpx?entry=ttu&g_ep=EgoyMDI1MDkxNy4wIKXMDSoASAFQAw%3D%3D",5,Northern Territory,Jervois Rd,False,"I had literal goosebumps a quarter of the time I was there. The movie was so pretty, and so was the setting of this wonderful outdoor cinema. Bats flying around, crickets in the bushes, a wide selection of drinks. Just beautiful. Thanks for a wonderful evening!",,Deckchair Cinema,4.8,,https://www.google.com/maps/search/?api=1&query=Deckchair%20Cinema&query_place_id=ChIJ8av-nwaRwCwR1Uyd36hDYKM,,"I had literal goosebumps a quarter of the time I was there. The movie was so pretty, and so was the setting of this wonderful outdoor cinema. Bats flying around, crickets in the bushes, a wide selection of drinks. Just beautiful. Thanks for a wonderful evening!",Positive
"Jervois Rd, Darwin City NT 0800, Australia",Movie theater,Movie theater,11772483818531671253,Darwin City,AU,0x2cc091069ffeabf1:0xa36043a8df9d4cd5,https://lh3.googleusercontent.com/p/AF1QipMpDDsi-hL02VMOStb_4jTGj563Cfr6JoyIs8r_=w408-h271-k-no,False,True,en,0,-12.467646,130.842342,greg swanton,,en,False,ChIJ8av-nwaRwCwR1Uyd36hDYKM,800,,a year ago,2024-07-23T10:39:19.294Z,,2024-07-25T20:12:05.000Z,Thanks Greg :),ChZDSUhNMG9nS0VJQ0FnSUNiaFA3b0d3EAE,,,,,,,,,,,,,,,,Google,https://www.google.com/maps/reviews/data=!4m8!14m7!1m6!2m5!1sChZDSUhNMG9nS0VJQ0FnSUNiaFA3b0d3EAE!2m1!1s0x0:0xa36043a8df9d4cd5!3m1!1s2@1:CIHM0ogKEICAgICbhP7oGw%7C%7C?hl=en,105456892428719755771,545,https://lh3.googleusercontent.com/a/ACg8ocKSm9TEvxMwgJAtICwLEy42VQxMaM9ZsnLtRHZn43757T4uFg=s1920-c-rp-mo-ba7-br100,https://www.google.com/maps/contrib/105456892428719755771?hl=en,781,2025-09-22T03:40:34.453Z,"Direct Detail URL: https://www.google.com/maps/place/Deckchair+Cinema/@-12.467646,130.8397671,17z/data=!3m1!4b1!4m6!3m5!1s0x2cc091069ffeabf1:0xa36043a8df9d4cd5!8m2!3d-12.467646!4d130.842342!16s%2Fg%2F1tfvqcpx?entry=ttu&g_ep=EgoyMDI1MDkxNy4wIKXMDSoASAFQAw%3D%3D",5,Northern Territory,Jervois Rd,False,A rich unique Darwin experience.  A great night out!,,Deckchair Cinema,4.8,,https://www.google.com/maps/search/?api=1&query=Deckchair%20Cinema&query_place_id=ChIJ8av-nwaRwCwR1Uyd36hDYKM,,A rich unique Darwin experience.  A great night out!,Positive
"Jervois Rd, Darwin City NT 0800, Australia",Movie theater,Movie theater,11772483818531671253,Darwin City,AU,0x2cc091069ffeabf1:0xa36043a8df9d4cd5,https://lh3.googleusercontent.com/p/AF1QipMpDDsi-hL02VMOStb_4jTGj563Cfr6JoyIs8r_=w408-h271-k-no,False,True,en,0,-12.467646,130.842342,Sarah Nicole,,en,False,ChIJ8av-nwaRwCwR1Uyd36hDYKM,800,,a year ago,2024-07-21T01:51:48.632Z,,2024-07-21T23:17:22.000Z,"Thanks Sarah, glad you enjoyed the cinema :)",ChZDSUhNMG9nS0VJQ0FnSURyMTdpaEdBEAE,,,,,,,,,,,,,,,,Google,https://www.google.com/maps/reviews/data=!4m8!14m7!1m6!2m5!1sChZDSUhNMG9nS0VJQ0FnSURyMTdpaEdBEAE!2m1!1s0x0:0xa36043a8df9d4cd5!3m1!1s2@1:CIHM0ogKEICAgIDr17ihGA%7C%7C?hl=en,106365699028318412840,18,https://lh3.googleusercontent.com/a/ACg8ocKOtyT0HL0PKXrq84YPtWLCD5bW0LMKs8odJ7HmlHMUZwOrcw=s1920-c-rp-mo-ba2-br100,https://www.google.com/maps/contrib/106365699028318412840?hl=en,781,2025-09-22T03:40:34.453Z,"Direct Detail URL: https://www.google.com/maps/place/Deckchair+Cinema/@-12.467646,130.8397671,17z/data=!3m1!4b1!4m6!3m5!1s0x2cc091069ffeabf1:0xa36043a8df9d4cd5!8m2!3d-12.467646!4d130.842342!16s%2Fg%2F1tfvqcpx?entry=ttu&g_ep=EgoyMDI1MDkxNy4wIKXMDSoASAFQAw%3D%3D",5,Northern Territory,Jervois Rd,False,"Great set up, comfy chairs, great food to eat at sunset before the movie",,Deckchair Cinema,4.8,,https://www.google.com/maps/search/?api=1&query=Deckchair%20Cinema&query_place_id=ChIJ8av-nwaRwCwR1Uyd36hDYKM,,"Great set up, comfy chairs, great food to eat at sunset before the movie",Positive
"Jervois Rd, Darwin City NT 0800, Australia",Movie theater,Movie theater,11772483818531671253,Darwin City,AU,0x2cc091069ffeabf1:0xa36043a8df9d4cd5,https://lh3.googleusercontent.com/p/AF1QipMpDDsi-hL02VMOStb_4jTGj563Cfr6JoyIs8r_=w408-h271-k-no,False,True,en,0,-12.467646,130.842342,Suzie Dimblad,,en,False,ChIJ8av-nwaRwCwR1Uyd36hDYKM,800,,a year ago,2024-07-20T00:03:54.388Z,,2024-07-21T23:17:45.000Z,"Thanks Suzie, lovely review :)",ChZDSUhNMG9nS0VJQ0FnSURyMDZLM2F3EAE,,,,,,,,,,,,,,,,Google,https://www.google.com/maps/reviews/data=!4m8!14m7!1m6!2m5!1sChZDSUhNMG9nS0VJQ0FnSURyMDZLM2F3EAE!2m1!1s0x0:0xa36043a8df9d4cd5!3m1!1s2@1:CIHM0ogKEICAgIDr06K3aw%7C%7C?hl=en,106194502771603152727,38,https://lh3.googleusercontent.com/a/ACg8ocK_6RgRgg6NyScydinUbrEQirnj9x9hijiKpbrxRQwSUGeKcrh5=s1920-c-rp-mo-ba3-br100,https://www.google.com/maps/contrib/106194502771603152727?hl=en,781,2025-09-22T03:40:34.453Z,"Direct Detail URL: https://www.google.com/maps/place/Deckchair+Cinema/@-12.467646,130.8397671,17z/data=!3m1!4b1!4m6!3m5!1s0x2cc091069ffeabf1:0xa36043a8df9d4cd5!8m2!3d-12.467646!4d130.842342!16s%2Fg%2F1tfvqcpx?entry=ttu&g_ep=EgoyMDI1MDkxNy4wIKXMDSoASAFQAw%3D%3D",5,Northern Territory,Jervois Rd,False,Just the most amazing cinema. My fave in the world.  Cosy watching movie under the stars.,,Deckchair Cinema,4.8,,https://www.google.com/maps/search/?api=1&query=Deckchair%20Cinema&query_place_id=ChIJ8av-nwaRwCwR1Uyd36hDYKM,,Just the most amazing cinema. My fave in the world.  Cosy watching movie under the stars.,Positive
"Jervois Rd, Darwin City NT 0800, Australia",Movie theater,Movie theater,11772483818531671253,Darwin City,AU,0x2cc091069ffeabf1:0xa36043a8df9d4cd5,https://lh3.googleusercontent.com/p/AF1QipMpDDsi-hL02VMOStb_4jTGj563Cfr6JoyIs8r_=w408-h271-k-no,False,True,en,0,-12.467646,130.842342,Victoria Richards,,en,False,ChIJ8av-nwaRwCwR1Uyd36hDYKM,800,,a year ago,2024-07-19T09:24:57.537Z,,2024-07-21T23:18:39.000Z,Thanks Victoria! We love seeing the bats too :),ChZDSUhNMG9nS0VJQ0FnSURybmRDOEV3EAE,https://lh3.googleusercontent.com/geougc-cs/AB3l90AOc80tc2I0dIqHQ-U2k4wv4yPfsCY4Z20PLXEM__gjcJeZCrUX939rq-Zcsm_6FED-dPGq3VJKGNKIoPbqZ8OQfuFJDnrZ3HYdAHAL6KaufsRfkl8x6htevujvMAzR8Yh9cQDf,https://lh3.googleusercontent.com/geougc-cs/AB3l90Bff8YbGdh1P9kl93Qb32T1MQ7Wtll4vEyPh90PGYvWnzkPZBenvx-EYUNqj3OUGueeI-B2gOS4v9sJzsG5Z2loraVJKiwUxERl0XiFAYJwoE4Aq3IzPl9AC6UjHO-clfaA54o4,,,,,,,,,,,,,,Google,https://www.google.com/maps/reviews/data=!4m8!14m7!1m6!2m5!1sChZDSUhNMG9nS0VJQ0FnSURybmRDOEV3EAE!2m1!1s0x0:0xa36043a8df9d4cd5!3m1!1s2@1:CIHM0ogKEICAgIDrndC8Ew%7C%7C?hl=en,106056347195528809109,19,https://lh3.googleusercontent.com/a-/ALV-UjXJBKSOAJZUWn_T1dHcGYf8nhy2HkkDGSFRbmoUF0Mb61ekv7c=s1920-c-rp-mo-ba3-br100,https://www.google.com/maps/contrib/106056347195528809109?hl=en,781,2025-09-22T03:40:34.453Z,"Direct Detail URL: https://www.google.com/maps/place/Deckchair+Cinema/@-12.467646,130.8397671,17z/data=!3m1!4b1!4m6!3m5!1s0x2cc091069ffeabf1:0xa36043a8df9d4cd5!8m2!3d-12.467646!4d130.842342!16s%2Fg%2F1tfvqcpx?entry=ttu&g_ep=EgoyMDI1MDkxNy4wIKXMDSoASAFQAw%3D%3D",5,Northern Territory,Jervois Rd,False,"This is such a great experience!! Had a few bats swoop overhead, which added to the outdoor experience. Highly recommend visiting here",,Deckchair Cinema,4.8,,https://www.google.com/maps/search/?api=1&query=Deckchair%20Cinema&query_place_id=ChIJ8av-nwaRwCwR1Uyd36hDYKM,,"This is such a great experience!! Had a few bats swoop overhead, which added to the outdoor experience. Highly recommend visiting here",Positive
"Jervois Rd, Darwin City NT 0800, Australia",Movie theater,Movie theater,11772483818531671253,Darwin City,AU,0x2cc091069ffeabf1:0xa36043a8df9d4cd5,https://lh3.googleusercontent.com/p/AF1QipMpDDsi-hL02VMOStb_4jTGj563Cfr6JoyIs8r_=w408-h271-k-no,False,True,en,0,-12.467646,130.842342,Gaye Fitch,,en,False,ChIJ8av-nwaRwCwR1Uyd36hDYKM,800,,a year ago,2024-07-11T00:05:10.082Z,,2024-07-11T00:34:04.000Z,"Hi Gaye,
We're sorry to hear that you were unhappy with the short film that night. We're reviewing our short film programming process for future screenings.
We've emailed all of the ticket holders, if you did not receive an email please contact us on info@deckchaircinema.com
Kind regards,
The Deckchair Cinema Team",ChdDSUhNMG9nS0VJQ0FnSUNyazZ1amtBRRAB,,,,,,,,,,,,,,,,Google,https://www.google.com/maps/reviews/data=!4m8!14m7!1m6!2m5!1sChdDSUhNMG9nS0VJQ0FnSUNyazZ1amtBRRAB!2m1!1s0x0:0xa36043a8df9d4cd5!3m1!1s2@1:CIHM0ogKEICAgICrk6ujkAE%7C%7C?hl=en,114063898970314169571,76,https://lh3.googleusercontent.com/a/ACg8ocK42BrWNQuxZJYDfMJ8_1kiifgrSUvsZQUFgVJy7cGjXKATLg=s1920-c-rp-mo-ba3-br100,https://www.google.com/maps/contrib/114063898970314169571?hl=en,781,2025-09-22T03:40:34.453Z,"Direct Detail URL: https://www.google.com/maps/place/Deckchair+Cinema/@-12.467646,130.8397671,17z/data=!3m1!4b1!4m6!3m5!1s0x2cc091069ffeabf1:0xa36043a8df9d4cd5!8m2!3d-12.467646!4d130.842342!16s%2Fg%2F1tfvqcpx?entry=ttu&g_ep=EgoyMDI1MDkxNy4wIKXMDSoASAFQAw%3D%3D",2,Northern Territory,Jervois Rd,False,"Venue great, Ryan Renolds movie great, service great.
I was however disgusted and disappointed with first short movie.  Words almost failed me at what I saw was 'pointed racism'.",,Deckchair Cinema,4.8,,https://www.google.com/maps/search/?api=1&query=Deckchair%20Cinema&query_place_id=ChIJ8av-nwaRwCwR1Uyd36hDYKM,,"Venue great, Ryan Renolds movie great, service great.
I was however disgusted and disappointed with first short movie.  Words almost failed me at what I saw was 'pointed racism'.",Positive
"Jervois Rd, Darwin City NT 0800, Australia",Movie theater,Movie theater,11772483818531671253,Darwin City,AU,0x2cc091069ffeabf1:0xa36043a8df9d4cd5,https://lh3.googleusercontent.com/p/AF1QipMpDDsi-hL02VMOStb_4jTGj563Cfr6JoyIs8r_=w408-h271-k-no,False,True,en,0,-12.467646,130.842342,Chryss Carr,,,False,ChIJ8av-nwaRwCwR1Uyd36hDYKM,800,,a year ago,2024-07-07T05:59:21.466Z,,2024-07-11T00:34:20.000Z,Thanks Chryss :),ChZDSUhNMG9nS0VJQ0FnSUNyenBDZU93EAE,,,,,,,,,,,,,,,,Google,https://www.google.com/maps/reviews/data=!4m8!14m7!1m6!2m5!1sChZDSUhNMG9nS0VJQ0FnSUNyenBDZU93EAE!2m1!1s0x0:0xa36043a8df9d4cd5!3m1!1s2@1:CIHM0ogKEICAgICrzpCeOw%7C%7C?hl=en,117778584947409062937,63,https://lh3.googleusercontent.com/a-/ALV-UjVwQAdy3guM4JZYsd9wObMRrW4f75QMf6FWnGJiEWbYGTE29-3NvA=s1920-c-rp-mo-ba3-br100,https://www.google.com/maps/contrib/117778584947409062937?hl=en,781,2025-09-22T03:40:34.453Z,"Direct Detail URL: https://www.google.com/maps/place/Deckchair+Cinema/@-12.467646,130.8397671,17z/data=!3m1!4b1!4m6!3m5!1s0x2cc091069ffeabf1:0xa36043a8df9d4cd5!8m2!3d-12.467646!4d130.842342!16s%2Fg%2F1tfvqcpx?entry=ttu&g_ep=EgoyMDI1MDkxNy4wIKXMDSoASAFQAw%3D%3D",5,Northern Territory,Jervois Rd,False,,,Deckchair Cinema,4.8,,https://www.google.com/maps/search/?api=1&query=Deckchair%20Cinema&query_place_id=ChIJ8av-nwaRwCwR1Uyd36hDYKM,,,Positive
"Jervois Rd, Darwin City NT 0800, Australia",Movie theater,Movie theater,11772483818531671253,Darwin City,AU,0x2cc091069ffeabf1:0xa36043a8df9d4cd5,https://lh3.googleusercontent.com/p/AF1QipMpDDsi-hL02VMOStb_4jTGj563Cfr6JoyIs8r_=w408-h271-k-no,False,True,en,0,-12.467646,130.842342,Kylie Pretty,,,False,ChIJ8av-nwaRwCwR1Uyd36hDYKM,800,,a year ago,2024-06-30T07:07:01.502Z,,2024-06-30T23:26:56.000Z,Thanks Kylie :),ChdDSUhNMG9nS0VJQ0FnSURMd182QnJBRRAB,,,,,,,,,,,,,,,,Google,https://www.google.com/maps/reviews/data=!4m8!14m7!1m6!2m5!1sChdDSUhNMG9nS0VJQ0FnSURMd182QnJBRRAB!2m1!1s0x0:0xa36043a8df9d4cd5!3m1!1s2@1:CIHM0ogKEICAgIDLw_6BrAE%7C%7C?hl=en,106599188025947647223,16,https://lh3.googleusercontent.com/a-/ALV-UjX1kizrDpGlqI6TyCyUbLeaLLMbJGXUXrieyuzM7znBzAN2xVg=s1920-c-rp-mo-ba2-br100,https://www.google.com/maps/contrib/106599188025947647223?hl=en,781,2025-09-22T03:40:34.453Z,"Direct Detail URL: https://www.google.com/maps/place/Deckchair+Cinema/@-12.467646,130.8397671,17z/data=!3m1!4b1!4m6!3m5!1s0x2cc091069ffeabf1:0xa36043a8df9d4cd5!8m2!3d-12.467646!4d130.842342!16s%2Fg%2F1tfvqcpx?entry=ttu&g_ep=EgoyMDI1MDkxNy4wIKXMDSoASAFQAw%3D%3D",5,Northern Territory,Jervois Rd,False,,,Deckchair Cinema,4.8,,https://www.google.com/maps/search/?api=1&query=Deckchair%20Cinema&query_place_id=ChIJ8av-nwaRwCwR1Uyd36hDYKM,,,Positive
"Jervois Rd, Darwin City NT 0800, Australia",Movie theater,Movie theater,11772483818531671253,Darwin City,AU,0x2cc091069ffeabf1:0xa36043a8df9d4cd5,https://lh3.googleusercontent.com/p/AF1QipMpDDsi-hL02VMOStb_4jTGj563Cfr6JoyIs8r_=w408-h271-k-no,False,True,en,0,-12.467646,130.842342,Carolynne Harvey,,en,False,ChIJ8av-nwaRwCwR1Uyd36hDYKM,800,,a year ago,2024-06-29T06:31:53.064Z,,2024-06-30T23:27:12.000Z,Thanks Carolynne :),ChZDSUhNMG9nS0VJQ0FnSURMbFltT1pREAE,https://lh3.googleusercontent.com/geougc-cs/AB3l90Ar7SApUz0i9CXOts1fDl43a6jK-BFqapHmVchLkKBpZyrAGXY1niwimuDm8tXbfIc-n1ObeTLU8Z1TIlkDnvQEXWI_Y9vjWkqDQik6giaeVE0WwZRkhjtBpCeMN0BnrHsb23HRvA,https://lh3.googleusercontent.com/geougc-cs/AB3l90BoPaOK1wM_HaOId3ah8y2dJNmrtNu31oo4HPDmpqsCebzaQ8whvNRT8FCR-nUu8olkJH_ZSeFNdpAQi2mc-i6oDjeADfS0SSdBPcZcP5-NowCLV0-mgjoBl2ETCnMVYelzsnM,https://lh3.googleusercontent.com/geougc-cs/AB3l90AJuwPaR4jQB3802sxI5H_AUXsv2YtTK7KpS0YSEFReKR12oe-dOKaPjDbab8QcS1k7OGaMnEarztMJpZLc0FvhglWkmYmgDe4Y1KmwTXuU_sLCmWEh4CMPXguqBtO9t1Pax6-JJw,https://lh3.googleusercontent.com/geougc-cs/AB3l90BNfS8jbzfoXrnyXM7myueMl1GlKvA7iXtszqHJSmmi2NCYQb8pVBppdwanV6wr-EFaIszbAiU1dH3h4n3lPwO17yIULKiEqHcHKz3X7-y8pSbwbNAjyg-t4s70M4oUlFmMQVs,,,,,,,,,,,,Google,https://www.google.com/maps/reviews/data=!4m8!14m7!1m6!2m5!1sChZDSUhNMG9nS0VJQ0FnSURMbFltT1pREAE!2m1!1s0x0:0xa36043a8df9d4cd5!3m1!1s2@1:CIHM0ogKEICAgIDLlYmOZQ%7C%7C?hl=en,103084278013337617066,208,https://lh3.googleusercontent.com/a-/ALV-UjXvicbOWK00IHNXrkL4tg2FnzUbbkZZmUrG88ItsztAQo2P7-Ynhg=s1920-c-rp-mo-ba5-br100,https://www.google.com/maps/contrib/103084278013337617066?hl=en,781,2025-09-22T03:40:34.453Z,"Direct Detail URL: https://www.google.com/maps/place/Deckchair+Cinema/@-12.467646,130.8397671,17z/data=!3m1!4b1!4m6!3m5!1s0x2cc091069ffeabf1:0xa36043a8df9d4cd5!8m2!3d-12.467646!4d130.842342!16s%2Fg%2F1tfvqcpx?entry=ttu&g_ep=EgoyMDI1MDkxNy4wIKXMDSoASAFQAw%3D%3D",5,Northern Territory,Jervois Rd,False,So happy to experience this iconic Darwin venue. Well done.,,Deckchair Cinema,4.8,,https://www.google.com/maps/search/?api=1&query=Deckchair%20Cinema&query_place_id=ChIJ8av-nwaRwCwR1Uyd36hDYKM,,So happy to experience this iconic Darwin venue. Well done.,Positive
"Jervois Rd, Darwin City NT 0800, Australia",Movie theater,Movie theater,11772483818531671253,Darwin City,AU,0x2cc091069ffeabf1:0xa36043a8df9d4cd5,https://lh3.googleusercontent.com/p/AF1QipMpDDsi-hL02VMOStb_4jTGj563Cfr6JoyIs8r_=w408-h271-k-no,False,False,en,0,-12.467646,130.842342,Marion Kelly,,,False,ChIJ8av-nwaRwCwR1Uyd36hDYKM,800,,a year ago,2024-06-22T00:22:11.157Z,,2024-06-24T05:32:03.000Z,Thanks Marion!,ChZDSUhNMG9nS0VJQ0FnSUNMMVllLVN3EAE,,,,,,,,,,,,,,,,Google,https://www.google.com/maps/reviews/data=!4m8!14m7!1m6!2m5!1sChZDSUhNMG9nS0VJQ0FnSUNMMVllLVN3EAE!2m1!1s0x0:0xa36043a8df9d4cd5!3m1!1s2@1:CIHM0ogKEICAgICL1Ye-Sw%7C%7C?hl=en,107820418969247315377,13,https://lh3.googleusercontent.com/a/ACg8ocKaTW2X6DXXaKDEn-EGwXV0j-WcsspVW4BB37BXJx021NmZsw=s1920-c-rp-mo-br100,https://www.google.com/maps/contrib/107820418969247315377?hl=en,781,2025-09-22T03:40:34.453Z,"Direct Detail URL: https://www.google.com/maps/place/Deckchair+Cinema/@-12.467646,130.8397671,17z/data=!3m1!4b1!4m6!3m5!1s0x2cc091069ffeabf1:0xa36043a8df9d4cd5!8m2!3d-12.467646!4d130.842342!16s%2Fg%2F1tfvqcpx?entry=ttu&g_ep=EgoyMDI1MDkxNy4wIKXMDSoASAFQAw%3D%3D",5,Northern Territory,Jervois Rd,False,,,Deckchair Cinema,4.8,,https://www.google.com/maps/search/?api=1&query=Deckchair%20Cinema&query_place_id=ChIJ8av-nwaRwCwR1Uyd36hDYKM,,,Positive
"Jervois Rd, Darwin City NT 0800, Australia",Movie theater,Movie theater,11772483818531671253,Darwin City,AU,0x2cc091069ffeabf1:0xa36043a8df9d4cd5,https://lh3.googleusercontent.com/p/AF1QipMpDDsi-hL02VMOStb_4jTGj563Cfr6JoyIs8r_=w408-h271-k-no,False,True,en,0,-12.467646,130.842342,Christopher Moad,,en,False,ChIJ8av-nwaRwCwR1Uyd36hDYKM,800,,a year ago,2024-06-20T05:20:37.315Z,,2024-06-24T05:32:42.000Z,"Thanks Christopher, we're glad you enjoyed Deckchair Cinema :)",ChZDSUhNMG9nS0VJQ0FnSUNMa2FxaWZBEAE,,,,,,,,,,,,,,,,Google,https://www.google.com/maps/reviews/data=!4m8!14m7!1m6!2m5!1sChZDSUhNMG9nS0VJQ0FnSUNMa2FxaWZBEAE!2m1!1s0x0:0xa36043a8df9d4cd5!3m1!1s2@1:CIHM0ogKEICAgICLkaqifA%7C%7C?hl=en,108603554454952619586,444,https://lh3.googleusercontent.com/a/ACg8ocLu1vuoroiLHyU4ogJ5Q1xvrD9eM7yudkLibFuJWmgfvBYbw7Q=s1920-c-rp-mo-ba5-br100,https://www.google.com/maps/contrib/108603554454952619586?hl=en,781,2025-09-22T03:40:34.453Z,"Direct Detail URL: https://www.google.com/maps/place/Deckchair+Cinema/@-12.467646,130.8397671,17z/data=!3m1!4b1!4m6!3m5!1s0x2cc091069ffeabf1:0xa36043a8df9d4cd5!8m2!3d-12.467646!4d130.842342!16s%2Fg%2F1tfvqcpx?entry=ttu&g_ep=EgoyMDI1MDkxNy4wIKXMDSoASAFQAw%3D%3D",5,Northern Territory,Jervois Rd,False,It would be a real shame to come to Darwin and not visit this iconic cinema.,,Deckchair Cinema,4.8,,https://www.google.com/maps/search/?api=1&query=Deckchair%20Cinema&query_place_id=ChIJ8av-nwaRwCwR1Uyd36hDYKM,,It would be a real shame to come to Darwin and not visit this iconic cinema.,Positive
"Jervois Rd, Darwin City NT 0800, Australia",Movie theater,Movie theater,11772483818531671253,Darwin City,AU,0x2cc091069ffeabf1:0xa36043a8df9d4cd5,https://lh3.googleusercontent.com/p/AF1QipMpDDsi-hL02VMOStb_4jTGj563Cfr6JoyIs8r_=w408-h271-k-no,False,True,en,0,-12.467646,130.842342,Beth Mills,,,False,ChIJ8av-nwaRwCwR1Uyd36hDYKM,800,,a year ago,2024-06-19T20:11:48.335Z,,2024-06-19T22:59:41.000Z,Thanks Beth!,ChZDSUhNMG9nS0VJQ0FnSUNMZ1kzOUZBEAE,,,,,,,,,,,,,,,,Google,https://www.google.com/maps/reviews/data=!4m8!14m7!1m6!2m5!1sChZDSUhNMG9nS0VJQ0FnSUNMZ1kzOUZBEAE!2m1!1s0x0:0xa36043a8df9d4cd5!3m1!1s2@1:CIHM0ogKEICAgICLgY39FA%7C%7C?hl=en,112542115127114040376,43,https://lh3.googleusercontent.com/a-/ALV-UjU0jvcAkrVUW8KRdd4WbMEwjxJVplaVJXtSArIaXukq15G3MGJN=s1920-c-rp-mo-ba3-br100,https://www.google.com/maps/contrib/112542115127114040376?hl=en,781,2025-09-22T03:40:34.453Z,"Direct Detail URL: https://www.google.com/maps/place/Deckchair+Cinema/@-12.467646,130.8397671,17z/data=!3m1!4b1!4m6!3m5!1s0x2cc091069ffeabf1:0xa36043a8df9d4cd5!8m2!3d-12.467646!4d130.842342!16s%2Fg%2F1tfvqcpx?entry=ttu&g_ep=EgoyMDI1MDkxNy4wIKXMDSoASAFQAw%3D%3D",5,Northern Territory,Jervois Rd,False,,,Deckchair Cinema,4.8,,https://www.google.com/maps/search/?api=1&query=Deckchair%20Cinema&query_place_id=ChIJ8av-nwaRwCwR1Uyd36hDYKM,,,Positive
"Jervois Rd, Darwin City NT 0800, Australia",Movie theater,Movie theater,11772483818531671253,Darwin City,AU,0x2cc091069ffeabf1:0xa36043a8df9d4cd5,https://lh3.googleusercontent.com/p/AF1QipMpDDsi-hL02VMOStb_4jTGj563Cfr6JoyIs8r_=w408-h271-k-no,False,True,en,0,-12.467646,130.842342,Glenn Allan,,en,False,ChIJ8av-nwaRwCwR1Uyd36hDYKM,800,,a year ago,2024-06-19T09:32:36.012Z,,2024-06-19T22:59:24.000Z,"Thanks Glenn, So glad you enjoyed the cinema! We have food and drink every night :)
All the best,
The Deckchair Cinema team",ChZDSUhNMG9nS0VJQ0FnSUNMN3NTWFNBEAE,https://lh3.googleusercontent.com/geougc-cs/AB3l90BGgECs-n-ZXmoTHtIPzlqtWhBb-ZGvwJ65PxVtaAGI-3DIjr_jn19H9hz1wasgxj8dVfUw2wiz-8pRQ-HznEo1VCYk4qK_Ijsjkgr3kMjnRCICgp6Fx5TGIV4UV2njSMvS1k1Anw,,,,,,,,,,,,,,,Google,https://www.google.com/maps/reviews/data=!4m8!14m7!1m6!2m5!1sChZDSUhNMG9nS0VJQ0FnSUNMN3NTWFNBEAE!2m1!1s0x0:0xa36043a8df9d4cd5!3m1!1s2@1:CIHM0ogKEICAgICL7sSXSA%7C%7C?hl=en,111883165326948149394,537,https://lh3.googleusercontent.com/a-/ALV-UjX2O8KT5h1PXnIKnCcQj-6D_csFUoXOCIcKpXTN7wzxqBL2sVeWDw=s1920-c-rp-mo-ba5-br100,https://www.google.com/maps/contrib/111883165326948149394?hl=en,781,2025-09-22T03:40:34.453Z,"Direct Detail URL: https://www.google.com/maps/place/Deckchair+Cinema/@-12.467646,130.8397671,17z/data=!3m1!4b1!4m6!3m5!1s0x2cc091069ffeabf1:0xa36043a8df9d4cd5!8m2!3d-12.467646!4d130.842342!16s%2Fg%2F1tfvqcpx?entry=ttu&g_ep=EgoyMDI1MDkxNy4wIKXMDSoASAFQAw%3D%3D",5,Northern Territory,Jervois Rd,False,Worth doing for the experience.come early and reserve your seat ( with a provided cushion) .seem food and drinks are here most weeks,,Deckchair Cinema,4.8,,https://www.google.com/maps/search/?api=1&query=Deckchair%20Cinema&query_place_id=ChIJ8av-nwaRwCwR1Uyd36hDYKM,,Worth doing for the experience.come early and reserve your seat ( with a provided cushion) .seem food and drinks are here most weeks,Positive
"Jervois Rd, Darwin City NT 0800, Australia",Movie theater,Movie theater,11772483818531671253,Darwin City,AU,0x2cc091069ffeabf1:0xa36043a8df9d4cd5,https://lh3.googleusercontent.com/p/AF1QipMpDDsi-hL02VMOStb_4jTGj563Cfr6JoyIs8r_=w408-h271-k-no,False,True,en,0,-12.467646,130.842342,Steven Carney's,,en,False,ChIJ8av-nwaRwCwR1Uyd36hDYKM,800,,a year ago,2024-06-16T04:18:06.460Z,,2024-06-17T07:47:37.000Z,"Thanks Steven, glad you enjoyed Deckchair :)",ChdDSUhNMG9nS0VJQ0FnSUNMelBUdHBBRRAB,https://lh3.googleusercontent.com/geougc-cs/AB3l90DBdYnP7uTk8_rzqz-VGTxqPgVyM-wIVI5xEAidgjudnCj7wNdofrHBIZj_XGNuScfGN7BxMLdC0bjMNXHgwyzemJL5UT1plhUPeY6bFJx9QzAKFTrc9-nr6HVyqqEEYW4HtN8g,https://lh3.googleusercontent.com/geougc-cs/AB3l90CIxpgExjmRnXKE4nPdKOi6rADNV6psejpa9dGU-4C390Oj5k9JWd_ejQ1w8MROC64T2HfpJUT7sGBpGswhlNy4ACKIWLqRJ_WGQpGcXDfsK90OvrJw_UnOMYwdVMp7dlINsM3J,https://lh3.googleusercontent.com/geougc-cs/AB3l90D3UoSt1xDqe1KpNUvwgsLl8MSwaaUuBMy2QswoW2vXnxYtt8V-mLc3ea-NB6q8vojTGEzARYdYtKwPEKNZsiE0cHA-0f_b6ztKVAoe5O-qgE1xnH_jF1yI2VkghwX1vxIEwbbp,https://lh3.googleusercontent.com/geougc-cs/AB3l90Df2cpVU5lp7MlgsxokwfemRtv1tBkAam0Pr3KlcThdx0fEuUgxKs3PFPIwdcP4z7sPaMrKxCfTY5YegKgyHaqLYSrXNXm2pXULrhUxrDtlCg2GtmxaZ1XR7T_3t4GQndwd06g37Q,,,,,,,,,,,,Google,https://www.google.com/maps/reviews/data=!4m8!14m7!1m6!2m5!1sChdDSUhNMG9nS0VJQ0FnSUNMelBUdHBBRRAB!2m1!1s0x0:0xa36043a8df9d4cd5!3m1!1s2@1:CIHM0ogKEICAgICLzPTtpAE%7C%7C?hl=en,101276650971246827921,105,https://lh3.googleusercontent.com/a-/ALV-UjWOFc5-YQ0eoVGKw-ObwkHGg0sKnlRyG6LRmYbBoYzeZ9hA7D3W=s1920-c-rp-mo-ba4-br100,https://www.google.com/maps/contrib/101276650971246827921?hl=en,781,2025-09-22T03:40:34.453Z,"Direct Detail URL: https://www.google.com/maps/place/Deckchair+Cinema/@-12.467646,130.8397671,17z/data=!3m1!4b1!4m6!3m5!1s0x2cc091069ffeabf1:0xa36043a8df9d4cd5!8m2!3d-12.467646!4d130.842342!16s%2Fg%2F1tfvqcpx?entry=ttu&g_ep=EgoyMDI1MDkxNy4wIKXMDSoASAFQAw%3D%3D",5,Northern Territory,Jervois Rd,False,"Yes a great 👍 night Under the stars 🤩
And get food and beverage there to",,Deckchair Cinema,4.8,,https://www.google.com/maps/search/?api=1&query=Deckchair%20Cinema&query_place_id=ChIJ8av-nwaRwCwR1Uyd36hDYKM,,"Yes a great 👍 night Under the stars 🤩
And get food and beverage there to",Positive
"Jervois Rd, Darwin City NT 0800, Australia",Movie theater,Movie theater,11772483818531671253,Darwin City,AU,0x2cc091069ffeabf1:0xa36043a8df9d4cd5,https://lh3.googleusercontent.com/p/AF1QipMpDDsi-hL02VMOStb_4jTGj563Cfr6JoyIs8r_=w408-h271-k-no,False,True,en,0,-12.467646,130.842342,Scott Thornton,,en,False,ChIJ8av-nwaRwCwR1Uyd36hDYKM,800,,a year ago,2024-06-15T08:29:20.499Z,,2024-06-17T07:42:19.000Z,Thanks Scott :),ChdDSUhNMG9nS0VJQ0FnSUNMeEx2Zi1RRRAB,,,,,,,,,,,,,,,,Google,https://www.google.com/maps/reviews/data=!4m8!14m7!1m6!2m5!1sChdDSUhNMG9nS0VJQ0FnSUNMeEx2Zi1RRRAB!2m1!1s0x0:0xa36043a8df9d4cd5!3m1!1s2@1:CIHM0ogKEICAgICLxLvf-QE%7C%7C?hl=en,113815639525734075733,59,https://lh3.googleusercontent.com/a/ACg8ocLQI7NL19XEIFUr5uCimAgx2McFPBhMBXH8NuGzN_7UxUnWfA=s1920-c-rp-mo-ba3-br100,https://www.google.com/maps/contrib/113815639525734075733?hl=en,781,2025-09-22T03:40:34.453Z,"Direct Detail URL: https://www.google.com/maps/place/Deckchair+Cinema/@-12.467646,130.8397671,17z/data=!3m1!4b1!4m6!3m5!1s0x2cc091069ffeabf1:0xa36043a8df9d4cd5!8m2!3d-12.467646!4d130.842342!16s%2Fg%2F1tfvqcpx?entry=ttu&g_ep=EgoyMDI1MDkxNy4wIKXMDSoASAFQAw%3D%3D",5,Northern Territory,Jervois Rd,False,Good area great staff and food,,Deckchair Cinema,4.8,,https://www.google.com/maps/search/?api=1&query=Deckchair%20Cinema&query_place_id=ChIJ8av-nwaRwCwR1Uyd36hDYKM,,Good area great staff and food,Positive
"Jervois Rd, Darwin City NT 0800, Australia",Movie theater,Movie theater,11772483818531671253,Darwin City,AU,0x2cc091069ffeabf1:0xa36043a8df9d4cd5,https://lh3.googleusercontent.com/p/AF1QipMpDDsi-hL02VMOStb_4jTGj563Cfr6JoyIs8r_=w408-h271-k-no,False,True,en,0,-12.467646,130.842342,Robin Eriksson,,en,False,ChIJ8av-nwaRwCwR1Uyd36hDYKM,800,,a year ago,2024-06-13T02:28:48.226Z,,2024-06-13T04:05:31.000Z,"Thanks so much Robin, that's a lovely review of the cinema, glad you enjoy coming here :)",ChZDSUhNMG9nS0VJQ0FnSUR6NTdXM0FnEAE,https://lh3.googleusercontent.com/geougc-cs/AB3l90CR4GCNJHDDqFp55e42-K0CwcIWlfl-dR34RdaxGCPEb5EI4PVbrEm8pe3tj2uwCsPm9i6G9qR5OZrDAUlg6G5om_vSpfxHKO0Wgii7P9SK5HJMFyovTIrxz9ZJWk2vyXCSfawZ,https://lh3.googleusercontent.com/geougc-cs/AB3l90DzilUrbSQVbOq3FrbI0tfHijHKEA_nC2uziWc7HMtfqnVz8ZOD1f2OW3nFqy143DNUJWx9ZkQ6fcbhHufs2Kg9WdkhWQHb0Y1ItG31xCqE-JlXhzCVeCuTSN-d02gs3YUnQ8Y,,,,,,,,,,,,,,Google,https://www.google.com/maps/reviews/data=!4m8!14m7!1m6!2m5!1sChZDSUhNMG9nS0VJQ0FnSUR6NTdXM0FnEAE!2m1!1s0x0:0xa36043a8df9d4cd5!3m1!1s2@1:CIHM0ogKEICAgIDz57W3Ag%7C%7C?hl=en,105854119417362519206,50,https://lh3.googleusercontent.com/a-/ALV-UjU6Vb3XBhm8YcrPjTC7GhM4UV4A_ledkiRhrbf7yMd0ZfkFtaEJ=s1920-c-rp-mo-ba4-br100,https://www.google.com/maps/contrib/105854119417362519206?hl=en,781,2025-09-22T03:40:34.453Z,"Direct Detail URL: https://www.google.com/maps/place/Deckchair+Cinema/@-12.467646,130.8397671,17z/data=!3m1!4b1!4m6!3m5!1s0x2cc091069ffeabf1:0xa36043a8df9d4cd5!8m2!3d-12.467646!4d130.842342!16s%2Fg%2F1tfvqcpx?entry=ttu&g_ep=EgoyMDI1MDkxNy4wIKXMDSoASAFQAw%3D%3D",5,Northern Territory,Jervois Rd,False,"One of the best cinema experiences you could have. They have a wide variety of snacks, drinks and some food options available on site. We have been there a couple of times and if you want to secure a good seats it's better to arrive at least 30 minutes before the movie starts as it tends to get full. Prices are good and service is excellent. We have always reserved our tickets online as I've noticed they do sell out for some movies.

Situated in a lush environment close to the city, there's some stairs if you want to walk down from the CBD to the cinema.
It is easy to park your car right outside or a short 3-minute walk away if the car park is too busy.",,Deckchair Cinema,4.8,,https://www.google.com/maps/search/?api=1&query=Deckchair%20Cinema&query_place_id=ChIJ8av-nwaRwCwR1Uyd36hDYKM,,"One of the best cinema experiences you could have. They have a wide variety of snacks, drinks and some food options available on site. We have been there a couple of times and if you want to secure a good seats it's better to arrive at least 30 minutes before the movie starts as it tends to get full. Prices are good and service is excellent. We have always reserved our tickets online as I've noticed they do sell out for some movies.

Situated in a lush environment close to the city, there's some stairs if you want to walk down from the CBD to the cinema.
It is easy to park your car right outside or a short 3-minute walk away if the car park is too busy.",Positive
"Jervois Rd, Darwin City NT 0800, Australia",Movie theater,Movie theater,11772483818531671253,Darwin City,AU,0x2cc091069ffeabf1:0xa36043a8df9d4cd5,https://lh3.googleusercontent.com/p/AF1QipMpDDsi-hL02VMOStb_4jTGj563Cfr6JoyIs8r_=w408-h271-k-no,False,False,en,0,-12.467646,130.842342,Aperaamo Afamasaga,,,False,ChIJ8av-nwaRwCwR1Uyd36hDYKM,800,,a year ago,2024-06-10T13:21:38.601Z,,2024-06-11T01:45:04.000Z,Thanks Aperaamo :),ChZDSUhNMG9nS0VJQ0FnSUR6X3VPamN3EAE,,,,,,,,,,,,,,,,Google,https://www.google.com/maps/reviews/data=!4m8!14m7!1m6!2m5!1sChZDSUhNMG9nS0VJQ0FnSUR6X3VPamN3EAE!2m1!1s0x0:0xa36043a8df9d4cd5!3m1!1s2@1:CIHM0ogKEICAgIDz_uOjcw%7C%7C?hl=en,100920967877266145728,0,https://lh3.googleusercontent.com/a-/ALV-UjUiXp79snqkjT0_yp0T4jploTjEI0AbnW_onKZIBXCXgDaC0v27=s1920-c-rp-mo-br100,https://www.google.com/maps/contrib/100920967877266145728?hl=en,781,2025-09-22T03:40:34.453Z,"Direct Detail URL: https://www.google.com/maps/place/Deckchair+Cinema/@-12.467646,130.8397671,17z/data=!3m1!4b1!4m6!3m5!1s0x2cc091069ffeabf1:0xa36043a8df9d4cd5!8m2!3d-12.467646!4d130.842342!16s%2Fg%2F1tfvqcpx?entry=ttu&g_ep=EgoyMDI1MDkxNy4wIKXMDSoASAFQAw%3D%3D",5,Northern Territory,Jervois Rd,False,,,Deckchair Cinema,4.8,,https://www.google.com/maps/search/?api=1&query=Deckchair%20Cinema&query_place_id=ChIJ8av-nwaRwCwR1Uyd36hDYKM,,,Positive
"Jervois Rd, Darwin City NT 0800, Australia",Movie theater,Movie theater,11772483818531671253,Darwin City,AU,0x2cc091069ffeabf1:0xa36043a8df9d4cd5,https://lh3.googleusercontent.com/p/AF1QipMpDDsi-hL02VMOStb_4jTGj563Cfr6JoyIs8r_=w408-h271-k-no,False,True,en,0,-12.467646,130.842342,Jenny Reilly,,en,False,ChIJ8av-nwaRwCwR1Uyd36hDYKM,800,,a year ago,2024-05-19T00:21:17.054Z,,2024-05-19T23:30:01.000Z,"Thanks so much Jenny, this is lovely! :)",ChZDSUhNMG9nS0VJQ0FnSUNUczZ1bEJREAE,https://lh3.googleusercontent.com/geougc-cs/AB3l90D86_dS1ReXdZ-tiXrm2EDz9EYGexTrJVbgMfU_7SzUx9p39vOTDUte__cEyK6xHNHJvAEeLa0btzcLQlutHEMF_RU8QnrQga9VvtwjFZ06NGIikIR-f7b_YIzcyJyM05zMP7CUdw,https://lh3.googleusercontent.com/geougc-cs/AB3l90AdZESypDTykRfFAQa2wjLuhva74mSG_wEkEZ0U2XKu4r-kFER3dd8S4Fu0H0zWLDxMDdmEMpjSB_OSOocYk89APIPfgXk983sFgDYM3gpBDctauh6exc2wLZaw8N5DFtbID80,,,,,,,,,,,,,,Google,https://www.google.com/maps/reviews/data=!4m8!14m7!1m6!2m5!1sChZDSUhNMG9nS0VJQ0FnSUNUczZ1bEJREAE!2m1!1s0x0:0xa36043a8df9d4cd5!3m1!1s2@1:CIHM0ogKEICAgICTs6ulBQ%7C%7C?hl=en,103320027552954655560,66,https://lh3.googleusercontent.com/a-/ALV-UjUEx2itcKWuYKuRDjy_zT2pTYReTl3m2gUwBhzFa3gBVYeGcMLE=s1920-c-rp-mo-ba4-br100,https://www.google.com/maps/contrib/103320027552954655560?hl=en,781,2025-09-22T03:40:34.453Z,"Direct Detail URL: https://www.google.com/maps/place/Deckchair+Cinema/@-12.467646,130.8397671,17z/data=!3m1!4b1!4m6!3m5!1s0x2cc091069ffeabf1:0xa36043a8df9d4cd5!8m2!3d-12.467646!4d130.842342!16s%2Fg%2F1tfvqcpx?entry=ttu&g_ep=EgoyMDI1MDkxNy4wIKXMDSoASAFQAw%3D%3D",5,Northern Territory,Jervois Rd,False,WOW what a wonderful experience highly recommend for anyone in Darwin to see a movie here.Look forward to going again.,,Deckchair Cinema,4.8,,https://www.google.com/maps/search/?api=1&query=Deckchair%20Cinema&query_place_id=ChIJ8av-nwaRwCwR1Uyd36hDYKM,,WOW what a wonderful experience highly recommend for anyone in Darwin to see a movie here.Look forward to going again.,Positive
"Jervois Rd, Darwin City NT 0800, Australia",Movie theater,Movie theater,11772483818531671253,Darwin City,AU,0x2cc091069ffeabf1:0xa36043a8df9d4cd5,https://lh3.googleusercontent.com/p/AF1QipMpDDsi-hL02VMOStb_4jTGj563Cfr6JoyIs8r_=w408-h271-k-no,False,False,en,0,-12.467646,130.842342,Conor O'Brien,,en,False,ChIJ8av-nwaRwCwR1Uyd36hDYKM,800,,a year ago,2024-05-17T22:38:13.590Z,,2024-05-19T23:30:28.000Z,"Thanks Conor, glad you got to enjoy the cinema :)",ChdDSUhNMG9nS0VJQ0FnSUNUN2NTejNRRRAB,,,,,,,,,,,,,,,,Google,https://www.google.com/maps/reviews/data=!4m8!14m7!1m6!2m5!1sChdDSUhNMG9nS0VJQ0FnSUNUN2NTejNRRRAB!2m1!1s0x0:0xa36043a8df9d4cd5!3m1!1s2@1:CIHM0ogKEICAgICT7cSz3QE%7C%7C?hl=en,107305144050379025738,11,https://lh3.googleusercontent.com/a/ACg8ocI9W4wI4e66wjiKvAQyV3pwZmFOJFWiGQU-FflHFyZ8xn8Z9A=s1920-c-rp-mo-br100,https://www.google.com/maps/contrib/107305144050379025738?hl=en,781,2025-09-22T03:40:34.453Z,"Direct Detail URL: https://www.google.com/maps/place/Deckchair+Cinema/@-12.467646,130.8397671,17z/data=!3m1!4b1!4m6!3m5!1s0x2cc091069ffeabf1:0xa36043a8df9d4cd5!8m2!3d-12.467646!4d130.842342!16s%2Fg%2F1tfvqcpx?entry=ttu&g_ep=EgoyMDI1MDkxNy4wIKXMDSoASAFQAw%3D%3D",5,Northern Territory,Jervois Rd,False,A Darwin must-do: get there about an hour early to dibs a good seat and enjoy the food and beautiful setting before the movie.,,Deckchair Cinema,4.8,,https://www.google.com/maps/search/?api=1&query=Deckchair%20Cinema&query_place_id=ChIJ8av-nwaRwCwR1Uyd36hDYKM,,A Darwin must-do: get there about an hour early to dibs a good seat and enjoy the food and beautiful setting before the movie.,Positive
"Jervois Rd, Darwin City NT 0800, Australia",Movie theater,Movie theater,11772483818531671253,Darwin City,AU,0x2cc091069ffeabf1:0xa36043a8df9d4cd5,https://lh3.googleusercontent.com/p/AF1QipMpDDsi-hL02VMOStb_4jTGj563Cfr6JoyIs8r_=w408-h271-k-no,False,True,en,0,-12.467646,130.842342,Nicole Rosenkranz,,en,False,ChIJ8av-nwaRwCwR1Uyd36hDYKM,800,,a year ago,2024-05-16T11:25:57.455Z,,2024-05-19T23:30:39.000Z,Thanks Nicole :),ChdDSUhNMG9nS0VJQ0FnSUNUcWRUUDR3RRAB,,,,,,,,,,,,,,,,Google,https://www.google.com/maps/reviews/data=!4m8!14m7!1m6!2m5!1sChdDSUhNMG9nS0VJQ0FnSUNUcWRUUDR3RRAB!2m1!1s0x0:0xa36043a8df9d4cd5!3m1!1s2@1:CIHM0ogKEICAgICTqdTP4wE%7C%7C?hl=en,110083976833409222431,116,https://lh3.googleusercontent.com/a-/ALV-UjUSGcclwQCIRgsVJEPfClB5NlePpNITU5JcUrP1QZfHmTWYj-c=s1920-c-rp-mo-ba4-br100,https://www.google.com/maps/contrib/110083976833409222431?hl=en,781,2025-09-22T03:40:34.453Z,"Direct Detail URL: https://www.google.com/maps/place/Deckchair+Cinema/@-12.467646,130.8397671,17z/data=!3m1!4b1!4m6!3m5!1s0x2cc091069ffeabf1:0xa36043a8df9d4cd5!8m2!3d-12.467646!4d130.842342!16s%2Fg%2F1tfvqcpx?entry=ttu&g_ep=EgoyMDI1MDkxNy4wIKXMDSoASAFQAw%3D%3D",5,Northern Territory,Jervois Rd,False,Beautiful Ambiente and Food,,Deckchair Cinema,4.8,,https://www.google.com/maps/search/?api=1&query=Deckchair%20Cinema&query_place_id=ChIJ8av-nwaRwCwR1Uyd36hDYKM,,Beautiful Ambiente and Food,Positive
"Jervois Rd, Darwin City NT 0800, Australia",Movie theater,Movie theater,11772483818531671253,Darwin City,AU,0x2cc091069ffeabf1:0xa36043a8df9d4cd5,https://lh3.googleusercontent.com/p/AF1QipMpDDsi-hL02VMOStb_4jTGj563Cfr6JoyIs8r_=w408-h271-k-no,False,False,en,0,-12.467646,130.842342,Irina Bradley,,en,False,ChIJ8av-nwaRwCwR1Uyd36hDYKM,800,,a year ago,2024-05-16T03:35:01.702Z,,2024-05-15T23:30:18.000Z,Thanks Irina :),ChZDSUhNMG9nS0VJQ0FnSUNUX3AzaE5BEAE,https://lh3.googleusercontent.com/geougc-cs/AB3l90AtqEkvENX9GCFAKGdDxSxwqyrEGf9oO90ZQJKu_1pUyTzHf3BbrGatla8_Vtv7sPGU-wC0iAWVR9M1BTDaIqpEDPJEf7fLhfiKYa7xSjK5t4N9EUnOq4mNS9S71DA6xzhr-UQ,https://lh3.googleusercontent.com/geougc-cs/AB3l90Bg-EP6bXpAPbhUPl-rcpEyIB1AvbSCJWjRNTHqWQlZts0OpzMYzGN8s0wbovGZaaOqNMFolyVydGaHH5uJWwJ127FOU0lvBhKAYO0eKObQnbn9N3UPecam3oSLNMkGIT4Dj6ZoJQ,,,,,,,,,,,,,,Google,https://www.google.com/maps/reviews/data=!4m8!14m7!1m6!2m5!1sChZDSUhNMG9nS0VJQ0FnSUNUX3AzaE5BEAE!2m1!1s0x0:0xa36043a8df9d4cd5!3m1!1s2@1:CIHM0ogKEICAgICT_p3hNA%7C%7C?hl=en,115375255228430728979,46,https://lh3.googleusercontent.com/a-/ALV-UjUXi7HIOvjWgkbX2aVTtN4YkPD2RgXUVQjPj_VJvKsexeHYjLCo_g=s1920-c-rp-mo-br100,https://www.google.com/maps/contrib/115375255228430728979?hl=en,781,2025-09-22T03:40:34.453Z,"Direct Detail URL: https://www.google.com/maps/place/Deckchair+Cinema/@-12.467646,130.8397671,17z/data=!3m1!4b1!4m6!3m5!1s0x2cc091069ffeabf1:0xa36043a8df9d4cd5!8m2!3d-12.467646!4d130.842342!16s%2Fg%2F1tfvqcpx?entry=ttu&g_ep=EgoyMDI1MDkxNy4wIKXMDSoASAFQAw%3D%3D",5,Northern Territory,Jervois Rd,False,"Sitting literally one leg in the jungle another in the Timor sea, listening to a gentle rumbling of wildlife in the bushes, having your hot delicious meal, drink and popcorn and listening to a crowd laughing at jokes on the screen, while a helicopter flying towards the crescent in the sky... can anything really top it? I think not.",,Deckchair Cinema,4.8,,https://www.google.com/maps/search/?api=1&query=Deckchair%20Cinema&query_place_id=ChIJ8av-nwaRwCwR1Uyd36hDYKM,,"Sitting literally one leg in the jungle another in the Timor sea, listening to a gentle rumbling of wildlife in the bushes, having your hot delicious meal, drink and popcorn and listening to a crowd laughing at jokes on the screen, while a helicopter flying towards the crescent in the sky... can anything really top it? I think not.",Positive
"Jervois Rd, Darwin City NT 0800, Australia",Movie theater,Movie theater,11772483818531671253,Darwin City,AU,0x2cc091069ffeabf1:0xa36043a8df9d4cd5,https://lh3.googleusercontent.com/p/AF1QipMpDDsi-hL02VMOStb_4jTGj563Cfr6JoyIs8r_=w408-h271-k-no,False,True,en,0,-12.467646,130.842342,Robyn rarahrah,,,False,ChIJ8av-nwaRwCwR1Uyd36hDYKM,800,,a year ago,2024-05-09T03:27:01.342Z,,2024-05-10T01:37:39.000Z,Thanks Robyn :),ChZDSUhNMG9nS0VJQ0FnSURqNzhxQURnEAE,,,,,,,,,,,,,,,,Google,https://www.google.com/maps/reviews/data=!4m8!14m7!1m6!2m5!1sChZDSUhNMG9nS0VJQ0FnSURqNzhxQURnEAE!2m1!1s0x0:0xa36043a8df9d4cd5!3m1!1s2@1:CIHM0ogKEICAgIDj78qADg%7C%7C?hl=en,115790986317228871402,216,https://lh3.googleusercontent.com/a/ACg8ocJ_QspVG8QHScy-46nuJvcHr4fideFLe1nJA4qAqSG8tirFBw=s1920-c-rp-mo-ba4-br100,https://www.google.com/maps/contrib/115790986317228871402?hl=en,781,2025-09-22T03:40:34.453Z,"Direct Detail URL: https://www.google.com/maps/place/Deckchair+Cinema/@-12.467646,130.8397671,17z/data=!3m1!4b1!4m6!3m5!1s0x2cc091069ffeabf1:0xa36043a8df9d4cd5!8m2!3d-12.467646!4d130.842342!16s%2Fg%2F1tfvqcpx?entry=ttu&g_ep=EgoyMDI1MDkxNy4wIKXMDSoASAFQAw%3D%3D",5,Northern Territory,Jervois Rd,False,,,Deckchair Cinema,4.8,,https://www.google.com/maps/search/?api=1&query=Deckchair%20Cinema&query_place_id=ChIJ8av-nwaRwCwR1Uyd36hDYKM,,,Positive
"Jervois Rd, Darwin City NT 0800, Australia",Movie theater,Movie theater,11772483818531671253,Darwin City,AU,0x2cc091069ffeabf1:0xa36043a8df9d4cd5,https://lh3.googleusercontent.com/p/AF1QipMpDDsi-hL02VMOStb_4jTGj563Cfr6JoyIs8r_=w408-h271-k-no,False,True,en,0,-12.467646,130.842342,Dwayne Wilkinson,,,False,ChIJ8av-nwaRwCwR1Uyd36hDYKM,800,,a year ago,2024-05-07T20:51:45.261Z,,2024-05-08T23:23:49.000Z,"Thanks Dwayne, much appreciated :)",ChZDSUhNMG9nS0VJQ0FnSURqbV9fZkZ3EAE,,,,,,,,,,,,,,,,Google,https://www.google.com/maps/reviews/data=!4m8!14m7!1m6!2m5!1sChZDSUhNMG9nS0VJQ0FnSURqbV9fZkZ3EAE!2m1!1s0x0:0xa36043a8df9d4cd5!3m1!1s2@1:CIHM0ogKEICAgIDjm__fFw%7C%7C?hl=en,113998236681601970886,97,https://lh3.googleusercontent.com/a-/ALV-UjUp8vIbxJIY63NwW0yPp2DksJgE4AU-mWc7tl2uUU5P1D4G2WTk=s1920-c-rp-mo-ba4-br100,https://www.google.com/maps/contrib/113998236681601970886?hl=en,781,2025-09-22T03:40:34.453Z,"Direct Detail URL: https://www.google.com/maps/place/Deckchair+Cinema/@-12.467646,130.8397671,17z/data=!3m1!4b1!4m6!3m5!1s0x2cc091069ffeabf1:0xa36043a8df9d4cd5!8m2!3d-12.467646!4d130.842342!16s%2Fg%2F1tfvqcpx?entry=ttu&g_ep=EgoyMDI1MDkxNy4wIKXMDSoASAFQAw%3D%3D",5,Northern Territory,Jervois Rd,False,,,Deckchair Cinema,4.8,,https://www.google.com/maps/search/?api=1&query=Deckchair%20Cinema&query_place_id=ChIJ8av-nwaRwCwR1Uyd36hDYKM,,,Positive
"Jervois Rd, Darwin City NT 0800, Australia",Movie theater,Movie theater,11772483818531671253,Darwin City,AU,0x2cc091069ffeabf1:0xa36043a8df9d4cd5,https://lh3.googleusercontent.com/p/AF1QipMpDDsi-hL02VMOStb_4jTGj563Cfr6JoyIs8r_=w408-h271-k-no,False,True,en,0,-12.467646,130.842342,Artiola Shkurtaj,,,False,ChIJ8av-nwaRwCwR1Uyd36hDYKM,800,,a year ago,2024-05-07T04:59:13.574Z,,2024-05-08T23:24:28.000Z,"Thanks Shkurtaj, glad you enjoyed the cinema :)",ChZDSUhNMG9nS0VJQ0FnSURqNF9lalBREAE,,,,,,,,,,,,,,,,Google,https://www.google.com/maps/reviews/data=!4m8!14m7!1m6!2m5!1sChZDSUhNMG9nS0VJQ0FnSURqNF9lalBREAE!2m1!1s0x0:0xa36043a8df9d4cd5!3m1!1s2@1:CIHM0ogKEICAgIDj4_ejPQ%7C%7C?hl=en,114884494628549401806,14,https://lh3.googleusercontent.com/a-/ALV-UjVsuxBbf-cescsku7Nk485ERk25giXenD4Ek72tEb9WczeyYieEIQ=s1920-c-rp-mo-ba3-br100,https://www.google.com/maps/contrib/114884494628549401806?hl=en,781,2025-09-22T03:40:34.453Z,"Direct Detail URL: https://www.google.com/maps/place/Deckchair+Cinema/@-12.467646,130.8397671,17z/data=!3m1!4b1!4m6!3m5!1s0x2cc091069ffeabf1:0xa36043a8df9d4cd5!8m2!3d-12.467646!4d130.842342!16s%2Fg%2F1tfvqcpx?entry=ttu&g_ep=EgoyMDI1MDkxNy4wIKXMDSoASAFQAw%3D%3D",5,Northern Territory,Jervois Rd,False,,,Deckchair Cinema,4.8,,https://www.google.com/maps/search/?api=1&query=Deckchair%20Cinema&query_place_id=ChIJ8av-nwaRwCwR1Uyd36hDYKM,,,Positive
"Jervois Rd, Darwin City NT 0800, Australia",Movie theater,Movie theater,11772483818531671253,Darwin City,AU,0x2cc091069ffeabf1:0xa36043a8df9d4cd5,https://lh3.googleusercontent.com/p/AF1QipMpDDsi-hL02VMOStb_4jTGj563Cfr6JoyIs8r_=w408-h271-k-no,False,True,en,0,-12.467646,130.842342,Anthony Doig Marriage Celebrant,,en,False,ChIJ8av-nwaRwCwR1Uyd36hDYKM,800,,a year ago,2024-05-06T05:59:38.109Z,,2024-05-06T07:09:12.000Z,"Thanks Anthony, glad you enjoyed the cinema - shame about the film.",ChZDSUhNMG9nS0VJQ0FnSURqelk2eU9BEAE,,,,,,,,,,,,,,,,Google,https://www.google.com/maps/reviews/data=!4m8!14m7!1m6!2m5!1sChZDSUhNMG9nS0VJQ0FnSURqelk2eU9BEAE!2m1!1s0x0:0xa36043a8df9d4cd5!3m1!1s2@1:CIHM0ogKEICAgIDjzY6yOA%7C%7C?hl=en,114359151103557717787,140,https://lh3.googleusercontent.com/a-/ALV-UjV0qt7VJAt2PTAHR_2PBa3ylFz6FUpbrnZUCtL2R15geXSLYzuIfA=s1920-c-rp-mo-ba4-br100,https://www.google.com/maps/contrib/114359151103557717787?hl=en,781,2025-09-22T03:40:34.453Z,"Direct Detail URL: https://www.google.com/maps/place/Deckchair+Cinema/@-12.467646,130.8397671,17z/data=!3m1!4b1!4m6!3m5!1s0x2cc091069ffeabf1:0xa36043a8df9d4cd5!8m2!3d-12.467646!4d130.842342!16s%2Fg%2F1tfvqcpx?entry=ttu&g_ep=EgoyMDI1MDkxNy4wIKXMDSoASAFQAw%3D%3D",5,Northern Territory,Jervois Rd,False,"Love the deckie, Force of Nature possibly the worst Australian movie ever. Eric Bana completely underwhelming ascwas the script.",,Deckchair Cinema,4.8,,https://www.google.com/maps/search/?api=1&query=Deckchair%20Cinema&query_place_id=ChIJ8av-nwaRwCwR1Uyd36hDYKM,,"Love the deckie, Force of Nature possibly the worst Australian movie ever. Eric Bana completely underwhelming ascwas the script.",Negative
"Jervois Rd, Darwin City NT 0800, Australia",Movie theater,Movie theater,11772483818531671253,Darwin City,AU,0x2cc091069ffeabf1:0xa36043a8df9d4cd5,https://lh3.googleusercontent.com/p/AF1QipMpDDsi-hL02VMOStb_4jTGj563Cfr6JoyIs8r_=w408-h271-k-no,False,False,en,0,-12.467646,130.842342,Fran Dumbrell,,en,False,ChIJ8av-nwaRwCwR1Uyd36hDYKM,800,,a year ago,2024-05-01T01:06:57.278Z,,2024-05-01T02:21:14.000Z,"Thanks Fran, we're glad you got to enjoy the cinema! :)",ChdDSUhNMG9nS0VJQ0FnSURqd3JPNnVBRRAB,,,,,,,,,,,,,,,,Google,https://www.google.com/maps/reviews/data=!4m8!14m7!1m6!2m5!1sChdDSUhNMG9nS0VJQ0FnSURqd3JPNnVBRRAB!2m1!1s0x0:0xa36043a8df9d4cd5!3m1!1s2@1:CIHM0ogKEICAgIDjwrO6uAE%7C%7C?hl=en,104240452898621021549,4,https://lh3.googleusercontent.com/a/ACg8ocLgb1QXnBaKP9tU5AztVw-hX6D7v2fZl_ct88ZFe67Mix4Gxg=s1920-c-rp-mo-br100,https://www.google.com/maps/contrib/104240452898621021549?hl=en,781,2025-09-22T03:40:34.453Z,"Direct Detail URL: https://www.google.com/maps/place/Deckchair+Cinema/@-12.467646,130.8397671,17z/data=!3m1!4b1!4m6!3m5!1s0x2cc091069ffeabf1:0xa36043a8df9d4cd5!8m2!3d-12.467646!4d130.842342!16s%2Fg%2F1tfvqcpx?entry=ttu&g_ep=EgoyMDI1MDkxNy4wIKXMDSoASAFQAw%3D%3D",5,Northern Territory,Jervois Rd,False,Very relaxing environment. Excellent customer service. Great movies.,,Deckchair Cinema,4.8,,https://www.google.com/maps/search/?api=1&query=Deckchair%20Cinema&query_place_id=ChIJ8av-nwaRwCwR1Uyd36hDYKM,,Very relaxing environment. Excellent customer service. Great movies.,Positive
"Jervois Rd, Darwin City NT 0800, Australia",Movie theater,Movie theater,11772483818531671253,Darwin City,AU,0x2cc091069ffeabf1:0xa36043a8df9d4cd5,https://lh3.googleusercontent.com/p/AF1QipMpDDsi-hL02VMOStb_4jTGj563Cfr6JoyIs8r_=w408-h271-k-no,False,True,en,0,-12.467646,130.842342,Ronja S,,,False,ChIJ8av-nwaRwCwR1Uyd36hDYKM,800,,a year ago,2024-04-17T22:27:24.272Z,,2024-04-19T02:17:29.000Z,Thanks Ronja :),ChZDSUhNMG9nS0VJQ0FnSUNqLUt5N0J3EAE,https://lh3.googleusercontent.com/geougc-cs/AB3l90DSbvASyPJ7NfYybdjwecYSmGeQmItPoHMtjb-M9rKJC9ZhYkqcspx8tdo4ajRRSSjmBYcphhoTF5nIsUeNBKyip-lxb82J5lyFZHOOKXvvWymMVwFsj9ORgjrTPLWljp52Xdgz,https://lh3.googleusercontent.com/geougc-cs/AB3l90B8zocEbuVFLKb4uySxmy94P8LrUZkjpx7TCwy8YI8aj3KvbACYSocs04tphMqdyWo5EMQ921GKZaTeO2lTldL0Eq4V2yKdTpoIdX6H91CRYRvmmzPZlv6106-kQ6YWuoSAsho8tA,,,,,,,,,,,,,,Google,https://www.google.com/maps/reviews/data=!4m8!14m7!1m6!2m5!1sChZDSUhNMG9nS0VJQ0FnSUNqLUt5N0J3EAE!2m1!1s0x0:0xa36043a8df9d4cd5!3m1!1s2@1:CIHM0ogKEICAgICj-Ky7Bw%7C%7C?hl=en,102586327744720011843,281,https://lh3.googleusercontent.com/a-/ALV-UjU_cCRq1cogfdyfFy0HOHzgn4YEUNxSuFLUuvKOn5QUSMKLIBrv=s1920-c-rp-mo-ba5-br100,https://www.google.com/maps/contrib/102586327744720011843?hl=en,781,2025-09-22T03:40:34.453Z,"Direct Detail URL: https://www.google.com/maps/place/Deckchair+Cinema/@-12.467646,130.8397671,17z/data=!3m1!4b1!4m6!3m5!1s0x2cc091069ffeabf1:0xa36043a8df9d4cd5!8m2!3d-12.467646!4d130.842342!16s%2Fg%2F1tfvqcpx?entry=ttu&g_ep=EgoyMDI1MDkxNy4wIKXMDSoASAFQAw%3D%3D",5,Northern Territory,Jervois Rd,False,,,Deckchair Cinema,4.8,,https://www.google.com/maps/search/?api=1&query=Deckchair%20Cinema&query_place_id=ChIJ8av-nwaRwCwR1Uyd36hDYKM,,,Positive
"Jervois Rd, Darwin City NT 0800, Australia",Movie theater,Movie theater,11772483818531671253,Darwin City,AU,0x2cc091069ffeabf1:0xa36043a8df9d4cd5,https://lh3.googleusercontent.com/p/AF1QipMpDDsi-hL02VMOStb_4jTGj563Cfr6JoyIs8r_=w408-h271-k-no,False,False,en,0,-12.467646,130.842342,Deepak Chhetry,,,False,ChIJ8av-nwaRwCwR1Uyd36hDYKM,800,,a year ago,2024-04-15T13:23:02.565Z,,2024-05-01T02:21:33.000Z,Thanks Deepak :),ChZDSUhNMG9nS0VJQ0FnSUREdDlpd2FREAE,,,,,,,,,,,,,,,,Google,https://www.google.com/maps/reviews/data=!4m8!14m7!1m6!2m5!1sChZDSUhNMG9nS0VJQ0FnSUREdDlpd2FREAE!2m1!1s0x0:0xa36043a8df9d4cd5!3m1!1s2@1:CIHM0ogKEICAgIDDt9iwaQ%7C%7C?hl=en,111377487135553799229,5,https://lh3.googleusercontent.com/a-/ALV-UjWrI84fqWaVbDH2Tw0q9Cqyz7ab98UQafehg866Q8qFrNvWlVZUjg=s1920-c-rp-mo-br100,https://www.google.com/maps/contrib/111377487135553799229?hl=en,781,2025-09-22T03:40:34.453Z,"Direct Detail URL: https://www.google.com/maps/place/Deckchair+Cinema/@-12.467646,130.8397671,17z/data=!3m1!4b1!4m6!3m5!1s0x2cc091069ffeabf1:0xa36043a8df9d4cd5!8m2!3d-12.467646!4d130.842342!16s%2Fg%2F1tfvqcpx?entry=ttu&g_ep=EgoyMDI1MDkxNy4wIKXMDSoASAFQAw%3D%3D",5,Northern Territory,Jervois Rd,False,,,Deckchair Cinema,4.8,,https://www.google.com/maps/search/?api=1&query=Deckchair%20Cinema&query_place_id=ChIJ8av-nwaRwCwR1Uyd36hDYKM,,,Positive
"Jervois Rd, Darwin City NT 0800, Australia",Movie theater,Movie theater,11772483818531671253,Darwin City,AU,0x2cc091069ffeabf1:0xa36043a8df9d4cd5,https://lh3.googleusercontent.com/p/AF1QipMpDDsi-hL02VMOStb_4jTGj563Cfr6JoyIs8r_=w408-h271-k-no,False,True,en,0,-12.467646,130.842342,David Mitchell,,en,False,ChIJ8av-nwaRwCwR1Uyd36hDYKM,800,,a year ago,2024-04-15T01:30:43.974Z,,2024-04-15T02:21:35.000Z,"Thanks David, always great to hear feedback like this. Hope you get to visit again soon!",ChZDSUhNMG9nS0VJQ0FnSUREeDZqVkR3EAE,https://lh3.googleusercontent.com/geougc-cs/AB3l90DbfvvZCOTeT8Cx0WdxGQ3XZXCacsx1Vyxo1T0Rk0JQYAzte6loD6OSpyJdpedlBgJzlAFgpgSxpb6qQhgQ76itugXldbyZcq2-9hBuw2k0CAnFKU39XXZuIh06TsMvACWLCCrSow,https://lh3.googleusercontent.com/geougc-cs/AB3l90AgafSLmST5wfLxeLI3AlytImcUnN9hYgD50fyyBpTyQCYVk6jhTC5ZMP0yTpkJftwvuSuwJPvYGVd0N6QcaGqpII5m6DU-We_Xj3sOsEYpAp2bA9Q_V1LZpFXRvK1mk6ZoGXme,https://lh3.googleusercontent.com/geougc-cs/AB3l90BmymQuHuC0vqotblLreZ2nlOeVWw2t7ZGAZZvvnoZXKiaQJn6qoHuK2aCNeKjwmBncJex0-GAPTvgPJT2YTYTF73SSoSAGu8RrTlwpGJbBVTEfQYX-8nuH8mNk4o5f2U2VEPReHQ,,,,,,,,,,,,,Google,https://www.google.com/maps/reviews/data=!4m8!14m7!1m6!2m5!1sChZDSUhNMG9nS0VJQ0FnSUREeDZqVkR3EAE!2m1!1s0x0:0xa36043a8df9d4cd5!3m1!1s2@1:CIHM0ogKEICAgIDDx6jVDw%7C%7C?hl=en,105274202885359045588,461,https://lh3.googleusercontent.com/a-/ALV-UjXuTGCtJNBitw1RjksjSBAb_q4FpMJcfST_hrboMQkiFbPHEjrS=s1920-c-rp-mo-ba5-br100,https://www.google.com/maps/contrib/105274202885359045588?hl=en,781,2025-09-22T03:40:34.453Z,"Direct Detail URL: https://www.google.com/maps/place/Deckchair+Cinema/@-12.467646,130.8397671,17z/data=!3m1!4b1!4m6!3m5!1s0x2cc091069ffeabf1:0xa36043a8df9d4cd5!8m2!3d-12.467646!4d130.842342!16s%2Fg%2F1tfvqcpx?entry=ttu&g_ep=EgoyMDI1MDkxNy4wIKXMDSoASAFQAw%3D%3D",4,Northern Territory,Jervois Rd,False,A Darwin icon. Querky and offbeat and a great way to see a movie. Food is not too shabby either. Bar facilities. Well maintaned. A place to enjoy cinema top end style.,,Deckchair Cinema,4.8,,https://www.google.com/maps/search/?api=1&query=Deckchair%20Cinema&query_place_id=ChIJ8av-nwaRwCwR1Uyd36hDYKM,,A Darwin icon. Querky and offbeat and a great way to see a movie. Food is not too shabby either. Bar facilities. Well maintaned. A place to enjoy cinema top end style.,Positive
"Jervois Rd, Darwin City NT 0800, Australia",Movie theater,Movie theater,11772483818531671253,Darwin City,AU,0x2cc091069ffeabf1:0xa36043a8df9d4cd5,https://lh3.googleusercontent.com/p/AF1QipMpDDsi-hL02VMOStb_4jTGj563Cfr6JoyIs8r_=w408-h271-k-no,False,True,en,0,-12.467646,130.842342,Bilzebub313,,de,False,ChIJ8av-nwaRwCwR1Uyd36hDYKM,800,,a year ago,2024-04-13T14:42:50.895Z,,2024-04-15T02:22:47.000Z,Danke sehr Bilsebub! Glad you enjoyed the cinema :),ChZDSUhNMG9nS0VJQ0FnSUREdzduQlBnEAE,,,,,,,,,,,,,,,,Google,https://www.google.com/maps/reviews/data=!4m8!14m7!1m6!2m5!1sChZDSUhNMG9nS0VJQ0FnSUREdzduQlBnEAE!2m1!1s0x0:0xa36043a8df9d4cd5!3m1!1s2@1:CIHM0ogKEICAgIDDw7nBPg%7C%7C?hl=en,103350423173663039663,31,https://lh3.googleusercontent.com/a-/ALV-UjVM_mxaqibgMXy6IEQa-ES3JOIhzDsDaUJy6nAx6kOBXYFs1lM=s1920-c-rp-mo-ba3-br100,https://www.google.com/maps/contrib/103350423173663039663?hl=en,781,2025-09-22T03:40:34.453Z,"Direct Detail URL: https://www.google.com/maps/place/Deckchair+Cinema/@-12.467646,130.8397671,17z/data=!3m1!4b1!4m6!3m5!1s0x2cc091069ffeabf1:0xa36043a8df9d4cd5!8m2!3d-12.467646!4d130.842342!16s%2Fg%2F1tfvqcpx?entry=ttu&g_ep=EgoyMDI1MDkxNy4wIKXMDSoASAFQAw%3D%3D",5,Northern Territory,Jervois Rd,False,So ein tolles Kino! Das Ambiente ist großartig und es ist alles liebevoll gestaltet. Wir hatten einen tollen Abend hier.,"Such a great cinema! The ambiance is fantastic, and everything is lovingly designed. We had a wonderful evening here.",Deckchair Cinema,4.8,en,https://www.google.com/maps/search/?api=1&query=Deckchair%20Cinema&query_place_id=ChIJ8av-nwaRwCwR1Uyd36hDYKM,,"Such a great cinema! The ambiance is fantastic, and everything is lovingly designed. We had a wonderful evening here.",Positive
"Jervois Rd, Darwin City NT 0800, Australia",Movie theater,Movie theater,11772483818531671253,Darwin City,AU,0x2cc091069ffeabf1:0xa36043a8df9d4cd5,https://lh3.googleusercontent.com/p/AF1QipMpDDsi-hL02VMOStb_4jTGj563Cfr6JoyIs8r_=w408-h271-k-no,False,False,en,0,-12.467646,130.842342,bre williams,,,False,ChIJ8av-nwaRwCwR1Uyd36hDYKM,800,,a year ago,2024-04-12T14:10:44.474Z,,2024-04-15T02:20:49.000Z,"Thanks Bre, glad you enjoyed the cinema :)",ChdDSUhNMG9nS0VJQ0FnSUREdGQ3RjB3RRAB,,,,,,,,,,,,,,,,Google,https://www.google.com/maps/reviews/data=!4m8!14m7!1m6!2m5!1sChdDSUhNMG9nS0VJQ0FnSUREdGQ3RjB3RRAB!2m1!1s0x0:0xa36043a8df9d4cd5!3m1!1s2@1:CIHM0ogKEICAgIDDtd7F0wE%7C%7C?hl=en,117771718346391652906,0,https://lh3.googleusercontent.com/a/ACg8ocLoBfkH-pebvJcHDh_MDirnc1W15u32j0q2tb5CWppqwMWplYU=s1920-c-rp-mo-br100,https://www.google.com/maps/contrib/117771718346391652906?hl=en,781,2025-09-22T03:40:34.453Z,"Direct Detail URL: https://www.google.com/maps/place/Deckchair+Cinema/@-12.467646,130.8397671,17z/data=!3m1!4b1!4m6!3m5!1s0x2cc091069ffeabf1:0xa36043a8df9d4cd5!8m2!3d-12.467646!4d130.842342!16s%2Fg%2F1tfvqcpx?entry=ttu&g_ep=EgoyMDI1MDkxNy4wIKXMDSoASAFQAw%3D%3D",5,Northern Territory,Jervois Rd,False,,,Deckchair Cinema,4.8,,https://www.google.com/maps/search/?api=1&query=Deckchair%20Cinema&query_place_id=ChIJ8av-nwaRwCwR1Uyd36hDYKM,,,Positive
"Jervois Rd, Darwin City NT 0800, Australia",Movie theater,Movie theater,11772483818531671253,Darwin City,AU,0x2cc091069ffeabf1:0xa36043a8df9d4cd5,https://lh3.googleusercontent.com/p/AF1QipMpDDsi-hL02VMOStb_4jTGj563Cfr6JoyIs8r_=w408-h271-k-no,False,True,en,0,-12.467646,130.842342,Alex Tống,,en,False,ChIJ8av-nwaRwCwR1Uyd36hDYKM,800,,a year ago,2024-02-24T07:53:00.574Z,,2024-02-26T03:37:01.000Z,Thanks Alex :),ChdDSUhNMG9nS0VJQ0FnSURkd2JLb3RnRRAB,https://lh3.googleusercontent.com/geougc-cs/AB3l90AOjAGQFVfW5qu0LD7q_jwY41nsgl6UlDON48E3z-Z10FhIKJIktuCUh3MHvthY7S7Mff2XB5vWT8P_Wo8iAGDL7ghe0mQ0N7XsbvoLoT5LVZd7WwWMk6MnG-hnuM26s9I8IYTF,,,,,,,,,,,,,,,Google,https://www.google.com/maps/reviews/data=!4m8!14m7!1m6!2m5!1sChdDSUhNMG9nS0VJQ0FnSURkd2JLb3RnRRAB!2m1!1s0x0:0xa36043a8df9d4cd5!3m1!1s2@1:CIHM0ogKEICAgIDdwbKotgE%7C%7C?hl=en,118382377123274632904,104,https://lh3.googleusercontent.com/a-/ALV-UjWNeIOcNMFuOELChwAIJ6dev1ZN4HlQG0XxorfzR0ZEZHzkV6gQ=s1920-c-rp-mo-ba4-br100,https://www.google.com/maps/contrib/118382377123274632904?hl=en,781,2025-09-22T03:40:34.453Z,"Direct Detail URL: https://www.google.com/maps/place/Deckchair+Cinema/@-12.467646,130.8397671,17z/data=!3m1!4b1!4m6!3m5!1s0x2cc091069ffeabf1:0xa36043a8df9d4cd5!8m2!3d-12.467646!4d130.842342!16s%2Fg%2F1tfvqcpx?entry=ttu&g_ep=EgoyMDI1MDkxNy4wIKXMDSoASAFQAw%3D%3D",5,Northern Territory,Jervois Rd,False,love the atmosphere here,,Deckchair Cinema,4.8,,https://www.google.com/maps/search/?api=1&query=Deckchair%20Cinema&query_place_id=ChIJ8av-nwaRwCwR1Uyd36hDYKM,,love the atmosphere here,Positive
"Jervois Rd, Darwin City NT 0800, Australia",Movie theater,Movie theater,11772483818531671253,Darwin City,AU,0x2cc091069ffeabf1:0xa36043a8df9d4cd5,https://lh3.googleusercontent.com/p/AF1QipMpDDsi-hL02VMOStb_4jTGj563Cfr6JoyIs8r_=w408-h271-k-no,False,True,en,0,-12.467646,130.842342,M; Kutjipa Simpson,,en,False,ChIJ8av-nwaRwCwR1Uyd36hDYKM,800,,a year ago,2023-11-27T04:04:44.472Z,,2023-11-29T23:42:37.000Z,Thank you :),ChZDSUhNMG9nS0VJQ0FnSUNseTd5aGZREAE,,,,,,,,,,,,,,,,Google,https://www.google.com/maps/reviews/data=!4m8!14m7!1m6!2m5!1sChZDSUhNMG9nS0VJQ0FnSUNseTd5aGZREAE!2m1!1s0x0:0xa36043a8df9d4cd5!3m1!1s2@1:CIHM0ogKEICAgICly7yhfQ%7C%7C?hl=en,103294011316074907107,43,https://lh3.googleusercontent.com/a-/ALV-UjWNS8GsnXL0eabhojhTaJeQKATSxhHtJbDaaR-jxl25nJpMwpBvdg=s1920-c-rp-mo-ba3-br100,https://www.google.com/maps/contrib/103294011316074907107?hl=en,781,2025-09-22T03:40:34.453Z,"Direct Detail URL: https://www.google.com/maps/place/Deckchair+Cinema/@-12.467646,130.8397671,17z/data=!3m1!4b1!4m6!3m5!1s0x2cc091069ffeabf1:0xa36043a8df9d4cd5!8m2!3d-12.467646!4d130.842342!16s%2Fg%2F1tfvqcpx?entry=ttu&g_ep=EgoyMDI1MDkxNy4wIKXMDSoASAFQAw%3D%3D",5,Northern Territory,Jervois Rd,False,So cool. So quaint. So NT.,,Deckchair Cinema,4.8,,https://www.google.com/maps/search/?api=1&query=Deckchair%20Cinema&query_place_id=ChIJ8av-nwaRwCwR1Uyd36hDYKM,,So cool. So quaint. So NT.,Positive
"Jervois Rd, Darwin City NT 0800, Australia",Movie theater,Movie theater,11772483818531671253,Darwin City,AU,0x2cc091069ffeabf1:0xa36043a8df9d4cd5,https://lh3.googleusercontent.com/p/AF1QipMpDDsi-hL02VMOStb_4jTGj563Cfr6JoyIs8r_=w408-h271-k-no,False,True,en,0,-12.467646,130.842342,Jennifer Ward,,,False,ChIJ8av-nwaRwCwR1Uyd36hDYKM,800,,a year ago,2023-11-25T08:38:00.088Z,,2023-11-26T23:19:01.000Z,Thanks Jenny :),ChdDSUhNMG9nS0VJQ0FnSUNsX1pqRmdBRRAB,,,,,,,,,,,,,,,,Google,https://www.google.com/maps/reviews/data=!4m8!14m7!1m6!2m5!1sChdDSUhNMG9nS0VJQ0FnSUNsX1pqRmdBRRAB!2m1!1s0x0:0xa36043a8df9d4cd5!3m1!1s2@1:CIHM0ogKEICAgICl_ZjFgAE%7C%7C?hl=en,117173770487729694696,46,https://lh3.googleusercontent.com/a-/ALV-UjW2DmSsi1i36uKokYUqLvddMxWd5_H-90H8IFRgI4tMeWIj1m6fvQ=s1920-c-rp-mo-ba4-br100,https://www.google.com/maps/contrib/117173770487729694696?hl=en,781,2025-09-22T03:40:34.453Z,"Direct Detail URL: https://www.google.com/maps/place/Deckchair+Cinema/@-12.467646,130.8397671,17z/data=!3m1!4b1!4m6!3m5!1s0x2cc091069ffeabf1:0xa36043a8df9d4cd5!8m2!3d-12.467646!4d130.842342!16s%2Fg%2F1tfvqcpx?entry=ttu&g_ep=EgoyMDI1MDkxNy4wIKXMDSoASAFQAw%3D%3D",5,Northern Territory,Jervois Rd,False,,,Deckchair Cinema,4.8,,https://www.google.com/maps/search/?api=1&query=Deckchair%20Cinema&query_place_id=ChIJ8av-nwaRwCwR1Uyd36hDYKM,,,Positive
"Jervois Rd, Darwin City NT 0800, Australia",Movie theater,Movie theater,11772483818531671253,Darwin City,AU,0x2cc091069ffeabf1:0xa36043a8df9d4cd5,https://lh3.googleusercontent.com/p/AF1QipMpDDsi-hL02VMOStb_4jTGj563Cfr6JoyIs8r_=w408-h271-k-no,False,True,en,0,-12.467646,130.842342,Jill Garratt,,en,False,ChIJ8av-nwaRwCwR1Uyd36hDYKM,800,,a year ago,2023-11-12T07:05:31.097Z,,2023-11-12T08:58:08.000Z,Thanks so much Jill! Great to hear you enjoyed the cinema.,ChdDSUhNMG9nS0VJQ0FnSURGdjZTY25RRRAB,,,,,,,,,,,,,,,,Google,https://www.google.com/maps/reviews/data=!4m8!14m7!1m6!2m5!1sChdDSUhNMG9nS0VJQ0FnSURGdjZTY25RRRAB!2m1!1s0x0:0xa36043a8df9d4cd5!3m1!1s2@1:CIHM0ogKEICAgIDFv6ScnQE%7C%7C?hl=en,107653516363830223652,18,https://lh3.googleusercontent.com/a/ACg8ocLJSelAcGa1vZdEGW-2tfh7g3-dqw8m8KI76tY4u0kbmwUAhA=s1920-c-rp-mo-ba2-br100,https://www.google.com/maps/contrib/107653516363830223652?hl=en,781,2025-09-22T03:40:34.453Z,"Direct Detail URL: https://www.google.com/maps/place/Deckchair+Cinema/@-12.467646,130.8397671,17z/data=!3m1!4b1!4m6!3m5!1s0x2cc091069ffeabf1:0xa36043a8df9d4cd5!8m2!3d-12.467646!4d130.842342!16s%2Fg%2F1tfvqcpx?entry=ttu&g_ep=EgoyMDI1MDkxNy4wIKXMDSoASAFQAw%3D%3D",5,Northern Territory,Jervois Rd,False,"What a gorgeous location for a sunset. Dinner available before the movie. Great selection of movies on show. Delightful venue. Book exchange, bar and nibbles also available.",,Deckchair Cinema,4.8,,https://www.google.com/maps/search/?api=1&query=Deckchair%20Cinema&query_place_id=ChIJ8av-nwaRwCwR1Uyd36hDYKM,,"What a gorgeous location for a sunset. Dinner available before the movie. Great selection of movies on show. Delightful venue. Book exchange, bar and nibbles also available.",Positive
