address,categories/0,categoryName,cid,city,countryCode,fid,imageUrl,isAdvertisement,isLocalGuide,language,likesCount,location/lat,location/lng,name,neighborhood,originalLanguage,permanentlyClosed,placeId,postalCode,price,publishAt,publishedAtDate,rating,responseFromOwnerDate,responseFromOwnerText,reviewId,reviewImageUrls/0,reviewImageUrls/1,reviewImageUrls/2,reviewImageUrls/3,reviewImageUrls/4,reviewImageUrls/5,reviewImageUrls/6,reviewImageUrls/7,reviewImageUrls/8,reviewImageUrls/9,reviewImageUrls/10,reviewImageUrls/11,reviewOrigin,reviewUrl,reviewerId,reviewerNumberOfReviews,reviewerPhotoUrl,reviewerUrl,reviewsCount,scrapedAt,searchString,stars,state,street,temporarilyClosed,text,textTranslated,title,totalScore,translatedLanguage,url,visitedIn,review_text,Emotion
"Pavonia Pl, Nightcliff NT 0810, Australia",Market,Market,12036489265495032495,Nightcliff,AU,0x2cc09311a52157db:0xa70a333704a242af,https://lh3.googleusercontent.com/gps-cs-s/AC9h4nrrmz4dU7J7jQiIERNpQPlBJKC9TPgYYsRrs0JmwimbbMOHc7_tCEqV7X7rL0wYzVXT_pxhh-jwssa4nL_r0h2hr9_5XoTg8T_VkGzTDrd5y7jsYNJZnDG1j9wVUL46xUpFT4FY=w426-h240-k-no,False,True,en,0,-12.3876332,130.8505878,Jayansh Shinde,,,False,ChIJ21chpRGTwCwRr0KiBDczCqc,810,,6 days ago,2025-09-15T20:28:26.660Z,,,,Ci9DQUlRQUNvZENodHljRjlvT2tWTE0wOVlla3BIYVVFMlJXVmxNbmx6TFU0emFHYxAB,,,,,,,,,,,,,Google,https://www.google.com/maps/reviews/data=!4m8!14m7!1m6!2m5!1sCi9DQUlRQUNvZENodHljRjlvT2tWTE0wOVlla3BIYVVFMlJXVmxNbmx6TFU0emFHYxAB!2m1!1s0x0:0xa70a333704a242af!3m1!1s2@1:CAIQACodChtycF9oOkVLM09YekpHaUE2RWVlMnlzLU4zaGc%7C%7C?hl=en,104614799588569460433,17,https://lh3.googleusercontent.com/a-/ALV-UjX9AEzFCZ9PzEugZHusqTEwKdtMjiGgRLcQE_1dxQMMC5U6ryahUw=s1920-c-rp-mo-ba3-br100,https://www.google.com/maps/contrib/104614799588569460433?hl=en,750,2025-09-22T03:43:57.206Z,"Direct Detail URL: https://www.google.com/maps/place/Nightcliff+Market/@-12.3876332,130.8480129,17z/data=!3m1!5s0x2cc09311b73dbc79:0x14cfcfeddac80314!4m8!3m7!1s0x2cc09311a52157db:0xa70a333704a242af!8m2!3d-12.3876332!4d130.8505878!9m1!1b1!16s%2Fg%2F11c0pvbzbf?entry=ttu&g_ep=EgoyMDI1MDkxNy4wIKXMDSoASAFQAw%3D%3D",5,Northern Territory,Pavonia Pl,False,,,Nightcliff Market,4.3,,https://www.google.com/maps/search/?api=1&query=Nightcliff%20Market&query_place_id=ChIJ21chpRGTwCwRr0KiBDczCqc,,,Positive
"Pavonia Pl, Nightcliff NT 0810, Australia",Market,Market,12036489265495032495,Nightcliff,AU,0x2cc09311a52157db:0xa70a333704a242af,https://lh3.googleusercontent.com/gps-cs-s/AC9h4nrrmz4dU7J7jQiIERNpQPlBJKC9TPgYYsRrs0JmwimbbMOHc7_tCEqV7X7rL0wYzVXT_pxhh-jwssa4nL_r0h2hr9_5XoTg8T_VkGzTDrd5y7jsYNJZnDG1j9wVUL46xUpFT4FY=w426-h240-k-no,False,True,en,0,-12.3876332,130.8505878,MARK Burn,,,False,ChIJ21chpRGTwCwRr0KiBDczCqc,810,,a month ago,2025-08-21T08:30:29.671Z,,,,Ci9DQUlRQUNvZENodHljRjlvT2xWamNFSnpkakYyWlRCdk56QnlUa1Z2YjFjNGNIYxAB,,,,,,,,,,,,,Google,https://www.google.com/maps/reviews/data=!4m8!14m7!1m6!2m5!1sCi9DQUlRQUNvZENodHljRjlvT2xWamNFSnpkakYyWlRCdk56QnlUa1Z2YjFjNGNIYxAB!2m1!1s0x0:0xa70a333704a242af!3m1!1s2@1:CAIQACodChtycF9oOlVjcEJzdjF2ZTBvNzByTkVvb1c4cHc%7C%7C?hl=en,112488760775585731797,5,https://lh3.googleusercontent.com/a-/ALV-UjWha4I9c1pgTcWNFkZD88MM65oB_0_ZwpdALlatMCQq0-gjFqHm=s1920-c-rp-mo-ba3-br100,https://www.google.com/maps/contrib/112488760775585731797?hl=en,750,2025-09-22T03:43:57.206Z,"Direct Detail URL: https://www.google.com/maps/place/Nightcliff+Market/@-12.3876332,130.8480129,17z/data=!3m1!5s0x2cc09311b73dbc79:0x14cfcfeddac80314!4m8!3m7!1s0x2cc09311a52157db:0xa70a333704a242af!8m2!3d-12.3876332!4d130.8505878!9m1!1b1!16s%2Fg%2F11c0pvbzbf?entry=ttu&g_ep=EgoyMDI1MDkxNy4wIKXMDSoASAFQAw%3D%3D",4,Northern Territory,Pavonia Pl,False,,,Nightcliff Market,4.3,,https://www.google.com/maps/search/?api=1&query=Nightcliff%20Market&query_place_id=ChIJ21chpRGTwCwRr0KiBDczCqc,,,Positive
"Pavonia Pl, Nightcliff NT 0810, Australia",Market,Market,12036489265495032495,Nightcliff,AU,0x2cc09311a52157db:0xa70a333704a242af,https://lh3.googleusercontent.com/gps-cs-s/AC9h4nrrmz4dU7J7jQiIERNpQPlBJKC9TPgYYsRrs0JmwimbbMOHc7_tCEqV7X7rL0wYzVXT_pxhh-jwssa4nL_r0h2hr9_5XoTg8T_VkGzTDrd5y7jsYNJZnDG1j9wVUL46xUpFT4FY=w426-h240-k-no,False,True,en,0,-12.3876332,130.8505878,Jenny Shroff,,en,False,ChIJ21chpRGTwCwRr0KiBDczCqc,810,,a month ago,2025-08-19T11:43:55.966Z,,,,Ci9DQUlRQUNvZENodHljRjlvT2xCNmRISjNRbUZCYmxsQlpraDBVRFJaVjA0MU5GRRAB,,,,,,,,,,,,,Google,https://www.google.com/maps/reviews/data=!4m8!14m7!1m6!2m5!1sCi9DQUlRQUNvZENodHljRjlvT2xCNmRISjNRbUZCYmxsQlpraDBVRFJaVjA0MU5GRRAB!2m1!1s0x0:0xa70a333704a242af!3m1!1s2@1:CAIQACodChtycF9oOlB6dHJ3QmFBbllBZkh0UDRZV041NFE%7C%7C?hl=en,110239355599156169205,31,https://lh3.googleusercontent.com/a/ACg8ocJKuno6LDYvu6XIDuxvH6nPnPQ2k460wQFyuZr_xTnGcfjS1g=s1920-c-rp-mo-ba3-br100,https://www.google.com/maps/contrib/110239355599156169205?hl=en,750,2025-09-22T03:43:57.206Z,"Direct Detail URL: https://www.google.com/maps/place/Nightcliff+Market/@-12.3876332,130.8480129,17z/data=!3m1!5s0x2cc09311b73dbc79:0x14cfcfeddac80314!4m8!3m7!1s0x2cc09311a52157db:0xa70a333704a242af!8m2!3d-12.3876332!4d130.8505878!9m1!1b1!16s%2Fg%2F11c0pvbzbf?entry=ttu&g_ep=EgoyMDI1MDkxNy4wIKXMDSoASAFQAw%3D%3D",5,Northern Territory,Pavonia Pl,False,"I like this market, there are good clothing shops and food",,Nightcliff Market,4.3,,https://www.google.com/maps/search/?api=1&query=Nightcliff%20Market&query_place_id=ChIJ21chpRGTwCwRr0KiBDczCqc,,"I like this market, there are good clothing shops and food",Positive
"Pavonia Pl, Nightcliff NT 0810, Australia",Market,Market,12036489265495032495,Nightcliff,AU,0x2cc09311a52157db:0xa70a333704a242af,https://lh3.googleusercontent.com/gps-cs-s/AC9h4nrrmz4dU7J7jQiIERNpQPlBJKC9TPgYYsRrs0JmwimbbMOHc7_tCEqV7X7rL0wYzVXT_pxhh-jwssa4nL_r0h2hr9_5XoTg8T_VkGzTDrd5y7jsYNJZnDG1j9wVUL46xUpFT4FY=w426-h240-k-no,False,True,en,0,-12.3876332,130.8505878,Happy Diane,,en,False,ChIJ21chpRGTwCwRr0KiBDczCqc,810,,a month ago,2025-07-30T08:51:20.443Z,,,,Ci9DQUlRQUNvZENodHljRjlvT2xwTlIxWkRiM2xXUlVweFIwcHNVMVl3UzBrd2EzYxAB,,,,,,,,,,,,,Google,https://www.google.com/maps/reviews/data=!4m8!14m7!1m6!2m5!1sCi9DQUlRQUNvZENodHljRjlvT2xwTlIxWkRiM2xXUlVweFIwcHNVMVl3UzBrd2EzYxAB!2m1!1s0x0:0xa70a333704a242af!3m1!1s2@1:CAIQACodChtycF9oOlpNR1ZDb3lWRUpxR0psU1YwS0kwa3c%7C%7C?hl=en,110289803943183398842,240,https://lh3.googleusercontent.com/a-/ALV-UjVffeaH2ScvfTDBd-b3Tii9A59I9iCAtwzTGzy6PGYiz8yKvRJr=s1920-c-rp-mo-ba6-br100,https://www.google.com/maps/contrib/110289803943183398842?hl=en,750,2025-09-22T03:43:57.206Z,"Direct Detail URL: https://www.google.com/maps/place/Nightcliff+Market/@-12.3876332,130.8480129,17z/data=!3m1!5s0x2cc09311b73dbc79:0x14cfcfeddac80314!4m8!3m7!1s0x2cc09311a52157db:0xa70a333704a242af!8m2!3d-12.3876332!4d130.8505878!9m1!1b1!16s%2Fg%2F11c0pvbzbf?entry=ttu&g_ep=EgoyMDI1MDkxNy4wIKXMDSoASAFQAw%3D%3D",5,Northern Territory,Pavonia Pl,False,"I visited the Nightcliff Markets while I was in Darwin and really enjoyed the vibe. They're on every Sunday from 8 am to 2 pm and run all year round. It’s a nice little market with a good mix of food stalls, arts and crafts, local produce, second-hand goods, and live music. It’s a more laid-back market compared to some of the busier ones around Darwin, but still has a great atmosphere.

I had the most amazing fresh paw paw salad made right in front of me, and the mango juice with orange, ginger and honey was next level—so refreshing! Easily one of the best juices I’ve had:)

Something to note—dogs aren’t allowed at the markets, which is the same across most of the markets in Darwin. It’s a bit of a shame if you're travelling with your dog, but worth knowing before you go. Parking can be a bit tight, but there’s usually some available around the shopping centre or nearby streets.

If you’re in Darwin on a Sunday, it’s a great little spot to grab breakfast or lunch and enjoy some live music in a relaxed setting.",,Nightcliff Market,4.3,,https://www.google.com/maps/search/?api=1&query=Nightcliff%20Market&query_place_id=ChIJ21chpRGTwCwRr0KiBDczCqc,,"I visited the Nightcliff Markets while I was in Darwin and really enjoyed the vibe. They're on every Sunday from 8 am to 2 pm and run all year round. It’s a nice little market with a good mix of food stalls, arts and crafts, local produce, second-hand goods, and live music. It’s a more laid-back market compared to some of the busier ones around Darwin, but still has a great atmosphere.

I had the most amazing fresh paw paw salad made right in front of me, and the mango juice with orange, ginger and honey was next level—so refreshing! Easily one of the best juices I’ve had:)

Something to note—dogs aren’t allowed at the markets, which is the same across most of the markets in Darwin. It’s a bit of a shame if you're travelling with your dog, but worth knowing before you go. Parking can be a bit tight, but there’s usually some available around the shopping centre or nearby streets.

If you’re in Darwin on a Sunday, it’s a great little spot to grab breakfast or lunch and enjoy some live music in a relaxed setting.",Positive
"Pavonia Pl, Nightcliff NT 0810, Australia",Market,Market,12036489265495032495,Nightcliff,AU,0x2cc09311a52157db:0xa70a333704a242af,https://lh3.googleusercontent.com/gps-cs-s/AC9h4nrrmz4dU7J7jQiIERNpQPlBJKC9TPgYYsRrs0JmwimbbMOHc7_tCEqV7X7rL0wYzVXT_pxhh-jwssa4nL_r0h2hr9_5XoTg8T_VkGzTDrd5y7jsYNJZnDG1j9wVUL46xUpFT4FY=w426-h240-k-no,False,True,en,0,-12.3876332,130.8505878,Sakeasi Tawaketini,,,False,ChIJ21chpRGTwCwRr0KiBDczCqc,810,,a month ago,2025-07-29T07:33:31.444Z,,,,Ci9DQUlRQUNvZENodHljRjlvT21nek5FNTRObGhwTW1sR1RHcE9PR05VVW5GaWIyYxAB,,,,,,,,,,,,,Google,https://www.google.com/maps/reviews/data=!4m8!14m7!1m6!2m5!1sCi9DQUlRQUNvZENodHljRjlvT21nek5FNTRObGhwTW1sR1RHcE9PR05VVW5GaWIyYxAB!2m1!1s0x0:0xa70a333704a242af!3m1!1s2@1:CAIQACodChtycF9oOmgzNE54NlhpMmlGTGpOOGNUUnFib2c%7C%7C?hl=en,103019590648935614930,132,https://lh3.googleusercontent.com/a-/ALV-UjX-nnt1DrG0L0MpWwckBGE2h7JBsY4p96zD6FfMa2UQZcA7fRrXXQ=s1920-c-rp-mo-ba4-br100,https://www.google.com/maps/contrib/103019590648935614930?hl=en,750,2025-09-22T03:43:57.206Z,"Direct Detail URL: https://www.google.com/maps/place/Nightcliff+Market/@-12.3876332,130.8480129,17z/data=!3m1!5s0x2cc09311b73dbc79:0x14cfcfeddac80314!4m8!3m7!1s0x2cc09311a52157db:0xa70a333704a242af!8m2!3d-12.3876332!4d130.8505878!9m1!1b1!16s%2Fg%2F11c0pvbzbf?entry=ttu&g_ep=EgoyMDI1MDkxNy4wIKXMDSoASAFQAw%3D%3D",5,Northern Territory,Pavonia Pl,False,,,Nightcliff Market,4.3,,https://www.google.com/maps/search/?api=1&query=Nightcliff%20Market&query_place_id=ChIJ21chpRGTwCwRr0KiBDczCqc,,,Positive
"Pavonia Pl, Nightcliff NT 0810, Australia",Market,Market,12036489265495032495,Nightcliff,AU,0x2cc09311a52157db:0xa70a333704a242af,https://lh3.googleusercontent.com/gps-cs-s/AC9h4nrrmz4dU7J7jQiIERNpQPlBJKC9TPgYYsRrs0JmwimbbMOHc7_tCEqV7X7rL0wYzVXT_pxhh-jwssa4nL_r0h2hr9_5XoTg8T_VkGzTDrd5y7jsYNJZnDG1j9wVUL46xUpFT4FY=w426-h240-k-no,False,False,en,0,-12.3876332,130.8505878,Emily Godfrey,,,False,ChIJ21chpRGTwCwRr0KiBDczCqc,810,,a month ago,2025-07-28T02:14:10.374Z,,,,Ci9DQUlRQUNvZENodHljRjlvT20xb2JsTkxlVUUxTm5GVU4zbHpOV2RGVWpWU2MxRRAB,,,,,,,,,,,,,Google,https://www.google.com/maps/reviews/data=!4m8!14m7!1m6!2m5!1sCi9DQUlRQUNvZENodHljRjlvT20xb2JsTkxlVUUxTm5GVU4zbHpOV2RGVWpWU2MxRRAB!2m1!1s0x0:0xa70a333704a242af!3m1!1s2@1:CAIQACodChtycF9oOm1oblNLeUE1NnFUN3lzNWdFUjVSc1E%7C%7C?hl=en,105485506610020550586,2,https://lh3.googleusercontent.com/a/ACg8ocJFgZO_8nbQvQV9pfCyvHKmoKUXIcFYIRIYog65usEWSOxrOA=s1920-c-rp-mo-br100,https://www.google.com/maps/contrib/105485506610020550586?hl=en,750,2025-09-22T03:43:57.206Z,"Direct Detail URL: https://www.google.com/maps/place/Nightcliff+Market/@-12.3876332,130.8480129,17z/data=!3m1!5s0x2cc09311b73dbc79:0x14cfcfeddac80314!4m8!3m7!1s0x2cc09311a52157db:0xa70a333704a242af!8m2!3d-12.3876332!4d130.8505878!9m1!1b1!16s%2Fg%2F11c0pvbzbf?entry=ttu&g_ep=EgoyMDI1MDkxNy4wIKXMDSoASAFQAw%3D%3D",5,Northern Territory,Pavonia Pl,False,,,Nightcliff Market,4.3,,https://www.google.com/maps/search/?api=1&query=Nightcliff%20Market&query_place_id=ChIJ21chpRGTwCwRr0KiBDczCqc,,,Positive
"Pavonia Pl, Nightcliff NT 0810, Australia",Market,Market,12036489265495032495,Nightcliff,AU,0x2cc09311a52157db:0xa70a333704a242af,https://lh3.googleusercontent.com/gps-cs-s/AC9h4nrrmz4dU7J7jQiIERNpQPlBJKC9TPgYYsRrs0JmwimbbMOHc7_tCEqV7X7rL0wYzVXT_pxhh-jwssa4nL_r0h2hr9_5XoTg8T_VkGzTDrd5y7jsYNJZnDG1j9wVUL46xUpFT4FY=w426-h240-k-no,False,True,en,0,-12.3876332,130.8505878,Michael Sprott,,,False,ChIJ21chpRGTwCwRr0KiBDczCqc,810,,a month ago,2025-07-27T08:17:00.474Z,,,,Ci9DQUlRQUNvZENodHljRjlvT25WYWFVTllkR0ppUm5CdGVFRk5iakJyU21oSlpWRRAB,,,,,,,,,,,,,Google,https://www.google.com/maps/reviews/data=!4m8!14m7!1m6!2m5!1sCi9DQUlRQUNvZENodHljRjlvT25WYWFVTllkR0ppUm5CdGVFRk5iakJyU21oSlpWRRAB!2m1!1s0x0:0xa70a333704a242af!3m1!1s2@1:CAIQACodChtycF9oOnVaaUNYdGJiRnBteEFNbjBrSmhJZVE%7C%7C?hl=en,113808495016259093033,6,https://lh3.googleusercontent.com/a-/ALV-UjW5AZ9D62B3Xt979BHC9oYNp-G-vRnaWPRoJg6Re9utZXGlBuxo=s1920-c-rp-mo-ba4-br100,https://www.google.com/maps/contrib/113808495016259093033?hl=en,750,2025-09-22T03:43:57.206Z,"Direct Detail URL: https://www.google.com/maps/place/Nightcliff+Market/@-12.3876332,130.8480129,17z/data=!3m1!5s0x2cc09311b73dbc79:0x14cfcfeddac80314!4m8!3m7!1s0x2cc09311a52157db:0xa70a333704a242af!8m2!3d-12.3876332!4d130.8505878!9m1!1b1!16s%2Fg%2F11c0pvbzbf?entry=ttu&g_ep=EgoyMDI1MDkxNy4wIKXMDSoASAFQAw%3D%3D",3,Northern Territory,Pavonia Pl,False,,,Nightcliff Market,4.3,,https://www.google.com/maps/search/?api=1&query=Nightcliff%20Market&query_place_id=ChIJ21chpRGTwCwRr0KiBDczCqc,,,Neutral
"Pavonia Pl, Nightcliff NT 0810, Australia",Market,Market,12036489265495032495,Nightcliff,AU,0x2cc09311a52157db:0xa70a333704a242af,https://lh3.googleusercontent.com/gps-cs-s/AC9h4nrrmz4dU7J7jQiIERNpQPlBJKC9TPgYYsRrs0JmwimbbMOHc7_tCEqV7X7rL0wYzVXT_pxhh-jwssa4nL_r0h2hr9_5XoTg8T_VkGzTDrd5y7jsYNJZnDG1j9wVUL46xUpFT4FY=w426-h240-k-no,False,True,en,0,-12.3876332,130.8505878,Emi Le,,en,False,ChIJ21chpRGTwCwRr0KiBDczCqc,810,,2 months ago,2025-07-20T12:09:30.145Z,,,,Ci9DQUlRQUNvZENodHljRjlvT25KVWVXMW1lRkpNUmtwT2VYUlZWV0psT1RORlptYxAB,https://lh3.googleusercontent.com/geougc-cs/AB3l90BzRa-0xN3E6dAzyNoL7_U_1gYyapmQ42Tm3gFC-70HpwiKFUxFbiEqPyzCRs8S_dsjms_mEEOB_m7cJAuz8vS-cKQhZ5A3VMwYsbYBAehV8HbleSoXWRnBlMYb8BFkr88qRSreJr_uuIjE,https://lh3.googleusercontent.com/geougc-cs/AB3l90DlY6xcY8uA_KQCUuTy1bV8ssMmE4irvGSoPbJarVfWe0YjokfbmoT8rO33xoeNAvNl-jrpfv-kv_4-vzufGgpBI-LCIJxPSOwWkKXP1ZVd2QOG1jNd5uPhnVqimsOGvFsLoVO65orGhrTV,https://lh3.googleusercontent.com/geougc-cs/AB3l90AO_n7JhwmmLcagg82disrT9SFWuJdSgYemQGEkLtXDuLBbgKuSVi-a-j9eXt5dMB2YLYYrxs0Sikdv7c27GCS7xzqSCiPzU_Pm6p8kgptJwP_PFgxD7Utkqs_CLtVt9hUuTu4fszvlrIyR,https://lh3.googleusercontent.com/geougc-cs/AB3l90C6iXn3kkcg2PlWIdhJZEPnGiWaSIKKF0CzGrb0qw6bUzIYh0QINQj3mUXCzkNP6XpNguF7SvVac6uJCIAfXjU0n7j2r_JPiToVbhxyJIE666Ti7QVO6WFWdL3vhS2VVuD6dHnOey0YVGPn,https://lh3.googleusercontent.com/geougc-cs/AB3l90AHJbLFEsV7DfWzz5OtRgk8SiaDnBYZdMmn8SExGU-DS6qyWpqXKxvUlo6cFF0oeAXgGDW5Kc7i2m3RpGKx8WhugUf9My5tOiuAuzvjnLbQJcov6-Ir8FBm0dXjvqaw-0oK0lmC2pr1dCY,https://lh3.googleusercontent.com/geougc-cs/AB3l90D6k9iFCYm-Bg2AYMZsYAwJpwwx6_ZJRufkvXIOqQDi80QD-aNqabn0XtVuG7DEJZbUs79admx9-aeuYhCTK2LLc3qyW6sxx1cRt-wVyAALBs_XsHl_S6e4D5N8cmL-9LnHL0Q0IzeXhZc,https://lh3.googleusercontent.com/geougc-cs/AB3l90DaNFfnZAc4roYssFX31yzXfNS_Bl3S1CyPiVDVNxzj109Xr2_V2uqHk1PIcB9W7AKps9wyMaGAUhKa84RAZqddza1NRHkPAUi2Dc9szuJyWbggKKMyLCx9cfL0MEakNU2PRlEz8YnoIjWv,https://lh3.googleusercontent.com/geougc-cs/AB3l90CdlnK3IK728UeKPAInGKEBGGaQnImOhLsVpzSdcdvhC36EIHXYlhBXCYXFJFq80xwO-5Xv2F_gqFYgqAmL4n2R307eChu4s3Pln3xOisplF0JPunzdIcRUjj_aNb7mSfxCPRfFzfc26rlX,https://lh3.googleusercontent.com/geougc-cs/AB3l90B1ErQj82bRcxbZ5KSDrmc2mEpvnoKa7W4Sqo92erEi9mg4PlXk_xWuJ4lrnhBf2lD2uRtto1mFD5t6vqR8SQARXXaptNf_GqYRhuHdK0wBXd2OTvxPvxe5DHkdZnT5jaDlY7L7zAlNOf4,https://lh3.googleusercontent.com/geougc-cs/AB3l90DchF9GvrDIW3-8Kj5KETRoVhgATjh64zQCl5rgHphJPkYZRVn5PQcMgYrSPVpQpGtq9yyaz8SVwDqSR0vGXYARv7fCjbLuas4R2uvta5ynZmIQSMvCxPyPUiTGMWbrqPtOWlu15r-1mTBy,https://lh3.googleusercontent.com/geougc-cs/AB3l90Cqi3ksLE3KzMlcEbiLPawqR7sSKjWDq4pFV3-Xd7nLFO798x5FmCJVk1AJ0PRaR7y5vMRmO-9PuNd1nWfHygczHB6453nYDVutMLziBaqAjMp7pNh3WR8AqpI7-9AYZKVESgRaxNoPPIyh,https://lh3.googleusercontent.com/geougc-cs/AB3l90BG6fa4IQh5RfnjjCoQ1YR3eQDSLv2pK8R8toPRdbsA9vt1KZJ_IBl0LjfBVvypUtGDghbdTGEeVcxg3TyhZzqcWtms0nqRPQ31d1hAnJuXL8uNpsSQ0fE8hwQFjVPTnFYdTXvep-vkg2CY,Google,https://www.google.com/maps/reviews/data=!4m8!14m7!1m6!2m5!1sCi9DQUlRQUNvZENodHljRjlvT25KVWVXMW1lRkpNUmtwT2VYUlZWV0psT1RORlptYxAB!2m1!1s0x0:0xa70a333704a242af!3m1!1s2@1:CAIQACodChtycF9oOnJUeW1meFJMRkpOeXRVVWJlOTNFZmc%7C%7C?hl=en,117347020583119408591,144,https://lh3.googleusercontent.com/a-/ALV-UjV10U86cQ0Xwm9m3putraTbydrEgqIrJvn6EEzIGDplptRzdFEF=s1920-c-rp-mo-ba5-br100,https://www.google.com/maps/contrib/117347020583119408591?hl=en,750,2025-09-22T03:43:57.206Z,"Direct Detail URL: https://www.google.com/maps/place/Nightcliff+Market/@-12.3876332,130.8480129,17z/data=!3m1!5s0x2cc09311b73dbc79:0x14cfcfeddac80314!4m8!3m7!1s0x2cc09311a52157db:0xa70a333704a242af!8m2!3d-12.3876332!4d130.8505878!9m1!1b1!16s%2Fg%2F11c0pvbzbf?entry=ttu&g_ep=EgoyMDI1MDkxNy4wIKXMDSoASAFQAw%3D%3D",5,Northern Territory,Pavonia Pl,False,"Nightcliff Market is a great weekend spot to relax and enjoy time with family. There’s a nice mix of Aussie and Asian food, live music on some days, and a kids’ play area. Plenty of seating and a friendly vibe. You’ll find stalls selling handmade items, clothes, books, souvenirs, and some organic products. There are a few veggie stalls too, but not many. Easy to find parking and the bus stop is nearby. Worth a visit!",,Nightcliff Market,4.3,,https://www.google.com/maps/search/?api=1&query=Nightcliff%20Market&query_place_id=ChIJ21chpRGTwCwRr0KiBDczCqc,,"Nightcliff Market is a great weekend spot to relax and enjoy time with family. There’s a nice mix of Aussie and Asian food, live music on some days, and a kids’ play area. Plenty of seating and a friendly vibe. You’ll find stalls selling handmade items, clothes, books, souvenirs, and some organic products. There are a few veggie stalls too, but not many. Easy to find parking and the bus stop is nearby. Worth a visit!",Positive
"Pavonia Pl, Nightcliff NT 0810, Australia",Market,Market,12036489265495032495,Nightcliff,AU,0x2cc09311a52157db:0xa70a333704a242af,https://lh3.googleusercontent.com/gps-cs-s/AC9h4nrrmz4dU7J7jQiIERNpQPlBJKC9TPgYYsRrs0JmwimbbMOHc7_tCEqV7X7rL0wYzVXT_pxhh-jwssa4nL_r0h2hr9_5XoTg8T_VkGzTDrd5y7jsYNJZnDG1j9wVUL46xUpFT4FY=w426-h240-k-no,False,True,en,0,-12.3876332,130.8505878,Jeanette Sealey,,en,False,ChIJ21chpRGTwCwRr0KiBDczCqc,810,,2 months ago,2025-07-14T09:48:50.611Z,,,,Ci9DQUlRQUNvZENodHljRjlvT2xCaVVuWkxUMUV6T1hKd1kwVmFOM1I1VEVWT2QwRRAB,,,,,,,,,,,,,Google,https://www.google.com/maps/reviews/data=!4m8!14m7!1m6!2m5!1sCi9DQUlRQUNvZENodHljRjlvT2xCaVVuWkxUMUV6T1hKd1kwVmFOM1I1VEVWT2QwRRAB!2m1!1s0x0:0xa70a333704a242af!3m1!1s2@1:CAIQACodChtycF9oOlBiUnZLT1EzOXJwY0VaN3R5TEVOd0E%7C%7C?hl=en,108908516730462065512,16,https://lh3.googleusercontent.com/a/ACg8ocKCvHy2jhlJH3vlCNCNm_0sfm2S-JbFTmwKF-pnKKAhxKTCCA=s1920-c-rp-mo-ba2-br100,https://www.google.com/maps/contrib/108908516730462065512?hl=en,750,2025-09-22T03:43:57.206Z,"Direct Detail URL: https://www.google.com/maps/place/Nightcliff+Market/@-12.3876332,130.8480129,17z/data=!3m1!5s0x2cc09311b73dbc79:0x14cfcfeddac80314!4m8!3m7!1s0x2cc09311a52157db:0xa70a333704a242af!8m2!3d-12.3876332!4d130.8505878!9m1!1b1!16s%2Fg%2F11c0pvbzbf?entry=ttu&g_ep=EgoyMDI1MDkxNy4wIKXMDSoASAFQAw%3D%3D",5,Northern Territory,Pavonia Pl,False,Great atmosphere.  Crepes are delicious,,Nightcliff Market,4.3,,https://www.google.com/maps/search/?api=1&query=Nightcliff%20Market&query_place_id=ChIJ21chpRGTwCwRr0KiBDczCqc,,Great atmosphere.  Crepes are delicious,Positive
"Pavonia Pl, Nightcliff NT 0810, Australia",Market,Market,12036489265495032495,Nightcliff,AU,0x2cc09311a52157db:0xa70a333704a242af,https://lh3.googleusercontent.com/gps-cs-s/AC9h4nrrmz4dU7J7jQiIERNpQPlBJKC9TPgYYsRrs0JmwimbbMOHc7_tCEqV7X7rL0wYzVXT_pxhh-jwssa4nL_r0h2hr9_5XoTg8T_VkGzTDrd5y7jsYNJZnDG1j9wVUL46xUpFT4FY=w426-h240-k-no,False,True,en,0,-12.3876332,130.8505878,Louise Kean,,en,False,ChIJ21chpRGTwCwRr0KiBDczCqc,810,,2 months ago,2025-07-13T03:35:52.255Z,,,,Ci9DQUlRQUNvZENodHljRjlvT2xrMGNVVjRSM1pIY2xCSGRUTjZOamxFYzNsc1puYxAB,,,,,,,,,,,,,Google,https://www.google.com/maps/reviews/data=!4m8!14m7!1m6!2m5!1sCi9DQUlRQUNvZENodHljRjlvT2xrMGNVVjRSM1pIY2xCSGRUTjZOamxFYzNsc1puYxAB!2m1!1s0x0:0xa70a333704a242af!3m1!1s2@1:CAIQACodChtycF9oOlk0cUV4R3ZHclBHdTN6NjlEc3lsZnc%7C%7C?hl=en,111845366020564478757,80,https://lh3.googleusercontent.com/a-/ALV-UjUXSdaQ9K4IzSWRNdUoWUTfpBVDYNCt30IgzoiSI4fL3iH_eVdC=s1920-c-rp-mo-ba4-br100,https://www.google.com/maps/contrib/111845366020564478757?hl=en,750,2025-09-22T03:43:57.206Z,"Direct Detail URL: https://www.google.com/maps/place/Nightcliff+Market/@-12.3876332,130.8480129,17z/data=!3m1!5s0x2cc09311b73dbc79:0x14cfcfeddac80314!4m8!3m7!1s0x2cc09311a52157db:0xa70a333704a242af!8m2!3d-12.3876332!4d130.8505878!9m1!1b1!16s%2Fg%2F11c0pvbzbf?entry=ttu&g_ep=EgoyMDI1MDkxNy4wIKXMDSoASAFQAw%3D%3D",5,Northern Territory,Pavonia Pl,False,"Night cliff markets, open 8am-2pm Sat's & Sun's. We took the No.4 bus from Darwin CBD, 20min ride. We came in mid July & the weather was perfect- @ 30 degrees celcius & a nice breeze. A great market atmosphere, live music, huge array of centrally placed food vendors- lots of different food and drinks to try; laksa, tropical fruits juices, and LOTS more. Suitable for all ages groups. Market is mostly in shade. Toilet facilities and seating available all around market. Lovely stall of clothing, jewelery, books, homewares, touristy purchases. We then walked 20min flat ground walk over to nearby Rapid Creek Markets on roughly the same time (Sat/Sun mornings) which is more fresh produce based. Night cliff is a more general market and will have something to please everyone in the family. We would come to this market again 👍",,Nightcliff Market,4.3,,https://www.google.com/maps/search/?api=1&query=Nightcliff%20Market&query_place_id=ChIJ21chpRGTwCwRr0KiBDczCqc,,"Night cliff markets, open 8am-2pm Sat's & Sun's. We took the No.4 bus from Darwin CBD, 20min ride. We came in mid July & the weather was perfect- @ 30 degrees celcius & a nice breeze. A great market atmosphere, live music, huge array of centrally placed food vendors- lots of different food and drinks to try; laksa, tropical fruits juices, and LOTS more. Suitable for all ages groups. Market is mostly in shade. Toilet facilities and seating available all around market. Lovely stall of clothing, jewelery, books, homewares, touristy purchases. We then walked 20min flat ground walk over to nearby Rapid Creek Markets on roughly the same time (Sat/Sun mornings) which is more fresh produce based. Night cliff is a more general market and will have something to please everyone in the family. We would come to this market again 👍",Positive
"Pavonia Pl, Nightcliff NT 0810, Australia",Market,Market,12036489265495032495,Nightcliff,AU,0x2cc09311a52157db:0xa70a333704a242af,https://lh3.googleusercontent.com/gps-cs-s/AC9h4nrrmz4dU7J7jQiIERNpQPlBJKC9TPgYYsRrs0JmwimbbMOHc7_tCEqV7X7rL0wYzVXT_pxhh-jwssa4nL_r0h2hr9_5XoTg8T_VkGzTDrd5y7jsYNJZnDG1j9wVUL46xUpFT4FY=w426-h240-k-no,False,True,en,0,-12.3876332,130.8505878,Alfy,,,False,ChIJ21chpRGTwCwRr0KiBDczCqc,810,,2 months ago,2025-07-08T23:48:03.580Z,,,,Ci9DQUlRQUNvZENodHljRjlvT21SNGRGRlpXVFYwTFhwMkxUTnBkSFpRUkVoQlEwRRAB,,,,,,,,,,,,,Google,https://www.google.com/maps/reviews/data=!4m8!14m7!1m6!2m5!1sCi9DQUlRQUNvZENodHljRjlvT21SNGRGRlpXVFYwTFhwMkxUTnBkSFpRUkVoQlEwRRAB!2m1!1s0x0:0xa70a333704a242af!3m1!1s2@1:CAIQACodChtycF9oOmR4dFFZWTV0LXp2LTNpdHZQREhBQ0E%7C%7C?hl=en,107578320632452730281,31,https://lh3.googleusercontent.com/a-/ALV-UjXq6fb3cddsrX8HuQ8Pp26SVume-gxyMNPsdCk-JTZUuYanHxUR9w=s1920-c-rp-mo-ba4-br100,https://www.google.com/maps/contrib/107578320632452730281?hl=en,750,2025-09-22T03:43:57.206Z,"Direct Detail URL: https://www.google.com/maps/place/Nightcliff+Market/@-12.3876332,130.8480129,17z/data=!3m1!5s0x2cc09311b73dbc79:0x14cfcfeddac80314!4m8!3m7!1s0x2cc09311a52157db:0xa70a333704a242af!8m2!3d-12.3876332!4d130.8505878!9m1!1b1!16s%2Fg%2F11c0pvbzbf?entry=ttu&g_ep=EgoyMDI1MDkxNy4wIKXMDSoASAFQAw%3D%3D",2,Northern Territory,Pavonia Pl,False,,,Nightcliff Market,4.3,,https://www.google.com/maps/search/?api=1&query=Nightcliff%20Market&query_place_id=ChIJ21chpRGTwCwRr0KiBDczCqc,,,Negative
"Pavonia Pl, Nightcliff NT 0810, Australia",Market,Market,12036489265495032495,Nightcliff,AU,0x2cc09311a52157db:0xa70a333704a242af,https://lh3.googleusercontent.com/gps-cs-s/AC9h4nrrmz4dU7J7jQiIERNpQPlBJKC9TPgYYsRrs0JmwimbbMOHc7_tCEqV7X7rL0wYzVXT_pxhh-jwssa4nL_r0h2hr9_5XoTg8T_VkGzTDrd5y7jsYNJZnDG1j9wVUL46xUpFT4FY=w426-h240-k-no,False,True,en,0,-12.3876332,130.8505878,Mall Taylor,,en,False,ChIJ21chpRGTwCwRr0KiBDczCqc,810,,2 months ago,2025-07-07T00:14:32.428Z,,,,Ci9DQUlRQUNvZENodHljRjlvT2xWM1RUa3dSWGhsYVd4SVEyeHRTM2RuZWxCcFFVRRAB,,,,,,,,,,,,,Google,https://www.google.com/maps/reviews/data=!4m8!14m7!1m6!2m5!1sCi9DQUlRQUNvZENodHljRjlvT2xWM1RUa3dSWGhsYVd4SVEyeHRTM2RuZWxCcFFVRRAB!2m1!1s0x0:0xa70a333704a242af!3m1!1s2@1:CAIQACodChtycF9oOlV3TTkwRXhlaWxIQ2xtS3dnelBpQUE%7C%7C?hl=en,102136365624205261284,48,https://lh3.googleusercontent.com/a/ACg8ocJEIwx0i0ey7SBFs7Ru3Vwz2fS-_Mm-1ngh-d6tgwhVWc2Jhw=s1920-c-rp-mo-ba3-br100,https://www.google.com/maps/contrib/102136365624205261284?hl=en,750,2025-09-22T03:43:57.206Z,"Direct Detail URL: https://www.google.com/maps/place/Nightcliff+Market/@-12.3876332,130.8480129,17z/data=!3m1!5s0x2cc09311b73dbc79:0x14cfcfeddac80314!4m8!3m7!1s0x2cc09311a52157db:0xa70a333704a242af!8m2!3d-12.3876332!4d130.8505878!9m1!1b1!16s%2Fg%2F11c0pvbzbf?entry=ttu&g_ep=EgoyMDI1MDkxNy4wIKXMDSoASAFQAw%3D%3D",2,Northern Territory,Pavonia Pl,False,OK for food but the rest of the market is a bit meh. Not as good as it was a few years ago.,,Nightcliff Market,4.3,,https://www.google.com/maps/search/?api=1&query=Nightcliff%20Market&query_place_id=ChIJ21chpRGTwCwRr0KiBDczCqc,,OK for food but the rest of the market is a bit meh. Not as good as it was a few years ago.,Positive
"Pavonia Pl, Nightcliff NT 0810, Australia",Market,Market,12036489265495032495,Nightcliff,AU,0x2cc09311a52157db:0xa70a333704a242af,https://lh3.googleusercontent.com/gps-cs-s/AC9h4nrrmz4dU7J7jQiIERNpQPlBJKC9TPgYYsRrs0JmwimbbMOHc7_tCEqV7X7rL0wYzVXT_pxhh-jwssa4nL_r0h2hr9_5XoTg8T_VkGzTDrd5y7jsYNJZnDG1j9wVUL46xUpFT4FY=w426-h240-k-no,False,True,en,0,-12.3876332,130.8505878,Brendon Young,,en,False,ChIJ21chpRGTwCwRr0KiBDczCqc,810,,2 months ago,2025-07-02T03:47:52.041Z,,,,Ci9DQUlRQUNvZENodHljRjlvT2xJNVJGQm1NSFJuZVhKSlR5MWlhek5YVlZGa05GRRAB,,,,,,,,,,,,,Google,https://www.google.com/maps/reviews/data=!4m8!14m7!1m6!2m5!1sCi9DQUlRQUNvZENodHljRjlvT2xJNVJGQm1NSFJuZVhKSlR5MWlhek5YVlZGa05GRRAB!2m1!1s0x0:0xa70a333704a242af!3m1!1s2@1:CAIQACodChtycF9oOlI5RFBmMHRneXJJTy1iazNXVVFkNFE%7C%7C?hl=en,108471444634028046873,121,https://lh3.googleusercontent.com/a-/ALV-UjWL-i6pkLjqfKJWOD5VVX6Q6e-CGqcONikLMb_ySkLq1uQHQjtZrQ=s1920-c-rp-mo-ba4-br100,https://www.google.com/maps/contrib/108471444634028046873?hl=en,750,2025-09-22T03:43:57.206Z,"Direct Detail URL: https://www.google.com/maps/place/Nightcliff+Market/@-12.3876332,130.8480129,17z/data=!3m1!5s0x2cc09311b73dbc79:0x14cfcfeddac80314!4m8!3m7!1s0x2cc09311a52157db:0xa70a333704a242af!8m2!3d-12.3876332!4d130.8505878!9m1!1b1!16s%2Fg%2F11c0pvbzbf?entry=ttu&g_ep=EgoyMDI1MDkxNy4wIKXMDSoASAFQAw%3D%3D",5,Northern Territory,Pavonia Pl,False,Cool markets. Awesome food and atmosphere.,,Nightcliff Market,4.3,,https://www.google.com/maps/search/?api=1&query=Nightcliff%20Market&query_place_id=ChIJ21chpRGTwCwRr0KiBDczCqc,,Cool markets. Awesome food and atmosphere.,Positive
"Pavonia Pl, Nightcliff NT 0810, Australia",Market,Market,12036489265495032495,Nightcliff,AU,0x2cc09311a52157db:0xa70a333704a242af,https://lh3.googleusercontent.com/gps-cs-s/AC9h4nrrmz4dU7J7jQiIERNpQPlBJKC9TPgYYsRrs0JmwimbbMOHc7_tCEqV7X7rL0wYzVXT_pxhh-jwssa4nL_r0h2hr9_5XoTg8T_VkGzTDrd5y7jsYNJZnDG1j9wVUL46xUpFT4FY=w426-h240-k-no,False,True,en,0,-12.3876332,130.8505878,David S. Perry,,en,False,ChIJ21chpRGTwCwRr0KiBDczCqc,810,,Edited 2 months ago,2025-06-29T02:44:42.692Z,,,,ChZDSUhNMG9nS0VJQ0FnSURYOC02b2F3EAE,,,,,,,,,,,,,Google,https://www.google.com/maps/reviews/data=!4m8!14m7!1m6!2m5!1sChZDSUhNMG9nS0VJQ0FnSURYOC02b2F3EAE!2m1!1s0x0:0xa70a333704a242af!3m1!1s2@1:CIHM0ogKEICAgIDX8-6oaw%7C%7C?hl=en,110604252836961005154,148,https://lh3.googleusercontent.com/a-/ALV-UjUk_PKfMjBoVmgnxFU-FzW0qQESS7BI7ggTtugfNZb43GFXotgw=s1920-c-rp-mo-ba4-br100,https://www.google.com/maps/contrib/110604252836961005154?hl=en,750,2025-09-22T03:43:57.206Z,"Direct Detail URL: https://www.google.com/maps/place/Nightcliff+Market/@-12.3876332,130.8480129,17z/data=!3m1!5s0x2cc09311b73dbc79:0x14cfcfeddac80314!4m8!3m7!1s0x2cc09311a52157db:0xa70a333704a242af!8m2!3d-12.3876332!4d130.8505878!9m1!1b1!16s%2Fg%2F11c0pvbzbf?entry=ttu&g_ep=EgoyMDI1MDkxNy4wIKXMDSoASAFQAw%3D%3D",4,Northern Territory,Pavonia Pl,False,"Always a fun place to go, but in a time when we all struggle some prices are beyond my budget.
July 2025. Tourist season, so prices all gone up again. But still a great place to visit and socialise.",,Nightcliff Market,4.3,,https://www.google.com/maps/search/?api=1&query=Nightcliff%20Market&query_place_id=ChIJ21chpRGTwCwRr0KiBDczCqc,,"Always a fun place to go, but in a time when we all struggle some prices are beyond my budget.
July 2025. Tourist season, so prices all gone up again. But still a great place to visit and socialise.",Positive
"Pavonia Pl, Nightcliff NT 0810, Australia",Market,Market,12036489265495032495,Nightcliff,AU,0x2cc09311a52157db:0xa70a333704a242af,https://lh3.googleusercontent.com/gps-cs-s/AC9h4nrrmz4dU7J7jQiIERNpQPlBJKC9TPgYYsRrs0JmwimbbMOHc7_tCEqV7X7rL0wYzVXT_pxhh-jwssa4nL_r0h2hr9_5XoTg8T_VkGzTDrd5y7jsYNJZnDG1j9wVUL46xUpFT4FY=w426-h240-k-no,False,True,en,0,-12.3876332,130.8505878,Wacko Ocker,,en,False,ChIJ21chpRGTwCwRr0KiBDczCqc,810,,3 months ago,2025-06-13T02:44:14.249Z,,,,ChdDSUhNMG9nS0VLLXJ1Wm1XOG9YYTZBRRAB,,,,,,,,,,,,,Google,https://www.google.com/maps/reviews/data=!4m8!14m7!1m6!2m5!1sChdDSUhNMG9nS0VLLXJ1Wm1XOG9YYTZBRRAB!2m1!1s0x0:0xa70a333704a242af!3m1!1s2@1:CIHM0ogKEK-ruZmW8oXa6AE%7C%7C?hl=en,115637807442284733564,119,https://lh3.googleusercontent.com/a-/ALV-UjVvJl0TEc-81VM11uAAGyRajKdTO9G2AI3xvE8UrApMlncHyoAX=s1920-c-rp-mo-ba4-br100,https://www.google.com/maps/contrib/115637807442284733564?hl=en,750,2025-09-22T03:43:57.206Z,"Direct Detail URL: https://www.google.com/maps/place/Nightcliff+Market/@-12.3876332,130.8480129,17z/data=!3m1!5s0x2cc09311b73dbc79:0x14cfcfeddac80314!4m8!3m7!1s0x2cc09311a52157db:0xa70a333704a242af!8m2!3d-12.3876332!4d130.8505878!9m1!1b1!16s%2Fg%2F11c0pvbzbf?entry=ttu&g_ep=EgoyMDI1MDkxNy4wIKXMDSoASAFQAw%3D%3D",4,Northern Territory,Pavonia Pl,False,"Good local market, we bought fresh vegies",,Nightcliff Market,4.3,,https://www.google.com/maps/search/?api=1&query=Nightcliff%20Market&query_place_id=ChIJ21chpRGTwCwRr0KiBDczCqc,,"Good local market, we bought fresh vegies",Positive
"Pavonia Pl, Nightcliff NT 0810, Australia",Market,Market,12036489265495032495,Nightcliff,AU,0x2cc09311a52157db:0xa70a333704a242af,https://lh3.googleusercontent.com/gps-cs-s/AC9h4nrrmz4dU7J7jQiIERNpQPlBJKC9TPgYYsRrs0JmwimbbMOHc7_tCEqV7X7rL0wYzVXT_pxhh-jwssa4nL_r0h2hr9_5XoTg8T_VkGzTDrd5y7jsYNJZnDG1j9wVUL46xUpFT4FY=w426-h240-k-no,False,True,en,0,-12.3876332,130.8505878,Krystal Gallace,,en,False,ChIJ21chpRGTwCwRr0KiBDczCqc,810,,3 months ago,2025-06-08T02:44:28.647Z,,,,ChdDSUhNMG9nS0VJX2Y4YUtmcnZxenZRRRAB,,,,,,,,,,,,,Google,https://www.google.com/maps/reviews/data=!4m8!14m7!1m6!2m5!1sChdDSUhNMG9nS0VJX2Y4YUtmcnZxenZRRRAB!2m1!1s0x0:0xa70a333704a242af!3m1!1s2@1:CIHM0ogKEI_f8aKfrvqzvQE%7C%7C?hl=en,109358614029818753489,33,https://lh3.googleusercontent.com/a-/ALV-UjWHU-8mG6lVEBs1XdbWQsSUEopot5e6Tml1RfKu1HbTHHePfoR94A=s1920-c-rp-mo-ba3-br100,https://www.google.com/maps/contrib/109358614029818753489?hl=en,750,2025-09-22T03:43:57.206Z,"Direct Detail URL: https://www.google.com/maps/place/Nightcliff+Market/@-12.3876332,130.8480129,17z/data=!3m1!5s0x2cc09311b73dbc79:0x14cfcfeddac80314!4m8!3m7!1s0x2cc09311a52157db:0xa70a333704a242af!8m2!3d-12.3876332!4d130.8505878!9m1!1b1!16s%2Fg%2F11c0pvbzbf?entry=ttu&g_ep=EgoyMDI1MDkxNy4wIKXMDSoASAFQAw%3D%3D",5,Northern Territory,Pavonia Pl,False,Live music. Great food options. Unique hand crafts and your usual craft stalls.,,Nightcliff Market,4.3,,https://www.google.com/maps/search/?api=1&query=Nightcliff%20Market&query_place_id=ChIJ21chpRGTwCwRr0KiBDczCqc,,Live music. Great food options. Unique hand crafts and your usual craft stalls.,Positive
"Pavonia Pl, Nightcliff NT 0810, Australia",Market,Market,12036489265495032495,Nightcliff,AU,0x2cc09311a52157db:0xa70a333704a242af,https://lh3.googleusercontent.com/gps-cs-s/AC9h4nrrmz4dU7J7jQiIERNpQPlBJKC9TPgYYsRrs0JmwimbbMOHc7_tCEqV7X7rL0wYzVXT_pxhh-jwssa4nL_r0h2hr9_5XoTg8T_VkGzTDrd5y7jsYNJZnDG1j9wVUL46xUpFT4FY=w426-h240-k-no,False,True,en,0,-12.3876332,130.8505878,Maani Malik,,,False,ChIJ21chpRGTwCwRr0KiBDczCqc,810,,3 months ago,2025-06-01T12:36:01.462Z,,,,ChdDSUhNMG9nS0VMT2d4ZXpVejdPNC1BRRAB,,,,,,,,,,,,,Google,https://www.google.com/maps/reviews/data=!4m8!14m7!1m6!2m5!1sChdDSUhNMG9nS0VMT2d4ZXpVejdPNC1BRRAB!2m1!1s0x0:0xa70a333704a242af!3m1!1s2@1:CIHM0ogKELOgxezUz7O4-AE%7C%7C?hl=en,102847026431404588837,12,https://lh3.googleusercontent.com/a/ACg8ocKlV0MP3cz3z2nanFHtrw3eN9mieEQ6NSMmxt2M8ZLFPdxubg=s1920-c-rp-mo-ba3-br100,https://www.google.com/maps/contrib/102847026431404588837?hl=en,750,2025-09-22T03:43:57.206Z,"Direct Detail URL: https://www.google.com/maps/place/Nightcliff+Market/@-12.3876332,130.8480129,17z/data=!3m1!5s0x2cc09311b73dbc79:0x14cfcfeddac80314!4m8!3m7!1s0x2cc09311a52157db:0xa70a333704a242af!8m2!3d-12.3876332!4d130.8505878!9m1!1b1!16s%2Fg%2F11c0pvbzbf?entry=ttu&g_ep=EgoyMDI1MDkxNy4wIKXMDSoASAFQAw%3D%3D",4,Northern Territory,Pavonia Pl,False,,,Nightcliff Market,4.3,,https://www.google.com/maps/search/?api=1&query=Nightcliff%20Market&query_place_id=ChIJ21chpRGTwCwRr0KiBDczCqc,,,Positive
"Pavonia Pl, Nightcliff NT 0810, Australia",Market,Market,12036489265495032495,Nightcliff,AU,0x2cc09311a52157db:0xa70a333704a242af,https://lh3.googleusercontent.com/gps-cs-s/AC9h4nrrmz4dU7J7jQiIERNpQPlBJKC9TPgYYsRrs0JmwimbbMOHc7_tCEqV7X7rL0wYzVXT_pxhh-jwssa4nL_r0h2hr9_5XoTg8T_VkGzTDrd5y7jsYNJZnDG1j9wVUL46xUpFT4FY=w426-h240-k-no,False,True,en,0,-12.3876332,130.8505878,Sue Smith,,,False,ChIJ21chpRGTwCwRr0KiBDczCqc,810,,3 months ago,2025-06-01T07:35:28.878Z,,,,ChdDSUhNMG9nS0VKcV8yNEhLZ18yQ29nRRAB,,,,,,,,,,,,,Google,https://www.google.com/maps/reviews/data=!4m8!14m7!1m6!2m5!1sChdDSUhNMG9nS0VKcV8yNEhLZ18yQ29nRRAB!2m1!1s0x0:0xa70a333704a242af!3m1!1s2@1:CIHM0ogKEJq_24HKg_2CogE%7C%7C?hl=en,108731120202390074906,130,https://lh3.googleusercontent.com/a-/ALV-UjVbHkhr6lCUVgbcB4SIv6_UJBPS54f0H0eA43OCmpIOJCFXumVhbw=s1920-c-rp-mo-ba4-br100,https://www.google.com/maps/contrib/108731120202390074906?hl=en,750,2025-09-22T03:43:57.206Z,"Direct Detail URL: https://www.google.com/maps/place/Nightcliff+Market/@-12.3876332,130.8480129,17z/data=!3m1!5s0x2cc09311b73dbc79:0x14cfcfeddac80314!4m8!3m7!1s0x2cc09311a52157db:0xa70a333704a242af!8m2!3d-12.3876332!4d130.8505878!9m1!1b1!16s%2Fg%2F11c0pvbzbf?entry=ttu&g_ep=EgoyMDI1MDkxNy4wIKXMDSoASAFQAw%3D%3D",5,Northern Territory,Pavonia Pl,False,,,Nightcliff Market,4.3,,https://www.google.com/maps/search/?api=1&query=Nightcliff%20Market&query_place_id=ChIJ21chpRGTwCwRr0KiBDczCqc,,,Positive
"Pavonia Pl, Nightcliff NT 0810, Australia",Market,Market,12036489265495032495,Nightcliff,AU,0x2cc09311a52157db:0xa70a333704a242af,https://lh3.googleusercontent.com/gps-cs-s/AC9h4nrrmz4dU7J7jQiIERNpQPlBJKC9TPgYYsRrs0JmwimbbMOHc7_tCEqV7X7rL0wYzVXT_pxhh-jwssa4nL_r0h2hr9_5XoTg8T_VkGzTDrd5y7jsYNJZnDG1j9wVUL46xUpFT4FY=w426-h240-k-no,False,True,en,0,-12.3876332,130.8505878,Vicki Bonson,,en,False,ChIJ21chpRGTwCwRr0KiBDczCqc,810,,3 months ago,2025-06-01T04:58:14.525Z,,,,ChRDSUhNMG9nS0VLUHRsTGY5a1BKeRAB,,,,,,,,,,,,,Google,https://www.google.com/maps/reviews/data=!4m8!14m7!1m6!2m5!1sChRDSUhNMG9nS0VLUHRsTGY5a1BKeRAB!2m1!1s0x0:0xa70a333704a242af!3m1!1s2@1:CIHM0ogKEKPtlLf9kPJy%7C%7C?hl=en,101062984105851312857,42,https://lh3.googleusercontent.com/a-/ALV-UjU3U6f_63zdKZfrjFDC44gzAbfMdBxNN9tvLCVrvIF6f1xkt7o0=s1920-c-rp-mo-ba3-br100,https://www.google.com/maps/contrib/101062984105851312857?hl=en,750,2025-09-22T03:43:57.206Z,"Direct Detail URL: https://www.google.com/maps/place/Nightcliff+Market/@-12.3876332,130.8480129,17z/data=!3m1!5s0x2cc09311b73dbc79:0x14cfcfeddac80314!4m8!3m7!1s0x2cc09311a52157db:0xa70a333704a242af!8m2!3d-12.3876332!4d130.8505878!9m1!1b1!16s%2Fg%2F11c0pvbzbf?entry=ttu&g_ep=EgoyMDI1MDkxNy4wIKXMDSoASAFQAw%3D%3D",5,Northern Territory,Pavonia Pl,False,"Awesome markets to grab your yummy food, fresh fruit and vegetables and a piece of Aboriginal art for your family or friends. Relax with live music and enjoy your sunday mornings.",,Nightcliff Market,4.3,,https://www.google.com/maps/search/?api=1&query=Nightcliff%20Market&query_place_id=ChIJ21chpRGTwCwRr0KiBDczCqc,,"Awesome markets to grab your yummy food, fresh fruit and vegetables and a piece of Aboriginal art for your family or friends. Relax with live music and enjoy your sunday mornings.",Positive
"Pavonia Pl, Nightcliff NT 0810, Australia",Market,Market,12036489265495032495,Nightcliff,AU,0x2cc09311a52157db:0xa70a333704a242af,https://lh3.googleusercontent.com/gps-cs-s/AC9h4nrrmz4dU7J7jQiIERNpQPlBJKC9TPgYYsRrs0JmwimbbMOHc7_tCEqV7X7rL0wYzVXT_pxhh-jwssa4nL_r0h2hr9_5XoTg8T_VkGzTDrd5y7jsYNJZnDG1j9wVUL46xUpFT4FY=w426-h240-k-no,False,True,en,0,-12.3876332,130.8505878,Racheal Joyce,,en,False,ChIJ21chpRGTwCwRr0KiBDczCqc,810,,Edited 4 months ago,2025-05-18T01:47:07.304Z,,,,ChdDSUhNMG9nS0VJQ0FnTURBM2ZmSG5RRRAB,,,,,,,,,,,,,Google,https://www.google.com/maps/reviews/data=!4m8!14m7!1m6!2m5!1sChdDSUhNMG9nS0VJQ0FnTURBM2ZmSG5RRRAB!2m1!1s0x0:0xa70a333704a242af!3m1!1s2@1:CIHM0ogKEICAgMDA3ffHnQE%7C%7C?hl=en,104450233446215801118,138,https://lh3.googleusercontent.com/a/ACg8ocLvm7Q27mc6WYFebKKGtICKlrTklGe4tBQFu3CLbsaUJg99uw=s1920-c-rp-mo-ba4-br100,https://www.google.com/maps/contrib/104450233446215801118?hl=en,750,2025-09-22T03:43:57.206Z,"Direct Detail URL: https://www.google.com/maps/place/Nightcliff+Market/@-12.3876332,130.8480129,17z/data=!3m1!5s0x2cc09311b73dbc79:0x14cfcfeddac80314!4m8!3m7!1s0x2cc09311a52157db:0xa70a333704a242af!8m2!3d-12.3876332!4d130.8505878!9m1!1b1!16s%2Fg%2F11c0pvbzbf?entry=ttu&g_ep=EgoyMDI1MDkxNy4wIKXMDSoASAFQAw%3D%3D",5,Northern Territory,Pavonia Pl,False,"Great food & stalls, lovely atmosphere.",,Nightcliff Market,4.3,,https://www.google.com/maps/search/?api=1&query=Nightcliff%20Market&query_place_id=ChIJ21chpRGTwCwRr0KiBDczCqc,,"Great food & stalls, lovely atmosphere.",Positive
"Pavonia Pl, Nightcliff NT 0810, Australia",Market,Market,12036489265495032495,Nightcliff,AU,0x2cc09311a52157db:0xa70a333704a242af,https://lh3.googleusercontent.com/gps-cs-s/AC9h4nrrmz4dU7J7jQiIERNpQPlBJKC9TPgYYsRrs0JmwimbbMOHc7_tCEqV7X7rL0wYzVXT_pxhh-jwssa4nL_r0h2hr9_5XoTg8T_VkGzTDrd5y7jsYNJZnDG1j9wVUL46xUpFT4FY=w426-h240-k-no,False,True,en,0,-12.3876332,130.8505878,Jana “Janica” Kosinková,,sk,False,ChIJ21chpRGTwCwRr0KiBDczCqc,810,,4 months ago,2025-05-15T08:10:41.566Z,,,,ChdDSUhNMG9nS0VOT1FxY3FPXzhqOWlBRRAB,,,,,,,,,,,,,Google,https://www.google.com/maps/reviews/data=!4m8!14m7!1m6!2m5!1sChdDSUhNMG9nS0VOT1FxY3FPXzhqOWlBRRAB!2m1!1s0x0:0xa70a333704a242af!3m1!1s2@1:CIHM0ogKENOQqcqO_8j9iAE%7C%7C?hl=en,106991632760362130847,381,https://lh3.googleusercontent.com/a-/ALV-UjXRvZhEDW3HRbveAMd_8FcFrE2B9UsFyEO_7EUamBQmUAZPDkYZ=s1920-c-rp-mo-ba6-br100,https://www.google.com/maps/contrib/106991632760362130847?hl=en,750,2025-09-22T03:43:57.206Z,"Direct Detail URL: https://www.google.com/maps/place/Nightcliff+Market/@-12.3876332,130.8480129,17z/data=!3m1!5s0x2cc09311b73dbc79:0x14cfcfeddac80314!4m8!3m7!1s0x2cc09311a52157db:0xa70a333704a242af!8m2!3d-12.3876332!4d130.8505878!9m1!1b1!16s%2Fg%2F11c0pvbzbf?entry=ttu&g_ep=EgoyMDI1MDkxNy4wIKXMDSoASAFQAw%3D%3D",5,Northern Territory,Pavonia Pl,False,"Malé privátne trhy v centre Nightlifu, kde si môžete dať kávičku, koláčik, miestne špeciality a dobroty, posedieť a oddýchnuť poprípade kúpiť super darčeky, aborigidinal umenie....proste nemôžete minúť....","Small private markets in the center of Nightlife, where you can have a coffee, a cake, local specialties and goodies, sit and relax or buy great gifts, Aboriginal art...you simply can't miss it....",Nightcliff Market,4.3,en,https://www.google.com/maps/search/?api=1&query=Nightcliff%20Market&query_place_id=ChIJ21chpRGTwCwRr0KiBDczCqc,,"Small private markets in the center of Nightlife, where you can have a coffee, a cake, local specialties and goodies, sit and relax or buy great gifts, Aboriginal art...you simply can't miss it....",Positive
"Pavonia Pl, Nightcliff NT 0810, Australia",Market,Market,12036489265495032495,Nightcliff,AU,0x2cc09311a52157db:0xa70a333704a242af,https://lh3.googleusercontent.com/gps-cs-s/AC9h4nrrmz4dU7J7jQiIERNpQPlBJKC9TPgYYsRrs0JmwimbbMOHc7_tCEqV7X7rL0wYzVXT_pxhh-jwssa4nL_r0h2hr9_5XoTg8T_VkGzTDrd5y7jsYNJZnDG1j9wVUL46xUpFT4FY=w426-h240-k-no,False,True,en,0,-12.3876332,130.8505878,Jacqueline Radcliffe,,,False,ChIJ21chpRGTwCwRr0KiBDczCqc,810,,4 months ago,2025-05-14T05:54:50.433Z,,,,ChdDSUhNMG9nS0VMVGc4b0sxdk02cWpRRRAB,,,,,,,,,,,,,Google,https://www.google.com/maps/reviews/data=!4m8!14m7!1m6!2m5!1sChdDSUhNMG9nS0VMVGc4b0sxdk02cWpRRRAB!2m1!1s0x0:0xa70a333704a242af!3m1!1s2@1:CIHM0ogKELTg8oK1vM6qjQE%7C%7C?hl=en,112426282353751371467,35,https://lh3.googleusercontent.com/a-/ALV-UjVODgttne-6qi5epwcGvL1y1_LsONXZqadnWRC49Ty8fePf67E=s1920-c-rp-mo-ba3-br100,https://www.google.com/maps/contrib/112426282353751371467?hl=en,750,2025-09-22T03:43:57.206Z,"Direct Detail URL: https://www.google.com/maps/place/Nightcliff+Market/@-12.3876332,130.8480129,17z/data=!3m1!5s0x2cc09311b73dbc79:0x14cfcfeddac80314!4m8!3m7!1s0x2cc09311a52157db:0xa70a333704a242af!8m2!3d-12.3876332!4d130.8505878!9m1!1b1!16s%2Fg%2F11c0pvbzbf?entry=ttu&g_ep=EgoyMDI1MDkxNy4wIKXMDSoASAFQAw%3D%3D",5,Northern Territory,Pavonia Pl,False,,,Nightcliff Market,4.3,,https://www.google.com/maps/search/?api=1&query=Nightcliff%20Market&query_place_id=ChIJ21chpRGTwCwRr0KiBDczCqc,,,Positive
"Pavonia Pl, Nightcliff NT 0810, Australia",Market,Market,12036489265495032495,Nightcliff,AU,0x2cc09311a52157db:0xa70a333704a242af,https://lh3.googleusercontent.com/gps-cs-s/AC9h4nrrmz4dU7J7jQiIERNpQPlBJKC9TPgYYsRrs0JmwimbbMOHc7_tCEqV7X7rL0wYzVXT_pxhh-jwssa4nL_r0h2hr9_5XoTg8T_VkGzTDrd5y7jsYNJZnDG1j9wVUL46xUpFT4FY=w426-h240-k-no,False,True,en,0,-12.3876332,130.8505878,Warren Mitchell,,en,False,ChIJ21chpRGTwCwRr0KiBDczCqc,810,,4 months ago,2025-05-11T08:52:32.419Z,,,,ChdDSUhNMG9nS0VJYk81LTc2eU9uaDVnRRAB,,,,,,,,,,,,,Google,https://www.google.com/maps/reviews/data=!4m8!14m7!1m6!2m5!1sChdDSUhNMG9nS0VJYk81LTc2eU9uaDVnRRAB!2m1!1s0x0:0xa70a333704a242af!3m1!1s2@1:CIHM0ogKEIbO5-76yOnh5gE%7C%7C?hl=en,112958275392612735393,167,https://lh3.googleusercontent.com/a/ACg8ocKTfsCipet3YwKeo1HwX210so0Hm5rkcFVe2ESPw4TH0eJCkw=s1920-c-rp-mo-ba5-br100,https://www.google.com/maps/contrib/112958275392612735393?hl=en,750,2025-09-22T03:43:57.206Z,"Direct Detail URL: https://www.google.com/maps/place/Nightcliff+Market/@-12.3876332,130.8480129,17z/data=!3m1!5s0x2cc09311b73dbc79:0x14cfcfeddac80314!4m8!3m7!1s0x2cc09311a52157db:0xa70a333704a242af!8m2!3d-12.3876332!4d130.8505878!9m1!1b1!16s%2Fg%2F11c0pvbzbf?entry=ttu&g_ep=EgoyMDI1MDkxNy4wIKXMDSoASAFQAw%3D%3D",5,Northern Territory,Pavonia Pl,False,"small market, good products, amazing bakery",,Nightcliff Market,4.3,,https://www.google.com/maps/search/?api=1&query=Nightcliff%20Market&query_place_id=ChIJ21chpRGTwCwRr0KiBDczCqc,,"small market, good products, amazing bakery",Positive
"Pavonia Pl, Nightcliff NT 0810, Australia",Market,Market,12036489265495032495,Nightcliff,AU,0x2cc09311a52157db:0xa70a333704a242af,https://lh3.googleusercontent.com/gps-cs-s/AC9h4nrrmz4dU7J7jQiIERNpQPlBJKC9TPgYYsRrs0JmwimbbMOHc7_tCEqV7X7rL0wYzVXT_pxhh-jwssa4nL_r0h2hr9_5XoTg8T_VkGzTDrd5y7jsYNJZnDG1j9wVUL46xUpFT4FY=w426-h240-k-no,False,True,en,0,-12.3876332,130.8505878,Kandi Tetley,,,False,ChIJ21chpRGTwCwRr0KiBDczCqc,810,,4 months ago,2025-04-27T00:56:50.145Z,,,,ChZDSUhNMG9nS0VJQ0FnTURvcGF2cE93EAE,,,,,,,,,,,,,Google,https://www.google.com/maps/reviews/data=!4m8!14m7!1m6!2m5!1sChZDSUhNMG9nS0VJQ0FnTURvcGF2cE93EAE!2m1!1s0x0:0xa70a333704a242af!3m1!1s2@1:CIHM0ogKEICAgMDopavpOw%7C%7C?hl=en,106804788221228530610,217,https://lh3.googleusercontent.com/a-/ALV-UjX442NDzW8XZzdQzX1fBDlHXhACKQYVX__CSOsFJ_HPv1lyly5m=s1920-c-rp-mo-ba5-br100,https://www.google.com/maps/contrib/106804788221228530610?hl=en,750,2025-09-22T03:43:57.206Z,"Direct Detail URL: https://www.google.com/maps/place/Nightcliff+Market/@-12.3876332,130.8480129,17z/data=!3m1!5s0x2cc09311b73dbc79:0x14cfcfeddac80314!4m8!3m7!1s0x2cc09311a52157db:0xa70a333704a242af!8m2!3d-12.3876332!4d130.8505878!9m1!1b1!16s%2Fg%2F11c0pvbzbf?entry=ttu&g_ep=EgoyMDI1MDkxNy4wIKXMDSoASAFQAw%3D%3D",5,Northern Territory,Pavonia Pl,False,,,Nightcliff Market,4.3,,https://www.google.com/maps/search/?api=1&query=Nightcliff%20Market&query_place_id=ChIJ21chpRGTwCwRr0KiBDczCqc,,,Positive
"Pavonia Pl, Nightcliff NT 0810, Australia",Market,Market,12036489265495032495,Nightcliff,AU,0x2cc09311a52157db:0xa70a333704a242af,https://lh3.googleusercontent.com/gps-cs-s/AC9h4nrrmz4dU7J7jQiIERNpQPlBJKC9TPgYYsRrs0JmwimbbMOHc7_tCEqV7X7rL0wYzVXT_pxhh-jwssa4nL_r0h2hr9_5XoTg8T_VkGzTDrd5y7jsYNJZnDG1j9wVUL46xUpFT4FY=w426-h240-k-no,False,True,en,0,-12.3876332,130.8505878,Jean Russell,,en,False,ChIJ21chpRGTwCwRr0KiBDczCqc,810,,4 months ago,2025-04-22T05:24:23.314Z,,,,ChZDSUhNMG9nS0VJQ0FnTURvbE9XLU5nEAE,,,,,,,,,,,,,Google,https://www.google.com/maps/reviews/data=!4m8!14m7!1m6!2m5!1sChZDSUhNMG9nS0VJQ0FnTURvbE9XLU5nEAE!2m1!1s0x0:0xa70a333704a242af!3m1!1s2@1:CIHM0ogKEICAgMDolOW-Ng%7C%7C?hl=en,104534152381784845528,102,https://lh3.googleusercontent.com/a/ACg8ocIVskuw00XN308B6-Y4ZeV6x-1Mxn48eJehBQoSlXVtMnHnww=s1920-c-rp-mo-ba4-br100,https://www.google.com/maps/contrib/104534152381784845528?hl=en,750,2025-09-22T03:43:57.206Z,"Direct Detail URL: https://www.google.com/maps/place/Nightcliff+Market/@-12.3876332,130.8480129,17z/data=!3m1!5s0x2cc09311b73dbc79:0x14cfcfeddac80314!4m8!3m7!1s0x2cc09311a52157db:0xa70a333704a242af!8m2!3d-12.3876332!4d130.8505878!9m1!1b1!16s%2Fg%2F11c0pvbzbf?entry=ttu&g_ep=EgoyMDI1MDkxNy4wIKXMDSoASAFQAw%3D%3D",5,Northern Territory,Pavonia Pl,False,Great stalls with a good mix of goods. Good food as well. Very popular.,,Nightcliff Market,4.3,,https://www.google.com/maps/search/?api=1&query=Nightcliff%20Market&query_place_id=ChIJ21chpRGTwCwRr0KiBDczCqc,,Great stalls with a good mix of goods. Good food as well. Very popular.,Positive
"Pavonia Pl, Nightcliff NT 0810, Australia",Market,Market,12036489265495032495,Nightcliff,AU,0x2cc09311a52157db:0xa70a333704a242af,https://lh3.googleusercontent.com/gps-cs-s/AC9h4nrrmz4dU7J7jQiIERNpQPlBJKC9TPgYYsRrs0JmwimbbMOHc7_tCEqV7X7rL0wYzVXT_pxhh-jwssa4nL_r0h2hr9_5XoTg8T_VkGzTDrd5y7jsYNJZnDG1j9wVUL46xUpFT4FY=w426-h240-k-no,False,True,en,0,-12.3876332,130.8505878,Nick,,,False,ChIJ21chpRGTwCwRr0KiBDczCqc,810,,5 months ago,2025-04-20T03:11:27.100Z,,,,ChdDSUhNMG9nS0VJQ0FnTUNvNjh1ZWxnRRAB,,,,,,,,,,,,,Google,https://www.google.com/maps/reviews/data=!4m8!14m7!1m6!2m5!1sChdDSUhNMG9nS0VJQ0FnTUNvNjh1ZWxnRRAB!2m1!1s0x0:0xa70a333704a242af!3m1!1s2@1:CIHM0ogKEICAgMCo68uelgE%7C%7C?hl=en,105673240359046591036,15,https://lh3.googleusercontent.com/a/ACg8ocKWmCGSYaKrFpFi-NIeIl_ErMrfSTWHapZRDsaSdnTe-l7OOg=s1920-c-rp-mo-ba4-br100,https://www.google.com/maps/contrib/105673240359046591036?hl=en,750,2025-09-22T03:43:57.206Z,"Direct Detail URL: https://www.google.com/maps/place/Nightcliff+Market/@-12.3876332,130.8480129,17z/data=!3m1!5s0x2cc09311b73dbc79:0x14cfcfeddac80314!4m8!3m7!1s0x2cc09311a52157db:0xa70a333704a242af!8m2!3d-12.3876332!4d130.8505878!9m1!1b1!16s%2Fg%2F11c0pvbzbf?entry=ttu&g_ep=EgoyMDI1MDkxNy4wIKXMDSoASAFQAw%3D%3D",5,Northern Territory,Pavonia Pl,False,,,Nightcliff Market,4.3,,https://www.google.com/maps/search/?api=1&query=Nightcliff%20Market&query_place_id=ChIJ21chpRGTwCwRr0KiBDczCqc,,,Positive
"Pavonia Pl, Nightcliff NT 0810, Australia",Market,Market,12036489265495032495,Nightcliff,AU,0x2cc09311a52157db:0xa70a333704a242af,https://lh3.googleusercontent.com/gps-cs-s/AC9h4nrrmz4dU7J7jQiIERNpQPlBJKC9TPgYYsRrs0JmwimbbMOHc7_tCEqV7X7rL0wYzVXT_pxhh-jwssa4nL_r0h2hr9_5XoTg8T_VkGzTDrd5y7jsYNJZnDG1j9wVUL46xUpFT4FY=w426-h240-k-no,False,True,en,0,-12.3876332,130.8505878,Jasmine Albrecht,,de,False,ChIJ21chpRGTwCwRr0KiBDczCqc,810,,5 months ago,2025-04-04T08:17:56.205Z,,,,ChdDSUhNMG9nS0VJQ0FnTUNJZy1YTDJBRRAB,https://lh3.googleusercontent.com/geougc-cs/AB3l90BoDws9VWmJcN1rLMtev3bhTuo6ECUAi1oc4EhlL_P6l4kzZ8iw4d1OUxQPcg9VK_5h6qwennfnODFCPt86oXqQNalFzLKh5lUw6RKXBxUGe5FxJ46854BwTNS3oVG-troOjF5K,https://lh3.googleusercontent.com/geougc-cs/AB3l90DEVd6xuvlR9dh6TjLpVYIfvBWx8BqoY-YNyuYHAIanCyd6vwuCW3SPtNE5e0jU8Ggwscsb3IoauMQUnf3u6AKcCk702kEjT_wn1fMq5vCA6b0bhhSbJqdEtJg13diy5AqKeXTQ9w,https://lh3.googleusercontent.com/geougc-cs/AB3l90B5O8xD49C9CVaiH3vTFbW7lhnFQaC0gGEyHa8tgIO2u1mr1UaHhBk3uS-k-jNQ6PP798Lf5TkV4NK6tNHJDWmQCc75i51ssNnX0uiuiSCv8U67GDvs1M1GIE-TRdu8TQHUNhqn,https://lh3.googleusercontent.com/geougc-cs/AB3l90B2154UT5ELzmM2w-E5QCTesDyVoL6dedhTW03gyuTWzxDaru0faDKJzUVPk7bGjHFhjRIo-fHU8-jX9aMAscWL9-B_2cij2Z1oPYsUqJeMEGWp5YiyAngli4XbztXy808lMTOscA,,,,,,,,,Google,https://www.google.com/maps/reviews/data=!4m8!14m7!1m6!2m5!1sChdDSUhNMG9nS0VJQ0FnTUNJZy1YTDJBRRAB!2m1!1s0x0:0xa70a333704a242af!3m1!1s2@1:CIHM0ogKEICAgMCIg-XL2AE%7C%7C?hl=en,100939536336117490689,496,https://lh3.googleusercontent.com/a-/ALV-UjUA18zBhqoyJD--Yah4YbS5SOzhP_rENpsv7UNvY8olr1PCK_Jg=s1920-c-rp-mo-ba6-br100,https://www.google.com/maps/contrib/100939536336117490689?hl=en,750,2025-09-22T03:43:57.206Z,"Direct Detail URL: https://www.google.com/maps/place/Nightcliff+Market/@-12.3876332,130.8480129,17z/data=!3m1!5s0x2cc09311b73dbc79:0x14cfcfeddac80314!4m8!3m7!1s0x2cc09311a52157db:0xa70a333704a242af!8m2!3d-12.3876332!4d130.8505878!9m1!1b1!16s%2Fg%2F11c0pvbzbf?entry=ttu&g_ep=EgoyMDI1MDkxNy4wIKXMDSoASAFQAw%3D%3D",5,Northern Territory,Pavonia Pl,False,Wer in Darwin ist muss diesen Markt unbedingt besuchen. Auch mit dem kostenfreien Bus super zu erreichen. Wirklich klasse.,If you are in Darwin you definitely have to visit this market. Also easy to reach with the free bus. Really great.,Nightcliff Market,4.3,en,https://www.google.com/maps/search/?api=1&query=Nightcliff%20Market&query_place_id=ChIJ21chpRGTwCwRr0KiBDczCqc,,If you are in Darwin you definitely have to visit this market. Also easy to reach with the free bus. Really great.,Positive
"Pavonia Pl, Nightcliff NT 0810, Australia",Market,Market,12036489265495032495,Nightcliff,AU,0x2cc09311a52157db:0xa70a333704a242af,https://lh3.googleusercontent.com/gps-cs-s/AC9h4nrrmz4dU7J7jQiIERNpQPlBJKC9TPgYYsRrs0JmwimbbMOHc7_tCEqV7X7rL0wYzVXT_pxhh-jwssa4nL_r0h2hr9_5XoTg8T_VkGzTDrd5y7jsYNJZnDG1j9wVUL46xUpFT4FY=w426-h240-k-no,False,True,en,0,-12.3876332,130.8505878,Noodle E. String,,en,False,ChIJ21chpRGTwCwRr0KiBDczCqc,810,,5 months ago,2025-04-04T01:02:07.973Z,,,,ChZDSUhNMG9nS0VJQ0FnTUNJN2F5ZkJREAE,,,,,,,,,,,,,Google,https://www.google.com/maps/reviews/data=!4m8!14m7!1m6!2m5!1sChZDSUhNMG9nS0VJQ0FnTUNJN2F5ZkJREAE!2m1!1s0x0:0xa70a333704a242af!3m1!1s2@1:CIHM0ogKEICAgMCI7ayfBQ%7C%7C?hl=en,117026336616795265009,128,https://lh3.googleusercontent.com/a-/ALV-UjX4CioGAzoWKd0PJ-b5TzXyqTdAUCm8RcmZS-Ts_VLWk8K-8tYR=s1920-c-rp-mo-ba4-br100,https://www.google.com/maps/contrib/117026336616795265009?hl=en,750,2025-09-22T03:43:57.206Z,"Direct Detail URL: https://www.google.com/maps/place/Nightcliff+Market/@-12.3876332,130.8480129,17z/data=!3m1!5s0x2cc09311b73dbc79:0x14cfcfeddac80314!4m8!3m7!1s0x2cc09311a52157db:0xa70a333704a242af!8m2!3d-12.3876332!4d130.8505878!9m1!1b1!16s%2Fg%2F11c0pvbzbf?entry=ttu&g_ep=EgoyMDI1MDkxNy4wIKXMDSoASAFQAw%3D%3D",5,Northern Territory,Pavonia Pl,False,Great Sunday market.,,Nightcliff Market,4.3,,https://www.google.com/maps/search/?api=1&query=Nightcliff%20Market&query_place_id=ChIJ21chpRGTwCwRr0KiBDczCqc,,Great Sunday market.,Positive
"Pavonia Pl, Nightcliff NT 0810, Australia",Market,Market,12036489265495032495,Nightcliff,AU,0x2cc09311a52157db:0xa70a333704a242af,https://lh3.googleusercontent.com/gps-cs-s/AC9h4nrrmz4dU7J7jQiIERNpQPlBJKC9TPgYYsRrs0JmwimbbMOHc7_tCEqV7X7rL0wYzVXT_pxhh-jwssa4nL_r0h2hr9_5XoTg8T_VkGzTDrd5y7jsYNJZnDG1j9wVUL46xUpFT4FY=w426-h240-k-no,False,True,en,0,-12.3876332,130.8505878,Murray P,,en,False,ChIJ21chpRGTwCwRr0KiBDczCqc,810,,5 months ago,2025-03-30T02:00:55.159Z,,,,ChZDSUhNMG9nS0VJQ0FnTUNJMlBpcVpBEAE,,,,,,,,,,,,,Google,https://www.google.com/maps/reviews/data=!4m8!14m7!1m6!2m5!1sChZDSUhNMG9nS0VJQ0FnTUNJMlBpcVpBEAE!2m1!1s0x0:0xa70a333704a242af!3m1!1s2@1:CIHM0ogKEICAgMCI2PiqZA%7C%7C?hl=en,108290114324279631853,242,https://lh3.googleusercontent.com/a-/ALV-UjVmvuiYb08n2vrEi0JcmTPd_NnZoujxXrJ2vHFi6gpfVPfb-cT_=s1920-c-rp-mo-ba5-br100,https://www.google.com/maps/contrib/108290114324279631853?hl=en,750,2025-09-22T03:43:57.206Z,"Direct Detail URL: https://www.google.com/maps/place/Nightcliff+Market/@-12.3876332,130.8480129,17z/data=!3m1!5s0x2cc09311b73dbc79:0x14cfcfeddac80314!4m8!3m7!1s0x2cc09311a52157db:0xa70a333704a242af!8m2!3d-12.3876332!4d130.8505878!9m1!1b1!16s%2Fg%2F11c0pvbzbf?entry=ttu&g_ep=EgoyMDI1MDkxNy4wIKXMDSoASAFQAw%3D%3D",4,Northern Territory,Pavonia Pl,False,Great food and good jewellery selection for sale,,Nightcliff Market,4.3,,https://www.google.com/maps/search/?api=1&query=Nightcliff%20Market&query_place_id=ChIJ21chpRGTwCwRr0KiBDczCqc,,Great food and good jewellery selection for sale,Positive
"Pavonia Pl, Nightcliff NT 0810, Australia",Market,Market,12036489265495032495,Nightcliff,AU,0x2cc09311a52157db:0xa70a333704a242af,https://lh3.googleusercontent.com/gps-cs-s/AC9h4nrrmz4dU7J7jQiIERNpQPlBJKC9TPgYYsRrs0JmwimbbMOHc7_tCEqV7X7rL0wYzVXT_pxhh-jwssa4nL_r0h2hr9_5XoTg8T_VkGzTDrd5y7jsYNJZnDG1j9wVUL46xUpFT4FY=w426-h240-k-no,False,True,en,0,-12.3876332,130.8505878,Damien Brotherton,,en,False,ChIJ21chpRGTwCwRr0KiBDczCqc,810,,Edited 5 months ago,2025-03-23T00:41:40.830Z,,,,ChZDSUhNMG9nS0VJQ0FnSUMtNFpTeld3EAE,,,,,,,,,,,,,Google,https://www.google.com/maps/reviews/data=!4m8!14m7!1m6!2m5!1sChZDSUhNMG9nS0VJQ0FnSUMtNFpTeld3EAE!2m1!1s0x0:0xa70a333704a242af!3m1!1s2@1:CIHM0ogKEICAgIC-4ZSzWw%7C%7C?hl=en,113749321869094704645,34,https://lh3.googleusercontent.com/a-/ALV-UjXMIbKvz9dpg2ENKC4uIbV46rtt2hIpEnobKlwZP50Z_5Nkeco9=s1920-c-rp-mo-ba4-br100,https://www.google.com/maps/contrib/113749321869094704645?hl=en,750,2025-09-22T03:43:57.206Z,"Direct Detail URL: https://www.google.com/maps/place/Nightcliff+Market/@-12.3876332,130.8480129,17z/data=!3m1!5s0x2cc09311b73dbc79:0x14cfcfeddac80314!4m8!3m7!1s0x2cc09311a52157db:0xa70a333704a242af!8m2!3d-12.3876332!4d130.8505878!9m1!1b1!16s%2Fg%2F11c0pvbzbf?entry=ttu&g_ep=EgoyMDI1MDkxNy4wIKXMDSoASAFQAw%3D%3D",5,Northern Territory,Pavonia Pl,False,"Very well run, good variety, great crafts and live music every week. A Darwin staple. Parking can be limited, encourage walking, riding or public transport.",,Nightcliff Market,4.3,,https://www.google.com/maps/search/?api=1&query=Nightcliff%20Market&query_place_id=ChIJ21chpRGTwCwRr0KiBDczCqc,,"Very well run, good variety, great crafts and live music every week. A Darwin staple. Parking can be limited, encourage walking, riding or public transport.",Positive
"Pavonia Pl, Nightcliff NT 0810, Australia",Market,Market,12036489265495032495,Nightcliff,AU,0x2cc09311a52157db:0xa70a333704a242af,https://lh3.googleusercontent.com/gps-cs-s/AC9h4nrrmz4dU7J7jQiIERNpQPlBJKC9TPgYYsRrs0JmwimbbMOHc7_tCEqV7X7rL0wYzVXT_pxhh-jwssa4nL_r0h2hr9_5XoTg8T_VkGzTDrd5y7jsYNJZnDG1j9wVUL46xUpFT4FY=w426-h240-k-no,False,False,en,0,-12.3876332,130.8505878,Rupesh Raj Giri,,,False,ChIJ21chpRGTwCwRr0KiBDczCqc,810,,6 months ago,2025-03-10T06:52:24.895Z,,,,ChZDSUhNMG9nS0VJQ0FnTURRMHV1RUt3EAE,,,,,,,,,,,,,Google,https://www.google.com/maps/reviews/data=!4m8!14m7!1m6!2m5!1sChZDSUhNMG9nS0VJQ0FnTURRMHV1RUt3EAE!2m1!1s0x0:0xa70a333704a242af!3m1!1s2@1:CIHM0ogKEICAgMDQ0uuEKw%7C%7C?hl=en,100515672445066652874,7,https://lh3.googleusercontent.com/a/ACg8ocJjM0HNtZxKxnjzQ8S1tOtmwqDrh9FUohnB-1uh7ZJgNkKC8A=s1920-c-rp-mo-br100,https://www.google.com/maps/contrib/100515672445066652874?hl=en,750,2025-09-22T03:43:57.206Z,"Direct Detail URL: https://www.google.com/maps/place/Nightcliff+Market/@-12.3876332,130.8480129,17z/data=!3m1!5s0x2cc09311b73dbc79:0x14cfcfeddac80314!4m8!3m7!1s0x2cc09311a52157db:0xa70a333704a242af!8m2!3d-12.3876332!4d130.8505878!9m1!1b1!16s%2Fg%2F11c0pvbzbf?entry=ttu&g_ep=EgoyMDI1MDkxNy4wIKXMDSoASAFQAw%3D%3D",5,Northern Territory,Pavonia Pl,False,,,Nightcliff Market,4.3,,https://www.google.com/maps/search/?api=1&query=Nightcliff%20Market&query_place_id=ChIJ21chpRGTwCwRr0KiBDczCqc,,,Positive
"Pavonia Pl, Nightcliff NT 0810, Australia",Market,Market,12036489265495032495,Nightcliff,AU,0x2cc09311a52157db:0xa70a333704a242af,https://lh3.googleusercontent.com/gps-cs-s/AC9h4nrrmz4dU7J7jQiIERNpQPlBJKC9TPgYYsRrs0JmwimbbMOHc7_tCEqV7X7rL0wYzVXT_pxhh-jwssa4nL_r0h2hr9_5XoTg8T_VkGzTDrd5y7jsYNJZnDG1j9wVUL46xUpFT4FY=w426-h240-k-no,False,True,en,0,-12.3876332,130.8505878,Lucky Nugraha,,,False,ChIJ21chpRGTwCwRr0KiBDczCqc,810,,6 months ago,2025-03-07T04:20:19.476Z,,,,ChdDSUhNMG9nS0VJQ0FnTUNReTVpOHpnRRAB,,,,,,,,,,,,,Google,https://www.google.com/maps/reviews/data=!4m8!14m7!1m6!2m5!1sChdDSUhNMG9nS0VJQ0FnTUNReTVpOHpnRRAB!2m1!1s0x0:0xa70a333704a242af!3m1!1s2@1:CIHM0ogKEICAgMCQy5i8zgE%7C%7C?hl=en,105671914893458013535,85,https://lh3.googleusercontent.com/a-/ALV-UjWTy8V4LJtrFhYLYnYO64JU-W7KJjFXWTlPB8SIIWuDJTa3eu_ZUw=s1920-c-rp-mo-ba4-br100,https://www.google.com/maps/contrib/105671914893458013535?hl=en,750,2025-09-22T03:43:57.206Z,"Direct Detail URL: https://www.google.com/maps/place/Nightcliff+Market/@-12.3876332,130.8480129,17z/data=!3m1!5s0x2cc09311b73dbc79:0x14cfcfeddac80314!4m8!3m7!1s0x2cc09311a52157db:0xa70a333704a242af!8m2!3d-12.3876332!4d130.8505878!9m1!1b1!16s%2Fg%2F11c0pvbzbf?entry=ttu&g_ep=EgoyMDI1MDkxNy4wIKXMDSoASAFQAw%3D%3D",4,Northern Territory,Pavonia Pl,False,,,Nightcliff Market,4.3,,https://www.google.com/maps/search/?api=1&query=Nightcliff%20Market&query_place_id=ChIJ21chpRGTwCwRr0KiBDczCqc,,,Positive
"Pavonia Pl, Nightcliff NT 0810, Australia",Market,Market,12036489265495032495,Nightcliff,AU,0x2cc09311a52157db:0xa70a333704a242af,https://lh3.googleusercontent.com/gps-cs-s/AC9h4nrrmz4dU7J7jQiIERNpQPlBJKC9TPgYYsRrs0JmwimbbMOHc7_tCEqV7X7rL0wYzVXT_pxhh-jwssa4nL_r0h2hr9_5XoTg8T_VkGzTDrd5y7jsYNJZnDG1j9wVUL46xUpFT4FY=w426-h240-k-no,False,True,en,0,-12.3876332,130.8505878,Sean Fanning,,en,False,ChIJ21chpRGTwCwRr0KiBDczCqc,810,,Edited 7 months ago,2025-02-09T01:45:29.370Z,,,,ChdDSUhNMG9nS0VJQ0FnSUNfaTYyX3NnRRAB,,,,,,,,,,,,,Google,https://www.google.com/maps/reviews/data=!4m8!14m7!1m6!2m5!1sChdDSUhNMG9nS0VJQ0FnSUNfaTYyX3NnRRAB!2m1!1s0x0:0xa70a333704a242af!3m1!1s2@1:CIHM0ogKEICAgIC_i62_sgE%7C%7C?hl=en,113533688119050034773,339,https://lh3.googleusercontent.com/a-/ALV-UjVb8wZy_3EmutBXbygRVQRmlHmBn5V_jBjlGDO6Zyi76HryGe4X=s1920-c-rp-mo-ba6-br100,https://www.google.com/maps/contrib/113533688119050034773?hl=en,750,2025-09-22T03:43:57.206Z,"Direct Detail URL: https://www.google.com/maps/place/Nightcliff+Market/@-12.3876332,130.8480129,17z/data=!3m1!5s0x2cc09311b73dbc79:0x14cfcfeddac80314!4m8!3m7!1s0x2cc09311a52157db:0xa70a333704a242af!8m2!3d-12.3876332!4d130.8505878!9m1!1b1!16s%2Fg%2F11c0pvbzbf?entry=ttu&g_ep=EgoyMDI1MDkxNy4wIKXMDSoASAFQAw%3D%3D",5,Northern Territory,Pavonia Pl,False,Great place for Asian streer food.,,Nightcliff Market,4.3,,https://www.google.com/maps/search/?api=1&query=Nightcliff%20Market&query_place_id=ChIJ21chpRGTwCwRr0KiBDczCqc,,Great place for Asian streer food.,Positive
"Pavonia Pl, Nightcliff NT 0810, Australia",Market,Market,12036489265495032495,Nightcliff,AU,0x2cc09311a52157db:0xa70a333704a242af,https://lh3.googleusercontent.com/gps-cs-s/AC9h4nrrmz4dU7J7jQiIERNpQPlBJKC9TPgYYsRrs0JmwimbbMOHc7_tCEqV7X7rL0wYzVXT_pxhh-jwssa4nL_r0h2hr9_5XoTg8T_VkGzTDrd5y7jsYNJZnDG1j9wVUL46xUpFT4FY=w426-h240-k-no,False,True,en,0,-12.3876332,130.8505878,Indi Moran,,,False,ChIJ21chpRGTwCwRr0KiBDczCqc,810,,8 months ago,2025-01-05T22:57:37.506Z,,,,ChZDSUhNMG9nS0VJQ0FnSURmaHY2VEl3EAE,,,,,,,,,,,,,Google,https://www.google.com/maps/reviews/data=!4m8!14m7!1m6!2m5!1sChZDSUhNMG9nS0VJQ0FnSURmaHY2VEl3EAE!2m1!1s0x0:0xa70a333704a242af!3m1!1s2@1:CIHM0ogKEICAgIDfhv6TIw%7C%7C?hl=en,106513229582469381481,18,https://lh3.googleusercontent.com/a/ACg8ocKW5KjlbqMIlD5EroO7Z-mlsWmxGSCO4aE9BemnQlSvZg7HxQ=s1920-c-rp-mo-ba2-br100,https://www.google.com/maps/contrib/106513229582469381481?hl=en,750,2025-09-22T03:43:57.206Z,"Direct Detail URL: https://www.google.com/maps/place/Nightcliff+Market/@-12.3876332,130.8480129,17z/data=!3m1!5s0x2cc09311b73dbc79:0x14cfcfeddac80314!4m8!3m7!1s0x2cc09311a52157db:0xa70a333704a242af!8m2!3d-12.3876332!4d130.8505878!9m1!1b1!16s%2Fg%2F11c0pvbzbf?entry=ttu&g_ep=EgoyMDI1MDkxNy4wIKXMDSoASAFQAw%3D%3D",5,Northern Territory,Pavonia Pl,False,,,Nightcliff Market,4.3,,https://www.google.com/maps/search/?api=1&query=Nightcliff%20Market&query_place_id=ChIJ21chpRGTwCwRr0KiBDczCqc,,,Positive
"Pavonia Pl, Nightcliff NT 0810, Australia",Market,Market,12036489265495032495,Nightcliff,AU,0x2cc09311a52157db:0xa70a333704a242af,https://lh3.googleusercontent.com/gps-cs-s/AC9h4nrrmz4dU7J7jQiIERNpQPlBJKC9TPgYYsRrs0JmwimbbMOHc7_tCEqV7X7rL0wYzVXT_pxhh-jwssa4nL_r0h2hr9_5XoTg8T_VkGzTDrd5y7jsYNJZnDG1j9wVUL46xUpFT4FY=w426-h240-k-no,False,True,en,0,-12.3876332,130.8505878,Marlene Murphy,,en,False,ChIJ21chpRGTwCwRr0KiBDczCqc,810,,8 months ago,2024-12-29T10:03:10.372Z,,,,ChdDSUhNMG9nS0VJQ0FnSUNmbnBua3dBRRAB,,,,,,,,,,,,,Google,https://www.google.com/maps/reviews/data=!4m8!14m7!1m6!2m5!1sChdDSUhNMG9nS0VJQ0FnSUNmbnBua3dBRRAB!2m1!1s0x0:0xa70a333704a242af!3m1!1s2@1:CIHM0ogKEICAgICfnpnkwAE%7C%7C?hl=en,110557563244906548291,131,https://lh3.googleusercontent.com/a/ACg8ocIQZQAEOnrNKWOwVbw60dPaQg-FaLIWt4EDOogrDIKvSDRbMw=s1920-c-rp-mo-ba4-br100,https://www.google.com/maps/contrib/110557563244906548291?hl=en,750,2025-09-22T03:43:57.206Z,"Direct Detail URL: https://www.google.com/maps/place/Nightcliff+Market/@-12.3876332,130.8480129,17z/data=!3m1!5s0x2cc09311b73dbc79:0x14cfcfeddac80314!4m8!3m7!1s0x2cc09311a52157db:0xa70a333704a242af!8m2!3d-12.3876332!4d130.8505878!9m1!1b1!16s%2Fg%2F11c0pvbzbf?entry=ttu&g_ep=EgoyMDI1MDkxNy4wIKXMDSoASAFQAw%3D%3D",5,Northern Territory,Pavonia Pl,False,It's one of my favourite places on a Sunday if has it all.,,Nightcliff Market,4.3,,https://www.google.com/maps/search/?api=1&query=Nightcliff%20Market&query_place_id=ChIJ21chpRGTwCwRr0KiBDczCqc,,It's one of my favourite places on a Sunday if has it all.,Neutral
"Pavonia Pl, Nightcliff NT 0810, Australia",Market,Market,12036489265495032495,Nightcliff,AU,0x2cc09311a52157db:0xa70a333704a242af,https://lh3.googleusercontent.com/gps-cs-s/AC9h4nrrmz4dU7J7jQiIERNpQPlBJKC9TPgYYsRrs0JmwimbbMOHc7_tCEqV7X7rL0wYzVXT_pxhh-jwssa4nL_r0h2hr9_5XoTg8T_VkGzTDrd5y7jsYNJZnDG1j9wVUL46xUpFT4FY=w426-h240-k-no,False,True,en,0,-12.3876332,130.8505878,Martin Thomson,,en,False,ChIJ21chpRGTwCwRr0KiBDczCqc,810,,10 months ago,2024-11-17T05:53:25.102Z,,,,ChdDSUhNMG9nS0VJQ0FnSUQzbGIyMGh3RRAB,,,,,,,,,,,,,Google,https://www.google.com/maps/reviews/data=!4m8!14m7!1m6!2m5!1sChdDSUhNMG9nS0VJQ0FnSUQzbGIyMGh3RRAB!2m1!1s0x0:0xa70a333704a242af!3m1!1s2@1:CIHM0ogKEICAgID3lb20hwE%7C%7C?hl=en,108607526980847382307,49,https://lh3.googleusercontent.com/a-/ALV-UjXqZ8FP7GsVvp0AJdmbK4H9Su0pzyNmT-kFpr3Gm__MbTkHnrBsWg=s1920-c-rp-mo-ba3-br100,https://www.google.com/maps/contrib/108607526980847382307?hl=en,750,2025-09-22T03:43:57.206Z,"Direct Detail URL: https://www.google.com/maps/place/Nightcliff+Market/@-12.3876332,130.8480129,17z/data=!3m1!5s0x2cc09311b73dbc79:0x14cfcfeddac80314!4m8!3m7!1s0x2cc09311a52157db:0xa70a333704a242af!8m2!3d-12.3876332!4d130.8505878!9m1!1b1!16s%2Fg%2F11c0pvbzbf?entry=ttu&g_ep=EgoyMDI1MDkxNy4wIKXMDSoASAFQAw%3D%3D",4,Northern Territory,Pavonia Pl,False,Crowded,,Nightcliff Market,4.3,,https://www.google.com/maps/search/?api=1&query=Nightcliff%20Market&query_place_id=ChIJ21chpRGTwCwRr0KiBDczCqc,,Crowded,Neutral
"Pavonia Pl, Nightcliff NT 0810, Australia",Market,Market,12036489265495032495,Nightcliff,AU,0x2cc09311a52157db:0xa70a333704a242af,https://lh3.googleusercontent.com/gps-cs-s/AC9h4nrrmz4dU7J7jQiIERNpQPlBJKC9TPgYYsRrs0JmwimbbMOHc7_tCEqV7X7rL0wYzVXT_pxhh-jwssa4nL_r0h2hr9_5XoTg8T_VkGzTDrd5y7jsYNJZnDG1j9wVUL46xUpFT4FY=w426-h240-k-no,False,True,en,0,-12.3876332,130.8505878,Max buzz,,,False,ChIJ21chpRGTwCwRr0KiBDczCqc,810,,Edited 10 months ago,2024-10-27T02:53:41.947Z,,,,ChdDSUhNMG9nS0VJQ0FnSURNdFlIVzdBRRAB,https://lh3.googleusercontent.com/geougc-cs/AB3l90Dnc3sFHqRJEH0kegbzalUNsOywvSYC6B0jAVteOeMBvRKhtIZcjMRQJLHZZ68JKu8t5lov-0FJ7lkK81DQxEa18uJPl3yFyeNxSkKCRnKwJry6_bU-kofr4RRmUgZSzyKZ3MY,,,,,,,,,,,,Google,https://www.google.com/maps/reviews/data=!4m8!14m7!1m6!2m5!1sChdDSUhNMG9nS0VJQ0FnSURNdFlIVzdBRRAB!2m1!1s0x0:0xa70a333704a242af!3m1!1s2@1:CIHM0ogKEICAgIDMtYHW7AE%7C%7C?hl=en,102895691236512635518,75,https://lh3.googleusercontent.com/a-/ALV-UjXTH1TuS33mirADXF2_UXo6BT7ki0pKAFwk2PKlP0WYBsaVHHEh=s1920-c-rp-mo-ba7-br100,https://www.google.com/maps/contrib/102895691236512635518?hl=en,750,2025-09-22T03:43:57.206Z,"Direct Detail URL: https://www.google.com/maps/place/Nightcliff+Market/@-12.3876332,130.8480129,17z/data=!3m1!5s0x2cc09311b73dbc79:0x14cfcfeddac80314!4m8!3m7!1s0x2cc09311a52157db:0xa70a333704a242af!8m2!3d-12.3876332!4d130.8505878!9m1!1b1!16s%2Fg%2F11c0pvbzbf?entry=ttu&g_ep=EgoyMDI1MDkxNy4wIKXMDSoASAFQAw%3D%3D",5,Northern Territory,Pavonia Pl,False,,,Nightcliff Market,4.3,,https://www.google.com/maps/search/?api=1&query=Nightcliff%20Market&query_place_id=ChIJ21chpRGTwCwRr0KiBDczCqc,,,Positive
"Pavonia Pl, Nightcliff NT 0810, Australia",Market,Market,12036489265495032495,Nightcliff,AU,0x2cc09311a52157db:0xa70a333704a242af,https://lh3.googleusercontent.com/gps-cs-s/AC9h4nrrmz4dU7J7jQiIERNpQPlBJKC9TPgYYsRrs0JmwimbbMOHc7_tCEqV7X7rL0wYzVXT_pxhh-jwssa4nL_r0h2hr9_5XoTg8T_VkGzTDrd5y7jsYNJZnDG1j9wVUL46xUpFT4FY=w426-h240-k-no,False,True,en,0,-12.3876332,130.8505878,Hélène Lassaire,,,False,ChIJ21chpRGTwCwRr0KiBDczCqc,810,,10 months ago,2024-10-27T02:21:42.849Z,,,,ChdDSUhNMG9nS0VJQ0FnSURYMW82RC1RRRAB,,,,,,,,,,,,,Google,https://www.google.com/maps/reviews/data=!4m8!14m7!1m6!2m5!1sChdDSUhNMG9nS0VJQ0FnSURYMW82RC1RRRAB!2m1!1s0x0:0xa70a333704a242af!3m1!1s2@1:CIHM0ogKEICAgIDX1o6D-QE%7C%7C?hl=en,110578949727834782861,8,https://lh3.googleusercontent.com/a-/ALV-UjVD5l-FM9W6GeP14x73fnnxRzw2sVzHypMlQwOGHLsaVoc5sROK=s1920-c-rp-mo-ba2-br100,https://www.google.com/maps/contrib/110578949727834782861?hl=en,750,2025-09-22T03:43:57.206Z,"Direct Detail URL: https://www.google.com/maps/place/Nightcliff+Market/@-12.3876332,130.8480129,17z/data=!3m1!5s0x2cc09311b73dbc79:0x14cfcfeddac80314!4m8!3m7!1s0x2cc09311a52157db:0xa70a333704a242af!8m2!3d-12.3876332!4d130.8505878!9m1!1b1!16s%2Fg%2F11c0pvbzbf?entry=ttu&g_ep=EgoyMDI1MDkxNy4wIKXMDSoASAFQAw%3D%3D",4,Northern Territory,Pavonia Pl,False,,,Nightcliff Market,4.3,,https://www.google.com/maps/search/?api=1&query=Nightcliff%20Market&query_place_id=ChIJ21chpRGTwCwRr0KiBDczCqc,,,Positive
"Pavonia Pl, Nightcliff NT 0810, Australia",Market,Market,12036489265495032495,Nightcliff,AU,0x2cc09311a52157db:0xa70a333704a242af,https://lh3.googleusercontent.com/gps-cs-s/AC9h4nrrmz4dU7J7jQiIERNpQPlBJKC9TPgYYsRrs0JmwimbbMOHc7_tCEqV7X7rL0wYzVXT_pxhh-jwssa4nL_r0h2hr9_5XoTg8T_VkGzTDrd5y7jsYNJZnDG1j9wVUL46xUpFT4FY=w426-h240-k-no,False,True,en,0,-12.3876332,130.8505878,Matthew Revere,,,False,ChIJ21chpRGTwCwRr0KiBDczCqc,810,,11 months ago,2024-10-11T12:05:19.944Z,,,,ChZDSUhNMG9nS0VJQ0FnSURuOTdmYUxBEAE,,,,,,,,,,,,,Google,https://www.google.com/maps/reviews/data=!4m8!14m7!1m6!2m5!1sChZDSUhNMG9nS0VJQ0FnSURuOTdmYUxBEAE!2m1!1s0x0:0xa70a333704a242af!3m1!1s2@1:CIHM0ogKEICAgIDn97faLA%7C%7C?hl=en,107852598690562872571,32,https://lh3.googleusercontent.com/a/ACg8ocKiWz7QMUDr2GXRBbIk85U1utgFvB5MdaJ0Jc3ejKqRKZ9NMw=s1920-c-rp-mo-ba3-br100,https://www.google.com/maps/contrib/107852598690562872571?hl=en,750,2025-09-22T03:43:57.206Z,"Direct Detail URL: https://www.google.com/maps/place/Nightcliff+Market/@-12.3876332,130.8480129,17z/data=!3m1!5s0x2cc09311b73dbc79:0x14cfcfeddac80314!4m8!3m7!1s0x2cc09311a52157db:0xa70a333704a242af!8m2!3d-12.3876332!4d130.8505878!9m1!1b1!16s%2Fg%2F11c0pvbzbf?entry=ttu&g_ep=EgoyMDI1MDkxNy4wIKXMDSoASAFQAw%3D%3D",5,Northern Territory,Pavonia Pl,False,,,Nightcliff Market,4.3,,https://www.google.com/maps/search/?api=1&query=Nightcliff%20Market&query_place_id=ChIJ21chpRGTwCwRr0KiBDczCqc,,,Positive
"Pavonia Pl, Nightcliff NT 0810, Australia",Market,Market,12036489265495032495,Nightcliff,AU,0x2cc09311a52157db:0xa70a333704a242af,https://lh3.googleusercontent.com/gps-cs-s/AC9h4nrrmz4dU7J7jQiIERNpQPlBJKC9TPgYYsRrs0JmwimbbMOHc7_tCEqV7X7rL0wYzVXT_pxhh-jwssa4nL_r0h2hr9_5XoTg8T_VkGzTDrd5y7jsYNJZnDG1j9wVUL46xUpFT4FY=w426-h240-k-no,False,False,en,0,-12.3876332,130.8505878,Darren Hoffman,,,False,ChIJ21chpRGTwCwRr0KiBDczCqc,810,,11 months ago,2024-10-01T22:03:33.843Z,,,,ChZDSUhNMG9nS0VJQ0FnSURuZ0syU0h3EAE,,,,,,,,,,,,,Google,https://www.google.com/maps/reviews/data=!4m8!14m7!1m6!2m5!1sChZDSUhNMG9nS0VJQ0FnSURuZ0syU0h3EAE!2m1!1s0x0:0xa70a333704a242af!3m1!1s2@1:CIHM0ogKEICAgIDngK2SHw%7C%7C?hl=en,106416792913523559869,2,https://lh3.googleusercontent.com/a/ACg8ocJsorvx2rLKQk99lGqjFqiCK6PrFmn9YmnwagpeyjuCThkukg=s1920-c-rp-mo-br100,https://www.google.com/maps/contrib/106416792913523559869?hl=en,750,2025-09-22T03:43:57.206Z,"Direct Detail URL: https://www.google.com/maps/place/Nightcliff+Market/@-12.3876332,130.8480129,17z/data=!3m1!5s0x2cc09311b73dbc79:0x14cfcfeddac80314!4m8!3m7!1s0x2cc09311a52157db:0xa70a333704a242af!8m2!3d-12.3876332!4d130.8505878!9m1!1b1!16s%2Fg%2F11c0pvbzbf?entry=ttu&g_ep=EgoyMDI1MDkxNy4wIKXMDSoASAFQAw%3D%3D",5,Northern Territory,Pavonia Pl,False,,,Nightcliff Market,4.3,,https://www.google.com/maps/search/?api=1&query=Nightcliff%20Market&query_place_id=ChIJ21chpRGTwCwRr0KiBDczCqc,,,Positive
"Pavonia Pl, Nightcliff NT 0810, Australia",Market,Market,12036489265495032495,Nightcliff,AU,0x2cc09311a52157db:0xa70a333704a242af,https://lh3.googleusercontent.com/gps-cs-s/AC9h4nrrmz4dU7J7jQiIERNpQPlBJKC9TPgYYsRrs0JmwimbbMOHc7_tCEqV7X7rL0wYzVXT_pxhh-jwssa4nL_r0h2hr9_5XoTg8T_VkGzTDrd5y7jsYNJZnDG1j9wVUL46xUpFT4FY=w426-h240-k-no,False,True,en,0,-12.3876332,130.8505878,Anne Pearce,,en,False,ChIJ21chpRGTwCwRr0KiBDczCqc,810,,11 months ago,2024-09-29T23:35:14.175Z,,,,ChdDSUhNMG9nS0VJQ0FnSUNueTZERnJRRRAB,,,,,,,,,,,,,Google,https://www.google.com/maps/reviews/data=!4m8!14m7!1m6!2m5!1sChdDSUhNMG9nS0VJQ0FnSUNueTZERnJRRRAB!2m1!1s0x0:0xa70a333704a242af!3m1!1s2@1:CIHM0ogKEICAgICny6DFrQE%7C%7C?hl=en,103994998111086097184,73,https://lh3.googleusercontent.com/a-/ALV-UjV4hrEoLbMISJWRPTQcQp2ep2jhU67G5Etsr3xG53T6rM4ooANF=s1920-c-rp-mo-ba4-br100,https://www.google.com/maps/contrib/103994998111086097184?hl=en,750,2025-09-22T03:43:57.206Z,"Direct Detail URL: https://www.google.com/maps/place/Nightcliff+Market/@-12.3876332,130.8480129,17z/data=!3m1!5s0x2cc09311b73dbc79:0x14cfcfeddac80314!4m8!3m7!1s0x2cc09311a52157db:0xa70a333704a242af!8m2!3d-12.3876332!4d130.8505878!9m1!1b1!16s%2Fg%2F11c0pvbzbf?entry=ttu&g_ep=EgoyMDI1MDkxNy4wIKXMDSoASAFQAw%3D%3D",3,Northern Territory,Pavonia Pl,False,Not a lot if stalls. Food average. Pancakes are the best.,,Nightcliff Market,4.3,,https://www.google.com/maps/search/?api=1&query=Nightcliff%20Market&query_place_id=ChIJ21chpRGTwCwRr0KiBDczCqc,,Not a lot if stalls. Food average. Pancakes are the best.,Positive
"Pavonia Pl, Nightcliff NT 0810, Australia",Market,Market,12036489265495032495,Nightcliff,AU,0x2cc09311a52157db:0xa70a333704a242af,https://lh3.googleusercontent.com/gps-cs-s/AC9h4nrrmz4dU7J7jQiIERNpQPlBJKC9TPgYYsRrs0JmwimbbMOHc7_tCEqV7X7rL0wYzVXT_pxhh-jwssa4nL_r0h2hr9_5XoTg8T_VkGzTDrd5y7jsYNJZnDG1j9wVUL46xUpFT4FY=w426-h240-k-no,False,True,en,0,-12.3876332,130.8505878,Benjamin Leeming,,en,False,ChIJ21chpRGTwCwRr0KiBDczCqc,810,,a year ago,2024-09-20T11:02:18.409Z,,,,ChdDSUhNMG9nS0VJQ0FnSURIaDRpdnFnRRAB,,,,,,,,,,,,,Google,https://www.google.com/maps/reviews/data=!4m8!14m7!1m6!2m5!1sChdDSUhNMG9nS0VJQ0FnSURIaDRpdnFnRRAB!2m1!1s0x0:0xa70a333704a242af!3m1!1s2@1:CIHM0ogKEICAgIDHh4ivqgE%7C%7C?hl=en,115981978997357949818,17,https://lh3.googleusercontent.com/a/ACg8ocJ5ocJalUk_SobKDXTvAiUoHATxbG94CPrju2wLExYkTFFKvHM=s1920-c-rp-mo-ba2-br100,https://www.google.com/maps/contrib/115981978997357949818?hl=en,750,2025-09-22T03:43:57.206Z,"Direct Detail URL: https://www.google.com/maps/place/Nightcliff+Market/@-12.3876332,130.8480129,17z/data=!3m1!5s0x2cc09311b73dbc79:0x14cfcfeddac80314!4m8!3m7!1s0x2cc09311a52157db:0xa70a333704a242af!8m2!3d-12.3876332!4d130.8505878!9m1!1b1!16s%2Fg%2F11c0pvbzbf?entry=ttu&g_ep=EgoyMDI1MDkxNy4wIKXMDSoASAFQAw%3D%3D",5,Northern Territory,Pavonia Pl,False,Amazing totally recommend to visit,,Nightcliff Market,4.3,,https://www.google.com/maps/search/?api=1&query=Nightcliff%20Market&query_place_id=ChIJ21chpRGTwCwRr0KiBDczCqc,,Amazing totally recommend to visit,Positive
"Pavonia Pl, Nightcliff NT 0810, Australia",Market,Market,12036489265495032495,Nightcliff,AU,0x2cc09311a52157db:0xa70a333704a242af,https://lh3.googleusercontent.com/gps-cs-s/AC9h4nrrmz4dU7J7jQiIERNpQPlBJKC9TPgYYsRrs0JmwimbbMOHc7_tCEqV7X7rL0wYzVXT_pxhh-jwssa4nL_r0h2hr9_5XoTg8T_VkGzTDrd5y7jsYNJZnDG1j9wVUL46xUpFT4FY=w426-h240-k-no,False,True,en,0,-12.3876332,130.8505878,C Closta,,en,False,ChIJ21chpRGTwCwRr0KiBDczCqc,810,,a year ago,2024-09-04T00:41:56.984Z,,,,ChZDSUhNMG9nS0VJQ0FnSUNIMnEtTUVREAE,https://lh3.googleusercontent.com/geougc-cs/AB3l90AMojaZ8rfgYYYFIadzWwvo7La3E7jJTFduZa5Q4qztPyXF-WTIDazu-HBaoVNlmYq4HEoRTLc9wSLJyUIDOD28QGBUHfmi03HBjQbjpncw3letGhNXn-tDOfI7zjX01Fe9cZmF,,,,,,,,,,,,Google,https://www.google.com/maps/reviews/data=!4m8!14m7!1m6!2m5!1sChZDSUhNMG9nS0VJQ0FnSUNIMnEtTUVREAE!2m1!1s0x0:0xa70a333704a242af!3m1!1s2@1:CIHM0ogKEICAgICH2q-MEQ%7C%7C?hl=en,104882353729928374017,102,https://lh3.googleusercontent.com/a/ACg8ocIsu6H9ly6tLmqmt3Cq6RQB83_-fjJAF-MOByKDqNmFAWhWcw=s1920-c-rp-mo-ba5-br100,https://www.google.com/maps/contrib/104882353729928374017?hl=en,750,2025-09-22T03:43:57.206Z,"Direct Detail URL: https://www.google.com/maps/place/Nightcliff+Market/@-12.3876332,130.8480129,17z/data=!3m1!5s0x2cc09311b73dbc79:0x14cfcfeddac80314!4m8!3m7!1s0x2cc09311a52157db:0xa70a333704a242af!8m2!3d-12.3876332!4d130.8505878!9m1!1b1!16s%2Fg%2F11c0pvbzbf?entry=ttu&g_ep=EgoyMDI1MDkxNy4wIKXMDSoASAFQAw%3D%3D",5,Northern Territory,Pavonia Pl,False,"WOW, this place is cool😁🩵I like Darwin",,Nightcliff Market,4.3,,https://www.google.com/maps/search/?api=1&query=Nightcliff%20Market&query_place_id=ChIJ21chpRGTwCwRr0KiBDczCqc,,"WOW, this place is cool😁🩵I like Darwin",Positive
"Pavonia Pl, Nightcliff NT 0810, Australia",Market,Market,12036489265495032495,Nightcliff,AU,0x2cc09311a52157db:0xa70a333704a242af,https://lh3.googleusercontent.com/gps-cs-s/AC9h4nrrmz4dU7J7jQiIERNpQPlBJKC9TPgYYsRrs0JmwimbbMOHc7_tCEqV7X7rL0wYzVXT_pxhh-jwssa4nL_r0h2hr9_5XoTg8T_VkGzTDrd5y7jsYNJZnDG1j9wVUL46xUpFT4FY=w426-h240-k-no,False,True,en,0,-12.3876332,130.8505878,kristina hewer,,,False,ChIJ21chpRGTwCwRr0KiBDczCqc,810,,a year ago,2024-08-30T23:11:36.496Z,,,,ChdDSUhNMG9nS0VJQ0FnSUNINE5HLW1BRRAB,,,,,,,,,,,,,Google,https://www.google.com/maps/reviews/data=!4m8!14m7!1m6!2m5!1sChdDSUhNMG9nS0VJQ0FnSUNINE5HLW1BRRAB!2m1!1s0x0:0xa70a333704a242af!3m1!1s2@1:CIHM0ogKEICAgICH4NG-mAE%7C%7C?hl=en,104523807080136642712,96,https://lh3.googleusercontent.com/a/ACg8ocLw_JCXuOp2DYWK-qdl6T5bsm3mUTCMnoZ7WZT5AZENmlO1Cw=s1920-c-rp-mo-ba4-br100,https://www.google.com/maps/contrib/104523807080136642712?hl=en,750,2025-09-22T03:43:57.206Z,"Direct Detail URL: https://www.google.com/maps/place/Nightcliff+Market/@-12.3876332,130.8480129,17z/data=!3m1!5s0x2cc09311b73dbc79:0x14cfcfeddac80314!4m8!3m7!1s0x2cc09311a52157db:0xa70a333704a242af!8m2!3d-12.3876332!4d130.8505878!9m1!1b1!16s%2Fg%2F11c0pvbzbf?entry=ttu&g_ep=EgoyMDI1MDkxNy4wIKXMDSoASAFQAw%3D%3D",5,Northern Territory,Pavonia Pl,False,,,Nightcliff Market,4.3,,https://www.google.com/maps/search/?api=1&query=Nightcliff%20Market&query_place_id=ChIJ21chpRGTwCwRr0KiBDczCqc,,,Positive
"Pavonia Pl, Nightcliff NT 0810, Australia",Market,Market,12036489265495032495,Nightcliff,AU,0x2cc09311a52157db:0xa70a333704a242af,https://lh3.googleusercontent.com/gps-cs-s/AC9h4nrrmz4dU7J7jQiIERNpQPlBJKC9TPgYYsRrs0JmwimbbMOHc7_tCEqV7X7rL0wYzVXT_pxhh-jwssa4nL_r0h2hr9_5XoTg8T_VkGzTDrd5y7jsYNJZnDG1j9wVUL46xUpFT4FY=w426-h240-k-no,False,True,en,0,-12.3876332,130.8505878,maree ivinson,,en,False,ChIJ21chpRGTwCwRr0KiBDczCqc,810,,a year ago,2024-08-17T09:59:31.604Z,,,,ChdDSUhNMG9nS0VJQ0FnSUM3eGFueWlnRRAB,,,,,,,,,,,,,Google,https://www.google.com/maps/reviews/data=!4m8!14m7!1m6!2m5!1sChdDSUhNMG9nS0VJQ0FnSUM3eGFueWlnRRAB!2m1!1s0x0:0xa70a333704a242af!3m1!1s2@1:CIHM0ogKEICAgIC7xanyigE%7C%7C?hl=en,111439547164045211421,313,https://lh3.googleusercontent.com/a-/ALV-UjUAwMDsy2FK5MVM5KtgYyxcDSvmomItjVk6eDHIgQ6Q4psDtmM=s1920-c-rp-mo-ba5-br100,https://www.google.com/maps/contrib/111439547164045211421?hl=en,750,2025-09-22T03:43:57.206Z,"Direct Detail URL: https://www.google.com/maps/place/Nightcliff+Market/@-12.3876332,130.8480129,17z/data=!3m1!5s0x2cc09311b73dbc79:0x14cfcfeddac80314!4m8!3m7!1s0x2cc09311a52157db:0xa70a333704a242af!8m2!3d-12.3876332!4d130.8505878!9m1!1b1!16s%2Fg%2F11c0pvbzbf?entry=ttu&g_ep=EgoyMDI1MDkxNy4wIKXMDSoASAFQAw%3D%3D",3,Northern Territory,Pavonia Pl,False,"Bit junky, more food stalls than bargain stalls",,Nightcliff Market,4.3,,https://www.google.com/maps/search/?api=1&query=Nightcliff%20Market&query_place_id=ChIJ21chpRGTwCwRr0KiBDczCqc,,"Bit junky, more food stalls than bargain stalls",Positive
"Pavonia Pl, Nightcliff NT 0810, Australia",Market,Market,12036489265495032495,Nightcliff,AU,0x2cc09311a52157db:0xa70a333704a242af,https://lh3.googleusercontent.com/gps-cs-s/AC9h4nrrmz4dU7J7jQiIERNpQPlBJKC9TPgYYsRrs0JmwimbbMOHc7_tCEqV7X7rL0wYzVXT_pxhh-jwssa4nL_r0h2hr9_5XoTg8T_VkGzTDrd5y7jsYNJZnDG1j9wVUL46xUpFT4FY=w426-h240-k-no,False,True,en,0,-12.3876332,130.8505878,Ruth Hoolan,,en,False,ChIJ21chpRGTwCwRr0KiBDczCqc,810,,a year ago,2024-08-11T09:02:11.479Z,,,,ChZDSUhNMG9nS0VJQ0FnSUM3d01HbklBEAE,,,,,,,,,,,,,Google,https://www.google.com/maps/reviews/data=!4m8!14m7!1m6!2m5!1sChZDSUhNMG9nS0VJQ0FnSUM3d01HbklBEAE!2m1!1s0x0:0xa70a333704a242af!3m1!1s2@1:CIHM0ogKEICAgIC7wMGnIA%7C%7C?hl=en,110610144183433199894,19,https://lh3.googleusercontent.com/a/ACg8ocL62308eKz8i97T6h02uB46m1Ogaw5bjA_YdoMRquIRon7LUQ=s1920-c-rp-mo-ba3-br100,https://www.google.com/maps/contrib/110610144183433199894?hl=en,750,2025-09-22T03:43:57.206Z,"Direct Detail URL: https://www.google.com/maps/place/Nightcliff+Market/@-12.3876332,130.8480129,17z/data=!3m1!5s0x2cc09311b73dbc79:0x14cfcfeddac80314!4m8!3m7!1s0x2cc09311a52157db:0xa70a333704a242af!8m2!3d-12.3876332!4d130.8505878!9m1!1b1!16s%2Fg%2F11c0pvbzbf?entry=ttu&g_ep=EgoyMDI1MDkxNy4wIKXMDSoASAFQAw%3D%3D",5,Northern Territory,Pavonia Pl,False,Loads of stands and food stalls was very busy the night I was there,,Nightcliff Market,4.3,,https://www.google.com/maps/search/?api=1&query=Nightcliff%20Market&query_place_id=ChIJ21chpRGTwCwRr0KiBDczCqc,,Loads of stands and food stalls was very busy the night I was there,Positive
"Pavonia Pl, Nightcliff NT 0810, Australia",Market,Market,12036489265495032495,Nightcliff,AU,0x2cc09311a52157db:0xa70a333704a242af,https://lh3.googleusercontent.com/gps-cs-s/AC9h4nrrmz4dU7J7jQiIERNpQPlBJKC9TPgYYsRrs0JmwimbbMOHc7_tCEqV7X7rL0wYzVXT_pxhh-jwssa4nL_r0h2hr9_5XoTg8T_VkGzTDrd5y7jsYNJZnDG1j9wVUL46xUpFT4FY=w426-h240-k-no,False,False,en,0,-12.3876332,130.8505878,Marc Millon,,,False,ChIJ21chpRGTwCwRr0KiBDczCqc,810,,a year ago,2024-08-06T03:23:00.408Z,,,,ChZDSUhNMG9nS0VJQ0FnSURiZ2V6X1NBEAE,,,,,,,,,,,,,Google,https://www.google.com/maps/reviews/data=!4m8!14m7!1m6!2m5!1sChZDSUhNMG9nS0VJQ0FnSURiZ2V6X1NBEAE!2m1!1s0x0:0xa70a333704a242af!3m1!1s2@1:CIHM0ogKEICAgIDbgez_SA%7C%7C?hl=en,105184280243323313860,2,https://lh3.googleusercontent.com/a-/ALV-UjW43tQUg3cKmsc-e9NG8hNvwnzk2L4lF263uWZEFhIyzvRr4yaM=s1920-c-rp-mo-br100,https://www.google.com/maps/contrib/105184280243323313860?hl=en,750,2025-09-22T03:43:57.206Z,"Direct Detail URL: https://www.google.com/maps/place/Nightcliff+Market/@-12.3876332,130.8480129,17z/data=!3m1!5s0x2cc09311b73dbc79:0x14cfcfeddac80314!4m8!3m7!1s0x2cc09311a52157db:0xa70a333704a242af!8m2!3d-12.3876332!4d130.8505878!9m1!1b1!16s%2Fg%2F11c0pvbzbf?entry=ttu&g_ep=EgoyMDI1MDkxNy4wIKXMDSoASAFQAw%3D%3D",5,Northern Territory,Pavonia Pl,False,,,Nightcliff Market,4.3,,https://www.google.com/maps/search/?api=1&query=Nightcliff%20Market&query_place_id=ChIJ21chpRGTwCwRr0KiBDczCqc,,,Positive
"Pavonia Pl, Nightcliff NT 0810, Australia",Market,Market,12036489265495032495,Nightcliff,AU,0x2cc09311a52157db:0xa70a333704a242af,https://lh3.googleusercontent.com/gps-cs-s/AC9h4nrrmz4dU7J7jQiIERNpQPlBJKC9TPgYYsRrs0JmwimbbMOHc7_tCEqV7X7rL0wYzVXT_pxhh-jwssa4nL_r0h2hr9_5XoTg8T_VkGzTDrd5y7jsYNJZnDG1j9wVUL46xUpFT4FY=w426-h240-k-no,False,True,en,0,-12.3876332,130.8505878,Gavin Wicks,,en,False,ChIJ21chpRGTwCwRr0KiBDczCqc,810,,a year ago,2024-08-05T10:44:31.955Z,,,,ChdDSUhNMG9nS0VJQ0FnSURiOXVIbjl3RRAB,,,,,,,,,,,,,Google,https://www.google.com/maps/reviews/data=!4m8!14m7!1m6!2m5!1sChdDSUhNMG9nS0VJQ0FnSURiOXVIbjl3RRAB!2m1!1s0x0:0xa70a333704a242af!3m1!1s2@1:CIHM0ogKEICAgIDb9uHn9wE%7C%7C?hl=en,101298331612398234712,603,https://lh3.googleusercontent.com/a-/ALV-UjVJhsybyRlGccWRtn9O9ougPd5N4D7UZoQ-wTqsl4z_YlJw6p5h4g=s1920-c-rp-mo-ba6-br100,https://www.google.com/maps/contrib/101298331612398234712?hl=en,750,2025-09-22T03:43:57.206Z,"Direct Detail URL: https://www.google.com/maps/place/Nightcliff+Market/@-12.3876332,130.8480129,17z/data=!3m1!5s0x2cc09311b73dbc79:0x14cfcfeddac80314!4m8!3m7!1s0x2cc09311a52157db:0xa70a333704a242af!8m2!3d-12.3876332!4d130.8505878!9m1!1b1!16s%2Fg%2F11c0pvbzbf?entry=ttu&g_ep=EgoyMDI1MDkxNy4wIKXMDSoASAFQAw%3D%3D",5,Northern Territory,Pavonia Pl,False,"Plenty of choices.
Food and other shops/ crafts.
Massaging availability.
Parking is down the road in a side street.
Recommended.",,Nightcliff Market,4.3,,https://www.google.com/maps/search/?api=1&query=Nightcliff%20Market&query_place_id=ChIJ21chpRGTwCwRr0KiBDczCqc,,"Plenty of choices.
Food and other shops/ crafts.
Massaging availability.
Parking is down the road in a side street.
Recommended.",Negative
"Pavonia Pl, Nightcliff NT 0810, Australia",Market,Market,12036489265495032495,Nightcliff,AU,0x2cc09311a52157db:0xa70a333704a242af,https://lh3.googleusercontent.com/gps-cs-s/AC9h4nrrmz4dU7J7jQiIERNpQPlBJKC9TPgYYsRrs0JmwimbbMOHc7_tCEqV7X7rL0wYzVXT_pxhh-jwssa4nL_r0h2hr9_5XoTg8T_VkGzTDrd5y7jsYNJZnDG1j9wVUL46xUpFT4FY=w426-h240-k-no,False,True,en,0,-12.3876332,130.8505878,greg wilton,,en,False,ChIJ21chpRGTwCwRr0KiBDczCqc,810,,a year ago,2024-08-03T06:47:10.855Z,,,,ChZDSUhNMG9nS0VJQ0FnSURiX09Ua2FBEAE,,,,,,,,,,,,,Google,https://www.google.com/maps/reviews/data=!4m8!14m7!1m6!2m5!1sChZDSUhNMG9nS0VJQ0FnSURiX09Ua2FBEAE!2m1!1s0x0:0xa70a333704a242af!3m1!1s2@1:CIHM0ogKEICAgIDb_OTkaA%7C%7C?hl=en,105635686243801745787,1081,https://lh3.googleusercontent.com/a-/ALV-UjUVN9kUXMZPojCrtFI5yNrwbhu2lCvi_VbZo1JupHCqGwOdIKwEtg=s1920-c-rp-mo-ba6-br100,https://www.google.com/maps/contrib/105635686243801745787?hl=en,750,2025-09-22T03:43:57.206Z,"Direct Detail URL: https://www.google.com/maps/place/Nightcliff+Market/@-12.3876332,130.8480129,17z/data=!3m1!5s0x2cc09311b73dbc79:0x14cfcfeddac80314!4m8!3m7!1s0x2cc09311a52157db:0xa70a333704a242af!8m2!3d-12.3876332!4d130.8505878!9m1!1b1!16s%2Fg%2F11c0pvbzbf?entry=ttu&g_ep=EgoyMDI1MDkxNy4wIKXMDSoASAFQAw%3D%3D",5,Northern Territory,Pavonia Pl,False,What a great place. Day or night,,Nightcliff Market,4.3,,https://www.google.com/maps/search/?api=1&query=Nightcliff%20Market&query_place_id=ChIJ21chpRGTwCwRr0KiBDczCqc,,What a great place. Day or night,Positive
"Pavonia Pl, Nightcliff NT 0810, Australia",Market,Market,12036489265495032495,Nightcliff,AU,0x2cc09311a52157db:0xa70a333704a242af,https://lh3.googleusercontent.com/gps-cs-s/AC9h4nrrmz4dU7J7jQiIERNpQPlBJKC9TPgYYsRrs0JmwimbbMOHc7_tCEqV7X7rL0wYzVXT_pxhh-jwssa4nL_r0h2hr9_5XoTg8T_VkGzTDrd5y7jsYNJZnDG1j9wVUL46xUpFT4FY=w426-h240-k-no,False,True,en,0,-12.3876332,130.8505878,Michael Healy,,en,False,ChIJ21chpRGTwCwRr0KiBDczCqc,810,,a year ago,2024-07-31T07:45:56.401Z,,,,ChZDSUhNMG9nS0VJQ0FnSUNicjlTaWRREAE,,,,,,,,,,,,,Google,https://www.google.com/maps/reviews/data=!4m8!14m7!1m6!2m5!1sChZDSUhNMG9nS0VJQ0FnSUNicjlTaWRREAE!2m1!1s0x0:0xa70a333704a242af!3m1!1s2@1:CIHM0ogKEICAgICbr9SidQ%7C%7C?hl=en,102624164244011375390,469,https://lh3.googleusercontent.com/a-/ALV-UjUI0cuUJahuOxrBKUu8pujZGhzM7HGzpmSCjMtJoImKIQzrY8XN=s1920-c-rp-mo-ba5-br100,https://www.google.com/maps/contrib/102624164244011375390?hl=en,750,2025-09-22T03:43:57.206Z,"Direct Detail URL: https://www.google.com/maps/place/Nightcliff+Market/@-12.3876332,130.8480129,17z/data=!3m1!5s0x2cc09311b73dbc79:0x14cfcfeddac80314!4m8!3m7!1s0x2cc09311a52157db:0xa70a333704a242af!8m2!3d-12.3876332!4d130.8505878!9m1!1b1!16s%2Fg%2F11c0pvbzbf?entry=ttu&g_ep=EgoyMDI1MDkxNy4wIKXMDSoASAFQAw%3D%3D",3,Northern Territory,Pavonia Pl,False,"Not my cup of coffee!
If you like market stalls and ""home made"" food from stalls..",,Nightcliff Market,4.3,,https://www.google.com/maps/search/?api=1&query=Nightcliff%20Market&query_place_id=ChIJ21chpRGTwCwRr0KiBDczCqc,,"Not my cup of coffee!
If you like market stalls and ""home made"" food from stalls..",Neutral
"Pavonia Pl, Nightcliff NT 0810, Australia",Market,Market,12036489265495032495,Nightcliff,AU,0x2cc09311a52157db:0xa70a333704a242af,https://lh3.googleusercontent.com/gps-cs-s/AC9h4nrrmz4dU7J7jQiIERNpQPlBJKC9TPgYYsRrs0JmwimbbMOHc7_tCEqV7X7rL0wYzVXT_pxhh-jwssa4nL_r0h2hr9_5XoTg8T_VkGzTDrd5y7jsYNJZnDG1j9wVUL46xUpFT4FY=w426-h240-k-no,False,False,en,0,-12.3876332,130.8505878,100affir,,,False,ChIJ21chpRGTwCwRr0KiBDczCqc,810,,a year ago,2024-07-25T02:14:51.746Z,,,,ChdDSUhNMG9nS0VJQ0FnSUNib3V6VHpBRRAB,,,,,,,,,,,,,Google,https://www.google.com/maps/reviews/data=!4m8!14m7!1m6!2m5!1sChdDSUhNMG9nS0VJQ0FnSUNib3V6VHpBRRAB!2m1!1s0x0:0xa70a333704a242af!3m1!1s2@1:CIHM0ogKEICAgICbouzTzAE%7C%7C?hl=en,113480090392137000147,1,https://lh3.googleusercontent.com/a/ACg8ocIggjK5lUw_TnYxZcDieRR0tIi6JJ-Zd5baRVuECFJBdlZFjw=s1920-c-rp-mo-br100,https://www.google.com/maps/contrib/113480090392137000147?hl=en,750,2025-09-22T03:43:57.206Z,"Direct Detail URL: https://www.google.com/maps/place/Nightcliff+Market/@-12.3876332,130.8480129,17z/data=!3m1!5s0x2cc09311b73dbc79:0x14cfcfeddac80314!4m8!3m7!1s0x2cc09311a52157db:0xa70a333704a242af!8m2!3d-12.3876332!4d130.8505878!9m1!1b1!16s%2Fg%2F11c0pvbzbf?entry=ttu&g_ep=EgoyMDI1MDkxNy4wIKXMDSoASAFQAw%3D%3D",5,Northern Territory,Pavonia Pl,False,,,Nightcliff Market,4.3,,https://www.google.com/maps/search/?api=1&query=Nightcliff%20Market&query_place_id=ChIJ21chpRGTwCwRr0KiBDczCqc,,,Positive
"Pavonia Pl, Nightcliff NT 0810, Australia",Market,Market,12036489265495032495,Nightcliff,AU,0x2cc09311a52157db:0xa70a333704a242af,https://lh3.googleusercontent.com/gps-cs-s/AC9h4nrrmz4dU7J7jQiIERNpQPlBJKC9TPgYYsRrs0JmwimbbMOHc7_tCEqV7X7rL0wYzVXT_pxhh-jwssa4nL_r0h2hr9_5XoTg8T_VkGzTDrd5y7jsYNJZnDG1j9wVUL46xUpFT4FY=w426-h240-k-no,False,False,en,0,-12.3876332,130.8505878,Megan H,,en,False,ChIJ21chpRGTwCwRr0KiBDczCqc,810,,a year ago,2024-07-24T03:39:45.707Z,,,,ChZDSUhNMG9nS0VJQ0FnSUNiakt2R0dBEAE,,,,,,,,,,,,,Google,https://www.google.com/maps/reviews/data=!4m8!14m7!1m6!2m5!1sChZDSUhNMG9nS0VJQ0FnSUNiakt2R0dBEAE!2m1!1s0x0:0xa70a333704a242af!3m1!1s2@1:CIHM0ogKEICAgICbjKvGGA%7C%7C?hl=en,107894614463740303290,15,https://lh3.googleusercontent.com/a-/ALV-UjUgFcMexyDY3o9slJMpNW4z15N4vZz8xL2jhUZeslEv8GPJR_Uc=s1920-c-rp-mo-br100,https://www.google.com/maps/contrib/107894614463740303290?hl=en,750,2025-09-22T03:43:57.206Z,"Direct Detail URL: https://www.google.com/maps/place/Nightcliff+Market/@-12.3876332,130.8480129,17z/data=!3m1!5s0x2cc09311b73dbc79:0x14cfcfeddac80314!4m8!3m7!1s0x2cc09311a52157db:0xa70a333704a242af!8m2!3d-12.3876332!4d130.8505878!9m1!1b1!16s%2Fg%2F11c0pvbzbf?entry=ttu&g_ep=EgoyMDI1MDkxNy4wIKXMDSoASAFQAw%3D%3D",5,Northern Territory,Pavonia Pl,False,Nice so.e good stuff,,Nightcliff Market,4.3,,https://www.google.com/maps/search/?api=1&query=Nightcliff%20Market&query_place_id=ChIJ21chpRGTwCwRr0KiBDczCqc,,Nice so.e good stuff,Positive
"Pavonia Pl, Nightcliff NT 0810, Australia",Market,Market,12036489265495032495,Nightcliff,AU,0x2cc09311a52157db:0xa70a333704a242af,https://lh3.googleusercontent.com/gps-cs-s/AC9h4nrrmz4dU7J7jQiIERNpQPlBJKC9TPgYYsRrs0JmwimbbMOHc7_tCEqV7X7rL0wYzVXT_pxhh-jwssa4nL_r0h2hr9_5XoTg8T_VkGzTDrd5y7jsYNJZnDG1j9wVUL46xUpFT4FY=w426-h240-k-no,False,True,en,0,-12.3876332,130.8505878,Chryss Carr,,en,False,ChIJ21chpRGTwCwRr0KiBDczCqc,810,,a year ago,2024-07-07T06:00:04.133Z,,,,ChZDSUhNMG9nS0VJQ0FnSUNyenBDX0xnEAE,,,,,,,,,,,,,Google,https://www.google.com/maps/reviews/data=!4m8!14m7!1m6!2m5!1sChZDSUhNMG9nS0VJQ0FnSUNyenBDX0xnEAE!2m1!1s0x0:0xa70a333704a242af!3m1!1s2@1:CIHM0ogKEICAgICrzpC_Lg%7C%7C?hl=en,117778584947409062937,63,https://lh3.googleusercontent.com/a-/ALV-UjVwQAdy3guM4JZYsd9wObMRrW4f75QMf6FWnGJiEWbYGTE29-3NvA=s1920-c-rp-mo-ba3-br100,https://www.google.com/maps/contrib/117778584947409062937?hl=en,750,2025-09-22T03:43:57.206Z,"Direct Detail URL: https://www.google.com/maps/place/Nightcliff+Market/@-12.3876332,130.8480129,17z/data=!3m1!5s0x2cc09311b73dbc79:0x14cfcfeddac80314!4m8!3m7!1s0x2cc09311a52157db:0xa70a333704a242af!8m2!3d-12.3876332!4d130.8505878!9m1!1b1!16s%2Fg%2F11c0pvbzbf?entry=ttu&g_ep=EgoyMDI1MDkxNy4wIKXMDSoASAFQAw%3D%3D",5,Northern Territory,Pavonia Pl,False,2nd best market in Darwin for food and juices and ginger lattes,,Nightcliff Market,4.3,,https://www.google.com/maps/search/?api=1&query=Nightcliff%20Market&query_place_id=ChIJ21chpRGTwCwRr0KiBDczCqc,,2nd best market in Darwin for food and juices and ginger lattes,Positive
"Pavonia Pl, Nightcliff NT 0810, Australia",Market,Market,12036489265495032495,Nightcliff,AU,0x2cc09311a52157db:0xa70a333704a242af,https://lh3.googleusercontent.com/gps-cs-s/AC9h4nrrmz4dU7J7jQiIERNpQPlBJKC9TPgYYsRrs0JmwimbbMOHc7_tCEqV7X7rL0wYzVXT_pxhh-jwssa4nL_r0h2hr9_5XoTg8T_VkGzTDrd5y7jsYNJZnDG1j9wVUL46xUpFT4FY=w426-h240-k-no,False,True,en,0,-12.3876332,130.8505878,Carolyn Cunningham,,en,False,ChIJ21chpRGTwCwRr0KiBDczCqc,810,,a year ago,2024-06-30T02:55:17.362Z,,,,ChZDSUhNMG9nS0VJQ0FnSURMX2FuOFp3EAE,,,,,,,,,,,,,Google,https://www.google.com/maps/reviews/data=!4m8!14m7!1m6!2m5!1sChZDSUhNMG9nS0VJQ0FnSURMX2FuOFp3EAE!2m1!1s0x0:0xa70a333704a242af!3m1!1s2@1:CIHM0ogKEICAgIDL_an8Zw%7C%7C?hl=en,111909350239776313262,24,https://lh3.googleusercontent.com/a-/ALV-UjUWr9Nsy5POhlHMLUuzxGSyyyoMJ78ruPJaFtFy-Uhi8UJGgHE-LA=s1920-c-rp-mo-ba3-br100,https://www.google.com/maps/contrib/111909350239776313262?hl=en,750,2025-09-22T03:43:57.206Z,"Direct Detail URL: https://www.google.com/maps/place/Nightcliff+Market/@-12.3876332,130.8480129,17z/data=!3m1!5s0x2cc09311b73dbc79:0x14cfcfeddac80314!4m8!3m7!1s0x2cc09311a52157db:0xa70a333704a242af!8m2!3d-12.3876332!4d130.8505878!9m1!1b1!16s%2Fg%2F11c0pvbzbf?entry=ttu&g_ep=EgoyMDI1MDkxNy4wIKXMDSoASAFQAw%3D%3D",3,Northern Territory,Pavonia Pl,False,"Very small but busy market. Stalls range from talented women making their own clothes ethically to cowboys selling unlabelled, unethical foreign tat. Take your cash as some vendors are putting 40c surcharge on card payments.",,Nightcliff Market,4.3,,https://www.google.com/maps/search/?api=1&query=Nightcliff%20Market&query_place_id=ChIJ21chpRGTwCwRr0KiBDczCqc,,"Very small but busy market. Stalls range from talented women making their own clothes ethically to cowboys selling unlabelled, unethical foreign tat. Take your cash as some vendors are putting 40c surcharge on card payments.",Positive
"Pavonia Pl, Nightcliff NT 0810, Australia",Market,Market,12036489265495032495,Nightcliff,AU,0x2cc09311a52157db:0xa70a333704a242af,https://lh3.googleusercontent.com/gps-cs-s/AC9h4nrrmz4dU7J7jQiIERNpQPlBJKC9TPgYYsRrs0JmwimbbMOHc7_tCEqV7X7rL0wYzVXT_pxhh-jwssa4nL_r0h2hr9_5XoTg8T_VkGzTDrd5y7jsYNJZnDG1j9wVUL46xUpFT4FY=w426-h240-k-no,False,True,en,0,-12.3876332,130.8505878,Lakota Morris,,en,False,ChIJ21chpRGTwCwRr0KiBDczCqc,810,,a year ago,2024-06-29T01:52:11.341Z,,,,ChdDSUhNMG9nS0VJQ0FnSURMLWEyRjZRRRAB,,,,,,,,,,,,,Google,https://www.google.com/maps/reviews/data=!4m8!14m7!1m6!2m5!1sChdDSUhNMG9nS0VJQ0FnSURMLWEyRjZRRRAB!2m1!1s0x0:0xa70a333704a242af!3m1!1s2@1:CIHM0ogKEICAgIDL-a2F6QE%7C%7C?hl=en,102073821263806394548,15,https://lh3.googleusercontent.com/a-/ALV-UjU0De_X4nqQCTBOvWGW077D1jixca3Sc-MxONKpZeillHe4DBeH=s1920-c-rp-mo-ba3-br100,https://www.google.com/maps/contrib/102073821263806394548?hl=en,750,2025-09-22T03:43:57.206Z,"Direct Detail URL: https://www.google.com/maps/place/Nightcliff+Market/@-12.3876332,130.8480129,17z/data=!3m1!5s0x2cc09311b73dbc79:0x14cfcfeddac80314!4m8!3m7!1s0x2cc09311a52157db:0xa70a333704a242af!8m2!3d-12.3876332!4d130.8505878!9m1!1b1!16s%2Fg%2F11c0pvbzbf?entry=ttu&g_ep=EgoyMDI1MDkxNy4wIKXMDSoASAFQAw%3D%3D",4,Northern Territory,Pavonia Pl,False,👍,,Nightcliff Market,4.3,,https://www.google.com/maps/search/?api=1&query=Nightcliff%20Market&query_place_id=ChIJ21chpRGTwCwRr0KiBDczCqc,,👍,Neutral
"Pavonia Pl, Nightcliff NT 0810, Australia",Market,Market,12036489265495032495,Nightcliff,AU,0x2cc09311a52157db:0xa70a333704a242af,https://lh3.googleusercontent.com/gps-cs-s/AC9h4nrrmz4dU7J7jQiIERNpQPlBJKC9TPgYYsRrs0JmwimbbMOHc7_tCEqV7X7rL0wYzVXT_pxhh-jwssa4nL_r0h2hr9_5XoTg8T_VkGzTDrd5y7jsYNJZnDG1j9wVUL46xUpFT4FY=w426-h240-k-no,False,True,en,0,-12.3876332,130.8505878,Sarah Graham,,en,False,ChIJ21chpRGTwCwRr0KiBDczCqc,810,,a year ago,2024-06-23T04:41:30.450Z,,,,ChdDSUhNMG9nS0VJQ0FnSUNMeTRhNzFBRRAB,https://lh3.googleusercontent.com/geougc-cs/AB3l90DAITTN_H36mbCMn0oe8aSc-LGAuFDpv0H81PdzaELxNh-f1AobsBP8zegH4AnvV-g00R44RnxSGVtRsIdP81ga_MTg-MEehXRRpcVwy5zrbMll8FX-VaFvwBCQpPNlWPeswqo0,,,,,,,,,,,,Google,https://www.google.com/maps/reviews/data=!4m8!14m7!1m6!2m5!1sChdDSUhNMG9nS0VJQ0FnSUNMeTRhNzFBRRAB!2m1!1s0x0:0xa70a333704a242af!3m1!1s2@1:CIHM0ogKEICAgICLy4a71AE%7C%7C?hl=en,114853320056225170610,26,https://lh3.googleusercontent.com/a-/ALV-UjV5sDwoL8VZ8dpHevrgAKBgazCf4JjcUS9_1ag2Kyl2aZrbON5w=s1920-c-rp-mo-ba3-br100,https://www.google.com/maps/contrib/114853320056225170610?hl=en,750,2025-09-22T03:43:57.206Z,"Direct Detail URL: https://www.google.com/maps/place/Nightcliff+Market/@-12.3876332,130.8480129,17z/data=!3m1!5s0x2cc09311b73dbc79:0x14cfcfeddac80314!4m8!3m7!1s0x2cc09311a52157db:0xa70a333704a242af!8m2!3d-12.3876332!4d130.8505878!9m1!1b1!16s%2Fg%2F11c0pvbzbf?entry=ttu&g_ep=EgoyMDI1MDkxNy4wIKXMDSoASAFQAw%3D%3D",5,Northern Territory,Pavonia Pl,False,The Crab Lady always adds extras..was willing to buy a few items.. and walked away with a box of veggies..,,Nightcliff Market,4.3,,https://www.google.com/maps/search/?api=1&query=Nightcliff%20Market&query_place_id=ChIJ21chpRGTwCwRr0KiBDczCqc,,The Crab Lady always adds extras..was willing to buy a few items.. and walked away with a box of veggies..,Positive
"Pavonia Pl, Nightcliff NT 0810, Australia",Market,Market,12036489265495032495,Nightcliff,AU,0x2cc09311a52157db:0xa70a333704a242af,https://lh3.googleusercontent.com/gps-cs-s/AC9h4nrrmz4dU7J7jQiIERNpQPlBJKC9TPgYYsRrs0JmwimbbMOHc7_tCEqV7X7rL0wYzVXT_pxhh-jwssa4nL_r0h2hr9_5XoTg8T_VkGzTDrd5y7jsYNJZnDG1j9wVUL46xUpFT4FY=w426-h240-k-no,False,True,en,0,-12.3876332,130.8505878,johnny Bełczącki,,en,False,ChIJ21chpRGTwCwRr0KiBDczCqc,810,,a year ago,2024-06-22T00:06:38.690Z,,,,ChZDSUhNMG9nS0VJQ0FnSUNMMVpPc2VREAE,,,,,,,,,,,,,Google,https://www.google.com/maps/reviews/data=!4m8!14m7!1m6!2m5!1sChZDSUhNMG9nS0VJQ0FnSUNMMVpPc2VREAE!2m1!1s0x0:0xa70a333704a242af!3m1!1s2@1:CIHM0ogKEICAgICL1ZOseQ%7C%7C?hl=en,101679339547811225708,99,https://lh3.googleusercontent.com/a-/ALV-UjXB0AecsS5rGXClL_FEfXsKJcqXqTq8FX7OqIubh9PNhZrHVaM=s1920-c-rp-mo-ba4-br100,https://www.google.com/maps/contrib/101679339547811225708?hl=en,750,2025-09-22T03:43:57.206Z,"Direct Detail URL: https://www.google.com/maps/place/Nightcliff+Market/@-12.3876332,130.8480129,17z/data=!3m1!5s0x2cc09311b73dbc79:0x14cfcfeddac80314!4m8!3m7!1s0x2cc09311a52157db:0xa70a333704a242af!8m2!3d-12.3876332!4d130.8505878!9m1!1b1!16s%2Fg%2F11c0pvbzbf?entry=ttu&g_ep=EgoyMDI1MDkxNy4wIKXMDSoASAFQAw%3D%3D",3,Northern Territory,Pavonia Pl,False,"Was a bit disappointed , market was quite small, not much merchandise, more of a takeaway food market",,Nightcliff Market,4.3,,https://www.google.com/maps/search/?api=1&query=Nightcliff%20Market&query_place_id=ChIJ21chpRGTwCwRr0KiBDczCqc,,"Was a bit disappointed , market was quite small, not much merchandise, more of a takeaway food market",Negative
"Pavonia Pl, Nightcliff NT 0810, Australia",Market,Market,12036489265495032495,Nightcliff,AU,0x2cc09311a52157db:0xa70a333704a242af,https://lh3.googleusercontent.com/gps-cs-s/AC9h4nrrmz4dU7J7jQiIERNpQPlBJKC9TPgYYsRrs0JmwimbbMOHc7_tCEqV7X7rL0wYzVXT_pxhh-jwssa4nL_r0h2hr9_5XoTg8T_VkGzTDrd5y7jsYNJZnDG1j9wVUL46xUpFT4FY=w426-h240-k-no,False,True,en,0,-12.3876332,130.8505878,Brett Hart,,en,False,ChIJ21chpRGTwCwRr0KiBDczCqc,810,,a year ago,2024-06-21T22:50:53.605Z,,,,ChZDSUhNMG9nS0VJQ0FnSUNMMWRMYVZREAE,,,,,,,,,,,,,Google,https://www.google.com/maps/reviews/data=!4m8!14m7!1m6!2m5!1sChZDSUhNMG9nS0VJQ0FnSUNMMWRMYVZREAE!2m1!1s0x0:0xa70a333704a242af!3m1!1s2@1:CIHM0ogKEICAgICL1dLaVQ%7C%7C?hl=en,117591943293761906321,62,https://lh3.googleusercontent.com/a-/ALV-UjX7dd4LFOXN-y-OzTaCJcEhr_Q91J8ONKWP0Te3TarNJ_XNuAqp=s1920-c-rp-mo-ba3-br100,https://www.google.com/maps/contrib/117591943293761906321?hl=en,750,2025-09-22T03:43:57.206Z,"Direct Detail URL: https://www.google.com/maps/place/Nightcliff+Market/@-12.3876332,130.8480129,17z/data=!3m1!5s0x2cc09311b73dbc79:0x14cfcfeddac80314!4m8!3m7!1s0x2cc09311a52157db:0xa70a333704a242af!8m2!3d-12.3876332!4d130.8505878!9m1!1b1!16s%2Fg%2F11c0pvbzbf?entry=ttu&g_ep=EgoyMDI1MDkxNy4wIKXMDSoASAFQAw%3D%3D",5,Northern Territory,Pavonia Pl,False,Saturday morning 👍💯,,Nightcliff Market,4.3,,https://www.google.com/maps/search/?api=1&query=Nightcliff%20Market&query_place_id=ChIJ21chpRGTwCwRr0KiBDczCqc,,Saturday morning 👍💯,Neutral
"Pavonia Pl, Nightcliff NT 0810, Australia",Market,Market,12036489265495032495,Nightcliff,AU,0x2cc09311a52157db:0xa70a333704a242af,https://lh3.googleusercontent.com/gps-cs-s/AC9h4nrrmz4dU7J7jQiIERNpQPlBJKC9TPgYYsRrs0JmwimbbMOHc7_tCEqV7X7rL0wYzVXT_pxhh-jwssa4nL_r0h2hr9_5XoTg8T_VkGzTDrd5y7jsYNJZnDG1j9wVUL46xUpFT4FY=w426-h240-k-no,False,False,en,0,-12.3876332,130.8505878,MKS Spices'n Things,,,False,ChIJ21chpRGTwCwRr0KiBDczCqc,810,,a year ago,2024-05-23T07:26:14.149Z,,,,ChdDSUhNMG9nS0VJQ0FnSURUN04tejRBRRAB,,,,,,,,,,,,,Google,https://www.google.com/maps/reviews/data=!4m8!14m7!1m6!2m5!1sChdDSUhNMG9nS0VJQ0FnSURUN04tejRBRRAB!2m1!1s0x0:0xa70a333704a242af!3m1!1s2@1:CIHM0ogKEICAgIDT7N-z4AE%7C%7C?hl=en,118041767924409682227,0,https://lh3.googleusercontent.com/a-/ALV-UjVRYfU3e_XTQ6jv8zbRq7ZDSj-hQoknGEgs0RoULuthkzD5JoQ=s1920-c-rp-mo-br100,https://www.google.com/maps/contrib/118041767924409682227?hl=en,750,2025-09-22T03:43:57.206Z,"Direct Detail URL: https://www.google.com/maps/place/Nightcliff+Market/@-12.3876332,130.8480129,17z/data=!3m1!5s0x2cc09311b73dbc79:0x14cfcfeddac80314!4m8!3m7!1s0x2cc09311a52157db:0xa70a333704a242af!8m2!3d-12.3876332!4d130.8505878!9m1!1b1!16s%2Fg%2F11c0pvbzbf?entry=ttu&g_ep=EgoyMDI1MDkxNy4wIKXMDSoASAFQAw%3D%3D",4,Northern Territory,Pavonia Pl,False,,,Nightcliff Market,4.3,,https://www.google.com/maps/search/?api=1&query=Nightcliff%20Market&query_place_id=ChIJ21chpRGTwCwRr0KiBDczCqc,,,Positive
"Pavonia Pl, Nightcliff NT 0810, Australia",Market,Market,12036489265495032495,Nightcliff,AU,0x2cc09311a52157db:0xa70a333704a242af,https://lh3.googleusercontent.com/gps-cs-s/AC9h4nrrmz4dU7J7jQiIERNpQPlBJKC9TPgYYsRrs0JmwimbbMOHc7_tCEqV7X7rL0wYzVXT_pxhh-jwssa4nL_r0h2hr9_5XoTg8T_VkGzTDrd5y7jsYNJZnDG1j9wVUL46xUpFT4FY=w426-h240-k-no,False,True,en,0,-12.3876332,130.8505878,Lu’o’ng R,,en,False,ChIJ21chpRGTwCwRr0KiBDczCqc,810,,a year ago,2024-05-19T05:10:24.260Z,,,,ChdDSUhNMG9nS0VJQ0FnSUNUaTYtcDhRRRAB,,,,,,,,,,,,,Google,https://www.google.com/maps/reviews/data=!4m8!14m7!1m6!2m5!1sChdDSUhNMG9nS0VJQ0FnSUNUaTYtcDhRRRAB!2m1!1s0x0:0xa70a333704a242af!3m1!1s2@1:CIHM0ogKEICAgICTi6-p8QE%7C%7C?hl=en,116028337457275705078,323,https://lh3.googleusercontent.com/a/ACg8ocJxAO403F76u0w8JZ8JOAAgp-se6gRZOTjo6VkeRtrFmqt9=s1920-c-rp-mo-ba5-br100,https://www.google.com/maps/contrib/116028337457275705078?hl=en,750,2025-09-22T03:43:57.206Z,"Direct Detail URL: https://www.google.com/maps/place/Nightcliff+Market/@-12.3876332,130.8480129,17z/data=!3m1!5s0x2cc09311b73dbc79:0x14cfcfeddac80314!4m8!3m7!1s0x2cc09311a52157db:0xa70a333704a242af!8m2!3d-12.3876332!4d130.8505878!9m1!1b1!16s%2Fg%2F11c0pvbzbf?entry=ttu&g_ep=EgoyMDI1MDkxNy4wIKXMDSoASAFQAw%3D%3D",1,Northern Territory,Pavonia Pl,False,Nothing special. Everything is overpriced. This is a place for tourists.,,Nightcliff Market,4.3,,https://www.google.com/maps/search/?api=1&query=Nightcliff%20Market&query_place_id=ChIJ21chpRGTwCwRr0KiBDczCqc,,Nothing special. Everything is overpriced. This is a place for tourists.,Positive
"Pavonia Pl, Nightcliff NT 0810, Australia",Market,Market,12036489265495032495,Nightcliff,AU,0x2cc09311a52157db:0xa70a333704a242af,https://lh3.googleusercontent.com/gps-cs-s/AC9h4nrrmz4dU7J7jQiIERNpQPlBJKC9TPgYYsRrs0JmwimbbMOHc7_tCEqV7X7rL0wYzVXT_pxhh-jwssa4nL_r0h2hr9_5XoTg8T_VkGzTDrd5y7jsYNJZnDG1j9wVUL46xUpFT4FY=w426-h240-k-no,False,True,en,0,-12.3876332,130.8505878,Mick Doody,,en,False,ChIJ21chpRGTwCwRr0KiBDczCqc,810,,a year ago,2024-05-01T07:03:12.964Z,,,,ChdDSUhNMG9nS0VJQ0FnSURqa3JiR3FnRRAB,,,,,,,,,,,,,Google,https://www.google.com/maps/reviews/data=!4m8!14m7!1m6!2m5!1sChdDSUhNMG9nS0VJQ0FnSURqa3JiR3FnRRAB!2m1!1s0x0:0xa70a333704a242af!3m1!1s2@1:CIHM0ogKEICAgIDjkrbGqgE%7C%7C?hl=en,113830553172164105040,27,https://lh3.googleusercontent.com/a/ACg8ocLwAs_7t_iKWJerA-tUfKtDAz2ezwp5kJlxomWuW9_3c8J50YI=s1920-c-rp-mo-ba3-br100,https://www.google.com/maps/contrib/113830553172164105040?hl=en,750,2025-09-22T03:43:57.206Z,"Direct Detail URL: https://www.google.com/maps/place/Nightcliff+Market/@-12.3876332,130.8480129,17z/data=!3m1!5s0x2cc09311b73dbc79:0x14cfcfeddac80314!4m8!3m7!1s0x2cc09311a52157db:0xa70a333704a242af!8m2!3d-12.3876332!4d130.8505878!9m1!1b1!16s%2Fg%2F11c0pvbzbf?entry=ttu&g_ep=EgoyMDI1MDkxNy4wIKXMDSoASAFQAw%3D%3D",4,Northern Territory,Pavonia Pl,False,Small but good vendors. From books to food available.,,Nightcliff Market,4.3,,https://www.google.com/maps/search/?api=1&query=Nightcliff%20Market&query_place_id=ChIJ21chpRGTwCwRr0KiBDczCqc,,Small but good vendors. From books to food available.,Positive
"Pavonia Pl, Nightcliff NT 0810, Australia",Market,Market,12036489265495032495,Nightcliff,AU,0x2cc09311a52157db:0xa70a333704a242af,https://lh3.googleusercontent.com/gps-cs-s/AC9h4nrrmz4dU7J7jQiIERNpQPlBJKC9TPgYYsRrs0JmwimbbMOHc7_tCEqV7X7rL0wYzVXT_pxhh-jwssa4nL_r0h2hr9_5XoTg8T_VkGzTDrd5y7jsYNJZnDG1j9wVUL46xUpFT4FY=w426-h240-k-no,False,True,en,0,-12.3876332,130.8505878,Daniel M,,en,False,ChIJ21chpRGTwCwRr0KiBDczCqc,810,,a year ago,2024-04-23T01:06:31.677Z,,,,ChZDSUhNMG9nS0VJQ0FnSUNqc2J2clVBEAE,https://lh3.googleusercontent.com/geougc-cs/AB3l90CIs4vL9s7j7mxsYUdn4W-UU5WHlqjdN6pVHsaInT9NjFRziZNmCAVrsJ1BOkLvw7jdQhrqx5bz5dVIerCjmrqeFQa_Sn2s5LcfH8MZm9fltbpuBX6vwHh8raFLeluGd1oj2M6LdQ,,,,,,,,,,,,Google,https://www.google.com/maps/reviews/data=!4m8!14m7!1m6!2m5!1sChZDSUhNMG9nS0VJQ0FnSUNqc2J2clVBEAE!2m1!1s0x0:0xa70a333704a242af!3m1!1s2@1:CIHM0ogKEICAgICjsbvrUA%7C%7C?hl=en,117272815674856439858,148,https://lh3.googleusercontent.com/a-/ALV-UjWtxJVdmNbF0lxZqCJWTMpwwSLsBLQBI326UoYrYG-JxwkcLtyh9Q=s1920-c-rp-mo-ba5-br100,https://www.google.com/maps/contrib/117272815674856439858?hl=en,750,2025-09-22T03:43:57.206Z,"Direct Detail URL: https://www.google.com/maps/place/Nightcliff+Market/@-12.3876332,130.8480129,17z/data=!3m1!5s0x2cc09311b73dbc79:0x14cfcfeddac80314!4m8!3m7!1s0x2cc09311a52157db:0xa70a333704a242af!8m2!3d-12.3876332!4d130.8505878!9m1!1b1!16s%2Fg%2F11c0pvbzbf?entry=ttu&g_ep=EgoyMDI1MDkxNy4wIKXMDSoASAFQAw%3D%3D",5,Northern Territory,Pavonia Pl,False,"Was a lovely experience. Jade with her healing herbs was of particular delight, a wonderful and insightful conversationalist and very pure soul who made my day and her wares were really great. I would also highly recommend trying the kangaroo tail nachos the lady working the stand there was also a very lovely person and the food was delicious, would highly recommend spending your Sunday morning here after Church.",,Nightcliff Market,4.3,,https://www.google.com/maps/search/?api=1&query=Nightcliff%20Market&query_place_id=ChIJ21chpRGTwCwRr0KiBDczCqc,,"Was a lovely experience. Jade with her healing herbs was of particular delight, a wonderful and insightful conversationalist and very pure soul who made my day and her wares were really great. I would also highly recommend trying the kangaroo tail nachos the lady working the stand there was also a very lovely person and the food was delicious, would highly recommend spending your Sunday morning here after Church.",Positive
"Pavonia Pl, Nightcliff NT 0810, Australia",Market,Market,12036489265495032495,Nightcliff,AU,0x2cc09311a52157db:0xa70a333704a242af,https://lh3.googleusercontent.com/gps-cs-s/AC9h4nrrmz4dU7J7jQiIERNpQPlBJKC9TPgYYsRrs0JmwimbbMOHc7_tCEqV7X7rL0wYzVXT_pxhh-jwssa4nL_r0h2hr9_5XoTg8T_VkGzTDrd5y7jsYNJZnDG1j9wVUL46xUpFT4FY=w426-h240-k-no,False,True,en,0,-12.3876332,130.8505878,Anthony Broomhall,,en,False,ChIJ21chpRGTwCwRr0KiBDczCqc,810,,a year ago,2024-04-18T01:51:38.338Z,,,,ChZDSUhNMG9nS0VJQ0FnSUNqaFBTRldnEAE,,,,,,,,,,,,,Google,https://www.google.com/maps/reviews/data=!4m8!14m7!1m6!2m5!1sChZDSUhNMG9nS0VJQ0FnSUNqaFBTRldnEAE!2m1!1s0x0:0xa70a333704a242af!3m1!1s2@1:CIHM0ogKEICAgICjhPSFWg%7C%7C?hl=en,114502929328720548653,166,https://lh3.googleusercontent.com/a/ACg8ocJYN5WjPSZhJuoy6TOJsVq5m_0rMXvlUe4B3CIsrA-mJZheBQ=s1920-c-rp-mo-ba4-br100,https://www.google.com/maps/contrib/114502929328720548653?hl=en,750,2025-09-22T03:43:57.206Z,"Direct Detail URL: https://www.google.com/maps/place/Nightcliff+Market/@-12.3876332,130.8480129,17z/data=!3m1!5s0x2cc09311b73dbc79:0x14cfcfeddac80314!4m8!3m7!1s0x2cc09311a52157db:0xa70a333704a242af!8m2!3d-12.3876332!4d130.8505878!9m1!1b1!16s%2Fg%2F11c0pvbzbf?entry=ttu&g_ep=EgoyMDI1MDkxNy4wIKXMDSoASAFQAw%3D%3D",5,Northern Territory,Pavonia Pl,False,Great day,,Nightcliff Market,4.3,,https://www.google.com/maps/search/?api=1&query=Nightcliff%20Market&query_place_id=ChIJ21chpRGTwCwRr0KiBDczCqc,,Great day,Positive
"Pavonia Pl, Nightcliff NT 0810, Australia",Market,Market,12036489265495032495,Nightcliff,AU,0x2cc09311a52157db:0xa70a333704a242af,https://lh3.googleusercontent.com/gps-cs-s/AC9h4nrrmz4dU7J7jQiIERNpQPlBJKC9TPgYYsRrs0JmwimbbMOHc7_tCEqV7X7rL0wYzVXT_pxhh-jwssa4nL_r0h2hr9_5XoTg8T_VkGzTDrd5y7jsYNJZnDG1j9wVUL46xUpFT4FY=w426-h240-k-no,False,False,en,0,-12.3876332,130.8505878,Simon Howes,,en,False,ChIJ21chpRGTwCwRr0KiBDczCqc,810,,a year ago,2024-04-05T05:06:51.773Z,,,,ChdDSUhNMG9nS0VJQ0FnSURENk96d2dBRRAB,,,,,,,,,,,,,Google,https://www.google.com/maps/reviews/data=!4m8!14m7!1m6!2m5!1sChdDSUhNMG9nS0VJQ0FnSURENk96d2dBRRAB!2m1!1s0x0:0xa70a333704a242af!3m1!1s2@1:CIHM0ogKEICAgIDD6OzwgAE%7C%7C?hl=en,113582268509837797347,6,https://lh3.googleusercontent.com/a/ACg8ocIttrbQQkIc8UaL32wPxhiyHyik9S5c2NDbspTtOE8VVA_PAA=s1920-c-rp-mo-br100,https://www.google.com/maps/contrib/113582268509837797347?hl=en,750,2025-09-22T03:43:57.206Z,"Direct Detail URL: https://www.google.com/maps/place/Nightcliff+Market/@-12.3876332,130.8480129,17z/data=!3m1!5s0x2cc09311b73dbc79:0x14cfcfeddac80314!4m8!3m7!1s0x2cc09311a52157db:0xa70a333704a242af!8m2!3d-12.3876332!4d130.8505878!9m1!1b1!16s%2Fg%2F11c0pvbzbf?entry=ttu&g_ep=EgoyMDI1MDkxNy4wIKXMDSoASAFQAw%3D%3D",5,Northern Territory,Pavonia Pl,False,Great local products got some northern territory stopitch there a must for visitors to Darwin. Oooh and the food just out of this world and very reasonable prices ❤️,,Nightcliff Market,4.3,,https://www.google.com/maps/search/?api=1&query=Nightcliff%20Market&query_place_id=ChIJ21chpRGTwCwRr0KiBDczCqc,,Great local products got some northern territory stopitch there a must for visitors to Darwin. Oooh and the food just out of this world and very reasonable prices ❤️,Positive
"Pavonia Pl, Nightcliff NT 0810, Australia",Market,Market,12036489265495032495,Nightcliff,AU,0x2cc09311a52157db:0xa70a333704a242af,https://lh3.googleusercontent.com/gps-cs-s/AC9h4nrrmz4dU7J7jQiIERNpQPlBJKC9TPgYYsRrs0JmwimbbMOHc7_tCEqV7X7rL0wYzVXT_pxhh-jwssa4nL_r0h2hr9_5XoTg8T_VkGzTDrd5y7jsYNJZnDG1j9wVUL46xUpFT4FY=w426-h240-k-no,False,True,en,0,-12.3876332,130.8505878,Dii Marsh,,,False,ChIJ21chpRGTwCwRr0KiBDczCqc,810,,a year ago,2024-04-03T16:31:33.066Z,,,,ChZDSUhNMG9nS0VJQ0FnSUNENzV2dldREAE,,,,,,,,,,,,,Google,https://www.google.com/maps/reviews/data=!4m8!14m7!1m6!2m5!1sChZDSUhNMG9nS0VJQ0FnSUNENzV2dldREAE!2m1!1s0x0:0xa70a333704a242af!3m1!1s2@1:CIHM0ogKEICAgICD75vvWQ%7C%7C?hl=en,113436291519283357131,65,https://lh3.googleusercontent.com/a/ACg8ocLu0IAW18ut4Bv7KWt9lD30rKbvcnH7tBxGHghpu6eypsJCpQ=s1920-c-rp-mo-ba4-br100,https://www.google.com/maps/contrib/113436291519283357131?hl=en,750,2025-09-22T03:43:57.206Z,"Direct Detail URL: https://www.google.com/maps/place/Nightcliff+Market/@-12.3876332,130.8480129,17z/data=!3m1!5s0x2cc09311b73dbc79:0x14cfcfeddac80314!4m8!3m7!1s0x2cc09311a52157db:0xa70a333704a242af!8m2!3d-12.3876332!4d130.8505878!9m1!1b1!16s%2Fg%2F11c0pvbzbf?entry=ttu&g_ep=EgoyMDI1MDkxNy4wIKXMDSoASAFQAw%3D%3D",4,Northern Territory,Pavonia Pl,False,,,Nightcliff Market,4.3,,https://www.google.com/maps/search/?api=1&query=Nightcliff%20Market&query_place_id=ChIJ21chpRGTwCwRr0KiBDczCqc,,,Positive
"Pavonia Pl, Nightcliff NT 0810, Australia",Market,Market,12036489265495032495,Nightcliff,AU,0x2cc09311a52157db:0xa70a333704a242af,https://lh3.googleusercontent.com/gps-cs-s/AC9h4nrrmz4dU7J7jQiIERNpQPlBJKC9TPgYYsRrs0JmwimbbMOHc7_tCEqV7X7rL0wYzVXT_pxhh-jwssa4nL_r0h2hr9_5XoTg8T_VkGzTDrd5y7jsYNJZnDG1j9wVUL46xUpFT4FY=w426-h240-k-no,False,True,en,0,-12.3876332,130.8505878,Tamieka Richards,,,False,ChIJ21chpRGTwCwRr0KiBDczCqc,810,,a year ago,2024-03-22T23:57:04.083Z,,,,ChdDSUhNMG9nS0VJQ0FnSUQ5XzRHUWl3RRAB,,,,,,,,,,,,,Google,https://www.google.com/maps/reviews/data=!4m8!14m7!1m6!2m5!1sChdDSUhNMG9nS0VJQ0FnSUQ5XzRHUWl3RRAB!2m1!1s0x0:0xa70a333704a242af!3m1!1s2@1:CIHM0ogKEICAgID9_4GQiwE%7C%7C?hl=en,117298241541875546839,54,https://lh3.googleusercontent.com/a-/ALV-UjVEIwaXRPOlElcLKYnjc0meruH4qt_khLuSRHrapfPz9V8xCsE-=s1920-c-rp-mo-ba5-br100,https://www.google.com/maps/contrib/117298241541875546839?hl=en,750,2025-09-22T03:43:57.206Z,"Direct Detail URL: https://www.google.com/maps/place/Nightcliff+Market/@-12.3876332,130.8480129,17z/data=!3m1!5s0x2cc09311b73dbc79:0x14cfcfeddac80314!4m8!3m7!1s0x2cc09311a52157db:0xa70a333704a242af!8m2!3d-12.3876332!4d130.8505878!9m1!1b1!16s%2Fg%2F11c0pvbzbf?entry=ttu&g_ep=EgoyMDI1MDkxNy4wIKXMDSoASAFQAw%3D%3D",5,Northern Territory,Pavonia Pl,False,,,Nightcliff Market,4.3,,https://www.google.com/maps/search/?api=1&query=Nightcliff%20Market&query_place_id=ChIJ21chpRGTwCwRr0KiBDczCqc,,,Positive
"Pavonia Pl, Nightcliff NT 0810, Australia",Market,Market,12036489265495032495,Nightcliff,AU,0x2cc09311a52157db:0xa70a333704a242af,https://lh3.googleusercontent.com/gps-cs-s/AC9h4nrrmz4dU7J7jQiIERNpQPlBJKC9TPgYYsRrs0JmwimbbMOHc7_tCEqV7X7rL0wYzVXT_pxhh-jwssa4nL_r0h2hr9_5XoTg8T_VkGzTDrd5y7jsYNJZnDG1j9wVUL46xUpFT4FY=w426-h240-k-no,False,True,en,0,-12.3876332,130.8505878,Diana S,,,False,ChIJ21chpRGTwCwRr0KiBDczCqc,810,,Edited a year ago,2024-03-17T00:44:05.481Z,,,,ChdDSUhNMG9nS0VJQ0FnSURsX1liYTZ3RRAB,,,,,,,,,,,,,Google,https://www.google.com/maps/reviews/data=!4m8!14m7!1m6!2m5!1sChdDSUhNMG9nS0VJQ0FnSURsX1liYTZ3RRAB!2m1!1s0x0:0xa70a333704a242af!3m1!1s2@1:CIHM0ogKEICAgIDl_Yba6wE%7C%7C?hl=en,111835943685788869454,87,https://lh3.googleusercontent.com/a-/ALV-UjWD0bASWQxJ1uBYCfF2y_txROXYksDHn-rt76gCNloei3aAJ-EIlw=s1920-c-rp-mo-ba4-br100,https://www.google.com/maps/contrib/111835943685788869454?hl=en,750,2025-09-22T03:43:57.206Z,"Direct Detail URL: https://www.google.com/maps/place/Nightcliff+Market/@-12.3876332,130.8480129,17z/data=!3m1!5s0x2cc09311b73dbc79:0x14cfcfeddac80314!4m8!3m7!1s0x2cc09311a52157db:0xa70a333704a242af!8m2!3d-12.3876332!4d130.8505878!9m1!1b1!16s%2Fg%2F11c0pvbzbf?entry=ttu&g_ep=EgoyMDI1MDkxNy4wIKXMDSoASAFQAw%3D%3D",5,Northern Territory,Pavonia Pl,False,,,Nightcliff Market,4.3,,https://www.google.com/maps/search/?api=1&query=Nightcliff%20Market&query_place_id=ChIJ21chpRGTwCwRr0KiBDczCqc,,,Positive
"Pavonia Pl, Nightcliff NT 0810, Australia",Market,Market,12036489265495032495,Nightcliff,AU,0x2cc09311a52157db:0xa70a333704a242af,https://lh3.googleusercontent.com/gps-cs-s/AC9h4nrrmz4dU7J7jQiIERNpQPlBJKC9TPgYYsRrs0JmwimbbMOHc7_tCEqV7X7rL0wYzVXT_pxhh-jwssa4nL_r0h2hr9_5XoTg8T_VkGzTDrd5y7jsYNJZnDG1j9wVUL46xUpFT4FY=w426-h240-k-no,False,True,en,0,-12.3876332,130.8505878,kritika soni,,en,False,ChIJ21chpRGTwCwRr0KiBDczCqc,810,,a year ago,2024-03-04T01:48:55.565Z,,,,ChZDSUhNMG9nS0VJQ0FnSUM5N0lQZUVnEAE,,,,,,,,,,,,,Google,https://www.google.com/maps/reviews/data=!4m8!14m7!1m6!2m5!1sChZDSUhNMG9nS0VJQ0FnSUM5N0lQZUVnEAE!2m1!1s0x0:0xa70a333704a242af!3m1!1s2@1:CIHM0ogKEICAgIC97IPeEg%7C%7C?hl=en,103076142309944077148,51,https://lh3.googleusercontent.com/a/ACg8ocJM_GQJpkaq1B5GD4sYOSuqM5YzsmZsiRCqyhH5pKO2Q-2ACg=s1920-c-rp-mo-ba4-br100,https://www.google.com/maps/contrib/103076142309944077148?hl=en,750,2025-09-22T03:43:57.206Z,"Direct Detail URL: https://www.google.com/maps/place/Nightcliff+Market/@-12.3876332,130.8480129,17z/data=!3m1!5s0x2cc09311b73dbc79:0x14cfcfeddac80314!4m8!3m7!1s0x2cc09311a52157db:0xa70a333704a242af!8m2!3d-12.3876332!4d130.8505878!9m1!1b1!16s%2Fg%2F11c0pvbzbf?entry=ttu&g_ep=EgoyMDI1MDkxNy4wIKXMDSoASAFQAw%3D%3D",5,Northern Territory,Pavonia Pl,False,Nice almond croissant and Turkish breads... Coffee is also available nearby with some nice music vibe around..,,Nightcliff Market,4.3,,https://www.google.com/maps/search/?api=1&query=Nightcliff%20Market&query_place_id=ChIJ21chpRGTwCwRr0KiBDczCqc,,Nice almond croissant and Turkish breads... Coffee is also available nearby with some nice music vibe around..,Positive
"Pavonia Pl, Nightcliff NT 0810, Australia",Market,Market,12036489265495032495,Nightcliff,AU,0x2cc09311a52157db:0xa70a333704a242af,https://lh3.googleusercontent.com/gps-cs-s/AC9h4nrrmz4dU7J7jQiIERNpQPlBJKC9TPgYYsRrs0JmwimbbMOHc7_tCEqV7X7rL0wYzVXT_pxhh-jwssa4nL_r0h2hr9_5XoTg8T_VkGzTDrd5y7jsYNJZnDG1j9wVUL46xUpFT4FY=w426-h240-k-no,False,True,en,0,-12.3876332,130.8505878,Cynthia 230,,,False,ChIJ21chpRGTwCwRr0KiBDczCqc,810,,a year ago,2024-03-01T02:01:40.829Z,,,,ChZDSUhNMG9nS0VJQ0FnSUM5cU1fMVlREAE,,,,,,,,,,,,,Google,https://www.google.com/maps/reviews/data=!4m8!14m7!1m6!2m5!1sChZDSUhNMG9nS0VJQ0FnSUM5cU1fMVlREAE!2m1!1s0x0:0xa70a333704a242af!3m1!1s2@1:CIHM0ogKEICAgIC9qM_1YQ%7C%7C?hl=en,112728957034098544484,15,https://lh3.googleusercontent.com/a/ACg8ocIdmHfFVzcYR640JKxk02GwbJ1F5MOT9bouHQ5sEYSamewFtA=s1920-c-rp-mo-ba2-br100,https://www.google.com/maps/contrib/112728957034098544484?hl=en,750,2025-09-22T03:43:57.206Z,"Direct Detail URL: https://www.google.com/maps/place/Nightcliff+Market/@-12.3876332,130.8480129,17z/data=!3m1!5s0x2cc09311b73dbc79:0x14cfcfeddac80314!4m8!3m7!1s0x2cc09311a52157db:0xa70a333704a242af!8m2!3d-12.3876332!4d130.8505878!9m1!1b1!16s%2Fg%2F11c0pvbzbf?entry=ttu&g_ep=EgoyMDI1MDkxNy4wIKXMDSoASAFQAw%3D%3D",5,Northern Territory,Pavonia Pl,False,,,Nightcliff Market,4.3,,https://www.google.com/maps/search/?api=1&query=Nightcliff%20Market&query_place_id=ChIJ21chpRGTwCwRr0KiBDczCqc,,,Positive
"Pavonia Pl, Nightcliff NT 0810, Australia",Market,Market,12036489265495032495,Nightcliff,AU,0x2cc09311a52157db:0xa70a333704a242af,https://lh3.googleusercontent.com/gps-cs-s/AC9h4nrrmz4dU7J7jQiIERNpQPlBJKC9TPgYYsRrs0JmwimbbMOHc7_tCEqV7X7rL0wYzVXT_pxhh-jwssa4nL_r0h2hr9_5XoTg8T_VkGzTDrd5y7jsYNJZnDG1j9wVUL46xUpFT4FY=w426-h240-k-no,False,True,en,0,-12.3876332,130.8505878,David Mitchell,,en,False,ChIJ21chpRGTwCwRr0KiBDczCqc,810,,a year ago,2024-01-21T04:14:22.759Z,,,,ChZDSUhNMG9nS0VJQ0FnSURONHVMbGFREAE,,,,,,,,,,,,,Google,https://www.google.com/maps/reviews/data=!4m8!14m7!1m6!2m5!1sChZDSUhNMG9nS0VJQ0FnSURONHVMbGFREAE!2m1!1s0x0:0xa70a333704a242af!3m1!1s2@1:CIHM0ogKEICAgIDN4uLlaQ%7C%7C?hl=en,105274202885359045588,461,https://lh3.googleusercontent.com/a-/ALV-UjXuTGCtJNBitw1RjksjSBAb_q4FpMJcfST_hrboMQkiFbPHEjrS=s1920-c-rp-mo-ba5-br100,https://www.google.com/maps/contrib/105274202885359045588?hl=en,750,2025-09-22T03:43:57.206Z,"Direct Detail URL: https://www.google.com/maps/place/Nightcliff+Market/@-12.3876332,130.8480129,17z/data=!3m1!5s0x2cc09311b73dbc79:0x14cfcfeddac80314!4m8!3m7!1s0x2cc09311a52157db:0xa70a333704a242af!8m2!3d-12.3876332!4d130.8505878!9m1!1b1!16s%2Fg%2F11c0pvbzbf?entry=ttu&g_ep=EgoyMDI1MDkxNy4wIKXMDSoASAFQAw%3D%3D",3,Northern Territory,Pavonia Pl,False,It's a shopping mall. What more can I say?,,Nightcliff Market,4.3,,https://www.google.com/maps/search/?api=1&query=Nightcliff%20Market&query_place_id=ChIJ21chpRGTwCwRr0KiBDczCqc,,It's a shopping mall. What more can I say?,Positive
"Pavonia Pl, Nightcliff NT 0810, Australia",Market,Market,12036489265495032495,Nightcliff,AU,0x2cc09311a52157db:0xa70a333704a242af,https://lh3.googleusercontent.com/gps-cs-s/AC9h4nrrmz4dU7J7jQiIERNpQPlBJKC9TPgYYsRrs0JmwimbbMOHc7_tCEqV7X7rL0wYzVXT_pxhh-jwssa4nL_r0h2hr9_5XoTg8T_VkGzTDrd5y7jsYNJZnDG1j9wVUL46xUpFT4FY=w426-h240-k-no,False,False,en,0,-12.3876332,130.8505878,Syed Muntasir Ul Hamid,,,False,ChIJ21chpRGTwCwRr0KiBDczCqc,810,,a year ago,2024-01-14T22:12:24.623Z,,,,ChdDSUhNMG9nS0VJQ0FnSUNOM3Jfa2p3RRAB,,,,,,,,,,,,,Google,https://www.google.com/maps/reviews/data=!4m8!14m7!1m6!2m5!1sChdDSUhNMG9nS0VJQ0FnSUNOM3Jfa2p3RRAB!2m1!1s0x0:0xa70a333704a242af!3m1!1s2@1:CIHM0ogKEICAgICN3r_kjwE%7C%7C?hl=en,105951910715783307855,11,https://lh3.googleusercontent.com/a-/ALV-UjWCNcRqJxFpGIOt5fZyIMNj1cf5eZ4y3xioRqdazTfWRduNktPusQ=s1920-c-rp-mo-br100,https://www.google.com/maps/contrib/105951910715783307855?hl=en,750,2025-09-22T03:43:57.206Z,"Direct Detail URL: https://www.google.com/maps/place/Nightcliff+Market/@-12.3876332,130.8480129,17z/data=!3m1!5s0x2cc09311b73dbc79:0x14cfcfeddac80314!4m8!3m7!1s0x2cc09311a52157db:0xa70a333704a242af!8m2!3d-12.3876332!4d130.8505878!9m1!1b1!16s%2Fg%2F11c0pvbzbf?entry=ttu&g_ep=EgoyMDI1MDkxNy4wIKXMDSoASAFQAw%3D%3D",5,Northern Territory,Pavonia Pl,False,,,Nightcliff Market,4.3,,https://www.google.com/maps/search/?api=1&query=Nightcliff%20Market&query_place_id=ChIJ21chpRGTwCwRr0KiBDczCqc,,,Positive
"Pavonia Pl, Nightcliff NT 0810, Australia",Market,Market,12036489265495032495,Nightcliff,AU,0x2cc09311a52157db:0xa70a333704a242af,https://lh3.googleusercontent.com/gps-cs-s/AC9h4nrrmz4dU7J7jQiIERNpQPlBJKC9TPgYYsRrs0JmwimbbMOHc7_tCEqV7X7rL0wYzVXT_pxhh-jwssa4nL_r0h2hr9_5XoTg8T_VkGzTDrd5y7jsYNJZnDG1j9wVUL46xUpFT4FY=w426-h240-k-no,False,True,en,0,-12.3876332,130.8505878,Dave Bastian,,en,False,ChIJ21chpRGTwCwRr0KiBDczCqc,810,,a year ago,2023-11-10T04:50:18.050Z,,,,ChdDSUhNMG9nS0VJQ0FnSURGaTR1RHd3RRAB,,,,,,,,,,,,,Google,https://www.google.com/maps/reviews/data=!4m8!14m7!1m6!2m5!1sChdDSUhNMG9nS0VJQ0FnSURGaTR1RHd3RRAB!2m1!1s0x0:0xa70a333704a242af!3m1!1s2@1:CIHM0ogKEICAgIDFi4uDwwE%7C%7C?hl=en,103955056246603877741,19,https://lh3.googleusercontent.com/a-/ALV-UjWO0-xq5nUY4T9s2dN5D35clQSx3CYTTdAbCSFEeRC0rfO-BoAK0Q=s1920-c-rp-mo-ba2-br100,https://www.google.com/maps/contrib/103955056246603877741?hl=en,750,2025-09-22T03:43:57.206Z,"Direct Detail URL: https://www.google.com/maps/place/Nightcliff+Market/@-12.3876332,130.8480129,17z/data=!3m1!5s0x2cc09311b73dbc79:0x14cfcfeddac80314!4m8!3m7!1s0x2cc09311a52157db:0xa70a333704a242af!8m2!3d-12.3876332!4d130.8505878!9m1!1b1!16s%2Fg%2F11c0pvbzbf?entry=ttu&g_ep=EgoyMDI1MDkxNy4wIKXMDSoASAFQAw%3D%3D",5,Northern Territory,Pavonia Pl,False,"Busy at lunchtime on a friday, a little noisy but food and customer service excellent as usual.",,Nightcliff Market,4.3,,https://www.google.com/maps/search/?api=1&query=Nightcliff%20Market&query_place_id=ChIJ21chpRGTwCwRr0KiBDczCqc,,"Busy at lunchtime on a friday, a little noisy but food and customer service excellent as usual.",Positive
"Pavonia Pl, Nightcliff NT 0810, Australia",Market,Market,12036489265495032495,Nightcliff,AU,0x2cc09311a52157db:0xa70a333704a242af,https://lh3.googleusercontent.com/gps-cs-s/AC9h4nrrmz4dU7J7jQiIERNpQPlBJKC9TPgYYsRrs0JmwimbbMOHc7_tCEqV7X7rL0wYzVXT_pxhh-jwssa4nL_r0h2hr9_5XoTg8T_VkGzTDrd5y7jsYNJZnDG1j9wVUL46xUpFT4FY=w426-h240-k-no,False,True,en,0,-12.3876332,130.8505878,Deb Jarvis,,en,False,ChIJ21chpRGTwCwRr0KiBDczCqc,810,,a year ago,2023-11-01T09:52:16.963Z,,,,ChdDSUhNMG9nS0VJQ0FnSUNGbzVEVzhRRRAB,,,,,,,,,,,,,Google,https://www.google.com/maps/reviews/data=!4m8!14m7!1m6!2m5!1sChdDSUhNMG9nS0VJQ0FnSUNGbzVEVzhRRRAB!2m1!1s0x0:0xa70a333704a242af!3m1!1s2@1:CIHM0ogKEICAgICFo5DW8QE%7C%7C?hl=en,109425286442968521554,233,https://lh3.googleusercontent.com/a-/ALV-UjWd5bxFCd0xgO7VYYgMC453vmDvpg4u9y_euYbyHQXUBN19lOKg=s1920-c-rp-mo-ba5-br100,https://www.google.com/maps/contrib/109425286442968521554?hl=en,750,2025-09-22T03:43:57.206Z,"Direct Detail URL: https://www.google.com/maps/place/Nightcliff+Market/@-12.3876332,130.8480129,17z/data=!3m1!5s0x2cc09311b73dbc79:0x14cfcfeddac80314!4m8!3m7!1s0x2cc09311a52157db:0xa70a333704a242af!8m2!3d-12.3876332!4d130.8505878!9m1!1b1!16s%2Fg%2F11c0pvbzbf?entry=ttu&g_ep=EgoyMDI1MDkxNy4wIKXMDSoASAFQAw%3D%3D",4,Northern Territory,Pavonia Pl,False,"Nice,but small market.Stalls from other markets.Has great food.Nice atmosphere.",,Nightcliff Market,4.3,,https://www.google.com/maps/search/?api=1&query=Nightcliff%20Market&query_place_id=ChIJ21chpRGTwCwRr0KiBDczCqc,,"Nice,but small market.Stalls from other markets.Has great food.Nice atmosphere.",Positive
"Pavonia Pl, Nightcliff NT 0810, Australia",Market,Market,12036489265495032495,Nightcliff,AU,0x2cc09311a52157db:0xa70a333704a242af,https://lh3.googleusercontent.com/gps-cs-s/AC9h4nrrmz4dU7J7jQiIERNpQPlBJKC9TPgYYsRrs0JmwimbbMOHc7_tCEqV7X7rL0wYzVXT_pxhh-jwssa4nL_r0h2hr9_5XoTg8T_VkGzTDrd5y7jsYNJZnDG1j9wVUL46xUpFT4FY=w426-h240-k-no,False,True,en,0,-12.3876332,130.8505878,Daniel Reddan,,en,False,ChIJ21chpRGTwCwRr0KiBDczCqc,810,,a year ago,2023-10-31T07:44:33.564Z,,,,ChdDSUhNMG9nS0VJQ0FnSUNGcmZ2bW1nRRAB,,,,,,,,,,,,,Google,https://www.google.com/maps/reviews/data=!4m8!14m7!1m6!2m5!1sChdDSUhNMG9nS0VJQ0FnSUNGcmZ2bW1nRRAB!2m1!1s0x0:0xa70a333704a242af!3m1!1s2@1:CIHM0ogKEICAgICFrfvmmgE%7C%7C?hl=en,115139930754627365546,10,https://lh3.googleusercontent.com/a/ACg8ocK8YsKawPe5aDKjQgV-jnj8tri7QAaMqIsRhkbrouQciMIoLg=s1920-c-rp-mo-ba2-br100,https://www.google.com/maps/contrib/115139930754627365546?hl=en,750,2025-09-22T03:43:57.206Z,"Direct Detail URL: https://www.google.com/maps/place/Nightcliff+Market/@-12.3876332,130.8480129,17z/data=!3m1!5s0x2cc09311b73dbc79:0x14cfcfeddac80314!4m8!3m7!1s0x2cc09311a52157db:0xa70a333704a242af!8m2!3d-12.3876332!4d130.8505878!9m1!1b1!16s%2Fg%2F11c0pvbzbf?entry=ttu&g_ep=EgoyMDI1MDkxNy4wIKXMDSoASAFQAw%3D%3D",5,Northern Territory,Pavonia Pl,False,"Ordered takeaway from one of the many food trucks then watched the sunset on the beach.
Once the sun went down we did some night shopping that the stalls, lots of quality items on show.. a great market! Wish you could bring your dog.",,Nightcliff Market,4.3,,https://www.google.com/maps/search/?api=1&query=Nightcliff%20Market&query_place_id=ChIJ21chpRGTwCwRr0KiBDczCqc,,"Ordered takeaway from one of the many food trucks then watched the sunset on the beach.
Once the sun went down we did some night shopping that the stalls, lots of quality items on show.. a great market! Wish you could bring your dog.",Positive
"Pavonia Pl, Nightcliff NT 0810, Australia",Market,Market,12036489265495032495,Nightcliff,AU,0x2cc09311a52157db:0xa70a333704a242af,https://lh3.googleusercontent.com/gps-cs-s/AC9h4nrrmz4dU7J7jQiIERNpQPlBJKC9TPgYYsRrs0JmwimbbMOHc7_tCEqV7X7rL0wYzVXT_pxhh-jwssa4nL_r0h2hr9_5XoTg8T_VkGzTDrd5y7jsYNJZnDG1j9wVUL46xUpFT4FY=w426-h240-k-no,False,True,en,0,-12.3876332,130.8505878,Keith Hudson,,en,False,ChIJ21chpRGTwCwRr0KiBDczCqc,810,,a year ago,2023-10-29T01:10:49.178Z,,,,ChZDSUhNMG9nS0VJQ0FnSUNGNmZDSFZ3EAE,,,,,,,,,,,,,Google,https://www.google.com/maps/reviews/data=!4m8!14m7!1m6!2m5!1sChZDSUhNMG9nS0VJQ0FnSUNGNmZDSFZ3EAE!2m1!1s0x0:0xa70a333704a242af!3m1!1s2@1:CIHM0ogKEICAgICF6fCHVw%7C%7C?hl=en,102994572523125660324,22,https://lh3.googleusercontent.com/a/ACg8ocJUkuS2WfdP2ssxTR0hzUD64B0-HKwYRCrMV0NVE3A4usSt-w=s1920-c-rp-mo-ba2-br100,https://www.google.com/maps/contrib/102994572523125660324?hl=en,750,2025-09-22T03:43:57.206Z,"Direct Detail URL: https://www.google.com/maps/place/Nightcliff+Market/@-12.3876332,130.8480129,17z/data=!3m1!5s0x2cc09311b73dbc79:0x14cfcfeddac80314!4m8!3m7!1s0x2cc09311a52157db:0xa70a333704a242af!8m2!3d-12.3876332!4d130.8505878!9m1!1b1!16s%2Fg%2F11c0pvbzbf?entry=ttu&g_ep=EgoyMDI1MDkxNy4wIKXMDSoASAFQAw%3D%3D",5,Northern Territory,Pavonia Pl,False,Great Darwin atmosphere and food. Crepes and satay for breakfast.,,Nightcliff Market,4.3,,https://www.google.com/maps/search/?api=1&query=Nightcliff%20Market&query_place_id=ChIJ21chpRGTwCwRr0KiBDczCqc,,Great Darwin atmosphere and food. Crepes and satay for breakfast.,Positive
"Pavonia Pl, Nightcliff NT 0810, Australia",Market,Market,12036489265495032495,Nightcliff,AU,0x2cc09311a52157db:0xa70a333704a242af,https://lh3.googleusercontent.com/gps-cs-s/AC9h4nrrmz4dU7J7jQiIERNpQPlBJKC9TPgYYsRrs0JmwimbbMOHc7_tCEqV7X7rL0wYzVXT_pxhh-jwssa4nL_r0h2hr9_5XoTg8T_VkGzTDrd5y7jsYNJZnDG1j9wVUL46xUpFT4FY=w426-h240-k-no,False,True,en,0,-12.3876332,130.8505878,Flo Morcom,,en,False,ChIJ21chpRGTwCwRr0KiBDczCqc,810,,a year ago,2023-10-26T23:27:25.167Z,,,,ChdDSUhNMG9nS0VJQ0FnSUQ1MmF1UHF3RRAB,,,,,,,,,,,,,Google,https://www.google.com/maps/reviews/data=!4m8!14m7!1m6!2m5!1sChdDSUhNMG9nS0VJQ0FnSUQ1MmF1UHF3RRAB!2m1!1s0x0:0xa70a333704a242af!3m1!1s2@1:CIHM0ogKEICAgID52auPqwE%7C%7C?hl=en,108603640448956412832,209,https://lh3.googleusercontent.com/a/ACg8ocIaz91jf6iPi3gg0OkQ-DF8cW8yEavY7bYKwnIiil9t5RGGWQ=s1920-c-rp-mo-ba5-br100,https://www.google.com/maps/contrib/108603640448956412832?hl=en,750,2025-09-22T03:43:57.206Z,"Direct Detail URL: https://www.google.com/maps/place/Nightcliff+Market/@-12.3876332,130.8480129,17z/data=!3m1!5s0x2cc09311b73dbc79:0x14cfcfeddac80314!4m8!3m7!1s0x2cc09311a52157db:0xa70a333704a242af!8m2!3d-12.3876332!4d130.8505878!9m1!1b1!16s%2Fg%2F11c0pvbzbf?entry=ttu&g_ep=EgoyMDI1MDkxNy4wIKXMDSoASAFQAw%3D%3D",4,Northern Territory,Pavonia Pl,False,"Great stuff at the market, but it was so hot, sweating like a pig.",,Nightcliff Market,4.3,,https://www.google.com/maps/search/?api=1&query=Nightcliff%20Market&query_place_id=ChIJ21chpRGTwCwRr0KiBDczCqc,,"Great stuff at the market, but it was so hot, sweating like a pig.",Positive
"Pavonia Pl, Nightcliff NT 0810, Australia",Market,Market,12036489265495032495,Nightcliff,AU,0x2cc09311a52157db:0xa70a333704a242af,https://lh3.googleusercontent.com/gps-cs-s/AC9h4nrrmz4dU7J7jQiIERNpQPlBJKC9TPgYYsRrs0JmwimbbMOHc7_tCEqV7X7rL0wYzVXT_pxhh-jwssa4nL_r0h2hr9_5XoTg8T_VkGzTDrd5y7jsYNJZnDG1j9wVUL46xUpFT4FY=w426-h240-k-no,False,False,en,0,-12.3876332,130.8505878,Annette Pietrala,,en,False,ChIJ21chpRGTwCwRr0KiBDczCqc,810,,a year ago,2023-10-17T22:40:54.977Z,,,,ChZDSUhNMG9nS0VJQ0FnSUM1OTVlZ0tBEAE,,,,,,,,,,,,,Google,https://www.google.com/maps/reviews/data=!4m8!14m7!1m6!2m5!1sChZDSUhNMG9nS0VJQ0FnSUM1OTVlZ0tBEAE!2m1!1s0x0:0xa70a333704a242af!3m1!1s2@1:CIHM0ogKEICAgIC595egKA%7C%7C?hl=en,106183004015165943540,33,https://lh3.googleusercontent.com/a-/ALV-UjV0QwZWkcbkaCVTIQZwmrqGS6SSwl3gHqFN-nCNndFjn1skcBi8=s1920-c-rp-mo-br100,https://www.google.com/maps/contrib/106183004015165943540?hl=en,750,2025-09-22T03:43:57.206Z,"Direct Detail URL: https://www.google.com/maps/place/Nightcliff+Market/@-12.3876332,130.8480129,17z/data=!3m1!5s0x2cc09311b73dbc79:0x14cfcfeddac80314!4m8!3m7!1s0x2cc09311a52157db:0xa70a333704a242af!8m2!3d-12.3876332!4d130.8505878!9m1!1b1!16s%2Fg%2F11c0pvbzbf?entry=ttu&g_ep=EgoyMDI1MDkxNy4wIKXMDSoASAFQAw%3D%3D",3,Northern Territory,Pavonia Pl,False,Very expensive stalls the fresh food stalls were reasonably priced,,Nightcliff Market,4.3,,https://www.google.com/maps/search/?api=1&query=Nightcliff%20Market&query_place_id=ChIJ21chpRGTwCwRr0KiBDczCqc,,Very expensive stalls the fresh food stalls were reasonably priced,Negative
"Pavonia Pl, Nightcliff NT 0810, Australia",Market,Market,12036489265495032495,Nightcliff,AU,0x2cc09311a52157db:0xa70a333704a242af,https://lh3.googleusercontent.com/gps-cs-s/AC9h4nrrmz4dU7J7jQiIERNpQPlBJKC9TPgYYsRrs0JmwimbbMOHc7_tCEqV7X7rL0wYzVXT_pxhh-jwssa4nL_r0h2hr9_5XoTg8T_VkGzTDrd5y7jsYNJZnDG1j9wVUL46xUpFT4FY=w426-h240-k-no,False,True,en,0,-12.3876332,130.8505878,Rainer Winkler,,en,False,ChIJ21chpRGTwCwRr0KiBDczCqc,810,,a year ago,2023-09-24T14:30:27.361Z,,,,ChZDSUhNMG9nS0VJQ0FnSURaeElLLUJ3EAE,,,,,,,,,,,,,Google,https://www.google.com/maps/reviews/data=!4m8!14m7!1m6!2m5!1sChZDSUhNMG9nS0VJQ0FnSURaeElLLUJ3EAE!2m1!1s0x0:0xa70a333704a242af!3m1!1s2@1:CIHM0ogKEICAgIDZxIK-Bw%7C%7C?hl=en,116451065674562732365,423,https://lh3.googleusercontent.com/a/ACg8ocKLeLUueBm9JKrxy9cyFUuo7Wgemv84ywHYn9qR_T8rD-PNnQ=s1920-c-rp-mo-ba5-br100,https://www.google.com/maps/contrib/116451065674562732365?hl=en,750,2025-09-22T03:43:57.206Z,"Direct Detail URL: https://www.google.com/maps/place/Nightcliff+Market/@-12.3876332,130.8480129,17z/data=!3m1!5s0x2cc09311b73dbc79:0x14cfcfeddac80314!4m8!3m7!1s0x2cc09311a52157db:0xa70a333704a242af!8m2!3d-12.3876332!4d130.8505878!9m1!1b1!16s%2Fg%2F11c0pvbzbf?entry=ttu&g_ep=EgoyMDI1MDkxNy4wIKXMDSoASAFQAw%3D%3D",4,Northern Territory,Pavonia Pl,False,Nice little market. Food and some stalls with craft etc. A couple of fruit and veg.,,Nightcliff Market,4.3,,https://www.google.com/maps/search/?api=1&query=Nightcliff%20Market&query_place_id=ChIJ21chpRGTwCwRr0KiBDczCqc,,Nice little market. Food and some stalls with craft etc. A couple of fruit and veg.,Positive
"Pavonia Pl, Nightcliff NT 0810, Australia",Market,Market,12036489265495032495,Nightcliff,AU,0x2cc09311a52157db:0xa70a333704a242af,https://lh3.googleusercontent.com/gps-cs-s/AC9h4nrrmz4dU7J7jQiIERNpQPlBJKC9TPgYYsRrs0JmwimbbMOHc7_tCEqV7X7rL0wYzVXT_pxhh-jwssa4nL_r0h2hr9_5XoTg8T_VkGzTDrd5y7jsYNJZnDG1j9wVUL46xUpFT4FY=w426-h240-k-no,False,True,en,0,-12.3876332,130.8505878,Shashi Regmi,,,False,ChIJ21chpRGTwCwRr0KiBDczCqc,810,,a year ago,2023-09-22T05:48:42.220Z,,,,ChZDSUhNMG9nS0VJQ0FnSURab0xuVmRREAE,,,,,,,,,,,,,Google,https://www.google.com/maps/reviews/data=!4m8!14m7!1m6!2m5!1sChZDSUhNMG9nS0VJQ0FnSURab0xuVmRREAE!2m1!1s0x0:0xa70a333704a242af!3m1!1s2@1:CIHM0ogKEICAgIDZoLnVdQ%7C%7C?hl=en,103056130858893637258,26,https://lh3.googleusercontent.com/a-/ALV-UjWYJ9ULAg4Xi_gpFZxaV7ztsn2hyp9dmvg379QGr0Ql504eSwir=s1920-c-rp-mo-ba3-br100,https://www.google.com/maps/contrib/103056130858893637258?hl=en,750,2025-09-22T03:43:57.206Z,"Direct Detail URL: https://www.google.com/maps/place/Nightcliff+Market/@-12.3876332,130.8480129,17z/data=!3m1!5s0x2cc09311b73dbc79:0x14cfcfeddac80314!4m8!3m7!1s0x2cc09311a52157db:0xa70a333704a242af!8m2!3d-12.3876332!4d130.8505878!9m1!1b1!16s%2Fg%2F11c0pvbzbf?entry=ttu&g_ep=EgoyMDI1MDkxNy4wIKXMDSoASAFQAw%3D%3D",4,Northern Territory,Pavonia Pl,False,,,Nightcliff Market,4.3,,https://www.google.com/maps/search/?api=1&query=Nightcliff%20Market&query_place_id=ChIJ21chpRGTwCwRr0KiBDczCqc,,,Positive
"Pavonia Pl, Nightcliff NT 0810, Australia",Market,Market,12036489265495032495,Nightcliff,AU,0x2cc09311a52157db:0xa70a333704a242af,https://lh3.googleusercontent.com/gps-cs-s/AC9h4nrrmz4dU7J7jQiIERNpQPlBJKC9TPgYYsRrs0JmwimbbMOHc7_tCEqV7X7rL0wYzVXT_pxhh-jwssa4nL_r0h2hr9_5XoTg8T_VkGzTDrd5y7jsYNJZnDG1j9wVUL46xUpFT4FY=w426-h240-k-no,False,True,en,0,-12.3876332,130.8505878,Kerry McArthur,,en,False,ChIJ21chpRGTwCwRr0KiBDczCqc,810,,2 years ago,2023-08-31T13:45:38.229Z,,,,ChdDSUhNMG9nS0VJQ0FnSURwajUzUmlRRRAB,,,,,,,,,,,,,Google,https://www.google.com/maps/reviews/data=!4m8!14m7!1m6!2m5!1sChdDSUhNMG9nS0VJQ0FnSURwajUzUmlRRRAB!2m1!1s0x0:0xa70a333704a242af!3m1!1s2@1:CIHM0ogKEICAgIDpj53RiQE%7C%7C?hl=en,106602147267096079459,218,https://lh3.googleusercontent.com/a/ACg8ocJurLieeTnH6YftwW2NMp2SQTLybHN53A1URq_p_kwBsYr5Vg=s1920-c-rp-mo-ba5-br100,https://www.google.com/maps/contrib/106602147267096079459?hl=en,750,2025-09-22T03:43:57.206Z,"Direct Detail URL: https://www.google.com/maps/place/Nightcliff+Market/@-12.3876332,130.8480129,17z/data=!3m1!5s0x2cc09311b73dbc79:0x14cfcfeddac80314!4m8!3m7!1s0x2cc09311a52157db:0xa70a333704a242af!8m2!3d-12.3876332!4d130.8505878!9m1!1b1!16s%2Fg%2F11c0pvbzbf?entry=ttu&g_ep=EgoyMDI1MDkxNy4wIKXMDSoASAFQAw%3D%3D",4,Northern Territory,Pavonia Pl,False,Nice little market.  Variety of food and other stalls.  Good music.,,Nightcliff Market,4.3,,https://www.google.com/maps/search/?api=1&query=Nightcliff%20Market&query_place_id=ChIJ21chpRGTwCwRr0KiBDczCqc,,Nice little market.  Variety of food and other stalls.  Good music.,Positive
"Pavonia Pl, Nightcliff NT 0810, Australia",Market,Market,12036489265495032495,Nightcliff,AU,0x2cc09311a52157db:0xa70a333704a242af,https://lh3.googleusercontent.com/gps-cs-s/AC9h4nrrmz4dU7J7jQiIERNpQPlBJKC9TPgYYsRrs0JmwimbbMOHc7_tCEqV7X7rL0wYzVXT_pxhh-jwssa4nL_r0h2hr9_5XoTg8T_VkGzTDrd5y7jsYNJZnDG1j9wVUL46xUpFT4FY=w426-h240-k-no,False,False,en,0,-12.3876332,130.8505878,Ben Leonard,,,False,ChIJ21chpRGTwCwRr0KiBDczCqc,810,,2 years ago,2023-08-18T05:13:04.566Z,,,,ChdDSUhNMG9nS0VJQ0FnSURwdk95N3V3RRAB,,,,,,,,,,,,,Google,https://www.google.com/maps/reviews/data=!4m8!14m7!1m6!2m5!1sChdDSUhNMG9nS0VJQ0FnSURwdk95N3V3RRAB!2m1!1s0x0:0xa70a333704a242af!3m1!1s2@1:CIHM0ogKEICAgIDpvOy7uwE%7C%7C?hl=en,112121581580615498293,0,https://lh3.googleusercontent.com/a/ACg8ocLr6WEUzbxz5YMjsUthSL9XfLDHm5gX-X7FrY8sGH4I0Rr1Pw=s1920-c-rp-mo-br100,https://www.google.com/maps/contrib/112121581580615498293?hl=en,750,2025-09-22T03:43:57.206Z,"Direct Detail URL: https://www.google.com/maps/place/Nightcliff+Market/@-12.3876332,130.8480129,17z/data=!3m1!5s0x2cc09311b73dbc79:0x14cfcfeddac80314!4m8!3m7!1s0x2cc09311a52157db:0xa70a333704a242af!8m2!3d-12.3876332!4d130.8505878!9m1!1b1!16s%2Fg%2F11c0pvbzbf?entry=ttu&g_ep=EgoyMDI1MDkxNy4wIKXMDSoASAFQAw%3D%3D",2,Northern Territory,Pavonia Pl,False,,,Nightcliff Market,4.3,,https://www.google.com/maps/search/?api=1&query=Nightcliff%20Market&query_place_id=ChIJ21chpRGTwCwRr0KiBDczCqc,,,Negative
"Pavonia Pl, Nightcliff NT 0810, Australia",Market,Market,12036489265495032495,Nightcliff,AU,0x2cc09311a52157db:0xa70a333704a242af,https://lh3.googleusercontent.com/gps-cs-s/AC9h4nrrmz4dU7J7jQiIERNpQPlBJKC9TPgYYsRrs0JmwimbbMOHc7_tCEqV7X7rL0wYzVXT_pxhh-jwssa4nL_r0h2hr9_5XoTg8T_VkGzTDrd5y7jsYNJZnDG1j9wVUL46xUpFT4FY=w426-h240-k-no,False,True,en,0,-12.3876332,130.8505878,Peter Scott,,,False,ChIJ21chpRGTwCwRr0KiBDczCqc,810,,2 years ago,2023-08-16T22:21:39.994Z,,,,ChdDSUhNMG9nS0VJQ0FnSURwMU8tVDVBRRAB,,,,,,,,,,,,,Google,https://www.google.com/maps/reviews/data=!4m8!14m7!1m6!2m5!1sChdDSUhNMG9nS0VJQ0FnSURwMU8tVDVBRRAB!2m1!1s0x0:0xa70a333704a242af!3m1!1s2@1:CIHM0ogKEICAgIDp1O-T5AE%7C%7C?hl=en,102267463601593833368,85,https://lh3.googleusercontent.com/a/ACg8ocK1EGBYksY1TXtgJIOly22AyyG70nRApyry6NlJVil7hXqnGQ=s1920-c-rp-mo-ba4-br100,https://www.google.com/maps/contrib/102267463601593833368?hl=en,750,2025-09-22T03:43:57.206Z,"Direct Detail URL: https://www.google.com/maps/place/Nightcliff+Market/@-12.3876332,130.8480129,17z/data=!3m1!5s0x2cc09311b73dbc79:0x14cfcfeddac80314!4m8!3m7!1s0x2cc09311a52157db:0xa70a333704a242af!8m2!3d-12.3876332!4d130.8505878!9m1!1b1!16s%2Fg%2F11c0pvbzbf?entry=ttu&g_ep=EgoyMDI1MDkxNy4wIKXMDSoASAFQAw%3D%3D",3,Northern Territory,Pavonia Pl,False,,,Nightcliff Market,4.3,,https://www.google.com/maps/search/?api=1&query=Nightcliff%20Market&query_place_id=ChIJ21chpRGTwCwRr0KiBDczCqc,,,Neutral
"Pavonia Pl, Nightcliff NT 0810, Australia",Market,Market,12036489265495032495,Nightcliff,AU,0x2cc09311a52157db:0xa70a333704a242af,https://lh3.googleusercontent.com/gps-cs-s/AC9h4nrrmz4dU7J7jQiIERNpQPlBJKC9TPgYYsRrs0JmwimbbMOHc7_tCEqV7X7rL0wYzVXT_pxhh-jwssa4nL_r0h2hr9_5XoTg8T_VkGzTDrd5y7jsYNJZnDG1j9wVUL46xUpFT4FY=w426-h240-k-no,False,False,en,0,-12.3876332,130.8505878,A G Eleftheriou,,,False,ChIJ21chpRGTwCwRr0KiBDczCqc,810,,2 years ago,2023-08-07T10:56:12.357Z,,,,ChdDSUhNMG9nS0VJQ0FnSUNwcGMyMWxnRRAB,,,,,,,,,,,,,Google,https://www.google.com/maps/reviews/data=!4m8!14m7!1m6!2m5!1sChdDSUhNMG9nS0VJQ0FnSUNwcGMyMWxnRRAB!2m1!1s0x0:0xa70a333704a242af!3m1!1s2@1:CIHM0ogKEICAgICppc21lgE%7C%7C?hl=en,100219338020841635942,3,https://lh3.googleusercontent.com/a-/ALV-UjUu_TaY9VdqQHRsCoFSY0HQcP8pOUFNh0n9quCWPvMygvGOVWjBtg=s1920-c-rp-mo-br100,https://www.google.com/maps/contrib/100219338020841635942?hl=en,750,2025-09-22T03:43:57.206Z,"Direct Detail URL: https://www.google.com/maps/place/Nightcliff+Market/@-12.3876332,130.8480129,17z/data=!3m1!5s0x2cc09311b73dbc79:0x14cfcfeddac80314!4m8!3m7!1s0x2cc09311a52157db:0xa70a333704a242af!8m2!3d-12.3876332!4d130.8505878!9m1!1b1!16s%2Fg%2F11c0pvbzbf?entry=ttu&g_ep=EgoyMDI1MDkxNy4wIKXMDSoASAFQAw%3D%3D",4,Northern Territory,Pavonia Pl,False,,,Nightcliff Market,4.3,,https://www.google.com/maps/search/?api=1&query=Nightcliff%20Market&query_place_id=ChIJ21chpRGTwCwRr0KiBDczCqc,,,Positive
"Pavonia Pl, Nightcliff NT 0810, Australia",Market,Market,12036489265495032495,Nightcliff,AU,0x2cc09311a52157db:0xa70a333704a242af,https://lh3.googleusercontent.com/gps-cs-s/AC9h4nrrmz4dU7J7jQiIERNpQPlBJKC9TPgYYsRrs0JmwimbbMOHc7_tCEqV7X7rL0wYzVXT_pxhh-jwssa4nL_r0h2hr9_5XoTg8T_VkGzTDrd5y7jsYNJZnDG1j9wVUL46xUpFT4FY=w426-h240-k-no,False,True,en,0,-12.3876332,130.8505878,Thedivinearoma S,,,False,ChIJ21chpRGTwCwRr0KiBDczCqc,810,,2 years ago,2023-08-06T11:32:27.031Z,,,,ChdDSUhNMG9nS0VJQ0FnSUNwNmM2VG1BRRAB,,,,,,,,,,,,,Google,https://www.google.com/maps/reviews/data=!4m8!14m7!1m6!2m5!1sChdDSUhNMG9nS0VJQ0FnSUNwNmM2VG1BRRAB!2m1!1s0x0:0xa70a333704a242af!3m1!1s2@1:CIHM0ogKEICAgICp6c6TmAE%7C%7C?hl=en,115266387809361019207,92,https://lh3.googleusercontent.com/a-/ALV-UjXDZ8R5Ohv8SDZwH5WAS_r9Jsn4RyrfEX2UTrieqg5N4d_mMY5L=s1920-c-rp-mo-ba4-br100,https://www.google.com/maps/contrib/115266387809361019207?hl=en,750,2025-09-22T03:43:57.206Z,"Direct Detail URL: https://www.google.com/maps/place/Nightcliff+Market/@-12.3876332,130.8480129,17z/data=!3m1!5s0x2cc09311b73dbc79:0x14cfcfeddac80314!4m8!3m7!1s0x2cc09311a52157db:0xa70a333704a242af!8m2!3d-12.3876332!4d130.8505878!9m1!1b1!16s%2Fg%2F11c0pvbzbf?entry=ttu&g_ep=EgoyMDI1MDkxNy4wIKXMDSoASAFQAw%3D%3D",5,Northern Territory,Pavonia Pl,False,,,Nightcliff Market,4.3,,https://www.google.com/maps/search/?api=1&query=Nightcliff%20Market&query_place_id=ChIJ21chpRGTwCwRr0KiBDczCqc,,,Positive
"Pavonia Pl, Nightcliff NT 0810, Australia",Market,Market,12036489265495032495,Nightcliff,AU,0x2cc09311a52157db:0xa70a333704a242af,https://lh3.googleusercontent.com/gps-cs-s/AC9h4nrrmz4dU7J7jQiIERNpQPlBJKC9TPgYYsRrs0JmwimbbMOHc7_tCEqV7X7rL0wYzVXT_pxhh-jwssa4nL_r0h2hr9_5XoTg8T_VkGzTDrd5y7jsYNJZnDG1j9wVUL46xUpFT4FY=w426-h240-k-no,False,True,en,0,-12.3876332,130.8505878,bert mclaine,,,False,ChIJ21chpRGTwCwRr0KiBDczCqc,810,,2 years ago,2023-07-30T03:16:30.302Z,,,,ChdDSUhNMG9nS0VJQ0FnSUNwekxidTBnRRAB,,,,,,,,,,,,,Google,https://www.google.com/maps/reviews/data=!4m8!14m7!1m6!2m5!1sChdDSUhNMG9nS0VJQ0FnSUNwekxidTBnRRAB!2m1!1s0x0:0xa70a333704a242af!3m1!1s2@1:CIHM0ogKEICAgICpzLbu0gE%7C%7C?hl=en,113780493664486373026,66,https://lh3.googleusercontent.com/a-/ALV-UjW5g9zfO58ILrcJJNM_WkD1d5IpxmdIVzbraziYv480ln3LDT5l=s1920-c-rp-mo-ba4-br100,https://www.google.com/maps/contrib/113780493664486373026?hl=en,750,2025-09-22T03:43:57.206Z,"Direct Detail URL: https://www.google.com/maps/place/Nightcliff+Market/@-12.3876332,130.8480129,17z/data=!3m1!5s0x2cc09311b73dbc79:0x14cfcfeddac80314!4m8!3m7!1s0x2cc09311a52157db:0xa70a333704a242af!8m2!3d-12.3876332!4d130.8505878!9m1!1b1!16s%2Fg%2F11c0pvbzbf?entry=ttu&g_ep=EgoyMDI1MDkxNy4wIKXMDSoASAFQAw%3D%3D",5,Northern Territory,Pavonia Pl,False,,,Nightcliff Market,4.3,,https://www.google.com/maps/search/?api=1&query=Nightcliff%20Market&query_place_id=ChIJ21chpRGTwCwRr0KiBDczCqc,,,Positive
"Pavonia Pl, Nightcliff NT 0810, Australia",Market,Market,12036489265495032495,Nightcliff,AU,0x2cc09311a52157db:0xa70a333704a242af,https://lh3.googleusercontent.com/gps-cs-s/AC9h4nrrmz4dU7J7jQiIERNpQPlBJKC9TPgYYsRrs0JmwimbbMOHc7_tCEqV7X7rL0wYzVXT_pxhh-jwssa4nL_r0h2hr9_5XoTg8T_VkGzTDrd5y7jsYNJZnDG1j9wVUL46xUpFT4FY=w426-h240-k-no,False,True,en,0,-12.3876332,130.8505878,Kevo,,en,False,ChIJ21chpRGTwCwRr0KiBDczCqc,810,,2 years ago,2023-07-19T10:39:52.627Z,,,,ChdDSUhNMG9nS0VJQ0FnSURKaVo3Mmt3RRAB,,,,,,,,,,,,,Google,https://www.google.com/maps/reviews/data=!4m8!14m7!1m6!2m5!1sChdDSUhNMG9nS0VJQ0FnSURKaVo3Mmt3RRAB!2m1!1s0x0:0xa70a333704a242af!3m1!1s2@1:CIHM0ogKEICAgIDJiZ72kwE%7C%7C?hl=en,106586839885134811430,202,https://lh3.googleusercontent.com/a-/ALV-UjW0n9sX9zcAMqXBkQfzXPP9qLRAlsgwWbgd8bGO-BCN6Z0fgHra=s1920-c-rp-mo-ba4-br100,https://www.google.com/maps/contrib/106586839885134811430?hl=en,750,2025-09-22T03:43:57.206Z,"Direct Detail URL: https://www.google.com/maps/place/Nightcliff+Market/@-12.3876332,130.8480129,17z/data=!3m1!5s0x2cc09311b73dbc79:0x14cfcfeddac80314!4m8!3m7!1s0x2cc09311a52157db:0xa70a333704a242af!8m2!3d-12.3876332!4d130.8505878!9m1!1b1!16s%2Fg%2F11c0pvbzbf?entry=ttu&g_ep=EgoyMDI1MDkxNy4wIKXMDSoASAFQAw%3D%3D",1,Northern Territory,Pavonia Pl,False,No dogs allowed.... very limited on places to go in Darwin.,,Nightcliff Market,4.3,,https://www.google.com/maps/search/?api=1&query=Nightcliff%20Market&query_place_id=ChIJ21chpRGTwCwRr0KiBDczCqc,,No dogs allowed.... very limited on places to go in Darwin.,Negative
"Pavonia Pl, Nightcliff NT 0810, Australia",Market,Market,12036489265495032495,Nightcliff,AU,0x2cc09311a52157db:0xa70a333704a242af,https://lh3.googleusercontent.com/gps-cs-s/AC9h4nrrmz4dU7J7jQiIERNpQPlBJKC9TPgYYsRrs0JmwimbbMOHc7_tCEqV7X7rL0wYzVXT_pxhh-jwssa4nL_r0h2hr9_5XoTg8T_VkGzTDrd5y7jsYNJZnDG1j9wVUL46xUpFT4FY=w426-h240-k-no,False,True,en,0,-12.3876332,130.8505878,Michelle Connolly,,,False,ChIJ21chpRGTwCwRr0KiBDczCqc,810,,2 years ago,2023-07-18T00:28:04.252Z,,,,ChZDSUhNMG9nS0VJQ0FnSURKX3RDY0dnEAE,,,,,,,,,,,,,Google,https://www.google.com/maps/reviews/data=!4m8!14m7!1m6!2m5!1sChZDSUhNMG9nS0VJQ0FnSURKX3RDY0dnEAE!2m1!1s0x0:0xa70a333704a242af!3m1!1s2@1:CIHM0ogKEICAgIDJ_tCcGg%7C%7C?hl=en,110368233252594700275,0,https://lh3.googleusercontent.com/a-/ALV-UjUgpNdImvUg8tPVPGR2JVJGWkkBUopJVKR1ivJFhfs4HIwc07JuDg=s1920-c-rp-mo-ba4-br100,https://www.google.com/maps/contrib/110368233252594700275?hl=en,750,2025-09-22T03:43:57.206Z,"Direct Detail URL: https://www.google.com/maps/place/Nightcliff+Market/@-12.3876332,130.8480129,17z/data=!3m1!5s0x2cc09311b73dbc79:0x14cfcfeddac80314!4m8!3m7!1s0x2cc09311a52157db:0xa70a333704a242af!8m2!3d-12.3876332!4d130.8505878!9m1!1b1!16s%2Fg%2F11c0pvbzbf?entry=ttu&g_ep=EgoyMDI1MDkxNy4wIKXMDSoASAFQAw%3D%3D",4,Northern Territory,Pavonia Pl,False,,,Nightcliff Market,4.3,,https://www.google.com/maps/search/?api=1&query=Nightcliff%20Market&query_place_id=ChIJ21chpRGTwCwRr0KiBDczCqc,,,Positive
"Pavonia Pl, Nightcliff NT 0810, Australia",Market,Market,12036489265495032495,Nightcliff,AU,0x2cc09311a52157db:0xa70a333704a242af,https://lh3.googleusercontent.com/gps-cs-s/AC9h4nrrmz4dU7J7jQiIERNpQPlBJKC9TPgYYsRrs0JmwimbbMOHc7_tCEqV7X7rL0wYzVXT_pxhh-jwssa4nL_r0h2hr9_5XoTg8T_VkGzTDrd5y7jsYNJZnDG1j9wVUL46xUpFT4FY=w426-h240-k-no,False,False,en,0,-12.3876332,130.8505878,John Horton,,en,False,ChIJ21chpRGTwCwRr0KiBDczCqc,810,,2 years ago,2023-07-16T23:38:18.035Z,,,,ChZDSUhNMG9nS0VJQ0FnSURKanBEeUVnEAE,,,,,,,,,,,,,Google,https://www.google.com/maps/reviews/data=!4m8!14m7!1m6!2m5!1sChZDSUhNMG9nS0VJQ0FnSURKanBEeUVnEAE!2m1!1s0x0:0xa70a333704a242af!3m1!1s2@1:CIHM0ogKEICAgIDJjpDyEg%7C%7C?hl=en,113364359049294769063,8,https://lh3.googleusercontent.com/a/ACg8ocLyaiZlGLMnRAx0k_Ed90g6-yx-yWFsBrmNKPACCdbkJBBbsg=s1920-c-rp-mo-br100,https://www.google.com/maps/contrib/113364359049294769063?hl=en,750,2025-09-22T03:43:57.206Z,"Direct Detail URL: https://www.google.com/maps/place/Nightcliff+Market/@-12.3876332,130.8480129,17z/data=!3m1!5s0x2cc09311b73dbc79:0x14cfcfeddac80314!4m8!3m7!1s0x2cc09311a52157db:0xa70a333704a242af!8m2!3d-12.3876332!4d130.8505878!9m1!1b1!16s%2Fg%2F11c0pvbzbf?entry=ttu&g_ep=EgoyMDI1MDkxNy4wIKXMDSoASAFQAw%3D%3D",2,Northern Territory,Pavonia Pl,False,Small with everyone flogging the same overpriced rubbish.,,Nightcliff Market,4.3,,https://www.google.com/maps/search/?api=1&query=Nightcliff%20Market&query_place_id=ChIJ21chpRGTwCwRr0KiBDczCqc,,Small with everyone flogging the same overpriced rubbish.,Negative
"Pavonia Pl, Nightcliff NT 0810, Australia",Market,Market,12036489265495032495,Nightcliff,AU,0x2cc09311a52157db:0xa70a333704a242af,https://lh3.googleusercontent.com/gps-cs-s/AC9h4nrrmz4dU7J7jQiIERNpQPlBJKC9TPgYYsRrs0JmwimbbMOHc7_tCEqV7X7rL0wYzVXT_pxhh-jwssa4nL_r0h2hr9_5XoTg8T_VkGzTDrd5y7jsYNJZnDG1j9wVUL46xUpFT4FY=w426-h240-k-no,False,True,en,0,-12.3876332,130.8505878,Deborah Crompton,,en,False,ChIJ21chpRGTwCwRr0KiBDczCqc,810,,2 years ago,2023-07-16T06:43:50.575Z,,,,ChdDSUhNMG9nS0VJQ0FnSURKNXFLaGx3RRAB,,,,,,,,,,,,,Google,https://www.google.com/maps/reviews/data=!4m8!14m7!1m6!2m5!1sChdDSUhNMG9nS0VJQ0FnSURKNXFLaGx3RRAB!2m1!1s0x0:0xa70a333704a242af!3m1!1s2@1:CIHM0ogKEICAgIDJ5qKhlwE%7C%7C?hl=en,100212504249557769463,215,https://lh3.googleusercontent.com/a/ACg8ocKuCUyGEIbUbj4Fm6y4DkBu8iGg9DglYOPvkE2YoE0_vGTNqA=s1920-c-rp-mo-ba5-br100,https://www.google.com/maps/contrib/100212504249557769463?hl=en,750,2025-09-22T03:43:57.206Z,"Direct Detail URL: https://www.google.com/maps/place/Nightcliff+Market/@-12.3876332,130.8480129,17z/data=!3m1!5s0x2cc09311b73dbc79:0x14cfcfeddac80314!4m8!3m7!1s0x2cc09311a52157db:0xa70a333704a242af!8m2!3d-12.3876332!4d130.8505878!9m1!1b1!16s%2Fg%2F11c0pvbzbf?entry=ttu&g_ep=EgoyMDI1MDkxNy4wIKXMDSoASAFQAw%3D%3D",5,Northern Territory,Pavonia Pl,False,"Great little markets with lots of street food to choose from and a couple of coffee shops too.  Some lovely clothes, crafts and jewellery stalls plus a couple of fresh fruit and veg stalls.  I spent a pleasant couple of hours here.",,Nightcliff Market,4.3,,https://www.google.com/maps/search/?api=1&query=Nightcliff%20Market&query_place_id=ChIJ21chpRGTwCwRr0KiBDczCqc,,"Great little markets with lots of street food to choose from and a couple of coffee shops too.  Some lovely clothes, crafts and jewellery stalls plus a couple of fresh fruit and veg stalls.  I spent a pleasant couple of hours here.",Positive
"Pavonia Pl, Nightcliff NT 0810, Australia",Market,Market,12036489265495032495,Nightcliff,AU,0x2cc09311a52157db:0xa70a333704a242af,https://lh3.googleusercontent.com/gps-cs-s/AC9h4nrrmz4dU7J7jQiIERNpQPlBJKC9TPgYYsRrs0JmwimbbMOHc7_tCEqV7X7rL0wYzVXT_pxhh-jwssa4nL_r0h2hr9_5XoTg8T_VkGzTDrd5y7jsYNJZnDG1j9wVUL46xUpFT4FY=w426-h240-k-no,False,False,en,0,-12.3876332,130.8505878,Jules Reid-Roe,,,False,ChIJ21chpRGTwCwRr0KiBDczCqc,810,,2 years ago,2023-07-14T02:43:42.019Z,,,,ChZDSUhNMG9nS0VJQ0FnSURKMHViNWJREAE,,,,,,,,,,,,,Google,https://www.google.com/maps/reviews/data=!4m8!14m7!1m6!2m5!1sChZDSUhNMG9nS0VJQ0FnSURKMHViNWJREAE!2m1!1s0x0:0xa70a333704a242af!3m1!1s2@1:CIHM0ogKEICAgIDJ0ub5bQ%7C%7C?hl=en,103542311309090392412,2,https://lh3.googleusercontent.com/a/ACg8ocIdIvx0MsJ-Q-BoZVIl2bXsyEkjQ-s5rz6soeKissvWP-Df16U=s1920-c-rp-mo-br100,https://www.google.com/maps/contrib/103542311309090392412?hl=en,750,2025-09-22T03:43:57.206Z,"Direct Detail URL: https://www.google.com/maps/place/Nightcliff+Market/@-12.3876332,130.8480129,17z/data=!3m1!5s0x2cc09311b73dbc79:0x14cfcfeddac80314!4m8!3m7!1s0x2cc09311a52157db:0xa70a333704a242af!8m2!3d-12.3876332!4d130.8505878!9m1!1b1!16s%2Fg%2F11c0pvbzbf?entry=ttu&g_ep=EgoyMDI1MDkxNy4wIKXMDSoASAFQAw%3D%3D",5,Northern Territory,Pavonia Pl,False,,,Nightcliff Market,4.3,,https://www.google.com/maps/search/?api=1&query=Nightcliff%20Market&query_place_id=ChIJ21chpRGTwCwRr0KiBDczCqc,,,Positive
"Pavonia Pl, Nightcliff NT 0810, Australia",Market,Market,12036489265495032495,Nightcliff,AU,0x2cc09311a52157db:0xa70a333704a242af,https://lh3.googleusercontent.com/gps-cs-s/AC9h4nrrmz4dU7J7jQiIERNpQPlBJKC9TPgYYsRrs0JmwimbbMOHc7_tCEqV7X7rL0wYzVXT_pxhh-jwssa4nL_r0h2hr9_5XoTg8T_VkGzTDrd5y7jsYNJZnDG1j9wVUL46xUpFT4FY=w426-h240-k-no,False,True,en,0,-12.3876332,130.8505878,George DrChip,,en,False,ChIJ21chpRGTwCwRr0KiBDczCqc,810,,2 years ago,2023-07-10T11:21:30.841Z,,,,ChdDSUhNMG9nS0VJQ0FnSURKbUtlWl9nRRAB,,,,,,,,,,,,,Google,https://www.google.com/maps/reviews/data=!4m8!14m7!1m6!2m5!1sChdDSUhNMG9nS0VJQ0FnSURKbUtlWl9nRRAB!2m1!1s0x0:0xa70a333704a242af!3m1!1s2@1:CIHM0ogKEICAgIDJmKeZ_gE%7C%7C?hl=en,116928916476332132778,1223,https://lh3.googleusercontent.com/a-/ALV-UjViJ74STA-lS1sH5PsfcMQA2fDIY8XAJ348wyJvpeTJMYJXK0s=s1920-c-rp-mo-ba6-br100,https://www.google.com/maps/contrib/116928916476332132778?hl=en,750,2025-09-22T03:43:57.206Z,"Direct Detail URL: https://www.google.com/maps/place/Nightcliff+Market/@-12.3876332,130.8480129,17z/data=!3m1!5s0x2cc09311b73dbc79:0x14cfcfeddac80314!4m8!3m7!1s0x2cc09311a52157db:0xa70a333704a242af!8m2!3d-12.3876332!4d130.8505878!9m1!1b1!16s%2Fg%2F11c0pvbzbf?entry=ttu&g_ep=EgoyMDI1MDkxNy4wIKXMDSoASAFQAw%3D%3D",5,Northern Territory,Pavonia Pl,False,Great,,Nightcliff Market,4.3,,https://www.google.com/maps/search/?api=1&query=Nightcliff%20Market&query_place_id=ChIJ21chpRGTwCwRr0KiBDczCqc,,Great,Positive
"Pavonia Pl, Nightcliff NT 0810, Australia",Market,Market,12036489265495032495,Nightcliff,AU,0x2cc09311a52157db:0xa70a333704a242af,https://lh3.googleusercontent.com/gps-cs-s/AC9h4nrrmz4dU7J7jQiIERNpQPlBJKC9TPgYYsRrs0JmwimbbMOHc7_tCEqV7X7rL0wYzVXT_pxhh-jwssa4nL_r0h2hr9_5XoTg8T_VkGzTDrd5y7jsYNJZnDG1j9wVUL46xUpFT4FY=w426-h240-k-no,False,True,en,0,-12.3876332,130.8505878,Carmel Powell,,en,False,ChIJ21chpRGTwCwRr0KiBDczCqc,810,,2 years ago,2023-07-09T22:24:16.014Z,,,,ChdDSUhNMG9nS0VJQ0FnSURKeUl1bl93RRAB,,,,,,,,,,,,,Google,https://www.google.com/maps/reviews/data=!4m8!14m7!1m6!2m5!1sChdDSUhNMG9nS0VJQ0FnSURKeUl1bl93RRAB!2m1!1s0x0:0xa70a333704a242af!3m1!1s2@1:CIHM0ogKEICAgIDJyIun_wE%7C%7C?hl=en,114432962527415070686,266,https://lh3.googleusercontent.com/a-/ALV-UjXu01XCYoDsxD2dGBQbCnRC1_irhgSVdKE5kONNqJPhEk8NV30=s1920-c-rp-mo-ba5-br100,https://www.google.com/maps/contrib/114432962527415070686?hl=en,750,2025-09-22T03:43:57.206Z,"Direct Detail URL: https://www.google.com/maps/place/Nightcliff+Market/@-12.3876332,130.8480129,17z/data=!3m1!5s0x2cc09311b73dbc79:0x14cfcfeddac80314!4m8!3m7!1s0x2cc09311a52157db:0xa70a333704a242af!8m2!3d-12.3876332!4d130.8505878!9m1!1b1!16s%2Fg%2F11c0pvbzbf?entry=ttu&g_ep=EgoyMDI1MDkxNy4wIKXMDSoASAFQAw%3D%3D",5,Northern Territory,Pavonia Pl,False,Love this market! Good set up with food stalls in the middle and craft & other stalls on the outer.,,Nightcliff Market,4.3,,https://www.google.com/maps/search/?api=1&query=Nightcliff%20Market&query_place_id=ChIJ21chpRGTwCwRr0KiBDczCqc,,Love this market! Good set up with food stalls in the middle and craft & other stalls on the outer.,Positive
"Pavonia Pl, Nightcliff NT 0810, Australia",Market,Market,12036489265495032495,Nightcliff,AU,0x2cc09311a52157db:0xa70a333704a242af,https://lh3.googleusercontent.com/gps-cs-s/AC9h4nrrmz4dU7J7jQiIERNpQPlBJKC9TPgYYsRrs0JmwimbbMOHc7_tCEqV7X7rL0wYzVXT_pxhh-jwssa4nL_r0h2hr9_5XoTg8T_VkGzTDrd5y7jsYNJZnDG1j9wVUL46xUpFT4FY=w426-h240-k-no,False,True,en,0,-12.3876332,130.8505878,Patrick Zuluaga,,en,False,ChIJ21chpRGTwCwRr0KiBDczCqc,810,,2 years ago,2023-07-02T06:04:01.099Z,,,,ChZDSUhNMG9nS0VJQ0FnSUNKOWF5dmVBEAE,https://lh3.googleusercontent.com/geougc-cs/AB3l90DAJYiJsjYc3Y4FfpzgJaL-O3XBQnJEWUKiyBAZlJAkia-d26t9KWaGtdVetr7ZT8Btinel-EdRlVLembNti0ShuQTUHaAvOuJhnbkdceOR8ybvdPfzVHfTgTbLbS-qmC59ifpI,https://lh3.googleusercontent.com/geougc-cs/AB3l90CHqmDIKkeA0LfOfnTIorWdzGl_yB4k976so1g3EaZ54p43VTgaqSCZbClPHDSHV2AEx-xJY6fGKDE7xJzvby2T8HotC0kzTMY1QdbVyefn7iY71HQWHQl9itzHR0wQ8F6b6Bo6,,,,,,,,,,,Google,https://www.google.com/maps/reviews/data=!4m8!14m7!1m6!2m5!1sChZDSUhNMG9nS0VJQ0FnSUNKOWF5dmVBEAE!2m1!1s0x0:0xa70a333704a242af!3m1!1s2@1:CIHM0ogKEICAgICJ9ayveA%7C%7C?hl=en,105176901141047582595,699,https://lh3.googleusercontent.com/a-/ALV-UjVvs4fDhRhErieRSranJQLbAU_u4rOBPS6nzicvSpZjGRUKKc8=s1920-c-rp-mo-ba6-br100,https://www.google.com/maps/contrib/105176901141047582595?hl=en,750,2025-09-22T03:43:57.206Z,"Direct Detail URL: https://www.google.com/maps/place/Nightcliff+Market/@-12.3876332,130.8480129,17z/data=!3m1!5s0x2cc09311b73dbc79:0x14cfcfeddac80314!4m8!3m7!1s0x2cc09311a52157db:0xa70a333704a242af!8m2!3d-12.3876332!4d130.8505878!9m1!1b1!16s%2Fg%2F11c0pvbzbf?entry=ttu&g_ep=EgoyMDI1MDkxNy4wIKXMDSoASAFQAw%3D%3D",4,Northern Territory,Pavonia Pl,False,We came early hoping to avoid the crowds! Fortunately the sun was hiding behind the clouds which made it so much cooler and pleasant to walk around. The have a good range of food stalls centrally located and surrounded by other interesting product and fresh produce stalls.,,Nightcliff Market,4.3,,https://www.google.com/maps/search/?api=1&query=Nightcliff%20Market&query_place_id=ChIJ21chpRGTwCwRr0KiBDczCqc,,We came early hoping to avoid the crowds! Fortunately the sun was hiding behind the clouds which made it so much cooler and pleasant to walk around. The have a good range of food stalls centrally located and surrounded by other interesting product and fresh produce stalls.,Positive
"Pavonia Pl, Nightcliff NT 0810, Australia",Market,Market,12036489265495032495,Nightcliff,AU,0x2cc09311a52157db:0xa70a333704a242af,https://lh3.googleusercontent.com/gps-cs-s/AC9h4nrrmz4dU7J7jQiIERNpQPlBJKC9TPgYYsRrs0JmwimbbMOHc7_tCEqV7X7rL0wYzVXT_pxhh-jwssa4nL_r0h2hr9_5XoTg8T_VkGzTDrd5y7jsYNJZnDG1j9wVUL46xUpFT4FY=w426-h240-k-no,False,True,en,0,-12.3876332,130.8505878,Mark Fitzgerald,,,False,ChIJ21chpRGTwCwRr0KiBDczCqc,810,,2 years ago,2023-06-20T14:10:00.341Z,,,,ChdDSUhNMG9nS0VJQ0FnSUNKdU56MHR3RRAB,,,,,,,,,,,,,Google,https://www.google.com/maps/reviews/data=!4m8!14m7!1m6!2m5!1sChdDSUhNMG9nS0VJQ0FnSUNKdU56MHR3RRAB!2m1!1s0x0:0xa70a333704a242af!3m1!1s2@1:CIHM0ogKEICAgICJuNz0twE%7C%7C?hl=en,109290479326823183442,100,https://lh3.googleusercontent.com/a/ACg8ocLfc33sm_RsW7WKOUwQmdJ7XMqx651F4UhrXH-XauMOofpqVA=s1920-c-rp-mo-ba4-br100,https://www.google.com/maps/contrib/109290479326823183442?hl=en,750,2025-09-22T03:43:57.206Z,"Direct Detail URL: https://www.google.com/maps/place/Nightcliff+Market/@-12.3876332,130.8480129,17z/data=!3m1!5s0x2cc09311b73dbc79:0x14cfcfeddac80314!4m8!3m7!1s0x2cc09311a52157db:0xa70a333704a242af!8m2!3d-12.3876332!4d130.8505878!9m1!1b1!16s%2Fg%2F11c0pvbzbf?entry=ttu&g_ep=EgoyMDI1MDkxNy4wIKXMDSoASAFQAw%3D%3D",4,Northern Territory,Pavonia Pl,False,,,Nightcliff Market,4.3,,https://www.google.com/maps/search/?api=1&query=Nightcliff%20Market&query_place_id=ChIJ21chpRGTwCwRr0KiBDczCqc,,,Positive
"Pavonia Pl, Nightcliff NT 0810, Australia",Market,Market,12036489265495032495,Nightcliff,AU,0x2cc09311a52157db:0xa70a333704a242af,https://lh3.googleusercontent.com/gps-cs-s/AC9h4nrrmz4dU7J7jQiIERNpQPlBJKC9TPgYYsRrs0JmwimbbMOHc7_tCEqV7X7rL0wYzVXT_pxhh-jwssa4nL_r0h2hr9_5XoTg8T_VkGzTDrd5y7jsYNJZnDG1j9wVUL46xUpFT4FY=w426-h240-k-no,False,False,en,0,-12.3876332,130.8505878,Jenny Doeblien,,en,False,ChIJ21chpRGTwCwRr0KiBDczCqc,810,,2 years ago,2023-06-17T05:59:56.639Z,,,,ChdDSUhNMG9nS0VJQ0FnSUR4al8zQnR3RRAB,,,,,,,,,,,,,Google,https://www.google.com/maps/reviews/data=!4m8!14m7!1m6!2m5!1sChdDSUhNMG9nS0VJQ0FnSUR4al8zQnR3RRAB!2m1!1s0x0:0xa70a333704a242af!3m1!1s2@1:CIHM0ogKEICAgIDxj_3BtwE%7C%7C?hl=en,104975171974593095679,142,https://lh3.googleusercontent.com/a-/ALV-UjWLKiNyAdfZtNZ55b9rDtbqprA8OhDMUkuwLPag0yz27pLXhlfI=s1920-c-rp-mo-br100,https://www.google.com/maps/contrib/104975171974593095679?hl=en,750,2025-09-22T03:43:57.206Z,"Direct Detail URL: https://www.google.com/maps/place/Nightcliff+Market/@-12.3876332,130.8480129,17z/data=!3m1!5s0x2cc09311b73dbc79:0x14cfcfeddac80314!4m8!3m7!1s0x2cc09311a52157db:0xa70a333704a242af!8m2!3d-12.3876332!4d130.8505878!9m1!1b1!16s%2Fg%2F11c0pvbzbf?entry=ttu&g_ep=EgoyMDI1MDkxNy4wIKXMDSoASAFQAw%3D%3D",3,Northern Territory,Pavonia Pl,False,Not my style.  We wanted breakfast but it was all Asian type food and not brekky food.,,Nightcliff Market,4.3,,https://www.google.com/maps/search/?api=1&query=Nightcliff%20Market&query_place_id=ChIJ21chpRGTwCwRr0KiBDczCqc,,Not my style.  We wanted breakfast but it was all Asian type food and not brekky food.,Neutral
"Pavonia Pl, Nightcliff NT 0810, Australia",Market,Market,12036489265495032495,Nightcliff,AU,0x2cc09311a52157db:0xa70a333704a242af,https://lh3.googleusercontent.com/gps-cs-s/AC9h4nrrmz4dU7J7jQiIERNpQPlBJKC9TPgYYsRrs0JmwimbbMOHc7_tCEqV7X7rL0wYzVXT_pxhh-jwssa4nL_r0h2hr9_5XoTg8T_VkGzTDrd5y7jsYNJZnDG1j9wVUL46xUpFT4FY=w426-h240-k-no,False,False,en,0,-12.3876332,130.8505878,sally van Leuven,,en,False,ChIJ21chpRGTwCwRr0KiBDczCqc,810,,2 years ago,2023-06-11T02:47:18.059Z,,,,ChZDSUhNMG9nS0VJQ0FnSUR4cWE2dFVBEAE,,,,,,,,,,,,,Google,https://www.google.com/maps/reviews/data=!4m8!14m7!1m6!2m5!1sChZDSUhNMG9nS0VJQ0FnSUR4cWE2dFVBEAE!2m1!1s0x0:0xa70a333704a242af!3m1!1s2@1:CIHM0ogKEICAgIDxqa6tUA%7C%7C?hl=en,100479933293885021987,21,https://lh3.googleusercontent.com/a-/ALV-UjXaTzy4B1hu95VUk3M1GF2VfvGzcCnmT6FIX3w_gqfzAMX8MCYf=s1920-c-rp-mo-br100,https://www.google.com/maps/contrib/100479933293885021987?hl=en,750,2025-09-22T03:43:57.206Z,"Direct Detail URL: https://www.google.com/maps/place/Nightcliff+Market/@-12.3876332,130.8480129,17z/data=!3m1!5s0x2cc09311b73dbc79:0x14cfcfeddac80314!4m8!3m7!1s0x2cc09311a52157db:0xa70a333704a242af!8m2!3d-12.3876332!4d130.8505878!9m1!1b1!16s%2Fg%2F11c0pvbzbf?entry=ttu&g_ep=EgoyMDI1MDkxNy4wIKXMDSoASAFQAw%3D%3D",4,Northern Territory,Pavonia Pl,False,"A lovely market with a good mix of stalls (clothing, jewellery, fresh and dried produce, plants, 2nd hand books, massage and more) and an array of food stalls in the centre. Most of which is under cover, with live music. It was not overly crowed, so no long coffee cues! I found this to be the best of the Darwin markets.
Well done Nightcliff.",,Nightcliff Market,4.3,,https://www.google.com/maps/search/?api=1&query=Nightcliff%20Market&query_place_id=ChIJ21chpRGTwCwRr0KiBDczCqc,,"A lovely market with a good mix of stalls (clothing, jewellery, fresh and dried produce, plants, 2nd hand books, massage and more) and an array of food stalls in the centre. Most of which is under cover, with live music. It was not overly crowed, so no long coffee cues! I found this to be the best of the Darwin markets.
Well done Nightcliff.",Positive
"Pavonia Pl, Nightcliff NT 0810, Australia",Market,Market,12036489265495032495,Nightcliff,AU,0x2cc09311a52157db:0xa70a333704a242af,https://lh3.googleusercontent.com/gps-cs-s/AC9h4nrrmz4dU7J7jQiIERNpQPlBJKC9TPgYYsRrs0JmwimbbMOHc7_tCEqV7X7rL0wYzVXT_pxhh-jwssa4nL_r0h2hr9_5XoTg8T_VkGzTDrd5y7jsYNJZnDG1j9wVUL46xUpFT4FY=w426-h240-k-no,False,True,en,0,-12.3876332,130.8505878,Kim Woodrum,,en,False,ChIJ21chpRGTwCwRr0KiBDczCqc,810,,2 years ago,2023-05-30T07:23:54.281Z,,,,ChZDSUhNMG9nS0VJQ0FnSUR4Z0xmZVZREAE,,,,,,,,,,,,,Google,https://www.google.com/maps/reviews/data=!4m8!14m7!1m6!2m5!1sChZDSUhNMG9nS0VJQ0FnSUR4Z0xmZVZREAE!2m1!1s0x0:0xa70a333704a242af!3m1!1s2@1:CIHM0ogKEICAgIDxgLfeVQ%7C%7C?hl=en,107554743459198022885,233,https://lh3.googleusercontent.com/a-/ALV-UjWFv0mNNcX3kenYel-36Qf_XcnGc3JJ6kQATUydqTON_ySSeXJsaw=s1920-c-rp-mo-ba5-br100,https://www.google.com/maps/contrib/107554743459198022885?hl=en,750,2025-09-22T03:43:57.206Z,"Direct Detail URL: https://www.google.com/maps/place/Nightcliff+Market/@-12.3876332,130.8480129,17z/data=!3m1!5s0x2cc09311b73dbc79:0x14cfcfeddac80314!4m8!3m7!1s0x2cc09311a52157db:0xa70a333704a242af!8m2!3d-12.3876332!4d130.8505878!9m1!1b1!16s%2Fg%2F11c0pvbzbf?entry=ttu&g_ep=EgoyMDI1MDkxNy4wIKXMDSoASAFQAw%3D%3D",5,Northern Territory,Pavonia Pl,False,Great food,,Nightcliff Market,4.3,,https://www.google.com/maps/search/?api=1&query=Nightcliff%20Market&query_place_id=ChIJ21chpRGTwCwRr0KiBDczCqc,,Great food,Positive
"Pavonia Pl, Nightcliff NT 0810, Australia",Market,Market,12036489265495032495,Nightcliff,AU,0x2cc09311a52157db:0xa70a333704a242af,https://lh3.googleusercontent.com/gps-cs-s/AC9h4nrrmz4dU7J7jQiIERNpQPlBJKC9TPgYYsRrs0JmwimbbMOHc7_tCEqV7X7rL0wYzVXT_pxhh-jwssa4nL_r0h2hr9_5XoTg8T_VkGzTDrd5y7jsYNJZnDG1j9wVUL46xUpFT4FY=w426-h240-k-no,False,True,en,0,-12.3876332,130.8505878,Daphne Southcross,,,False,ChIJ21chpRGTwCwRr0KiBDczCqc,810,,2 years ago,2023-05-15T19:46:43.748Z,,,,ChdDSUhNMG9nS0VJQ0FnSUN4MnFYbThRRRAB,,,,,,,,,,,,,Google,https://www.google.com/maps/reviews/data=!4m8!14m7!1m6!2m5!1sChdDSUhNMG9nS0VJQ0FnSUN4MnFYbThRRRAB!2m1!1s0x0:0xa70a333704a242af!3m1!1s2@1:CIHM0ogKEICAgICx2qXm8QE%7C%7C?hl=en,102683114850840544710,33,https://lh3.googleusercontent.com/a-/ALV-UjUjmYMN8xTtOMohiy8qOI3rnFVdsgOrjiUQLEtph_5r67spQMakxg=s1920-c-rp-mo-ba3-br100,https://www.google.com/maps/contrib/102683114850840544710?hl=en,750,2025-09-22T03:43:57.206Z,"Direct Detail URL: https://www.google.com/maps/place/Nightcliff+Market/@-12.3876332,130.8480129,17z/data=!3m1!5s0x2cc09311b73dbc79:0x14cfcfeddac80314!4m8!3m7!1s0x2cc09311a52157db:0xa70a333704a242af!8m2!3d-12.3876332!4d130.8505878!9m1!1b1!16s%2Fg%2F11c0pvbzbf?entry=ttu&g_ep=EgoyMDI1MDkxNy4wIKXMDSoASAFQAw%3D%3D",4,Northern Territory,Pavonia Pl,False,,,Nightcliff Market,4.3,,https://www.google.com/maps/search/?api=1&query=Nightcliff%20Market&query_place_id=ChIJ21chpRGTwCwRr0KiBDczCqc,,,Positive
"Pavonia Pl, Nightcliff NT 0810, Australia",Market,Market,12036489265495032495,Nightcliff,AU,0x2cc09311a52157db:0xa70a333704a242af,https://lh3.googleusercontent.com/gps-cs-s/AC9h4nrrmz4dU7J7jQiIERNpQPlBJKC9TPgYYsRrs0JmwimbbMOHc7_tCEqV7X7rL0wYzVXT_pxhh-jwssa4nL_r0h2hr9_5XoTg8T_VkGzTDrd5y7jsYNJZnDG1j9wVUL46xUpFT4FY=w426-h240-k-no,False,True,en,0,-12.3876332,130.8505878,Joseph Murray,,en,False,ChIJ21chpRGTwCwRr0KiBDczCqc,810,,2 years ago,2023-05-11T01:21:07.394Z,,,,ChdDSUhNMG9nS0VJQ0FnSUN4NUtEWS13RRAB,,,,,,,,,,,,,Google,https://www.google.com/maps/reviews/data=!4m8!14m7!1m6!2m5!1sChdDSUhNMG9nS0VJQ0FnSUN4NUtEWS13RRAB!2m1!1s0x0:0xa70a333704a242af!3m1!1s2@1:CIHM0ogKEICAgICx5KDY-wE%7C%7C?hl=en,107146013311461804830,25,https://lh3.googleusercontent.com/a/ACg8ocL79crk_RMXqE_eDy4sBfrAFba6XvrG3k7ONUNwV-hzL1fNSQ=s1920-c-rp-mo-ba2-br100,https://www.google.com/maps/contrib/107146013311461804830?hl=en,750,2025-09-22T03:43:57.206Z,"Direct Detail URL: https://www.google.com/maps/place/Nightcliff+Market/@-12.3876332,130.8480129,17z/data=!3m1!5s0x2cc09311b73dbc79:0x14cfcfeddac80314!4m8!3m7!1s0x2cc09311a52157db:0xa70a333704a242af!8m2!3d-12.3876332!4d130.8505878!9m1!1b1!16s%2Fg%2F11c0pvbzbf?entry=ttu&g_ep=EgoyMDI1MDkxNy4wIKXMDSoASAFQAw%3D%3D",4,Northern Territory,Pavonia Pl,False,"Hey what can you say except wonderful people beautiful flowers,  pot plants, food vendors, little nik- nak shops fell in love with the jam lady product (Mmmm..JAMMY!)🤗,The Asian fruits and vegetables stall late is barter time 🤣",,Nightcliff Market,4.3,,https://www.google.com/maps/search/?api=1&query=Nightcliff%20Market&query_place_id=ChIJ21chpRGTwCwRr0KiBDczCqc,,"Hey what can you say except wonderful people beautiful flowers,  pot plants, food vendors, little nik- nak shops fell in love with the jam lady product (Mmmm..JAMMY!)🤗,The Asian fruits and vegetables stall late is barter time 🤣",Positive
"Pavonia Pl, Nightcliff NT 0810, Australia",Market,Market,12036489265495032495,Nightcliff,AU,0x2cc09311a52157db:0xa70a333704a242af,https://lh3.googleusercontent.com/gps-cs-s/AC9h4nrrmz4dU7J7jQiIERNpQPlBJKC9TPgYYsRrs0JmwimbbMOHc7_tCEqV7X7rL0wYzVXT_pxhh-jwssa4nL_r0h2hr9_5XoTg8T_VkGzTDrd5y7jsYNJZnDG1j9wVUL46xUpFT4FY=w426-h240-k-no,False,True,en,0,-12.3876332,130.8505878,Brooke,,,False,ChIJ21chpRGTwCwRr0KiBDczCqc,810,,2 years ago,2023-04-30T23:12:50.536Z,,,,ChdDSUhNMG9nS0VJQ0FnSURSamRpTnF3RRAB,https://lh3.googleusercontent.com/geougc-cs/AB3l90ALbJ9e9CBy_R0E3JcNY_Lan3DQVQJKxDc_Dv_9ZGAjPw3EfoGm_vaVSDrJ2PrwQorfLP5UZaVKQZar8tLoeElpaYGTbpzYq7-km8GjlMtSX2ojQfSvPpTALGn2b62HWhHD2Fos,,,,,,,,,,,,Google,https://www.google.com/maps/reviews/data=!4m8!14m7!1m6!2m5!1sChdDSUhNMG9nS0VJQ0FnSURSamRpTnF3RRAB!2m1!1s0x0:0xa70a333704a242af!3m1!1s2@1:CIHM0ogKEICAgIDRjdiNqwE%7C%7C?hl=en,116699948050562526942,24,https://lh3.googleusercontent.com/a-/ALV-UjXVIQ6gOKL2ItOPq0JUMFM1BVX3aSdZvQePXkdAzgdkaP0iV4nE=s1920-c-rp-mo-ba3-br100,https://www.google.com/maps/contrib/116699948050562526942?hl=en,750,2025-09-22T03:43:57.206Z,"Direct Detail URL: https://www.google.com/maps/place/Nightcliff+Market/@-12.3876332,130.8480129,17z/data=!3m1!5s0x2cc09311b73dbc79:0x14cfcfeddac80314!4m8!3m7!1s0x2cc09311a52157db:0xa70a333704a242af!8m2!3d-12.3876332!4d130.8505878!9m1!1b1!16s%2Fg%2F11c0pvbzbf?entry=ttu&g_ep=EgoyMDI1MDkxNy4wIKXMDSoASAFQAw%3D%3D",5,Northern Territory,Pavonia Pl,False,,,Nightcliff Market,4.3,,https://www.google.com/maps/search/?api=1&query=Nightcliff%20Market&query_place_id=ChIJ21chpRGTwCwRr0KiBDczCqc,,,Positive
