"title","url","stars","name","reviewUrl","text"
"Cape Adieu Harbour Cruises","https://www.google.com/maps/search/?api=1&query=Cape%20Adieu%20Harbour%20Cruises&query_place_id=ChIJESgQdhuRwCwRJSCjV_xWOPk","5",,,"A great experience- served beautiful food and by wonderful engaging staff.
Thanks Munro and team."
"Cape Adieu Harbour Cruises","https://www.google.com/maps/search/?api=1&query=Cape%20Adieu%20Harbour%20Cruises&query_place_id=ChIJESgQdhuRwCwRJSCjV_xWOPk","5",,,"An awesome evening, the hosts were amazing and friendly, the service impeccable, the food was of a very high standard. Lovely cool evening finishing with a light show from Mother Nature. Thank you for a wonderful dinner cruise, I highly recommend."
"Cape Adieu Harbour Cruises","https://www.google.com/maps/search/?api=1&query=Cape%20Adieu%20Harbour%20Cruises&query_place_id=ChIJESgQdhuRwCwRJSCjV_xWOPk","5",,,"We were recommended Cape Adieu Harbour Cruise and were extremely glad we decided to book our dinner cruise with them. The Captain and his crew were friendly and helpful and could not do enough for everyone on board. The food was delicious and the subset magnificent!! Highly recommend"
"Cape Adieu Harbour Cruises","https://www.google.com/maps/search/?api=1&query=Cape%20Adieu%20Harbour%20Cruises&query_place_id=ChIJESgQdhuRwCwRJSCjV_xWOPk","5",,,"Pinch yourself experience on the harbour in Darwin. Beautiful sunset, great food & A+ service. This is a must for anyone visiting Darwin. Munro, Grace & the team are fantastic hosts!"
"Cape Adieu Harbour Cruises","https://www.google.com/maps/search/?api=1&query=Cape%20Adieu%20Harbour%20Cruises&query_place_id=ChIJESgQdhuRwCwRJSCjV_xWOPk","5",,,"We had a fantastic time , crew was attentive and great to talk to, food was amazing.
Would certainly recommend ."
"Cape Adieu Harbour Cruises","https://www.google.com/maps/search/?api=1&query=Cape%20Adieu%20Harbour%20Cruises&query_place_id=ChIJESgQdhuRwCwRJSCjV_xWOPk","5",,,"Wow wow wow, the Sunset Dinner Cruise on Cape Adieu was AMAZING from the boat, staff, food, commentary, cruise, view, just absolutely beautiful, highly recommended ⭐️"
"Cape Adieu Harbour Cruises","https://www.google.com/maps/search/?api=1&query=Cape%20Adieu%20Harbour%20Cruises&query_place_id=ChIJESgQdhuRwCwRJSCjV_xWOPk","4",,,
"Cape Adieu Harbour Cruises","https://www.google.com/maps/search/?api=1&query=Cape%20Adieu%20Harbour%20Cruises&query_place_id=ChIJESgQdhuRwCwRJSCjV_xWOPk","5",,,"Absolutely beautiful experience. The food was divine and the crew were so lovely! Highly recommend it to anyone visiting Darwin!"
"Cape Adieu Harbour Cruises","https://www.google.com/maps/search/?api=1&query=Cape%20Adieu%20Harbour%20Cruises&query_place_id=ChIJESgQdhuRwCwRJSCjV_xWOPk","5",,,"What an experience! We celebrated our wedding anniversary on board and it was amazing from the food to the drinks all was 10/10. My dietary requirements were met and they went above and beyond to ensure this was noted on our sheet so everyone knew! We will be back again likely with family."
"Cape Adieu Harbour Cruises","https://www.google.com/maps/search/?api=1&query=Cape%20Adieu%20Harbour%20Cruises&query_place_id=ChIJESgQdhuRwCwRJSCjV_xWOPk","5",,,"Cape Adieu sunset cruise has it all! Great crew, fantastic food, great boat and top all round experience. Oh, and did I mention the food, stunning menu perfectly presented. A perfect way to compliment a visit to Darwin. Great value for money and simply not to be missed. Thanks team, you nailed it."
"Cape Adieu Harbour Cruises","https://www.google.com/maps/search/?api=1&query=Cape%20Adieu%20Harbour%20Cruises&query_place_id=ChIJESgQdhuRwCwRJSCjV_xWOPk","5",,,"An unforgettable experience! The cruise offered fresh, locally sourced meals that tasted absolutely amazing. Enjoying such high-quality food while watching a stunning sunset from the boat made it even more special. The service was fantastic—attentive, friendly, and warm—which really added to the relaxed and welcoming atmosphere onboard. Highly recommended for anyone wanting a beautiful evening out on the water."
"Cape Adieu Harbour Cruises","https://www.google.com/maps/search/?api=1&query=Cape%20Adieu%20Harbour%20Cruises&query_place_id=ChIJESgQdhuRwCwRJSCjV_xWOPk","5",,,"Spectacular food, great service.  Wonderful experience."
"Cape Adieu Harbour Cruises","https://www.google.com/maps/search/?api=1&query=Cape%20Adieu%20Harbour%20Cruises&query_place_id=ChIJESgQdhuRwCwRJSCjV_xWOPk","5",,,"Beautiful sunset cruise with the gorgeous staff, a  highlight!"
"Cape Adieu Harbour Cruises","https://www.google.com/maps/search/?api=1&query=Cape%20Adieu%20Harbour%20Cruises&query_place_id=ChIJESgQdhuRwCwRJSCjV_xWOPk","5",,,"Fabulous evening,  great meal and the staff were very professional and informative."
"Cape Adieu Harbour Cruises","https://www.google.com/maps/search/?api=1&query=Cape%20Adieu%20Harbour%20Cruises&query_place_id=ChIJESgQdhuRwCwRJSCjV_xWOPk","5",,,"The best dinner harbour cruise in Darwin. The staff where fantastic and informative. It was an absolute pleasure to be aboard this cruise. Greg and Gloria"
"Cape Adieu Harbour Cruises","https://www.google.com/maps/search/?api=1&query=Cape%20Adieu%20Harbour%20Cruises&query_place_id=ChIJESgQdhuRwCwRJSCjV_xWOPk","2",,,"Overpriced for what was offered, a mixed review, main course Barra was delious, menu is not suitable if you don't like seafood not a fan of the dessert. Disappointed to sit at uncomfortable camping chairs, no sun protection at beginning of cruise, be aware if you have assessibility issues, you may have issues using facilities. Staff all helpful and friendly. Instructed to turn up at 4.30 but had to wait in the sun until 5pm check in. Just disappointed after spending $360 for 2 people. 5 star price but not 5 star value"
"Cape Adieu Harbour Cruises","https://www.google.com/maps/search/?api=1&query=Cape%20Adieu%20Harbour%20Cruises&query_place_id=ChIJESgQdhuRwCwRJSCjV_xWOPk","5",,,"What a magical experience aboard Cape Adieu! Staff were warm & friendly they love what they are doing! Food was sensational I don’t know how they did on board. And of course the sunset just topped it off. Highly recommend sunset cruise aboard Cape Adieu, it will not disappoint"
"Cape Adieu Harbour Cruises","https://www.google.com/maps/search/?api=1&query=Cape%20Adieu%20Harbour%20Cruises&query_place_id=ChIJESgQdhuRwCwRJSCjV_xWOPk","4",,,"This sunset dinner cruise was a delightful way to spend an evening in Darwin. The staff were excellent in service and friendliness. The boat was smooth and comfortable. Food was a mixed bag, steak was chewy and veggies were cold, but barra was excellent. Don't expect spectacular views. It's not like Sydney harbour. However the sunset was a highlight.
Overall worth doing even if a little expensive . Depends on your budget."
"Cape Adieu Harbour Cruises","https://www.google.com/maps/search/?api=1&query=Cape%20Adieu%20Harbour%20Cruises&query_place_id=ChIJESgQdhuRwCwRJSCjV_xWOPk","5",,,"Perfect in every way! Vessel, menu, staff were all incredible. Would do this again any time!"
"Cape Adieu Harbour Cruises","https://www.google.com/maps/search/?api=1&query=Cape%20Adieu%20Harbour%20Cruises&query_place_id=ChIJESgQdhuRwCwRJSCjV_xWOPk","5",,,
"Cape Adieu Harbour Cruises","https://www.google.com/maps/search/?api=1&query=Cape%20Adieu%20Harbour%20Cruises&query_place_id=ChIJESgQdhuRwCwRJSCjV_xWOPk","5",,,"Exceptional cruise, great food and drink options, very friendly and approachable crew who do everything to make your cruise the best, with absolutely gorgeous sunset views
Highly recommend this great Darwin experience"
"Cape Adieu Harbour Cruises","https://www.google.com/maps/search/?api=1&query=Cape%20Adieu%20Harbour%20Cruises&query_place_id=ChIJESgQdhuRwCwRJSCjV_xWOPk","5",,,"Wonderful experience, excellent food, great staff. I looked at the various cruise options although this was slightly more expensive certainly was worth it . Quality of food (4 courses, not sharing platters or buffet) and service , individual table , not crowded. Highly recommend as excellent value for money for a more personal experience."
"Cape Adieu Harbour Cruises","https://www.google.com/maps/search/?api=1&query=Cape%20Adieu%20Harbour%20Cruises&query_place_id=ChIJESgQdhuRwCwRJSCjV_xWOPk","5",,,"A fantastic experience. Crew were sensational. Food wonderful.  Sunset amazing. Highly recommended."
"Cape Adieu Harbour Cruises","https://www.google.com/maps/search/?api=1&query=Cape%20Adieu%20Harbour%20Cruises&query_place_id=ChIJESgQdhuRwCwRJSCjV_xWOPk","5",,,"Such an incredible time spent with much loved friends, the scenery and the food, divine!"
"Cape Adieu Harbour Cruises","https://www.google.com/maps/search/?api=1&query=Cape%20Adieu%20Harbour%20Cruises&query_place_id=ChIJESgQdhuRwCwRJSCjV_xWOPk","5",,,
"Cape Adieu Harbour Cruises","https://www.google.com/maps/search/?api=1&query=Cape%20Adieu%20Harbour%20Cruises&query_place_id=ChIJESgQdhuRwCwRJSCjV_xWOPk","5",,,"Highly recommend! The crew were amazing, so friendly and accommodating. The food was out of this world. The decadent flavours of each course just melt in your mouth. Cudos to the chef, management, and crew! Thank you for such a great memorable experience of our time in Darwin."
"Cape Adieu Harbour Cruises","https://www.google.com/maps/search/?api=1&query=Cape%20Adieu%20Harbour%20Cruises&query_place_id=ChIJESgQdhuRwCwRJSCjV_xWOPk","5",,,"Incredible experience, amazing stuff, and fantastic food. Cocktails were also 10/10. Dad and I had a fantastic evening, thank you!"
"Cape Adieu Harbour Cruises","https://www.google.com/maps/search/?api=1&query=Cape%20Adieu%20Harbour%20Cruises&query_place_id=ChIJESgQdhuRwCwRJSCjV_xWOPk","5",,,"It was such an adventure.  The staff and owners are just amazing and really have the modular right… Best Barramundi we have ever had…. There is nothing I would change.. even had live guitar and violin music…. I wish I live in Darwin so I can go again"
"Cape Adieu Harbour Cruises","https://www.google.com/maps/search/?api=1&query=Cape%20Adieu%20Harbour%20Cruises&query_place_id=ChIJESgQdhuRwCwRJSCjV_xWOPk","5",,,"Spectacular boat and unreal food that matches the skipper and his first mates roots. Incredible experience with beautiful people who operate this boat that are so comforting to be around and leave you with a smile. Would recommend this boat, crew and experience any day of the week. Can’t wait for our next trip aboard!"
"Cape Adieu Harbour Cruises","https://www.google.com/maps/search/?api=1&query=Cape%20Adieu%20Harbour%20Cruises&query_place_id=ChIJESgQdhuRwCwRJSCjV_xWOPk","5",,,
"Cape Adieu Harbour Cruises","https://www.google.com/maps/search/?api=1&query=Cape%20Adieu%20Harbour%20Cruises&query_place_id=ChIJESgQdhuRwCwRJSCjV_xWOPk","5",,,"Beautiful sunset cruise, delicious dinner and drinks, wonderful hosts. Highly recommend"
"Cape Adieu Harbour Cruises","https://www.google.com/maps/search/?api=1&query=Cape%20Adieu%20Harbour%20Cruises&query_place_id=ChIJESgQdhuRwCwRJSCjV_xWOPk","5",,,"These guys are awesome.
Our third trip aboard & they get better each time if you can believe it.
Well done, we will certainly be back when up from down south again."
"Cape Adieu Harbour Cruises","https://www.google.com/maps/search/?api=1&query=Cape%20Adieu%20Harbour%20Cruises&query_place_id=ChIJESgQdhuRwCwRJSCjV_xWOPk","5",,,"Wonderful experience. Excellent food . Best sunset ever. Thank you"
"Cape Adieu Harbour Cruises","https://www.google.com/maps/search/?api=1&query=Cape%20Adieu%20Harbour%20Cruises&query_place_id=ChIJESgQdhuRwCwRJSCjV_xWOPk","5",,,"Absolutely fantastic sunset cruise, highly recommended"
"Cape Adieu Harbour Cruises","https://www.google.com/maps/search/?api=1&query=Cape%20Adieu%20Harbour%20Cruises&query_place_id=ChIJESgQdhuRwCwRJSCjV_xWOPk","5",,,"Awesome experience, highly recommend, would do it again!"
"Cape Adieu Harbour Cruises","https://www.google.com/maps/search/?api=1&query=Cape%20Adieu%20Harbour%20Cruises&query_place_id=ChIJESgQdhuRwCwRJSCjV_xWOPk","5",,,"Fabulous time out the food was next level amazing. Would happily do this cruise again 🏝️🥂☀️"
"Cape Adieu Harbour Cruises","https://www.google.com/maps/search/?api=1&query=Cape%20Adieu%20Harbour%20Cruises&query_place_id=ChIJESgQdhuRwCwRJSCjV_xWOPk","5",,,"Absolutely fabulous with fantastic food, staff and the whole cruise. Very enjoyable totally reccomend."
"Cape Adieu Harbour Cruises","https://www.google.com/maps/search/?api=1&query=Cape%20Adieu%20Harbour%20Cruises&query_place_id=ChIJESgQdhuRwCwRJSCjV_xWOPk","5",,,"Great cruise, very good service Great food and wine, very relaxing and enjoyable"
"Cape Adieu Harbour Cruises","https://www.google.com/maps/search/?api=1&query=Cape%20Adieu%20Harbour%20Cruises&query_place_id=ChIJESgQdhuRwCwRJSCjV_xWOPk","5",,,"Beautiful Experience, awesome crew, add this to your bucket list. The sunset is spectacular and food and drinks delicious."
"Cape Adieu Harbour Cruises","https://www.google.com/maps/search/?api=1&query=Cape%20Adieu%20Harbour%20Cruises&query_place_id=ChIJESgQdhuRwCwRJSCjV_xWOPk","3",,,"I'm a little bit disappointed with cape adieu, mostly because the top deck bar was not attended as I felt it should have been. Getting a drink required trying to catch the attention of someone who was focused on bringing meals up the stairs, and it made us feel guilty interrupting."
"Cape Adieu Harbour Cruises","https://www.google.com/maps/search/?api=1&query=Cape%20Adieu%20Harbour%20Cruises&query_place_id=ChIJESgQdhuRwCwRJSCjV_xWOPk","5",,,"We had a great relaxing evening with good Company the staff were friendly and informative , meal first class
Highly recommend
Excellent Evening"
"Cape Adieu Harbour Cruises","https://www.google.com/maps/search/?api=1&query=Cape%20Adieu%20Harbour%20Cruises&query_place_id=ChIJESgQdhuRwCwRJSCjV_xWOPk","5",,,"What a stunning experience. Munro and Grace (I think that’s their names- sorry my brains a dud) are the sweetest couple and they know how to throw a truly beautiful evening. Great tunes, beautiful cocktails and awesome food! The sunset and boat itself almost made me want to pretend I don’t get painfully seasick and take up the sailing life.
Gorgeous evening that even my boomer parents couldn’t complain about. Impressive- would highly recommend! 10/10"
"Cape Adieu Harbour Cruises","https://www.google.com/maps/search/?api=1&query=Cape%20Adieu%20Harbour%20Cruises&query_place_id=ChIJESgQdhuRwCwRJSCjV_xWOPk","5",,,"Excellent Cruise great food very friendly staff"
"Cape Adieu Harbour Cruises","https://www.google.com/maps/search/?api=1&query=Cape%20Adieu%20Harbour%20Cruises&query_place_id=ChIJESgQdhuRwCwRJSCjV_xWOPk","5",,,"The cruise was fantastic would highly recommend it. The staff were amazing and so friendly. Food and service were delicious 😋. The boat great and the run down b4 and during the cruise was very knowledgeable. Would do it again."
"Cape Adieu Harbour Cruises","https://www.google.com/maps/search/?api=1&query=Cape%20Adieu%20Harbour%20Cruises&query_place_id=ChIJESgQdhuRwCwRJSCjV_xWOPk","5",,,"What a great experience, the crew was very attentive and friendly, the meal was scrumptious and of course the sunset was spectacular. This is a must if you are visiting Darwin."
"Cape Adieu Harbour Cruises","https://www.google.com/maps/search/?api=1&query=Cape%20Adieu%20Harbour%20Cruises&query_place_id=ChIJESgQdhuRwCwRJSCjV_xWOPk","5",,,"Super duper awesome - from service to the meal - highly recommend the Cape Adieu . Smaller vessel but so much bigger in value and hospitality…Many thanks to Mandi and Grace and staff"
"Cape Adieu Harbour Cruises","https://www.google.com/maps/search/?api=1&query=Cape%20Adieu%20Harbour%20Cruises&query_place_id=ChIJESgQdhuRwCwRJSCjV_xWOPk","5",,,"I’m now again in the good books with the wife, the cruise was a great night, chatting with others over a drink, food was very tasty and enjoyable, the crew were very attentive. Thanks all when in town again I’m sure we’ll be back on board."
"Cape Adieu Harbour Cruises","https://www.google.com/maps/search/?api=1&query=Cape%20Adieu%20Harbour%20Cruises&query_place_id=ChIJESgQdhuRwCwRJSCjV_xWOPk","5",,,
"Cape Adieu Harbour Cruises","https://www.google.com/maps/search/?api=1&query=Cape%20Adieu%20Harbour%20Cruises&query_place_id=ChIJESgQdhuRwCwRJSCjV_xWOPk","5",,,"Beautiful evening. Would totally recommend. 😊"
"Cape Adieu Harbour Cruises","https://www.google.com/maps/search/?api=1&query=Cape%20Adieu%20Harbour%20Cruises&query_place_id=ChIJESgQdhuRwCwRJSCjV_xWOPk","5",,,"We really enjoyed our sunset dinner cruise with Cape Adieu. All the staff were really lovely and the 3 course meal was excellent. Loved the fresh seafood entree! It was beautiful on the harbour in the evening. Another great touch was Munro the owner coming and chatting with the guests. Highly recommend 😀."
"Cape Adieu Harbour Cruises","https://www.google.com/maps/search/?api=1&query=Cape%20Adieu%20Harbour%20Cruises&query_place_id=ChIJESgQdhuRwCwRJSCjV_xWOPk","5",,,"The best way to see Darwin, enjoy the sunset on the water and spoilt with the best food, drinks and service. Couldn't fault the experience and exceeded our expectations. Thanks Grace, Munro and the team"
"Cape Adieu Harbour Cruises","https://www.google.com/maps/search/?api=1&query=Cape%20Adieu%20Harbour%20Cruises&query_place_id=ChIJESgQdhuRwCwRJSCjV_xWOPk","5",,,"Munro and grace ! Hats of to you guys ! Incredible service incredible crew, if there was 10 stars you’ll get them ! My wife and I loved every minute, thank you guys again !

If you need tyres let me know haha"
"Cape Adieu Harbour Cruises","https://www.google.com/maps/search/?api=1&query=Cape%20Adieu%20Harbour%20Cruises&query_place_id=ChIJESgQdhuRwCwRJSCjV_xWOPk","5",,,"A great way to end a NT trip! A lovely cruise, great staff and first class food. Thank you Cape Adieu!"
"Cape Adieu Harbour Cruises","https://www.google.com/maps/search/?api=1&query=Cape%20Adieu%20Harbour%20Cruises&query_place_id=ChIJESgQdhuRwCwRJSCjV_xWOPk","5",,,"Honestly the best sunset cruise we’ve ever done!
The staff were all so lovely; Munro and Grace are just sunshine in human form… they run the cruise with such care.
The food was phenomenal, gave such a Northern Territory vibe and really enhanced the sunset and water.
Super comfortable and accessible for all ages! If you’re on the fence between cruises, this is the one to go with!"
"Cape Adieu Harbour Cruises","https://www.google.com/maps/search/?api=1&query=Cape%20Adieu%20Harbour%20Cruises&query_place_id=ChIJESgQdhuRwCwRJSCjV_xWOPk","5",,,"What a magical night we had. Food and service were exceptional. I would highly recommend if you want to do something special and see the best of Darwin"
"Cape Adieu Harbour Cruises","https://www.google.com/maps/search/?api=1&query=Cape%20Adieu%20Harbour%20Cruises&query_place_id=ChIJESgQdhuRwCwRJSCjV_xWOPk","5",,,"My wife and I did the Cape Adieu Darwin Harbour Cruises last night and it was wonderful.
Both the meals and crew were fantastic,
and watching the sunset from a lovely old boat was also very special, it’s something we will never forget.
This would be the best thing we have done in Darwin and we would highly recommend it to anyone.
Thanks guys
Kazz & Ian"
"Cape Adieu Harbour Cruises","https://www.google.com/maps/search/?api=1&query=Cape%20Adieu%20Harbour%20Cruises&query_place_id=ChIJESgQdhuRwCwRJSCjV_xWOPk","5",,,"Great experience! We booked our group of 8 and were well taken care of. The food was lovely, fresh seafood and delicious steak, followed by a yummy dessert. We had plenty of opportunities for sunset photos and it was a nice view of Darwin from the water. Staff were friendly and accommodating, and happy to share a bit of banter. Drinks priced very reasonably. Highly recommended 😁"
"Cape Adieu Harbour Cruises","https://www.google.com/maps/search/?api=1&query=Cape%20Adieu%20Harbour%20Cruises&query_place_id=ChIJESgQdhuRwCwRJSCjV_xWOPk","5",,,"Really great night out with very friendly professional young staff."
"Cape Adieu Harbour Cruises","https://www.google.com/maps/search/?api=1&query=Cape%20Adieu%20Harbour%20Cruises&query_place_id=ChIJESgQdhuRwCwRJSCjV_xWOPk","5",,,"Delicious dinner while cruising around the bay enjoying the sunset! Fabulous hosts & staff. Thank you🥂🥰"
"Cape Adieu Harbour Cruises","https://www.google.com/maps/search/?api=1&query=Cape%20Adieu%20Harbour%20Cruises&query_place_id=ChIJESgQdhuRwCwRJSCjV_xWOPk","5",,,"Magic night with Cape Adieu. Fabulous food great selection of drinks and superb staff. Could not fault it and 100% recommend. Neville & Erynne"
"Cape Adieu Harbour Cruises","https://www.google.com/maps/search/?api=1&query=Cape%20Adieu%20Harbour%20Cruises&query_place_id=ChIJESgQdhuRwCwRJSCjV_xWOPk","5",,,"A fantastic smaller cruise boat experience in Darwin Harbour. Run by an enthusiastic, professional & passionate young couple, they & their warm attentive crew ensured their guests enjoyed a wonderful evening out.
Delicious freshly prepared dinner included.
Highly recommended."
"Cape Adieu Harbour Cruises","https://www.google.com/maps/search/?api=1&query=Cape%20Adieu%20Harbour%20Cruises&query_place_id=ChIJESgQdhuRwCwRJSCjV_xWOPk","5",,,"The staff were very friendly and efficient adding to the whole experience and relaxing vibe"
"Cape Adieu Harbour Cruises","https://www.google.com/maps/search/?api=1&query=Cape%20Adieu%20Harbour%20Cruises&query_place_id=ChIJESgQdhuRwCwRJSCjV_xWOPk","5",,,"Such an amazing night. Very relaxing, amazing food, superb service. Thanks so much!"
"Cape Adieu Harbour Cruises","https://www.google.com/maps/search/?api=1&query=Cape%20Adieu%20Harbour%20Cruises&query_place_id=ChIJESgQdhuRwCwRJSCjV_xWOPk","5",,,"Our evening with friends aboard Cape Adieu was nothing short of amazing. From the moment we stepped onto the boat Grace, Munro and the crew were friendly and attentive. The cold drinks started flowing and the delicious selection of food was devoured. All this with a stunning view of Darwin you don't get to experience from land. I highly recommend anyone in town jump on board with this amazing crew for a sunset adventure you won't forget."
"Cape Adieu Harbour Cruises","https://www.google.com/maps/search/?api=1&query=Cape%20Adieu%20Harbour%20Cruises&query_place_id=ChIJESgQdhuRwCwRJSCjV_xWOPk","5",,,
"Cape Adieu Harbour Cruises","https://www.google.com/maps/search/?api=1&query=Cape%20Adieu%20Harbour%20Cruises&query_place_id=ChIJESgQdhuRwCwRJSCjV_xWOPk","5",,,
"Cape Adieu Harbour Cruises","https://www.google.com/maps/search/?api=1&query=Cape%20Adieu%20Harbour%20Cruises&query_place_id=ChIJESgQdhuRwCwRJSCjV_xWOPk","5",,,"The Sunset Dinner Tour with Cape Adieu has been the best thing we have done in Darwin. The meal was out of this world and the staff were wonderful and so friendly. Everyone needs to do this tour with Cape Adieu."
"Cape Adieu Harbour Cruises","https://www.google.com/maps/search/?api=1&query=Cape%20Adieu%20Harbour%20Cruises&query_place_id=ChIJESgQdhuRwCwRJSCjV_xWOPk","5",,,"This was an 11/10 experience. So well executed - amazing staff."
"Cape Adieu Harbour Cruises","https://www.google.com/maps/search/?api=1&query=Cape%20Adieu%20Harbour%20Cruises&query_place_id=ChIJESgQdhuRwCwRJSCjV_xWOPk","5",,,"Excellent night out with great food and friendly staff. Highly recommend"
"Cape Adieu Harbour Cruises","https://www.google.com/maps/search/?api=1&query=Cape%20Adieu%20Harbour%20Cruises&query_place_id=ChIJESgQdhuRwCwRJSCjV_xWOPk","5",,,"Service was fantastic, food was fantastic, if your thinking about booking this dinner, do it."
"Cape Adieu Harbour Cruises","https://www.google.com/maps/search/?api=1&query=Cape%20Adieu%20Harbour%20Cruises&query_place_id=ChIJESgQdhuRwCwRJSCjV_xWOPk","5",,,"Was a fantastic experience. Very relaxing. Great service,
Great food. Would highly recommend it. Thank you all for a wonderful evening"
"Cape Adieu Harbour Cruises","https://www.google.com/maps/search/?api=1&query=Cape%20Adieu%20Harbour%20Cruises&query_place_id=ChIJESgQdhuRwCwRJSCjV_xWOPk","5",,,"Unforgettable experience for the whole family!

We all thoroughly enjoyed the Cape Adieu Sunset Dinner Cruise—it was the perfect way to take in Darwin’s iconic sunset. The atmosphere was relaxed, the food was delicious, and the views were absolutely stunning. A special shout-out to Pip and Gracie who were our graciousn hosts for the evening—so friendly and attentive!
Even showed my daughter around the boat!

Highly recommend this experience for anyone visiting Darwin.

Thank you Munro and Grace"
"Cape Adieu Harbour Cruises","https://www.google.com/maps/search/?api=1&query=Cape%20Adieu%20Harbour%20Cruises&query_place_id=ChIJESgQdhuRwCwRJSCjV_xWOPk","5",,,"Great cruise. Staff excellent and food great"
"Cape Adieu Harbour Cruises","https://www.google.com/maps/search/?api=1&query=Cape%20Adieu%20Harbour%20Cruises&query_place_id=ChIJESgQdhuRwCwRJSCjV_xWOPk","5",,,
"Cape Adieu Harbour Cruises","https://www.google.com/maps/search/?api=1&query=Cape%20Adieu%20Harbour%20Cruises&query_place_id=ChIJESgQdhuRwCwRJSCjV_xWOPk","5",,,"My mum and I spent an amazing evening on the Cape Adieu cruise. The food and ambiance were incredible, especially the Mango Madness Cocktail 🥰 We will definitely come back with friends and relatives very soon. Big thanks to the crew for everything !!"
"Cape Adieu Harbour Cruises","https://www.google.com/maps/search/?api=1&query=Cape%20Adieu%20Harbour%20Cruises&query_place_id=ChIJESgQdhuRwCwRJSCjV_xWOPk","5",,,"Grace and the team went over and beyond from booking to experience on the night. The food was sensational, as was the onboard service and view"
"Cape Adieu Harbour Cruises","https://www.google.com/maps/search/?api=1&query=Cape%20Adieu%20Harbour%20Cruises&query_place_id=ChIJESgQdhuRwCwRJSCjV_xWOPk","5",,,"Great sunset on Darwin harbour, the boat, crew and food were fantastic, good selection of drinks, the only issue was the sun set too quickly.
If in Darwin, would highly recommend this cruise."
"Cape Adieu Harbour Cruises","https://www.google.com/maps/search/?api=1&query=Cape%20Adieu%20Harbour%20Cruises&query_place_id=ChIJESgQdhuRwCwRJSCjV_xWOPk","5",,,"'Magnificent' describes the adventure, food and company experienced on the Cape Adieu."
"Cape Adieu Harbour Cruises","https://www.google.com/maps/search/?api=1&query=Cape%20Adieu%20Harbour%20Cruises&query_place_id=ChIJESgQdhuRwCwRJSCjV_xWOPk","5",,,"We went on Cape Adieu sunset dinner cruise last night and I have to say it's the most favourite thing we have done on our trip so far. The food was to die for, my favourite meal on our travels. Grace, Munro and their crew looked after us so well. This sunset dinner cruise is a must to put on your itinerary."
"Cape Adieu Harbour Cruises","https://www.google.com/maps/search/?api=1&query=Cape%20Adieu%20Harbour%20Cruises&query_place_id=ChIJESgQdhuRwCwRJSCjV_xWOPk","5",,,"What a fabulous evening. From being welcomed aboard by Grace and Munro and their lovely crew Olly, Lily,Nat and Chef Adam it was the perfect experience. Their service was impeccable so obliging and friendly. The food was delicious and they should bottle their homemade dukkah and sell it. It was fabulous watching a beautiful sunset and then the night lights of Darwin. It is a MUST for anyone visiting Darwin. Cannot recommend it enough. Also such a fabulous venue for that special occasion. 5⭐️⭐️⭐️⭐️⭐️ to Cape Adieu Darwin Cruises."
"Cape Adieu Harbour Cruises","https://www.google.com/maps/search/?api=1&query=Cape%20Adieu%20Harbour%20Cruises&query_place_id=ChIJESgQdhuRwCwRJSCjV_xWOPk","5",,,"Beautiful cruise with nice set up, great dinner and friendly staff! Can absolutely recommend!"
"Cape Adieu Harbour Cruises","https://www.google.com/maps/search/?api=1&query=Cape%20Adieu%20Harbour%20Cruises&query_place_id=ChIJESgQdhuRwCwRJSCjV_xWOPk","4",,,"Lovely experience and the crew are lovely. The food was just enough and spaced out strategically to marry in with the sunset. Glad we chose this tour out of all on offer. The boat accommodates enough without feeling crowded."
"Cape Adieu Harbour Cruises","https://www.google.com/maps/search/?api=1&query=Cape%20Adieu%20Harbour%20Cruises&query_place_id=ChIJESgQdhuRwCwRJSCjV_xWOPk","5",,,
"Cape Adieu Harbour Cruises","https://www.google.com/maps/search/?api=1&query=Cape%20Adieu%20Harbour%20Cruises&query_place_id=ChIJESgQdhuRwCwRJSCjV_xWOPk","5",,,"Food was great staff were friendly and helpful awesome sunset  views"
"Cape Adieu Harbour Cruises","https://www.google.com/maps/search/?api=1&query=Cape%20Adieu%20Harbour%20Cruises&query_place_id=ChIJESgQdhuRwCwRJSCjV_xWOPk","5",,,"Thank you to all the crew for a wonderful experience."
"Cape Adieu Harbour Cruises","https://www.google.com/maps/search/?api=1&query=Cape%20Adieu%20Harbour%20Cruises&query_place_id=ChIJESgQdhuRwCwRJSCjV_xWOPk","5",,,"An absolute stunning evening!
The food was just delish and Grace, Munro and the crew were just fabulous. Highly recommend!"
"Cape Adieu Harbour Cruises","https://www.google.com/maps/search/?api=1&query=Cape%20Adieu%20Harbour%20Cruises&query_place_id=ChIJESgQdhuRwCwRJSCjV_xWOPk","5",,,"It was lovely. Gliding across the water, eating beautiful food, feeling the gentle breeze, and listening to a (not loud) great playlist of music from the 80s and 90s."
"Cape Adieu Harbour Cruises","https://www.google.com/maps/search/?api=1&query=Cape%20Adieu%20Harbour%20Cruises&query_place_id=ChIJESgQdhuRwCwRJSCjV_xWOPk","5",,,
"Cape Adieu Harbour Cruises","https://www.google.com/maps/search/?api=1&query=Cape%20Adieu%20Harbour%20Cruises&query_place_id=ChIJESgQdhuRwCwRJSCjV_xWOPk","5",,,"A wonderful experience onboard Cape Adieu. From the warm, personalised welcome to the friendly goodbye. The service is thoughtful, my son and husband don’t eat seafood and although I didn’t communicate any dietary requirements, staff bought a cheese platter for the table. The food is light and fresh, lovely presented, great serving sizes, great local flavours, extensive bar selection, loved the local gins to choose from.  A fab experience on a delightful boat!"
"Cape Adieu Harbour Cruises","https://www.google.com/maps/search/?api=1&query=Cape%20Adieu%20Harbour%20Cruises&query_place_id=ChIJESgQdhuRwCwRJSCjV_xWOPk","5",,,"Thank you, we had an absolutely beautiful meal, such quality and friendly staff. Pip went out of her way to put 3 separate bookings together, so 3 couples could sit together.The sunset cruise and meal exceeded our expectations. A beautiful clear night to enjoy with good company and friends."
"Cape Adieu Harbour Cruises","https://www.google.com/maps/search/?api=1&query=Cape%20Adieu%20Harbour%20Cruises&query_place_id=ChIJESgQdhuRwCwRJSCjV_xWOPk","5",,,"A Must-Do Experience in Darwin!

An amazing experience on board the Cape Adieu Sunset Dinner Cruise! The meal was one of the best we had in Darwin—and that’s saying something, as we enjoyed some fantastic food during our trip.

The whole evening exceeded our expectations. The staff were warm, welcoming, and incredibly knowledgeable about the area, which added a special touch to the beautiful cruise.

Highly recommend booking this experience—it's a must-do in Darwin! We can’t wait to come back and do it again."
"Cape Adieu Harbour Cruises","https://www.google.com/maps/search/?api=1&query=Cape%20Adieu%20Harbour%20Cruises&query_place_id=ChIJESgQdhuRwCwRJSCjV_xWOPk","5",,,"What an awesome way to spend an evening in Darwin. The team were amazing. The boat was beautiful. The food was absolutely delicious and nothing was a drama. Spent the afternoon and evening relaxed enjoying the scenery and water.
Thanks Cape Adieu. What a great way to spend our first night in Darwin."
"Cape Adieu Harbour Cruises","https://www.google.com/maps/search/?api=1&query=Cape%20Adieu%20Harbour%20Cruises&query_place_id=ChIJESgQdhuRwCwRJSCjV_xWOPk","5",,,"Fabulous experience, friendly crew, very personalised and well organised. The food was exquisite. A vessel with a unique history."
"Cape Adieu Harbour Cruises","https://www.google.com/maps/search/?api=1&query=Cape%20Adieu%20Harbour%20Cruises&query_place_id=ChIJESgQdhuRwCwRJSCjV_xWOPk","4",,,"Beautiful food exceptional  service - gorgeous boat. Would have appreciated being contacted about the seating being next to the chef with obstructed views, perhaps a commentary drink or something would have been appreciated. The other seating above and below had the full sailing boat experience. Grateful non the less!"
"Cape Adieu Harbour Cruises","https://www.google.com/maps/search/?api=1&query=Cape%20Adieu%20Harbour%20Cruises&query_place_id=ChIJESgQdhuRwCwRJSCjV_xWOPk","5",,,"Had a beautiful evening,  fine food great atmosphere,  can't recommend it enough"
"Cape Adieu Harbour Cruises","https://www.google.com/maps/search/?api=1&query=Cape%20Adieu%20Harbour%20Cruises&query_place_id=ChIJESgQdhuRwCwRJSCjV_xWOPk","5",,,"Great relaxing evening food and drink excellent my wife is Vegan and was ecstatic with her food. Good music wonderful staff. Lovely evening."
"Cape Adieu Harbour Cruises","https://www.google.com/maps/search/?api=1&query=Cape%20Adieu%20Harbour%20Cruises&query_place_id=ChIJESgQdhuRwCwRJSCjV_xWOPk","5",,,
"Cape Adieu Harbour Cruises","https://www.google.com/maps/search/?api=1&query=Cape%20Adieu%20Harbour%20Cruises&query_place_id=ChIJESgQdhuRwCwRJSCjV_xWOPk","5",,,"One of the best dining experiences ive ever had, great food, awesone staff and superb trip.  Highly recommend"
"Cape Adieu Harbour Cruises","https://www.google.com/maps/search/?api=1&query=Cape%20Adieu%20Harbour%20Cruises&query_place_id=ChIJESgQdhuRwCwRJSCjV_xWOPk","5",,,"Had such a great night on the Cape Adieu! We brought our fish from the fishing charter that day with offshore and they cooked it up for us beautifully!!
So lovely, staff were great, boat was stunning!

Thanks gang!"
"Cape Adieu Harbour Cruises","https://www.google.com/maps/search/?api=1&query=Cape%20Adieu%20Harbour%20Cruises&query_place_id=ChIJESgQdhuRwCwRJSCjV_xWOPk","5",,,
"Cape Adieu Harbour Cruises","https://www.google.com/maps/search/?api=1&query=Cape%20Adieu%20Harbour%20Cruises&query_place_id=ChIJESgQdhuRwCwRJSCjV_xWOPk","5",,,"Beautiful staff, beautiful food, beautiful company and a beautiful evening"
"Cape Adieu Harbour Cruises","https://www.google.com/maps/search/?api=1&query=Cape%20Adieu%20Harbour%20Cruises&query_place_id=ChIJESgQdhuRwCwRJSCjV_xWOPk","5",,,"Exceptional cruise, Sensational food,Highly recommended for all.!!!"
"Cape Adieu Harbour Cruises","https://www.google.com/maps/search/?api=1&query=Cape%20Adieu%20Harbour%20Cruises&query_place_id=ChIJESgQdhuRwCwRJSCjV_xWOPk","5",,,
"Cape Adieu Harbour Cruises","https://www.google.com/maps/search/?api=1&query=Cape%20Adieu%20Harbour%20Cruises&query_place_id=ChIJESgQdhuRwCwRJSCjV_xWOPk","5",,,"Excellent cruise , fantastic service, great food and a spectacular sunset"
"Cape Adieu Harbour Cruises","https://www.google.com/maps/search/?api=1&query=Cape%20Adieu%20Harbour%20Cruises&query_place_id=ChIJESgQdhuRwCwRJSCjV_xWOPk","5",,,"Best cruise drinking beautiful champagne watching the sun go down. great service, the mains with the baramundi was to die for.  Good job"
"Cape Adieu Harbour Cruises","https://www.google.com/maps/search/?api=1&query=Cape%20Adieu%20Harbour%20Cruises&query_place_id=ChIJESgQdhuRwCwRJSCjV_xWOPk","5",,,"Loved the Cruise, Loved the Food!!!  Crew were great!"
"Cape Adieu Harbour Cruises","https://www.google.com/maps/search/?api=1&query=Cape%20Adieu%20Harbour%20Cruises&query_place_id=ChIJESgQdhuRwCwRJSCjV_xWOPk","5",,,"We had a lovely relaxing trip with room to move.  The food was exceptional; really enjoyed our experience!"
"Cape Adieu Harbour Cruises","https://www.google.com/maps/search/?api=1&query=Cape%20Adieu%20Harbour%20Cruises&query_place_id=ChIJESgQdhuRwCwRJSCjV_xWOPk","5",,,"Fantastic cruise with friendly and attentive staff. Easy to book and great menu and selection of drinks. Would highly recommend!"
"Cape Adieu Harbour Cruises","https://www.google.com/maps/search/?api=1&query=Cape%20Adieu%20Harbour%20Cruises&query_place_id=ChIJESgQdhuRwCwRJSCjV_xWOPk","5",,,"Was a truly wonderful evening. The boat was lovely the crew very friendly and the food excellent."
"Cape Adieu Harbour Cruises","https://www.google.com/maps/search/?api=1&query=Cape%20Adieu%20Harbour%20Cruises&query_place_id=ChIJESgQdhuRwCwRJSCjV_xWOPk","5",,,"Terrific crew, food, service, and ambience. Wonderful evening cruise. Thank you"
"Cape Adieu Harbour Cruises","https://www.google.com/maps/search/?api=1&query=Cape%20Adieu%20Harbour%20Cruises&query_place_id=ChIJESgQdhuRwCwRJSCjV_xWOPk","5",,,"A great evening spent cruising on Darwin Harbour. Friendly and efficient captain and crew, delicious food, lovely ship, beautiful sunset. A wonderful way to cap off our week in Darwin. So glad we booked on Cape Adieu.
Thanks Munro and team.
L & P Lee"
"Cape Adieu Harbour Cruises","https://www.google.com/maps/search/?api=1&query=Cape%20Adieu%20Harbour%20Cruises&query_place_id=ChIJESgQdhuRwCwRJSCjV_xWOPk","5",,,"What an incredible experience! The boat, the food, the staff and that sunset! An unforgettable birthday for me...that's for sure, and we totally recommend 👌 Well done Cape Adeiu, so glad we chose your cruise experience...it was perfect👏"
"Cape Adieu Harbour Cruises","https://www.google.com/maps/search/?api=1&query=Cape%20Adieu%20Harbour%20Cruises&query_place_id=ChIJESgQdhuRwCwRJSCjV_xWOPk","5",,,"Food was excellent. Staff very friendly and helpful. Venue was perfect with 360° views and the atmosphere was perfect."
"Cape Adieu Harbour Cruises","https://www.google.com/maps/search/?api=1&query=Cape%20Adieu%20Harbour%20Cruises&query_place_id=ChIJESgQdhuRwCwRJSCjV_xWOPk","5",,,"Just an absolutely brilliant experience; delicious food, delightful service, stunning sunset. Ollie was a consummately professional table attendant — 5 stars + Well worth it."
"Cape Adieu Harbour Cruises","https://www.google.com/maps/search/?api=1&query=Cape%20Adieu%20Harbour%20Cruises&query_place_id=ChIJESgQdhuRwCwRJSCjV_xWOPk","5",,,"A gorgeous evening sunset dinner cruise, on Cape Adieu, delicious dinner, friendly staff and amazing sunset, thanks Munro and the team"
"Cape Adieu Harbour Cruises","https://www.google.com/maps/search/?api=1&query=Cape%20Adieu%20Harbour%20Cruises&query_place_id=ChIJESgQdhuRwCwRJSCjV_xWOPk","4",,,"Had a most enjoyable dinner cruise. The service and food was top class. Highly recommend. Can’t wait for the photos to be posted."
"Cape Adieu Harbour Cruises","https://www.google.com/maps/search/?api=1&query=Cape%20Adieu%20Harbour%20Cruises&query_place_id=ChIJESgQdhuRwCwRJSCjV_xWOPk","5",,,"Great experience: delicious meal, welcoming staff, smooth sailing."
"Cape Adieu Harbour Cruises","https://www.google.com/maps/search/?api=1&query=Cape%20Adieu%20Harbour%20Cruises&query_place_id=ChIJESgQdhuRwCwRJSCjV_xWOPk","5",,,"We had the most beautifully relaxed evening cruising on the Cape Adieu. I am not a lover of seafood so chose the steak and it was cooked to perfection. The entree was a selection of 3 lots of seafood which l tried but not for me..the skipper Munro bought out cheese, salami and biscuits for me. Could not have been more grateful as l chose not to mention l didn’t like seafood when booking as the main & dessert was enough for me.
The staff were extremely helpful, friendly and very obliging. They were happy to stop for a chat and take photos of us at the bow of the boat during the sunset.
A wonderful evening spent with good company, amazing food, great hospitality.
Your story is a credit to you, we will certainly join you again when back in Darwin."
"Cape Adieu Harbour Cruises","https://www.google.com/maps/search/?api=1&query=Cape%20Adieu%20Harbour%20Cruises&query_place_id=ChIJESgQdhuRwCwRJSCjV_xWOPk","5",,,"Munroe and his Awsome crew made sure we had the best sunset cruise experience!
The food was divine and beautifully presented. The atmosphere was relaxed and the cocktails were delish!  If you are looking for a more personalised experience, this is the one!! Would highly recommend!! 🙌🌴🌅"
"Cape Adieu Harbour Cruises","https://www.google.com/maps/search/?api=1&query=Cape%20Adieu%20Harbour%20Cruises&query_place_id=ChIJESgQdhuRwCwRJSCjV_xWOPk","5",,,"My husband and I had a wonderful sunset cruise experience with Murno and his fantastic team on Cape Adieu. This cruise exceeded our expectations - lovely sunset, friendly and attentive crew, a personalised approach with our table and the best 4 course meal we've enjoyed in ages with fresh seafood and tender steak included. We highly recommend this cruise to anyone wanting that something special from the Darwin Harbour."
"Cape Adieu Harbour Cruises","https://www.google.com/maps/search/?api=1&query=Cape%20Adieu%20Harbour%20Cruises&query_place_id=ChIJESgQdhuRwCwRJSCjV_xWOPk","5",,,"What a great experience it was to spend the evening aboard the Cape Adieu! everything was thought of to provide carefree and enjoyable cruise, the service and food was perfect! A special thank you to Munro, Ollie and all the crew, I highly recommend this as a must do in Darwin."
"Cape Adieu Harbour Cruises","https://www.google.com/maps/search/?api=1&query=Cape%20Adieu%20Harbour%20Cruises&query_place_id=ChIJESgQdhuRwCwRJSCjV_xWOPk","5",,,"""Edit""This is our second time  a must do when visiting Darwin
The boat is just a beautiful old lady of the sea
Staff are new to the game and show passion to their business, food and company was excellent
Thanks for a great few hours on the magnificent Darwin harbour, we will be back
Damian and Lenny"
"Cape Adieu Harbour Cruises","https://www.google.com/maps/search/?api=1&query=Cape%20Adieu%20Harbour%20Cruises&query_place_id=ChIJESgQdhuRwCwRJSCjV_xWOPk","5",,,"We had the best time on this sunset cruise and the food was amazing and so was the fantastic staff. Totally recommend Cape Adieu Harbour Cruise."
"Cape Adieu Harbour Cruises","https://www.google.com/maps/search/?api=1&query=Cape%20Adieu%20Harbour%20Cruises&query_place_id=ChIJESgQdhuRwCwRJSCjV_xWOPk","5",,,"thankyou Cape Adieu and crew. Was an awesome experience. Amazing food and amazing service would highly recommend"
"Cape Adieu Harbour Cruises","https://www.google.com/maps/search/?api=1&query=Cape%20Adieu%20Harbour%20Cruises&query_place_id=ChIJESgQdhuRwCwRJSCjV_xWOPk","5",,,"Munro and his team were very welcoming. The 4 course meal was delicious and drinks menu was extensive and reasonably priced. Viewing Darwin from the water gives you an entirely new perspective of the city and shoreline and the sunset would be hard to beat worldwide. Highly recommend this sunset dinner cruise if you’re looking for an exceptional experience while you’re in Darwin. The complimentary photos are an added bonus."
"Cape Adieu Harbour Cruises","https://www.google.com/maps/search/?api=1&query=Cape%20Adieu%20Harbour%20Cruises&query_place_id=ChIJESgQdhuRwCwRJSCjV_xWOPk","5",,,"This was a wonderful way for us to finish our 10 night family holiday in Darwin. Food and service was spot on and the cruise was spectacular"
"Cape Adieu Harbour Cruises","https://www.google.com/maps/search/?api=1&query=Cape%20Adieu%20Harbour%20Cruises&query_place_id=ChIJESgQdhuRwCwRJSCjV_xWOPk","5",,,"The experience of the sunset was fantastic and the crew were great. For me the only minor hiccup was the gap between entrees and main course I thought was a little too long. However that would not stop me from having a return trip at some stage"
"Cape Adieu Harbour Cruises","https://www.google.com/maps/search/?api=1&query=Cape%20Adieu%20Harbour%20Cruises&query_place_id=ChIJESgQdhuRwCwRJSCjV_xWOPk","5",,,"Great cruise, lovely food. Ollie our waiter was amazing, really chatty and a top bloke. Thanks"
"Cape Adieu Harbour Cruises","https://www.google.com/maps/search/?api=1&query=Cape%20Adieu%20Harbour%20Cruises&query_place_id=ChIJESgQdhuRwCwRJSCjV_xWOPk","5",,,"We had a group of eight that went out for a sunset cruise with Cape Adieu. We all had a wonderful time, the vessel was smooth and quiet, the food and service was outstanding and the general ambiance was first class. We would highly recommend Cape Adieu."
"Cape Adieu Harbour Cruises","https://www.google.com/maps/search/?api=1&query=Cape%20Adieu%20Harbour%20Cruises&query_place_id=ChIJESgQdhuRwCwRJSCjV_xWOPk","5",,,"This cruise was delightfully relaxing, the service impeccable and the cuisine innovative. The crew were professional yet warm and personable. The sunset did not disappoint. Highly recommend!"
"Cape Adieu Harbour Cruises","https://www.google.com/maps/search/?api=1&query=Cape%20Adieu%20Harbour%20Cruises&query_place_id=ChIJESgQdhuRwCwRJSCjV_xWOPk","5",,,"This is a lovely personal experience with smaller groups and not crowded. Meal was delicious and sunset was amazing! Highly recommend this!"
"Cape Adieu Harbour Cruises","https://www.google.com/maps/search/?api=1&query=Cape%20Adieu%20Harbour%20Cruises&query_place_id=ChIJESgQdhuRwCwRJSCjV_xWOPk","5",,,"Service and food were wonderful. Great sunset and recommend the cocktails!"
"Cape Adieu Harbour Cruises","https://www.google.com/maps/search/?api=1&query=Cape%20Adieu%20Harbour%20Cruises&query_place_id=ChIJESgQdhuRwCwRJSCjV_xWOPk","5",,,"Fantastic night out with lovely food and friendly crew. Super relaxing. Wonderful."
"Cape Adieu Harbour Cruises","https://www.google.com/maps/search/?api=1&query=Cape%20Adieu%20Harbour%20Cruises&query_place_id=ChIJESgQdhuRwCwRJSCjV_xWOPk","5",,,
"Cape Adieu Harbour Cruises","https://www.google.com/maps/search/?api=1&query=Cape%20Adieu%20Harbour%20Cruises&query_place_id=ChIJESgQdhuRwCwRJSCjV_xWOPk","5",,,"Thank you so much Munro and Grace. We adored our experience on Cape Adieu.  From the moment you welcomed us onboard the magic began. The boat is beautiful the staff fantastic and the food was amazing, fresh Oysters, prawns and steak so tender. The sunset was amazing , an ever changing pallet of colours. On the return journey as the sun set we were greeted with an illuminous full moon and if that wasn’t enough even a shooting star!
The Cape is a smaller boat which provided an intimate experience, and your attention to detail and excellent service made it a night to remember. We highly recommend this and will definitely be back! Thanks, Debs and Baz"
"Cape Adieu Harbour Cruises","https://www.google.com/maps/search/?api=1&query=Cape%20Adieu%20Harbour%20Cruises&query_place_id=ChIJESgQdhuRwCwRJSCjV_xWOPk","5",,,
"Cape Adieu Harbour Cruises","https://www.google.com/maps/search/?api=1&query=Cape%20Adieu%20Harbour%20Cruises&query_place_id=ChIJESgQdhuRwCwRJSCjV_xWOPk","5",,,"We had the best experience ever, aboard Cape Adieu!

Online booking through the website was a piece of cake.

We were met by Munro at the gate which was a nice surprise. Once checked off, we were shown to our seats and our first drinks order was taken. All night the staff were attentive and saw to our every need.

The food was sensational - all delish, but the yam puree with the steak was incredible!

Munro gave us (and all passengers) plenty of his time, telling stories about the boat and his time in agriculture before taking over the business. He even took some great photos of our group and the setting sun, which he kindly shared following our trip.

All round - this cruise was brilliant and a must do if you're in Darwin! Not sure when we'll be back in the NT, but if we are, we'll be sure to sail again!"
"Cape Adieu Harbour Cruises","https://www.google.com/maps/search/?api=1&query=Cape%20Adieu%20Harbour%20Cruises&query_place_id=ChIJESgQdhuRwCwRJSCjV_xWOPk","5",,,"We had a really enjoyable evening. Thanks so much."
"Cape Adieu Harbour Cruises","https://www.google.com/maps/search/?api=1&query=Cape%20Adieu%20Harbour%20Cruises&query_place_id=ChIJESgQdhuRwCwRJSCjV_xWOPk","5",,,"A unique dining experience with fantastic staff. A great meal needs the elements of atmosphere, taste & personality, all boxes are ticked here. Highly recommended"
"Cape Adieu Harbour Cruises","https://www.google.com/maps/search/?api=1&query=Cape%20Adieu%20Harbour%20Cruises&query_place_id=ChIJESgQdhuRwCwRJSCjV_xWOPk","5",,,"We had a lovely and intimate anniversary dinner on the cruiser. Great food, friendly and attentive service and the views were amazing of course :) 10/10 recommendation from us!"
"Cape Adieu Harbour Cruises","https://www.google.com/maps/search/?api=1&query=Cape%20Adieu%20Harbour%20Cruises&query_place_id=ChIJESgQdhuRwCwRJSCjV_xWOPk","5",,,
"Cape Adieu Harbour Cruises","https://www.google.com/maps/search/?api=1&query=Cape%20Adieu%20Harbour%20Cruises&query_place_id=ChIJESgQdhuRwCwRJSCjV_xWOPk","5",,,"What a night!!!!! The Sunset Dinner Cruise was spectacular….the boat, the food, the crew…..a of course the sunset….made it a night to remember! We booked by chance and were so surprised…. we felt so lucky to have had this experience. To Munro and his team, thank you….to everyone else…
Do it! You won’t regret it!"
"Cape Adieu Harbour Cruises","https://www.google.com/maps/search/?api=1&query=Cape%20Adieu%20Harbour%20Cruises&query_place_id=ChIJESgQdhuRwCwRJSCjV_xWOPk","5",,,"Did the Dinner cruise 6th July - absolutely brilliant.
Smaller vessel, intimate, staff were excellent, quality of food was very good.
This is the 3rd one we’ve done in Darwin, by far the best.
Thoroughly recommend."
"Cape Adieu Harbour Cruises","https://www.google.com/maps/search/?api=1&query=Cape%20Adieu%20Harbour%20Cruises&query_place_id=ChIJESgQdhuRwCwRJSCjV_xWOPk","5",,,"I couldn’t recommend Cape Adieu,
Grace and her crew more highly. From the online booking followed by confirming phone calls to ensure dietary requirements and all wishes were going to be met was nothing short of brilliant customer service. Aboard we go. What a stunning yacht Cape Adieu is!!
Couple this with the most out of this world 4 course meal - to be honest it was the most delicious meal we had for our 10 day holiday in Darwin! The prompt and friendly service on board topped off a truly wonderful experience. 10/10 for us. Thank you so much Grace and team for creating such a memorable and special night for us. We will most definitely be coming aboard again should we visit beautiful Darwin in the future.
Kind regards Honni"
"Cape Adieu Harbour Cruises","https://www.google.com/maps/search/?api=1&query=Cape%20Adieu%20Harbour%20Cruises&query_place_id=ChIJESgQdhuRwCwRJSCjV_xWOPk","5",,,"Munroe, Grace, Pip and the rest of the crew on Cape Adieu, we cant thank you enough for fitting us into your dinner cruise last night. We thoroughly enjoyed it. Everything was top class, the welcome aboard, the way we were looked after by a happy crew, the meal. There was nothing we could fault and we would thoroughly recommend the experience"
"Cape Adieu Harbour Cruises","https://www.google.com/maps/search/?api=1&query=Cape%20Adieu%20Harbour%20Cruises&query_place_id=ChIJESgQdhuRwCwRJSCjV_xWOPk","5",,,
"Cape Adieu Harbour Cruises","https://www.google.com/maps/search/?api=1&query=Cape%20Adieu%20Harbour%20Cruises&query_place_id=ChIJESgQdhuRwCwRJSCjV_xWOPk","5",,,"This is quality. End to end quality. From staff to ship to food to location"
"Cape Adieu Harbour Cruises","https://www.google.com/maps/search/?api=1&query=Cape%20Adieu%20Harbour%20Cruises&query_place_id=ChIJESgQdhuRwCwRJSCjV_xWOPk","5",,,"Had a fantastic cruise. Delicious food and attentive staff. Loved being on a boat with character"
"Cape Adieu Harbour Cruises","https://www.google.com/maps/search/?api=1&query=Cape%20Adieu%20Harbour%20Cruises&query_place_id=ChIJESgQdhuRwCwRJSCjV_xWOPk","5",,,"Excellent food and an awesome experience"
"Cape Adieu Harbour Cruises","https://www.google.com/maps/search/?api=1&query=Cape%20Adieu%20Harbour%20Cruises&query_place_id=ChIJESgQdhuRwCwRJSCjV_xWOPk","5",,,"The latest of several dinner cruises on the Cape Adieu over several years.  Excellent experience as always.  Crew always impress with their efficiency and friendliness, and a revised process for serving the dinner courses has made it smoother, simpler and fuss-free.    You made me feel like not simply a welcome guest, but a friend.
Well done Cape Adieu."
"Cape Adieu Harbour Cruises","https://www.google.com/maps/search/?api=1&query=Cape%20Adieu%20Harbour%20Cruises&query_place_id=ChIJESgQdhuRwCwRJSCjV_xWOPk","5",,,"What a wonderful experience! We had a great night aboard the Cape Adieu, food and service was great. Staff were attentive and to top it off we had a great sunset to match! Well worth it"
"Cape Adieu Harbour Cruises","https://www.google.com/maps/search/?api=1&query=Cape%20Adieu%20Harbour%20Cruises&query_place_id=ChIJESgQdhuRwCwRJSCjV_xWOPk","5",,,
"Cape Adieu Harbour Cruises","https://www.google.com/maps/search/?api=1&query=Cape%20Adieu%20Harbour%20Cruises&query_place_id=ChIJESgQdhuRwCwRJSCjV_xWOPk","5",,,"Absolutely wonderful in every respect."
"Cape Adieu Harbour Cruises","https://www.google.com/maps/search/?api=1&query=Cape%20Adieu%20Harbour%20Cruises&query_place_id=ChIJESgQdhuRwCwRJSCjV_xWOPk","5",,,
"Cape Adieu Harbour Cruises","https://www.google.com/maps/search/?api=1&query=Cape%20Adieu%20Harbour%20Cruises&query_place_id=ChIJESgQdhuRwCwRJSCjV_xWOPk","5",,,"We had an amazing time, the crew were lovely and helpful, especially with a potential change due to delayed flights.
The food was amazing, we thoroughly enjoyed the evening and would do it again."
"Cape Adieu Harbour Cruises","https://www.google.com/maps/search/?api=1&query=Cape%20Adieu%20Harbour%20Cruises&query_place_id=ChIJESgQdhuRwCwRJSCjV_xWOPk","5",,,"Great cruise really enjoyed it Ollie the legend on the top deck was great couldn't do enough for us made it a great experience"
"Cape Adieu Harbour Cruises","https://www.google.com/maps/search/?api=1&query=Cape%20Adieu%20Harbour%20Cruises&query_place_id=ChIJESgQdhuRwCwRJSCjV_xWOPk","5",,,"Amazing experience! Super nice people who are passionate about their family enterprise and great food! Thank you!!"
"Cape Adieu Harbour Cruises","https://www.google.com/maps/search/?api=1&query=Cape%20Adieu%20Harbour%20Cruises&query_place_id=ChIJESgQdhuRwCwRJSCjV_xWOPk","5",,,"Highly recommended! Excellent food, great service, magic sunset. Eorth every penny"
"Cape Adieu Harbour Cruises","https://www.google.com/maps/search/?api=1&query=Cape%20Adieu%20Harbour%20Cruises&query_place_id=ChIJESgQdhuRwCwRJSCjV_xWOPk","5",,,"Nothing negative to say. This cruise is one of our best all time family memories. We plan to return and cruise again with Munro, Grace and Oli because not only was the food exceptional, the service brilliant, but as a working team catering to everybody's needs, they were thoughtful, entertaining and approachable. Thank you team Cape Adieu!"
"Cape Adieu Harbour Cruises","https://www.google.com/maps/search/?api=1&query=Cape%20Adieu%20Harbour%20Cruises&query_place_id=ChIJESgQdhuRwCwRJSCjV_xWOPk","5",,,"Great night, excellent staff, food was fantastic. Just a relaxing evening"
"Cape Adieu Harbour Cruises","https://www.google.com/maps/search/?api=1&query=Cape%20Adieu%20Harbour%20Cruises&query_place_id=ChIJESgQdhuRwCwRJSCjV_xWOPk","5",,,
"Cape Adieu Harbour Cruises","https://www.google.com/maps/search/?api=1&query=Cape%20Adieu%20Harbour%20Cruises&query_place_id=ChIJESgQdhuRwCwRJSCjV_xWOPk","5",,,"Highly recommend the Cape Adieu sunset dinner cruise if you are visiting Darwin or need a special dinner spot. Great atmosphere, friendly team and yum food."
"Cape Adieu Harbour Cruises","https://www.google.com/maps/search/?api=1&query=Cape%20Adieu%20Harbour%20Cruises&query_place_id=ChIJESgQdhuRwCwRJSCjV_xWOPk","5",,,"great cruise the night was perfect and the staff were very friendly"
"Cape Adieu Harbour Cruises","https://www.google.com/maps/search/?api=1&query=Cape%20Adieu%20Harbour%20Cruises&query_place_id=ChIJESgQdhuRwCwRJSCjV_xWOPk","4",,,"Very nice and quite, spectacular view of the sunset."
"Cape Adieu Harbour Cruises","https://www.google.com/maps/search/?api=1&query=Cape%20Adieu%20Harbour%20Cruises&query_place_id=ChIJESgQdhuRwCwRJSCjV_xWOPk","5",,,"Highly recommended - great experience and great people."
"Cape Adieu Harbour Cruises","https://www.google.com/maps/search/?api=1&query=Cape%20Adieu%20Harbour%20Cruises&query_place_id=ChIJESgQdhuRwCwRJSCjV_xWOPk","5",,,"Absolutely loved the Dinner Cruise.
5 stars all the way. Service, staff amazing.
Food sooooo good. A beautiful beautiful night.
A must, relax romantic night had by my husband and I.
🩷🩷🩷"
"Cape Adieu Harbour Cruises","https://www.google.com/maps/search/?api=1&query=Cape%20Adieu%20Harbour%20Cruises&query_place_id=ChIJESgQdhuRwCwRJSCjV_xWOPk","5",,,"Cape Adieu was an unbeatable Darwin experience. The food was amazing, the team were friendly and made you feel welcome and took the time to get to know each of their guests. A true top end experience run by down to earth Aussie people!! 10/10"
"Cape Adieu Harbour Cruises","https://www.google.com/maps/search/?api=1&query=Cape%20Adieu%20Harbour%20Cruises&query_place_id=ChIJESgQdhuRwCwRJSCjV_xWOPk","5",,,"The chef did a wonderful job with barramundi. Best  I can remember eating. Dr Bruce"
"Cape Adieu Harbour Cruises","https://www.google.com/maps/search/?api=1&query=Cape%20Adieu%20Harbour%20Cruises&query_place_id=ChIJESgQdhuRwCwRJSCjV_xWOPk","5",,,"Everything about this cruise was perfect. Spectacular views. 5 star 4 course meal - best we had on our entire holiday. Amazing staff- friendly, professional, knowledgeable. We had a table for 2 upstairs- fantastic!"
"Cape Adieu Harbour Cruises","https://www.google.com/maps/search/?api=1&query=Cape%20Adieu%20Harbour%20Cruises&query_place_id=ChIJESgQdhuRwCwRJSCjV_xWOPk","5",,,"Joined Cape Adieu for their Sunset Cruise last night. So happy we picked them it was an awesome experience of which we would highly recommend.
The ambience of the vessel was stylish and welcoming, did not feel like a run of the mill ferry, the staff so friendly and food OMG so yummy 😋
Grace & Munro we wish you all the best for the future in your venture, certainly on the right track.
Hopefully we'll be back on board one day 🙏
Marg & Kim"
"Cape Adieu Harbour Cruises","https://www.google.com/maps/search/?api=1&query=Cape%20Adieu%20Harbour%20Cruises&query_place_id=ChIJESgQdhuRwCwRJSCjV_xWOPk","5",,,"Fantastic crew, beautiful boat and the food was delicious. The attention to detail was outstanding ."
"Cape Adieu Harbour Cruises","https://www.google.com/maps/search/?api=1&query=Cape%20Adieu%20Harbour%20Cruises&query_place_id=ChIJESgQdhuRwCwRJSCjV_xWOPk","4",,,"Our cruise was fantastic. The owners and crew were genuinely welcoming, helpful and provided great service.
Noy only were the views second to none, the food exceeded my expectations.
Highly recommended."
"Cape Adieu Harbour Cruises","https://www.google.com/maps/search/?api=1&query=Cape%20Adieu%20Harbour%20Cruises&query_place_id=ChIJESgQdhuRwCwRJSCjV_xWOPk","5",,,"We had the most amazing sunset experience… everything about this experience was beyond our expectations.  Thank you to our attentive hosts and their very friendly efficient staff.  We will come back next time we are in Darwin."
"Cape Adieu Harbour Cruises","https://www.google.com/maps/search/?api=1&query=Cape%20Adieu%20Harbour%20Cruises&query_place_id=ChIJESgQdhuRwCwRJSCjV_xWOPk","5",,,"Absolutely wonderful. Munro, Grace and their team have created a wonderful environment with delicious food and service. We would highly recommend the dinner sunset cruise and believe it is a must do when in Darwin."
"Cape Adieu Harbour Cruises","https://www.google.com/maps/search/?api=1&query=Cape%20Adieu%20Harbour%20Cruises&query_place_id=ChIJESgQdhuRwCwRJSCjV_xWOPk","5",,,"Pick this sunset cruise over any other, you won’t regret it."
"Cape Adieu Harbour Cruises","https://www.google.com/maps/search/?api=1&query=Cape%20Adieu%20Harbour%20Cruises&query_place_id=ChIJESgQdhuRwCwRJSCjV_xWOPk","5",,,"Ripper night, great hosts and crew. Food was awesome."
"Cape Adieu Harbour Cruises","https://www.google.com/maps/search/?api=1&query=Cape%20Adieu%20Harbour%20Cruises&query_place_id=ChIJESgQdhuRwCwRJSCjV_xWOPk","5",,,"Excellent all round. Very friendly."
"Cape Adieu Harbour Cruises","https://www.google.com/maps/search/?api=1&query=Cape%20Adieu%20Harbour%20Cruises&query_place_id=ChIJESgQdhuRwCwRJSCjV_xWOPk","5",,,"We had the most amazing time on the cruise. The cocktail list was delicious, the wine options were excellent, and the food was exceptional. We can't wait to go again next time we are in Darwin!!"
"Cape Adieu Harbour Cruises","https://www.google.com/maps/search/?api=1&query=Cape%20Adieu%20Harbour%20Cruises&query_place_id=ChIJESgQdhuRwCwRJSCjV_xWOPk","5",,,"Not to be missed! A great dinner, beautiful cruise and ……… the staff not only superbly professional but friendly and engaging. The chef is to be commended for his creativity"
"Cape Adieu Harbour Cruises","https://www.google.com/maps/search/?api=1&query=Cape%20Adieu%20Harbour%20Cruises&query_place_id=ChIJESgQdhuRwCwRJSCjV_xWOPk","5",,,"The staff the captain the food all amazing. Thank you 🤩"
"Cape Adieu Harbour Cruises","https://www.google.com/maps/search/?api=1&query=Cape%20Adieu%20Harbour%20Cruises&query_place_id=ChIJESgQdhuRwCwRJSCjV_xWOPk","5",,,
"Cape Adieu Harbour Cruises","https://www.google.com/maps/search/?api=1&query=Cape%20Adieu%20Harbour%20Cruises&query_place_id=ChIJESgQdhuRwCwRJSCjV_xWOPk","5",,,"This was by far the best sunset cruise we have done.  The staff were lovely, food great and we thoroughly enjoyed the night.  We were seated upstairs at tables, but there was plenty of room to get up and move around during sunset."
"Cape Adieu Harbour Cruises","https://www.google.com/maps/search/?api=1&query=Cape%20Adieu%20Harbour%20Cruises&query_place_id=ChIJESgQdhuRwCwRJSCjV_xWOPk","5",,,"Stunning dinner and food. Thanks Munro, Grace and Darcy"
"Cape Adieu Harbour Cruises","https://www.google.com/maps/search/?api=1&query=Cape%20Adieu%20Harbour%20Cruises&query_place_id=ChIJESgQdhuRwCwRJSCjV_xWOPk","5",,,"We sailed with Cape Adieu on Wednesday night and it was absolutely exceptional. From the warm welcome by the captain and crew to the five-star (actually, billion-star—we were out on the ocean after all!) dining experience, everything was spot on. The food servings were generous—you definitely won’t leave hungry. We had icy cold beers and I enjoyed the best lime and bitters I’ve ever had. I’ll absolutely be back to do this cruise again. Highly recommend!"
"Cape Adieu Harbour Cruises","https://www.google.com/maps/search/?api=1&query=Cape%20Adieu%20Harbour%20Cruises&query_place_id=ChIJESgQdhuRwCwRJSCjV_xWOPk","5",,,"Loved this beautiful boat, it’s not too big so it’s not overcrowded. We sat on the front deck and had amazing views as the sun set. The food was excellent too."
"Cape Adieu Harbour Cruises","https://www.google.com/maps/search/?api=1&query=Cape%20Adieu%20Harbour%20Cruises&query_place_id=ChIJESgQdhuRwCwRJSCjV_xWOPk","5",,,"We had the most amazing time on the Cape Adieu! The food was so delicious and the cocktails were really yummy. Such a great crew and the most perfect sunset. Thank you so much xox"
"Cape Adieu Harbour Cruises","https://www.google.com/maps/search/?api=1&query=Cape%20Adieu%20Harbour%20Cruises&query_place_id=ChIJESgQdhuRwCwRJSCjV_xWOPk","5",,,"Fantastic cruise - great service and food. A must do when visiting Darwin."
"Cape Adieu Harbour Cruises","https://www.google.com/maps/search/?api=1&query=Cape%20Adieu%20Harbour%20Cruises&query_place_id=ChIJESgQdhuRwCwRJSCjV_xWOPk","5",,,"Great cruise, fantastic food, massively accommodating for shirt notice change to our booking (had to bring our toddler as the babysitter fell through)."
"Cape Adieu Harbour Cruises","https://www.google.com/maps/search/?api=1&query=Cape%20Adieu%20Harbour%20Cruises&query_place_id=ChIJESgQdhuRwCwRJSCjV_xWOPk","5",,,"Munro, Grace and a great crew gave us an unforgettable cruise. Fantastic 4 course meal and ambience on a converted Lugger out to a picturesque sunset.
Must Do if in Darwin. Neil n Deb"
"Cape Adieu Harbour Cruises","https://www.google.com/maps/search/?api=1&query=Cape%20Adieu%20Harbour%20Cruises&query_place_id=ChIJESgQdhuRwCwRJSCjV_xWOPk","5",,,"Cape Adieu sunset cruise dinner is fantastic and the food is better than ever! The friendly team went out of their way to accommodate my group. Thanks Cape Adieu!"
"Cape Adieu Harbour Cruises","https://www.google.com/maps/search/?api=1&query=Cape%20Adieu%20Harbour%20Cruises&query_place_id=ChIJESgQdhuRwCwRJSCjV_xWOPk","5",,,
"Cape Adieu Harbour Cruises","https://www.google.com/maps/search/?api=1&query=Cape%20Adieu%20Harbour%20Cruises&query_place_id=ChIJESgQdhuRwCwRJSCjV_xWOPk","5",,,"Amazing Darwin Experience!
Locally owened and operated.
Highly recommended."
"Cape Adieu Harbour Cruises","https://www.google.com/maps/search/?api=1&query=Cape%20Adieu%20Harbour%20Cruises&query_place_id=ChIJESgQdhuRwCwRJSCjV_xWOPk","5",,,
"Cape Adieu Harbour Cruises","https://www.google.com/maps/search/?api=1&query=Cape%20Adieu%20Harbour%20Cruises&query_place_id=ChIJESgQdhuRwCwRJSCjV_xWOPk","5",,,"What an amazing night we had aboard the Cape Adieu.  Everything about the experience was fantastic. Great food, staff, boat the amazing sunset. We can highly recommend this experience. Hopefully one day we can get back to Darwin and do it again. It was a delight to meet you both Monroe   and Grace and wish you all the best for the future. Judy and Joe cameron"
"Cape Adieu Harbour Cruises","https://www.google.com/maps/search/?api=1&query=Cape%20Adieu%20Harbour%20Cruises&query_place_id=ChIJESgQdhuRwCwRJSCjV_xWOPk","5",,,
"Cape Adieu Harbour Cruises","https://www.google.com/maps/search/?api=1&query=Cape%20Adieu%20Harbour%20Cruises&query_place_id=ChIJESgQdhuRwCwRJSCjV_xWOPk","5",,,
"Cape Adieu Harbour Cruises","https://www.google.com/maps/search/?api=1&query=Cape%20Adieu%20Harbour%20Cruises&query_place_id=ChIJESgQdhuRwCwRJSCjV_xWOPk","5",,,"The whole night was fantastic, food, crew everything was on point, really enjoyed  our night.Do yourself a favour and enjoy a night cruising Darwin’s sunset you won’t regret it!!"
"Cape Adieu Harbour Cruises","https://www.google.com/maps/search/?api=1&query=Cape%20Adieu%20Harbour%20Cruises&query_place_id=ChIJESgQdhuRwCwRJSCjV_xWOPk","5",,,"A great evening, good food, fantastic staff. A brilliant experience with lovely hosts."
"Cape Adieu Harbour Cruises","https://www.google.com/maps/search/?api=1&query=Cape%20Adieu%20Harbour%20Cruises&query_place_id=ChIJESgQdhuRwCwRJSCjV_xWOPk","5",,,"Fantastic experience, on a smaller relaxed boat with a great team and great food. Nice to sit out on the deck and enjoy the harbour views and the amazing sunset. Highly recommend this tour."
"Cape Adieu Harbour Cruises","https://www.google.com/maps/search/?api=1&query=Cape%20Adieu%20Harbour%20Cruises&query_place_id=ChIJESgQdhuRwCwRJSCjV_xWOPk","5",,,"Cape Adieu Sunset Cruise – A Birthday to Remember (18 May)

We celebrated my wife's birthday aboard the Cape Adieu Sunset Cruise on 18 May, and it was a night to remember. The sunset was stunning, and the crew went above and beyond to make the evening special, their warm hospitality really stood out.

Dinner was exceptional: I had the steak, perfectly cooked and full of flavour, and my wife loved the Barramundi, which was fresh and beautifully prepared. The surprise birthday dessert was a thoughtful touch that made her night.

A fantastic experience from start to finish — highly recommended!"
"Cape Adieu Harbour Cruises","https://www.google.com/maps/search/?api=1&query=Cape%20Adieu%20Harbour%20Cruises&query_place_id=ChIJESgQdhuRwCwRJSCjV_xWOPk","5",,,"The food was wonderful and the service incredible. We had a really lovely time - perfect way to enjoy a Darwin sunset."
"Cape Adieu Harbour Cruises","https://www.google.com/maps/search/?api=1&query=Cape%20Adieu%20Harbour%20Cruises&query_place_id=ChIJESgQdhuRwCwRJSCjV_xWOPk","4",,,"Food and staff were amazing.  One very disappointing thing was we were on the wrong side of the boat to get a photo with my fiance with the sunset in the background and the only photos we could get was with people we didn't know in the background.  A lot of people were over other people's table to get there photo witch I found very rude while banging into there table to get closer to the sunset while they were trying to eat and have a conversation."
"Cape Adieu Harbour Cruises","https://www.google.com/maps/search/?api=1&query=Cape%20Adieu%20Harbour%20Cruises&query_place_id=ChIJESgQdhuRwCwRJSCjV_xWOPk","5",,,"This was an amazing experience! The food was great and the staff were amazing. Highly recommend!"
"Cape Adieu Harbour Cruises","https://www.google.com/maps/search/?api=1&query=Cape%20Adieu%20Harbour%20Cruises&query_place_id=ChIJESgQdhuRwCwRJSCjV_xWOPk","5",,,"A great Sunset Cruise last night. 4 course meal was exceptional. Staff were friendly and tentative. The ocean  was so calm and the sunset spectacular. Would highly recommend."
"Cape Adieu Harbour Cruises","https://www.google.com/maps/search/?api=1&query=Cape%20Adieu%20Harbour%20Cruises&query_place_id=ChIJESgQdhuRwCwRJSCjV_xWOPk","5",,,"Beautiful service, fantastic food. Can’t beat a Darwin harbour sunset and Cape Adieu hosted us exceptionally well."
"Cape Adieu Harbour Cruises","https://www.google.com/maps/search/?api=1&query=Cape%20Adieu%20Harbour%20Cruises&query_place_id=ChIJESgQdhuRwCwRJSCjV_xWOPk","5",,,"Brilliant food and views. Had a great time and the staff were amazing!"
"Cape Adieu Harbour Cruises","https://www.google.com/maps/search/?api=1&query=Cape%20Adieu%20Harbour%20Cruises&query_place_id=ChIJESgQdhuRwCwRJSCjV_xWOPk","5",,,"great service, the food was amazing, the boat ride and seating was super comfortable and there was plenty of space to get up and move around to enjoy the beautiful ocean views!"
"Cape Adieu Harbour Cruises","https://www.google.com/maps/search/?api=1&query=Cape%20Adieu%20Harbour%20Cruises&query_place_id=ChIJESgQdhuRwCwRJSCjV_xWOPk","5",,,
"Cape Adieu Harbour Cruises","https://www.google.com/maps/search/?api=1&query=Cape%20Adieu%20Harbour%20Cruises&query_place_id=ChIJESgQdhuRwCwRJSCjV_xWOPk","5",,,"Really great night, with delicious food and personalized service. Highly recommend doing at and will happily go again next time we are there."
"Cape Adieu Harbour Cruises","https://www.google.com/maps/search/?api=1&query=Cape%20Adieu%20Harbour%20Cruises&query_place_id=ChIJESgQdhuRwCwRJSCjV_xWOPk","5",,,"Wonderful cruise with a great crew, fantastic food and plenty of sights. A superb way to see Darwin."
"Cape Adieu Harbour Cruises","https://www.google.com/maps/search/?api=1&query=Cape%20Adieu%20Harbour%20Cruises&query_place_id=ChIJESgQdhuRwCwRJSCjV_xWOPk","5",,,"Had a amazing night, our crew were fantastic and the food was sensational. Thanks , and highly recommend this experience. 😊😊"
"Cape Adieu Harbour Cruises","https://www.google.com/maps/search/?api=1&query=Cape%20Adieu%20Harbour%20Cruises&query_place_id=ChIJESgQdhuRwCwRJSCjV_xWOPk","5",,,"Fantastic cruise and crew"
"Cape Adieu Harbour Cruises","https://www.google.com/maps/search/?api=1&query=Cape%20Adieu%20Harbour%20Cruises&query_place_id=ChIJESgQdhuRwCwRJSCjV_xWOPk","5",,,"Echoing the experiences of
many others, our sunset dinner cruise was excellent. The crew were all warm, friendly and attentive. The dinner was exceptional! The atmosphere created this and the combination of the wonderful scenery of Darwin harbour, a fantastic vessel and perfect weather made the trip unforgettable. Thank-you to Grace, Monroe and the team. Highly recommended."
"Cape Adieu Harbour Cruises","https://www.google.com/maps/search/?api=1&query=Cape%20Adieu%20Harbour%20Cruises&query_place_id=ChIJESgQdhuRwCwRJSCjV_xWOPk","5",,,
"Cape Adieu Harbour Cruises","https://www.google.com/maps/search/?api=1&query=Cape%20Adieu%20Harbour%20Cruises&query_place_id=ChIJESgQdhuRwCwRJSCjV_xWOPk","5",,,"If I could give 6 stars I would. What a fantastic dinner cruise!!  Food amazing. Staff super amazing.  What a way to spend our evening in Darwin!  Sunset and then full moon to top it off.  Thank you for a very memorable night 🫶"
"Cape Adieu Harbour Cruises","https://www.google.com/maps/search/?api=1&query=Cape%20Adieu%20Harbour%20Cruises&query_place_id=ChIJESgQdhuRwCwRJSCjV_xWOPk","5",,,"It was an amazing cruise around the harbour in Darwin. The meal was a delicious, with 4 courses, cooked and presented to perfection. Staff extremely knowledgeable, efficient and friendly. I would highly recommend Adieu cruises"
"Cape Adieu Harbour Cruises","https://www.google.com/maps/search/?api=1&query=Cape%20Adieu%20Harbour%20Cruises&query_place_id=ChIJESgQdhuRwCwRJSCjV_xWOPk","5",,,"A wonderful experience. The staff were fantastic and the food was fabulous. Top it off with a Darwin sunset followed by a perfect full moon.
A special night to remember.
Thanks to all from Maggie and Mike"
"Cape Adieu Harbour Cruises","https://www.google.com/maps/search/?api=1&query=Cape%20Adieu%20Harbour%20Cruises&query_place_id=ChIJESgQdhuRwCwRJSCjV_xWOPk","5",,,"Was an amazing activity to do while in Darwin. Well Worth the price and catered well for a celiac. Amazing service and dinner"
"Cape Adieu Harbour Cruises","https://www.google.com/maps/search/?api=1&query=Cape%20Adieu%20Harbour%20Cruises&query_place_id=ChIJESgQdhuRwCwRJSCjV_xWOPk","5",,,"An absolutely stunning cruise experience! From start to finish, the staff went above and beyond to ensure our comfort and enjoyment. Their warmth and dedication made the journey truly unforgettable. Highly recommend!"
"Cape Adieu Harbour Cruises","https://www.google.com/maps/search/?api=1&query=Cape%20Adieu%20Harbour%20Cruises&query_place_id=ChIJESgQdhuRwCwRJSCjV_xWOPk","5",,,
"Cape Adieu Harbour Cruises","https://www.google.com/maps/search/?api=1&query=Cape%20Adieu%20Harbour%20Cruises&query_place_id=ChIJESgQdhuRwCwRJSCjV_xWOPk","5",,,"Absolutely wonderful. Fantastic food brilliant staff"
"Cape Adieu Harbour Cruises","https://www.google.com/maps/search/?api=1&query=Cape%20Adieu%20Harbour%20Cruises&query_place_id=ChIJESgQdhuRwCwRJSCjV_xWOPk","5",,,"We celebrated my partners birthday with a sunset dinner cruise on Cape Adieu and it was absolutely unforgettable! The views were breathtaking, the food was five-star delicious, and every member of the crew went above and beyond to make the evening special. Warm, welcoming, and beautifully run from start to finish – we couldn’t recommend it more!"
"Cape Adieu Harbour Cruises","https://www.google.com/maps/search/?api=1&query=Cape%20Adieu%20Harbour%20Cruises&query_place_id=ChIJESgQdhuRwCwRJSCjV_xWOPk","5",,,"Definitely recommend this trip.   So much more personable :  smaller numbers.  Great service.   Cannot fault it.    Thanks for the wonderful trip guys 👏🤩"
"Cape Adieu Harbour Cruises","https://www.google.com/maps/search/?api=1&query=Cape%20Adieu%20Harbour%20Cruises&query_place_id=ChIJESgQdhuRwCwRJSCjV_xWOPk","5",,,"Grace and Munro are fantastic hosts who make you feel welcome from the moment you board Cape Adieu. The four-course meal was exceptional, especially the beautifully cooked barramundi and the fresh local seafood throughout. Sipping cocktails at sunset made the whole experience uniquely special—an unforgettable way to enjoy Darwin. Highly recommend!"
"Cape Adieu Harbour Cruises","https://www.google.com/maps/search/?api=1&query=Cape%20Adieu%20Harbour%20Cruises&query_place_id=ChIJESgQdhuRwCwRJSCjV_xWOPk","5",,,"Cape Adieu is a fabulous way to enjoy Darwin’s stunning sunset. The food was top quality and delicious, with a local flavour. The owners are super generous and kind, this was the best sunset cruise in the top end. Can’t recommend enough. Thank you Munro and Grace for a wonderful experience!"
"Cape Adieu Harbour Cruises","https://www.google.com/maps/search/?api=1&query=Cape%20Adieu%20Harbour%20Cruises&query_place_id=ChIJESgQdhuRwCwRJSCjV_xWOPk","5",,,"From the moment we made our booking to leaving the boat after our cruise, Grace and Munroe made the experience unforgettable. We were greeted by name and made to feel like long lost friends! Cape Adieu is a very nicely fitted out vessel which was easy to maneouvre around to get good views of the scenery. Our team from the US were thrilled by the whole experience. While we did not have the meal, watching all the chefs in the kitchen was a treat in itself. So professional and artistic in the execution of their trade. It was fun watching all those beautiful plates go up to the upper deck and come back down empty. Grace and Munroe made sure we got as much attention as the diners, with frequent check-ins and just spending time chatting to us all. And of course the sunset was absolutely delightful. Thank you Grace, your energy and love of what you do was the icing on the cake of a wonderful sunset cruise."
"Cape Adieu Harbour Cruises","https://www.google.com/maps/search/?api=1&query=Cape%20Adieu%20Harbour%20Cruises&query_place_id=ChIJESgQdhuRwCwRJSCjV_xWOPk","5",,,"Wow - what an amazing experience provided by Grace, Munro and the team at Cape Adieu. From the moment you step aboard, everything is taken care of. Sit back and relax and take in a unique sunset cruise experience with great food and drink options."
"Cape Adieu Harbour Cruises","https://www.google.com/maps/search/?api=1&query=Cape%20Adieu%20Harbour%20Cruises&query_place_id=ChIJESgQdhuRwCwRJSCjV_xWOPk","5",,,"A wonderful evening on the Harbour. Our hosts were welcoming.  The yacht spacious, clean and comfortable.  An enjoyable, happy experience."
"Cape Adieu Harbour Cruises","https://www.google.com/maps/search/?api=1&query=Cape%20Adieu%20Harbour%20Cruises&query_place_id=ChIJESgQdhuRwCwRJSCjV_xWOPk","5",,,"A lovely sunset cruise and meal.  The barramundi was divine and my husband loved the meat and said it was cooked to perfection. Grace and Munro were lovely and I would highly recommend splurging and doing this sunset cruise."
"Cape Adieu Harbour Cruises","https://www.google.com/maps/search/?api=1&query=Cape%20Adieu%20Harbour%20Cruises&query_place_id=ChIJESgQdhuRwCwRJSCjV_xWOPk","5",,,"We had a fabulous dinner cruise on Cape Adieu. The food was delicious and the cruise was a wonderful way to see parts of Darwin and its beautiful coastline. The skipper Munro’s and his partner Grace were first class. Great to see two young people working hard to make their dreams come true. They were fantastic hosts. This is a must do trip if you come to visit Darwin."
"Cape Adieu Harbour Cruises","https://www.google.com/maps/search/?api=1&query=Cape%20Adieu%20Harbour%20Cruises&query_place_id=ChIJESgQdhuRwCwRJSCjV_xWOPk","5",,,"What a fabulous experience. Starting from the amazing staff who were just wonderful,helpful, and full of smiles. The food was second to none. just beautiful from start to finish. Great commentary for we tourists.Great bar with a fabulous selection of drinks. Definitely an experience you need to do. Can’t speak highly enough 😀😀"
"Cape Adieu Harbour Cruises","https://www.google.com/maps/search/?api=1&query=Cape%20Adieu%20Harbour%20Cruises&query_place_id=ChIJESgQdhuRwCwRJSCjV_xWOPk","5",,,"Our Cape Adieu sunset cruise was seriously fantastic! The staff (especially Grace’s hospitality) were exceptional, making our cruise so memorable!  We had the best sunset, service and experience! What a brilliantly run tour! We felt like we part of a big family with the friendly staff who went above and beyond! Would highly recommend this cruise - awesome!"
"Cape Adieu Harbour Cruises","https://www.google.com/maps/search/?api=1&query=Cape%20Adieu%20Harbour%20Cruises&query_place_id=ChIJESgQdhuRwCwRJSCjV_xWOPk","5",,,"My father and I had the absolute pleasure of joining a Cape Adieu fishing safari, and it exceeded every expectation. From start to finish, the experience was seamless, memorable, and full of highlights. The freshly caught and cooked chilli crab was hands-down one of the best meals we've ever had – you just can't beat seafood that fresh, especially when it’s prepared to perfection.

The accommodation was unexpectedly luxurious – incredibly comfortable, well-appointed, and offered stunning views that made each moment onboard feel special. Munro and Grace were exceptional hosts – knowledgeable, warm, and genuinely passionate about what they do. They made us feel right at home while also sharing their deep understanding of the region and its rich marine life.

Whether you're a keen angler or simply after a top-tier Territory experience with unbeatable hospitality, Cape Adieu is a must. We’re already planning our next trip!"
"Cape Adieu Harbour Cruises","https://www.google.com/maps/search/?api=1&query=Cape%20Adieu%20Harbour%20Cruises&query_place_id=ChIJESgQdhuRwCwRJSCjV_xWOPk","5",,,"Spacious and clean. Friendly staff and lovely boat. Best one to go on as the tables are nice and spaced apart. We were on the top deck and it was nice with great views of the harbour. Food was excellent with plenty of prawns and oysters to help yourself too as a starter then the main course comes and you choose your salads from the buffet. Grilled Barramundi was lovely. BYO is a big plus or they are fully licensed as well with plenty of wines and beers. Overall a relaxing and enjoyable evening."
"Cape Adieu Harbour Cruises","https://www.google.com/maps/search/?api=1&query=Cape%20Adieu%20Harbour%20Cruises&query_place_id=ChIJESgQdhuRwCwRJSCjV_xWOPk","1",,,"We booked to go out but alas it was cancelled and we lost our money. Still waiting to be reimbursed. Shame on office who does not take responsibility.
Please reimburse me for 2 adults. 14 june 2024 you took our money and not us !
Please refer to your emails. D
Beware !"
"Cape Adieu Harbour Cruises","https://www.google.com/maps/search/?api=1&query=Cape%20Adieu%20Harbour%20Cruises&query_place_id=ChIJESgQdhuRwCwRJSCjV_xWOPk","5",,,"Such an awesome evening aboard Cape Adieu! Grace and Munro were so welcoming! Can’t wait to do it again next season."
"Cape Adieu Harbour Cruises","https://www.google.com/maps/search/?api=1&query=Cape%20Adieu%20Harbour%20Cruises&query_place_id=ChIJESgQdhuRwCwRJSCjV_xWOPk","5",,,"We live local and decided on Cape Adieu for a sunset cruise. Absolutely fantastic. Not over packed. Great food. Great service. Informative talk on the harbour. Loved the experience. Cheers guys

Only down fall was I booked it thru TripAdvisor and they got to be a bit painfull with emails on irrelevant stuff."
"Cape Adieu Harbour Cruises","https://www.google.com/maps/search/?api=1&query=Cape%20Adieu%20Harbour%20Cruises&query_place_id=ChIJESgQdhuRwCwRJSCjV_xWOPk","5",,,"We rang and were accommodated for a last minute booking as we were only in Darwin a short time. Host was very helpful and very prompt in getting back to us. Exceptional service and food. Everyone was very professional, friendly and happy to engage and chat. Highly recommend! Thank-you for a wonderful dining experience."
"Cape Adieu Harbour Cruises","https://www.google.com/maps/search/?api=1&query=Cape%20Adieu%20Harbour%20Cruises&query_place_id=ChIJESgQdhuRwCwRJSCjV_xWOPk","5",,,"a lovelly night cruising the harbour.
small group as apposed to a larger buisness.

food amazing and the views awseome.

will be back again"
"Cape Adieu Harbour Cruises","https://www.google.com/maps/search/?api=1&query=Cape%20Adieu%20Harbour%20Cruises&query_place_id=ChIJESgQdhuRwCwRJSCjV_xWOPk","5",,,"Wow, I don't even know where to start! What an absolutely fantastic evening. Thank you to the crew of the Cape Adieu for, what I confidently say is, the best Sunset cruise in Darwin. Nothing to fault, the food is mouthwatering with the freshest seafood and the mains cooked to perfection. I'm extremely appreciative of the host, Grace, who was so accommodating when I forgot to count my partner and myself on the guest list. And the waiter, Luke, who was serving us for the evening did an awesome job putting up with our rowdy group. I couldn't have asked for a better 30th Bday celebration. If your thinking of booking a seat on the Cape Adieu, stop thinking, just do it. I promise you won't be disappointed!"
"Cape Adieu Harbour Cruises","https://www.google.com/maps/search/?api=1&query=Cape%20Adieu%20Harbour%20Cruises&query_place_id=ChIJESgQdhuRwCwRJSCjV_xWOPk","5",,,"The enthusiasm with which we were met in the office, the warm welcome aboard, the personal and efficient service, the chef-cooked meal, the sunset and cold drinks on a serene voyage; you all are part of a very pleasing memory. There are other cruises, but I would book again with Gracie and Munro in a heartbeat. A fantastic evening. Thanks."
"Cape Adieu Harbour Cruises","https://www.google.com/maps/search/?api=1&query=Cape%20Adieu%20Harbour%20Cruises&query_place_id=ChIJESgQdhuRwCwRJSCjV_xWOPk","5",,,"The food, staff, and sun sets were amazing. The barramundi skewers when we first get on the cruise were so good. I highly recommend this tour, next time I'm in Darwin I will be do this tour again."
"Cape Adieu Harbour Cruises","https://www.google.com/maps/search/?api=1&query=Cape%20Adieu%20Harbour%20Cruises&query_place_id=ChIJESgQdhuRwCwRJSCjV_xWOPk","5",,,"What a wonderful cruise we had. Captain Munro and his first mate, Grace were the perfect hosts. The food was devine and the view of Darwin from the water was a delight.  We had a great time and would do it again in a heart beat."
"Cape Adieu Harbour Cruises","https://www.google.com/maps/search/?api=1&query=Cape%20Adieu%20Harbour%20Cruises&query_place_id=ChIJESgQdhuRwCwRJSCjV_xWOPk","4",,,"superbe soirée avec mon chéri : cadre, repas, accueil... tout y était tout comme ce magnifique coucher de soleil"
"Cape Adieu Harbour Cruises","https://www.google.com/maps/search/?api=1&query=Cape%20Adieu%20Harbour%20Cruises&query_place_id=ChIJESgQdhuRwCwRJSCjV_xWOPk","5",,,
"Cape Adieu Harbour Cruises","https://www.google.com/maps/search/?api=1&query=Cape%20Adieu%20Harbour%20Cruises&query_place_id=ChIJESgQdhuRwCwRJSCjV_xWOPk","5",,,"Highly recommend this sunset cruise. Great service, great food and an extremely relaxing enjoyable evening cruise. Thanks Cape Adieu for a lovely date night."
"Cape Adieu Harbour Cruises","https://www.google.com/maps/search/?api=1&query=Cape%20Adieu%20Harbour%20Cruises&query_place_id=ChIJESgQdhuRwCwRJSCjV_xWOPk","5",,,"Outstanding experience. Food, service and cruise were all excellent. Nothing at all to criticise. Value for money. Highly recommend and will definitely return!"
"Cape Adieu Harbour Cruises","https://www.google.com/maps/search/?api=1&query=Cape%20Adieu%20Harbour%20Cruises&query_place_id=ChIJESgQdhuRwCwRJSCjV_xWOPk","5",,,"We had an enjoyable dinner cruise. The attentive staff and their friendly service were exceptional. The food was great. Excellent atmosphere on the boat."
"Cape Adieu Harbour Cruises","https://www.google.com/maps/search/?api=1&query=Cape%20Adieu%20Harbour%20Cruises&query_place_id=ChIJESgQdhuRwCwRJSCjV_xWOPk","4",,,"Now, for transparency I have to say that I'm not a fan of seafood. So, why did I get the sunset cruise and dine experience then?
Well m'hearties, my wife loves seafood and if I didn't say yes then my timbers would have been shivered and mainbrace well and truely spliced.
Sitting on the top deck gave a great view of the harbour and access to much needed breeze. After a long day in the tropical sun, I was a tad on the nose.
Roberto, not to be confused with Robert downstairs, was helpful and attentive, and efficiently helped as the cruise progressed.
Not doing seafood well I asked my wife for entree feedback. Oysters - fresh as ( well no replay as of yet), prawns were nice, and even I tried the smoked mackerel ( my guess is Spanish type rather than the little tin types). It was very nice.
To get into the swing, I went for the Jewfish main (you can have steak if you so desire instead). Again, cooked on board on hot flat grill - and help yourself salad.
All of it was nice.
I've seen reviews saying there wasn't enough, but, it wasn't an issue for us. Perhaps, some context or reality checks by those reviewers, but that's their thoughts so onwards and upwards.
Nicely sunburnt and crispy as the sunsets, gave an opportunity to David Bailey up, and phones a plenty were out - probably with many fingers and thumbs taking centre stage.
I didn't go the fruit salad for dessert but again, just by sight ( having a quick butchers around other tables) there was plenty to go around.
You could take your own drinks, but there was a list of beers, wines and soft drinks at bar prices. If you've splurged on the cruise make it an adventure and buy some house drinkies.
I'm sure Grace (hostess) gets fed up running up and down the steep stairs, but she's a natural at this hospitality business.
Any gripes? My wife wouldn't tell me how much it was, so probs not cheap; I couldn't hear the music, or more importantly the capitano spiel as I think a speaker had died.
Look it was a treat of sorts, and so any cost must reflect that (apparently it was about $150 ea).
It is also run out of Darwin Harbour in the top end. There's no place for Italian loafers (Roberto worked hard) or channel no 5.
There are other cruises run in purpose designed vessels, but this had history, and the cruises are now part of it. So, steep steps and low walkways aside, give it a go. Treat a special one, and you may get more than just memories on your return."
"Cape Adieu Harbour Cruises","https://www.google.com/maps/search/?api=1&query=Cape%20Adieu%20Harbour%20Cruises&query_place_id=ChIJESgQdhuRwCwRJSCjV_xWOPk","5",,,"After arriving in Darwin we chose to do a sunset cruise, for two reasons, we love a sunset cruise and we love seafood, the perfect match. We had a beautiful three hour cruise with new owners Munro and Grace who provided detailed information on the area and hosted a delicious three course meal. I would recommend without hesitation. Thanks again Team Cape Adieu."
"Cape Adieu Harbour Cruises","https://www.google.com/maps/search/?api=1&query=Cape%20Adieu%20Harbour%20Cruises&query_place_id=ChIJESgQdhuRwCwRJSCjV_xWOPk","4",,,"A nice evening. Calm waters, no wind and a great on-board atmosphere. Recommended. The new owners are making a good go of it, their enthusiasm is evident. At $155 per person can we say there was value for money. Probably yes with a few changes to the food offering. Staff were excellent and couldn’t be faulted.
Entree was buffet style 3 types of seafood - beautiful Coffin Bay oysters that were so fresh you could still taste the sea. Prawns in their shell and smoked fish which was also very good. Diners were asked up by table and considering the limited space this was a good idea.
Mains were steak and fish. I asked for a rare steak and was very happy with it. Rare was the way to go as the steaks were on the thin side but a good size. Both dishes were presented with no garnish. Salads were available at the buffet. First suggestion, a salad bowl served to the table would be more appreciated rather than stand in a cue, steak in hand, waiting for space at the salad bar. Extra plates in a small kitchen but worth the added comfort factor for diners.
Then there was dessert. The biggest disappointment of the night. Cut up fruit at said buffet!  Very reminiscent of a day trip to the reef including lunch. Individual cheesecakes or something similar served to table would have been better appreciated. And seriously, for $155 per head, would have been more in keeping with expectation.
The boat was licensed and the limited selection was fine and bottle prices $40 to $45. Sensible pricing for dinner on board.
The night was successful and we congratulate the new owners, an enthusiastic couple with a vision. With a few little tweaks, the evening’s experience would have been much improved."
"Cape Adieu Harbour Cruises","https://www.google.com/maps/search/?api=1&query=Cape%20Adieu%20Harbour%20Cruises&query_place_id=ChIJESgQdhuRwCwRJSCjV_xWOPk","5",,,"Just unbelievable value for money . Such friendly and helpful staff. The best food ever and very pleasant atmosphere on the boat."
"Cape Adieu Harbour Cruises","https://www.google.com/maps/search/?api=1&query=Cape%20Adieu%20Harbour%20Cruises&query_place_id=ChIJESgQdhuRwCwRJSCjV_xWOPk","5",,,"I live in Darwin and this is the first time I've been on Cape Adieu and will definitely be back again. We had family visiting who absolutely loved the cruise...sunset on the water is breathtaking - SUNSET + FULL MOON!! Pretty magical.
The food and hospitality were just as spectacular - Congrats to Munro & Grace and crew for a memorable evening."
"Cape Adieu Harbour Cruises","https://www.google.com/maps/search/?api=1&query=Cape%20Adieu%20Harbour%20Cruises&query_place_id=ChIJESgQdhuRwCwRJSCjV_xWOPk","5",,,"Today, we had the pleasure of joining the Cape Adieu boat cruise at Darwin Harbour, and it was an absolutely excellent experience. We’re visiting from Melbourne for a short trip and were especially excited to explore this beautiful precinct, and the cruise did not disappoint.

Although we chose not to have dinner on board, we were pleasantly surprised when they offered us complimentary welcome finger food, followed by a delightful varieties of fruits and small donuts at the end.

A special mention goes to the lady owner, who took the time to chat with us and personally thanked us for choosing their cruise.

We highly recommend the Cape Adieu boat cruise to anyone visiting Darwin.
Monsur Rahman
Seabrook, Victoria"
"Cape Adieu Harbour Cruises","https://www.google.com/maps/search/?api=1&query=Cape%20Adieu%20Harbour%20Cruises&query_place_id=ChIJESgQdhuRwCwRJSCjV_xWOPk","5",,,"Highly recommended- a great way to see the famous sunset whilst on the water fantastic crew, beautiful meal, relaxed vibe"
"Cape Adieu Harbour Cruises","https://www.google.com/maps/search/?api=1&query=Cape%20Adieu%20Harbour%20Cruises&query_place_id=ChIJESgQdhuRwCwRJSCjV_xWOPk","5",,,"Filling in time before a redeye flight.  Best idea. Brilliant cruise.  Informative captain comments. Beautiful food. Great crew. Highly recommend, beautiful sunset pic opportunities 👌"
"Cape Adieu Harbour Cruises","https://www.google.com/maps/search/?api=1&query=Cape%20Adieu%20Harbour%20Cruises&query_place_id=ChIJESgQdhuRwCwRJSCjV_xWOPk","5",,,"Wow on the top deck, fantasic views an sunset, had black Jew fish, honeyed walnut and pear salad, beetroot and Feta salads  fresh prawns and Coffin Bay oysters, great choice of drinks reasonably priced and awesome service from our waiter with great hospitality. 2nd time on this cruise, did it 10 years ago with other visitors and the service is still as awesome, highly recommend it

August 15th 2024
New owners Grace and Munro are very knowledgeable on local landmarks, very welcoming, and love a chat. Head waiter Ollie pretty awesome with keeping the drinks flowing, and the food flowing and also great to talk too. Chefs starter home made wafer with fresh tuna, capsicum yummy. Mains choice of scotch fillet, or snapper, with I think a Waldorf salad, fresh garden salad, and potato salad. Dessert was fresh tropical fruit served with express coffee, team with gorgeous views of Darwin Harbour thru to Mindil Beach and beautiful sunset.  Thanks again for such an enjoyable night Grace and Munroe."
"Cape Adieu Harbour Cruises","https://www.google.com/maps/search/?api=1&query=Cape%20Adieu%20Harbour%20Cruises&query_place_id=ChIJESgQdhuRwCwRJSCjV_xWOPk","5",,,"Great way to see Darwin from the water. Excellent food, very friendly service. Loved Munro's tour guide commentary as well as steering the ship. Highly recommend. Great value for money."
"Cape Adieu Harbour Cruises","https://www.google.com/maps/search/?api=1&query=Cape%20Adieu%20Harbour%20Cruises&query_place_id=ChIJESgQdhuRwCwRJSCjV_xWOPk","5",,,"Great cruise , great food and great hosts !"
"Cape Adieu Harbour Cruises","https://www.google.com/maps/search/?api=1&query=Cape%20Adieu%20Harbour%20Cruises&query_place_id=ChIJESgQdhuRwCwRJSCjV_xWOPk","5",,,"We had such a lovely evening last night. Sunset was amazing and the food delicious! Our only issue was that there was no audio sound so we couldn't hear any commentary. Once this is fixed, you will have an unforgettable evening upon this boat"
"Cape Adieu Harbour Cruises","https://www.google.com/maps/search/?api=1&query=Cape%20Adieu%20Harbour%20Cruises&query_place_id=ChIJESgQdhuRwCwRJSCjV_xWOPk","5",,,"Breathtaking scenery complimented by beautifully prepared fresh, local seafood (steak & variety of salads also available). Grace & Munro are fantastic hosts - making you feel welcome and relaxed while providing interesting facts about the harbour and surrounds. Highly recommend."
"Cape Adieu Harbour Cruises","https://www.google.com/maps/search/?api=1&query=Cape%20Adieu%20Harbour%20Cruises&query_place_id=ChIJESgQdhuRwCwRJSCjV_xWOPk","5",,,"We thoroughly enjoyed our evening. Wonderful food and fantastic sunset experience. The staff were super friendly.  Grace and Munro were the perfect hosts."
"Cape Adieu Harbour Cruises","https://www.google.com/maps/search/?api=1&query=Cape%20Adieu%20Harbour%20Cruises&query_place_id=ChIJESgQdhuRwCwRJSCjV_xWOPk","5",,,"As lovely as the description sounds + more.
Great food and wonderful attentative staff.
Idelic sunset on the harbour. I Highly recommend and it was such a nice way to complete our Darwin trip.
Thanks Grace and Munro"
"Cape Adieu Harbour Cruises","https://www.google.com/maps/search/?api=1&query=Cape%20Adieu%20Harbour%20Cruises&query_place_id=ChIJESgQdhuRwCwRJSCjV_xWOPk","5",,,"Fabulous way to celebrate hubby’s 50th.  Great sunset & conditions.  Fabulous food & service.  Loved every min."
"Cape Adieu Harbour Cruises","https://www.google.com/maps/search/?api=1&query=Cape%20Adieu%20Harbour%20Cruises&query_place_id=ChIJESgQdhuRwCwRJSCjV_xWOPk","5",,,"Best night. A group of 9. Food was delicious staff amazing. Recommend anyone travelling to Darwin get on this dinner cruise the sunset was stunning."
"Cape Adieu Harbour Cruises","https://www.google.com/maps/search/?api=1&query=Cape%20Adieu%20Harbour%20Cruises&query_place_id=ChIJESgQdhuRwCwRJSCjV_xWOPk","5",,,"A birthday celebration couldn’t have been more perfect. The chef even made a cake, on the spot so we could sing HB.
The food was so fresh and the service was great. The sunset was amazing. Highly recommend ⭐️⭐️⭐️⭐️⭐️"
"Cape Adieu Harbour Cruises","https://www.google.com/maps/search/?api=1&query=Cape%20Adieu%20Harbour%20Cruises&query_place_id=ChIJESgQdhuRwCwRJSCjV_xWOPk","5",,,"We had an awesome evening on board Cape Adieu with Skipper Munro and his First Mate Grace. Taking in all the Darwin coastline from this beautiful sailing vessel was truly special. Wonderful friendly service, fabulous food and icy cold drinks. Absolutely recommend 👍"
"Cape Adieu Harbour Cruises","https://www.google.com/maps/search/?api=1&query=Cape%20Adieu%20Harbour%20Cruises&query_place_id=ChIJESgQdhuRwCwRJSCjV_xWOPk","5",,,"A short holiday in NT climaxed with the sunset cruise - recommend it as the perfect way to end a day let alone a holiday. Great food, lovely welcoming and natural people, a glass of wine to accompany the gentle sway of the boat, absolutely perfect..... Will be first on my next agenda when in Darwin......"
"Cape Adieu Harbour Cruises","https://www.google.com/maps/search/?api=1&query=Cape%20Adieu%20Harbour%20Cruises&query_place_id=ChIJESgQdhuRwCwRJSCjV_xWOPk","5",,,"Great way to spend a relaxed evening on the water. The food was great and so was the service"
"Cape Adieu Harbour Cruises","https://www.google.com/maps/search/?api=1&query=Cape%20Adieu%20Harbour%20Cruises&query_place_id=ChIJESgQdhuRwCwRJSCjV_xWOPk","5",,,"Thankyou for an amazing evening the cruise was so relaxing and enjoyable, the food was exceptional beautiful seafood and salads so fresh thankyou again Sandra and Phillip 🤗"
"Cape Adieu Harbour Cruises","https://www.google.com/maps/search/?api=1&query=Cape%20Adieu%20Harbour%20Cruises&query_place_id=ChIJESgQdhuRwCwRJSCjV_xWOPk","5",,,"Easy to book cruise with Grace on the phone and she was able to answer all our questions quickly. Forgot to mention when booking that one of our party of six had some diet requirements but on the boat staff were very helpful with assisting to our needs. The meals were very well done and tasty.Fabulous cruise with great information given along the way. Thank you Grace, Munro and staff for a great experience"
"Cape Adieu Harbour Cruises","https://www.google.com/maps/search/?api=1&query=Cape%20Adieu%20Harbour%20Cruises&query_place_id=ChIJESgQdhuRwCwRJSCjV_xWOPk","5",,,"The atmosphere on the boat was friendly and welcoming, views spectacular, food delicious and plentiful and music play list just right.
Highly recommended."
"Cape Adieu Harbour Cruises","https://www.google.com/maps/search/?api=1&query=Cape%20Adieu%20Harbour%20Cruises&query_place_id=ChIJESgQdhuRwCwRJSCjV_xWOPk","5",,,"Highly recommend this dinner cruise - the staff were fabulous, food delicious, and scenery just stunning - we are so glad we opted with a smaller boat as it was not overcrowded and we had outstanding service, thanks so much Grace & Munro - 5 stars isn’t enough, we will be back!!! 👌⛵️💗"
"Cape Adieu Harbour Cruises","https://www.google.com/maps/search/?api=1&query=Cape%20Adieu%20Harbour%20Cruises&query_place_id=ChIJESgQdhuRwCwRJSCjV_xWOPk","5",,,"Great cruise, attentive staff and really nice people. Young couple owners are having a red hot go at life! Meal was lovely and fresh."
"Cape Adieu Harbour Cruises","https://www.google.com/maps/search/?api=1&query=Cape%20Adieu%20Harbour%20Cruises&query_place_id=ChIJESgQdhuRwCwRJSCjV_xWOPk","5",,,"Great experience and guides.
Food was fantastic. Highly recommend."
"Cape Adieu Harbour Cruises","https://www.google.com/maps/search/?api=1&query=Cape%20Adieu%20Harbour%20Cruises&query_place_id=ChIJESgQdhuRwCwRJSCjV_xWOPk","5",,,"A fantastic sunset dinner cruise around Darwin Harbour. The food was wonderful, prawns, oysters and the fish cooked to perfection. The commentary provided lots of information about the history of the harbour and was very interesting. Munro and the team were great, if you are considering a harbour sunset cruise you won't be disappointed with Cape Adieu."
"Cape Adieu Harbour Cruises","https://www.google.com/maps/search/?api=1&query=Cape%20Adieu%20Harbour%20Cruises&query_place_id=ChIJESgQdhuRwCwRJSCjV_xWOPk","5",,,"This is a fantastic cruise!
Please do not take any notice of reviews before June 2024 as Captain Munro and his partner Grace are the new owners and operators of the vessel since that date.
A truly fabulous evening!
Food, service, friendliness of all the staff was like the very best of restaurants.
Chef Alberto’s culinary skills are wonderful, and as we were sitting nearby, he was happy to share some of his cooking secrets with my wife Barbara.
Munro does a great commentary, it is very informative.
Sunsets in Darwin are just Magic!
This is a must do experience in Darwin!
The ABSOLUTE BEST CRUISE!
A very memorable experience of Darwin!"
"Cape Adieu Harbour Cruises","https://www.google.com/maps/search/?api=1&query=Cape%20Adieu%20Harbour%20Cruises&query_place_id=ChIJESgQdhuRwCwRJSCjV_xWOPk","5",,,"Wonderful cruise would highly recommend. Many thanks to the crew especially  Veronica"
"Cape Adieu Harbour Cruises","https://www.google.com/maps/search/?api=1&query=Cape%20Adieu%20Harbour%20Cruises&query_place_id=ChIJESgQdhuRwCwRJSCjV_xWOPk","5",,,"One of the best experiences we have had in the top end. With small group sizes you aren’t packed in like typical tours. Warm friendly hosts, delicious tucker and incredible scenery made for a great evening. Thanks heaps to Munro, Grace and the crew."
"Cape Adieu Harbour Cruises","https://www.google.com/maps/search/?api=1&query=Cape%20Adieu%20Harbour%20Cruises&query_place_id=ChIJESgQdhuRwCwRJSCjV_xWOPk","5",,,"Absolutely fantastic cruise with wonderful service. Ollie our waiter was exceptional. The meal of 4 courses was delicious. I do not eat seafood and the entree I was given in place of the seafood buffet was unexpected and really appreciated. We were lucky enough to get a seat on the Top Gun cruise which allowed us to see the military jet display over Mindl Beach.
This has been the highlight of our trip."
"Cape Adieu Harbour Cruises","https://www.google.com/maps/search/?api=1&query=Cape%20Adieu%20Harbour%20Cruises&query_place_id=ChIJESgQdhuRwCwRJSCjV_xWOPk","5",,,"Probably the best harbour cruise I have ever been on absolutely amazing Thankyou."
"Cape Adieu Harbour Cruises","https://www.google.com/maps/search/?api=1&query=Cape%20Adieu%20Harbour%20Cruises&query_place_id=ChIJESgQdhuRwCwRJSCjV_xWOPk","5",,,"Excellent night ! Lovely staff delicious prawns and fish cooked to perfection.  Amazing Darwin sunset . Thoroughly recommend 👌"
"Cape Adieu Harbour Cruises","https://www.google.com/maps/search/?api=1&query=Cape%20Adieu%20Harbour%20Cruises&query_place_id=ChIJESgQdhuRwCwRJSCjV_xWOPk","5",,,"We had a wonderful time aboard Cape Adieu. The food was delicious and all staff were friendly and helpful. Munro and Grace have done an exceptional job and made the experience personal and welcoming. I would highly recommend."
"Cape Adieu Harbour Cruises","https://www.google.com/maps/search/?api=1&query=Cape%20Adieu%20Harbour%20Cruises&query_place_id=ChIJESgQdhuRwCwRJSCjV_xWOPk","5",,,"On behalf of David and myself thankyou for a fantastic night on Darwin Harbour. You and your staff were very attentive and full of information about the area. From visitors on the other side of our continent THANK YOU."
"Cape Adieu Harbour Cruises","https://www.google.com/maps/search/?api=1&query=Cape%20Adieu%20Harbour%20Cruises&query_place_id=ChIJESgQdhuRwCwRJSCjV_xWOPk","5",,,"This was definitely a highlight of our short trip to Darwin. The crew were friendly and attentive, the food was excellent and the atmosphere perfect. We will definitely be doing this cruise again!"
"Cape Adieu Harbour Cruises","https://www.google.com/maps/search/?api=1&query=Cape%20Adieu%20Harbour%20Cruises&query_place_id=ChIJESgQdhuRwCwRJSCjV_xWOPk","5",,,
"Cape Adieu Harbour Cruises","https://www.google.com/maps/search/?api=1&query=Cape%20Adieu%20Harbour%20Cruises&query_place_id=ChIJESgQdhuRwCwRJSCjV_xWOPk","5",,,"Stunning experience aboard the Cape Adieu last night. Gentle cruise, hugging the coastline. Gorgeous old boat & friendly staff. We did the cruise only with BYO wine and food. Fabulous."
"Cape Adieu Harbour Cruises","https://www.google.com/maps/search/?api=1&query=Cape%20Adieu%20Harbour%20Cruises&query_place_id=ChIJESgQdhuRwCwRJSCjV_xWOPk","5",,,"Sunset was unreal"
"Cape Adieu Harbour Cruises","https://www.google.com/maps/search/?api=1&query=Cape%20Adieu%20Harbour%20Cruises&query_place_id=ChIJESgQdhuRwCwRJSCjV_xWOPk","5",,,"A fantastic crew that couldn't do enough for you, along with divine food, and a magic view made for a wonderful evening. The oysters and prawns were mouth watering and although I'm not big fish eater I decided to try the snapper as Veronica our waitress recommended it to me when I was having trouble choosing.  I was not disappointed, it was delicious and cooked beautifully.  Munro the owner, a lovely guy, popped around chatting to guests and making sure everything was going ok and showed genuine interest, which was refreshing and much appreciated.
All in all a fantastic experience and would definitely recommend."
"Cape Adieu Harbour Cruises","https://www.google.com/maps/search/?api=1&query=Cape%20Adieu%20Harbour%20Cruises&query_place_id=ChIJESgQdhuRwCwRJSCjV_xWOPk","5",,,"Superb way to see and experience the northern Australian sunset.  Munro and crew were the perfect hosts ensuring that we were well looked after I our dining experience.  I highly recommend this to anyone staying in Darwin.  It made our trip!"
"Cape Adieu Harbour Cruises","https://www.google.com/maps/search/?api=1&query=Cape%20Adieu%20Harbour%20Cruises&query_place_id=ChIJESgQdhuRwCwRJSCjV_xWOPk","5",,,"We had a fantastic sunset dinner cruise on Territory Day many thanks to Munro, Grace and the team. Abundant lovely local foods including oysters, prawns, crocodile, buffalo on a charming midsized boat to gaze at the amazing Darwin harbour sunset and fireworks. Enjoyed the genuine personalised experience rather than feeling like a number on a bigger boat."
"Cape Adieu Harbour Cruises","https://www.google.com/maps/search/?api=1&query=Cape%20Adieu%20Harbour%20Cruises&query_place_id=ChIJESgQdhuRwCwRJSCjV_xWOPk","5",,,"An absolute sensational experience!  The hosts were absolutely beautiful - welcoming and very accommodating.  Service from start to finish was exceptional.  The quality of the food was top tier with some of the best flavours I've had yet.  Would highly recommend this sunset cruise!"
"Cape Adieu Harbour Cruises","https://www.google.com/maps/search/?api=1&query=Cape%20Adieu%20Harbour%20Cruises&query_place_id=ChIJESgQdhuRwCwRJSCjV_xWOPk","5",,,"The staff were helpful, courteous and professional throughout the cruise that took in a fantastic sunset.  We did the $70 sunset.cruise which meant we could take our own food and drinks.  It was great value for money and I highly recommend it to all age groups."
"Cape Adieu Harbour Cruises","https://www.google.com/maps/search/?api=1&query=Cape%20Adieu%20Harbour%20Cruises&query_place_id=ChIJESgQdhuRwCwRJSCjV_xWOPk","5",,,"Perfect weather in June. Staff friendly and commentary great. Complimentary glass of champagne on arrival! Dips and bread were tasty but small serve. We BYO’d feast of wine, extra dips, olives, cheeses, bread, carrots, fruit etc Everyone on board had a table to sit at. $213 all up for 3 adults for 3 hours of fun😊"
"Cape Adieu Harbour Cruises","https://www.google.com/maps/search/?api=1&query=Cape%20Adieu%20Harbour%20Cruises&query_place_id=ChIJESgQdhuRwCwRJSCjV_xWOPk","5",,,"The staff at Cape Adieu are very kind, helpful and enthusiastic about what they do. We had a wonderful experience and are very grateful for their service and hospitality."
"Cape Adieu Harbour Cruises","https://www.google.com/maps/search/?api=1&query=Cape%20Adieu%20Harbour%20Cruises&query_place_id=ChIJESgQdhuRwCwRJSCjV_xWOPk","5",,,"What an amazing cruise! The staff were very friendly and accommodating. The new owners both came individually to speak with us to see how we found the cruise. Such a lovely young couple.  The food was plentiful and delicious, including oysters and prawns. it was such a relaxing experience with the gentle swaying of the boat and the tropical warm night. And the SUNSET well OMG soo beautiful. we loved this . Thank you, Cape Adieu crew."
"Cape Adieu Harbour Cruises","https://www.google.com/maps/search/?api=1&query=Cape%20Adieu%20Harbour%20Cruises&query_place_id=ChIJESgQdhuRwCwRJSCjV_xWOPk","5",,,"What an amazing night. Very relaxing food incredible.  Thankyou for a lovely relaxing evening"
"Cape Adieu Harbour Cruises","https://www.google.com/maps/search/?api=1&query=Cape%20Adieu%20Harbour%20Cruises&query_place_id=ChIJESgQdhuRwCwRJSCjV_xWOPk","5",,,"A phenomenal experience! Beautiful scenery and lovely food. As a local, I enjoyed this just as much as the interstate passengers.

Lovely, friendly and personalised service by the staff and owners.

Highly recommend."
"Cape Adieu Harbour Cruises","https://www.google.com/maps/search/?api=1&query=Cape%20Adieu%20Harbour%20Cruises&query_place_id=ChIJESgQdhuRwCwRJSCjV_xWOPk","5",,,"Lovely sunset cruise. I chose the non-dining option and received crackers, dips and fruit. Also a couple glasses of Prosecco! Definitely worth the money and very spacious and comfortable seating. Would recommend to anyone looking at booking. ☺️"
"Cape Adieu Harbour Cruises","https://www.google.com/maps/search/?api=1&query=Cape%20Adieu%20Harbour%20Cruises&query_place_id=ChIJESgQdhuRwCwRJSCjV_xWOPk","5",,,"Simply the best way to spend an evening enjoying sites of Darwin complimented by the beautiful sunset. The fantastic crew were the best.!! Cruising along enjoying the fabulous playlist with the guide of local knowledge. I was on the top deck taking the cruise only option starting with dips and some fresh fruit and I had my own nibbles, cold drinks from the bar at a reasonable price aboard the beautiful vessel Cape Adieu. Best medicine for a beautiful relaxing night, definitely highly recommend this cruise. Book it now.!!"
"Cape Adieu Harbour Cruises","https://www.google.com/maps/search/?api=1&query=Cape%20Adieu%20Harbour%20Cruises&query_place_id=ChIJESgQdhuRwCwRJSCjV_xWOPk","5",,,"Absolutely outstanding! The staff were all extremely friendly and the food and service 10/10. The whole experience was so relaxing. Would highly recommend this for anyone on a visit to Darwin it’s a must do."
"Cape Adieu Harbour Cruises","https://www.google.com/maps/search/?api=1&query=Cape%20Adieu%20Harbour%20Cruises&query_place_id=ChIJESgQdhuRwCwRJSCjV_xWOPk","5",,,"I had an incredible experience on the Cape Adieu Darwin Harbour sunset dinner cruise. The 2.5-hour cruise offered breathtaking views, and the friendly staff made the evening even more enjoyable. The food was excellent, and the cruise was clean and well-maintained. A must-visit when in Darwin!"
"Cape Adieu Harbour Cruises","https://www.google.com/maps/search/?api=1&query=Cape%20Adieu%20Harbour%20Cruises&query_place_id=ChIJESgQdhuRwCwRJSCjV_xWOPk","5",,,"One of the most OUTSTANDING experiences had while in Darwin- friendliest  staff, AMAZING FOOD, AWESOME SERVICE. Don't let this one pass you by."
"Cape Adieu Harbour Cruises","https://www.google.com/maps/search/?api=1&query=Cape%20Adieu%20Harbour%20Cruises&query_place_id=ChIJESgQdhuRwCwRJSCjV_xWOPk","5",,,"Last night we enjoyed the Sunset Cruise being Saturday the 8th of June 2024.
Definitely recommend.
Great staff, friendly, attentive and the food was very good.
Had the pleasure meeting Grace one of the new owners who was very nice and attentive to insure all guest were happy by going around to each and every table.
Ollie was a great server and is an asset to the new owners.
I would only suggest a little more commentary but overall we would do it again and recommend"
"Cape Adieu Harbour Cruises","https://www.google.com/maps/search/?api=1&query=Cape%20Adieu%20Harbour%20Cruises&query_place_id=ChIJESgQdhuRwCwRJSCjV_xWOPk","5",,,"This is the best sunset cruise we have done. The food was fresh and delishous.  The boat is beautiful and like no other offered. Will do again"
"Cape Adieu Harbour Cruises","https://www.google.com/maps/search/?api=1&query=Cape%20Adieu%20Harbour%20Cruises&query_place_id=ChIJESgQdhuRwCwRJSCjV_xWOPk","5",,,"Such a great cruise, would recommend to anyone 10/10, shout out to tony for being a legend of a bloke."
"Cape Adieu Harbour Cruises","https://www.google.com/maps/search/?api=1&query=Cape%20Adieu%20Harbour%20Cruises&query_place_id=ChIJESgQdhuRwCwRJSCjV_xWOPk","5",,,"Exceptional food, lovely crew, beautiful boat, fantastic sunset, fabulous soundtrack... couldn't ask for more! ❤️"
"Cape Adieu Harbour Cruises","https://www.google.com/maps/search/?api=1&query=Cape%20Adieu%20Harbour%20Cruises&query_place_id=ChIJESgQdhuRwCwRJSCjV_xWOPk","4",,,"Lovely cruise, good food and service.
Captain/owner went above and beyond  after a small booking issue.
Thankyou."
"Cape Adieu Harbour Cruises","https://www.google.com/maps/search/?api=1&query=Cape%20Adieu%20Harbour%20Cruises&query_place_id=ChIJESgQdhuRwCwRJSCjV_xWOPk","5",,,"Most magnificent Sunset Dinner Cruise! Beautiful food with fresh salads and amazing seafood! Attentive service from all staff members and a beautiful vessel.
Definitely a must do while you’re in Darwin."
"Cape Adieu Harbour Cruises","https://www.google.com/maps/search/?api=1&query=Cape%20Adieu%20Harbour%20Cruises&query_place_id=ChIJESgQdhuRwCwRJSCjV_xWOPk","5",,,"Beaucoup de possibilités pour naviguer"
"Cape Adieu Harbour Cruises","https://www.google.com/maps/search/?api=1&query=Cape%20Adieu%20Harbour%20Cruises&query_place_id=ChIJESgQdhuRwCwRJSCjV_xWOPk","5",,,"I had to cancel the trip that was so easy no question asked rhey wer very understanding that's way I give them 5 stars"
"Cape Adieu Harbour Cruises","https://www.google.com/maps/search/?api=1&query=Cape%20Adieu%20Harbour%20Cruises&query_place_id=ChIJESgQdhuRwCwRJSCjV_xWOPk","5",,,"Must go in Darwin"
"Cape Adieu Harbour Cruises","https://www.google.com/maps/search/?api=1&query=Cape%20Adieu%20Harbour%20Cruises&query_place_id=ChIJESgQdhuRwCwRJSCjV_xWOPk","5",,,"An amazing experience, the sunset was marvelous and regarding the food the buffet was fresh and delicious. The crew are friendly and very helpful. Definitely recommend it 👍🏼"
"Cape Adieu Harbour Cruises","https://www.google.com/maps/search/?api=1&query=Cape%20Adieu%20Harbour%20Cruises&query_place_id=ChIJESgQdhuRwCwRJSCjV_xWOPk","5",,,"Enjoyed every minute and the food was delicious would do it again"
"Cape Adieu Harbour Cruises","https://www.google.com/maps/search/?api=1&query=Cape%20Adieu%20Harbour%20Cruises&query_place_id=ChIJESgQdhuRwCwRJSCjV_xWOPk","5",,,"This sunset dinner cruise exceeded our expectations ❤️ I had the best seafood and the mains it so delicious ☺️ We had the best dinner in Darwin 😍 Definitely come back and spend with family. Highly recommended. 💯💯💯

You had the best staff in the 2nd floor (Gaven) a french guy he is very friendly and he really looking after everyone. Very polite and accomodating. 👌👌"
"Cape Adieu Harbour Cruises","https://www.google.com/maps/search/?api=1&query=Cape%20Adieu%20Harbour%20Cruises&query_place_id=ChIJESgQdhuRwCwRJSCjV_xWOPk","3",,,"Just felt this was an average value for money event. Limited food, no air con, and the ladies toilet is down some very difficult stairs. Any lady with limited mobility, sight or age would not get to the toilet."
"Cape Adieu Harbour Cruises","https://www.google.com/maps/search/?api=1&query=Cape%20Adieu%20Harbour%20Cruises&query_place_id=ChIJESgQdhuRwCwRJSCjV_xWOPk","5",,,"Parked behind entertainment centre. Free after 4pm. Walked 600 meters to dock 3. Cruise left dock at 5.30. We had dips,oysters prawns,Mackrel for starters. Choice of fish or steak for main. Fruit platter tea and coffee. Plenty of food and very tasty. Relaxing three hours.  You can buy drinks on board or bring your own. This was definitely worth the  price."
"Cape Adieu Harbour Cruises","https://www.google.com/maps/search/?api=1&query=Cape%20Adieu%20Harbour%20Cruises&query_place_id=ChIJESgQdhuRwCwRJSCjV_xWOPk","5",,,"The sunset dinner cruise was well worth it. Cape Adieu is an older vessel and this gives a bit of character to the experience. Fresh seafood, good service and an absolutely stunning sunset over Darwin Harbour. We really loved it."
"Cape Adieu Harbour Cruises","https://www.google.com/maps/search/?api=1&query=Cape%20Adieu%20Harbour%20Cruises&query_place_id=ChIJESgQdhuRwCwRJSCjV_xWOPk","5",,,"Super cruise!! People who joined us come here every time they visit Darwin! They have done it 10 times or more!
Excellent, beautifully cooked food, beautiful boat, bit of a mission going downstairs to the toilet on the steep stairs!! A few trip hazards but if you're careful, they are well dealt with.
No doof doof, comfy chairs, quick service, tasty plentiful food, excellent smooth cruise, gorgeous sunset, perfect service.
They even allow you to BYO soft or alcoholic drinks! Eskies provided!
Great value for money!!"
"Cape Adieu Harbour Cruises","https://www.google.com/maps/search/?api=1&query=Cape%20Adieu%20Harbour%20Cruises&query_place_id=ChIJESgQdhuRwCwRJSCjV_xWOPk","5",,,"We had a beautiful meal and cruise whilst watching the sunset and views of Darwin.  Staff were attentive and foid was delicious."
"Cape Adieu Harbour Cruises","https://www.google.com/maps/search/?api=1&query=Cape%20Adieu%20Harbour%20Cruises&query_place_id=ChIJESgQdhuRwCwRJSCjV_xWOPk","5",,,"Really a great cruise. Food was excellent as was the sunset. Staff are friendly and quite helpful. Fully licensed or byo and they provide the ice bucket and chilled glasses.
Would highly recommend this cruise."
"Cape Adieu Harbour Cruises","https://www.google.com/maps/search/?api=1&query=Cape%20Adieu%20Harbour%20Cruises&query_place_id=ChIJESgQdhuRwCwRJSCjV_xWOPk","5",,,"Had a memorable cruise for my girlfriends birthday. Our seating on the upper deck gave us an amazing view of darwin harbour and its beautiful sunset. The staff were amazing and the food was superb. Thank you for providing us with an amazing experience."
"Cape Adieu Harbour Cruises","https://www.google.com/maps/search/?api=1&query=Cape%20Adieu%20Harbour%20Cruises&query_place_id=ChIJESgQdhuRwCwRJSCjV_xWOPk","5",,,"Great little dinner cruise. Fun capable crew"
"Cape Adieu Harbour Cruises","https://www.google.com/maps/search/?api=1&query=Cape%20Adieu%20Harbour%20Cruises&query_place_id=ChIJESgQdhuRwCwRJSCjV_xWOPk","1",,,"Over priced and under delivered

Food was of very poor quality and quantity.
We asked for a top up of the entree buffet as there was not much left by the time we got there-mains arrived before this happened.
Fruit platter was a joke-one slice of watermelon and one slice of orange.

There was no commentary at all.

Don’t waste your money."
"Cape Adieu Harbour Cruises","https://www.google.com/maps/search/?api=1&query=Cape%20Adieu%20Harbour%20Cruises&query_place_id=ChIJESgQdhuRwCwRJSCjV_xWOPk","3",,,"Don't select the prawn platter food option. The prawns were soft and mushy and seating was directly behind the galley so you spend the cruise breathing in cooking fumes. Service also suffers in these seats as the focus is serving the guests on the forward and upper decks."
"Cape Adieu Harbour Cruises","https://www.google.com/maps/search/?api=1&query=Cape%20Adieu%20Harbour%20Cruises&query_place_id=ChIJESgQdhuRwCwRJSCjV_xWOPk","5",,,"Food - delicious. Sunset - beautiful. Ship - comfortable and decent space between dining table/ groups. Staff - exceptional!"
"Cape Adieu Harbour Cruises","https://www.google.com/maps/search/?api=1&query=Cape%20Adieu%20Harbour%20Cruises&query_place_id=ChIJESgQdhuRwCwRJSCjV_xWOPk","5",,,"I took a group of 12 on this cruise. Molly was amazing in organising everything for us. The food was ample and delicious. The staff were fantastic. The cruise was memorable and to top it off it was BYO. Highly recommended.
MAREE’S Tours"
"Cape Adieu Harbour Cruises","https://www.google.com/maps/search/?api=1&query=Cape%20Adieu%20Harbour%20Cruises&query_place_id=ChIJESgQdhuRwCwRJSCjV_xWOPk","5",,,"What a wonderful NIGHT. Food was great, sailing was calm and comfortable and top staff. Many Thanks."
"Cape Adieu Harbour Cruises","https://www.google.com/maps/search/?api=1&query=Cape%20Adieu%20Harbour%20Cruises&query_place_id=ChIJESgQdhuRwCwRJSCjV_xWOPk","4",,,"We had a great time during our cruise. The cruise started with the first course of fresh prawns, fresh Coffin Bay oysters and some salads. The quality of the food was excellent. The main course was a choice of steak or freshly caught jew fish. We went the fish and it did not disappoint. Great size serving with more self serve salad, prawns and oysters.  The third course was a disappointing self serve fruit platter. This was a bit of a letdown after two great courses. The boat travels out from Stokes Hill Ward turns right and follows the coast. The sunset over the water was spectacular and most enjoyable. The boat makes a slow cruise back to port. The boat is smooth to ride in. I recommend this as an enjoyable dinner option."
"Cape Adieu Harbour Cruises","https://www.google.com/maps/search/?api=1&query=Cape%20Adieu%20Harbour%20Cruises&query_place_id=ChIJESgQdhuRwCwRJSCjV_xWOPk","5",,,"Great experience , great value, beautiful salads, oysters and steaks ...loved it"
"Cape Adieu Harbour Cruises","https://www.google.com/maps/search/?api=1&query=Cape%20Adieu%20Harbour%20Cruises&query_place_id=ChIJESgQdhuRwCwRJSCjV_xWOPk","5",,,
"Cape Adieu Harbour Cruises","https://www.google.com/maps/search/?api=1&query=Cape%20Adieu%20Harbour%20Cruises&query_place_id=ChIJESgQdhuRwCwRJSCjV_xWOPk","5",,,"Was a fantastic sunset cruise. We had the prawn platter which was beautiful.
Thoroughly recommend."
"Cape Adieu Harbour Cruises","https://www.google.com/maps/search/?api=1&query=Cape%20Adieu%20Harbour%20Cruises&query_place_id=ChIJESgQdhuRwCwRJSCjV_xWOPk","5",,,"If you want a relaxed, leisurely evening, with delicious food, and welcoming, friendly Staff, look no further.
Loved every minute of it after a very busy day.
Can’t recommend highly enough-will be going again when we return to Darwin."
"Cape Adieu Harbour Cruises","https://www.google.com/maps/search/?api=1&query=Cape%20Adieu%20Harbour%20Cruises&query_place_id=ChIJESgQdhuRwCwRJSCjV_xWOPk","4",,,"Booked a cruise with these guys in September. The only thing I could fault was the music playing. Needed to be a bit more upbeat and vibey."
"Cape Adieu Harbour Cruises","https://www.google.com/maps/search/?api=1&query=Cape%20Adieu%20Harbour%20Cruises&query_place_id=ChIJESgQdhuRwCwRJSCjV_xWOPk","5",,,
"Cape Adieu Harbour Cruises","https://www.google.com/maps/search/?api=1&query=Cape%20Adieu%20Harbour%20Cruises&query_place_id=ChIJESgQdhuRwCwRJSCjV_xWOPk","5",,,"Absolutely delightful! The staff are great, the boat is beautiful and the sunset gorgeous! It was my birthday and they even brought out a surprise slice of cheesecake. One of the best cruises I have been in! ❤️"
"Cape Adieu Harbour Cruises","https://www.google.com/maps/search/?api=1&query=Cape%20Adieu%20Harbour%20Cruises&query_place_id=ChIJESgQdhuRwCwRJSCjV_xWOPk","5",,,"What can I say. Staff amazing, food flavoursome, captain awesome, music perfect. I wouldn’t listen to any negative reviews at all. They made our honeymoon special."
"Cape Adieu Harbour Cruises","https://www.google.com/maps/search/?api=1&query=Cape%20Adieu%20Harbour%20Cruises&query_place_id=ChIJESgQdhuRwCwRJSCjV_xWOPk","5",,,"Lovely calm cruise, staff friendly, professional and very efficient, seafood and variety of salads very tasty."
"Cape Adieu Harbour Cruises","https://www.google.com/maps/search/?api=1&query=Cape%20Adieu%20Harbour%20Cruises&query_place_id=ChIJESgQdhuRwCwRJSCjV_xWOPk","5",,,"A great experience.  Molly bent over backwards at booking  to ensure our trip was perfect.  Sophie and the rest of the crew were fantastic."
"Cape Adieu Harbour Cruises","https://www.google.com/maps/search/?api=1&query=Cape%20Adieu%20Harbour%20Cruises&query_place_id=ChIJESgQdhuRwCwRJSCjV_xWOPk","3",,,"A lovely sail and craft, however the quality of the food let the evening down. My wife's steak was very poor quality. There was little salad left for the main course. Service was attentive."
"Cape Adieu Harbour Cruises","https://www.google.com/maps/search/?api=1&query=Cape%20Adieu%20Harbour%20Cruises&query_place_id=ChIJESgQdhuRwCwRJSCjV_xWOPk","5",,,"Second time doing this cruise. Great food and atmosphere. Highly recommend"
"Cape Adieu Harbour Cruises","https://www.google.com/maps/search/?api=1&query=Cape%20Adieu%20Harbour%20Cruises&query_place_id=ChIJESgQdhuRwCwRJSCjV_xWOPk","5",,,"A enjoyable evening cruise, service and food was fantastic. 3 of us had the steak for mains and one of us had the fish - good portion size and plenty of other food to top it up. It was beautiful being out in the water to view the amazing sunset, a very relaxing evening"
"Cape Adieu Harbour Cruises","https://www.google.com/maps/search/?api=1&query=Cape%20Adieu%20Harbour%20Cruises&query_place_id=ChIJESgQdhuRwCwRJSCjV_xWOPk","5",,,"I chose the 4 course meal sunset cruise
It’s amazing what the chef produced from a boat galley
Salads oysters prawns and choice of steak or fish
Sunset in style
The staff were amazing"
"Cape Adieu Harbour Cruises","https://www.google.com/maps/search/?api=1&query=Cape%20Adieu%20Harbour%20Cruises&query_place_id=ChIJESgQdhuRwCwRJSCjV_xWOPk","5",,,"Had a lovely night on the Cape Adieu dinner cruise. The staff were great , the food was excellent, plenty for everyone.  The salads were beautiful, whoever prepared them did  a great job.  The main was white salmon, with a Mango salsa Verde. It was so beautiful.  Top marks to all involved. We loved it...highly recommend."
"Cape Adieu Harbour Cruises","https://www.google.com/maps/search/?api=1&query=Cape%20Adieu%20Harbour%20Cruises&query_place_id=ChIJESgQdhuRwCwRJSCjV_xWOPk","5",,,"Perfect! Perfect! Perfect! This cruise was seriously good. The food was delicious and plentiful, the staff were excellent and the Darwin sunset did not disappoint. The smaller boat meant a more special occasion. Molly and Jemma were fantastic. Thanks Cape Adieu for a lovely cruise."
"Cape Adieu Harbour Cruises","https://www.google.com/maps/search/?api=1&query=Cape%20Adieu%20Harbour%20Cruises&query_place_id=ChIJESgQdhuRwCwRJSCjV_xWOPk","5",,,"Lovely crew, great food, relaxing cruise."
"Cape Adieu Harbour Cruises","https://www.google.com/maps/search/?api=1&query=Cape%20Adieu%20Harbour%20Cruises&query_place_id=ChIJESgQdhuRwCwRJSCjV_xWOPk","5",,,"Went on the Charles Darwin sunset cruise, it was FANTASTIC, the boat the staff the menu the commentary, we loved it all."
"Cape Adieu Harbour Cruises","https://www.google.com/maps/search/?api=1&query=Cape%20Adieu%20Harbour%20Cruises&query_place_id=ChIJESgQdhuRwCwRJSCjV_xWOPk","3",,,"Pleasant ship. Crew very upbeat. Was very unhappy about almost being bullied into having the salmon, which wasn't particularly nice, instead of a steak.  The most expensive of the cruises and had hoped for better."
"Cape Adieu Harbour Cruises","https://www.google.com/maps/search/?api=1&query=Cape%20Adieu%20Harbour%20Cruises&query_place_id=ChIJESgQdhuRwCwRJSCjV_xWOPk","5",,,"A must do dinner harbour sunset cruise in Darwin.
Great staff, food was fabulous.
Able to take own alcohol.
Highly recommend."
"Cape Adieu Harbour Cruises","https://www.google.com/maps/search/?api=1&query=Cape%20Adieu%20Harbour%20Cruises&query_place_id=ChIJESgQdhuRwCwRJSCjV_xWOPk","1",,,"Incorrect location, Cape Adieu is docked at Stokes Hill Wharf dock 3.
There is also a ticket office located there too."
"Cape Adieu Harbour Cruises","https://www.google.com/maps/search/?api=1&query=Cape%20Adieu%20Harbour%20Cruises&query_place_id=ChIJESgQdhuRwCwRJSCjV_xWOPk","5",,,"Nice light breeze, gentle cruise along the Arafura sea. Sunset was spectacular, especially after the sun had dropped. Food was surprisingly good and drinks were reasonable price"
"Cape Adieu Harbour Cruises","https://www.google.com/maps/search/?api=1&query=Cape%20Adieu%20Harbour%20Cruises&query_place_id=ChIJESgQdhuRwCwRJSCjV_xWOPk","5",,,"Just an amazing cruise, from the moment on board the crew are friendly and provide excellent and professional service.
Food is fresh and full of flavour, and the views are exceptional. Highly recommend."
"Cape Adieu Harbour Cruises","https://www.google.com/maps/search/?api=1&query=Cape%20Adieu%20Harbour%20Cruises&query_place_id=ChIJESgQdhuRwCwRJSCjV_xWOPk","5",,,"Great fresh seafood, professional & friendly service, with a calm sail, even with the storms !!"
"Cape Adieu Harbour Cruises","https://www.google.com/maps/search/?api=1&query=Cape%20Adieu%20Harbour%20Cruises&query_place_id=ChIJESgQdhuRwCwRJSCjV_xWOPk","5",,,"Fantastic food, great service"
"Cape Adieu Harbour Cruises","https://www.google.com/maps/search/?api=1&query=Cape%20Adieu%20Harbour%20Cruises&query_place_id=ChIJESgQdhuRwCwRJSCjV_xWOPk","4",,,"We have been on this cruise twice now and it is great value.  The staff are friendly and attentive.  Seafood is devine!  And my steak was done to perfection.  Cape Adieu never fails to satisfy."
"Cape Adieu Harbour Cruises","https://www.google.com/maps/search/?api=1&query=Cape%20Adieu%20Harbour%20Cruises&query_place_id=ChIJESgQdhuRwCwRJSCjV_xWOPk","5",,,"We enjoyed a wonderful Cruise with a friendly, helpful staff.
Would highly recommend Adieu Cruises."
"Cape Adieu Harbour Cruises","https://www.google.com/maps/search/?api=1&query=Cape%20Adieu%20Harbour%20Cruises&query_place_id=ChIJESgQdhuRwCwRJSCjV_xWOPk","5",,,"Everything about this outing was excellent. Excellent relaxed and welcoming vibe from all onboard. Great food, including fabulous fresh seafood  and reasonably priced drinks. BYO is also welcomed.. Darwin does great sunsets and seafood, and what better way to experience both, than on a cruise in the Darwin Harbour!
Highly recommended"
"Cape Adieu Harbour Cruises","https://www.google.com/maps/search/?api=1&query=Cape%20Adieu%20Harbour%20Cruises&query_place_id=ChIJESgQdhuRwCwRJSCjV_xWOPk","5",,,"Absolutely enjoyed the experience. The food was fantastic. The service was brilliant."
"Cape Adieu Harbour Cruises","https://www.google.com/maps/search/?api=1&query=Cape%20Adieu%20Harbour%20Cruises&query_place_id=ChIJESgQdhuRwCwRJSCjV_xWOPk","5",,,"Great cruise environment. Cruise staff were really lovely and informativem. Great value for money and went for just the right amount of time. Just paid for the cruise no meal but the food looked really nice"
"Cape Adieu Harbour Cruises","https://www.google.com/maps/search/?api=1&query=Cape%20Adieu%20Harbour%20Cruises&query_place_id=ChIJESgQdhuRwCwRJSCjV_xWOPk","5",,,"Had a fabulous night, staff super friendly, food pretty good, sunset wonderful.  Thanks guys, night to remember"
"Cape Adieu Harbour Cruises","https://www.google.com/maps/search/?api=1&query=Cape%20Adieu%20Harbour%20Cruises&query_place_id=ChIJESgQdhuRwCwRJSCjV_xWOPk","5",,,"Great staff.   Perfect way to spend a hot evening"
"Cape Adieu Harbour Cruises","https://www.google.com/maps/search/?api=1&query=Cape%20Adieu%20Harbour%20Cruises&query_place_id=ChIJESgQdhuRwCwRJSCjV_xWOPk","5",,,"Excellent value. Very friendly and professional staff. Boat was comfortable, stable with minimal engine sound. Went for the prawn platter option. Very tasty dips, prawns and fruit and tea/coffee provided. The commentary was informative but plenty of breaks to allow time to just take in the view and chat with my cohorts.  Topped off with a really great sunset.  A highlight of my Darwin holiday. Highly recommende."
"Cape Adieu Harbour Cruises","https://www.google.com/maps/search/?api=1&query=Cape%20Adieu%20Harbour%20Cruises&query_place_id=ChIJESgQdhuRwCwRJSCjV_xWOPk","5",,,"We did a dinner cruise last night and I could not recommend it more highly.  The atmosphere was lovely and the food was sensational.  BYO makes it veryaffordable. Will do  again."
"Cape Adieu Harbour Cruises","https://www.google.com/maps/search/?api=1&query=Cape%20Adieu%20Harbour%20Cruises&query_place_id=ChIJESgQdhuRwCwRJSCjV_xWOPk","5",,,"Loved everything about this cruise, highly recommend."
"Cape Adieu Harbour Cruises","https://www.google.com/maps/search/?api=1&query=Cape%20Adieu%20Harbour%20Cruises&query_place_id=ChIJESgQdhuRwCwRJSCjV_xWOPk","5",,,"Can not speak highly enough about this experience. Food was excellent,  staff are amazing , the view spectacular.  Wish I did it twice ."
"Cape Adieu Harbour Cruises","https://www.google.com/maps/search/?api=1&query=Cape%20Adieu%20Harbour%20Cruises&query_place_id=ChIJESgQdhuRwCwRJSCjV_xWOPk","5",,,"This is an Outstanding Life Experience, while enjoying great Gress local seafood and a good available drink selection while you cruise the calm Darwin Harbour to enjoy the amazing Sunset. Super Highly recommended."
"Cape Adieu Harbour Cruises","https://www.google.com/maps/search/?api=1&query=Cape%20Adieu%20Harbour%20Cruises&query_place_id=ChIJESgQdhuRwCwRJSCjV_xWOPk","5",,,"Absolutely fantastic great meal and great service. Would highly recommend to anyone. To do. Thanks very much Mike and Bev Smith 👍🍻"
"Cape Adieu Harbour Cruises","https://www.google.com/maps/search/?api=1&query=Cape%20Adieu%20Harbour%20Cruises&query_place_id=ChIJESgQdhuRwCwRJSCjV_xWOPk","5",,,"I took my beloved 90yo nonno on this cruise with the prawn package and I must say...it exceeded my expectations! First, the staff is absolutely lovely and super friendly. Second, the prawns were plenty, super fresh and delicious. It was a relaxed 3 hour experience where I created great memories with people I love and he (the fussy one!!) was really pleased. Absolutely recommended."
"Cape Adieu Harbour Cruises","https://www.google.com/maps/search/?api=1&query=Cape%20Adieu%20Harbour%20Cruises&query_place_id=ChIJESgQdhuRwCwRJSCjV_xWOPk","4",,,"My family would like to thank you for a memorable time. Beautiful night, accompanied by fresh seafood served by attentive and courteous staff.  Only one negative – maybe you could change your background music to something a little more suitable. Throw in a few Australian songs rather than Bob Dylan and Simon and Garfunkel. Why not try Reckless by Australian Crawl, Great Southern Land by Ice House, Throw your Arms Around Me by Mark Seymour, My Island Home by Christine Anu, One Country by Midnight Oil or pick any song by Paul Kelly.  Your cruise showed how stunningly beautiful our country really is, so why not play some Australian classics?   Thank you."
"Cape Adieu Harbour Cruises","https://www.google.com/maps/search/?api=1&query=Cape%20Adieu%20Harbour%20Cruises&query_place_id=ChIJESgQdhuRwCwRJSCjV_xWOPk","5",,,"We had a fantastic night with Cape Adieu Harbour Cruises sunset cruise with amazing locally caught fresh seafood. Would highly recommend for dinner to see Darwin from a alternative aspect and have a lovely dinner at the same time. Staff were very helpful and friendly!"
"Cape Adieu Harbour Cruises","https://www.google.com/maps/search/?api=1&query=Cape%20Adieu%20Harbour%20Cruises&query_place_id=ChIJESgQdhuRwCwRJSCjV_xWOPk","5",,,"What a awesome dinner cruise great food great atmosphere and can't fault the staff totally recommend a must do when in Darwin"
"Cape Adieu Harbour Cruises","https://www.google.com/maps/search/?api=1&query=Cape%20Adieu%20Harbour%20Cruises&query_place_id=ChIJESgQdhuRwCwRJSCjV_xWOPk","5",,,"Very well run. Delicious dinner.  Great staff. Sunset was a bonus"
"Cape Adieu Harbour Cruises","https://www.google.com/maps/search/?api=1&query=Cape%20Adieu%20Harbour%20Cruises&query_place_id=ChIJESgQdhuRwCwRJSCjV_xWOPk","5",,,"Not to be missed. Thoroughly enjoyable. Great boat, great service, fabulous team. Sensational value for money, we loved it!"
"Cape Adieu Harbour Cruises","https://www.google.com/maps/search/?api=1&query=Cape%20Adieu%20Harbour%20Cruises&query_place_id=ChIJESgQdhuRwCwRJSCjV_xWOPk","4",,,"Great boat, service with a gorgeous sunset"
"Cape Adieu Harbour Cruises","https://www.google.com/maps/search/?api=1&query=Cape%20Adieu%20Harbour%20Cruises&query_place_id=ChIJESgQdhuRwCwRJSCjV_xWOPk","5",,,
"Cape Adieu Harbour Cruises","https://www.google.com/maps/search/?api=1&query=Cape%20Adieu%20Harbour%20Cruises&query_place_id=ChIJESgQdhuRwCwRJSCjV_xWOPk","5",,,"Awesome cruise, food , service and communication of the highest level. Would recommend highly and would do again. Nothing was too much trouble even though the stafff were very busy getting all the meals out. Great play list Matt 🙂"
"Cape Adieu Harbour Cruises","https://www.google.com/maps/search/?api=1&query=Cape%20Adieu%20Harbour%20Cruises&query_place_id=ChIJESgQdhuRwCwRJSCjV_xWOPk","5",,,"We had an absolutely fabulous time on this cruise last night.  The welcome  we received upon boarding was so friendly.  Our hostess got us settled in, organised an ice bucket and glasses for our BYO bottle of wine.  Then, she got some ice for the BYO beer in our little esky.  Nothing was too much trouble.  Nibbles arrived --yummy homemade dips--as we departed the wharf!  A bit later, it was time to hit the buffet for 'entrees'.  The seafood was fresh and plentiful.  The salads were varied and also nicely presented.  Later, after the beautiful sunset, we received our main course--again with the option of salad on the side.  Finally,  fresh fruit and coffee was offered!  Amazing value, great organisation, lovely scenery to watch on the way, good commentary, wonderful service--who could ask for more!"
"Cape Adieu Harbour Cruises","https://www.google.com/maps/search/?api=1&query=Cape%20Adieu%20Harbour%20Cruises&query_place_id=ChIJESgQdhuRwCwRJSCjV_xWOPk","5",,,"Best night on the water for a long time. Excellent.👏👏"
"Cape Adieu Harbour Cruises","https://www.google.com/maps/search/?api=1&query=Cape%20Adieu%20Harbour%20Cruises&query_place_id=ChIJESgQdhuRwCwRJSCjV_xWOPk","5",,,"Loved this evening.  Plenty of food, including prawns, oysters, smoked mackerel and salads. The staff worked continuously with a smile on their face."
"Cape Adieu Harbour Cruises","https://www.google.com/maps/search/?api=1&query=Cape%20Adieu%20Harbour%20Cruises&query_place_id=ChIJESgQdhuRwCwRJSCjV_xWOPk","5",,,"Staff were professional. Food delicious"
"Cape Adieu Harbour Cruises","https://www.google.com/maps/search/?api=1&query=Cape%20Adieu%20Harbour%20Cruises&query_place_id=ChIJESgQdhuRwCwRJSCjV_xWOPk","5",,,"Very imformative and professional.
We were on the upper deck and avril did an awesome job looking after us .
We would highly recomend this as a must do cruise in darwin."
"Cape Adieu Harbour Cruises","https://www.google.com/maps/search/?api=1&query=Cape%20Adieu%20Harbour%20Cruises&query_place_id=ChIJESgQdhuRwCwRJSCjV_xWOPk","5",,,"Just enjoy and relax with sea breeze on your face. Food is nice too, from entree to desserts.
All the staffs are very friendly and smiling, looks like they love their job."
"Cape Adieu Harbour Cruises","https://www.google.com/maps/search/?api=1&query=Cape%20Adieu%20Harbour%20Cruises&query_place_id=ChIJESgQdhuRwCwRJSCjV_xWOPk","5",,,"What a fantastic cruise. Down to earth really friendly staff. BYO option! Food was reasonable, heaps of cooked prawns and fresh oysters. Steak an option for mains. Would absolutely do this cruise again."
"Cape Adieu Harbour Cruises","https://www.google.com/maps/search/?api=1&query=Cape%20Adieu%20Harbour%20Cruises&query_place_id=ChIJESgQdhuRwCwRJSCjV_xWOPk","5",,,
"Cape Adieu Harbour Cruises","https://www.google.com/maps/search/?api=1&query=Cape%20Adieu%20Harbour%20Cruises&query_place_id=ChIJESgQdhuRwCwRJSCjV_xWOPk","5",,,"We had a fantastic evening celebrating my husband’s birthday. The staff were most friendly and very attentive. My husband received cake and sparkler unexpectedly. The food was amazing. Sunset superb. Really enjoyed the small, intimate atmosphere, and being close to the water. Would do it all over again."
"Cape Adieu Harbour Cruises","https://www.google.com/maps/search/?api=1&query=Cape%20Adieu%20Harbour%20Cruises&query_place_id=ChIJESgQdhuRwCwRJSCjV_xWOPk","5",,,"Tonight Dinner."
"Cape Adieu Harbour Cruises","https://www.google.com/maps/search/?api=1&query=Cape%20Adieu%20Harbour%20Cruises&query_place_id=ChIJESgQdhuRwCwRJSCjV_xWOPk","5",,,"Amazing cruise, great food lovely staff"
"Cape Adieu Harbour Cruises","https://www.google.com/maps/search/?api=1&query=Cape%20Adieu%20Harbour%20Cruises&query_place_id=ChIJESgQdhuRwCwRJSCjV_xWOPk","5",,,"Summed up in one word
BEAUTIFUL"
"Cape Adieu Harbour Cruises","https://www.google.com/maps/search/?api=1&query=Cape%20Adieu%20Harbour%20Cruises&query_place_id=ChIJESgQdhuRwCwRJSCjV_xWOPk","5",,,"Loved it"
"Cape Adieu Harbour Cruises","https://www.google.com/maps/search/?api=1&query=Cape%20Adieu%20Harbour%20Cruises&query_place_id=ChIJESgQdhuRwCwRJSCjV_xWOPk","5",,,"A beautiful evening out!"
"Cape Adieu Harbour Cruises","https://www.google.com/maps/search/?api=1&query=Cape%20Adieu%20Harbour%20Cruises&query_place_id=ChIJESgQdhuRwCwRJSCjV_xWOPk","5",,,"Great experience. Highly recommended. Captain Shane and his crew are awesome. Make certain that you book a dinner option."
"Cape Adieu Harbour Cruises","https://www.google.com/maps/search/?api=1&query=Cape%20Adieu%20Harbour%20Cruises&query_place_id=ChIJESgQdhuRwCwRJSCjV_xWOPk","4",,,"A fantastic evening from start to finish. The food was good and the service we received was excellent. A great experience to soak in the glorious Darwin sunset."
"Cape Adieu Harbour Cruises","https://www.google.com/maps/search/?api=1&query=Cape%20Adieu%20Harbour%20Cruises&query_place_id=ChIJESgQdhuRwCwRJSCjV_xWOPk","5",,,"Had a fantastic evening out on the Cape Adieu. Terrific sunset, and really good food - the highlights being the prawns and oysters for us! Enjoyed the skipper's commentary as we cruised around the harbour. BYO is a huge plus!"
"Cape Adieu Harbour Cruises","https://www.google.com/maps/search/?api=1&query=Cape%20Adieu%20Harbour%20Cruises&query_place_id=ChIJESgQdhuRwCwRJSCjV_xWOPk","4",,,"Thoroughly enjoyed the cruise experience in Darwin. Food ok....but a bit overrated"
"Cape Adieu Harbour Cruises","https://www.google.com/maps/search/?api=1&query=Cape%20Adieu%20Harbour%20Cruises&query_place_id=ChIJESgQdhuRwCwRJSCjV_xWOPk","5",,,"A fantastic night had by all. The crew are amazing and what a Great cruise."
"Cape Adieu Harbour Cruises","https://www.google.com/maps/search/?api=1&query=Cape%20Adieu%20Harbour%20Cruises&query_place_id=ChIJESgQdhuRwCwRJSCjV_xWOPk","5",,,
"Cape Adieu Harbour Cruises","https://www.google.com/maps/search/?api=1&query=Cape%20Adieu%20Harbour%20Cruises&query_place_id=ChIJESgQdhuRwCwRJSCjV_xWOPk","5",,,"Highlight of our trip to Darwin.

We loved this cruise! The staff are very attentive and you can BYO drinks. The food was superb…. We got talking to the captain and were amazed to find that they build their own Smokers for the Smoked Mackerel they serve onboard. They also cook the Prawns onboard!!!
A relaxing 2.5hrs on the harbor with an amazing sunset to match. It was the Highlight of our trip to Darwin.

Highly recommend this cruise if you ever visit Darwin."
"Cape Adieu Harbour Cruises","https://www.google.com/maps/search/?api=1&query=Cape%20Adieu%20Harbour%20Cruises&query_place_id=ChIJESgQdhuRwCwRJSCjV_xWOPk","5",,,
"Cape Adieu Harbour Cruises","https://www.google.com/maps/search/?api=1&query=Cape%20Adieu%20Harbour%20Cruises&query_place_id=ChIJESgQdhuRwCwRJSCjV_xWOPk","5",,,"Very enjoyable and relaxing. The food was great and the staff were helpful and friendly. Absolutely recommend this tour."
"Cape Adieu Harbour Cruises","https://www.google.com/maps/search/?api=1&query=Cape%20Adieu%20Harbour%20Cruises&query_place_id=ChIJESgQdhuRwCwRJSCjV_xWOPk","5",,,
"Cape Adieu Harbour Cruises","https://www.google.com/maps/search/?api=1&query=Cape%20Adieu%20Harbour%20Cruises&query_place_id=ChIJESgQdhuRwCwRJSCjV_xWOPk","3",,,"Nice cruise, nice food but a bit over priced. Experience was ruined by yobbos smoking and swearing at a 22st birthday on the cruise. Offered free drinks was nice but did not make up for the annoyance."
"Cape Adieu Harbour Cruises","https://www.google.com/maps/search/?api=1&query=Cape%20Adieu%20Harbour%20Cruises&query_place_id=ChIJESgQdhuRwCwRJSCjV_xWOPk","5",,,"What a fantastic evening we had great service and food not to mention the beautiful sunset.
We were very well looked after by Chrissy who worked her butt of to make sure the evening was as pleasant as it was.
Would do again if ever back in Darwin."
"Cape Adieu Harbour Cruises","https://www.google.com/maps/search/?api=1&query=Cape%20Adieu%20Harbour%20Cruises&query_place_id=ChIJESgQdhuRwCwRJSCjV_xWOPk","5",,,"We went on this sunset cruise for a birthday dinner. It was Sunday night, and I thought it might be busy, but it was very well organised, and didn't feel crowded. The boat itself was quiet, no engine noise. I chose Cape Adieu Harbour Cruises because of the dinner menu. We were not disappointed. We are planning on staying in Darwin for a year, and loved the service, food, and cruise so much we will probably do it again in a few months. Delicious oysters, smoked Spanish Mackerel, Banana Prawns, Red Fin Salmon. The boat is licensed, but it is also byo. Staff were friendly. Thank you to all staff."
"Cape Adieu Harbour Cruises","https://www.google.com/maps/search/?api=1&query=Cape%20Adieu%20Harbour%20Cruises&query_place_id=ChIJESgQdhuRwCwRJSCjV_xWOPk","5",,,"Had an amazing time! Took my friend on this 2.5h cruise as a surprise and we were both so happy about it! The food was delicious and we had the option to BYO as well! Cant stress enough on how lovely our italian waitress was. Thank you again for the perfect evening. Would definitely recommend this cruise to everyone."
"Cape Adieu Harbour Cruises","https://www.google.com/maps/search/?api=1&query=Cape%20Adieu%20Harbour%20Cruises&query_place_id=ChIJESgQdhuRwCwRJSCjV_xWOPk","5",,,"A great 3hr cruise with excellent food (smoked Spanish mackerel to die for) and great service from the crew money well spent ."
"Cape Adieu Harbour Cruises","https://www.google.com/maps/search/?api=1&query=Cape%20Adieu%20Harbour%20Cruises&query_place_id=ChIJESgQdhuRwCwRJSCjV_xWOPk","5",,,
"Cape Adieu Harbour Cruises","https://www.google.com/maps/search/?api=1&query=Cape%20Adieu%20Harbour%20Cruises&query_place_id=ChIJESgQdhuRwCwRJSCjV_xWOPk","5",,,"A beautiful night out. The boat is small enough to feel intimate, food was delicious  (especially the oysters and banana prawns) and the fact it's BYO makes it even better."
"Cape Adieu Harbour Cruises","https://www.google.com/maps/search/?api=1&query=Cape%20Adieu%20Harbour%20Cruises&query_place_id=ChIJESgQdhuRwCwRJSCjV_xWOPk","5",,,"A great time"
"Cape Adieu Harbour Cruises","https://www.google.com/maps/search/?api=1&query=Cape%20Adieu%20Harbour%20Cruises&query_place_id=ChIJESgQdhuRwCwRJSCjV_xWOPk","5",,,"Great night out!
We came onboard to celebrate my wife’s Birthday and it was such a memorable experience, a night we won’t forget! From start to finish we were greeted with smiles and great customer service. The staffs were attentive but not intrusive and the food was delicious! We had 4 courses, the seafood was outstanding especially the Smoked Mackerel, Salads were fresh & tasty and to top it all off the Homemade cheesecakes for dessert were Splendid. They even put a Sparkler on my wife’s dessert and greeted her Happy Birthday!

We sat on the front deck and had an amazing view if the Sunset, the captain turned the boat around just as it set so that everyone on board had a good chance to take pictures.

BYO is allowed and they even put your drinks on ice for you.

If you’re ever in Darwin this is a Must Do!  :)"
"Cape Adieu Harbour Cruises","https://www.google.com/maps/search/?api=1&query=Cape%20Adieu%20Harbour%20Cruises&query_place_id=ChIJESgQdhuRwCwRJSCjV_xWOPk","1",,,"Rude arrogant owner and bad food, don’t do this one"
"Cape Adieu Harbour Cruises","https://www.google.com/maps/search/?api=1&query=Cape%20Adieu%20Harbour%20Cruises&query_place_id=ChIJESgQdhuRwCwRJSCjV_xWOPk","4",,,"Excellent food nice staff great trip"
"Cape Adieu Harbour Cruises","https://www.google.com/maps/search/?api=1&query=Cape%20Adieu%20Harbour%20Cruises&query_place_id=ChIJESgQdhuRwCwRJSCjV_xWOPk","5",,,"Beautiful evening out, not rushed at all. Lovely fresh produce...casual relaxed atmosphere"
"Cape Adieu Harbour Cruises","https://www.google.com/maps/search/?api=1&query=Cape%20Adieu%20Harbour%20Cruises&query_place_id=ChIJESgQdhuRwCwRJSCjV_xWOPk","5",,,"Wonderful  wonderful what a great night. A must do again one day"
"Cape Adieu Harbour Cruises","https://www.google.com/maps/search/?api=1&query=Cape%20Adieu%20Harbour%20Cruises&query_place_id=ChIJESgQdhuRwCwRJSCjV_xWOPk","5",,,"Great service. Great boat. Great seafood - more than you could possibly eat. Great value. Highly recommend."
"Cape Adieu Harbour Cruises","https://www.google.com/maps/search/?api=1&query=Cape%20Adieu%20Harbour%20Cruises&query_place_id=ChIJESgQdhuRwCwRJSCjV_xWOPk","5",,,"Superb! Seafood was generous and delicious"
"Cape Adieu Harbour Cruises","https://www.google.com/maps/search/?api=1&query=Cape%20Adieu%20Harbour%20Cruises&query_place_id=ChIJESgQdhuRwCwRJSCjV_xWOPk","4",,,
"Cape Adieu Harbour Cruises","https://www.google.com/maps/search/?api=1&query=Cape%20Adieu%20Harbour%20Cruises&query_place_id=ChIJESgQdhuRwCwRJSCjV_xWOPk","5",,,"Had a great trip around the harbour - very relaxing."
"Cape Adieu Harbour Cruises","https://www.google.com/maps/search/?api=1&query=Cape%20Adieu%20Harbour%20Cruises&query_place_id=ChIJESgQdhuRwCwRJSCjV_xWOPk","5",,,"I organised my engagement party with these guys and it was absolutely fantastic. We had friends and family come up from down south and they were extremely impressed.
Matthew was the main person I corresponded with, and he was always extremely helpful, accommodating and punctual with replying to my many questions.
The food was brilliant as well, the chef seemed a bit young when I first saw him, but he definitely knows what he is doing, every course was amazing.
The other staff and the captain of the boat were just as fantastic as the others, really helpful and happy to answer questions, bring drinks over to people (we brought all our own drinks) and even help out the younger members of our entourage; my little brother had trouble with his steak and without a word from anyone, one of the staff members was cutting up his steak for him.

The night was absolutely fantastic and I cannot fault these guys on anything, thank you so much for such a memorable night!"
"Cape Adieu Harbour Cruises","https://www.google.com/maps/search/?api=1&query=Cape%20Adieu%20Harbour%20Cruises&query_place_id=ChIJESgQdhuRwCwRJSCjV_xWOPk","1",,,"The cruise was very informative and the sunset was lovely.However I don't think the buffet meal was value for money. Only 4 salads, one being tinned baby beets and another couscous.  The other two were nice but they ran out by the time the main course cane round. Only one dessert which was a small crumble which I liked but it would have been nice to have a choice. $92 for seniors not worth the money"
"Cape Adieu Harbour Cruises","https://www.google.com/maps/search/?api=1&query=Cape%20Adieu%20Harbour%20Cruises&query_place_id=ChIJESgQdhuRwCwRJSCjV_xWOPk","5",,,"My sister and her husband were visiting Darwin and we took them out on a sunset cruise on the Cape Adieu. It was the most wonderful night - we were seated on the top deck at the stern and had a wonderful view, delicious food and excellent music interspersed with informative commentary about the sights we sailed past. The weather was perfect and the crew were organised and attentive. This was the best outing we have ever had in our 2 years in Darwin. We will take all our visitors on this cruise in future."
