,categoryName,isAdvertisement,isLocalGuide,language,likesCount,publishAt,publishedAtDate,reviewContext/Reservation recommended,reviewContext/Visited on,reviewContext/Wait time,reviewerNumberOfReviews,reviewsCount,stars,state,temporarilyClosed,text,title,totalScore,responseFromOwnerDate,responseFromOwnerText,sentiment,Unnamed: 0
0,War museum,False,True,en,0,a week ago,2025-09-08T03:51:50.357Z,No,Weekend,No wait,40,2118,5,Northern Territory,False,"The Darwin Military Museum is a must-visit if you’re in Darwin! 🇦🇺✨ I found it fascinating because it really brings the city’s history to life, especially the events of 1942 during World War II.

Walking through the museum, you get to see an impressive collection of army trucks 🚛, uniforms 🎖️, and historic weapons 🔫. The displays are well set out and give you a real sense of what Darwin went through during the bombing raids. The multimedia presentations and exhibits make the history feel alive — it’s not just reading information, it’s like stepping back in time.

If you love history, the military, or just want to understand Darwin on a deeper level, this place is definitely worth the visit. 🙌",Darwin Military Museum,4.6,None,None,Positive,
1,War museum,False,True,en,0,a week ago,2025-09-13T05:22:07.428Z,No,Weekend,No wait,24,2118,5,Northern Territory,False,"WOW. This has to one of the best museums I have visited in a long time. The cinema was so great and the movie was very well made. Displays were also well worth the visit, and as someone coming from Europe, it was nice to see all the exhibits and get a view on the war from the other side of the world. We spent good well over two hours and we would definetely come again.
Thank you",Darwin Military Museum,4.6,None,None,Positive,
2,War museum,False,True,en,0,3 months ago,2025-06-14T03:32:58.201Z,No,Weekend,No wait,168,2118,5,Northern Territory,False,"Wow! You need to stop here and allow a few hours! There is an interactive room that locks up and plays a re-enactment of the day Darwin was bombed; there is an interactive table which allows you to listen to first count stories and there are so many areas & stories to read and explore! So much thought has gone into this museum and it is well looked after. Plenty of parking, toilets and a tiny Cafe and gift shop. Well done to Norm & the staff. Will be taking all out Southern Visitors to share this exceptional experience.",Darwin Military Museum,4.6,None,None,Positive,
3,War museum,False,True,en,0,5 months ago,2025-04-19T06:44:06.934Z,No,Weekday,No wait,42,2118,4,Northern Territory,False,"Quite good if your ok with self guided. There was a lot to look at and the information was good but you need a fair amount of time to read everything.

The interactive screens are good and the show was informative but left out a lot of details, leaving you searching for more info.
I thought I would have a better understanding of the history leaving the theatre, but then found it in pieces while walking around the property.",Darwin Military Museum,4.6,None,None,Positive,
4,War museum,False,True,en,0,a month ago,2025-07-25T09:06:57.937Z,No,Weekday,No wait,1451,2118,5,Northern Territory,False,Awesome museum. Lots of cool displays and there's a huge outdoor area. Lots to learn from WWII and the defence members who were part of various wars.,Darwin Military Museum,4.6,None,None,Positive,
5,War museum,False,True,en,0,a month ago,2025-07-30T07:32:15.943Z,Not sure,Public holiday,No wait,471,2118,5,Northern Territory,False,"Visited as part of WW2 Half Day Tour by Land & Sea recent Fri 25/7. Blown away literally! Only visited war memorial museums previously.  This is on the actual WW2 Fortification heritage listed site on Darwin's military zone East Point area.

The best part is outside - Armoured tanks & military vehicles, Bailey Bridges, recreated living quarters, Gun emplacement building on its original site with exhibits in bunker area surrounded by memorial plaques outside. Plus Holocaust indoor mini complex - it is a huge area set amongst gargantuan Banyan trees & nature's camouflage.
So our allocated 1.5 hours was never going to be enough.

I watched the Defence of Darwin experience when the war siren activated. After this - did a quick whizz inside & headed out. Covered almost all outdoor exhibits & military fortification by speed reading & taking pics to peruse later. Thankful indeed to live in peaceful times but also in absolute awe of the might, size & sheer intimidation of the military vehicles & equipment of yore. The Furphy water tank in good condition was another highlight- the phrase ""to spin a furphy"" originated!",Darwin Military Museum,4.6,None,None,Positive,
6,War museum,False,True,en,0,a month ago,2025-08-06T00:58:14.948Z,No,Weekday,No wait,547,2118,5,Northern Territory,False,"My favourite museum in Darwin.
The air conditioned internal section features a theatre and is full of photos, informative posters, interactive displays and memorabilia.
The grounds are filled with old Jeeps, tanks and more outbuildings.",Darwin Military Museum,4.6,None,None,Positive,
7,War museum,False,True,en,0,a month ago,2025-08-04T20:17:06.531Z,No,Weekend,No wait,166,2118,5,Northern Territory,False,"Great place to learn if the near invasion of Darwin, movie is epic and a must see ..make sure you have at least 2 hrs too see all ..it's huge ..",Darwin Military Museum,4.6,None,None,Positive,
8,War museum,False,True,en,0,2 months ago,2025-07-07T09:01:34.822Z,No,Weekend,No wait,21,2118,4,Northern Territory,False,"Wonderful displays and a wealth of information and memorabilia from several international conflicts. You'll need a good couple of hours to cover everything. A better experience would include more interactive experiences, guided tours and a more expensive cafe. Nevertheless, for war buffs, the DMM is highly recommended.",Darwin Military Museum,4.6,None,None,Positive,
9,War museum,False,True,en,0,a month ago,2025-07-27T08:05:24.782Z,Yes,Weekday,Up to 10 min,24,2118,4,Northern Territory,False,"It's a great place to learn history of Darwin as the front door to Australia from northern part.
There are lots to see,  bring a hat and water as plenty of areas to walk around",Darwin Military Museum,4.6,None,None,Positive,
10,War museum,False,True,en,0,a month ago,2025-08-04T11:51:35.225Z,No,Weekday,No wait,188,2118,4,Northern Territory,False,"Very informative inside displays of the rise of the Nazis in Australia. Concentration camp conditions and stories. Lots of war memorabilia outside. Not a large display, but easy to get around.",Darwin Military Museum,4.6,None,None,Positive,
11,War museum,False,True,en,0,2 months ago,2025-07-16T05:05:01.927Z,No,Weekday,No wait,123,2118,5,Northern Territory,False,Great range of exhibits and displays. Not crowd so easy to walk around and enjoy the displays.,Darwin Military Museum,4.6,None,None,Positive,
12,War museum,False,True,en,0,10 months ago,2024-10-28T12:37:37.717Z,No,Weekday,No wait,200,2118,5,Northern Territory,False,"The museum is very interesting, and tells the military history of Darwin really well, especially the interactive visual media display of the 1942 bombings. There is lots you can do explore, and the outlying buildings are mostly air conditioned if you need a little respite from the heat. Allow at least 2 hours to get a full overview of the displays, especially the big gun and bunker.",Darwin Military Museum,4.6,None,None,Positive,
13,War museum,False,True,en,0,9 months ago,2024-11-28T06:58:03.904Z,Not sure,Weekday,No wait,446,2118,5,Northern Territory,False,Excellent museum! Whoever produced the 12 minute video is to be highly commended as it was spectacular! Sobering enough to bring tears to your eyes though necessary in order to remember. The rest of the museum including the outdoor area was quite interesting as well.,Darwin Military Museum,4.6,None,None,Positive,
14,War museum,False,True,en,0,3 months ago,2025-06-13T22:35:26.872Z,No,Weekday,No wait,18,2118,5,Northern Territory,False,It was very interesting and the short film should not be missed. There is so much to see both inside and outside.,Darwin Military Museum,4.6,None,None,Positive,
15,War museum,False,True,en,0,a month ago,2025-07-30T08:10:20.306Z,No,Weekday,No wait,34,2118,4,Northern Territory,False,The story of how Japan invaded Darwin. Some of the stories were such an eye opener.  Horrible to know it's still happening today.,Darwin Military Museum,4.6,None,None,Negative,
16,War museum,False,True,en,0,4 months ago,2025-05-16T12:09:54.039Z,No,Weekday,No wait,22,2118,5,Northern Territory,False,This is such an amazing and beautifully peaceful museum of such a destructive time of war. Highly recommend,Darwin Military Museum,4.6,None,None,Positive,
17,War museum,False,True,en,0,5 months ago,2025-03-24T04:52:16.427Z,No,Weekday,No wait,1261,2118,5,Northern Territory,False,"Very good museum and great value at $20

Food, drink, toilets, a/c plus wide variety of indoor and outdoor exhibits

Free WiFi too

Nice museum",Darwin Military Museum,4.6,None,None,Positive,
18,War museum,False,True,en,0,a year ago,2024-09-14T06:53:35.527Z,No,Weekday,No wait,173,2118,5,Northern Territory,False,"This is one of the must-visit attractions in Darwin. It features a wide variety of tanks, cannons, firearms, uniforms, badges, and more, both indoors and outdoors. The largest cannon in Australia is here, and it’s truly impressive. Interestingly, there was a frog sleeping inside the barrel of one of the outdoor cannons, which was adorable. It’s recommended to visit the indoor exhibits first before heading to the outdoor area. The indoor section has a very well-done video that uses sound and imagery to transport you to the scene of the Japanese bombing of Darwin during the war, which is quite powerful. If you get tired from touring the exhibits, there's a café where you can grab a snack and take a break. This attraction is great for local families with children and is also a good spot for tourists to learn about Darwin’s history.",Darwin Military Museum,4.6,None,None,Positive,
19,War museum,False,True,en,0,a month ago,2025-08-11T22:33:25.421Z,Not sure,Weekend,No wait,157,2118,5,Northern Territory,False,Well worth the visit if you are interested in Australian Military history. Allow a couple of hours.,Darwin Military Museum,4.6,None,None,Positive,
20,War museum,False,True,en,0,a month ago,2025-08-18T04:44:51.726Z,No,Weekday,No wait,96,2118,4,Northern Territory,False,Small venue but many interesting   and informative audio visual displays.,Darwin Military Museum,4.6,None,None,Positive,
21,War museum,False,True,en,0,a week ago,2025-09-09T09:05:56.081Z,No,Weekday,No wait,399,2118,5,Northern Territory,False,It now has Vietnamese war shed and a Holocaust one. It's a must to go to when you are in Darwin.,Darwin Military Museum,4.6,None,None,Neutral,
22,War museum,False,True,en,0,10 months ago,2024-11-10T07:15:45.676Z,No,Weekend,No wait,137,2118,5,Northern Territory,False,A very respectful commemorative space. The cinema was very good and the many and various displays have something for everyone. Lots of military items on display outside too. We even enjoyed a sit down in the air-conditioned Cafe whilst we ate our goodies. And bought our granddaughter a lovely little book. Loved the 1000 origami folded cranes representing peace. Well worth a visit.,Darwin Military Museum,4.6,None,None,Positive,
23,War museum,False,True,en,0,a year ago,2024-09-03T05:56:45.558Z,No,Weekday,No wait,246,2118,3,Northern Territory,False,Plenty of history and displays to see but be prepared for a LOT of reading. Good movie played in the theatre and again plenty to read there also. Fantastic bunker and canon display but other than that the rest is in need for some TLC. The place has a bit of forgotten feel about it and there is a definite feel of maintenance needed. The out door displays good but once again in need of some TLC.,Darwin Military Museum,4.6,None,None,Positive,
24,War museum,False,True,en,0,4 weeks ago,2025-08-24T05:32:22.743Z,No,Weekday,No wait,95,2118,5,Northern Territory,False,Donot miss this.. An absolute must while visiting Darwin.,Darwin Military Museum,4.6,None,None,Positive,
25,War museum,False,True,en,0,4 months ago,2025-04-24T03:00:21.104Z,No,Weekday,No wait,278,2118,4,Northern Territory,False,Wonderfully laud out with a great presentation on Darwin bombing . Features all facets of war weaponry and presents a lifestyle view of the time. Worth a visit and worth the entry fee.,Darwin Military Museum,4.6,None,None,Positive,
26,War museum,False,True,en,0,a year ago,2024-07-24T05:51:49.886Z,No,Weekday,No wait,1081,2118,5,Northern Territory,False,"The museum was recommended to me.
Well worth the visit. Very informative and several touch screen displays. The bombing of Darwin documentary movie was great.
Some of the displays and garden area need a little TLC though.",Darwin Military Museum,4.6,None,None,Positive,
27,War museum,False,True,en,0,2 months ago,2025-06-23T08:37:29.587Z,No,Weekday,No wait,128,2118,5,Northern Territory,False,"From the outside this museum doesn’t look very big but once u get inside there are many visual & physical displays inside & out - definitely need a few hours to see it all & sadly we didn’t allow enough time & got caught out by the 4pm closure.
would highly recommend anyone visit the museum it’s a key piece of Australian military history.",Darwin Military Museum,4.6,None,None,Negative,
28,War museum,False,True,en,0,2 years ago,2023-06-29T00:45:11.197Z,No,Weekday,No wait,99,2118,4,Northern Territory,False,"Well worth a look. Guided tours would be an advantage (if there was it wasn’t offered) and give the displays a good dusting.
Educate the front desk staff what a veterans pension card is as both of them didn’t know.
Presented mine and at first it was refused as they said it wasn’t a pension card.
After showing them the smaller writing on the back (Vet affairs) was accepted",Darwin Military Museum,4.6,None,None,Positive,
29,War museum,False,True,en,0,a month ago,2025-08-07T03:16:34.631Z,No,Weekday,No wait,15,2118,5,Northern Territory,False,"Tells a fantastic story of the history in Darwin during WWII. I then goes into further history of WW1, WWII, Vietnam with lots of artefacts from all time frames. Which includes 2 Matilda tank hulls, Grant tank, Centurion Mk3 and other delightful relics. It also has a collection of items from the holocaust, which is very confronting. It's a timely reminder of what is happening in the middle east and what we must do as a society!",Darwin Military Museum,4.6,None,None,Positive,
30,War museum,False,True,en,0,a year ago,2023-10-26T00:04:25.241Z,No,Weekend,No wait,105,2118,5,Northern Territory,False,"Drive out to East Point to the Darwin military museum. It is a wonderful exhibit and history lesson.
The drive out to East Point is really scenic and there's a lot of places to stop and take photographs or enjoy a picnic lunch.
The museum is worth the visit. It is very educational and the exhibits and recreation of the bombing of Darwin from historic photographs into a film is incredible.
Highly recommend.",Darwin Military Museum,4.6,None,None,Positive,
31,War museum,False,True,en,0,a week ago,2025-09-07T23:14:23.357Z,No,Weekday,No wait,67,2118,5,Northern Territory,False,A brilliant record of Darwins past. Well worth visiting.,Darwin Military Museum,4.6,None,None,Positive,
32,War museum,False,True,en,0,3 months ago,2025-06-15T15:16:41.557Z,No,Weekday,No wait,11,2118,5,Northern Territory,False,"An absolute must! The movie is the best depiction of the Bombings I've seen, I wish they would make into a feature length film! The gardens and out buildings are full of history, you will definitely learn something",Darwin Military Museum,4.6,None,None,Positive,
33,War museum,False,True,en,0,a year ago,2024-04-21T04:52:13.322Z,No,Weekday,No wait,970,2118,5,Northern Territory,False,"Well worth visiting, lots of Darwin's WW2 history on display. It would be great if the old 9.2 inch concrete cannon mount was unlocked for visitors though, it appears that it used to be opened during daylight hours, and the sun weathered exterior signs need to be restored to be able to read them.",Darwin Military Museum,4.6,None,None,Positive,
34,War museum,False,True,en,0,4 years ago,2021-03-30T08:12:19.972Z,No,Weekday,No wait,576,2118,5,Northern Territory,False,"It was absolutely brilliant. After all the whinging from the kids in the car beforehand about another  boring museum (They loved it). We all learned a lot about Darwin's efforts during the war. Some areas are air conditioned and some are not, very friendly staff.  Highly recommended for anyone visiting Darwin.",Darwin Military Museum,4.6,None,None,Positive,
35,War museum,False,False,en,0,2 months ago,2025-07-08T06:26:06.047Z,Not sure,Weekday,Up to 10 min,2,2118,3,Northern Territory,False,"Very tired displays. Value for money not really thought it was over priced for what we saw.
Many of the outdoor displays need a good clean to rid the cobwebs. Several of the indoor displays had out of order on them.

Definitely no Wow factor",Darwin Military Museum,4.6,None,None,Positive,
36,War museum,False,True,en,0,a year ago,2024-02-06T04:07:47.784Z,No,Weekday,No wait,22,2118,5,Northern Territory,False,"Awesome visit. You can easily spend 2-3hrs here, with many outside and inside installations. The video in the theatre is also a must watch.",Darwin Military Museum,4.6,None,None,Positive,
37,War museum,False,True,en,0,3 years ago,2022-07-04T00:28:47.747Z,No,Weekday,No wait,75,2118,5,Northern Territory,False,"We were thoroughly surprised by how much this seemingly small museum contained! There is a range of displays, memorabilia, machines and information on display. The museum is spread out across an inside building to outside with sheds and other buildings. There is a short movie about the bombing of Darwin that plays which was very good. Highly recommend a visit, and allow a good couple of hours if you can.",Darwin Military Museum,4.6,None,None,Positive,
38,War museum,False,True,en,0,a year ago,2024-07-19T09:04:37.840Z,No,Weekday,No wait,19,2118,5,Northern Territory,False,My 1st time visiting and I was beyond moved! The video that played was so well put together and the displays were fascinating. I highly recommend visiting here.,Darwin Military Museum,4.6,None,None,Positive,
39,War museum,False,True,en,0,3 years ago,2022-07-07T07:40:06.116Z,No,Weekday,No wait,223,2118,5,Northern Territory,False,"This museum has a great collection.  It's very informative,  self paced and interesting.  There's a w min video presentation that plays continually during the day.  Listen for the air raid siren as your cue to move into the theatre.
They have a cafe with lots of shadey trees to suit under.
There is just one thing,  there are signs every where asking people (kids mainly) to stay off the exhibits, please adhere to this and do not let your kids climb over the tanks,  guns etc.  It really needs to be preserved for everyone and for generations to come.",Darwin Military Museum,4.6,None,None,Positive,
40,War museum,False,True,en,0,2 years ago,2023-08-08T11:25:34.455Z,No,Weekday,No wait,279,2118,5,Northern Territory,False,"So much to see in this place. The grounds go on forever with lots of great informative displays. Inside was WW2 info including a really good movie on the bombing of Darwin.
Worth a visit",Darwin Military Museum,4.6,None,None,Positive,
41,War museum,False,True,en,0,3 months ago,2025-05-23T06:28:56.683Z,Not sure,Weekday,No wait,31,2118,4,Northern Territory,False,"The museum itself is impressive. Wish we had more time there because there is a lot to take in. We only had 1 1/2 hr  before closing, unfortunately. The only negative was a rather rude man at reception who was clearly not very  interested in answering questions. And, 45 min before closing we were going to order a cup of tea, but before we could even ask the question he already said; ‘No, the coffee machine has already been turned off because we are closing at 4pm.’",Darwin Military Museum,4.6,None,None,Positive,
42,War museum,False,True,en,0,4 months ago,2025-05-06T11:04:27.456Z,No,Weekend,No wait,83,2118,4,Northern Territory,False,Well worth a visit when in Darwin. There is an eclectic mix of hardware outside you can wander around and some good information. It really brings home the reality of the war in Darwin. Inside is a bit odd I felt. There is a movie and some other elements which are interesting but require time and concentration. Definitely get along there.,Darwin Military Museum,4.6,None,None,Positive,
43,War museum,False,True,en,0,a year ago,2024-02-13T00:58:51.732Z,No,Weekday,No wait,53,2118,5,Northern Territory,False,"Very engaging theatre ecperience about darwin bombing in ww2. Extensive bespoke collection of military paraphernalia over acreage.  fascinating large reinforced gun bunker and emplacement, very extensive communications ans secret signals display and extensive rifle and small arms display. Very worthwhile visit.",Darwin Military Museum,4.6,None,None,Positive,
44,War museum,False,True,en,0,2 years ago,2022-10-02T22:32:03.565Z,No,Weekday,No wait,1007,2118,5,Northern Territory,False,"Adult ticket $20. Receptionist briefly introduced it concluded outdoor exhibition. We spent 2hrs, including taking rest at little Gunner's Rest Cafe, and shopping souvenirs.
The main building exhibits all about the Japanese bombing on 12 February 1942. Very informative and interesting. Siren alert us to watch the video and closed the door every 20minutes. The few minutes video let us feel the bombing in Darwin.
At the rear, there are few shacks (air-conditioned or with fan only) displaying other wars, military materials, uniforms, etc.
Outdoor: a lot of used heavy war weapons, tanks, and machines in the sun.
Toilets: good maintenance. Using good quality of toilet papers.",Darwin Military Museum,4.6,None,None,Positive,
45,War museum,False,True,en,0,6 months ago,2025-03-01T04:40:16.092Z,Yes,Weekday,No wait,173,2118,4,Northern Territory,False,"The Darwin Military Museum is a fantastic spot for anyone interested in Australia’s military history, especially around the events of World War II.",Darwin Military Museum,4.6,None,None,Positive,
46,War museum,False,True,en,0,2 years ago,2023-06-27T09:58:21.913Z,No,Weekday,No wait,699,2118,4,Northern Territory,False,There are so many information and education exhibits related to the involvement of Australia in various wars around the war and in defence during WW2. We enjoyed both the internal and external exhibits of military vehicles and equipment. I am a bit concern that conservation of the items may need to be more frequent.,Darwin Military Museum,4.6,None,None,Positive,
47,War museum,False,True,en,0,3 years ago,2022-06-09T10:32:17.869Z,No,Weekday,No wait,337,2118,5,Northern Territory,False,"We were really impressed by the museum with a lot if original exhibits from WWII and other wars.
Be aware that most if the exhibits are outside and in buildings seperate from the main building.
You will find a lot of information about the 1942 attack on Darwin along with an impressive collection of guns and memorabilia.
Heaps of car parking space, bathroom facilities and a small Cafe. Didn't have one but the pies looked delicious.",Darwin Military Museum,4.6,None,None,Positive,
48,War museum,False,True,en,0,a year ago,2024-09-02T08:07:50.866Z,No,Weekend,No wait,25,2118,5,Northern Territory,False,"Such an awesome place with so much war items on display, worth a look if your in Darwin for sure. A must do highly recommend",Darwin Military Museum,4.6,None,None,Positive,
49,War museum,False,False,en,0,2 weeks ago,2025-09-04T08:03:12.459Z,No,Weekday,No wait,7,2118,5,Northern Territory,False,Informative & interesting. Excellent vehicle display. Lots of sections to visit both indoor & out.,Darwin Military Museum,4.6,None,None,Positive,
50,War museum,False,True,en,0,a year ago,2024-07-09T22:00:52.411Z,No,Weekday,No wait,14,2118,5,Northern Territory,False,Really well done. Very informative. Lots of displays. Need at least 2 hours to see everything.,Darwin Military Museum,4.6,None,None,Positive,
51,War museum,False,True,en,0,3 years ago,2022-01-15T06:36:08.150Z,No,Weekday,No wait,153,2118,5,Northern Territory,False,"Fabulous collection of war machines, stories, equipment, weapons, and personal memorabilia. The 12 min movie for Darwin bombing is on display after every 20 min.

At the entrance gallery you’ll enjoy the story of early arrival in Darwin with only a population of 3000 people.

This display on side walls seems like you are watching some action out of a train window. The placards with descriptions in gallery are embossed from the wall and when you are concentrating on reading something, it seems like it is zooming in and expanding. Pretty interesting.

The display in yard outside of cafe is tremendous and for me it was the key highlight. Do not miss this section and enjoy your time here !

Plan at least 2 hours if you are keen and interested. For a quick run through, 45 min should be enough.",Darwin Military Museum,4.6,None,None,Positive,
52,War museum,False,True,en,0,2 years ago,2023-05-20T00:24:35.565Z,No,Weekday,No wait,77,2118,5,Northern Territory,False,This is such an emotional spot. Makes you feel very privileged to live in the beautiful country we have. The area outside in the park is also great to walk around just wish we had of been able to read the signs they need to be re done,Darwin Military Museum,4.6,None,None,Positive,
53,War museum,False,True,en,0,3 years ago,2021-10-09T10:38:29.541Z,No,Weekday,No wait,90,2118,5,Northern Territory,False,Great experience my Father served during this time and the presentation of war memorabilia excellent the interaction of touch screen brought it home for my grandchildren so very appreciated of our the veterans through all their efforts. Deep respect for the indigenous Men and Women for their contribution.,Darwin Military Museum,4.6,None,None,Positive,
54,War museum,False,True,en,0,2 years ago,2023-03-12T06:44:30.896Z,No,Weekday,No wait,252,2118,5,Northern Territory,False,Definitely a worthwhile trip when you're visiting Darwin. Feels surreal that this happened on home turf. Love how everything is preserved but not restored.,Darwin Military Museum,4.6,None,None,Positive,
55,War museum,False,True,en,0,a month ago,2025-08-19T21:09:43.181Z,No,Weekday,No wait,135,2118,5,Northern Territory,False,This place was a great historical visit. There is plenty to do including indoor museum and outdoor displays. There is also a cafe and plenty of shade areas to sit and relax.,Darwin Military Museum,4.6,None,None,Positive,
56,War museum,False,False,en,0,11 months ago,2024-10-20T07:09:21.572Z,No,Weekend,No wait,9,2118,5,Northern Territory,False,Excellent amount of History at the location- definitely worth having a look - good value for money!,Darwin Military Museum,4.6,None,None,Positive,
57,War museum,False,True,en,0,Edited a year ago,2023-10-19T04:03:20.715Z,Yes,Weekday,1 hr+,46,2118,5,Northern Territory,False,"Today I took my 11 year old grandson to the DMM he said it has been his best day ever. Temp is 38' 🌞 however we went through every exhibition and he read most (time permitting) of the information that he could.
I personally believe our young ones learn as much as they can about the history of war and Australia's part in the hope that history does not repeat itself.",Darwin Military Museum,4.6,None,None,Positive,
58,War museum,False,True,en,0,2 months ago,2025-06-28T21:57:24.615Z,No,Weekday,No wait,50,2118,5,Northern Territory,False,Excellent displays and informative,Darwin Military Museum,4.6,None,None,Positive,
59,War museum,False,True,en,0,6 years ago,2019-08-18T05:25:31.908Z,No,Weekday,No wait,42,2118,5,Northern Territory,False,"This is a very clean museum,  the restrooms are very nice. The associates are kind and welcome military.  It's full of sights and sounds (projectors everywhere). The air conditioning system works amazing I suggest a light sweater if you are a person that is easily cold. The large gun in the back has a bunker you can go into. You can really get into the story behind the Darwin WWII events. They also have a place where you can share a story if you or anyone you know may have been involved, you can record yourself to add the the history.",Darwin Military Museum,4.6,None,None,Positive,
60,War museum,False,True,en,0,4 years ago,2020-12-18T04:38:31.807Z,No,Weekday,No wait,238,2118,4,Northern Territory,False,"This is a recommended attraction for any history buffs visiting Darwin. Although the main attractions are focused around the bombing of Darwin by the Japanese Imperial Forces in Feb 1942, you’ll also learn about the history of Darwin itself, Japanese expansionism in Asia and the Pacific, starting in the early 1930s, and the events that took place subsequent to the infamous bombing.

It’s an interesting museum, beautifully curated with love, care and attention to detail. There are inside and outside displays and a movie theatre where you can watch a short movie on the actual event of 19 Feb 1942. It’s full of tension and foreboding, and extremely cleverly put together, with original footage, and recreated animations to show how the Japanese perpetrated the dastardly deed, and the grim aftermath.

Inside just next to the ticket office is a little cafe selling coffee, sandwiches and snacks etc. Next to that is a shop selling the usual souvenirs and books.

The day we visited, it was pretty quiet, just a smattering of other visitors.

The museum is in a bit of a remote location on East Point reserve, about 8km from Darwin city centre. There’s no public transport, but a taxi or uber will cost about $20 each way.

Seniors tickets are $15 each, regular ones are $20 each.

Make this your no 1 attraction to visit in Darwin.",Darwin Military Museum,4.6,None,None,Positive,
61,War museum,False,True,en,0,3 months ago,2025-06-19T06:00:03.078Z,No,Weekday,No wait,30,2118,5,Northern Territory,False,Great experience. The outdoor displays were great.,Darwin Military Museum,4.6,None,None,Positive,
62,War museum,False,True,en,0,6 years ago,2019-05-12T04:41:25.781Z,No,Weekday,No wait,380,2118,5,Northern Territory,False,"Taxi or museum bus needed, it is a bit of a walk but magical bay and park view. Thr museum is peaceful calm, well organised and full of open air displays. Two hours needed to really enjoy and view all the displays and read the history of the bombing of Darwin. Great for kids to run outside in open air sheltered by magnificent trees. $20 for 1 adult is a little expensive, but soon forgotten once the whole atmosphere sinks in; the serenity alone pays for the fee. Highly recommended. Coffee shop available. Staff was friendly and informative.",Darwin Military Museum,4.6,None,None,Positive,
63,War museum,False,True,en,0,3 years ago,2022-07-16T07:10:33.822Z,No,Weekday,No wait,493,2118,5,Northern Territory,False,"This museum has an impressive collection of weapons, machinery, and military equipment. The indoor portion was a bit disappointing, a lot of repeated information from outside and not much ""substance"". There is a limited amount of free parking at the museum or more parking along the street. Plan to spend at least a few hours here. There is a cafe that serves food and espresso, not many other restaurants etc in the area.",Darwin Military Museum,4.6,None,None,Positive,
64,War museum,False,True,en,0,4 years ago,2021-03-20T09:48:21.930Z,No,Weekday,No wait,42,2118,5,Northern Territory,False,"This museum is definitely a MUST if you visit Darwin. And to be honest, I am not a huge fan of museums! Kids will love it as there are a
lot of interactive things to do/watch.",Darwin Military Museum,4.6,None,None,Positive,
65,War museum,False,True,en,0,3 years ago,2022-09-12T05:43:27.754Z,No,Weekday,Up to 10 min,122,2118,5,Northern Territory,False,"It was a complex experience.  So many exhibits about ww1 and ww2 as well as other wars on which Australia was involved and an exhibition about bombing of Darwin. Exhibits with weapons, uniforms, machinery, medical and radios as well as informational movies. An appropriate way to pay tribute to those that served.
Unfortunately the access to the East Point is seriously restricted because there is no bus stop nearby (we walked 30 min to get there) and the information received from the hotel and the bus driver was confusing and untrue. One can reach the museum only by private car, cab or organised tour.",Darwin Military Museum,4.6,None,None,Negative,
66,War museum,False,True,en,0,4 years ago,2021-04-11T06:09:24.947Z,No,Weekday,No wait,204,2118,4,Northern Territory,False,A great range of memorabilia. A bit mixed up and all over the place but fine if you don't care what weapons were used in what Wars. Definitely a good place to go and see about the bombing of Darwin.,Darwin Military Museum,4.6,None,None,Positive,
67,War museum,False,True,en,0,a year ago,2023-10-27T05:53:38.616Z,No,Weekday,No wait,438,2118,5,Northern Territory,False,"Really interesting museum, lots of informative info on the bombing of Darwin and a quite emotive interactive experience.
Plenty of displays also.
Easy to spend 2 to 3 hours here.",Darwin Military Museum,4.6,None,None,Positive,
68,War museum,False,True,en,0,7 years ago,2018-05-28T06:45:54.670Z,No,Weekday,No wait,106,2118,4,Northern Territory,False,"What a great museum. A real surprise. It's not the most advanced there is, but it has some really great pieces and machinery and weaponry I've never seen before. The biggest surprise was walking around a corner and staring into the barrel of a massive canon. This is well worth visiting!",Darwin Military Museum,4.6,None,None,Positive,
69,War museum,False,True,en,0,2 years ago,2023-02-28T07:45:59.548Z,No,Weekday,No wait,82,2118,4,Northern Territory,False,"Well worth the visit for anyone remotely interested in Darwin's history. Well presented
We visited in the Wet Season so not many tourists about.",Darwin Military Museum,4.6,None,None,Positive,
70,War museum,False,True,en,0,2 months ago,2025-07-02T23:23:10.759Z,No,Weekday,No wait,15,2118,3,Northern Territory,False,"Intetesting and some good exhibits, but let down by the lack of maintenance. Signs are faded and unreadable. It looks very tired.",Darwin Military Museum,4.6,None,None,Positive,
71,War museum,False,True,en,0,a year ago,2024-06-18T10:39:17.410Z,No,Weekday,No wait,105,2118,5,Northern Territory,False,"A historical trove of stories and unknown facts, immersive experiences and secret maps! Allow yourself more time than you think to discover it all.",Darwin Military Museum,4.6,None,None,Negative,
72,War museum,False,True,en,0,a year ago,2024-06-28T02:26:59.228Z,Not sure,Weekday,No wait,16,2118,4,Northern Territory,False,Pleasant surroundings for the items of war. The canteen is limited in space and menu but the prices and service are good. Outdoor exhibitions are great.  A must visit place when in Darwin.,Darwin Military Museum,4.6,None,None,Positive,
73,War museum,False,True,en,0,a year ago,2024-02-21T06:20:26.652Z,No,Weekend,No wait,65,2118,5,Northern Territory,False,"Excellent small museum mostly focused on World War II, featuring stories from the Darwin air raids. There is an immersive video presentation of the first air raid on 19 February 1942 which was really moving. Outside there are tanks, trucks naval guns and other buildings holding themed exhibits such as the Royal Australian Navy and the civilian experience of war. Part of the museum is in one of the gun emplacements which were built as part of Fortress Darwin. Just inside the main entrance is a small shop selling snacks, souvenirs, books and replica medals. Very impressed with the whole experience and will be back again for another visit. Highly recommended.",Darwin Military Museum,4.6,None,None,Positive,
74,War museum,False,True,en,0,2 years ago,2022-10-28T00:57:47.378Z,No,Weekday,No wait,66,2118,5,Northern Territory,False,"Wow so glad to have visited here on our holiday. What a fantastic way to show off history. The live manor of walking through was brilliant. A great effort to honor the past and the people putting the effort in now.
Well done",Darwin Military Museum,4.6,None,None,Positive,
75,War museum,False,True,en,0,3 months ago,2025-06-14T06:07:35.066Z,No,Weekday,No wait,18,2118,1,Northern Territory,False,Great museum but confronting having a holocaust exhibit whilst Israel’s genocide against Palestinians is happening. I had hoped that humanity would have learnt from WW2 but obviously not. It’s sad what humans do to each other 😓,Darwin Military Museum,4.6,None,None,Positive,
76,War museum,False,False,en,0,a week ago,2025-09-08T01:12:45.524Z,No,Weekday,1 hr+,6,2118,4,Northern Territory,False,Great place to see the history of the war history in Darwin. Indoor viewing was fantastic.,Darwin Military Museum,4.6,None,None,Positive,
77,War museum,False,True,en,0,a year ago,2024-06-02T07:37:32.380Z,No,Weekend,No wait,24,2118,5,Northern Territory,False,"Beautifully set up.  Outside exhibits have all of these wonderful nooks and crannies, loaded with information and artefacts.",Darwin Military Museum,4.6,None,None,Positive,
78,War museum,False,True,en,0,2 years ago,2023-06-29T05:55:07.110Z,No,Weekday,No wait,57,2118,4,Northern Territory,False,Not enough people know about Australia’s history specifically 1942 Feb 19th. This museum beautifully presents this time in history whilst also recognising Darwin’s significance in other War stories. Absolutely worth the visit.,Darwin Military Museum,4.6,None,None,Positive,
79,War museum,False,True,en,0,10 months ago,2024-11-19T23:40:16.291Z,No,Weekday,No wait,38,2118,5,Northern Territory,False,This place was nothing shot of spectacular. There was so much history enriched in this experience with heaps of artefacts. I have learnt so much and enjoy this very much.,Darwin Military Museum,4.6,None,None,Positive,
80,War museum,False,True,en,0,2 months ago,2025-07-21T11:37:32.863Z,No,Weekday,No wait,85,2118,5,Northern Territory,False,Quite overwhelming actually. Too much to take it all in. Great display of history and well presented. Allow hours if this is your thing,Darwin Military Museum,4.6,None,None,Positive,
81,War museum,False,True,en,0,4 years ago,2021-04-13T11:41:19.385Z,No,Weekday,No wait,101,2118,5,Northern Territory,False,"The indoor museum describes the 1942 bombing of Darwin in great detail, however the museum is much more than that. Various artillery and armoured equipment is on display in the beautiful tropical grounds, while bunkers provide information on different wars and tools of war.

The electromechanical artillery computers and range finding equipment was of particular interest.

The museum is on the site of the gun emplacements protecting Darwin and you can see the huge 9 inch gun mounted in one.

Even if you are not particularly interested in military matters there should be enough here to make it worth a visit. For military and history buffs it is a must see.",Darwin Military Museum,4.6,None,None,Positive,
82,War museum,False,True,en,0,a year ago,2024-06-05T10:00:20.367Z,No,Weekday,No wait,154,2118,5,Northern Territory,False,One of the best military museums I have seen. Great displays with heaps of information,Darwin Military Museum,4.6,None,None,Positive,
83,War museum,False,True,en,0,a year ago,2023-10-11T07:37:05.379Z,No,Weekday,No wait,45,2118,5,Northern Territory,False,Even if your not a military buff you will still find this place well worth seeing. So much history and artefacts to see. Give yourself a couple of hours if your a buff so much to see,Darwin Military Museum,4.6,None,None,Positive,
84,War museum,False,True,en,0,2 years ago,2022-11-06T02:43:42.111Z,No,Weekday,No wait,220,2118,5,Northern Territory,False,Very interesting museum.  A big collection and in good condition. The most interesting are the cannons with the rooms/warehouses underneath them.,Darwin Military Museum,4.6,None,None,Positive,
85,War museum,False,True,en,0,a month ago,2025-08-19T05:12:15.871Z,Not sure,Weekday,No wait,132,2118,5,Northern Territory,False,"Fascinating experience, left me wondering about how the survivors felt whenever they heard a plane go over",Darwin Military Museum,4.6,None,None,Positive,
86,War museum,False,True,en,0,2 years ago,2023-04-17T10:34:15.637Z,Yes,Weekend,No wait,311,2118,5,Northern Territory,False,Enjoyed visiting this museum during the Darwin trip. I highly recommend to visit this place to know about the history. The video provides more information about the Darwin attack.,Darwin Military Museum,4.6,None,None,Positive,
87,War museum,False,True,en,0,5 months ago,2025-03-23T04:12:11.890Z,No,Weekend,No wait,54,2118,5,Northern Territory,False,"1 word  ""WOW""

Absolutely outstanding!!",Darwin Military Museum,4.6,None,None,Positive,
88,War museum,False,True,en,0,6 years ago,2019-06-17T09:13:54.022Z,No,Weekday,No wait,211,2118,5,Northern Territory,False,"Really first class.   Like most things that happened long ago, unless you see it, and hear it, it hasn't happened.   I knew Darwin had been bombed in WW2, but not much more.

The Darwin Military Museum virtually takes you there, and it's very clever.

Front of house staff were fabulous and helpful, and the whole vibe of the place, with all of its exhibits, and Cafe, make it a must see.   You should allow two to four hours to get best value.",Darwin Military Museum,4.6,None,None,Positive,
89,War museum,False,True,en,0,2 years ago,2023-05-30T11:05:09.173Z,No,Weekday,No wait,61,2118,5,Northern Territory,False,"Absolutely brilliant! The layout, exhibitions, attention to detail and Vidio is amazing",Darwin Military Museum,4.6,None,None,Positive,
90,War museum,False,False,en,0,a year ago,2024-01-04T10:47:28.563Z,No,Weekday,No wait,10,2118,4,Northern Territory,False,"Really good exhibits, especially all those outside, if you can bear the heat.",Darwin Military Museum,4.6,None,None,Positive,
91,War museum,False,True,en,0,2 years ago,2023-07-19T03:05:55.212Z,No,Weekday,No wait,265,2118,4,Northern Territory,False,"Fairly good little museum, probably more suited to the older generations unless you have a little one who will appreciate the artifacts in the garden. Nice shaded area with lots of machinery. I appreciated the colour flames added into all the black and white pics in the movie haha😉",Darwin Military Museum,4.6,None,None,Positive,
92,War museum,False,True,en,0,9 months ago,2024-12-12T04:22:11.882Z,Not sure,Weekday,No wait,80,2118,4,Northern Territory,False,"As ex forces member got discount entry result, lots of exhibits especially moving was the holocaust part interesting in relation to the involvement and bombing by the Japanese",Darwin Military Museum,4.6,None,None,Positive,
93,War museum,False,True,en,0,2 years ago,2023-04-30T03:18:26.649Z,No,Weekday,No wait,442,2118,4,Northern Territory,False,"Great place, so much info. so many displays well worth the visit",Darwin Military Museum,4.6,None,None,Positive,
94,War museum,False,True,en,0,3 years ago,2022-01-30T08:39:48.593Z,No,Weekday,No wait,505,2118,4,Northern Territory,False,"For a little Military Museum, located in Darwin it has a good collection of Military Memorabilia related to Darwin's bombing on 12 February 1942.
We spent about 3 hours looking at the exhibits.",Darwin Military Museum,4.6,None,None,Positive,
95,War museum,False,True,en,0,3 months ago,2025-06-11T05:43:30.555Z,No,Weekday,No wait,364,2118,5,Northern Territory,False,It gives a very extensive account of the booming of Darwin. It also has great exhibits from all wars Australia has been in. A must do when visiting Darwin.,Darwin Military Museum,4.6,None,None,Positive,
96,War museum,False,True,en,0,Edited 7 years ago,2018-01-08T13:46:31.491Z,No,Weekday,No wait,432,2118,5,Northern Territory,False,"If your up in Darwin this is a must see, the real army jets flying overhead are a bit loud sometimes but if you want to learn about Australia's top end history and what the Japanese did in world was two you'll learn alot and be able to see some real full on bits and pieces that will help explain things. A excellent interactive show is held a few times a day at least which is just awesome for the kids, and me I must admit, lol!",Darwin Military Museum,4.6,None,None,Positive,
97,War museum,False,True,en,0,a year ago,2024-07-09T05:01:09.335Z,Not sure,Weekday,No wait,45,2118,5,Northern Territory,False,Loved the way it is presented. The movie was great . Plenty of military items to look at.,Darwin Military Museum,4.6,None,None,Positive,
98,War museum,False,True,en,0,4 years ago,2021-01-05T03:51:24.056Z,No,Weekday,No wait,495,2118,4,Northern Territory,False,"Great place to see the WWII history of Darwin.
Impressive interactive displays.
Would recommend.",Darwin Military Museum,4.6,None,None,Positive,
99,War museum,False,True,en,0,2 years ago,2023-05-31T08:31:36.324Z,No,Weekday,No wait,196,2118,5,Northern Territory,False,Really great to see. A lot of history there to see. Well worth the trip.,Darwin Military Museum,4.6,None,None,Positive,
0,War museum,False,True,en,0,9 hours ago,2025-09-21T04:52:55.108Z,No,Weekday,No wait,53,2118,5,Northern Territory,False,A must visit but sad to be reminded of so much war.,Darwin Military Museum,4.6,None,None,Negative,
2,War museum,False,True,en,0,a day ago,2025-09-20T00:03:31.922Z,No,Weekday,No wait,27,2118,5,Northern Territory,False,Definitely worth a look. My brother and father like to read all the things around the place. Me personally just like looking at all the equipment. Everyone enjoyed themselves,Darwin Military Museum,4.6,None,None,Positive,
3,War museum,False,True,en,0,2 days ago,2025-09-19T02:44:26.915Z,No,Weekday,No wait,127,2118,5,Northern Territory,False,"Loved it lots to look at, allow at least 3 hrs if want to look and see everything",Darwin Military Museum,4.6,None,None,Positive,
4,War museum,False,True,en,0,3 days ago,2025-09-18T10:41:57.240Z,No,Weekday,No wait,128,2118,5,Northern Territory,False,Well worth visiting. Very moving.,Darwin Military Museum,4.6,None,None,Positive,
6,War museum,False,True,en,0,4 days ago,2025-09-17T13:34:03.939Z,No,Weekday,No wait,22,2118,5,Northern Territory,False,For the war historians this museum is a must. Be prepared to spend at least half a day there. There is an interesting film presentation which should not be missed and a number of interactive panels to explore.,Darwin Military Museum,4.6,None,None,Positive,
8,War museum,False,True,en,0,a week ago,2025-09-13T05:22:07.428Z,No,Weekend,No wait,24,2118,5,Northern Territory,False,"WOW. This has to one of the best museums I have visited in a long time. The cinema was so great and the movie was very well made. Displays were also well worth the visit, and as someone coming from Europe, it was nice to see all the exhibits and get a view on the war from the other side of the world. We spent good well over two hours and we would definetely come again.
Thank you",Darwin Military Museum,4.6,None,None,Positive,
0,Museum,False,True,en,0,a week ago,2025-09-10T00:51:43.068Z,No,Weekday,No wait,26,1196,5,Northern Territory,False,"The Darwin Aviation Museum offers an outstanding collection of historic aircraft and aviation memorabilia. The highlight is the massive B-52 bomber, alongside many other well-preserved planes. A fascinating visit for history and aviation enthusiasts alike.",Darwin Aviation Museum,4.7,None,None,Positive,
1,Museum,False,True,en,0,3 months ago,2025-06-01T04:39:55.262Z,No,Weekend,No wait,25,1196,4,Northern Territory,False,"It's pretty impressive what this group of passionate volunteers do to bring together an amazing collection of displays and we'll kept aircraft. The centerpiece, which takes up the whole width and length of the museum, the B-52 Stratofortress needs to be seen to be believed. Of you're lucky to go on an ""open cockpit day"" you'll get some real unique experiences.",Darwin Aviation Museum,4.7,None,None,Positive,
2,Museum,False,True,en,0,2 months ago,2025-07-16T06:53:32.499Z,No,Weekday,No wait,18,1196,5,Northern Territory,False,A great combination of Aircraft and WW2 history. The B52 is a fantastic thing to see. Other highlights for me were the Cobra and F1-11. Well worth a visit. Also there is a bus from the city that stops directly out front.,Darwin Aviation Museum,4.7,None,None,Positive,
3,Museum,False,True,en,0,3 months ago,2025-06-08T13:15:59.717Z,No,Weekend,No wait,34,1196,5,Northern Territory,False,"It was breathtaking seeing all the planes in the hangar. had fun taking photos, as well as reading up on the facts of each plane. worth a visit for sure! there's a souvenir shop too.",Darwin Aviation Museum,4.7,None,None,Positive,
4,Museum,False,True,en,0,2 months ago,2025-07-12T04:04:32.187Z,No,Weekend,30–60 min,92,1196,4,Northern Territory,False,"Nice aviation museum, but there are better ones. Not much to explore and learn for kids. A working flight simulator would be a benefit for example. Caravan or trailer parking is missing.",Darwin Aviation Museum,4.7,None,None,Positive,
5,Museum,False,True,en,0,2 months ago,2025-07-14T02:18:42.917Z,No,Weekend,No wait,56,1196,5,Northern Territory,False,"Great museum, you get to look inside various aircrafts and heaps of information around the place with 2 videos to watch. Really interesting",Darwin Aviation Museum,4.7,None,None,Positive,
6,Museum,False,True,en,0,a month ago,2025-08-06T00:38:30.662Z,No,Weekday,No wait,547,1196,5,Northern Territory,False,"Being able to get up close with all the old planes and learn their history was fascinating.
The F-111 was particularly interesting - it's hard to appreciate the shape when you see it on TV.",Darwin Aviation Museum,4.7,None,None,Positive,
7,Museum,False,True,en,0,3 months ago,2025-06-07T06:04:24.786Z,No,Weekday,No wait,168,1196,5,Northern Territory,False,"There was an open cockpit day on the day that we attended - total fluke as we hadn't seen it advertised - it should have been advertised better as we had the best time and I'm sure lots of other people would have enjoyed the experience of sitting in some of these amazing planes & helicopters! The displays and information are an amazing experience and getting up so close amd personal is an honour.
There are toilets amd a souvenir shop.",Darwin Aviation Museum,4.7,None,None,Positive,
8,Museum,False,True,en,0,a month ago,2025-08-10T04:36:39.798Z,No,Weekend,No wait,285,1196,5,Northern Territory,False,One of must visit places in Darwin. Seeing F-18 or B-52 is amazing. Knowing about the history is enriching.,Darwin Aviation Museum,4.7,None,None,Positive,
9,Museum,False,True,en,0,a month ago,2025-07-26T00:22:54.751Z,No,Weekday,No wait,14,1196,5,Northern Territory,False,Many planes to see close up including the massive B52 bomber. Can easily spend a couple of hours learning about aviation.,Darwin Aviation Museum,4.7,None,None,Positive,
10,Museum,False,True,en,0,3 weeks ago,2025-08-29T01:24:06.334Z,No,Weekday,No wait,26,1196,4,Northern Territory,False,"If you like planes, this is the place to explore. Handy for the number 8 bus from the CBD, my none intreated in planes missus and I spent a couple of hours wandering around. I recommend taking an old air craft seat and watching the video first. There is a great shop, seats to enjoy an ice cream and planes. Did I mention the planes.",Darwin Aviation Museum,4.7,None,None,Positive,
11,Museum,False,True,en,0,4 weeks ago,2025-08-24T03:20:52.557Z,No,Weekend,No wait,283,1196,5,Northern Territory,False,"Great place and great value, the B52 is a must see. Plenty of cool gifts in the gift shop",Darwin Aviation Museum,4.7,None,None,Positive,
12,Museum,False,False,en,0,Edited a week ago,2025-09-11T13:00:32.634Z,No,Weekday,No wait,5,1196,5,Northern Territory,False,It's well worth the time and would recommend you leave at least two hours to get through it all.,Darwin Aviation Museum,4.7,None,None,Neutral,
13,Museum,False,True,en,0,3 months ago,2025-06-19T06:08:51.548Z,No,Weekday,No wait,30,1196,5,Northern Territory,False,Loved our visit. Amazing array of planes you can get up close to. Kids loved it.,Darwin Aviation Museum,4.7,None,None,Positive,
14,Museum,False,True,en,0,2 months ago,2025-07-16T05:07:30.932Z,No,Weekend,No wait,123,1196,5,Northern Territory,False,Fantastic aircraft museum. You can get up close and see some great aircraft.,Darwin Aviation Museum,4.7,None,None,Positive,
15,Museum,False,True,en,0,2 months ago,2025-07-19T12:49:33.282Z,No,Weekday,No wait,9,1196,4,Northern Territory,False,"Lots to see. Fighter jets flew over whilst we were there.
Very interesting",Darwin Aviation Museum,4.7,None,None,Positive,
16,Museum,False,False,en,0,5 months ago,2025-04-12T14:32:34.820Z,Not sure,Weekday,No wait,2,1196,5,Northern Territory,False,"Great experience, the B-52G is magnificent. It seems small, but don’t be fooled, if you are fan of history in general, be prepared that you will spend a lot of time in there. 100 % worth the visit.",Darwin Aviation Museum,4.7,None,None,Positive,
17,Museum,False,False,en,0,6 months ago,2025-02-25T21:13:09.932Z,No,Public holiday,No wait,2,1196,5,Northern Territory,False,"Great visit during Ex Pitch Black 2024, great collection of aircraft and one of the employees opened up the F-111 Aardvark so we could see inside the cockpit and gave me a ""We Believe In Ghosts"" patch from 71 Tactical Group ""Richthofen"" of the German Air Force",Darwin Aviation Museum,4.7,None,None,Positive,
18,Museum,False,True,en,0,a year ago,2024-06-11T07:52:22.436Z,No,Weekend,No wait,152,1196,5,Northern Territory,False,"For someone who loves but is certainly not a real history buff, I thought it was fantastic. There is so much to see and read about. The B52 is massive when you see it. The F-111, awesome. I built some of these plastic models in another life.
My wife, not really that interested prior, was certainly impressed. Really worth the visit.",Darwin Aviation Museum,4.7,None,None,Positive,
19,Museum,False,True,en,0,11 months ago,2024-10-06T12:34:53.486Z,No,Weekday,No wait,173,1196,4,Northern Territory,False,"A large collection of aircraft from different eras is on display here, with both indoor and outdoor exhibition areas. The exhibition area only has electric fans and no air conditioning, so if it gets too hot during your visit, you can go to the ticketing area to enjoy the air conditioning, have an ice cream or a drink, and then return to the exhibition area to continue your visit.",Darwin Aviation Museum,4.7,None,None,Positive,
20,Museum,False,True,en,0,a month ago,2025-07-26T08:38:08.900Z,No,Weekday,No wait,66,1196,5,Northern Territory,False,"Awesome experience, we brought the combo ticket for here and the RFDS- definitely well worth it. The museum has so much to see and great movies to tell you the story of aviation and the Bombing of Darwin. The planes, engines etc are wonderful and so well maintained. Great job everyone.",Darwin Aviation Museum,4.7,None,None,Positive,
21,Museum,False,True,en,0,a month ago,2025-08-04T20:21:19.424Z,No,Weekend,No wait,166,1196,5,Northern Territory,False,Make sure you have plenty of time to look around.. it's a massive place with lots to read and look at.. the great way to learn more about Darwin.,Darwin Aviation Museum,4.7,None,None,Positive,
22,Museum,False,True,en,0,4 months ago,2025-05-07T02:27:03.665Z,No,Weekday,No wait,7,1196,5,Northern Territory,False,"If you love planes and history, this is a must see. Absolutely a highlight for our Darwin stay.",Darwin Aviation Museum,4.7,None,None,Positive,
23,Museum,False,True,en,0,a month ago,2025-08-12T08:47:58.223Z,No,Weekday,No wait,50,1196,5,Northern Territory,False,"Pretty amazing museum
Lots to see and info to read. The B52 looms over everything which is pretty amazing. Lots of history on Darwin. Old Japanese plane wrecks. Only one thing could make this place better is being able to go in the B52!!! Don't come here in a hurry to get through it. Take your time. Really worth the entry fee.",Darwin Aviation Museum,4.7,None,None,Positive,
24,Museum,False,True,en,0,a year ago,2023-09-29T06:29:58.581Z,No,Weekday,No wait,483,1196,5,Northern Territory,False,"We spent a good hour and a half here checking out the impressive collection of aircraft inside the fan cooled hangar.  It was smoking hot the day we visited so we passed on the planes outside in the sun. The writeups were interesting and informative. It is an excellent collection. The highlight has to be the B-52.  What a monster aircraft!

If you enjoy planes you'll get a kick out of this place.  Well worth the $16/adult entrance fee.  Bring some water if the day is hot or you can buy it at the front desk.",Darwin Aviation Museum,4.7,None,None,Positive,
25,Museum,False,True,en,0,a year ago,2024-02-07T03:29:49.345Z,No,Weekend,No wait,65,1196,5,Northern Territory,False,"Our family recently visit the Darwin Aviation Museum and we were very impressed! Dozens of aircraft, engines and other vehicles are on display, including the only B-52 on display in the Southern Hemisphere and one of three outside the United States. Also on display were various historical items such as uniforms, medals, models and relics from air crashes and the 1942 bombing of Darwin. There is also an excellent and well-stocked shop where I was able to buy lots of toys, models and souvenirs for the family. Highly recommended!!",Darwin Aviation Museum,4.7,None,None,Positive,
26,Museum,False,True,en,0,2 years ago,2023-08-08T11:38:49.486Z,No,Weekday,No wait,279,1196,5,Northern Territory,False,"Being honest, it wasn't my cup of tea 😀 but my husband and brother loved it. Spent a lot of time looking at all the amazing planes and aircraft. Even had a full B52 bomber which was amazing. More planes outside too. A small viewing platform to take a pic of the B52.
Good variety in the gift shop with some reasonable priced souvenirs.
Staff very helpful.",Darwin Aviation Museum,4.7,None,None,Positive,
27,Museum,False,True,en,0,a year ago,2024-05-07T01:51:51.189Z,Not sure,Weekday,No wait,155,1196,5,Northern Territory,False,Excellent display of aircraft well set out. Heaps of information re wartime Darwin. The major draw card is a B52 bomber it is huge. The hanger was purpose built for it. We spent 2 hours there and were sorry we had arranged a 2 hour pickup we could have easily spent more time there.,Darwin Aviation Museum,4.7,None,None,Positive,
28,Museum,False,True,en,0,a year ago,2024-09-04T10:26:55.204Z,Not sure,Weekend,No wait,91,1196,5,Northern Territory,False,This place is super cool and very informative. The B-52 (not love shack variety) is sooooo massive. The F1-11 was my favourite jet as a kid and it was awesome to see one close up,Darwin Aviation Museum,4.7,None,None,Positive,
29,Museum,False,True,en,0,a year ago,2024-07-16T11:44:49.393Z,No,Weekday,No wait,399,1196,5,Northern Territory,False,This would be a place that I would visit often. So much to see and appreciate. Being able to see some of these aircraft again and up close is just great. Comparing a B52 size to a bi plane in close proximity is something.,Darwin Aviation Museum,4.7,None,None,Positive,
30,Museum,False,True,en,0,2 months ago,2025-07-21T07:09:14.256Z,No,Weekday,No wait,15,1196,4,Northern Territory,False,"A nice little museum...had some excellent exhibits including an FA18, F111, B52 and a great display on the 1919 England to Australia air race.
Very friendly staff.
Parked right out the front and walked straight in without any wait.",Darwin Aviation Museum,4.7,None,None,Positive,
31,Museum,False,True,en,0,3 weeks ago,2025-08-30T01:49:57.310Z,No,Weekday,No wait,129,1196,5,Northern Territory,False,Fantastic place if you are in Darwin you have to go.,Darwin Aviation Museum,4.7,None,None,Positive,
32,Museum,False,True,en,0,2 years ago,2023-08-04T00:04:48.921Z,No,Weekday,No wait,281,1196,5,Northern Territory,False,"It's a large display with restored planes and also wreckage from various planes from the war. The B52 certainly looms over the other exhibits. It's massive to see in person. There are also lots of displays about our early aviation and aviators and also about Cyclone Tracy. All the displays tell good in-depth stories of their history.

We have a small dog 🐕, and upon asking, I was allowed to take her in on the condition that I carry her as they have no insurance to cover dog incidents. I was very grateful that I could take her in and didn't mind carrying her, so that was OK.

The staff was very friendly.",Darwin Aviation Museum,4.7,None,None,Positive,
33,Museum,False,True,en,0,11 months ago,2024-10-04T03:22:01.739Z,Yes,Weekday,No wait,30,1196,4,Northern Territory,False,"An interesting place to see various types of aircraft and also learn some of our war time history.
Younger ones might be inclined to get bored while parents read the information on the plaques.",Darwin Aviation Museum,4.7,None,None,Neutral,
34,Museum,False,True,en,0,4 months ago,2025-04-22T23:17:36.433Z,No,Weekday,No wait,278,1196,4,Northern Territory,False,Great collection of varied aircraft. Note worthy are the bits and pieces of warbirds recovered. Lots of stories about serving personnel and aviation history. Gift shop has an impressive amount of appropriate related items for purchase at very reasonable prices. Ladies at counter nice and helpful,Darwin Aviation Museum,4.7,None,None,Positive,
35,Museum,False,True,en,0,3 weeks ago,2025-08-29T08:26:26.006Z,No,Weekend,No wait,28,1196,5,Northern Territory,False,Took my family here for my son’s birthday as he is obsessed with planes at the moment and he definitely got his fix here! The variety and information is absolutely amazing we all loved it and will definitely be going back as I’m pretty sure we’d find more things we missed first time round!,Darwin Aviation Museum,4.7,None,None,Positive,
36,Museum,False,True,en,0,2 months ago,2025-06-30T02:14:25.927Z,No,Weekday,No wait,563,1196,5,Northern Territory,False,"You can easily spend a day here. Very informative, beaut displays",Darwin Aviation Museum,4.7,None,None,Positive,
37,Museum,False,True,en,0,2 years ago,2023-07-09T04:44:37.665Z,Not sure,Weekend,No wait,127,1196,4,Northern Territory,False,"Good museum! Buy a package with visual effects for family, but need to go to the CBD to watch it. The museum is just ok, not too many things to explore.",Darwin Aviation Museum,4.7,None,None,Positive,
38,Museum,False,True,en,0,a year ago,2024-05-29T04:27:30.217Z,No,Weekday,No wait,34,1196,5,Northern Territory,False,"Spent 2.5 hours here. Great displays, so much to see and wow the B52 is enormous. There’s even a TV in the bottom of the fuselage to watch videos of it in flight and learn more.",Darwin Aviation Museum,4.7,None,None,Positive,
39,Museum,False,True,en,0,8 months ago,2024-12-28T01:49:08.441Z,No,Weekend,No wait,974,1196,4,Northern Territory,False,Above average aviation museum with the great B-52 on display. Just wish it was more interactive.,Darwin Aviation Museum,4.7,None,None,Positive,
40,Museum,False,True,en,0,4 months ago,2025-05-12T02:59:23.812Z,No,Weekend,No wait,71,1196,5,Northern Territory,False,"I rated the museum highly because I'm an aviation nut. I grew up making aircraft models and even flew in a tiger moth back in the day. The highlight for me was the display on the air race from UK to Australia in 1913. I would have liked to have peeked inside some of the aircraft a little more, especially the Orion parked outside.",Darwin Aviation Museum,4.7,None,None,Positive,
41,Museum,False,True,en,0,a year ago,2023-11-10T05:27:40.506Z,No,Weekday,No wait,164,1196,5,Northern Territory,False,"Excellent museum with good Australian history, including Japanese and a couple of the USA as well. If you are in Darwin and interested in your aviation history, this is a great museum to visit",Darwin Aviation Museum,4.7,None,None,Positive,
42,Museum,False,True,en,0,3 years ago,2022-06-27T08:41:09.418Z,No,Weekday,No wait,369,1196,4,Northern Territory,False,"Great place if you are into Aviation. There are 3 video presentations, lots of aircraft including the b52. Parking is easy and 2hours should give you time for a detailed overview. We got a combination ticket when buying our RFDS tickets to save a few bucks.",Darwin Aviation Museum,4.7,None,None,Positive,
43,Museum,False,True,en,0,a year ago,2024-05-28T22:46:44.603Z,No,Weekday,No wait,57,1196,5,Northern Territory,False,"If you are interested in aviation and the Bombing of Darwin, then this is a great opportunity to learn about some history of Darwin in WWII. Great displays of planes. And to see the last B-52 that flew into Australia on display is pretty cool.",Darwin Aviation Museum,4.7,None,None,Positive,
44,Museum,False,True,en,0,2 years ago,2023-07-30T12:43:21.912Z,Not sure,Weekday,No wait,378,1196,4,Northern Territory,False,"Really fun medium sized museum with excellent static displays and some great videos for ww2 and info on womans aviation in the area and beyond. One of the guys at the ticket desk/shop could do with a little training on how to be more pleasant to paying customers but on the whole, a great place to visit.",Darwin Aviation Museum,4.7,None,None,Positive,
45,Museum,False,True,en,0,a year ago,2024-08-11T00:43:08.044Z,Yes,Weekend,No wait,26,1196,5,Northern Territory,False,"Wonderful planes and staff, was just disappointed as we could not go in cockpit. We were advised on our exit that cockpit sitting is only on certain days, please check their website or call to avoid disappointment:) but well worth the trip!",Darwin Aviation Museum,4.7,None,None,Positive,
46,Museum,False,False,en,0,2 months ago,2025-07-04T11:31:10.064Z,No,Weekday,No wait,3,1196,5,Northern Territory,False,Magnificent display....more should be known about Darwin in WW2...the aviation museum gives a fantastic insight into Australia's wartime history..take your time when you visit and soak it all in Lest We Forget,Darwin Aviation Museum,4.7,None,None,Positive,
47,Museum,False,True,en,0,Edited a year ago,2024-07-20T14:28:24.293Z,No,Weekend,No wait,19,1196,5,Northern Territory,False,Wow!! Love this place. Great being able to get up close to these wonderful planes. Lots to see and read. Will visit again,Darwin Aviation Museum,4.7,None,None,Positive,
48,Museum,False,True,en,0,a month ago,2025-07-29T11:05:53.192Z,No,Weekday,No wait,138,1196,4,Northern Territory,False,It's interesting to remind us of what happened in our past and the hardships they endured.,Darwin Aviation Museum,4.7,None,None,Positive,
49,Museum,False,True,en,0,2 years ago,2022-10-03T07:16:07.149Z,No,Weekday,No wait,1007,1196,5,Northern Territory,False,"Better using Google map to get here (GPS is chaotic).
Easy parking. Admission Fee: $16/adults.
A lot of aircraft models and souvenirs in the air conditioned gift shop.
Then, all are about aviation in the showroom: 3 videos,  pictures, photos, stories, Air force, Quatus, and various aircraft including B52, James bond's aircraft.... Very close up to many aircrafts, only not sit in.
No air-conditioning in the showroom but good ventilation as many electric fans.
Outdoor: old aircrafts and helicopters.
Senior staff are nice.
Spent ~2hrs",Darwin Aviation Museum,4.7,None,None,Positive,
50,Museum,False,True,en,0,2 months ago,2025-07-18T03:19:43.584Z,Yes,Weekday,No wait,34,1196,4,Northern Territory,False,"Interesting collection of planes, some  artefact exhibits a little dusty in appearance and explanation. Gift shop was not quite as big as the resident B52.",Darwin Aviation Museum,4.7,None,None,Negative,
51,Museum,False,True,en,0,8 months ago,2024-12-28T03:47:20.099Z,No,Weekday,No wait,157,1196,5,Northern Territory,False,"Love it, great friendly service by the two fellas working, great displays and well laid out with good information available.  Hot day so the massive fans in the shed made a huge difference.",Darwin Aviation Museum,4.7,None,None,Positive,
52,Museum,False,True,en,0,Edited a year ago,2023-09-29T06:45:51.680Z,No,Weekday,No wait,721,1196,5,Northern Territory,False,"At $16/adult this was well worth the cost. The displays are informative and well done. The staff we welcoming and friendly, letting people know what to look for. Everything was well laid out and easy to access. Enjoyable to spend a couple of hours wandering around.",Darwin Aviation Museum,4.7,None,None,Positive,
53,Museum,False,True,en,0,3 years ago,2022-08-02T09:20:21.481Z,Not sure,Weekend,No wait,381,1196,5,Northern Territory,False,"About 10 km from the city centre, this amazing museum is a must see in Darwin. There's a vast array of Aircrafts/Helicopters ranging from light biplane like -- Tigermoth, to famous WW2 Spitfire fighter, Sabre jet, F-111C Jet, to the mighty B52 Bomber. But the B52 Bomber truly appears like a Monolith dwarfing all other planes/everything else, with its huge wingspan, mounted with Eight (8) Huge Pratt & whitney Jet engines! This Enormous Aircraft almost occupies the entire length & width of this beautiful museum hangar so to speak. There's lots of history about WW2. Few short documentary videos of Darwin bombing etc are available to watch. You can easily spend 90 minutes to about 2 hours inside this amazing aviation museum and still not have enough of it. Very good staff at the reception. Highly recommended.",Darwin Aviation Museum,4.7,None,None,Positive,
54,Museum,False,True,en,0,4 weeks ago,2025-08-22T05:45:39.838Z,No,Weekday,No wait,39,1196,5,Northern Territory,False,Had a great time wondering around the air museum if you take your time and read about various exhibits you can learn a lot from the the past and not so long ago in Australian air history great place to visit.,Darwin Aviation Museum,4.7,None,None,Positive,
55,Museum,False,True,en,0,4 years ago,2021-03-31T11:13:48.285Z,No,Weekday,No wait,576,1196,5,Northern Territory,False,"Awesome place to visit, reasonably priced and we spent over an hour here with 3 young kids. Avoid the gift shop as you will want to buy everything lol. Freindly and informative staff. A must see if in the Darwin area.",Darwin Aviation Museum,4.7,None,None,Positive,
56,Museum,False,True,en,0,2 years ago,2022-10-25T01:41:59.444Z,No,Weekday,No wait,408,1196,5,Northern Territory,False,Only a hop from Dawrin city. This place is a labour of love! It was easy to navigate and with easy to read signs. Really appreciated being able to touch the aircraft both inside and out of the hanger. We travelled early October and boy the tin shed gets hot! The staff have set up fans to circulate the air but come prepared.,Darwin Aviation Museum,4.7,None,None,Positive,
57,Museum,False,True,en,0,2 years ago,2023-06-21T02:58:26.722Z,No,Weekday,No wait,153,1196,5,Northern Territory,False,Love this place you can get so close to planes and jets lots of information on all planes and the big bomber wow. Staff great kids would love it. It's a must see 😀😎,Darwin Aviation Museum,4.7,None,None,Positive,
58,Museum,False,True,en,0,2 months ago,2025-07-13T09:19:35.440Z,No,Weekday,No wait,41,1196,5,Northern Territory,False,Great place to hear about early flights to Australia and WW2 history,Darwin Aviation Museum,4.7,None,None,Positive,
59,Museum,False,True,en,0,a month ago,2025-07-26T00:13:31.613Z,No,Weekday,No wait,248,1196,5,Northern Territory,False,Great spot next to the airport. Loads of different planes to see and info to take in. Easy to get the baby round and also had ba y changing.,Darwin Aviation Museum,4.7,None,None,Positive,
60,Museum,False,True,en,0,a year ago,2024-06-01T01:43:33.384Z,Not sure,Weekend,No wait,143,1196,5,Northern Territory,False,"An excellent aviation museum, possibly one of the best in Australia.  Lots of RAAF & USAF aircraft including a B-52.",Darwin Aviation Museum,4.7,None,None,Positive,
61,Museum,False,True,en,0,3 years ago,2022-07-16T03:21:49.730Z,No,Weekend,No wait,12,1196,5,Northern Territory,False,"The museum is great lots of information, B52 is huge and loads of other planes and video presentations. Gift shop is clean and some tables to have a drink and snack from the fridge. Staff were wonderfull.",Darwin Aviation Museum,4.7,None,None,Positive,
62,Museum,False,True,en,0,6 years ago,2018-10-29T01:56:01.468Z,No,Weekday,No wait,93,1196,5,Northern Territory,False,Great experience. Always a favourite place to visit in Darwin. The sheer size of the B52 is one thing but the highlight is all the memorabilia and parts from old wrecks like the Japanese Zero that really capture your imagination. Getting to sit in the bomb bay of the B52 was a treat too!,Darwin Aviation Museum,4.7,None,None,Positive,
63,Museum,False,False,en,0,3 months ago,2025-05-23T07:45:24.611Z,No,Weekend,No wait,6,1196,4,Northern Territory,False,Awesome experience.  Very well done and quite sobering particularly the holocaust museum. The cafe is a bit basic but functional enough.,Darwin Aviation Museum,4.7,None,None,Positive,
64,Museum,False,True,en,0,8 years ago,2017-03-04T19:43:48.491Z,No,Weekday,No wait,89,1196,4,Northern Territory,False,Just teaming with amazing aviation lore and relics. Fascinating displays that are well kept. Place is a bit dated but hey so is the content! Highly recommend seeing this priceless collection of Australian Aviation history.,Darwin Aviation Museum,4.7,None,None,Positive,
65,Museum,False,True,en,0,2 years ago,2023-08-01T16:36:19.309Z,No,Weekend,No wait,47,1196,5,Northern Territory,False,"I have been to Darwin a few times now and did not realise this museum existed.

Worth a visit for one of the very few B52s on display in the world. But there's so much more here. Even my wife enjoyed it.",Darwin Aviation Museum,4.7,None,None,Positive,
66,Museum,False,True,en,0,a year ago,2024-05-23T12:11:55.761Z,No,Weekday,No wait,30,1196,5,Northern Territory,False,"Has so much cool planes  a whole B52 Bomber,choopers and history make sure u allow a few hours as there is alot to see and take in 😍🤩🤙💚 would highly recommend it and gives young kids a bit of idea of what man and woman gave up there lives or how tough it was back then compared to how we all have pretty good this day and age🤦‍♂️🫣",Darwin Aviation Museum,4.7,None,None,Positive,
67,Museum,False,True,en,0,a month ago,2025-08-11T08:57:22.794Z,No,Weekday,No wait,97,1196,5,Northern Territory,False,"You need at least 2hrs, exhibits where good",Darwin Aviation Museum,4.7,None,None,Positive,
68,Museum,False,True,en,0,2 months ago,2025-07-06T22:36:43.904Z,No,Weekday,No wait,43,1196,4,Northern Territory,False,Really interesting history of Darwin WW2 Cyclone Tracey & RAAF men & women involvement.  Loved the HUGE B52 & other planes.  Thank you,Darwin Aviation Museum,4.7,None,None,Positive,
69,Museum,False,True,en,0,4 years ago,2021-01-07T11:40:38.325Z,No,Weekday,No wait,238,1196,4,Northern Territory,False,"We paid $24 for two senior ticks, and we had the place virtually to ourselves on a quiet weekday morning, before a tour bus rolled up and disgorged a few more souls.

There is a shop selling books, t-shirts, souvenirs and the like. I noticed some tables and chairs at the back of the shop, which once upon a time may have been for food service from a cafe which doesn’t exist anymore, but it’s handy if you want to bring your own lunch and need a place to sit down.

The museum is quite easy to get to. From the bus stop outside Woolies in Cavenagh St., it took us about 25 mins to get there on bus no. 5. Getting back wasn’t so easy though, requiring us to cross over the busy Stuart Highway, and get the bus on the other side, where they aren’t so frequent. We waited about 35 minutes for bus no 8 to take us back to the city. It’s advisable therefore to plan your visit, if using pub transport, so as not to spend too much time waiting at the bus shelter on the Highway near the Darwin Showgrounds, with very little in the way of shops or cafes in the near vicinity.

But back to the museum! It’s main attraction is the massive B52 bomber, right in the centre of the hangar. You can peek inside the cockpit and go down into the belly of the beast where an improvised little cinema has been set up that shows a movie of the history of the B-52 bomber, it’s association with Aust and how this particular one came to be where it is today.

Just near the entrance is another little theatre which shows two movies: one called the “Battle of Australia”, about the bombing of Darwin and the aftermath, another one which I only saw snippets of, showcasing Darwin’s aviation history.

But the principal focus here is a military one, and most of the exhibits are military aircraft, from WW2 onwards including aforementioned B-52 bomber, the famous Aussie Sabre fighter, the Cobra attack helicopter and various other instruments of war, alongside some exhibits of civil aviation.

There’s plenty to see, and the exhibits are well spaced out in a large and airy hangar, making it a breeze to comfortably move around from one exhibit to the next. The lack of crowds also helped.

I did notice that the exhibits seemed quite old, and probably haven’t been updated for a few decades. One exhibit of civilian aviation had a sign that said “This Display Sponsored by Ansett Australia'', but we all know that Ansett Aust went out of business nearly 20 yrs ago. Time to update, guys.

Toilets are in the far corner just as you enter the exhibition hall. The gents are a tad small with only one cubicle, which isn’t really adequate.

But still, coming here was a worthwhile experience, and it’s an enjoyable way to spend a few hours while in Darwin. I recommend a visit.",Darwin Aviation Museum,4.7,None,None,Positive,
70,Museum,False,True,en,0,a year ago,2023-10-27T05:48:25.339Z,No,Weekday,No wait,47,1196,5,Northern Territory,False,What a great museum full of WW2 artefacts and recent notable aircraft. Definitely worth a visit if you're an aviation tragic!,Darwin Aviation Museum,4.7,None,None,Positive,
71,Museum,False,True,en,0,7 years ago,2017-12-20T07:27:32.394Z,No,Weekday,No wait,45,1196,4,Northern Territory,False,"Great museum if you are into planes, engines, history. They have a gift shop and toilets. There is a very informative 13 min movie about the WWII Darwin bombing and check out their website for great info. There is a awesome enormous B52 Bomber plane which was the highlight for me. Everything is contained in a huge hanger like shed cooled by fans (not air conditioned!) so can be a bit hot. Big display of many different planes. Staff were very pleasant.",Darwin Aviation Museum,4.7,None,None,Positive,
72,Museum,False,True,en,0,2 months ago,2025-07-21T11:46:16.372Z,No,Weekday,No wait,85,1196,5,Northern Territory,False,Impressive. Walk in to see the B-52. Great way to start the visit. Thats 1 huge aircraft,Darwin Aviation Museum,4.7,None,None,Positive,
73,Museum,False,True,en,0,3 weeks ago,2025-08-26T20:39:21.866Z,No,Weekday,No wait,44,1196,5,Northern Territory,False,Well worth the visit if aviation is something you get geeky about. B52s are big! But not that big.,Darwin Aviation Museum,4.7,None,None,Positive,
74,Museum,False,True,en,0,2 years ago,2023-04-15T03:08:15.604Z,No,Weekday,No wait,32,1196,5,Northern Territory,False,"The Aviation Museum is a must-see on the 'Things To Do List' in Darwin. There are 19 aircraft on show, including a B52 bomber, 21 engines, and unique amateur footage of Darwin's first air raid.",Darwin Aviation Museum,4.7,None,None,Positive,
75,Museum,False,True,en,0,4 years ago,2021-06-05T01:15:48.157Z,No,Weekday,No wait,346,1196,5,Northern Territory,False,"HIGHLY RECOMMENDED. Visited here whilst on a half day bus tour of Darwin. Staff were very, very good and the exhibits were first class. They have a B52 bomber on display and it's the only one in the Southern Hemisphere.",Darwin Aviation Museum,4.7,None,None,Positive,
76,Museum,False,False,en,0,11 months ago,2024-10-20T07:17:38.389Z,No,Weekend,No wait,9,1196,5,Northern Territory,False,Great value for money - enjoyed it immensely!  Especially the B52 on display.,Darwin Aviation Museum,4.7,None,None,Positive,
77,Museum,False,True,en,0,3 years ago,2022-08-24T12:44:31.516Z,No,Weekday,No wait,260,1196,4,Northern Territory,False,"What a place. If you have even a slight interest in anything aviation, this place has done amazing things to see, do, and touch. The B52 was an absolute show stopper. It is such a shame you can't go inside any of the exhibits. Even just one for the kids and the big kids to interact with would have just nailed the 5 stars in my eyes.",Darwin Aviation Museum,4.7,None,None,Positive,
78,Museum,False,True,en,0,a year ago,2024-06-23T08:46:57.200Z,No,Weekend,No wait,27,1196,5,Northern Territory,False,"A great museum for learning more about what happened during WWII, as well as information on events in Vietnam, plus a few extras on the world of aviation in general.",Darwin Aviation Museum,4.7,None,None,Positive,
79,Museum,False,True,en,0,5 years ago,2020-07-08T12:23:25.886Z,No,Weekday,No wait,251,1196,5,Northern Territory,False,"A fantastic aviation museum with the only B52 bomber in the southern hemisphere, surrounded by many Aussie warplanes and history of the Australian aviation.
Darwin was 1st port of call in the early days of international flight when it used to take a couple of days to get to Singapore and S.E.Asia and 10 + days to reach Europe, and early aviators made landfall in Darwin.
Great museum and exhibits.",Darwin Aviation Museum,4.7,None,None,Positive,
80,Museum,False,True,en,0,a year ago,2023-09-23T03:16:13.383Z,No,Weekend,No wait,79,1196,3,Northern Territory,False,"Great exhibit of a diverse range of aircraft. Could be a little more interactive, but we’ll worth a visit. Loved the fighter jets",Darwin Aviation Museum,4.7,None,None,Positive,
81,Museum,False,True,en,0,6 years ago,2018-09-26T12:22:37.802Z,No,Weekday,No wait,86,1196,5,Northern Territory,False,"Great collection of aeroplanes from all ages. A must see for anyone visiting Darwin.
There is a little retail shop there as well. Very reasonable prices and great service!
If you are aviation enthusiast, go and have a look. If you are not, still go and have a look!! You will enjoy it.",Darwin Aviation Museum,4.7,None,None,Positive,
82,Museum,False,True,en,0,3 months ago,2025-06-20T07:18:38.171Z,No,Weekday,No wait,740,1196,5,Northern Territory,False,"Outstanding, a credit to the people of Darwin and everybody who looks after the place.

If you’re an aviation enthusiast, it has to be on your list to do and keep your hands in your pocket because you will walk out having brought something I’m sure.",Darwin Aviation Museum,4.7,None,None,Positive,
83,Museum,False,False,en,0,2 weeks ago,2025-09-04T02:20:04.000Z,Yes,Weekend,Up to 10 min,3,1196,5,Northern Territory,False,WOW! This place is amazing this is your sign to go there now! i had the best experience there.,Darwin Aviation Museum,4.7,None,None,Positive,
84,Museum,False,True,en,0,a month ago,2025-08-06T02:52:36.201Z,No,Weekday,No wait,400,1196,5,Northern Territory,False,"We were lucky enough to have a guide....enhanced tgd experience so much. Well done on keeping this display up to date, clean  neat and relevant.",Darwin Aviation Museum,4.7,None,None,Positive,
85,Museum,False,True,en,0,8 years ago,2016-12-13T13:13:31.830Z,No,Weekday,No wait,38,1196,5,Northern Territory,False,"Filled with beautiful aircraft and the massive B-52 bomber. Overall the aircraft are kept in fairly good condition considering that this is in Darwin, enduring the hot and humid conditions. Despite this weather, the only airconditioned area is the the lobby which contains small collectables, old magazines and souvenirs. Though this makes sense as airconditioning an entire hangers is far too expensive to maintain for such a museum.",Darwin Aviation Museum,4.7,None,None,Positive,
86,Museum,False,True,en,0,3 years ago,2022-03-23T00:53:34.716Z,No,Weekday,No wait,205,1196,5,Northern Territory,False,"Very interesting place. B-52 bomber is huge. Spitfire was fantastic. The whole place is amazing, a must see for Darwin.",Darwin Aviation Museum,4.7,None,None,Positive,
87,Museum,False,True,en,0,6 months ago,2025-03-15T07:44:35.848Z,Yes,Weekday,No wait,76,1196,5,Northern Territory,False,"Visited as part of an excursion from a cruise ship. Hangar holding the aircraft was very hot due to it being a hot and humid day in Darwin so only had a quick look round.

Great staff at the museum.",Darwin Aviation Museum,4.7,None,None,Positive,
88,Museum,False,True,en,0,5 months ago,2025-04-06T10:59:13.941Z,No,Weekday,No wait,178,1196,5,Northern Territory,False,Definitely a lot to read but the items on display is in good condition that's worth seeing. Very informative with shows that may take you around 2 hours to browse properly.,Darwin Aviation Museum,4.7,None,None,Positive,
89,Museum,False,True,en,0,3 weeks ago,2025-08-28T10:20:12.831Z,Not sure,Weekday,No wait,74,1196,5,Northern Territory,False,Lots of warplanes and very wide set up.,Darwin Aviation Museum,4.7,None,None,Negative,
90,Museum,False,True,en,0,3 years ago,2022-01-12T01:14:01.880Z,No,Weekday,No wait,363,1196,5,Northern Territory,False,I lot of love has gone into making this museum one of the best I have seen in Australia. The B52 is so impressive and the rest of the displays are detailed and interesting.,Darwin Aviation Museum,4.7,None,None,Positive,
91,Museum,False,True,en,0,3 years ago,2022-09-01T10:44:18.382Z,No,Weekday,No wait,70,1196,4,Northern Territory,False,Top place  1-2 hours. b52 inside  I sat in the bomb bay to watch a video  .  take note almost all ww2 eqpment was us.made Australia was lucky they did and still like us,Darwin Aviation Museum,4.7,None,None,Positive,
92,Museum,False,True,en,0,3 months ago,2025-05-24T22:37:44.976Z,No,Weekday,No wait,66,1196,5,Northern Territory,False,"Wonderful display, great videos to watch there too explaining Darwin's part in the war, cyclone Tracy and aviation feats.",Darwin Aviation Museum,4.7,None,None,Positive,
93,Museum,False,True,en,0,a year ago,2024-05-01T23:19:06.902Z,No,Weekday,No wait,168,1196,5,Northern Territory,False,"Had a great morning here. Lots to see,  especially if you love aviation.",Darwin Aviation Museum,4.7,None,None,Positive,
94,Museum,False,True,en,0,a year ago,2024-06-23T06:11:23.473Z,No,Weekend,No wait,202,1196,3,Northern Territory,False,"I love aerospace  and it saddens me that in Australia, it seems like historical societies run places like these. Yes, there is a b52 and an f1-11  in the hanger,  a few other great statis plans, most in need of a wash at the very least. A few sad plane's deteriorating on the outdoor tarmac.  Worth a look can't remember  the price, kids loved it. The raaf association  on in Perth is better.  But darwin has a B52 which is amazing.",Darwin Aviation Museum,4.7,None,None,Positive,
95,Museum,False,True,en,0,2 years ago,2023-07-28T10:43:23.568Z,No,Weekday,No wait,46,1196,5,Northern Territory,False,Must see if you’re in Darwin. Absolutely underrated attraction. Unbelievable that a small town like darwin has this on display.,Darwin Aviation Museum,4.7,None,None,Negative,
96,Museum,False,True,en,0,6 years ago,2019-07-01T01:33:14.210Z,No,Weekday,No wait,86,1196,5,Northern Territory,False,"Had a great experience here. B-52 very huge, and very impressive! Good to see they have one of the F-111s here too.

Lots of preserved stuff from the Battle of Darwin.",Darwin Aviation Museum,4.7,None,None,Positive,
97,Museum,False,True,en,0,2 years ago,2023-09-04T05:54:57.994Z,No,Weekday,No wait,467,1196,5,Northern Territory,False,Wow this place is an aviators dream. Standing next to some of the world's most iconic military planes is amazing.,Darwin Aviation Museum,4.7,None,None,Positive,
98,Museum,False,True,en,0,Edited 4 years ago,2020-10-12T09:14:06.036Z,No,Weekday,No wait,58,1196,5,Northern Territory,False,Stay a while or a short time. Great place to visit while staying in Darwin. Kids and adults will enjoy it just the same. The B52 dwarfs the other exibits. It even makes the F111 look small. Well worth the small entry fee.,Darwin Aviation Museum,4.7,None,None,Positive,
99,Museum,False,True,en,0,5 years ago,2020-08-14T07:48:56.285Z,No,Weekday,No wait,418,1196,5,Northern Territory,False,"B52, F111 are standout highlights. Well presented large display.  Excellent value.",Darwin Aviation Museum,4.7,None,None,Positive,
0,Museum,False,True,en,0,a day ago,2025-09-20T00:07:43.974Z,No,Weekday,No wait,27,1196,5,Northern Territory,False,9 of use went. 9 of use left happy and amazed with everything inside. The history inside this place is incredible. MUST VISIT,Darwin Aviation Museum,4.7,None,None,Positive,
1,Museum,False,True,en,0,2 days ago,2025-09-19T02:42:56.817Z,No,Weekday,No wait,127,1196,5,Northern Territory,False,Loved it very interesting,Darwin Aviation Museum,4.7,None,None,Positive,
2,Museum,False,True,en,0,3 days ago,2025-09-18T10:54:31.313Z,No,Weekday,No wait,128,1196,5,Northern Territory,False,"Very enjoyable, easy to get around displays with heaps of information about WWII and cyclone Tracy.",Darwin Aviation Museum,4.7,None,None,Positive,
4,Museum,False,False,en,0,Edited a week ago,2025-09-11T13:00:32.634Z,No,Weekday,No wait,5,1196,5,Northern Territory,False,It's well worth the time and would recommend you leave at least two hours to get through it all.,Darwin Aviation Museum,4.7,None,None,Neutral,
6,Museum,False,True,en,0,a week ago,2025-09-10T00:51:43.068Z,No,Weekday,No wait,26,1196,5,Northern Territory,False,"The Darwin Aviation Museum offers an outstanding collection of historic aircraft and aviation memorabilia. The highlight is the massive B-52 bomber, alongside many other well-preserved planes. A fascinating visit for history and aviation enthusiasts alike.",Darwin Aviation Museum,4.7,None,None,Positive,
7,Museum,False,True,en,0,2 weeks ago,2025-09-04T09:00:06.432Z,No,Weekday,No wait,64,1196,5,Northern Territory,False,"Some much under one roof, was totally absorbed for hours. We'll worth the visit.",Darwin Aviation Museum,4.7,None,None,Positive,
8,Museum,False,False,en,0,2 weeks ago,2025-09-04T02:20:04.000Z,Yes,Weekend,Up to 10 min,3,1196,5,Northern Territory,False,WOW! This place is amazing this is your sign to go there now! i had the best experience there.,Darwin Aviation Museum,4.7,None,None,Positive,
9,Museum,False,True,en,0,3 weeks ago,2025-08-30T01:49:57.310Z,No,Weekday,No wait,129,1196,5,Northern Territory,False,Fantastic place if you are in Darwin you have to go.,Darwin Aviation Museum,4.7,None,None,Positive,
10,Museum,False,True,en,0,3 weeks ago,2025-08-29T08:26:26.006Z,No,Weekend,No wait,28,1196,5,Northern Territory,False,Took my family here for my son’s birthday as he is obsessed with planes at the moment and he definitely got his fix here! The variety and information is absolutely amazing we all loved it and will definitely be going back as I’m pretty sure we’d find more things we missed first time round!,Darwin Aviation Museum,4.7,None,None,Positive,
12,Museum,False,True,en,0,3 weeks ago,2025-08-29T01:24:06.334Z,No,Weekday,No wait,26,1196,4,Northern Territory,False,"If you like planes, this is the place to explore. Handy for the number 8 bus from the CBD, my none intreated in planes missus and I spent a couple of hours wandering around. I recommend taking an old air craft seat and watching the video first. There is a great shop, seats to enjoy an ice cream and planes. Did I mention the planes.",Darwin Aviation Museum,4.7,None,None,Positive,
13,Museum,False,True,en,0,3 weeks ago,2025-08-28T10:20:12.831Z,Not sure,Weekday,No wait,74,1196,5,Northern Territory,False,Lots of warplanes and very wide set up.,Darwin Aviation Museum,4.7,None,None,Negative,
15,Museum,False,True,en,0,3 weeks ago,2025-08-26T20:39:21.866Z,No,Weekday,No wait,44,1196,5,Northern Territory,False,Well worth the visit if aviation is something you get geeky about. B52s are big! But not that big.,Darwin Aviation Museum,4.7,None,None,Positive,
16,Museum,False,True,en,0,3 weeks ago,2025-08-25T07:45:13.457Z,No,Weekday,No wait,132,1196,4,Northern Territory,False,Enjoyed all the aircraft but would have liked to see in the cockpit,Darwin Aviation Museum,4.7,None,None,Positive,
17,Museum,False,True,en,0,4 weeks ago,2025-08-24T03:20:52.557Z,No,Weekend,No wait,283,1196,5,Northern Territory,False,"Great place and great value, the B52 is a must see. Plenty of cool gifts in the gift shop",Darwin Aviation Museum,4.7,None,None,Positive,
19,Museum,False,True,en,0,4 weeks ago,2025-08-22T05:45:39.838Z,No,Weekday,No wait,39,1196,5,Northern Territory,False,Had a great time wondering around the air museum if you take your time and read about various exhibits you can learn a lot from the the past and not so long ago in Australian air history great place to visit.,Darwin Aviation Museum,4.7,None,None,Positive,
20,Museum,False,True,en,0,a month ago,2025-08-21T07:33:25.013Z,No,Weekday,No wait,50,1196,4,Northern Territory,False,Well worth a visit.,Darwin Aviation Museum,4.7,None,None,Positive,
24,Museum,False,True,en,0,a month ago,2025-08-12T08:47:58.223Z,No,Weekday,No wait,50,1196,5,Northern Territory,False,"Pretty amazing museum
Lots to see and info to read. The B52 looms over everything which is pretty amazing. Lots of history on Darwin. Old Japanese plane wrecks. Only one thing could make this place better is being able to go in the B52!!! Don't come here in a hurry to get through it. Take your time. Really worth the entry fee.",Darwin Aviation Museum,4.7,None,None,Positive,
0,Tourist attraction,False,True,en,0,a month ago,2025-07-28T23:15:10.309Z,Not sure,Weekend,No wait,471,1072,5,Northern Territory,False,"A premier Darwin highlight that is equally informative, engrossing & educational. Recounts not only the origins of the crucial medical & allied health services Australia's Flying Doctors Services provide to the remote & inaccessible outback regions but also the WW2 Bombing of Darwin from a different perspective.

After half day tour of Darwin's WW2 bombarment the day prior, I should have been fatigued by overload of info on this subject matter but not! The VR & holographic presentations are brief & totally ""eye witness"" immersive experience not to be missed.

Excellent & moving tribute to essential services RFDS provides to health & mental well-being of remote communities. The origin of this service by Rev. John Flynn & others who contributed is illuminating as is the association with Quensland & NT Aerial Services (Qantas). The VR that showcases this section is in 2 parts: one takes you soaring over the red centre of this continent with pilot's narrative.  2nd: you are in the plane in an emergency situation with a real patient (not confronting). A sensory appreciation for the services & skills of highly trained nurse & navigating pilot. Explore the interior of an actual RFDS plane.

Facilty staff are very welcoming & helpful with suggestions on how best to utilise your 1.5 to 2 hours here.

A free courtesy shuttle bus operates to pick up & drop off in front of facilty from 11.30 am onwards every 15 mins (check the post outside for times & locations).  Operates only from upper areas to this lower Wharf facility which is quite an uphill climb to return.  Was almost 2km walk from my hotel middle of Esplanade to get down here but an eye pleasing cliff edge scenic walk heading towards Darwin Waterfront via Skybridge.

Got here just after 9.00 am opening y'day Sun 27/7/25.  Much quieter! Avoid VR strap on after a sweaty walk - fogs up the lenses ☺️. Courtesy wipes & sanitisers provided for before & after use. Excellent gift shop here.

Loved it! ❤️❤️",RFDS Darwin Tourist Facility,4.7,2025-07-30T04:00:38.000Z,We appreciate the time you have taken to review your experience at RFDS Darwin Tourist Facility. Thank you!,Positive,
1,Tourist attraction,False,True,en,0,4 months ago,2025-05-14T11:32:51.324Z,No,Weekday,No wait,23,1072,5,Northern Territory,False,"Helpful and friendly staff. Great museum for everyone, 10 to 110 years of age. Includes Interactive VR experiences, Hologram films. Plenty of reading material but not too much. Gives good insight into RFDS and the bombing of Darwin.",RFDS Darwin Tourist Facility,4.7,2025-07-04T06:43:46.000Z,Thank you for your lovely review and taking the time to add pictures! ,Positive,
2,Tourist attraction,False,False,en,0,a month ago,2025-07-24T02:16:46.024Z,No,Weekday,No wait,10,1072,5,Northern Territory,False,"I owe the RFDS a debt I will never be able to pay and the Darwin, VR experience was fantastic thank you. Keep up the good work.",RFDS Darwin Tourist Facility,4.7,2025-07-31T00:19:18.000Z,"Thank you for your kind review Andrew, it is greatly appreciated as is that beautiful picture!
Kind regards,
Team RFDS",Positive,
3,Tourist attraction,False,True,en,0,a month ago,2025-07-28T22:37:30.385Z,No,Weekday,No wait,135,1072,5,Northern Territory,False,"This tourist facility is not only about the Royal Flying Doctors Service but also about the bombing of Darwin. It has lots of interesting and interactive displays, including VR stations, interactive windows, and a holographic theatre, amongst other things. My boy loved the flight simulation and kept him entertained for a while.",RFDS Darwin Tourist Facility,4.7,2025-07-31T00:15:58.000Z,"Thank you Rachel for leaving such a wonderful review - we are glad to hear you and your boy enjoyed the experience so much!
Kind regards,
Team RFDS",Positive,
4,Tourist attraction,False,True,en,0,3 months ago,2025-05-22T07:03:24.731Z,No,Weekday,No wait,80,1072,5,Northern Territory,False,"Blown away by this place! The hologram videos are informative and entertaining, the other displays are great too!",RFDS Darwin Tourist Facility,4.7,2025-07-06T03:38:57.000Z,Thank you for taking the time to leave a review - we are very glad to hear you enjoyed the experience!,Positive,
5,Tourist attraction,False,True,en,0,3 weeks ago,2025-08-27T12:38:02.549Z,No,Weekend,No wait,19,1072,5,Northern Territory,False,"This is a great destination with war history and information about the Royal Flying Doctors.
The hologram films were very good.
You have to watch the re-enactment film on the big screen on entering!",RFDS Darwin Tourist Facility,4.7,2025-09-02T02:04:16.000Z,"Thank you so much for your wonderful review. We're thrilled to hear that you enjoyed our hologram movies and our window of 1942.
It means a lot to our team to know we made your visit memorable.
We look forward to welcoming you back again soon.
Kind Regards 
Trish CSA",Positive,
6,Tourist attraction,False,True,en,0,2 weeks ago,2025-09-01T10:55:35.152Z,No,Weekday,No wait,23,1072,3,Northern Territory,False,We were slightly disappointed with the experience today. Having been before we were disappointed with the changes to the virtual experience. We'd expected to get the same feel but it wasn't so. Very well done but we feel it was a lot better before. What genius thought that up?,RFDS Darwin Tourist Facility,4.7,2025-09-08T03:52:45.000Z,"Hi Cherry,
Thank you for sharing your feedback with us. I’m sorry to hear that you were left a little disappointed after your visit, especially since you’ve been before and enjoyed the earlier version of the virtual experience. We do make changes from time to time to keep the content fresh and to highlight new stories, but we completely understand that this can feel different for returning visitors who loved the previous format.
I’ll be sure to pass your comments along to our team, as feedback like yours helps us review and improve. We’re really glad to hear you still found it well presented, and we hope you’ll come back again to see what else we’re working on in the future.
Thanks again for taking the time to let us know your thoughts.

- Emmalee Tranebo, Tourist Facility Manager ",Negative,
7,Tourist attraction,False,True,en,0,3 months ago,2025-05-25T03:27:36.332Z,No,Weekday,No wait,92,1072,5,Northern Territory,False,Very friendly and helpful staff. Great display and I’m happy to give money to such a great cause.,RFDS Darwin Tourist Facility,4.7,2025-07-04T04:46:58.000Z,"Thank you for your kind words, we appreciate the support!",Positive,
8,Tourist attraction,False,True,en,0,4 months ago,2025-05-06T07:43:08.796Z,No,Weekday,No wait,1003,1072,5,Northern Territory,False,Excellent - this was really good and highly recommended for anyone visiting Darwin.,RFDS Darwin Tourist Facility,4.7,2025-05-06T23:48:50.000Z,"Thank you Norm for taking the time to leave a review, we are very happy to hear you had such a great time!
RFDS team",Positive,
9,Tourist attraction,False,True,en,0,3 years ago,2022-09-09T08:10:43.582Z,No,Weekday,No wait,122,1072,5,Northern Territory,False,"This visit was an amazing experience. We were welcomed by a staff that on few words told us what can we see and what order would work best. That really saved us a lot of time. The 2 hologram stories quite informative, about the bombing of Darwin and how Royal Flying Doctor Service was born and is operated. We checked out a plane with RFDS equipment and the virtual reality experience about bombing of Darwin was quite a treat. The souvenirs store had lots of new and original items. They passed with Flying colours. Highly recommended!",RFDS Darwin Tourist Facility,4.7,2022-09-10T00:53:30.000Z,"Thank you for your amazing 5 star review Maria! We are so glad you enjoyed your time exploring our tourist facility.

Kind Regards,
The RFDS Tourist Facility Team",Positive,
10,Tourist attraction,False,True,en,0,a month ago,2025-07-26T08:33:43.325Z,No,Weekday,No wait,66,1072,5,Northern Territory,False,"What a fabulous facility; awesome displays, movies and interactive stations to have a surreal experience of what it would have been like to live through the bombing of Darwin and a patient on the RFDS. Definitely a place to visit.
We purchased the Combo ticket for here and Aviation Museum - absolutely worth the money.",RFDS Darwin Tourist Facility,4.7,2025-07-31T00:17:52.000Z,"Hi Leonie, great to hear our facility left such a positive impression! 
Thank you,
Team RFDS
",Positive,
11,Tourist attraction,False,True,en,0,3 months ago,2025-05-22T12:15:26.449Z,No,Weekday,No wait,64,1072,5,Northern Territory,False,"This place is awesome.The movies were so entertaining and interesting. The Virtual Goggles were a totally new experience and had you right there. It's a fascinating place to learn about not only the RFDS but the bombing of Darwin which interestingly happened where this center is. Trish was extremely lovely and helpful.Fantastic and Highly recommend.
Phil and Karen
LANDWATCH AUSTRALIA",RFDS Darwin Tourist Facility,4.7,2025-07-04T05:02:07.000Z,"Thank you for visiting the RFDS Tourist Facility, glad to hear you enjoyed the experience!",Positive,
12,Tourist attraction,False,True,en,0,a year ago,2024-06-26T23:57:33.309Z,Yes,Weekday,No wait,82,1072,5,Northern Territory,False,"So much to see and do! A great way to donate to the RFDs as well. There’s a huge gift shop with loads of options, there’s movies to watch, heaps of interactive displays, you could easy spend half a day here. It’s cheaper if you package it up with the aviation museum as well",RFDS Darwin Tourist Facility,4.7,2024-07-02T02:28:30.000Z,"Thank you for your wonderful review.
We are so glad you enjoyed our theatre and technology showcasing both the RFDS and The bombing of Darwin.
We hope to see you back in the future.
Kind Regards,
The RFDS Team.",Positive,
13,Tourist attraction,False,True,en,0,3 years ago,2022-05-15T03:32:21.980Z,No,Weekday,No wait,337,1072,5,Northern Territory,False,"A great interactive experience which talks you through the bombing of Darwin and the formation of the Royal Flying Doctor Service.
Virtual reality headsets give you a realistic view of the bombing and what it's like on the Flying Dr plane.
There is an actual plane that you can enter and gain a first hand experience.
Definitely worth a visit.",RFDS Darwin Tourist Facility,4.7,2022-05-17T05:53:14.000Z,"Thank you so much David for your great review! We are so glad to hear you enjoyed your visit and learnt about two of Australia's iconic stories. We hope to see you again in the future!

Kind Regards
RFDS Team",Positive,
14,Tourist attraction,False,True,en,0,2 years ago,2023-02-28T09:07:37.892Z,Yes,Weekday,Up to 10 min,119,1072,5,Northern Territory,False,"It doesn’t look like much but this interactive and formative place will have you mesmerised and inspired by our WWII efforts and the attack on Darwin and the birth of RFDS and how it all came about with their short screening, a must see! You can also checkout the VR headset experience of the WWII attack of Darwin harbour or RFDS medical mission of the outback. Our favourite was able to checkout the old and retired RFDS plane they had inside the museum, that was cool to look at and experience.",RFDS Darwin Tourist Facility,4.7,2023-03-01T00:39:16.000Z,"Thank so much for the great review, we are pleased that you enjoyed the experience and got some valuable information at the same time.
Regards from the 
RFDS team.",Positive,
15,Tourist attraction,False,True,en,0,a month ago,2025-08-09T11:40:41.092Z,No,Weekend,No wait,17,1072,4,Northern Territory,False,"It has good interactive experiences, VR goggles etc. you should allow yourself about an hour and a half to do everything there watching all the shows. Any purchases go towards the Royal flying doctor service.",RFDS Darwin Tourist Facility,4.7,2025-08-24T23:53:34.000Z,Thank you for visiting the RFDS Darwin tourist facility and leaving such a great review. ,Positive,
16,Tourist attraction,False,False,en,0,a month ago,2025-08-09T03:50:15.832Z,No,Weekend,No wait,3,1072,2,Northern Territory,False,Not what we expected. Was a bit contrived would have liked more information and background on the RFDS and the good work they do. The bombing stuff has no relevance to RFDS. Pricing for 2 Adults expensive.,RFDS Darwin Tourist Facility,4.7,2025-09-01T02:16:13.000Z,"Thank you for taking the time to share your feedback. I’m sorry to hear the experience didn’t meet your expectations. We truly value your perspective as it helps us continue to improve.
At the RFDS Darwin Tourist Facility, we aim to balance two key stories – the vital work of the Royal Flying Doctor Service across Australia, and the significant role Darwin played during World War II with the Bombing of Darwin. The aviation and medical history of the RFDS is central to our displays, and the wartime exhibits are included to provide a broader context of the challenges faced in the Top End during that period.
That said, we take your comments on board regarding the desire for more in-depth information about the RFDS itself. We are always looking at ways to strengthen how we tell that story and highlight the incredible work our teams continue to do across the country.
We also understand your concerns about pricing. Our ticket sales go directly toward supporting the ongoing operations of the RFDS and maintaining the facility, which allows us to continue sharing these important stories with visitors.
We truly appreciate your visit and your feedback. If you’d like to discuss this further or share more detail, please don’t hesitate to reach out directly to us at emmalee.tranebo@flyingdoctor.net.
Warm regards
Emmalee Tranebo, Tourist Facility Manager
",Positive,
17,Tourist attraction,False,True,en,0,2 years ago,2023-08-02T12:58:18.567Z,Not sure,Weekday,No wait,279,1072,5,Northern Territory,False,"What a great place to find out about the history of the Royal Flying Doctor service and the bombing of Darwin Harbour. Lots of interactive displays and the virtual reality was great.
I loved being able to climb aboard the RFDS plane and I chose the patient virtual reality clip. I kept turning around to see the pilot which was very cool!",RFDS Darwin Tourist Facility,4.7,2023-08-03T02:54:14.000Z,"Thanks Kathryn for the great review, the technology used is a great way to share these two iconic stories.
Kind Regards
The RFDS team.",Positive,
19,Tourist attraction,False,False,en,0,2 weeks ago,2025-09-01T02:34:42.786Z,No,Weekday,No wait,8,1072,5,Northern Territory,False,Very informative.  Greeted by Gee Gee who was an absolute delight and guided us to what was on show.  Highly recommend.  A must see.,RFDS Darwin Tourist Facility,4.7,2025-09-02T02:23:10.000Z,"Margaret we are so grateful for your 5 Star review . 
It is fantastic to know that Gee Gee made such a positive impression.
Thank you for taking the time to share - we would love to see you again.",Positive,
20,Tourist attraction,False,False,en,0,5 months ago,2025-04-13T11:24:31.575Z,No,Weekday,No wait,3,1072,5,Northern Territory,False,"Fantastic experience! The information on both the RFDS and the bombing of Darwin was presented really well. The movies were terrific and the VR presentations were great. Gee Gee was most helpful, friendly and engaging.",RFDS Darwin Tourist Facility,4.7,2025-04-15T23:52:57.000Z,"Thank you for taking the time to review your experience at RFDS Darwin Tourist Facility. We are happy to know you had such a great time.
Regards, RFDS team",Positive,
21,Tourist attraction,False,True,en,0,2 years ago,2022-10-17T23:54:58.789Z,No,Weekday,No wait,56,1072,4,Northern Territory,False,"The VR experience is a great way for adults and kids to experience what the war was like.

They have two video sessions in a theatre as well which talks about the history of the RFDS which was very interesting.

The museum has a replica of one of the RFDS planes for everyone to see.

Although its a small museum its a great one to visit.

You need maximum 1.5 hours but latest time you can enter is 2.30pm for a session.",RFDS Darwin Tourist Facility,4.7,2022-10-19T04:52:54.000Z,"Thank you for visiting Badi and for your fantastic review. We are glad you enjoyed your experience with us!

Kind Regards,
The RFDS Tourist Facility Team",Positive,
22,Tourist attraction,False,True,en,0,a year ago,2024-08-06T05:27:52.697Z,Not sure,Weekday,1 hr+,12,1072,5,Northern Territory,False,"Loved this little museum  very informative and interesting on the history of the rfds and the bombing of darwin,the platform and virtual headsets are a must,the theatre goes through a great history story of the rfds,will definitely go again",RFDS Darwin Tourist Facility,4.7,2024-08-18T02:27:03.000Z,"Thank you for your 5 star review.
We are so glad you immersed yourself in all that our facility has to offer and look forward to seeing you again in the future.

King regards,
The RFDS Team.",Positive,
23,Tourist attraction,False,True,en,0,4 years ago,2021-03-29T12:43:53.334Z,No,Weekday,No wait,576,1072,5,Northern Territory,False,"Wow, the kids thought this place was going to be boring. They loved it! We spent just under 2 hours exploring and learning about the RFDS and the attack on Darwin in 1942. Definitely watch the 20 min movie on the attack and do the VR headsets, you will love it.",RFDS Darwin Tourist Facility,4.7,2021-03-31T02:01:24.000Z,Thank you for your review. The kids have fun while learning about 2 important parts of our history which is great!,Positive,
24,Tourist attraction,False,True,en,0,4 years ago,2021-08-21T04:04:02.524Z,No,Weekday,No wait,1856,1072,5,Northern Territory,False,"History of RFDS and the WWII attack on Darwin. I liked the VR goggles which puts you right in the action.
2x 15min video accounts as well as a 2min surreal bombing run where you stand around an active display.",RFDS Darwin Tourist Facility,4.7,2021-08-26T23:56:55.000Z,Thank you for visiting the RFDS Darwin Tourist Facility and for sharing your experience.,Positive,
25,Tourist attraction,False,True,en,0,4 months ago,2025-04-27T06:55:33.047Z,Yes,Weekday,No wait,56,1072,5,Northern Territory,False,"A must-do for anyone visiting Darwin. Family friendly, kid friendly, and extremely informative.

The staff make this place shine. Alda was simply amazing. Friendly and helpful, with a kindness about her that made you feel like talking to an old friend. Mitchell was professional and lovely in serving us, making sure we had a good experience. The staff throughout were amazing, but Alda and Michell deserve a special mention!",RFDS Darwin Tourist Facility,4.7,2025-05-06T23:55:35.000Z,"Thank you Giselle for taking to time to leave such a wonderful review! We are so happy to hear of your great experience and will be sure to give Alda and Mitchell a staff nomination for going above and beyond.
Cheers,
RFDS team",Positive,
26,Tourist attraction,False,False,en,0,3 months ago,2025-06-15T05:20:36.517Z,No,Weekday,No wait,8,1072,4,Northern Territory,False,They have some really interesting interactive and theatre experiences about the RFDS and the bombing of Darwin. Theres also a decommissioned aircraft you can climb into and gives you an appreciation for how difficult the work that is done in the air by the RFDS,RFDS Darwin Tourist Facility,4.7,2025-06-19T04:50:00.000Z,"Thank you for taking the time to leave this wonderful review, glad to know you enjoyed the experience.
Team RFDS",Neutral,
27,Tourist attraction,False,True,en,0,2 months ago,2025-06-29T05:19:31.444Z,No,Weekend,No wait,18,1072,5,Northern Territory,False,Very informative and the VR story's are amazing,RFDS Darwin Tourist Facility,4.7,2025-06-30T00:44:29.000Z,"Hi Nathan
Thank you very much for your review Nathan.
The VR experiance certainly is a highlight for our visitors.
Regards 
The Team from RFDS Darwin",Positive,
28,Tourist attraction,False,False,en,0,11 months ago,2024-10-20T07:14:36.679Z,No,Weekend,No wait,9,1072,5,Northern Territory,False,"Excellent value for money - fantastic exhibition, especially the VR and Hologram tours!  Also has the Bombing of Darwin!",RFDS Darwin Tourist Facility,4.7,2024-10-23T04:12:23.000Z,"Hey Speedy,
Thanks so much for your 5 Star review! We are glad that you enjoyed your time with us!

Kind regards,
The RFDS team",Positive,
29,Tourist attraction,False,True,en,0,a year ago,2023-12-15T18:57:45.201Z,Yes,Weekday,Up to 10 min,133,1072,5,Northern Territory,False,"museum on the bombing of darwin and rfds all in one! concession available and they have group tickets with other tourist sites like crocosaurus cove too. inspiration to hear about the beginnings and current works of the rfds. merch shop and donate to support the rfds! staff were super friendly and helpful with showing us around the facility also. worth a visit, especially if you catch the Darwin waterfront free shuttle.",RFDS Darwin Tourist Facility,4.7,2023-12-16T00:31:22.000Z,"Thanks for the amazing 5 star review, we are pleased that you enjoyed your time at our facility and took the time to rate us. The staff love receiving 5 stars!
Kind Regards
The RFDS team.",Positive,
30,Tourist attraction,False,True,en,0,a year ago,2024-08-27T21:55:32.551Z,No,Weekday,No wait,188,1072,4,Northern Territory,False,Excellent display and well worth the visit. Note there are 2 excellent virtual reality experiences included and if VR makes you sick it is not worth doing.,RFDS Darwin Tourist Facility,4.7,2024-09-03T00:08:47.000Z,"Hi Angus,
Thanks for taking the time to review our facility! We are happy you enjoyed our 2 virtual reality experiences on the Bombing of Darwin and the Royal Flying Doctor Service.
Many thanks,
The RFDS Team",Positive,
31,Tourist attraction,False,True,en,0,3 years ago,2021-10-19T16:20:58.107Z,No,Weekday,No wait,345,1072,5,Northern Territory,False,"Worth a visit the interactive and virtual viewing of the Darwin Bombing was amazing to learn about.
There was also the history of the flying Doctors.",RFDS Darwin Tourist Facility,4.7,2022-01-10T03:48:51.000Z,"Hi Vicki, thank you for the amazing 5 star review! We agree there is so much to learn about both stories. Thanks again for visiting.",Positive,
32,Tourist attraction,False,True,en,0,4 years ago,2021-03-01T09:09:14.357Z,No,Weekday,No wait,22,1072,5,Northern Territory,False,"Spent a good hour and half enjoying the interactive displays of the royal flying doctor service.excellent !! Tool a nueron scooter down to Darwin waterfront, where we had a great lunch on the weekend.",RFDS Darwin Tourist Facility,4.7,2021-03-03T04:07:19.000Z,"Thank you for visiting the RFDS Darwin Tourist Facility, and for your 5 star rating!
Kind Regards
Sam",Positive,
33,Tourist attraction,False,True,en,0,6 months ago,2025-03-15T07:40:23.143Z,Yes,Weekday,No wait,76,1072,5,Northern Territory,False,"Visited as part of an excursion from a cruise ship. Saw a great film about the history of the Royal Flying Doctor Service in Australia.

A place definitely worth visiting to see the history of Australia.  They also have a display about the attack on Darwin in WW2.",RFDS Darwin Tourist Facility,4.7,2025-03-17T00:00:30.000Z,"Dear Anthony 
Thank you for your review .
We appreciate you taking the time to review our facilty .
We are very pleased you enjoyed the experience and have given us a great review.
Kind Regards
The RFDS Team ",Positive,
34,Tourist attraction,False,True,en,0,3 months ago,2025-06-20T13:08:29.332Z,No,Weekday,No wait,58,1072,5,Northern Territory,False,It's fantastic to learn all about the history of the RFDS . The great services that they have delivered and the countless lives that have been changed and saved through the foresight of one man.,RFDS Darwin Tourist Facility,4.7,2025-07-04T04:45:53.000Z,"Thank you for taking the time to visit our RFDS Tourist Facility, we are very glad to hear you enjoyed the experience!",Positive,
35,Tourist attraction,False,False,en,0,2 years ago,2023-08-15T03:21:40.394Z,No,Weekday,No wait,41,1072,5,Northern Territory,False,"Love what they've done to help us see through virtual reality what happened when Darwin was bombed, very emotional.

Hats off to the RFDS , great insight into an average day in your life . Highly recommend a visit here! $30 Adult $24 Seniors",RFDS Darwin Tourist Facility,4.7,2023-08-15T23:41:44.000Z,"Thanks for taking the time to review our facility, we are pleased that you enjoyed your visit and learned more about these iconic events.

Kind regards
The RFDS team.",Positive,
36,Tourist attraction,False,True,en,0,a year ago,2024-03-11T11:36:09.985Z,No,Weekday,No wait,283,1072,5,Northern Territory,False,"So glad we visited; two excellent attractions in one. First the story of the first Japanese air raid on Darwin (19 February 1942), and second the history of the Royal Flying Doctor Service.

Both are brilliantly presented with holographic movies. There are also excellent VR presentations featuring both attractions.

A withdrawn RFDS aircraft completes the display. Sit in the pilots seat, or lie on the patients couch.

Great staff too…",RFDS Darwin Tourist Facility,4.7,2024-03-12T00:29:46.000Z,"Hi Stephen
Thanks for your 5 star review. 
We are so happy you appreciated the technology that brings both important stories to life as well as the real RFDS Pilatus PC-12 plane. 
Regards
The RFDS Team",Positive,
38,Tourist attraction,False,True,en,0,5 years ago,2020-01-09T00:54:35.595Z,No,Weekday,No wait,51,1072,5,Northern Territory,False,"Best tourist place in Darwin. Should see when in Darwin. Very informative. Nice staff. VR was amazing. Free shuttle bus to other attraction places nearby to spend the rest of your day. Also there are water front eating place next to the museum, good for lunch.",RFDS Darwin Tourist Facility,4.7,2020-11-02T02:36:51.000Z,"Thank you for visiting the RFDS Darwin Tourist Facility, and for your awesome review! We're so pleased that you found your visit informative and interesting. Our team is very proud of RFDS history and our place in the community, and we agree the Virtual Reality experience is amazing and immersing. Thank you for recommending us so highly, and we hope to see you again.

Kind Regards
Sam",Positive,
39,Tourist attraction,False,False,en,0,3 weeks ago,2025-08-24T23:55:40.874Z,No,Weekend,No wait,7,1072,5,Northern Territory,False,What a great experience at RFDS museum!! Very entertaining and informative. Friendly and helpful staff. Highly recommended!!!,RFDS Darwin Tourist Facility,4.7,2025-08-26T23:53:05.000Z,thank you for your kind words about the RFDS tourist facility Darwin we are so glad you enjoyed your time here we hope to see you again soon,Positive,
40,Tourist attraction,False,True,en,0,2 years ago,2023-07-06T09:06:13.670Z,No,Weekday,No wait,28,1072,4,Northern Territory,False,I enjoyed the RFDS display especially the interactive headsets and the plane. There is also a display on the bombing of Darwin.,RFDS Darwin Tourist Facility,4.7,2023-07-07T01:24:09.000Z,"Thanks for reviewing our facility, the virtual reality is a great way to experience the two stories.
Kind regards
The RFDS team.",Positive,
41,Tourist attraction,False,False,en,0,11 months ago,2024-09-24T05:42:04.387Z,Yes,Weekday,No wait,25,1072,5,Northern Territory,False,Really interesting for adults and kids. Combined it with the bombing cruise which was also great.,RFDS Darwin Tourist Facility,4.7,2024-09-26T02:46:34.000Z,"Thank you for your wonderful review Tanya.
We are glad you combined a visit to the facility with the cruise. It is a fantastic way to learn about the history of the Bombing of Darwin and The RFDS by both land and sea!
Kind Regards,
The RFDS Team.",Positive,
42,Tourist attraction,False,True,en,0,2 years ago,2023-06-14T12:47:38.877Z,No,Weekday,No wait,16,1072,5,Northern Territory,False,"I enjoyed watching the vertual reality goggle, hologram by John Flynn, Flying Doctors, 3D Virtual Reality The Bombing of Darwin Harbour.",RFDS Darwin Tourist Facility,4.7,2023-06-14T23:50:14.000Z,"Thanks for taking the time to review our facility, we agree the technology is a great tool to learn about these events.

Kind Regards
The RFDS team.",Positive,
43,Tourist attraction,False,True,en,0,3 years ago,2021-11-23T06:24:09.225Z,No,Weekday,No wait,142,1072,5,Northern Territory,False,Absolutely loved this place. The history of the RFDS and The Bombing of Darwin is well worth the visit. It very well set up and takes u back in time to really understand the history.  The virtual goggle experience was amazing taking u through the  time of the bombing. Giving you a sense of what it was like. I highly recommend a visit to this place,RFDS Darwin Tourist Facility,4.7,2021-12-01T03:49:30.000Z,"Thanks Joanne for your excellent review! Its great to hear you enjoyed your visit!
Take care and we can wait to welcome you back one day!",Positive,
45,Tourist attraction,False,True,en,0,5 months ago,2025-04-14T22:37:26.022Z,No,Weekend,No wait,113,1072,5,Northern Territory,False,Excellent informative display of both RFDS history and the bombing of Darwin. The VR experiences were terrific,RFDS Darwin Tourist Facility,4.7,2025-04-15T23:15:45.000Z,"Thank you Elizabeth, we are very happy to hear you enjoyed your experience at RFDS Darwin Tourist Facility!
Regards, RFDS team",Positive,
46,Tourist attraction,False,True,en,0,3 years ago,2022-08-14T04:33:54.495Z,No,Weekday,No wait,629,1072,5,Northern Territory,False,Nice museam right next to the big  darwin ferris wheel. Lots of vr related things. Medical plane inside and a couple of movies to see.,RFDS Darwin Tourist Facility,4.7,2022-08-15T00:19:03.000Z,"Thank you for visiting and your 5 star review Vance!
Kind Regards,
The RFDS Tourist Facility Team",Positive,
47,Tourist attraction,False,True,en,0,a year ago,2024-09-06T03:30:03.843Z,No,Weekday,No wait,35,1072,2,Northern Territory,False,"So so experience. Even for me who loves VR and technology. Basically nothing to do here. Watch 2 movies in theatres, 2 VR, real ambulance plane",RFDS Darwin Tourist Facility,4.7,2024-09-09T04:25:46.000Z,Thanks for sharing your thoughts. We are continuously developing our product. Hope to see you next time.,Positive,
48,Tourist attraction,False,False,en,0,6 years ago,2018-10-27T06:53:38.364Z,No,Weekday,No wait,3,1072,4,Northern Territory,False,"This is a very well set up snippet of our past, present and future. IMPORTANT history well presented. Very moving and something for all to see. Our children: 10, 9, 5 & 3yrs. Thumbs up",RFDS Darwin Tourist Facility,4.7,2018-11-28T08:07:11.000Z,"The RFDS team is very happy to hear that you enjoyed the heroic tales of the birth and growth of the RFDS and relived the drama of the Bombing of Darwin Harbour, we agree that the interactive technology is designed to brings history to life and engage with our guests of all ages.",Positive,
49,Tourist attraction,False,True,en,0,4 years ago,2021-01-28T04:14:52.933Z,No,Weekday,No wait,114,1072,5,Northern Territory,False,"Very informative, VR experiences were great, not a huge experience but the whole family enjoyed it. Entry fee on the higher end of the scale, but well worth it.",RFDS Darwin Tourist Facility,4.7,2021-01-31T01:28:50.000Z,"Thank you very much for your great review. The RFDS Darwin Tourist Facility Team really appreciate hearing about your experience and are happy to hear that you enjoyed your visit. We do offer a Territory Pass for Darwin locals where they pay the full admission price and receive 12 months unlimited entry with the ticket purchase, it is a great way to save money with visiting friends, relatives, school holiday fun and weekends.
Kind Regards,
Sam",Positive,
50,Tourist attraction,False,True,en,0,a month ago,2025-08-04T11:14:48.310Z,No,Weekday,No wait,188,1072,4,Northern Territory,False,Very good informative movie about the bombing of Darwin. A rescue plane inside to check out how they operate.,RFDS Darwin Tourist Facility,4.7,2025-08-05T03:44:28.000Z,"Thank you Randy for taking the time to share your experience!
",Positive,
51,Tourist attraction,False,True,en,0,4 years ago,2021-04-13T11:54:43.130Z,No,Weekday,No wait,101,1072,3,Northern Territory,False,"A bit disappointed with the Darwin RFDS Experience compared to Dubbo, which we visited earlier in the year. The Rev Flynn movie was mainly shouty acting, though the Etheridge Grant movie was actually interesting. The VR RFDS videos from inside the aircraft were enjoyable, but the bombing of Darwin VR was more motion sick inducing.

Unlike Dubbo, you could climb aboard the PC-12 and sit in the cockpit, which was great. However, I found less connection with the important work that the RFDS does.

If you haven't been to Dubbo this might be worthwhile.",RFDS Darwin Tourist Facility,4.7,2021-05-02T04:29:50.000Z,"Thank you for visiting the RFDS Darwin Tourist Facility and for sharing your experience
Kind Regards
Sam",Positive,
52,Tourist attraction,False,True,en,0,Edited 3 years ago,2022-01-07T23:28:07.121Z,No,Weekday,No wait,115,1072,5,Northern Territory,False,"Where does one start, from the impressive frontage of the facility  to the interactive displays within,This facility would appeal to all ages, the history within the (VR) Virtual Reality experience is truly mind blowing!! You are virtually there on the disastrous day, and witness exerts from the moments, and saw ships blowing up, planes being shot down etc. The RFDS side of things is also very interesting, telling the dream of John Flynn and the overall outcome of the modern day RFDS, as we see it today.
I suggest all family members witness this wonderful facility, and the friendly and helpful staff were only too happy to answer almost any question you threw at them.",RFDS Darwin Tourist Facility,4.7,2021-05-09T02:33:15.000Z,"Thanks for sharing your experience! Our team is delighted to hear that you enjoyed the heroic tales of the birth and growth of the RFDS and relived the drama of the Bombing of Darwin Harbour, we agree that the interactive technology is designed to brings history to life and engage with our guests of all ages.

Kind Regards
Sam",Positive,
53,Tourist attraction,False,True,en,0,6 years ago,2018-10-13T03:52:26.225Z,No,Weekday,No wait,132,1072,5,Northern Territory,False,"It’s at the end of the wharf so it’s about 10 to 15 minutes walk from the waterfront. You can also take the free shuttle bus that runs quite frequently. The museum is small, but has plenty to do and I spent 1.5 hour here. There is a virtual reality headset which depicts a scene from a plane bombing (8 minutes) and 2 hologram movies (20 minutes each). You can also sit in the pilot’s seat in a real size plane. Pretty cool and informative.",RFDS Darwin Tourist Facility,4.7,2018-11-28T08:08:10.000Z,"Thank you very much for your great review. We agree the Virtual Reality experience is immersing and should be experienced more than once. Our team is very proud to be able to share the two iconic stories, the heroic tales of the birth and growth of the RFDS and the drama and history of Bombing of Darwin Harbour through the wonder of technology designed to bring history to life.",Positive,
54,Tourist attraction,False,True,en,0,2 years ago,2022-10-25T23:44:19.758Z,No,Weekday,No wait,408,1072,5,Northern Territory,False,"Very informative and interactive. Numerous displays which helped us getting a much better appreciation of the Darwin bombings, and the great work carried out by RFDS. We had thought the entry fee was a bit steep, however soon got over this after realising how reliant the service is on donations and sponsorships.",RFDS Darwin Tourist Facility,4.7,2022-10-26T00:24:45.000Z,"Thankyou for the great review, happy to hear that you understand the need for the entry fee, all proceeds go to keeping the RFDS up and running. The bombing of Darwin exhibit is an added bonus to our facility.
Kind regards
The RFDS team.",Positive,
55,Tourist attraction,False,True,en,0,3 years ago,2022-06-03T23:55:49.940Z,Not sure,Weekday,No wait,276,1072,5,Northern Territory,False,"With some experience now visiting RFDS experiences this location is a superb example very clean and spacious with a mini cinema and areas to be immersed into the history and importance of the Royal Flying Doctors Service and the lives of people who's determination and drive not to mention generosity from donations give us this absolutely vital emergency service.

Combined with the Bombing of Darwin Experience here you will want approx 90mins maybe even 2hours there.

Bus services or even taxi are easy but it is quite a short walk down from CBD of Darwin across the sky walk and out to the wharf.",RFDS Darwin Tourist Facility,4.7,2022-06-05T00:15:07.000Z,"Thank you Darren for your kind review! We agree the work of the RFDS is extremely impressive and we are so lucky to have a service that helps so many people. We are thrilled to hear you enjoyed your visit and we hope to see you again in the future!

Kind Regards
RFDS Team",Positive,
56,Tourist attraction,False,True,en,0,4 months ago,2025-04-27T04:52:45.978Z,Not sure,Weekend,No wait,83,1072,5,Northern Territory,False,Fantastic exhibition. Very informative. Good to donate or buy something from the shop. Such an important service.,RFDS Darwin Tourist Facility,4.7,2025-05-06T23:56:59.000Z,"Thank you for taking the time to visit our facility during your travels and leaving such a lovely review!
RFDS team",Positive,
57,Tourist attraction,False,False,en,0,a year ago,2024-01-13T01:31:54.016Z,Not sure,Weekday,No wait,20,1072,5,Northern Territory,False,"Great displays, VR type experiences and cinema shows. They even lent me a towel to dry off with when I entered the building soaking wet. Highly recommend this place!",RFDS Darwin Tourist Facility,4.7,2024-01-13T03:41:34.000Z,"Thanks for the 5 star review, glad we dried you off at the same time!.. The VRs are one of the highlights of our facility along with the hologram films, a great way to learn more about these iconic avents.
Kind Regards
The RFDS team.",Positive,
59,Tourist attraction,False,True,en,0,3 years ago,2022-04-29T01:43:35.928Z,No,Weekday,No wait,106,1072,5,Northern Territory,False,"A great place of history, the hologram videos were great and the VR experience gave you that further history which you would not have known about.",RFDS Darwin Tourist Facility,4.7,2022-04-29T23:43:32.000Z,"Thank you Celia for your great review! We agree the technology we have to offer here is a great way to learn about the history of both stories. We hope to see you again in the future!

Kind Regards
RFDS Team",Positive,
60,Tourist attraction,False,True,en,0,8 months ago,2025-01-19T03:52:26.710Z,No,Weekend,No wait,123,1072,5,Northern Territory,False,"An amazing experience, you get to see and feel what it was like during the bombing of Darwin. Also included was an insight into the Royal flying doctors service, past and present. Such and important service provided by the Australian government and public donations,",RFDS Darwin Tourist Facility,4.7,2025-02-17T01:17:17.000Z,"Hi Chris - Thank you for your 5 stars! We appreciate you taking time to leave a review.
Regards,
RFDS Team",Positive,
61,Tourist attraction,False,True,en,0,3 years ago,2022-01-13T11:15:35.848Z,No,Weekday,No wait,74,1072,5,Northern Territory,False,"I had no idea this existed until I was driving around with my friend from interstate.
So much attention to detail had gone into the planning of this small museum, and although it's small, don't be fooled! It is packed with so much information and every 20 minutes the air raid siren goes off, to which you go to the middle of the building.... and I am going to leave it there because I won't ruin your experience.
It has lots of information on the Royal Flying Doctors as well as the Darwin bombings.
There was so much I didn't know about the bombings and I can't wait to come back and watch the viewings next time.",RFDS Darwin Tourist Facility,4.7,2022-01-22T01:14:15.000Z,"Hi Annalise, thank you so much for your great review! The bombing platform is a favourite for many of our visitors. So glad you enjoyed your time here and we look forward to seeing you again!
- RFDS team",Positive,
62,Tourist attraction,False,True,en,0,3 years ago,2022-04-26T06:13:21.639Z,Not sure,Public holiday,No wait,31,1072,5,Northern Territory,False,"Absolutely amazing experience! Very interesting history of Royal Flying Doctor Service and also Darwin during WWII including movies and VR experience!
A real RFDS PC12 aircraft (VH-FMP), which was in service for many years, makes the visit a very special as well.",RFDS Darwin Tourist Facility,4.7,2022-04-28T04:14:57.000Z,"Thank you so much Karen for your great review! The plane is always one of the favourite features we have to offer, especially the young ones. We hope to see you again another time!

Kind Regards
RFDS Team",Positive,
63,Tourist attraction,False,True,en,0,4 years ago,2021-06-01T22:09:33.617Z,No,Weekday,No wait,19,1072,5,Northern Territory,False,"Very exciting place, No 1 on your list, down on the wharf near all the restaurants. A very good display of RFDS includes a movie, 3D head sets, the bombing of Darwin plus. Plenty to keep you occupied for a couple of hours admin.is reasonable.",RFDS Darwin Tourist Facility,4.7,2021-06-19T03:51:17.000Z,Thank you for your great review. We are happy to hear you enjoyed your time at our facility and Stokes Hills Wharf.,Positive,
64,Tourist attraction,False,True,en,0,4 months ago,2025-05-07T06:08:49.005Z,No,Weekday,No wait,43,1072,4,Northern Territory,False,"Good experience, loved the VR & hologram (but please clean the screen).",RFDS Darwin Tourist Facility,4.7,2025-07-06T03:40:02.000Z,Thank you for taking the time to leave feedback on your experience at RFDS Darwin Tourist Facility.,Positive,
65,Tourist attraction,False,True,en,0,5 months ago,2025-04-17T07:39:54.961Z,Yes,Weekend,No wait,46,1072,5,Northern Territory,False,This place is another must do in Darwin another amazing experience the virtual reality displays put you in the hot seat fantastic,RFDS Darwin Tourist Facility,4.7,2025-04-19T03:42:09.000Z,"Thank you so much for taking time to leave us a review. We are so happy you came to visit us. We hope to see you again one day,
Your RFDS team in Darwin 
",Positive,
66,Tourist attraction,False,True,en,0,3 months ago,2025-06-15T14:59:48.205Z,No,Weekday,No wait,11,1072,5,Northern Territory,False,Small facility but the movies they play are excellent and informative,RFDS Darwin Tourist Facility,4.7,2025-06-19T04:48:06.000Z,"We appreciate you taking the time to review our exhibit and very glad to hear it worthy of 5 stars!
Team RFDS",Positive,
67,Tourist attraction,False,True,en,0,a year ago,2024-06-26T08:36:35.630Z,Yes,Weekend,No wait,151,1072,5,Northern Territory,False,"Visited on our first day. Probably the best museum anywhere. Incredible use of virtual reality headsets for information on the Darwin bombing and RFDS plane. 2 very informative films on these subjects. Nice gift shop to buy things to support RFDS.
Very helpful staff to explain use of the goggles and offered to store bags.",RFDS Darwin Tourist Facility,4.7,2024-07-02T04:53:43.000Z,"Thank you for your wonderful review.
Our team is delighted to hear you made great use of the virtual reality and technology we have available. 
Thank you for your support of the RFDS, and we hope to see you back at the Darwin Tourist Facility soon! 

Kind regards, 
The RFDS Team",Positive,
68,Tourist attraction,False,True,en,0,3 years ago,2022-08-08T07:35:18.863Z,Yes,Weekday,No wait,455,1072,5,Northern Territory,False,"A very interesting place, a lot of interactive things to do and see.Give a donation when there as you never know when you will need to use them.",RFDS Darwin Tourist Facility,4.7,2022-08-10T23:56:06.000Z,"Thank you Karen for your 5 star review! The RFDS appreciates any donation big or small. We are thrilled to hear you enjoyed your time at our facility!

Kind Regards
RFDS Team",Positive,
69,Tourist attraction,False,True,en,0,a year ago,2024-05-12T10:52:44.537Z,No,Weekday,No wait,95,1072,5,Northern Territory,False,Definitely worth a visit if you are in Darwin. Lots of things to see. Highly recommend.,RFDS Darwin Tourist Facility,4.7,2024-05-14T02:47:02.000Z,"Thank you for your five star review! Our staff are pleased you enjoyed your visit to the facility and hope to see you again!

Kind Regards,

The RFDS Team.",Positive,
70,Tourist attraction,False,True,en,0,Edited 2 years ago,2022-10-04T13:37:46.718Z,No,Weekend,No wait,233,1072,5,Northern Territory,False,Excellent and informative site. Perhaps let people know there is a free shuttle around the waterfront  it took me over an hour to walk.,RFDS Darwin Tourist Facility,4.7,2022-10-03T04:05:44.000Z,"Thanks so much for the 5 Star review, we are very proud of our facility.
Kind Regards the RFDS team.",Positive,
71,Tourist attraction,False,True,en,0,2 years ago,2023-01-11T04:55:21.284Z,No,Weekday,No wait,87,1072,5,Northern Territory,False,"Very friendly staff, excellent use of technology to help us learn all about the RFDS and the bombing of Darwin. Entry price was a little on the high side but you learn that the RFDS does rely partially on donations to keep operating.",RFDS Darwin Tourist Facility,4.7,2023-01-14T03:26:53.000Z,"Thanks Caroline for the 5 star review, we are so happy that you enjoyed the experience and learned more about these iconic events. The entry fee goes back to helping keep the RFDS going, all donations are greatly appreciated.
Kind Regards
The RFDS team.",Positive,
73,Tourist attraction,False,True,en,0,4 years ago,2021-05-23T04:05:14.639Z,No,Weekday,No wait,161,1072,5,Northern Territory,False,"Absolutely the best experience to date in Darwin. VR experience, holigram are excellent. staff very helpful",RFDS Darwin Tourist Facility,4.7,2021-06-18T02:36:51.000Z,"Thank you for your wonderful review, our team is very happy to hear that you enjoyed your visit to the RFDS Facility
Kind Regards
Sam",Positive,
74,Tourist attraction,False,False,en,0,10 months ago,2024-11-21T05:08:00.300Z,Yes,Weekday,No wait,3,1072,5,Northern Territory,False,My husband and I visited the RFDS and the Bombing of Darwin Tourist Facility yesterday morning.  It was recommended to us by a Darwin local who we met at Litmiluk Gorge.  Thank you to the delightful front counter lady on reception for making us feel so welcome.  I’ll wear my RFDS Supporter t-shirt with pride.  See you next time we visit this wonderful city.,RFDS Darwin Tourist Facility,4.7,2024-11-24T00:13:52.000Z,"Hi Michele
Thanks for your 5 star review and we are so happy to hear how much you enjoyed your visit and Darwin in general.
It's great to know that all proceeds from our beautiful souvenir store go to the RFDS and you truly are supporting us.
Regards
RFDS Team",Positive,
75,Tourist attraction,False,True,en,0,11 months ago,2024-10-02T11:20:44.124Z,No,Weekend,No wait,103,1072,5,Northern Territory,False,A nice small tourist centre. The virtual reality of the bombing of Darwin was great and the holographic documentary of the RFDS was very informative. Not sure why the bombing of Darwin documentary experience was told from the perspective of a US Navy personnel but it was interesting.,RFDS Darwin Tourist Facility,4.7,2024-10-08T23:24:19.000Z,"Hi Amy, thank you for your five star review!
The Bombing of Darwin hologram film is told from the perspective of Rear Admiral Etheridge Grant because he was the person that kept the most detailed notes/information about what happened, and his personal experience on the 19th of February 1942.

Kind regards,
The RFDS Team",Positive,
76,Tourist attraction,False,True,en,0,a month ago,2025-07-22T04:09:42.704Z,No,Weekday,No wait,63,1072,5,Northern Territory,False,"Great exhibition on the bombing of Darwin, definitely worth a visit.",RFDS Darwin Tourist Facility,4.7,2025-07-31T00:20:15.000Z,"Thank you for taking the time to leave such a positive review!
Kind regards,
Team RFDS",Positive,
77,Tourist attraction,False,True,en,0,2 years ago,2023-09-07T12:35:41.657Z,No,Weekday,No wait,31,1072,5,Northern Territory,False,Very informative War Museum and RFDS Museum. Cool VR experiences of the Bombing of Darwin and RFDS Flights. Awesome location as well!,RFDS Darwin Tourist Facility,4.7,2023-09-07T23:44:09.000Z,"Thanks for taking the time to review our facility, great that you found the experience informative, we agree the technology is a cool way to learn about these iconic events.
Kind Regards
The RFDS team.",Positive,
78,Tourist attraction,False,True,en,0,Edited 2 years ago,2023-05-11T20:11:53.388Z,No,Weekday,No wait,144,1072,4,Northern Territory,False,A very interesting place. The VR experiences were awesome.,RFDS Darwin Tourist Facility,4.7,2022-11-06T00:35:21.000Z,"Thank you Michelle for taking the time to leave us a review! We're glad to hear you enjoyed your time with us. 

Kind Regards,
RFDS Team",Positive,
79,Tourist attraction,False,True,en,0,3 years ago,2022-05-05T04:07:45.363Z,No,Weekday,No wait,390,1072,5,Northern Territory,False,Absolutely fantastic. Great display. Very informative staff. Very clean.,RFDS Darwin Tourist Facility,4.7,2022-05-07T03:57:10.000Z,"Thank you so much Linda for your kind review! We are so glad you enjoyed your time at our facility and we hope you come back again!

Kind Regards
RFDS Team",Positive,
80,Tourist attraction,False,True,en,0,Edited 3 months ago,2025-05-29T11:13:51.847Z,No,Weekend,No wait,328,1072,4,Northern Territory,False,"Very interesting, but very small, not a great deal there, but worth a look",RFDS Darwin Tourist Facility,4.7,2022-08-31T00:03:34.000Z,"Thanks for sharing your experience and your feedback is valuable to us. We are disappointed that you didn't think we had a lot to offer. We believe that the technology used to tell our stories such as the virtual reality of the Bombing of Darwin Harbour and the RFDS plus the two holograms in our cinema sessions, four interactive ghost hosts, Bombing platform, an actual RFDS Plane as well as many historical story boards, combine to create an interactive and informative way to bring history back to life.
Kind Regards
The RFDS Team",Positive,
82,Tourist attraction,False,True,en,0,7 years ago,2018-06-26T10:34:07.812Z,No,Weekday,No wait,145,1072,5,Northern Territory,False,"Great attraction with the VR experience of the bombing of Darwin combined with the Royal Flying Doctor hologram outlining the formation of the Royal Flying Doctor Service makes for a great experience, Plenty of Interactive exhibitions very reasonably priced admission would recommend for young and old",RFDS Darwin Tourist Facility,4.7,2018-06-27T06:43:59.000Z,"Wow! What a wonderful review, our team is very happy to hear that you enjoyed the heroic tales of the birth and growth of the RFDS and relived the drama of the Bombing of Darwin Harbour, we agree that the interactive technology is designed to brings history to life and engage with our guests of all ages.

Kind Regards
Sam",Positive,
83,Tourist attraction,False,True,en,0,2 years ago,2023-07-04T11:05:43.179Z,Yes,Weekend,No wait,16,1072,5,Northern Territory,False,"Great experience covering not only the history of the RFDS, but also the history of the bombing of Darwin in World War II.
The staff were great - really friendly, happy to help and actively trying to show people around the facility. Full of knowledge, definitely a great testament to the attitude and goals of the RFDS!
The facility was amazing, the now decommissioned PC-12 set up at the back for people to walk through and get an understanding of the space and setup. The info movies in the mini cinema are a must for everyone - so many facts and great stories!
The VR experience is also a must do! Experiencing a flight from the front of a PC12 with an obviously very knowledgeable and caring pilot doing the narration.
If you’re in Darwin, take an hour of your day at least to visit this incredible attraction!",RFDS Darwin Tourist Facility,4.7,2023-07-05T23:46:45.000Z,"Thanks James for the great 5 star review, we are pleased that you enjoyed your time exploring our facility, the staff are very proud to be RFDS team members.
Kind regards
The RFDS team.",Positive,
84,Tourist attraction,False,True,en,0,Edited 4 years ago,2021-09-04T07:44:57.810Z,No,Weekday,No wait,141,1072,5,Northern Territory,False,"Excellent everyone should go, very educational, toilets on site, air conditioning, seats if you need a rest, on site shop with good quality gifts, staff are very helpful,wheel chair friendly,recommend this business.",RFDS Darwin Tourist Facility,4.7,2021-08-26T23:46:53.000Z,"Amazing feedback, thank you. Our team is delighted to hear you rate the experience and customer service so highly.",Positive,
85,Tourist attraction,False,True,en,0,6 years ago,2018-11-12T06:17:57.574Z,No,Weekday,No wait,44,1072,5,Northern Territory,False,What a moving educational experience. Learnt much about both the Flying Doctors and bombing of Darwin. The virtual tour of the day of the bombing was a sureal experience not to be missed.,RFDS Darwin Tourist Facility,4.7,2018-11-28T08:02:58.000Z,"Thank you for visiting the RFDS Darwin Tourist Facility and for sharing your experience, we agree the Virtual Reality experience is immersive and designed to bring history to life.",Positive,
86,Tourist attraction,False,False,en,0,4 years ago,2021-04-23T08:10:12.646Z,No,Weekday,No wait,6,1072,5,Northern Territory,False,"Great all round experience, especially the Bombing of Darwin and RFDS VR. Friendly and helpful staff. Loved getting to go inside a RFDS aeroplane.",RFDS Darwin Tourist Facility,4.7,2021-05-02T04:28:16.000Z,"Thank you for visiting the RFDS Darwin Tourist Facility, and for your awesome review!
Kind Regards
Sam",Positive,
87,Tourist attraction,False,True,en,0,2 years ago,2023-08-11T01:34:56.559Z,Yes,Weekday,No wait,1354,1072,5,Northern Territory,False,"They have a decommissioned plane you can sit in and a lot of great merchandise; it gives you a great insight into how important and lifesaving this service is! We must have missed the virtual reality part, but I remember the recording going on in the background.
Don't forget they have a WW2 Darwin bombing simulation, too, and a holographic presentation of the captain of the Willy B.
It's definitely well worth visiting. And don't forget it's cheaper to buy your tickets off the Big Red Bus!",RFDS Darwin Tourist Facility,4.7,2023-08-11T01:49:29.000Z,"Thanks for taking the time to review our facility, we are pleased that you enjoyed your time at our museum and for supporting the RFDS.
Kind regards
The RFDS team.",Positive,
88,Tourist attraction,False,False,en,0,2 years ago,2023-04-28T06:10:19.819Z,No,Weekday,No wait,4,1072,5,Northern Territory,False,"We had the opportunity to visit the RFDS museum today.
It was a spare of the moment idea and I’m extremely glad we made it!
The staff were amazing! - especially Geoff! There was a mini movie cinema, multiple VR experiences, we had the chance to go into a retired RFDS plane… and even the gift shop was great with even RM Williams merchandise!
Defiantly worth the time and money! Highly recommend!",RFDS Darwin Tourist Facility,4.7,2023-04-29T00:44:08.000Z,"Thanks for your 5 Star review Brittney, we are pleased that you enjoyed your visit.
Kind Regards
The RFDS Team",Positive,
89,Tourist attraction,False,True,en,0,3 years ago,2022-09-04T04:25:14.169Z,No,Weekday,No wait,136,1072,5,Northern Territory,False,Great interactive  displays and lots of information and history.,RFDS Darwin Tourist Facility,4.7,2022-09-05T00:37:12.000Z,"Thank you Kay! We're so pleased that you found your visit informative, interesting and emotional, and were able to spend some time with us to discover the incredible stories of the Bombing of Darwin and the amazing history of the Royal Flying Doctor Service of Australia.
Thank you for visiting the RFDS Darwin Tourist Facility, and for your great review.",Positive,
90,Tourist attraction,False,True,en,0,3 years ago,2022-06-10T06:46:30.117Z,Not sure,Weekday,No wait,181,1072,5,Northern Territory,False,"Was a great experience
A must go to
Great to learn history about bombing of Darwin and history on RFDS
Not just pictures here",RFDS Darwin Tourist Facility,4.7,2022-06-11T00:04:45.000Z,"Thank you Bronwyn for your review! We agree that its an interactive and fun way to learn about the history of both the RFDS and the Bombing of Darwin.

Kind Regards,
RFDS Team",Positive,
91,Tourist attraction,False,True,en,0,4 years ago,2021-01-14T07:51:36.870Z,No,Weekday,No wait,175,1072,5,Northern Territory,False,Brilliant interactive display of the bombing of Darwin and  The Royal Flying Doctor service. It's two Museums in one and a must visit when In Darwin,RFDS Darwin Tourist Facility,4.7,2021-01-31T01:19:49.000Z,"Thank you for your great review. Our team is very happy to hear that you enjoyed the heroic tales of the birth and growth of the RFDS and relived the drama of the Bombing of Darwin Harbour through the wonder of technology and the static displays.
Your feedback is very valuable to us, our team prides themselves on being professional and friendly and we hope to see you again at the RFDS Darwin Tourist Facility.
Kind Regards,
Sam",Positive,
92,Tourist attraction,False,True,en,0,2 years ago,2023-08-26T04:19:02.490Z,Not sure,Weekday,1 hr+,19,1072,5,Northern Territory,False,This museum tells 2 stories. The origin of RFDS and the bombing of Darwin in 1942. The stories are told by short movie in a bespoke cinema and there is an interactive platform where you can experience the air raid.  There is also a virtual reality headset section which wS interesting too.  The staff were friendly and helpful.  Great place to spend an hour or two.,RFDS Darwin Tourist Facility,4.7,2023-08-28T00:05:23.000Z,"Thanks for the 5 star review, we are pleased that you enjoyed the technology used to tell these two iconic stories.
Kind regards
The RFDS team",Positive,
93,Tourist attraction,False,True,en,0,4 years ago,2021-08-27T09:51:48.509Z,No,Weekday,No wait,31,1072,5,Northern Territory,False,Fantastic VR presentation about the Darwin bombing of 1942. Good display and history of the RFDS. Fantastic staff.,RFDS Darwin Tourist Facility,4.7,2021-09-07T02:17:18.000Z,Thank you for your great review! Our staff are thrilled that you enjoyed your visit and we agree that the Virtual Reality is an amazing viewing perspective of the event.,Positive,
94,Tourist attraction,False,True,en,0,3 years ago,2022-09-14T23:48:23.226Z,Yes,Weekday,No wait,83,1072,5,Northern Territory,False,"Excellent use of Virtual Reality to bring to life and explain the Darwin Bombing, and to experience an RFDS airlift. Great to be able to climb aboard one of their Pilatus planes, watch some historic film footage and interact with other displays. Very friendly and helpful staff, and a reasonable gift shop. Very entertaining and informative presentation.",RFDS Darwin Tourist Facility,4.7,2022-09-18T04:22:00.000Z,"Thank you so much for this lovely review. Our team is very happy to hear that you enjoyed the heroic tales of the birth and growth of the Royal Flying Doctor Service of Australia and relived the drama of the Bombing of Darwin Harbour. The interactive technology really brings history to life, doesn't it!

Kind Regards
RFDS Team",Positive,
95,Tourist attraction,False,True,en,0,a year ago,2024-07-24T05:01:18.405Z,Yes,Weekday,No wait,19,1072,5,Northern Territory,False,"Really fantastic facility, lots of interactive exhibits. Good information about both the RFDS and the bombing of Darwin. Friendly staff and a nice excuse to walk down to the waterfront!",RFDS Darwin Tourist Facility,4.7,2024-07-25T00:19:21.000Z,"Hi Ben,
Thanks for visiting the facility and leaving your 5-star review! We are glad you enjoyed the interactive technologies and chatting with the RFDS staff. 
Kind regards,
RFDS Darwin",Positive,
96,Tourist attraction,False,True,en,0,2 years ago,2023-08-14T23:06:08.931Z,No,Weekday,No wait,361,1072,5,Northern Territory,False,"This clean, modern, well laid out small museum has hidden gems. For adults and children. It uses holograms, virtual reality goggles and short interactive films and imagery to take you back in time. We learnt about the bombing of Darwin AND the achievements of the Royal Flying Doctors Service. Now I know why the founder John Flynn is on your $20 notes! A very calming place, all ground level, easy access for prams and wheelchairs, exciting and interesting for all ages. And enjoy the stroll on the Darwin harbour pier after it. You can have a drink at the bar, a meal and even fish and chips. Excellent. We used the Hop on hop off bus. So easy to get around. All ages down there and felt very safe and relaxed. A very pretty spot.",RFDS Darwin Tourist Facility,4.7,2023-08-15T23:45:54.000Z,"Thanks for the 5 star review, great that you enjoyed your time here and took advantage of the wharf facilities, the hop on hop off is a great way to get around Darwin.
Kind regards
The RFDS team.",Positive,
97,Tourist attraction,False,True,en,0,2 years ago,2023-07-02T11:04:32.278Z,No,Weekend,No wait,262,1072,5,Northern Territory,False,"Awesome setup with a pretty cool VR experience, plenty of merch if you wish to buy some. With some history of the darwin bombings, and how the RFDS works along with some its history.

Special thanks to the reception staff for taking time to introduce us to the facility and giving us a brief tour..",RFDS Darwin Tourist Facility,4.7,2023-07-05T23:48:02.000Z,"Thanks Troy for taking the time to review our facility and for giving us a 5 star review. 
Kind regards
The RFDS team.",Positive,
98,Tourist attraction,False,True,en,0,a year ago,2024-06-24T23:29:36.529Z,No,Weekend,Up to 10 min,15,1072,1,Northern Territory,False,"More about the bombing of Darwin than the Amazing work of the RFDS. Absolutely a disappointment.

Entry fees to just access a gift shop.

Doesn't even try to show the scale of the area that the various RFDS bases actually cover, nor does it show the importance of the service to remote and regional Australians.

Waste of time.
There's more to Darwin than the bombing.",RFDS Darwin Tourist Facility,4.7,2024-07-19T01:11:39.000Z,"Hi Jack, 
We are disappointed to read this review.
We aim to share equal information of both important Australian stories. There are two virtual experience for the RFDS and one experience for the Bombing of Darwin. Within our theatre, there are two 17 min movie sessions. The RFDS story is portrayed from Rev John Flynn's perspective, from where we started, our present services and our plans for the future. 
The RFDS is here to support healthier and happier Australians, no matter where they live, work or play.
Many thanks,
RFDS Darwin",Positive,
99,Tourist attraction,False,True,en,0,a year ago,2024-09-05T09:34:08.876Z,No,Weekday,No wait,119,1072,5,Northern Territory,False,An informative and delightful space. Holographic movies covering the bombing of Darwin and the history of the RFDS was inspirational. A great place to visit 😀,RFDS Darwin Tourist Facility,4.7,2024-09-06T03:17:49.000Z,"Hi Carol 
Thank you so much for your five-star review! We are very proud of our educational technology. 
Kind regards 
The RFDS team ",Positive,
1,Tourist attraction,False,True,en,0,2 weeks ago,2025-09-01T10:55:35.152Z,No,Weekday,No wait,23,1072,3,Northern Territory,False,We were slightly disappointed with the experience today. Having been before we were disappointed with the changes to the virtual experience. We'd expected to get the same feel but it wasn't so. Very well done but we feel it was a lot better before. What genius thought that up?,RFDS Darwin Tourist Facility,4.7,2025-09-08T03:52:45.000Z,"Hi Cherry,
Thank you for sharing your feedback with us. I’m sorry to hear that you were left a little disappointed after your visit, especially since you’ve been before and enjoyed the earlier version of the virtual experience. We do make changes from time to time to keep the content fresh and to highlight new stories, but we completely understand that this can feel different for returning visitors who loved the previous format.
I’ll be sure to pass your comments along to our team, as feedback like yours helps us review and improve. We’re really glad to hear you still found it well presented, and we hope you’ll come back again to see what else we’re working on in the future.
Thanks again for taking the time to let us know your thoughts.

- Emmalee Tranebo, Tourist Facility Manager ",Negative,
2,Tourist attraction,False,False,en,0,2 weeks ago,2025-09-01T02:34:42.786Z,No,Weekday,No wait,8,1072,5,Northern Territory,False,Very informative.  Greeted by Gee Gee who was an absolute delight and guided us to what was on show.  Highly recommend.  A must see.,RFDS Darwin Tourist Facility,4.7,2025-09-02T02:23:10.000Z,"Margaret we are so grateful for your 5 Star review . 
It is fantastic to know that Gee Gee made such a positive impression.
Thank you for taking the time to share - we would love to see you again.",Positive,
3,Tourist attraction,False,True,en,0,3 weeks ago,2025-08-27T12:38:02.549Z,No,Weekend,No wait,19,1072,5,Northern Territory,False,"This is a great destination with war history and information about the Royal Flying Doctors.
The hologram films were very good.
You have to watch the re-enactment film on the big screen on entering!",RFDS Darwin Tourist Facility,4.7,2025-09-02T02:04:16.000Z,"Thank you so much for your wonderful review. We're thrilled to hear that you enjoyed our hologram movies and our window of 1942.
It means a lot to our team to know we made your visit memorable.
We look forward to welcoming you back again soon.
Kind Regards 
Trish CSA",Positive,
4,Tourist attraction,False,False,en,0,3 weeks ago,2025-08-24T23:55:40.874Z,No,Weekend,No wait,7,1072,5,Northern Territory,False,What a great experience at RFDS museum!! Very entertaining and informative. Friendly and helpful staff. Highly recommended!!!,RFDS Darwin Tourist Facility,4.7,2025-08-26T23:53:05.000Z,thank you for your kind words about the RFDS tourist facility Darwin we are so glad you enjoyed your time here we hope to see you again soon,Positive,
8,Tourist attraction,False,True,en,0,a month ago,2025-08-17T01:16:22.319Z,No,Weekday,No wait,102,1072,5,Northern Territory,False,Awesome,RFDS Darwin Tourist Facility,4.7,2025-08-24T23:54:59.000Z,"Glad to see your experience rated so highly! 
Thank you from all of us at RFDS Darwin.",Positive,
0,Museum,False,True,en,0,6 hours ago,2025-09-21T08:01:08.823Z,None,None,None,242,3661,5,Northern Territory,False,"Admission is free, and donations are much appreciated. I loved learning more about the Tiwi culture. The facilities are beautiful and the staff is friendly.",Museum and Art Gallery of the Northern Territory,4.6,None,None,Positive,
1,Museum,False,True,en,0,8 hours ago,2025-09-21T05:11:42.431Z,No,Weekday,No wait,40,3661,5,Northern Territory,False,Check it out when in Darwin!,Museum and Art Gallery of the Northern Territory,4.6,None,None,Neutral,
2,Museum,False,False,en,0,2 days ago,2025-09-19T09:06:28.975Z,None,Weekday,None,0,3661,5,Northern Territory,False,"This Museum exceeded our expectations, especially as it’s free. Very interesting, lovely staff, also great cafe and a wonderful gift shop if you’re looking for a special aboriginal momento. Well worth visiting.",Museum and Art Gallery of the Northern Territory,4.6,None,None,Positive,
9,Museum,False,True,en,0,5 days ago,2025-09-16T01:46:19.604Z,No,Weekday,No wait,264,3661,5,Northern Territory,False,"Absolutely by far the best wildlife displays. And a varied show of culture, art and historical things.
Cyclone exhibition is a must.
And the best things is, this is absolutely free.",Museum and Art Gallery of the Northern Territory,4.6,None,None,Positive,
12,Museum,False,True,en,0,a week ago,2025-09-13T11:52:04.468Z,None,None,None,12,3661,4,Northern Territory,False,Great place to spend a couple of hours.  Very Interesting exhibitions.  Lots of history and culture here. Friendly staff. Only downside is that the bicycle parking was not shaded.  Not wanting to return to a melted saddle i had to park it accross the road at the ski club.,Museum and Art Gallery of the Northern Territory,4.6,None,None,Positive,
14,Museum,False,True,en,0,a week ago,2025-09-12T08:16:28.868Z,None,None,None,8,3661,5,Northern Territory,False,งานศิลปะและประวัติศาสตร์เยอะมาก,Museum and Art Gallery of the Northern Territory,4.6,None,None,Neutral,
30,Museum,False,True,en,0,2 weeks ago,2025-09-01T10:16:11.938Z,No,Weekend,No wait,16,3661,5,Northern Territory,False,Amazing. Easy to walk around and the variety of exhibits is perfect. Then coffee at Cafe.,Museum and Art Gallery of the Northern Territory,4.6,None,None,Positive,
43,Museum,False,True,en,0,3 weeks ago,2025-08-26T01:31:26.431Z,No,Weekday,No wait,91,3661,5,Northern Territory,False,"Love it! Amazing museum! You need at least 1hour and half to see everything. The best part, is free !!!!!",Museum and Art Gallery of the Northern Territory,4.6,None,None,Positive,
44,Museum,False,True,en,0,3 weeks ago,2025-08-25T06:48:07.282Z,None,Weekday,No wait,13,3661,5,Northern Territory,False,"What an amazing museum! So many exhibits to see and learn about. They have something for everyone including art, animals (sea, land, and air), local Darwin history, maritime history, and much more. Oh and it's also FREE?!?",Museum and Art Gallery of the Northern Territory,4.6,None,None,Positive,
49,Museum,False,True,en,0,4 weeks ago,2025-08-23T03:22:26.533Z,None,None,None,97,3661,5,Northern Territory,False,"Loved Indigenous art galleries, other galleries interesting along with small maritine",Museum and Art Gallery of the Northern Territory,4.6,None,None,Positive,
59,Museum,False,True,en,0,a month ago,2025-08-20T03:46:02.525Z,No,Weekday,No wait,259,3661,5,Northern Territory,False,A very compact but intensely interesting museum and art gallery. I particularly enjoyed the Cyclone Tracy exhibit and the extensive collection of Aboriginal art,Museum and Art Gallery of the Northern Territory,4.6,None,None,Positive,
64,Museum,False,True,en,0,a month ago,2025-08-17T07:05:34.884Z,No,Weekend,No wait,137,3661,5,Northern Territory,False,"Wonderful exhibitions, the ones on Megafauna and Cyclone Tracy were particularly good.",Museum and Art Gallery of the Northern Territory,4.6,None,None,Positive,
65,Museum,False,True,en,0,a month ago,2025-08-17T05:59:28.863Z,None,Weekday,None,61,3661,5,Northern Territory,False,"A museum that finally showcases Aboriginal art. For those who love history, you can relive the terrible hurricane that almost completely destroyed the city with neighborhood maps showing the ruin from that event and how the entire city was rebuilt from the rubble",Museum and Art Gallery of the Northern Territory,4.6,None,None,Negative,
69,Museum,False,True,en,0,a month ago,2025-08-16T07:51:13.044Z,No,Weekday,No wait,25,3661,5,Northern Territory,False,"Very nice and interesting display of cultural art and fauna found in NT.
Recommend spending half a day here. Allocated 2 hours initially, but I had to return the next day for extra 3 hours.",Museum and Art Gallery of the Northern Territory,4.6,None,None,Positive,
0,Museum,False,True,en,0,2 weeks ago,2025-09-13T11:52:04.468Z,None,None,None,12,3672,4,Northern Territory,False,Great place to spend a couple of hours.  Very Interesting exhibitions.  Lots of history and culture here. Friendly staff. Only downside is that the bicycle parking was not shaded.  Not wanting to return to a melted saddle i had to park it accross the road at the ski club.,Museum and Art Gallery of the Northern Territory,4.6,None,None,Positive,
1,Museum,False,True,en,0,a month ago,2025-08-06T12:51:33.797Z,None,Weekday,No wait,77,3672,5,Northern Territory,False,"Definately recommend visiting the Museum and Art Gallery of the NT. There is a lot to see here from the entomology displays, cyclone Tracey exhibit and the amazing Aboriginal and Torres Strait Islander art. I would definately set aside more time than you expect to look at everything on display. We were lucky enough to visit during the Telstra NATSIA display. The artwork was so varied and captivating it was difficult to select a favourite to vote for.",Museum and Art Gallery of the Northern Territory,4.6,None,None,Positive,
2,Museum,False,True,en,0,2 months ago,2025-06-30T10:56:53.648Z,No,Weekday,No wait,29,3672,5,Northern Territory,False,"Great! So much to see, I wish we'd allowed more time for the visit. But we did get round to see everything (just). The Cyclone Tracy display is very vivid and interesting, lots of footage and interviews from the time. The collections of marine animal, birds and insects were very well displayed, beautiful to look at.
The contemporary Aboriginal art exhibition which was stunning.",Museum and Art Gallery of the Northern Territory,4.6,None,None,Positive,
3,Museum,False,False,en,0,a week ago,2025-09-19T09:06:28.975Z,None,Weekday,None,2,3672,5,Northern Territory,False,"This Museum exceeded our expectations, especially as it’s free. Very interesting, lovely staff, also great cafe and a wonderful gift shop if you’re looking for a special aboriginal momento. Well worth visiting.",Museum and Art Gallery of the Northern Territory,4.6,None,None,Positive,
4,Museum,False,True,en,0,a month ago,2025-08-25T06:48:07.282Z,None,Weekday,No wait,13,3672,5,Northern Territory,False,"What an amazing museum! So many exhibits to see and learn about. They have something for everyone including art, animals (sea, land, and air), local Darwin history, maritime history, and much more. Oh and it's also FREE?!?",Museum and Art Gallery of the Northern Territory,4.6,None,None,Positive,
5,Museum,False,True,en,0,a month ago,2025-08-05T16:08:59.316Z,None,Weekday,No wait,14,3672,5,Northern Territory,False,"MAGNT is a small but wonderfully curated museum — and best of all, completely free to enter (though small donations are appreciated). After our 5-day road trip from Alice Springs, it was a no-brainer stop upon arriving in Darwin.

The exhibits were diverse and engaging, featuring a beautiful showcase of local fauna, Indigenous art, and a deeply moving section dedicated to Cyclone Tracy. Visiting on a Wednesday meant few crowds, making the experience calm, easy to navigate, and unhurried — a real plus.

The well air-conditioned rooms offered a refreshing escape from the heat and humidity outside. Overall, MAGNT is a hidden gem that’s well worth a visit, especially given its accessible location and free entry. Highly recommended for anyone exploring Darwin.",Museum and Art Gallery of the Northern Territory,4.6,None,None,Positive,
6,Museum,False,True,en,0,5 months ago,2025-04-13T02:56:53.898Z,None,None,None,208,3672,5,Northern Territory,False,"The Museum and Art Gallery of the Northern Territory offers a great mix of natural history, Aboriginal art, and local stories. We especially enjoyed learning about Cyclone Tracy and seeing the iconic Sweetheart crocodile. A must-visit if you’re in Darwin—engaging, educational, and beautifully presented!",Museum and Art Gallery of the Northern Territory,4.6,None,None,Positive,
7,Museum,False,True,en,0,a month ago,2025-08-16T07:51:13.044Z,No,Weekday,No wait,25,3672,5,Northern Territory,False,"Very nice and interesting display of cultural art and fauna found in NT.
Recommend spending half a day here. Allocated 2 hours initially, but I had to return the next day for extra 3 hours.",Museum and Art Gallery of the Northern Territory,4.6,None,None,Positive,
8,Museum,False,True,en,0,a month ago,2025-07-31T04:56:50.288Z,No,Weekday,No wait,477,3672,5,Northern Territory,False,"Excellent showcasing of NT's history & culture. Free entry. Transformations: from pre-history to Cyclone Tracy, Unruly days of rebellion & chinese immigrants' contributions, contemporary Aboriginal artwork that is mesmerising, life size Sweetheart the Croc & above all - the little known Maritime history of NT & Darwin in a huge warehouse style special exhibition area of its own. This area has the backdrop of Darwin Harbour - is absolutely Wow! immersive & engaging. Small gift shop & Bundilla @ Saltwater restaurant is pretty good.

Well done to curator who captured essence of NT perfectly - not overwhelming but adequate. Though of course - our time of 1.5 hours was too short!",Museum and Art Gallery of the Northern Territory,4.6,None,None,Positive,
9,Museum,False,True,en,0,4 months ago,2025-05-08T03:52:21.530Z,No,Public holiday,No wait,145,3672,5,Northern Territory,False,"The Museum and Art Gallery of the Northern Territory is a must-visit destination when in Darwin. It offers fascinating exhibitions on First Nations culture, the region’s history, marine life, and even the dramatic story of Cyclone Tracy. Admission is free, and the staff are exceptionally welcoming and knowledgeable, making it a memorable experience for visitors of all ages.",Museum and Art Gallery of the Northern Territory,4.6,None,None,Positive,
10,Museum,False,True,en,0,a month ago,2025-08-11T08:35:09.259Z,No,Weekend,No wait,330,3672,5,Northern Territory,False,Spent a few hours browsing around the exhibits at this museum. It was well laid out and had things to see not normally found in this type of museum. Especially liked the cyclone Tracey exhibit.,Museum and Art Gallery of the Northern Territory,4.6,None,None,Positive,
11,Museum,False,True,en,0,3 months ago,2025-06-03T07:05:20.060Z,None,None,None,159,3672,5,Northern Territory,False,"AMAZING!! WE WERE SO GLAD TO DECIDE TO DO THIS ACTIVITY. A LOT TO SEE AND LEARN. ITS SO BIG AND REALLY INTERESTING. ITS FREE ENTRY. THE PLACE IS AMAZING! THE STAFF WERE FRIENDLY AND VERY HELPFUL. AND AFTER YOU FINISH BROWSING THE PLACE, DO YOURSELVES A FAVOUR, GO TO THE CAFE AND HAVE A BITE THERE, I REALLY HIGHLY RECOMMEND IT😋👍",Museum and Art Gallery of the Northern Territory,4.6,None,None,Positive,
12,Museum,False,True,en,0,a week ago,2025-09-16T01:46:19.604Z,No,Weekday,No wait,265,3672,5,Northern Territory,False,"Absolutely by far the best wildlife displays. And a varied show of culture, art and historical things.
Cyclone exhibition is a must.
And the best things is, this is absolutely free.",Museum and Art Gallery of the Northern Territory,4.6,None,None,Positive,
13,Museum,False,True,en,0,a month ago,2025-08-20T03:46:02.525Z,No,Weekday,No wait,259,3672,5,Northern Territory,False,A very compact but intensely interesting museum and art gallery. I particularly enjoyed the Cyclone Tracy exhibit and the extensive collection of Aboriginal art,Museum and Art Gallery of the Northern Territory,4.6,None,None,Positive,
14,Museum,False,True,en,0,5 months ago,2025-03-31T17:50:43.067Z,No,Weekday,No wait,35,3672,5,Northern Territory,False,"Add the museum to your Darwin itinerary with free entry the venue closes around 4pm daily. Multiple displays including Cyclone Tracey War and films, artefacts, birds, insects and more.
Wander thru on your self guided tour, reception provide a venue map and information. Strictly no food or beverage rule applies once inside museum area. There is a free water fountain near reception with toilets for visitor use. The public bus stop is directly out the front CDC Bus lines, plenty of free parking for all vehicle sizes.
Stay as long as you like I allowed approximately 2 hours for my visit.
Disability accessibility for walking frames and wheelchairs",Museum and Art Gallery of the Northern Territory,4.6,None,None,Positive,
16,Museum,False,True,en,0,a month ago,2025-08-09T22:25:14.444Z,None,None,None,62,3672,4,Northern Territory,False,"What's not to like about an art center on the coast? Got to watch the sunset during the Aboriginal Art Awards so my experience is a little out of the ordinary. The art on display was mind-boggling...but ""Sweetheart"" is a fixture that is a sight to behold...I can't imagine encountering a crocodile of his size out in nature 😳🫠",Museum and Art Gallery of the Northern Territory,4.6,None,None,Negative,
17,Museum,False,True,en,0,a month ago,2025-08-26T01:31:26.431Z,No,Weekday,No wait,91,3672,5,Northern Territory,False,"Love it! Amazing museum! You need at least 1hour and half to see everything. The best part, is free !!!!!",Museum and Art Gallery of the Northern Territory,4.6,None,None,Positive,
19,Museum,False,False,en,0,2 months ago,2025-07-04T03:02:38.066Z,None,None,No wait,5,3672,5,Northern Territory,False,"Brilliant day out!!! Very surreal experience, especially the Cyclone Tracy exhibit. I spent 2 hrs walking around and enjoyed every minute.",Museum and Art Gallery of the Northern Territory,4.6,None,None,Positive,
20,Museum,False,True,en,0,3 months ago,2025-06-08T22:53:48.261Z,No,Weekday,No wait,54,3672,5,Northern Territory,False,"A great place to spend some time to learn about history, geology and Cyclones Tracey. An incredible exhibition that give witness to the devastation Tracey brought upon Darwin.",Museum and Art Gallery of the Northern Territory,4.6,None,None,Positive,
21,Museum,False,True,en,0,a month ago,2025-07-28T07:40:23.460Z,No,Weekend,No wait,170,3672,5,Northern Territory,False,"This certainly worth visiting . The exhibits are top class, easily reached by public transport and also a great place to cool down, gaining knowledge at the same time.",Museum and Art Gallery of the Northern Territory,4.6,None,None,Positive,
22,Museum,False,True,en,0,5 months ago,2025-03-30T23:51:20.583Z,None,None,None,245,3672,3,Northern Territory,False,"Small museum with some interesting exhibition, such as the one regarding cyclone Tracy.
Not too fancy but with some interesting pieces, it is worth a visit if you are in town.
Probably you will spend one hour ish inside",Museum and Art Gallery of the Northern Territory,4.6,None,None,Positive,
24,Museum,False,True,en,0,2 months ago,2025-07-05T11:45:09.266Z,No,Weekday,No wait,243,3672,5,Northern Territory,False,"It's a small museum and art gallery, and can easily be done in an hour. Admission is free. There is also an outdoor section with a café that you can check out.",Museum and Art Gallery of the Northern Territory,4.6,None,None,Positive,
25,Museum,False,True,en,0,a month ago,2025-08-17T07:05:34.884Z,No,Weekend,No wait,138,3672,5,Northern Territory,False,"Wonderful exhibitions, the ones on Megafauna and Cyclone Tracy were particularly good.",Museum and Art Gallery of the Northern Territory,4.6,None,None,Positive,
26,Museum,False,True,en,0,5 months ago,2025-04-25T03:38:19.191Z,Yes,Public holiday,No wait,60,3672,5,Northern Territory,False,"A Fascinating Day at the Museum
My daughter and I had a wonderful time at the Museum and Art Gallery of the Northern Territory today. From stunning local art to fascinating natural history exhibits, there was so much to explore and learn together. A perfect mix of fun and education for both of us!",Museum and Art Gallery of the Northern Territory,4.6,None,None,Positive,
27,Museum,False,True,en,0,2 months ago,2025-07-22T04:47:41.505Z,None,Weekday,No wait,14,3672,5,Northern Territory,False,"This museum is so full of information, indigenous, NT history we spent hours there. The cafe was reasonably priced with lovey food and drinks.",Museum and Art Gallery of the Northern Territory,4.6,None,None,Positive,
28,Museum,False,True,en,0,4 months ago,2025-05-22T07:04:34.460Z,None,None,None,80,3672,5,Northern Territory,False,"A great museum, really well presented - I just wish I allocated so much more time!",Museum and Art Gallery of the Northern Territory,4.6,None,None,Positive,
29,Museum,False,True,en,0,a year ago,2024-09-22T07:18:16.105Z,None,None,None,241,3672,5,Northern Territory,False,"Wonderful museum to visit, which has a lot to tell about Darwin's history, from colonial to cyclone Tracy, and the rebuilt that came after. Many interactive exhibitions that made our visit felt very engaging. Would highly recommend.",Museum and Art Gallery of the Northern Territory,4.6,None,None,Positive,
30,Museum,False,True,en,0,6 months ago,2025-03-22T03:53:57.325Z,None,None,None,467,3672,5,Northern Territory,False,"Lots of eye-catching displays of NT flora, fauna, geology, culture , art, and Cyclone Tracey. It's free and parking available on site.",Museum and Art Gallery of the Northern Territory,4.6,None,None,Positive,
31,Museum,False,True,en,0,2 months ago,2025-07-25T09:18:42.654Z,None,None,None,1457,3672,5,Northern Territory,False,Free and plenty to see to spend a few hours at. Good for the whole family.,Museum and Art Gallery of the Northern Territory,4.6,None,None,Positive,
32,Museum,False,True,en,0,9 months ago,2024-12-11T09:44:30.563Z,None,None,None,272,3672,5,Northern Territory,False,"It's cute. You need to take the museum in context.  It does an excellent job of telling the local story of Darwin, its history, people (in many ways the lack their of) and boats. I will say I appreciated the Aboriginal art here more than I have in other larger Australian museums. This isn't the Lourve. It doesn't claim to be. Excellent local flavor. Make the stop.",Museum and Art Gallery of the Northern Territory,4.6,None,None,Positive,
33,Museum,False,True,en,0,4 months ago,2025-05-16T10:54:06.000Z,None,None,None,19,3672,5,Northern Territory,False,"Really fantastic and wish we could have spent longer here, think it should be on everyone’s list who visits this area!",Museum and Art Gallery of the Northern Territory,4.6,None,None,Positive,
34,Museum,False,True,en,0,a month ago,2025-08-23T03:22:26.533Z,None,None,None,97,3672,5,Northern Territory,False,"Loved Indigenous art galleries, other galleries interesting along with small maritine",Museum and Art Gallery of the Northern Territory,4.6,None,None,Positive,
35,Museum,False,True,en,0,a year ago,2024-07-06T07:48:39.269Z,None,None,None,204,3672,5,Northern Territory,False,"I loved how organized this gallery and museum is, and everything is clearly marked and labeled, which provides an opportunity to learn more about each item. It is free to enter, but they do have a donation box and I highly recommend contributing to their efforts to maintain this fantastic instructional and informative gallery. I enjoyed learning about the Northern Territory and its history. The Cyclone exhibit was very informative. Loved the on-site gift shop! You cannot take a backpack inside, but they do offer a secure space for bags.",Museum and Art Gallery of the Northern Territory,4.6,None,None,Positive,
36,Museum,False,True,en,0,10 months ago,2024-11-02T22:19:19.395Z,Not sure,Weekday,No wait,45,3672,5,Northern Territory,False,"The NT Museum and Art Gallery was a great collection of interesting exhibits and eye popping art. It’s not huge, it took just over an hour to get around. Well worth the effort and entry is free!",Museum and Art Gallery of the Northern Territory,4.6,None,None,Positive,
37,Museum,False,True,en,0,a year ago,2024-07-28T07:02:45.346Z,No,Weekend,No wait,360,3672,5,Northern Territory,False,"An outstanding experience and very informative displays. Gives a huge insight into Territorian life and culture. The display on Cyclone Tracey was superb and sobering.
Definitely recommend on any visit to Darwin. Free entry and free parking.
Also, the cafe is in a tranquil setting by the sea with water views.",Museum and Art Gallery of the Northern Territory,4.6,None,None,Positive,
39,Museum,False,True,en,0,10 months ago,2024-11-15T23:42:04.250Z,None,None,None,145,3672,3,Northern Territory,False,"Modern, neat and tidy but a relatively small museum. Unfortunately the cyclone Tracey exhibit was closed due to renovations for the upcoming 50'th anniversary. As hard as I tried, I wasn't able to appreciate the art exhibits. The natural exhibit was good and there was an undercover but outdoor, small marine exhibit but given the temperature and humidity on the day, was unbearable to walk around. The museum entry was free, staff were very helpful and friendly and overall it was worth the visit.",Museum and Art Gallery of the Northern Territory,4.6,None,None,Positive,
40,Museum,False,True,en,0,a year ago,2024-09-10T07:39:16.224Z,None,None,None,28,3672,5,Northern Territory,False,"This museum is free to enter and is packed with wonderful exhibits.  There is information about geographical locations, history, culture and aboriginal art. Luv’ed it all. Well worth the visit as is all of Darwin city.",Museum and Art Gallery of the Northern Territory,4.6,None,None,Positive,
41,Museum,False,True,en,0,a year ago,2024-01-12T23:25:22.336Z,No,Weekday,No wait,128,3672,5,Northern Territory,False,"This was a brilliant museum for both adults and children. It had free entry, with donations suggested but not pushed.
It was very informative and had some brilliant displays. There were some really lovely indigenous artwork, a cyclone Tracy display, displays on the wet vs dry season in the NT and displays on local wildlife.
On the day that we went, there was a treasure hunt for kids to find all of the Lego mini figures in the exhibits. This was an ingenious idea and was fun for adults and kids alike.",Museum and Art Gallery of the Northern Territory,4.6,None,None,Positive,
44,Museum,False,True,en,0,4 days ago,2025-09-23T08:30:44.848Z,None,None,None,388,3672,4,Northern Territory,False,A must see if in Darwin the Cyclone Tracey exhibit is a must,Museum and Art Gallery of the Northern Territory,4.6,None,None,Neutral,
46,Museum,False,True,en,0,a year ago,2024-05-27T02:43:22.766Z,No,Weekday,No wait,324,3672,4,Northern Territory,False,"Good place to visit if you want to learn about Cyclone Tracy.  Fantastic displays of animals, sealife and other great displays.  Art gallery was great too.  Highly recommend a visit and free entry too.  Gift shop and on site cafe.",Museum and Art Gallery of the Northern Territory,4.6,None,None,Positive,
47,Museum,False,True,en,0,2 years ago,2023-06-22T03:35:19.649Z,No,Weekday,No wait,182,3672,5,Northern Territory,False,Great museum! Well designed and laid out. Lots of taxidermy animals which help show size and colours. Exhibits do well covering the history of Darwin as a city and as part of the Austronesian area. A huge area of full sized boats and sea craft was particularly cool.,Museum and Art Gallery of the Northern Territory,4.6,None,None,Positive,
48,Museum,False,True,en,0,2 years ago,2023-08-21T04:16:17.152Z,None,None,None,279,3672,5,Northern Territory,False,"Wonderful institution for natural and social history, as well as the superlative National Indigenous Art Award exhibition and contemporary visual arts programming. Bonus, a decent cafe and million dollar view, with the Darwin Ski Club just next door. It's always worth a stop to see what's inside...",Museum and Art Gallery of the Northern Territory,4.6,None,None,Positive,
49,Museum,False,True,en,0,2 years ago,2023-08-28T10:10:02.574Z,Not sure,Weekday,No wait,69,3672,5,Northern Territory,False,"We had no expectations and were so glad we decided to visit. We easily spent a couple of hours here, we could have spent longer.
Loved the modern art, the cyclone Tracey display & all the boats
So fantastic this is available free of charge.
Will definitely visit when we are next in Darwin",Museum and Art Gallery of the Northern Territory,4.6,None,None,Positive,
50,Museum,False,True,en,0,a year ago,2024-02-06T02:12:19.233Z,No,Weekday,No wait,54,3672,5,Northern Territory,False,"Highly recommend you visit.The staff are very friendly and helpful, entrance is free. Great exhibition of indigenous artists work. Terrifying display of creatures that can kill you, absolutely loved the museum. The native bird displays were entrancing. Cyclone Tracey exhibit was very moving. This is a must visit for tourists. Free Lockers available. Loved it!",Museum and Art Gallery of the Northern Territory,4.6,None,None,Positive,
51,Museum,False,True,en,0,3 years ago,2022-08-16T09:49:50.236Z,No,Weekday,No wait,433,3672,5,Northern Territory,False,"Free admission. Donation will be appreciated.
Learn some history about Darwin the Tracy the cyclone and aboriginals people and arts and animals around this area. Good place to go for a hot weather. And also good to bring your kids. Recommend  allow  1-2 hour for this Museum or even longer if you have a relax travel schedule. Gift shop has a lot to sell and the staff are friendly.",Museum and Art Gallery of the Northern Territory,4.6,None,None,Positive,
52,Museum,False,True,en,0,2 months ago,2025-06-29T11:52:49.070Z,No,Weekend,No wait,202,3672,5,Northern Territory,False,A must go place if you want to know about this city and territory.,Museum and Art Gallery of the Northern Territory,4.6,None,None,Neutral,
55,Museum,False,True,en,0,11 months ago,2024-10-12T05:49:24.546Z,No,Weekend,No wait,381,3672,5,Northern Territory,False,"Great place 👌
Lots of information and culture
It's definitely worth a visit, and it's FREE. Plus, the restaurant attached has great meals from breakfast to dinner
You can easily spend a few hours there, especially in the maritime section, with all the different boats and canoes they have under a large roof.
The artwork is quite something, the exhibition of 5.1 m taxidermied body of Sweetheart the croc is fascinating as well
Some of these vessels are in full sail
Quite a sight to see so if you get the chance go have a look, you won't be disappointed.
I thoroughly enjoyed myself",Museum and Art Gallery of the Northern Territory,4.6,None,None,Positive,
56,Museum,False,True,en,0,2 months ago,2025-07-24T11:54:09.675Z,None,None,None,115,3672,5,Northern Territory,False,What a wonderful gallery and the Nadio exhibition was truly amazing,Museum and Art Gallery of the Northern Territory,4.6,None,None,Positive,
57,Museum,False,True,en,0,a year ago,2024-08-06T12:17:25.736Z,None,Weekday,No wait,44,3672,2,Northern Territory,False,"Very disappointing, the shop had no gifts or suvoneer relating to  cyclone tracey, sweetheart.  Instead, the gift shop is only focused on overseas tourists with a majority of gifts made in China aboriginal artefacts.  You need to cater to all tourists.",Museum and Art Gallery of the Northern Territory,4.6,None,None,Negative,
58,Museum,False,True,en,0,3 weeks ago,2025-09-01T10:16:11.938Z,No,Weekend,No wait,16,3672,5,Northern Territory,False,Amazing. Easy to walk around and the variety of exhibits is perfect. Then coffee at Cafe.,Museum and Art Gallery of the Northern Territory,4.6,None,None,Positive,
60,Museum,False,True,en,0,Edited a year ago,2024-04-25T09:59:35.447Z,None,None,None,62,3672,5,Northern Territory,False,"One of my favourite places in Darwin. There's Sweetheart the Crocodile who loves you and Cyclone Tracy display, which is fabulous too! And... a great cafe!!",Museum and Art Gallery of the Northern Territory,4.6,None,None,Positive,
62,Museum,False,False,en,0,a year ago,2024-01-29T11:42:29.517Z,No,Weekend,No wait,24,3672,5,Northern Territory,False,"This was surprisingly amazing! I’m not of a museum person, and with rainy weather and not a lot else to do in Darwin we figured we would check it out. Beautiful indigenous artwork! The cafe is pretty basic but it’s nice that they have it there as an option",Museum and Art Gallery of the Northern Territory,4.6,None,None,Positive,
63,Museum,False,True,en,0,2 years ago,2023-08-02T13:31:21.864Z,None,None,None,11,3672,5,Northern Territory,False,I have planned many weddings and events at the Museum and Art Gallery of the Northern Territory and it is one of my favourite venues because it is very private at the back. The space is a great blank canvas that would suit many types of wedding styles.  The staff are friendly and helpful.,Museum and Art Gallery of the Northern Territory,4.6,None,None,Positive,
65,Museum,False,True,en,0,a year ago,2024-07-11T05:55:33.294Z,No,Weekday,No wait,99,3672,5,Northern Territory,False,"A beautiful
Museum, fresh, vibrant and full of relative history to the area and state. It’s also free a definite must do. Staff are also very helpful and approachable",Museum and Art Gallery of the Northern Territory,4.6,None,None,Positive,
66,Museum,False,False,en,0,a year ago,2024-08-26T22:52:19.072Z,None,None,None,3,3672,5,Northern Territory,False,Loved the indigenous artwork! The section about Cyclone Tracey was also very informative - the sound recording made during the cyclone was a real eye-opener. Highly recommend visiting!,Museum and Art Gallery of the Northern Territory,4.6,None,None,Positive,
67,Museum,False,True,en,0,3 years ago,2022-08-27T22:47:38.273Z,None,None,None,26,3672,5,Northern Territory,False,"One of the best museums I've been to in Australia! And free admission. NATSIAA Art Awards were showing. Amazing work. Recorded memories of the cyclone in 74 are engaging. The large exhibition of real boats is impressive and the accounts of travel from Vietnam touching. Overall, so much to see here, great cafe, and beautiful location by the water. An excellent resource and way to spend half a day in Darwin.",Museum and Art Gallery of the Northern Territory,4.6,None,None,Positive,
70,Museum,False,True,en,0,2 years ago,2022-12-02T11:01:23.887Z,No,Weekday,No wait,30,3672,5,Northern Territory,False,"If you're in Darwin, def come and check this place out. They have lots of different paintings, statues, history stuff. And entry is for free. Nearby is a beautiful beach, not sure if you are allowed to swim there tho. I really enjoyed this museum today!",Museum and Art Gallery of the Northern Territory,4.6,None,None,Positive,
72,Museum,False,True,en,0,5 years ago,2020-07-08T08:59:29.835Z,None,None,None,116,3672,5,Northern Territory,False,A great place to take the family. Lots of things to see and do. Way bigger than I first thought. I loved to see so many different views of Australian history. From old boats to cyclone tracy. My children loved to see all the very well preserved and presented animals. You can tell the museum really wantes the best out of there displays.,Museum and Art Gallery of the Northern Territory,4.6,None,None,Positive,
73,Museum,False,True,en,0,a year ago,2024-08-17T07:54:39.472Z,No,Weekend,No wait,26,3672,5,Northern Territory,False,"Very nice Museum with artiful arranged exhibits. Worth to spend a couple of hours. The enter is free of charge, and there is a restaurant facing ocean and a colorful museum shop.",Museum and Art Gallery of the Northern Territory,4.6,None,None,Positive,
76,Museum,False,True,en,0,a year ago,2024-03-04T05:20:45.460Z,No,Weekday,Up to 10 min,50,3672,5,Northern Territory,False,"Have been at the museum multiple times as we had friends who wanted to see. Well worth a visit, there are multiple exhibitions with different content to suit most. You can learn more about the history of Darwin, the wildlife, fauna, see beautiful boats from the region and more. I think it’s for free for everyone, so there’s no excuse to skip it while you’re here :)",Museum and Art Gallery of the Northern Territory,4.6,None,None,Positive,
77,Museum,False,True,en,0,4 years ago,2021-02-28T09:54:06.237Z,None,None,None,1699,3672,5,Northern Territory,False,"We started our Saturday by exploring the museum and art gallery - such a rich collection which gives justice to the various and most significant aspects of the development of this region - early geology; indigenous peoples, flora and fauna, maritime, industrial and agricultural age and Darwin in the 20th/21st centuries. Really enjoyed the collection",Museum and Art Gallery of the Northern Territory,4.6,None,None,Positive,
80,Museum,False,True,en,0,2 months ago,2025-07-20T12:57:04.977Z,None,None,None,508,3672,5,Northern Territory,False,A selective samples od Darwins history.,Museum and Art Gallery of the Northern Territory,4.6,None,None,Neutral,
82,Museum,False,True,en,0,a year ago,2024-04-09T23:38:00.323Z,No,Weekday,No wait,174,3672,5,Northern Territory,False,"Excellent! Great to learn about so much, well presented, informative, thank you for the opportunity, and it was free to enter!! Highly recommend if you're in Darwin",Museum and Art Gallery of the Northern Territory,4.6,None,None,Positive,
83,Museum,False,True,en,0,2 years ago,2023-06-15T13:07:29.573Z,Yes,Weekday,1 hr+,111,3672,5,Northern Territory,False,"Oh… never ever seen like the museum!! It’s incredible! Also staff members were great service for visitors ;) I talked one of the younger women, she was kind and pretty professional for communication. Thank you make me feeling warm.",Museum and Art Gallery of the Northern Territory,4.6,None,None,Positive,
84,Museum,False,True,en,0,7 years ago,2017-12-22T09:54:59.952Z,None,None,None,45,3672,5,Northern Territory,False,"This is a great museum, which is clean with very cool displays. It is free entry and they provide lockers ($2 refundable coin required) for valuables as backpacks not allowed inside. There is an amazing section on Cyclone Tracy. You can also see the huge crocodile that was captured in Darwin.",Museum and Art Gallery of the Northern Territory,4.6,None,None,Positive,
85,Museum,False,True,en,0,3 months ago,2025-06-04T03:53:01.592Z,None,None,None,315,3672,5,Northern Territory,False,I really enjoyed the effort that went into creating the installations.  Really great!,Museum and Art Gallery of the Northern Territory,4.6,None,None,Positive,
88,Museum,False,True,en,0,2 months ago,2025-07-05T11:23:43.716Z,No,Weekday,No wait,81,3672,5,Northern Territory,False,Very moving display of photos and wreckage from the cyclone. Never to be forgotten.,Museum and Art Gallery of the Northern Territory,4.6,None,None,Positive,
91,Museum,False,True,en,0,2 years ago,2023-06-22T11:09:23.797Z,None,Weekday,None,134,3672,5,Northern Territory,False,"Love this museum, especially the iconic crocodile called ""sweetheart""
Well presented information about Darwin and Northern territory history, landscape and native animals.",Museum and Art Gallery of the Northern Territory,4.6,None,None,Positive,
92,Museum,False,True,en,0,4 years ago,2021-04-13T21:27:10.090Z,None,None,None,123,3672,5,Northern Territory,False,"It’s a great place to visit. I learnt a lot about Darwin, sea creatures, butterflies, etc.  It’s free entry, you can choose to donate or not. The gift store sells mango ice cream & locally handmade butterfly brooches.",Museum and Art Gallery of the Northern Territory,4.6,None,None,Positive,
93,Museum,False,False,en,0,4 years ago,2021-05-25T05:10:52.440Z,None,None,None,10,3672,4,Northern Territory,False,Spent a couple of hours wandering through the museum and gallery. Had a good mix of art and NT history on exhibition. Good little Cafe to sit and have lunch or a cold drink overlooking the ocean. Incorporate a walk through the botanical gardens before or after the museum is well worth it too.,Museum and Art Gallery of the Northern Territory,4.6,None,None,Positive,
95,Museum,False,False,en,0,3 months ago,2025-05-31T05:51:40.702Z,No,Weekend,No wait,0,3672,5,Northern Territory,False,"FREE ENTRY
The museum is fairly well laid out, the map is a little confusing and the building doesn't ""flow well"" as you need to double back to get to other areas. 80% of the exhibits haven't change in the last 15years, a few new areas have been added and there was an area under changeover when we visited. The gift shop is very overpriced ($14 for a stubby cooler) and seems to be overwhelmed with the same ""theme"" where there is so much more to the Territory (I would have purchased a replica butterfly keyring).
Don't pass the outdoor monsoon area, there are a few turtles that swim around (Glass doors left of the main entrance).
Plenty of parking with overflow across the road.
Cold water bubbles situated throughout the building.
There are wheelchairs you can use to assist someone around the museum.",Museum and Art Gallery of the Northern Territory,4.6,None,None,Positive,
98,Museum,False,True,en,0,4 years ago,2021-08-18T08:21:34.069Z,None,None,None,571,3672,5,Northern Territory,False,"This is a must do! This is a free activity in Darwin which is so informative and unexpected how great it was. There is exhibits on different animals, Cyclone Tracy and lovely art work. You can come here by walking on the Darwin coastal track which is also a must do.

“Jonique Life”
Follow our journey around Australia on Facebook, Instagram, Tik Tok and YouTube as we highlight wonderful experiences and magical places you can add to your ever growing bucket list.",Museum and Art Gallery of the Northern Territory,4.6,None,None,Positive,
99,Museum,False,True,en,0,2 years ago,2022-10-25T01:25:37.494Z,No,Weekday,1 hr+,301,3672,5,Northern Territory,False,"Was recommended to have a look.
Was very enjoyable.
Early history,
Darwin  Cyclone Tracey,
Boats from the refugees display.
And much more.
Make a $ 5.00 quick card donation  and add more on the way out if you enjoyed it like me.
Thank you.
I'm a tourist.",Museum and Art Gallery of the Northern Territory,4.6,None,None,Positive,
100,Museum,False,True,en,0,a year ago,2024-08-06T05:34:22.235Z,No,Weekday,No wait,12,3672,5,Northern Territory,False,"Love this place,its a must everything I go to darwin,love the art work and the history of cyclone Tracy,the sound room is so surreal and very eerie and quite sad at the same time,can't forget sweetheart the famous crocodile such a tragic tale of such a beautiful but dangerous animal",Museum and Art Gallery of the Northern Territory,4.6,None,None,Negative,
101,Museum,False,True,en,0,a year ago,2024-08-04T02:22:02.735Z,Not sure,Weekday,No wait,239,3672,5,Northern Territory,False,"Great Museum! Enormous boats, animals, history and more. Definitely worth a visit.
Two favourite artworks from the exhibition attached too.",Museum and Art Gallery of the Northern Territory,4.6,None,None,Positive,
102,Museum,False,True,en,0,2 years ago,2023-01-05T11:35:44.281Z,No,Weekday,No wait,159,3672,5,Northern Territory,False,Awesome way to walk off breakfast. Some great art and interesting things to see. Free do accept donations. Wonderful ALPA story spanning 50 years.,Museum and Art Gallery of the Northern Territory,4.6,None,None,Positive,
103,Museum,False,True,en,0,3 years ago,2022-07-01T13:42:18.863Z,None,None,None,21,3672,5,Northern Territory,False,"Outstanding gallery and exhibitions. Maritime museum a must do. Loved it all. Indigenous artwork and Songlines experience do good.
Restaurant amazing. Try the scallops. Beautiful food in a lovely location overlooking the water. Best thing in Darwin.",Museum and Art Gallery of the Northern Territory,4.6,None,None,Positive,
104,Museum,False,True,en,0,3 years ago,2022-06-03T07:18:56.775Z,None,None,None,45,3672,4,Northern Territory,False,"I was really pleased visiting the MAGNT. It’s free to enter, but they also have a tap and go donation point so quite easy to donate just five dollars. I think the museum was really well set up and the exhibits were beautiful. It was a lot more interactive than I expected it to be. Staff at the front desk were also very welcoming and friendly",Museum and Art Gallery of the Northern Territory,4.6,None,None,Positive,
106,Museum,False,True,en,0,2 years ago,2022-12-18T05:09:10.172Z,None,None,None,77,3672,4,Northern Territory,False,Enjoyed so many aspects of this museum. Spent 2 hours mesmerised by amazing Aboriginal paintings etc. Theres cool fossils of ancient large fauna of Australia. Lots to see here. Highly recommend for an easy way to spend some time.,Museum and Art Gallery of the Northern Territory,4.6,None,None,Positive,
107,Museum,False,True,en,0,6 years ago,2019-06-16T07:41:11.518Z,None,None,None,60,3672,5,Northern Territory,False,This museum is rich in its history of the area as well as offers fresh & contemporary works. I absolutely loved the Between the Moon and the Stars exhibit. The Cyclone Tracey exhibit is factual & emotionally evoking. The collection of boats from all parts of Asia & the pacific provide an insight into other cultures fishing & long distance transport practices. The cafe at the museum offers hearty portions of food - I recommend sharing one main meal between two.,Museum and Art Gallery of the Northern Territory,4.6,None,None,Positive,
108,Museum,False,True,en,0,2 years ago,2023-07-19T03:07:45.127Z,No,Weekday,No wait,265,3672,5,Northern Territory,False,"Nice little museum, covers cyclone Tracy, animals, maritime history, Aboriginal art and Darwin history. Free entry and a pretty good spot to take children for an hour or two.",Museum and Art Gallery of the Northern Territory,4.6,None,None,Positive,
109,Museum,False,True,en,0,a year ago,2024-08-15T00:19:10.544Z,No,Weekend,No wait,59,3672,5,Northern Territory,False,"It is a beautiful place with so much to look at. There's a large eating area for a break, and so many informative displays to see.",Museum and Art Gallery of the Northern Territory,4.6,None,None,Positive,
110,Museum,False,True,en,0,2 years ago,2023-09-18T10:43:54.616Z,Yes,Weekday,No wait,298,3672,5,Northern Territory,False,Wonderful museum and it’s free!! The souvenir shop is small but good. They have a nice cafe with good view.,Museum and Art Gallery of the Northern Territory,4.6,None,None,Positive,
111,Museum,False,True,en,0,a year ago,2024-04-14T00:09:01.075Z,Not sure,Weekday,No wait,42,3672,5,Northern Territory,False,"Very well displayed museum. Not too cluttered, flows really well and a good variety to see. Was very pleasantly surprised. Food was really good.",Museum and Art Gallery of the Northern Territory,4.6,None,None,Positive,
112,Museum,False,True,en,0,3 years ago,2022-07-16T06:39:52.089Z,None,None,None,493,3672,5,Northern Territory,False,"Fantastic museum with free entry. I loved how there was art, natural history, boats and a great Cyclone Tracy Museum. This is a great place to learn more about Darwin. All the exhibits were top notch. There's plenty of free parking right there and admission is free.",Museum and Art Gallery of the Northern Territory,4.6,None,None,Positive,
113,Museum,False,True,en,0,a year ago,2024-04-07T09:50:57.549Z,None,Weekend,No wait,29,3672,5,Northern Territory,False,Helpful staff. Fantastic exhibits. Indigenous artwork interesting and informative.  Boat exhibits showed the degree of top end contact with northern neighbours over the years. Great lunch in  the Cafe.,Museum and Art Gallery of the Northern Territory,4.6,None,None,Positive,
114,Museum,False,True,en,0,4 years ago,2021-03-28T07:40:50.133Z,None,None,None,576,3672,5,Northern Territory,False,"Wow, this place was great. Kids loved it and the staff were super friendly. It was free and mostly air conditioned. Do yourself a favor and visit, you will learn a lot.",Museum and Art Gallery of the Northern Territory,4.6,None,None,Positive,
116,Museum,False,True,en,0,4 years ago,2021-01-13T18:16:43.735Z,None,None,None,175,3672,5,Northern Territory,False,Small but wonderful Museum and gallery. Easy to navigate and the Cyclone Tracy exhibition is a must. Lots of beautiful Aboriginal art on display. This is also the perfect place to escape the Darwin heat in the middle of the day.,Museum and Art Gallery of the Northern Territory,4.6,None,None,Positive,
117,Museum,False,True,en,0,3 years ago,2022-05-18T06:35:12.700Z,No,Weekday,No wait,337,3672,4,Northern Territory,False,Free entry so worth a visit. Not much in the way of art more local history than art. Displays of local wildlife was the best part for me.,Museum and Art Gallery of the Northern Territory,4.6,None,None,Positive,
119,Museum,False,True,en,0,5 years ago,2019-11-09T23:04:22.985Z,None,None,None,926,3672,5,Northern Territory,False,"Excellent museum and free. There is art but much more. An area is dedicated to Cyclone Tracy and there is a large crocodile. Dead and stuffed, fear not. All the humanities represented here. Gift shop and ample parking.",Museum and Art Gallery of the Northern Territory,4.6,None,None,Positive,
120,Museum,False,True,en,0,6 years ago,2019-07-23T12:52:37.305Z,None,None,None,125,3672,5,Northern Territory,False,"Don't think this is a dusty old state museum with nothing to see and the only good museums are paid ones. This museum has great exhibits on local animals, eg amazing displays on termites, box jellyfish, snakes etc; minerals, gemstones; and of course the amazing section on Cyclone Tracey! What a great display, loads of info, displays of before and after, examples of whatb the houses were like at the time, great content presented in lots of different ways.

Best of all, this museum is free! I would happily have paid the $45 we paid to go to the Defence of Darwin museum to go to this one. We spent 2 hours here with 3 kids 9, 11, 13 and could easily have stayed longer!",Museum and Art Gallery of the Northern Territory,4.6,None,None,Positive,
121,Museum,False,True,en,0,3 months ago,2025-06-25T10:51:50.261Z,No,Weekend,No wait,394,3672,5,Northern Territory,False,Fantastic museum and free!,Museum and Art Gallery of the Northern Territory,4.6,None,None,Positive,
122,Museum,False,True,en,0,3 years ago,2022-07-16T04:43:42.463Z,None,None,None,35,3672,5,Northern Territory,False,"I enjoyed it immensely. This is not a huge museum, however still very entertaining and informative. A very good exhibit about cyclone Tracy which hit Darwin in 1974 wiping it out. Lots of other things to see as well. Worth a look.",Museum and Art Gallery of the Northern Territory,4.6,None,None,Positive,
124,Museum,False,True,en,0,11 months ago,2024-10-26T08:31:40.711Z,None,None,None,23,3672,5,Northern Territory,False,One of the best place need to visit in Darwin if u want to know more about history and exploring,Museum and Art Gallery of the Northern Territory,4.6,None,None,Positive,
125,Museum,False,True,en,0,2 months ago,2025-06-30T04:16:59.018Z,None,None,None,89,3672,5,Northern Territory,False,Free entry. Cool Ac. Multi works.,Museum and Art Gallery of the Northern Territory,4.6,None,None,Positive,
126,Museum,False,True,en,0,a year ago,2024-05-26T01:53:33.994Z,None,None,None,105,3672,5,Northern Territory,False,"Wow what a great place to visit all you need to know about Darwin's history and animals
Got a great food bar and reception was good too advise you on what's in the place
And nice and cool",Museum and Art Gallery of the Northern Territory,4.6,None,None,Positive,
127,Museum,False,True,en,0,a year ago,2023-10-11T07:28:32.072Z,None,None,None,45,3672,5,Northern Territory,False,"Loved everything about this place, the amazing artwork, the stories behind the artists. The place is well thought out and the displays give the right amount of information. A must when you visit Darwin",Museum and Art Gallery of the Northern Territory,4.6,None,None,Positive,
128,Museum,False,False,en,0,3 years ago,2022-06-28T12:04:52.457Z,None,Weekday,No wait,10,3672,5,Northern Territory,False,"Loved our visit here, on a Tuesday. So much to see. The art gallery and the museum were fascinating. Coffee shop great too. Helpful staff. A must see for Darwin visitors.",Museum and Art Gallery of the Northern Territory,4.6,None,None,Positive,
129,Museum,False,True,en,0,3 years ago,2022-08-08T09:34:53.412Z,None,None,None,748,3672,5,Northern Territory,False,"Escape the afternoon heat and visit a museum with free entry. Interesting exhibitions especially about cyclone Tracey, look at the boats exhibition and they have a nice cafe that even is licensed and under cover.",Museum and Art Gallery of the Northern Territory,4.6,None,None,Positive,
130,Museum,False,True,en,0,2 years ago,2022-09-29T16:40:01.538Z,No,Weekday,No wait,1008,3672,5,Northern Territory,False,"Approximately 12 minutes drive from CBD. Plenty of car parks.  Free admission for Art gallery & museum. Suits a family. Not very large, but very informative and interesting. Learn a lot from art, local history, wildlife, marine life, insects, and archaeology to Cyclone Tracy. Got through photo gallery, there is double automatic doors connected to a showroom of real boats. That's the only one place without air-condition.
Could spend 1-2 hours here. It also has a cafe and souvenir shop inside.",Museum and Art Gallery of the Northern Territory,4.6,None,None,Positive,
131,Museum,False,True,en,0,2 years ago,2023-07-31T06:13:58.099Z,None,None,None,86,3672,4,Northern Territory,False,"I spent an hour meandering through the museum as part of a half day city tour. Really interesting. Just a tip, don't take your coffee into the exhibits no matter what the bus driver says. You'll lose it. The attendants are quick off the mark and ready to take your coffee cup. Might be a plot to get you to go back to the cafe a second time. Ha ha. Lovely venue",Museum and Art Gallery of the Northern Territory,4.6,None,None,Positive,
132,Museum,False,True,en,0,2 years ago,2023-08-07T11:44:50.320Z,No,None,No wait,216,3672,5,Northern Territory,False,"Great place to go to see information about Cyclone Tracy.
The animal exhibition is really interesting as well.",Museum and Art Gallery of the Northern Territory,4.6,None,None,Positive,
134,Museum,False,True,en,0,3 years ago,2022-08-15T08:07:04.366Z,None,None,None,243,3672,5,Northern Territory,False,"Seeing the Art, local animal displays, crocodile 🐊 Sweetheart, aboriginal displays and a fantastic  place too visit 7 days a week & it's Free!! Must see the Cyclone Tracy exhibition 👏👍🥇",Museum and Art Gallery of the Northern Territory,4.6,None,None,Positive,
135,Museum,False,True,en,0,6 years ago,2018-10-13T05:00:17.171Z,None,None,None,132,3672,5,Northern Territory,False,"The star attraction is probably Sweetheart, a nasty saltie which drowned in a fishnet. I really enjoyed the variety of exhibitions detailing Darwin’s history, Cyclone Tracy, and contemporary art gallery. I spent around 2.5hour here. It’s one of the rare free places to enter in Darwin!",Museum and Art Gallery of the Northern Territory,4.6,None,None,Positive,
136,Museum,False,True,en,0,6 years ago,2019-06-02T03:57:31.349Z,None,None,None,390,3672,4,Northern Territory,False,"Great museum to visit. Bus No.4 from CBD. Spacious, informative and cool. Kids friendly, clean toilets. A few sitting spots to enjoy a film or rest, small gift shop, lockers to place bags ($2-returned). Small exhibitionarea at a cost. Free entry, Great investment to gift donation.",Museum and Art Gallery of the Northern Territory,4.6,None,None,Positive,
138,Museum,False,True,en,0,a year ago,2024-06-28T08:34:57.732Z,None,None,None,146,3672,5,Northern Territory,False,This museum and art gallery’s Aboriginal collection must surely vie with the Canberra NGA’s Aboriginal collection as the best in Australia.,Museum and Art Gallery of the Northern Territory,4.6,None,None,Positive,
139,Museum,False,True,en,0,8 years ago,2016-11-19T20:24:26.947Z,None,None,None,55,3672,5,Northern Territory,False,Well worth the visit if you are in Darwin has a very extensive collection of Australian indigenous art (including some Albert Namatjira watercolours). Good displays on cyclone Tracey and territory wildlife. Free also,Museum and Art Gallery of the Northern Territory,4.6,None,None,Positive,
140,Museum,False,True,en,0,2 years ago,2023-07-11T20:37:56.173Z,No,Weekday,No wait,53,3672,5,Northern Territory,False,"Absolutely brilliant. So impressed! Well laid out, plenty of space, clean, informative. Can't believe it was free entry. Had a most enjoyable 1.5 hrs here. Highly recommended.",Museum and Art Gallery of the Northern Territory,4.6,None,None,Positive,
142,Museum,False,False,en,0,3 years ago,2022-09-22T07:31:25.347Z,No,Weekend,No wait,25,3672,5,Northern Territory,False,"So well laid out and so many things to look at.
If you want to know more about Cyclone Tracy this is the place to go.
It is free admission but feel free to donate on departing on arriving.",Museum and Art Gallery of the Northern Territory,4.6,None,None,Positive,
143,Museum,False,True,en,0,7 months ago,2025-02-12T22:50:08.638Z,None,Weekday,None,22,3672,5,Northern Territory,False,"I love the complex, it's interesting, involving and so many exhihibits that make you think.
The cafe is also excellent.",Museum and Art Gallery of the Northern Territory,4.6,None,None,Positive,
145,Museum,False,True,en,0,2 years ago,2023-08-08T11:31:17.231Z,No,Weekday,No wait,282,3672,4,Northern Territory,False,"Was ok. Best thing that separated it from other museums was the Cyclone Tracey exhibit which was very cool.
Free Entry",Museum and Art Gallery of the Northern Territory,4.6,None,None,Positive,
146,Museum,False,True,en,0,2 years ago,2023-09-23T21:24:05.863Z,No,Weekday,No wait,24,3672,5,Northern Territory,False,One of the best museums. All the exhibition made me so humble. So many wonderful things to see. It gave me a better understanding of the country from the Aboriginal perspective.,Museum and Art Gallery of the Northern Territory,4.6,None,None,Positive,
147,Museum,False,True,en,0,11 months ago,2024-10-01T04:23:27.623Z,None,Weekday,None,61,3672,5,Northern Territory,False,"A fascinating and moving series of exhibits, very nicely presented and staffed by helpful and personable staff.",Museum and Art Gallery of the Northern Territory,4.6,None,None,Positive,
148,Museum,False,True,en,0,a year ago,2024-02-06T04:37:50.422Z,No,Weekday,No wait,141,3672,5,Northern Territory,False,"Certainly worth the visit. Small museum focusing on Aboriginal art, cyclone Tracey & Australian fauna.",Museum and Art Gallery of the Northern Territory,4.6,None,None,Positive,
150,Museum,False,True,en,0,4 years ago,2021-01-13T01:50:46.711Z,None,None,None,238,3672,5,Northern Territory,False,"The good burghers of Darwin have made it easy to get here: Bus No 4, leaves from the bus stop outside Woolies on Cavenagh Street, and drops you right at the front door of the museum. It takes only about 20 minutes, perhaps less, in a nice, scenic route. When you’re done with the museum, just hop on the same bus back to Darwin, again, from right outside the front door to the museum - and no, I’m not exaggerating: The stop is outside the front door! Couldn’t be easier. And as if that’s not enough, entrance to the museum is free, and there’s a coterie of pretty young ladies on hand to welcome you. They’re helpful and polite, although, to be honest there isn’t a lot for them to do, apart from asking you to sign in for Covid-safe reasons, and to put your bags in a locker. Still, they do that with a friendly smile and will gladly answer any of your questions. It’s all very laid back and relaxed.

Inside you’ll find a beautifully curated museum and art gallery, that's spacious, airy and easy to move around in. The gallery features Aboriginal art only. I found the works interesting, complex and intricate, some quite colourful, some also with a political message. Just reading the display panels, gives you some idea about the long history, culture and attachment to the land of indigenous people. Quite fascinating as an outsider.

The other four elements of the gallery comprise a natural history section, a maritime section, an exhibition of sound recordings, film and photos about Cyclone Tracy that devastated Darwin on Christmas day 1974, and an exhibition titled “Unruly Days - Territory Life 1911-21” , showcasing Darwin’s anarchic first decade under Commonwealth rule. I enjoyed it all, especially the “Unruly Days” exhibit with it’s extensive collection of old photos, quotes and memorabilia from the period. The Cyclone Tracy Exhibit will also catch your attention, especially if you aren’t familiar with that story.

Next to the reception desk, is the little shop, with the usual collection of souvenirs, books etc, but unfortunately the little cafe is closed.

We enjoyed our first visit so much that we went back again the next day.

In terms of cultural activities, this was the highlight of our visit to Darwin.",Museum and Art Gallery of the Northern Territory,4.6,None,None,Positive,
151,Museum,False,True,en,0,6 years ago,2019-03-26T11:20:59.430Z,None,None,None,62,3672,5,Northern Territory,False,"Awesome.Spend a day,or keep coming back you can find something to study in detail or join the dots in the bigger picture.Darwin on all levels;physical and mental, and in different time periods (like a Mitchiner novel).All the scars revealed and ,here we are...Come get some answers.",Museum and Art Gallery of the Northern Territory,4.6,None,None,Negative,
152,Museum,False,True,en,0,4 years ago,2021-03-03T12:55:11.139Z,None,None,None,237,3672,5,Northern Territory,False,The red bis dropped us off spent1 hour here . Just in time for the bus to pick us up. It showed the devastion of cyclone tracey in 1974 and beautiful fauna ofthe area,Museum and Art Gallery of the Northern Territory,4.6,None,None,Positive,
159,Museum,False,True,en,0,2 years ago,2022-12-27T06:51:15.602Z,No,Public holiday,No wait,379,3672,4,Northern Territory,False,Free entry. Interesting exhibit of cyclone Tracy. Had a great aboriginal art display during my visit.,Museum and Art Gallery of the Northern Territory,4.6,None,None,Positive,
160,Museum,False,True,en,0,4 years ago,2021-06-23T11:55:18.817Z,None,None,None,38,3672,5,Northern Territory,False,Possibly the best Museum I have ever experienced. The breadth and quality of the exhibits is amazing. Congratulations on an amazing experience.,Museum and Art Gallery of the Northern Territory,4.6,None,None,Positive,
161,Museum,False,True,en,0,2 years ago,2022-10-09T07:33:16.821Z,None,None,None,638,3672,5,Northern Territory,False,"Must visit, give the history of Darwin. Beautiful tribute to Cyclone Tracey. Also a delicious cafe attached to the back.",Museum and Art Gallery of the Northern Territory,4.6,None,None,Positive,
165,Museum,False,True,en,0,2 years ago,2023-07-11T03:55:51.538Z,None,None,None,28,3672,5,Northern Territory,False,This is a fantastic place to bring the family lots of interesting displays and some amazing aboriginal art.,Museum and Art Gallery of the Northern Territory,4.6,None,None,Positive,
166,Museum,False,False,en,0,4 years ago,2021-06-01T07:43:50.092Z,None,None,None,519,3672,5,Northern Territory,False,"Astonishing jaw-dropping maritime section and brilliant on natural history; we loved it. Some great audiovisual pieces too, like an aboriginal person talking about his cultural knowledge in the local language, and a room in which to experience cyclone noise. Every section was a delight. Loved it.",Museum and Art Gallery of the Northern Territory,4.6,None,None,Positive,
168,Museum,False,False,en,0,6 years ago,2019-07-07T22:35:19.877Z,None,None,None,4,3672,5,Northern Territory,False,"Great price - free.   Young lady at reception was very pleasant.   Heaps of interesting exhibits!!!  Lots of fun for the kids 4, 6 and 8.  Great coffees and milkshakes.",Museum and Art Gallery of the Northern Territory,4.6,None,None,Positive,
169,Museum,False,False,en,0,a year ago,2024-07-24T02:31:35.731Z,No,Weekday,No wait,9,3672,5,Northern Territory,False,Best museum so interesting cyclone Tracy installation amazing and all for free,Museum and Art Gallery of the Northern Territory,4.6,None,None,Positive,
170,Museum,False,True,en,0,5 years ago,2019-12-16T22:00:18.298Z,None,None,None,47,3672,5,Northern Territory,False,"I really love this museum, awesome, really huge and many things to learn, start from old past until today, in here we can feel about biggest storm in Darwin, that really scary thing, oh God, I pray for people that got impacts, I will give suggestions use your 4hours more here, you don’t need to hurry, and maybe that hours not enough hahaha, oh this is free museum! Thank you Darwin",Museum and Art Gallery of the Northern Territory,4.6,None,None,Positive,
173,Museum,False,False,en,0,2 years ago,2023-08-20T03:41:40.900Z,None,Weekday,No wait,56,3672,5,Northern Territory,False,Brilliant collection of various themes and periods. The curatorial interpretation and signage is great. I especially feel my deepest condolences and sympathy for all the families that endured Cyclone Tracy on 21 Dec 1974 – 26 Dec 1974. I was really impressed with the recording of the events which were so accurate that we were able to find our family name listed in the curation. Credit to the museum for respecting all who had to endure this horrific event. The current indigenous art exhibition was truly wonderful.,Museum and Art Gallery of the Northern Territory,4.6,None,None,Positive,
174,Museum,False,True,en,0,4 years ago,2021-01-05T02:09:28.188Z,None,None,None,501,3672,4,Northern Territory,False,"Good museum with lots of Darwin and the NT history on show. Plenty of parking and free entry.
Worth a look.",Museum and Art Gallery of the Northern Territory,4.6,None,None,Positive,
176,Museum,False,True,en,0,5 years ago,2019-10-16T10:52:54.608Z,None,None,None,228,3672,5,Northern Territory,False,This is a must come since its one of the few free entry places. Cool yourself with the aircon while walking through various exhibitions ranging from aboriginals art to cyclone Tracey and etc,Museum and Art Gallery of the Northern Territory,4.6,None,None,Positive,
178,Museum,False,True,en,0,a year ago,2024-09-19T04:09:30.571Z,No,Weekday,No wait,113,3672,5,Northern Territory,False,"The staffs are very friendly and helpful
Nice museum with free entry",Museum and Art Gallery of the Northern Territory,4.6,None,None,Positive,
179,Museum,False,True,en,0,3 years ago,2022-06-28T03:36:56.478Z,No,Weekday,No wait,89,3672,5,Northern Territory,False,"Great museum, definitely worth checking out. Need at least a couple of hours to see everything. Loved it. So good for a free activity",Museum and Art Gallery of the Northern Territory,4.6,None,None,Positive,
180,Museum,False,True,en,0,6 years ago,2019-05-18T23:20:05.051Z,None,None,None,1144,3672,4,Northern Territory,False,"PaleontologicalNice little museum ans art gallery. It provided a little insight into Darwins past especially, the devestation caused by cyclone Tracy in the 1970's. The paleontological remains are also qute stunning with mini dynasor skeletons avalable to see and offcourse a huge stuffed  Crocodile. The indeginous art is amazing and there are temporary exhibits that are also on (payed) The best part is that the museum is FREE to visit.",Museum and Art Gallery of the Northern Territory,4.6,None,None,Positive,
181,Museum,False,True,en,0,6 years ago,2019-04-20T01:46:44.271Z,None,None,None,76,3672,5,Northern Territory,False,Excellent well worth the visit  and it was good to see they have upgraded some exhibits and added some new things.,Museum and Art Gallery of the Northern Territory,4.6,None,None,Positive,
182,Museum,False,True,en,0,5 years ago,2020-03-07T16:01:06.150Z,None,None,None,847,3672,5,Northern Territory,False,"A free museum that offers a lot of explanations on Darwin and it's history. There are also a lot of arts exhibited inside.
That's one of the place that can't be missed while visiting Darwin.",Museum and Art Gallery of the Northern Territory,4.6,None,None,Positive,
183,Museum,False,True,en,0,3 years ago,2022-05-10T11:03:39.592Z,None,None,None,64,3672,5,Northern Territory,False,Definitely worth seeing when in Darwin. The stories and photos of the cyclone are unbelievable and don’t forget to meet sweetheart when here,Museum and Art Gallery of the Northern Territory,4.6,None,None,Positive,
184,Museum,False,True,en,0,3 years ago,2021-11-30T01:08:41.424Z,None,None,None,25,3672,5,Northern Territory,False,Excellent presentation of NT history and Culture. Opportunity to understand the devastation caused by cyclone Tracy. It's also free entry.,Museum and Art Gallery of the Northern Territory,4.6,None,None,Positive,
188,Museum,False,True,en,0,Edited 11 months ago,2024-10-22T15:57:13.488Z,None,None,None,629,3672,4,Northern Territory,False,A small but interesting museum with  indigenous art and well presented natural history. Good restaurant. Shame the hurricane exhibition was closed,Museum and Art Gallery of the Northern Territory,4.6,None,None,Positive,
189,Museum,False,True,en,0,2 years ago,2023-08-06T08:31:18.610Z,No,Weekday,No wait,207,3672,5,Northern Territory,False,So interesting. Great Gallery and Museum. Terrific gift shop too. Awesome visit.,Museum and Art Gallery of the Northern Territory,4.6,None,None,Positive,
193,Museum,False,True,en,0,2 years ago,2023-03-01T02:32:22.187Z,Not sure,Weekday,No wait,59,3672,4,Northern Territory,False,It was quite a good experience. The arrangements are perfect and the historic pictures do take you back to the time.,Museum and Art Gallery of the Northern Territory,4.6,None,None,Positive,
195,Museum,False,True,en,0,3 years ago,2022-07-18T04:49:02.759Z,None,None,None,411,3672,5,Northern Territory,False,"Worth a visit.
More the top end story. The natural history of critters and creatures. A small collection of art. An extensive record of cyclone Tracy.",Museum and Art Gallery of the Northern Territory,4.6,None,None,Positive,
197,Museum,False,True,en,0,a year ago,2024-04-29T07:54:05.995Z,No,Weekend,No wait,134,3672,4,Northern Territory,False,Various rooms with eclectic art. The Cyclone Tracey exhibit was very interesting and confronting. Worth a visit.,Museum and Art Gallery of the Northern Territory,4.6,None,None,Positive,
198,Museum,False,True,en,0,6 months ago,2025-03-19T08:58:42.674Z,No,Weekday,No wait,136,3672,5,Northern Territory,False,"Well worth the time spent, plenty to see",Museum and Art Gallery of the Northern Territory,4.6,None,None,Positive,
0,National park,False,True,en,0,4 weeks ago,2025-08-23T07:02:29.280Z,None,None,None,11,302,5,Northern Territory,False,"3.5 stars.
The WWII Explosive Storages are located in the park. One exhibition is just located near the entrance. Free of charge. No security guard.
Go a bit futher, it's the park with BBQ/Picnic area. Enough carparks. There is an outlook - looking the city ot Darwin by using binoculars.
Have bike trails and  3 levels of walking trails.
Beware of insects.",Charles Darwin National Park,4.2,None,None,Positive,0.0
1,National park,False,True,en,0,a month ago,2025-08-19T22:33:03.874Z,None,None,None,96,302,4,Northern Territory,False,Fantastic for mountain bike trail riding,Charles Darwin National Park,4.2,None,None,Positive,1.0
2,National park,False,False,en,0,a month ago,2025-08-18T14:23:27.409Z,None,None,None,8,302,3,Northern Territory,False,Do not go without bug spray!!!!,Charles Darwin National Park,4.2,None,None,Neutral,2.0
3,National park,False,True,en,0,a month ago,2025-08-07T12:46:09.702Z,None,None,None,471,302,5,Northern Territory,False,"Why indeed Charles Darwin again? The reknowned man & naturalist never set foot in Darwin. The city, the University & this park & God knows what else is named after him...Kinda scratching my head that the thriving heart of indigenous Australia is in NT - that so many places still have colonial hangover names. Global iconic places & cities have rebadged themselves after being historically known for centuries by a different name...Sorry - I digress... This free entry smaller park is historically significant & close to city of Darwin, with cycling & walking trails, BBQ & picnic facilities & toilets near the city views Lookout (& possibly elsewhere) with hidden WW2 bunkers for ammunition & provisions scattered around. It is still used for artillery practice by sounds of gunfire fairly close by on the day of our drive through 26/7/25 guided Tour with short stopovers. Dry season - park is rather browned off but green in certain parts. Hopefully you have sprayed yourself with insect repellant before visiting!",Charles Darwin National Park,4.2,None,None,Positive,3.0
4,National park,False,True,en,0,a month ago,2025-07-24T11:54:56.542Z,None,None,None,115,302,3,Northern Territory,False,Sand flies wear bug spray,Charles Darwin National Park,4.2,None,None,Neutral,4.0
5,National park,False,True,en,0,2 months ago,2025-07-13T11:27:22.976Z,None,None,None,55,302,4,Northern Territory,False,Interesting walking track: best in cooler times of day.,Charles Darwin National Park,4.2,None,None,Positive,5.0
6,National park,False,True,en,0,2 months ago,2025-07-08T23:50:59.485Z,None,None,None,36,302,4,Northern Territory,False,"3.5 stars.
The WWII Explosive Storages are located in the park. One exhibition is just located near the entrance. Free of charge. No security guard.
Go a bit futher, it's the park with BBQ/Picnic area. Enough carparks. There is an outlook - looking the city ot Darwin by using binoculars.
Have bike trails and  3 levels of walking trails.
Beware of insects.",Charles Darwin National Park,4.2,None,None,Positive,6.0
7,National park,False,True,en,0,3 months ago,2025-06-15T00:28:20.279Z,None,None,None,352,302,5,Northern Territory,False,WW2 exhibits are interesting but not much else to offer,Charles Darwin National Park,4.2,None,None,Positive,7.0
8,National park,False,True,en,0,4 months ago,2025-05-06T07:41:00.262Z,None,None,None,61,302,3,Northern Territory,False,"3.5 stars.
The WWII Explosive Storages are located in the park. One exhibition is just located near the entrance. Free of charge. No security guard.
Go a bit futher, it's the park with BBQ/Picnic area. Enough carparks. There is an outlook - looking the city ot Darwin by using binoculars.
Have bike trails and  3 levels of walking trails.
Beware of insects.",Charles Darwin National Park,4.2,None,None,Neutral,8.0
9,National park,False,True,en,0,4 months ago,2025-05-01T02:26:59.066Z,None,None,None,50,302,5,Northern Territory,False,"Quite interesting, great views back to Darwin city, some interesting war history. Do not go to this park without bug spray!",Charles Darwin National Park,4.2,None,None,Positive,9.0
10,National park,False,True,en,0,5 months ago,2025-04-20T01:32:30.959Z,None,None,None,79,302,5,Northern Territory,False,Extraordinary historical site.,Charles Darwin National Park,4.2,None,None,Positive,10.0
11,National park,False,True,en,0,5 months ago,2025-03-27T04:52:58.041Z,None,None,None,132,302,4,Northern Territory,False,Great pk for a day out with views to Darwin city,Charles Darwin National Park,4.2,None,None,Positive,11.0
12,National park,False,True,en,0,8 months ago,2025-01-06T23:24:50.155Z,None,None,None,17,302,5,Northern Territory,False,"3.5 stars.
The WWII Explosive Storages are located in the park. One exhibition is just located near the entrance. Free of charge. No security guard.
Go a bit futher, it's the park with BBQ/Picnic area. Enough carparks. There is an outlook - looking the city ot Darwin by using binoculars.
Have bike trails and  3 levels of walking trails.
Beware of insects.",Charles Darwin National Park,4.2,None,None,Positive,12.0
13,National park,False,True,en,0,10 months ago,2024-10-28T02:00:33.743Z,None,None,None,8,302,3,Northern Territory,False,"3.5 stars.
The WWII Explosive Storages are located in the park. One exhibition is just located near the entrance. Free of charge. No security guard.
Go a bit futher, it's the park with BBQ/Picnic area. Enough carparks. There is an outlook - looking the city ot Darwin by using binoculars.
Have bike trails and  3 levels of walking trails.
Beware of insects.",Charles Darwin National Park,4.2,None,None,Neutral,13.0
14,National park,False,True,en,0,10 months ago,2024-10-26T11:40:35.755Z,None,None,None,316,302,5,Northern Territory,False,"Brilliant place. Beautiful flowers and great landscaping, some of the trees were amazing. We also loved the Dragon and the giant crocodile.",Charles Darwin National Park,4.2,None,None,Positive,14.0
15,National park,False,True,en,0,11 months ago,2024-10-13T11:14:29.731Z,None,None,None,19,302,5,Northern Territory,False,"3.5 stars.
The WWII Explosive Storages are located in the park. One exhibition is just located near the entrance. Free of charge. No security guard.
Go a bit futher, it's the park with BBQ/Picnic area. Enough carparks. There is an outlook - looking the city ot Darwin by using binoculars.
Have bike trails and  3 levels of walking trails.
Beware of insects.",Charles Darwin National Park,4.2,None,None,Positive,15.0
16,National park,False,True,en,0,11 months ago,2024-09-25T22:31:08.571Z,None,None,None,21,302,3,Northern Territory,False,"3.5 stars.
The WWII Explosive Storages are located in the park. One exhibition is just located near the entrance. Free of charge. No security guard.
Go a bit futher, it's the park with BBQ/Picnic area. Enough carparks. There is an outlook - looking the city ot Darwin by using binoculars.
Have bike trails and  3 levels of walking trails.
Beware of insects.",Charles Darwin National Park,4.2,None,None,Neutral,16.0
17,National park,False,True,en,0,Edited a year ago,2024-08-06T06:49:36.120Z,None,None,None,331,302,5,Northern Territory,False,Beautiful place to visit,Charles Darwin National Park,4.2,None,None,Positive,17.0
18,National park,False,True,en,0,a year ago,2024-07-09T13:36:20.777Z,None,None,None,55,302,3,Northern Territory,False,"Great close to buffalo beach my home, dorm rooms, also cruising",Charles Darwin National Park,4.2,None,None,Positive,18.0
19,National park,False,False,en,0,a year ago,2024-07-03T08:57:38.079Z,None,None,None,6,302,1,Northern Territory,False,"3.5 stars.
The WWII Explosive Storages are located in the park. One exhibition is just located near the entrance. Free of charge. No security guard.
Go a bit futher, it's the park with BBQ/Picnic area. Enough carparks. There is an outlook - looking the city ot Darwin by using binoculars.
Have bike trails and  3 levels of walking trails.
Beware of insects.",Charles Darwin National Park,4.2,None,None,Negative,19.0
20,National park,False,True,en,0,a year ago,2024-07-02T12:16:53.949Z,None,None,None,33,302,5,Northern Territory,False,Great views,Charles Darwin National Park,4.2,None,None,Positive,20.0
21,National park,False,True,en,0,a year ago,2024-07-01T13:38:38.392Z,None,None,None,8,302,2,Northern Territory,False,"3.5 stars.
The WWII Explosive Storages are located in the park. One exhibition is just located near the entrance. Free of charge. No security guard.
Go a bit futher, it's the park with BBQ/Picnic area. Enough carparks. There is an outlook - looking the city ot Darwin by using binoculars.
Have bike trails and  3 levels of walking trails.
Beware of insects.",Charles Darwin National Park,4.2,None,None,Negative,21.0
22,National park,False,False,en,0,a year ago,2024-06-22T00:21:53.454Z,None,None,None,13,302,5,Northern Territory,False,"3.5 stars.
The WWII Explosive Storages are located in the park. One exhibition is just located near the entrance. Free of charge. No security guard.
Go a bit futher, it's the park with BBQ/Picnic area. Enough carparks. There is an outlook - looking the city ot Darwin by using binoculars.
Have bike trails and  3 levels of walking trails.
Beware of insects.",Charles Darwin National Park,4.2,None,None,Positive,22.0
23,National park,False,False,en,0,a year ago,2024-06-07T03:32:58.359Z,None,None,None,5,302,5,Northern Territory,False,Loved it,Charles Darwin National Park,4.2,None,None,Positive,23.0
24,National park,False,True,en,0,a year ago,2024-05-14T06:18:37.932Z,None,None,None,154,302,4,Northern Territory,False,"3.5 stars.
The WWII Explosive Storages are located in the park. One exhibition is just located near the entrance. Free of charge. No security guard.
Go a bit futher, it's the park with BBQ/Picnic area. Enough carparks. There is an outlook - looking the city ot Darwin by using binoculars.
Have bike trails and  3 levels of walking trails.
Beware of insects.",Charles Darwin National Park,4.2,None,None,Positive,24.0
25,National park,False,True,en,0,a year ago,2024-05-06T23:04:04.997Z,None,None,None,970,302,5,Northern Territory,False,Beautiful outdoor nature reserve right on the edge of Darwin city with great views of Darwin. Ww2 munition bunkers lay scattered around with information signage. Great spot for outdoor health activities. All free for the visitors.,Charles Darwin National Park,4.2,None,None,Positive,25.0
26,National park,False,True,en,0,Edited a year ago,2024-04-02T08:22:48.141Z,None,None,None,540,302,4,Northern Territory,False,"3.5 stars.
The WWII Explosive Storages are located in the park. One exhibition is just located near the entrance. Free of charge. No security guard.
Go a bit futher, it's the park with BBQ/Picnic area. Enough carparks. There is an outlook - looking the city ot Darwin by using binoculars.
Have bike trails and  3 levels of walking trails.
Beware of insects.",Charles Darwin National Park,4.2,None,None,Positive,26.0
27,National park,False,False,en,0,a year ago,2024-03-04T09:40:37.233Z,None,None,None,7,302,4,Northern Territory,False,"3.5 stars.
The WWII Explosive Storages are located in the park. One exhibition is just located near the entrance. Free of charge. No security guard.
Go a bit futher, it's the park with BBQ/Picnic area. Enough carparks. There is an outlook - looking the city ot Darwin by using binoculars.
Have bike trails and  3 levels of walking trails.
Beware of insects.",Charles Darwin National Park,4.2,None,None,Positive,27.0
28,National park,False,True,en,0,a year ago,2024-03-04T06:00:12.671Z,None,None,None,35,302,5,Northern Territory,False,Awesome place to adventure hike. Great War history,Charles Darwin National Park,4.2,None,None,Positive,28.0
29,National park,False,True,en,0,a year ago,2024-01-08T09:24:01.547Z,None,None,None,83,302,5,Northern Territory,False,Imaizing city view. Quite and resources full,Charles Darwin National Park,4.2,None,None,Positive,29.0
30,National park,False,True,en,0,a year ago,2023-12-13T02:01:57.777Z,None,None,None,29,302,3,Northern Territory,False,A comparatively small national park. There is a small war museum on the way uphill. Some parking lots at the destination and picnicking facilities. There is a great view of the city from there.,Charles Darwin National Park,4.2,None,None,Positive,30.0
31,National park,False,False,en,0,a year ago,2023-12-09T08:30:29.055Z,None,None,None,16,302,4,Northern Territory,False,"3.5 stars.
The WWII Explosive Storages are located in the park. One exhibition is just located near the entrance. Free of charge. No security guard.
Go a bit futher, it's the park with BBQ/Picnic area. Enough carparks. There is an outlook - looking the city ot Darwin by using binoculars.
Have bike trails and  3 levels of walking trails.
Beware of insects.",Charles Darwin National Park,4.2,None,None,Positive,31.0
32,National park,False,True,en,0,a year ago,2023-11-17T03:25:05.091Z,None,None,None,66,302,5,Northern Territory,False,"3.5 stars.
The WWII Explosive Storages are located in the park. One exhibition is just located near the entrance. Free of charge. No security guard.
Go a bit futher, it's the park with BBQ/Picnic area. Enough carparks. There is an outlook - looking the city ot Darwin by using binoculars.
Have bike trails and  3 levels of walking trails.
Beware of insects.",Charles Darwin National Park,4.2,None,None,Positive,32.0
33,National park,False,True,en,0,2 years ago,2023-09-19T01:43:02.827Z,None,None,None,902,302,4,Northern Territory,False,"A mountain biking park near the centre of Darwin. Quite the surprise. Very dry, good views of the city. Interesting 2nd world war history. I reckon one of the best displays we saw around Darwin and it's free of course. The place felt very quiet like people didn't think it was worth visiting. I reckon it is a great place for a picnic. Green grass, places to sit. No one else around. Lovely",Charles Darwin National Park,4.2,None,None,Positive,33.0
34,National park,False,True,en,0,2 years ago,2023-09-09T11:39:18.139Z,None,None,None,785,302,3,Northern Territory,False,Not a great deal to see and paths poorly signposted,Charles Darwin National Park,4.2,None,None,Negative,34.0
35,National park,False,True,en,0,2 years ago,2023-09-07T12:16:30.902Z,None,None,None,738,302,5,Northern Territory,False,City lookout,Charles Darwin National Park,4.2,None,None,Neutral,35.0
36,National park,False,True,en,0,Edited 2 years ago,2023-08-30T01:29:35.941Z,None,None,None,63,302,4,Northern Territory,False,"A fantastic destination to explore World War II history, soak in panoramic views of Darwin, and indulge your cycling passion. The area offers a walking trail for brief bush walks, perfect for enthusiasts. If you haven't been, consider planning a visit to the national park – the experience is truly invaluable.",Charles Darwin National Park,4.2,None,None,Positive,36.0
37,National park,False,True,en,0,2 years ago,2023-08-27T01:41:16.227Z,None,None,None,17,302,5,Northern Territory,False,Went mountain biking here. Was very beginner friendly with some more advanced options. Was lucky enough to get a tour from a local group.,Charles Darwin National Park,4.2,None,None,Positive,37.0
38,National park,False,True,en,0,2 years ago,2023-08-24T05:33:19.775Z,None,None,None,292,302,5,Northern Territory,False,Educational.,Charles Darwin National Park,4.2,None,None,Positive,38.0
39,National park,False,True,en,0,2 years ago,2023-08-16T12:00:41.549Z,None,None,None,14,302,3,Northern Territory,False,"3.5 stars.
The WWII Explosive Storages are located in the park. One exhibition is just located near the entrance. Free of charge. No security guard.
Go a bit futher, it's the park with BBQ/Picnic area. Enough carparks. There is an outlook - looking the city ot Darwin by using binoculars.
Have bike trails and  3 levels of walking trails.
Beware of insects.",Charles Darwin National Park,4.2,None,None,Neutral,39.0
40,National park,False,True,en,0,2 years ago,2023-08-14T11:02:57.419Z,None,None,None,35,302,4,Northern Territory,False,"Not bad parklands, good views, all the old military bunkers on the trails",Charles Darwin National Park,4.2,None,None,Positive,40.0
41,National park,False,True,en,0,2 years ago,2023-07-25T06:15:07.753Z,None,None,None,139,302,5,Northern Territory,False,"3.5 stars.
The WWII Explosive Storages are located in the park. One exhibition is just located near the entrance. Free of charge. No security guard.
Go a bit futher, it's the park with BBQ/Picnic area. Enough carparks. There is an outlook - looking the city ot Darwin by using binoculars.
Have bike trails and  3 levels of walking trails.
Beware of insects.",Charles Darwin National Park,4.2,None,None,Positive,41.0
42,National park,False,True,en,0,2 years ago,2023-07-24T21:37:20.827Z,None,None,None,29,302,5,Northern Territory,False,"Only a short drive from the CBD, and yet it feels quite away from everything once you're there, a very informative WW2 display along with historical building. Further up the hill, you will find a perfect picnic or event spot with a few undercover areas with toilets nearby, plenty of parking and coupled together with a look that beautifully overlooks lush flora  and presents a wonderful panoramic view of the city itself. I would recommend this place for anyone who either wants somewhere nice for an event or just that place for a piece of mind and respite.

Charles Darwin National Park is also generally quiet or empty most times, so if you or someone you know have sensory issues, social anxiety, or any other issue, and want to go to a park but fear being over stimulated or overwhelmed, this place is perfect for you to be able to have piece of mind that you can go and relax without the worry of the previously mentioned situation.",Charles Darwin National Park,4.2,None,None,Positive,42.0
43,National park,False,True,en,0,2 years ago,2023-07-19T07:17:47.271Z,None,None,None,265,302,5,Northern Territory,False,"3.5 stars.
The WWII Explosive Storages are located in the park. One exhibition is just located near the entrance. Free of charge. No security guard.
Go a bit futher, it's the park with BBQ/Picnic area. Enough carparks. There is an outlook - looking the city ot Darwin by using binoculars.
Have bike trails and  3 levels of walking trails.
Beware of insects.",Charles Darwin National Park,4.2,None,None,Positive,43.0
44,National park,False,True,en,0,2 years ago,2023-07-18T23:17:55.859Z,None,None,None,106,302,5,Northern Territory,False,"Close to Darwin but not developed for tourism. Great walking and biking trails of almost any length. WWII historical site, with an information bunker. Picnic area with water, toilets and viewpoint over the mangrove forest that is the key feature of the park.",Charles Darwin National Park,4.2,None,None,Positive,44.0
45,National park,False,True,en,0,2 years ago,2023-07-11T18:48:33.949Z,None,None,None,207,302,5,Northern Territory,False,Beautiful view of the city. Great historical sites.,Charles Darwin National Park,4.2,None,None,Positive,45.0
46,National park,False,True,en,0,2 years ago,2023-07-11T05:52:19.401Z,None,None,None,51,302,5,Northern Territory,False,"Interesting visit!
WWll memorials",Charles Darwin National Park,4.2,None,None,Positive,46.0
47,National park,False,False,en,0,2 years ago,2023-07-07T08:22:14.240Z,None,None,None,6,302,5,Northern Territory,False,"3.5 stars.
The WWII Explosive Storages are located in the park. One exhibition is just located near the entrance. Free of charge. No security guard.
Go a bit futher, it's the park with BBQ/Picnic area. Enough carparks. There is an outlook - looking the city ot Darwin by using binoculars.
Have bike trails and  3 levels of walking trails.
Beware of insects.",Charles Darwin National Park,4.2,None,None,Positive,47.0
48,National park,False,True,en,0,2 years ago,2023-06-28T09:56:19.765Z,None,None,None,74,302,4,Northern Territory,False,It was cool to look around.,Charles Darwin National Park,4.2,None,None,Positive,48.0
49,National park,False,True,en,0,2 years ago,2023-06-15T22:23:11.347Z,None,None,None,398,302,4,Northern Territory,False,"Charles Darwin National Park is a significant protected area located in the Northern Territory of Australia. Named after the renowned British naturalist Charles Darwin, this national park encompasses diverse ecosystems and showcases the region's unique wildlife and natural beauty. It is situated approximately 4 kilometers southeast of the city of Darwin, the capital of the Northern Territory.

The park covers an area of over 1,400 hectares and comprises a variety of habitats, including monsoon forests, woodlands, and coastal environments. This diversity of landscapes fosters a rich array of flora and fauna, making it an excellent destination for nature enthusiasts and researchers alike.

One of the key features of Charles Darwin National Park is its cultural heritage. The area holds great significance for the local Larrakia Aboriginal people, who have a deep connection to the land and its resources. The park is home to several sacred sites and ancient Aboriginal rock art, which serve as a testament to the rich cultural history of the area.

The park provides visitors with a range of recreational activities and experiences. There are numerous walking trails that wind through the park, offering opportunities for visitors to explore the different habitats and appreciate the diverse plant and animal life. The park is particularly popular for birdwatching, with over 120 species of birds recorded in the area. Visitors may also encounter reptiles, mammals, and a variety of plant species during their explorations.

In addition to its natural and cultural significance, Charles Darwin National Park offers panoramic views of the city of Darwin, its harbor, and the surrounding landscapes. The park's lookout points provide breathtaking vistas and photo opportunities, especially during sunrise and sunset.

To ensure the preservation of the park's ecosystems and heritage, the management of Charles Darwin National Park focuses on conservation and education. Efforts are made to protect the native flora and fauna, control invasive species, and maintain the delicate balance of the ecosystems within the park.

Overall, Charles Darwin National Park serves as a gateway to the natural wonders and cultural heritage of the Northern Territory. Its proximity to the city of Darwin makes it easily accessible for visitors seeking to immerse themselves in the beauty and diversity of Australia's unique landscapes, while also gaining insights into the region's rich indigenous culture.",Charles Darwin National Park,4.2,None,None,Positive,49.0
50,National park,False,True,en,0,2 years ago,2023-06-03T03:23:26.970Z,None,None,None,131,302,2,Northern Territory,False,Very few people there when we went,Charles Darwin National Park,4.2,None,None,Negative,50.0
51,National park,False,True,en,0,2 years ago,2023-05-30T11:10:03.248Z,None,None,None,61,302,5,Northern Territory,False,Well presented and preserved,Charles Darwin National Park,4.2,None,None,Neutral,51.0
52,National park,False,True,en,0,2 years ago,2023-05-28T10:46:32.126Z,None,None,None,112,302,5,Northern Territory,False,"Charles Darwin National Park is a small gem close to the centre of Darwin.

The park has national significance for its ecological diversity and Aboriginal and World War II history.

It also protects part of the Port Darwin wetland, one of Australia's most important wetlands.

In the park are 36 of the Territory's 51 mangrove species.

Mountain bike riders can enjoy Darwin's best network of tracks and access the many fire break paths through the bushland.

The lookout platform has sweeping views of Darwin's ever developing skyline.

Historic sites are scattered through the park and there's a World War II display where you can learn about Darwin's role in the Pacific War.

Shell middens in the park suggest the Larrakia people have used this land for many thousands of years.

Remember to wear protective clothing and apply insect repellent.

Travel along Tiger Brennan Drive. Entry is at Winnellie, opposite Bowen Road.

Follow the one-way road signs in the park.

The park is only 5.5km from the city and an easy ride for cyclists.",Charles Darwin National Park,4.2,None,None,Positive,52.0
53,National park,False,True,en,0,2 years ago,2023-05-10T13:32:55.915Z,None,None,None,2,302,5,Northern Territory,False,"3.5 stars.
The WWII Explosive Storages are located in the park. One exhibition is just located near the entrance. Free of charge. No security guard.
Go a bit futher, it's the park with BBQ/Picnic area. Enough carparks. There is an outlook - looking the city ot Darwin by using binoculars.
Have bike trails and  3 levels of walking trails.
Beware of insects.",Charles Darwin National Park,4.2,None,None,Positive,53.0
54,National park,False,True,en,0,2 years ago,2023-04-11T07:40:26.010Z,None,None,None,43,302,5,Northern Territory,False,"3.5 stars.
The WWII Explosive Storages are located in the park. One exhibition is just located near the entrance. Free of charge. No security guard.
Go a bit futher, it's the park with BBQ/Picnic area. Enough carparks. There is an outlook - looking the city ot Darwin by using binoculars.
Have bike trails and  3 levels of walking trails.
Beware of insects.",Charles Darwin National Park,4.2,None,None,Positive,54.0
55,National park,False,True,en,0,Edited 2 years ago,2023-04-03T03:06:02.278Z,None,None,None,74,302,1,Northern Territory,False,"Do not go here if you don't want to be eaten alive by bugs.

There are bugs everywhere, especially mosquitos and flies that bite you.

There is a beautiful view of Darwin City at the end of the park but it was tough to enjoy it.",Charles Darwin National Park,4.2,None,None,Positive,55.0
56,National park,False,False,en,0,2 years ago,2023-03-26T14:01:16.723Z,None,None,None,20,302,4,Northern Territory,False,"3.5 stars.
The WWII Explosive Storages are located in the park. One exhibition is just located near the entrance. Free of charge. No security guard.
Go a bit futher, it's the park with BBQ/Picnic area. Enough carparks. There is an outlook - looking the city ot Darwin by using binoculars.
Have bike trails and  3 levels of walking trails.
Beware of insects.",Charles Darwin National Park,4.2,None,None,Positive,56.0
57,National park,False,False,en,0,2 years ago,2023-03-09T09:00:43.007Z,None,None,None,113,302,5,Northern Territory,False,"3.5 stars.
The WWII Explosive Storages are located in the park. One exhibition is just located near the entrance. Free of charge. No security guard.
Go a bit futher, it's the park with BBQ/Picnic area. Enough carparks. There is an outlook - looking the city ot Darwin by using binoculars.
Have bike trails and  3 levels of walking trails.
Beware of insects.",Charles Darwin National Park,4.2,None,None,Positive,57.0
58,National park,False,False,en,0,2 years ago,2023-03-06T00:40:34.531Z,None,None,None,148,302,5,Northern Territory,False,Worth the effort,Charles Darwin National Park,4.2,None,None,Positive,58.0
59,National park,False,True,en,0,2 years ago,2023-03-05T04:39:55.545Z,None,None,None,252,302,5,Northern Territory,False,Well worth the visit,Charles Darwin National Park,4.2,None,None,Positive,59.0
60,National park,False,True,en,0,2 years ago,2023-02-28T02:27:05.164Z,None,None,None,21,302,5,Northern Territory,False,Plenty too see. Wildlife everywhere. Old bombing shelters are a cool touch,Charles Darwin National Park,4.2,None,None,Positive,60.0
61,National park,False,True,en,0,Edited 2 years ago,2023-02-08T03:01:56.666Z,None,None,None,718,302,4,Northern Territory,False,"Ampio e suggestivo parco nazionale. Potete vagare per ore e incontrare tanta natura e animali incredibili. Portatevi il costume e godetevi le pozze d'acqua facendo attenzione ai coccodrilli.
Peccato il tanto alluminio delle strutture ricettive come pergole e panchine che poco legano con l'ambiente.
Chi vuol fare escursioni in questo parco è bene che tenga conto che ampie zone dello stesso sono prive di segnale telefonico o connessione internet. Oltretutto, in caso di emergenza, non esistono centri di assistenza o modi per segnalare incidenti. Fate attenzione!",Charles Darwin National Park,4.2,None,None,Neutral,61.0
62,National park,False,False,en,0,2 years ago,2023-01-23T06:08:53.690Z,None,None,None,2,302,5,Northern Territory,False,nice,Charles Darwin National Park,4.2,None,None,Positive,62.0
63,National park,False,True,en,0,2 years ago,2023-01-18T06:40:34.166Z,None,None,None,16,302,5,Northern Territory,False,Beautiful bushland view to use as a backdrop for my subject photography,Charles Darwin National Park,4.2,None,None,Positive,63.0
64,National park,False,True,en,0,2 years ago,2022-12-16T22:01:37.738Z,None,None,None,290,302,5,Northern Territory,False,Beautiful park in Darwin.,Charles Darwin National Park,4.2,None,None,Positive,64.0
65,National park,False,True,en,0,2 years ago,2022-11-22T06:58:27.444Z,None,None,None,625,302,4,Northern Territory,False,"3.5 stars.
The WWII Explosive Storages are located in the park. One exhibition is just located near the entrance. Free of charge. No security guard.
Go a bit futher, it's the park with BBQ/Picnic area. Enough carparks. There is an outlook - looking the city ot Darwin by using binoculars.
Have bike trails and  3 levels of walking trails.
Beware of insects.",Charles Darwin National Park,4.2,None,None,Positive,65.0
66,National park,False,True,en,0,2 years ago,2022-10-30T09:37:26.741Z,None,None,None,66,302,5,Northern Territory,False,"A great park, well maintained and interesting history",Charles Darwin National Park,4.2,None,None,Positive,66.0
67,National park,False,True,en,0,2 years ago,2022-10-14T05:06:13.098Z,None,None,None,50,302,5,Northern Territory,False,Great place for day picnic and lookout Darwin.,Charles Darwin National Park,4.2,None,None,Positive,67.0
68,National park,False,True,en,0,2 years ago,2022-10-03T05:56:33.687Z,None,None,None,1007,302,4,Northern Territory,False,"3.5 stars.
The WWII Explosive Storages are located in the park. One exhibition is just located near the entrance. Free of charge. No security guard.
Go a bit futher, it's the park with BBQ/Picnic area. Enough carparks. There is an outlook - looking the city ot Darwin by using binoculars.
Have bike trails and  3 levels of walking trails.
Beware of insects.",Charles Darwin National Park,4.2,None,None,Positive,68.0
69,National park,False,False,en,0,2 years ago,2022-09-25T09:58:40.090Z,None,None,None,329,302,4,Northern Territory,False,"Lovely views and well set up for walks, bikes etc. Well worth a visit",Charles Darwin National Park,4.2,None,None,Positive,69.0
70,National park,False,True,en,0,3 years ago,2022-08-26T03:15:26.343Z,None,None,None,25,302,4,Northern Territory,False,"3.5 stars.
The WWII Explosive Storages are located in the park. One exhibition is just located near the entrance. Free of charge. No security guard.
Go a bit futher, it's the park with BBQ/Picnic area. Enough carparks. There is an outlook - looking the city ot Darwin by using binoculars.
Have bike trails and  3 levels of walking trails.
Beware of insects.",Charles Darwin National Park,4.2,None,None,Positive,70.0
71,National park,False,True,en,0,3 years ago,2022-08-22T03:41:28.195Z,None,None,None,42,302,5,Northern Territory,False,"3.5 stars.
The WWII Explosive Storages are located in the park. One exhibition is just located near the entrance. Free of charge. No security guard.
Go a bit futher, it's the park with BBQ/Picnic area. Enough carparks. There is an outlook - looking the city ot Darwin by using binoculars.
Have bike trails and  3 levels of walking trails.
Beware of insects.",Charles Darwin National Park,4.2,None,None,Positive,71.0
72,National park,False,True,en,0,3 years ago,2022-08-08T22:24:38.601Z,None,None,None,32,302,5,Northern Territory,False,Great place for mozzies. It's a nature venue. So it's lovely. Just take the mozzie repellent. Boys riding bikes through the venue. The same boys I bought pizza for.,Charles Darwin National Park,4.2,None,None,Positive,72.0
73,National park,False,True,en,0,3 years ago,2022-08-07T09:32:32.341Z,None,None,None,56,302,4,Northern Territory,False,Very interesting look back at our history,Charles Darwin National Park,4.2,None,None,Positive,73.0
74,National park,False,True,en,0,3 years ago,2022-07-27T10:29:49.229Z,None,None,None,1483,302,5,Northern Territory,False,"A great place for mountain biking, walking and birding. I saw the Varied Lorikeets and Mangrove Robin here.",Charles Darwin National Park,4.2,None,None,Positive,74.0
75,National park,False,True,en,0,3 years ago,2022-07-23T08:17:00.412Z,None,None,None,509,302,4,Northern Territory,False,I liked the bomb storage exhibit. I bit different from other national parks.,Charles Darwin National Park,4.2,None,None,Positive,75.0
76,National park,False,True,en,0,3 years ago,2022-07-17T11:02:29.396Z,None,None,None,63,302,5,Northern Territory,False,Great park for cycling. Try go during the morning when its cooler,Charles Darwin National Park,4.2,None,None,Positive,76.0
77,National park,False,True,en,0,3 years ago,2022-07-01T08:34:30.091Z,None,None,None,40,302,5,Northern Territory,False,Lovely view back over the city of Darwin.,Charles Darwin National Park,4.2,None,None,Positive,77.0
78,National park,False,False,en,0,3 years ago,2022-06-27T07:59:22.477Z,None,None,None,184,302,5,Northern Territory,False,"3.5 stars.
The WWII Explosive Storages are located in the park. One exhibition is just located near the entrance. Free of charge. No security guard.
Go a bit futher, it's the park with BBQ/Picnic area. Enough carparks. There is an outlook - looking the city ot Darwin by using binoculars.
Have bike trails and  3 levels of walking trails.
Beware of insects.",Charles Darwin National Park,4.2,None,None,Positive,78.0
79,National park,False,False,en,0,3 years ago,2022-06-26T03:26:44.241Z,None,None,None,75,302,4,Northern Territory,False,Ideal place for a family event or just a picnic,Charles Darwin National Park,4.2,None,None,Positive,79.0
80,National park,False,True,en,0,Edited 3 years ago,2022-06-11T05:42:04.253Z,None,None,None,254,302,3,Northern Territory,False,Good walking tracks.,Charles Darwin National Park,4.2,None,None,Positive,80.0
81,National park,False,True,en,0,3 years ago,2022-05-27T10:11:48.869Z,None,None,None,20,302,5,Northern Territory,False,"3.5 stars.
The WWII Explosive Storages are located in the park. One exhibition is just located near the entrance. Free of charge. No security guard.
Go a bit futher, it's the park with BBQ/Picnic area. Enough carparks. There is an outlook - looking the city ot Darwin by using binoculars.
Have bike trails and  3 levels of walking trails.
Beware of insects.",Charles Darwin National Park,4.2,None,None,Positive,81.0
82,National park,False,True,en,0,3 years ago,2022-05-10T11:09:52.161Z,None,None,None,64,302,5,Northern Territory,False,Wow the history you see here and the feeling is hard to explain,Charles Darwin National Park,4.2,None,None,Negative,82.0
83,National park,False,True,en,0,3 years ago,2022-02-20T09:02:02.144Z,None,None,None,192,302,5,Northern Territory,False,"Nicely maintained park, beautiful landscape view of Darwin.
Awsome forest for walking/cycling or quad bikes",Charles Darwin National Park,4.2,None,None,Positive,83.0
84,National park,False,True,en,0,3 years ago,2022-02-12T08:05:25.515Z,None,None,None,505,302,4,Northern Territory,False,"If you are interested in the military history of Darwin, then this National Park offers a look at the WW2 ammunition bunkers.
Inside one of these bunkers is a exhibit showing the history of the area.
Further in the park is a lookout overlooking Darwin",Charles Darwin National Park,4.2,None,None,Positive,84.0
85,National park,False,True,en,0,3 years ago,2022-01-19T09:55:22.499Z,None,None,None,61,302,5,Northern Territory,False,Nothing short of epic. Belt around through the mud and jump over hills in these amazing buggies. DONT MISS OUT,Charles Darwin National Park,4.2,None,None,Positive,85.0
86,National park,False,True,en,0,3 years ago,2021-12-31T11:40:06.574Z,None,None,None,176,302,5,Northern Territory,False,"Great spot for birdwatching, bush walking or mountain biking. Make sure to cover up or take insect repellent - the park has mangroves bordering, and the midgies/mosquitoes can be quite bad at times. Excellent picnic area close to the carpark with a viewing platform of the city skyline.",Charles Darwin National Park,4.2,None,None,Positive,86.0
87,National park,False,True,en,0,3 years ago,2021-09-29T16:52:31.143Z,None,None,None,29,302,4,Northern Territory,False,"3.5 stars.
The WWII Explosive Storages are located in the park. One exhibition is just located near the entrance. Free of charge. No security guard.
Go a bit futher, it's the park with BBQ/Picnic area. Enough carparks. There is an outlook - looking the city ot Darwin by using binoculars.
Have bike trails and  3 levels of walking trails.
Beware of insects.",Charles Darwin National Park,4.2,None,None,Positive,87.0
88,National park,False,True,en,0,3 years ago,2021-09-26T03:15:58.346Z,None,None,None,103,302,5,Northern Territory,False,Magnificent. Peaceful. Well worth a visit.,Charles Darwin National Park,4.2,None,None,Positive,88.0
89,National park,False,True,en,0,3 years ago,2021-09-23T05:01:31.351Z,None,None,None,32,302,5,Northern Territory,False,"3.5 stars.
The WWII Explosive Storages are located in the park. One exhibition is just located near the entrance. Free of charge. No security guard.
Go a bit futher, it's the park with BBQ/Picnic area. Enough carparks. There is an outlook - looking the city ot Darwin by using binoculars.
Have bike trails and  3 levels of walking trails.
Beware of insects.",Charles Darwin National Park,4.2,None,None,Positive,89.0
90,National park,False,True,en,0,4 years ago,2021-08-31T07:53:01.502Z,None,None,None,107,302,4,Northern Territory,False,Good facilities to lunch and WWII history. No crazy entry fees. Be warned its hot and midgees are a plenty so take insect repellent if your the type that seems to attract insects.,Charles Darwin National Park,4.2,None,None,Positive,90.0
91,National park,False,False,en,0,4 years ago,2021-08-27T01:12:28.245Z,None,None,None,19,302,3,Northern Territory,False,"3.5 stars.
The WWII Explosive Storages are located in the park. One exhibition is just located near the entrance. Free of charge. No security guard.
Go a bit futher, it's the park with BBQ/Picnic area. Enough carparks. There is an outlook - looking the city ot Darwin by using binoculars.
Have bike trails and  3 levels of walking trails.
Beware of insects.",Charles Darwin National Park,4.2,None,None,Neutral,91.0
92,National park,False,True,en,0,4 years ago,2021-08-18T07:21:23.768Z,None,None,None,571,302,5,Northern Territory,False,"This national park was amazing but please wear long sleeves and spray insect repellant as there is signage saying to do so for good reason, we came out and could feel the midges biting us, the next day we flared up. It’s a great stop over though, with so much thorough history where you can walk into different bunkers to read some history and the views from the lookout were awesome. There is a lot of MTB tracks and walking tracks to enjoy and find hidden places.

“Jonique Life”
Follow our journey around Australia on Facebook, Instagram, Tik Tok and YouTube as we highlight wonderful experiences and magical places you can add to your ever growing bucket list.",Charles Darwin National Park,4.2,None,None,Positive,92.0
93,National park,False,True,en,0,4 years ago,2021-08-12T09:55:54.408Z,None,None,None,211,302,5,Northern Territory,False,"3.5 stars.
The WWII Explosive Storages are located in the park. One exhibition is just located near the entrance. Free of charge. No security guard.
Go a bit futher, it's the park with BBQ/Picnic area. Enough carparks. There is an outlook - looking the city ot Darwin by using binoculars.
Have bike trails and  3 levels of walking trails.
Beware of insects.",Charles Darwin National Park,4.2,None,None,Positive,93.0
94,National park,False,True,en,0,4 years ago,2021-08-08T01:17:24.714Z,None,None,None,27,302,3,Northern Territory,False,average,Charles Darwin National Park,4.2,None,None,Negative,94.0
95,National park,False,True,en,0,Edited 4 years ago,2021-07-17T05:36:07.725Z,None,None,None,2,302,4,Northern Territory,False,"3.5 stars.
The WWII Explosive Storages are located in the park. One exhibition is just located near the entrance. Free of charge. No security guard.
Go a bit futher, it's the park with BBQ/Picnic area. Enough carparks. There is an outlook - looking the city ot Darwin by using binoculars.
Have bike trails and  3 levels of walking trails.
Beware of insects.",Charles Darwin National Park,4.2,None,None,Positive,95.0
96,National park,False,True,en,0,4 years ago,2021-07-16T22:50:25.325Z,None,None,None,83,302,3,Northern Territory,False,Nice view and history. Don't expect a theme park with a carousel.,Charles Darwin National Park,4.2,None,None,Positive,96.0
97,National park,False,True,en,0,4 years ago,2021-07-09T00:53:02.349Z,None,None,None,49,302,5,Northern Territory,False,"3.5 stars.
The WWII Explosive Storages are located in the park. One exhibition is just located near the entrance. Free of charge. No security guard.
Go a bit futher, it's the park with BBQ/Picnic area. Enough carparks. There is an outlook - looking the city ot Darwin by using binoculars.
Have bike trails and  3 levels of walking trails.
Beware of insects.",Charles Darwin National Park,4.2,None,None,Positive,97.0
98,National park,False,False,en,0,4 years ago,2021-07-08T02:56:32.791Z,None,None,None,1,302,3,Northern Territory,False,"3.5 stars.
The WWII Explosive Storages are located in the park. One exhibition is just located near the entrance. Free of charge. No security guard.
Go a bit futher, it's the park with BBQ/Picnic area. Enough carparks. There is an outlook - looking the city ot Darwin by using binoculars.
Have bike trails and  3 levels of walking trails.
Beware of insects.",Charles Darwin National Park,4.2,None,None,Neutral,98.0
99,National park,False,True,en,0,4 years ago,2021-07-03T21:57:22.036Z,None,None,None,119,302,2,Northern Territory,False,Take bug spray as there are a lot of midges in the park.  The view is not that great.,Charles Darwin National Park,4.2,None,None,Positive,99.0
100,National park,False,True,en,0,9 hours ago,2025-09-21T05:08:41.010Z,None,None,None,40,1612,5,Northern Territory,False,A must see location when in Darwin!,Litchfield National Park,4.8,None,None,Neutral,0.0
101,National park,False,True,en,0,3 days ago,2025-09-18T10:35:56.099Z,None,None,None,82,1612,5,Northern Territory,False,2wd access everywhere well kept and very nice,Litchfield National Park,4.8,None,None,Positive,1.0
102,National park,False,True,en,0,4 days ago,2025-09-16T21:56:09.157Z,None,None,None,15,1612,4,Northern Territory,False,2wd access everywhere well kept and very nice,Litchfield National Park,4.8,None,None,Positive,2.0
103,National park,False,True,en,0,5 days ago,2025-09-16T07:00:02.075Z,None,None,None,23,1612,5,Northern Territory,False,Beautiful! All the site a reasonable drive.,Litchfield National Park,4.8,None,None,Positive,3.0
104,National park,False,True,en,0,a week ago,2025-09-13T10:38:13.023Z,None,None,None,83,1612,5,Northern Territory,False,"I spent one day exploring Litchfield National Park, and it was definitely not enough time to fully appreciate it. However, I was able to visit nearly all the main sites accessible by SUV. Every stop, except for Bamboo Creek, had well-maintained facilities such as restrooms and picnic tables. I also found the information boards at each location very useful – they provide detailed insights about the park, which is especially important since mobile reception is limited. Overall, I truly loved the experience and would highly recommend it.",Litchfield National Park,4.8,None,None,Positive,4.0
105,National park,False,True,en,0,a week ago,2025-09-10T00:42:22.434Z,None,None,None,26,1612,5,Northern Territory,False,"Very nice vibe for a relaxing weekend.

Wildlife and nature all around, toilets available, and a place to grab some food just nearby.

Watch out for the little (well, rather big) lizards harmless but surprising!

A few spiders as well.

A very enjoyable moment.",Litchfield National Park,4.8,None,None,Positive,5.0
106,National park,False,True,en,0,2 weeks ago,2025-09-06T10:15:51.031Z,None,None,None,13,1612,5,Northern Territory,False,Sehr zu empfehlen,Litchfield National Park,4.8,None,None,Neutral,6.0
107,National park,False,True,en,0,2 weeks ago,2025-09-03T13:05:59.831Z,None,None,None,22,1612,5,Northern Territory,False,Beautiful National Park. Great infrastructure but still maintains its natural beauty and stunning scenery.,Litchfield National Park,4.8,None,None,Positive,7.0
108,National park,False,True,en,0,2 weeks ago,2025-09-01T10:46:07.994Z,None,None,None,12,1612,5,Northern Territory,False,Great place and highly recommended,Litchfield National Park,4.8,None,None,Positive,8.0
109,National park,False,True,en,0,3 weeks ago,2025-08-31T08:56:32.441Z,None,None,None,21,1612,5,Northern Territory,False,Must do when your in Darwin beautiful country,Litchfield National Park,4.8,None,None,Positive,9.0
110,National park,False,True,en,0,3 weeks ago,2025-08-31T08:56:24.666Z,None,None,None,53,1612,5,Northern Territory,False,"Been there twice in the past couple of weeks and still haven’t seen it all.Fantastic sites
Top quality facilities and infrastructure.
A credit to the Northern Territory 👍👍👍👍",Litchfield National Park,4.8,None,None,Positive,10.0
111,National park,False,True,en,0,3 weeks ago,2025-08-29T15:07:45.917Z,None,None,None,11,1612,5,Northern Territory,False,"Litchfield National Park, covering approximately 1500 km2, is near the township of Batchelor, 100 km south-west of Darwin, in the Northern Territory of Australia. Each year the park attracts over 260,000 visitors.

Proclaimed a national park in 1986, it is named after Frederick Henry Litchfield, a Territory pioneer, who explored areas of the Northern Territory from Escape Cliffs in Van Diemen Gulf to the Daly River in 1864.

This park is home to stunning and idyllic waterfalls, places to swim and stay, 4WD tracks, scenic walks and hidden natural wonders which is a true wonder of the Top End.🇦🇺🏞️

利奇菲尔德国家公园占地约1500平方公里，位于澳大利亚北领地达尔文西南100公里处的巴彻勒镇附近。每年，公园吸引超过26万游客。

该公园于1986年宣布成为国家公园，以北领地先驱弗雷德里克·亨利·利奇菲尔德的名字命名。他于1864年探索了北领地从范迪门湾的逃生悬崖到戴利河的地区。

这个公园拥有令人惊叹的田园诗般的瀑布、游泳和住宿场所、四驱车道、风景优美的步道和隐藏的自然奇观，是北端地区真正的奇迹。🇦🇺🏞️",Litchfield National Park,4.8,None,None,Positive,11.0
112,National park,False,True,en,0,3 weeks ago,2025-08-29T11:41:46.391Z,None,None,None,15,1612,5,Northern Territory,False,Brilliant,Litchfield National Park,4.8,None,None,Positive,12.0
113,National park,False,True,en,0,4 weeks ago,2025-08-22T12:51:36.193Z,None,None,None,85,1612,5,Northern Territory,False,Es un lugar hermoso.,Litchfield National Park,4.8,None,None,Neutral,13.0
114,National park,False,True,en,0,4 weeks ago,2025-08-22T01:55:20.110Z,None,None,None,14,1612,5,Northern Territory,False,Best!! Shouldn’t miss,Litchfield National Park,4.8,None,None,Positive,14.0
115,National park,False,True,en,0,a month ago,2025-08-19T09:59:23.030Z,None,None,None,75,1612,5,Northern Territory,False,2wd access everywhere well kept and very nice,Litchfield National Park,4.8,None,None,Positive,15.0
116,National park,False,False,en,0,a month ago,2025-08-18T02:19:40.148Z,None,None,None,3,1612,5,Northern Territory,False,2wd access everywhere well kept and very nice,Litchfield National Park,4.8,None,None,Positive,16.0
117,National park,False,False,en,0,a month ago,2025-08-17T13:22:54.941Z,None,None,None,0,1612,5,Northern Territory,False,2wd access everywhere well kept and very nice,Litchfield National Park,4.8,None,None,Positive,17.0
118,National park,False,True,en,0,a month ago,2025-08-16T22:43:26.176Z,None,None,None,182,1612,5,Northern Territory,False,2wd access everywhere well kept and very nice,Litchfield National Park,4.8,None,None,Positive,18.0
119,National park,False,True,en,0,a month ago,2025-08-15T10:59:42.770Z,None,None,None,80,1612,5,Northern Territory,False,Bring your swimming stuff and floater,Litchfield National Park,4.8,None,None,Neutral,19.0
120,National park,False,True,en,0,a month ago,2025-08-14T15:36:56.996Z,None,None,None,182,1612,5,Northern Territory,False,"Petit parc national sympathique dans lequel nous avons vu des termitières gigantesques (+ de 5 m. de haut) et en parfait état, gage que le réchauffement climatique n'a pas encore fait de dégâts, ainsi que les cascades de Florence Falls.",Litchfield National Park,4.8,None,None,Neutral,20.0
121,National park,False,True,en,0,a month ago,2025-08-12T09:05:07.471Z,None,None,None,61,1612,5,Northern Territory,False,2wd access everywhere well kept and very nice,Litchfield National Park,4.8,None,None,Positive,21.0
122,National park,False,True,en,0,a month ago,2025-08-12T06:02:48.146Z,None,None,None,5,1612,5,Northern Territory,False,2wd access everywhere well kept and very nice,Litchfield National Park,4.8,None,None,Positive,22.0
123,National park,False,True,en,0,a month ago,2025-08-09T23:07:52.234Z,None,None,None,131,1612,5,Northern Territory,False,Walking &swimming,Litchfield National Park,4.8,None,None,Neutral,23.0
124,National park,False,True,en,0,a month ago,2025-08-06T07:51:58.034Z,None,None,None,14,1612,5,Northern Territory,False,"Litchfield has always been the best place for me and my family. We do consider going Katherine sometimes, but why go far when there's a closer one available with many more place to visit and pools to swim at? There are also new places in Litchfield that we haven't visited yet, but when we find the time we surely will do that!",Litchfield National Park,4.8,None,None,Positive,24.0
125,National park,False,False,en,0,a month ago,2025-08-05T23:22:17.186Z,None,None,None,4,1612,5,Northern Territory,False,2wd access everywhere well kept and very nice,Litchfield National Park,4.8,None,None,Positive,25.0
126,National park,False,True,en,0,a month ago,2025-08-05T08:20:42.750Z,None,None,None,43,1612,5,Northern Territory,False,Definitely go there if you're in the area. Incredible.,Litchfield National Park,4.8,None,None,Positive,26.0
127,National park,False,False,en,0,a month ago,2025-08-04T10:13:58.734Z,None,None,None,2,1612,5,Northern Territory,False,2wd access everywhere well kept and very nice,Litchfield National Park,4.8,None,None,Positive,27.0
128,National park,False,False,en,0,a month ago,2025-08-04T07:27:36.919Z,None,None,None,0,1612,1,Northern Territory,False,2wd access everywhere well kept and very nice,Litchfield National Park,4.8,None,None,Negative,28.0
129,National park,False,True,en,0,a month ago,2025-08-01T00:03:25.351Z,None,None,None,154,1612,5,Northern Territory,False,2wd access everywhere well kept and very nice,Litchfield National Park,4.8,None,None,Positive,29.0
130,National park,False,True,en,0,a month ago,2025-07-30T09:08:20.673Z,None,None,None,56,1612,3,Northern Territory,False,"Worth a ride from Darwin but not from across the country. Natural swimming pools were nice, during summer holidays very overcrowded.",Litchfield National Park,4.8,None,None,Positive,30.0
131,National park,False,True,en,0,a month ago,2025-07-30T08:08:35.653Z,None,None,None,28,1612,5,Northern Territory,False,Beautiful place,Litchfield National Park,4.8,None,None,Positive,31.0
132,National park,False,True,en,0,a month ago,2025-07-29T11:55:00.434Z,None,None,None,67,1612,5,Northern Territory,False,Nice atmosphere.,Litchfield National Park,4.8,None,None,Positive,32.0
133,National park,False,False,en,0,a month ago,2025-07-28T00:27:50.616Z,None,None,None,5,1612,5,Northern Territory,False,An inspiring place,Litchfield National Park,4.8,None,None,Positive,33.0
134,National park,False,False,en,0,a month ago,2025-07-26T16:13:55.213Z,None,None,None,6,1612,3,Northern Territory,False,"A pretty hot dry walk up to the top falls. Would be better with the lower falls open too, otherwise: could skip.",Litchfield National Park,4.8,None,None,Positive,34.0
135,National park,False,False,en,0,a month ago,2025-07-25T03:07:50.726Z,None,None,None,6,1612,5,Northern Territory,False,2wd access everywhere well kept and very nice,Litchfield National Park,4.8,None,None,Positive,35.0
136,National park,False,True,en,0,a month ago,2025-07-23T05:21:45.961Z,None,None,None,207,1612,4,Northern Territory,False,So much to do and see a lot nice and better than kakadu,Litchfield National Park,4.8,None,None,Positive,36.0
137,National park,False,True,en,0,a month ago,2025-07-22T04:05:05.480Z,None,None,None,250,1612,5,Northern Territory,False,"First we visited Florence falls bit of a walk but no issues for me so tip don't carry to much stuff and bring water. Our 2nd destination was Wangi Falls, So beautiful with the scenery for a family/friends trip place was clean and maintain lots of parking including your caravans for interstate visitors, Toilets facilities are clean and maintain. Definitely coming back in the future.
BRING YOUR RUBBISH WITH YOU STOP LITTERING.",Litchfield National Park,4.8,None,None,Positive,37.0
138,National park,False,True,en,0,2 months ago,2025-07-21T10:52:08.996Z,None,None,None,7,1612,4,Northern Territory,False,2wd access everywhere well kept and very nice,Litchfield National Park,4.8,None,None,Positive,38.0
139,National park,False,True,en,0,2 months ago,2025-07-20T07:30:54.391Z,None,None,None,15,1612,5,Northern Territory,False,Loooooooooooved it 🐊🐊 it’s a must while in Darwin!,Litchfield National Park,4.8,None,None,Neutral,39.0
140,National park,False,True,en,0,2 months ago,2025-07-19T01:30:17.797Z,None,None,None,17,1612,5,Northern Territory,False,"Beautiful part filled with waterfalls and spectacular views, and giany Termite mounds. A great day out. Finished off with a visit to The Humpty Doo pub.",Litchfield National Park,4.8,None,None,Positive,40.0
141,National park,False,True,en,0,2 months ago,2025-07-18T02:59:45.907Z,None,None,None,38,1612,5,Northern Territory,False,2wd access everywhere well kept and very nice,Litchfield National Park,4.8,None,None,Positive,41.0
142,National park,False,False,en,0,2 months ago,2025-07-17T11:19:15.641Z,None,None,None,13,1612,5,Northern Territory,False,2wd access everywhere well kept and very nice,Litchfield National Park,4.8,None,None,Positive,42.0
143,National park,False,False,en,0,2 months ago,2025-07-15T12:58:50.955Z,None,None,None,5,1612,5,Northern Territory,False,2wd access everywhere well kept and very nice,Litchfield National Park,4.8,None,None,Positive,43.0
144,National park,False,True,en,0,2 months ago,2025-07-13T20:48:39.878Z,None,None,None,159,1612,5,Northern Territory,False,Another great National Park. Some amazing rock pools and waterfalls to visit.,Litchfield National Park,4.8,None,None,Positive,44.0
145,National park,False,True,en,0,2 months ago,2025-07-13T01:12:53.558Z,None,None,None,15,1612,5,Northern Territory,False,2wd access everywhere well kept and very nice,Litchfield National Park,4.8,None,None,Positive,45.0
146,National park,False,False,en,0,2 months ago,2025-07-11T15:28:07.590Z,None,None,None,0,1612,1,Northern Territory,False,2wd access everywhere well kept and very nice,Litchfield National Park,4.8,None,None,Negative,46.0
147,National park,False,True,en,0,2 months ago,2025-07-10T06:18:32.096Z,None,None,None,63,1612,5,Northern Territory,False,"Wangi falls , a gem in the Litchfield national Park.",Litchfield National Park,4.8,None,None,Neutral,47.0
148,National park,False,True,en,0,2 months ago,2025-07-08T00:40:03.593Z,None,None,None,30,1612,5,Northern Territory,False,"Stunning beautiful, easily done in a day trip from Darwin.",Litchfield National Park,4.8,None,None,Positive,48.0
149,National park,False,True,en,0,2 months ago,2025-07-07T11:04:14.309Z,None,None,None,39,1612,5,Northern Territory,False,2wd access everywhere well kept and very nice,Litchfield National Park,4.8,None,None,Positive,49.0
150,National park,False,True,en,0,2 months ago,2025-07-07T00:22:22.190Z,None,None,None,37,1612,5,Northern Territory,False,Great waterfalls and nature landscapes.,Litchfield National Park,4.8,None,None,Positive,50.0
151,National park,False,False,en,0,2 months ago,2025-07-05T07:24:29.947Z,None,None,None,6,1612,5,Northern Territory,False,"Rugged top end beauty accessible for all. Tops if you are in a wheelchair or hiking in.
Easy drive from Darwin.",Litchfield National Park,4.8,None,None,Positive,51.0
152,National park,False,False,en,0,2 months ago,2025-07-05T03:52:22.624Z,None,None,None,7,1612,5,Northern Territory,False,2wd access everywhere well kept and very nice,Litchfield National Park,4.8,None,None,Positive,52.0
153,National park,False,True,en,0,2 months ago,2025-07-04T20:05:28.839Z,None,None,None,346,1612,5,Northern Territory,False,"So many stunning places to go and safe swimming holes.  Florence Falls was brilliant,  Buley Rockhole was busy.",Litchfield National Park,4.8,None,None,Positive,53.0
154,National park,False,True,en,0,2 months ago,2025-07-03T06:06:55.124Z,None,None,None,110,1612,5,Northern Territory,False,Best part of the NT,Litchfield National Park,4.8,None,None,Positive,54.0
155,National park,False,True,en,0,2 months ago,2025-07-02T06:59:02.143Z,None,None,None,51,1612,5,Northern Territory,False,Have to discover,Litchfield National Park,4.8,None,None,Neutral,55.0
156,National park,False,False,en,0,2 months ago,2025-07-02T03:48:23.756Z,None,None,None,4,1612,5,Northern Territory,False,"Fantastic place to visit, swim and explore.",Litchfield National Park,4.8,None,None,Positive,56.0
157,National park,False,False,en,0,2 months ago,2025-07-01T07:43:43.006Z,None,None,None,11,1612,5,Northern Territory,False,2wd access everywhere well kept and very nice,Litchfield National Park,4.8,None,None,Positive,57.0
158,National park,False,True,en,0,2 months ago,2025-06-29T07:40:58.387Z,None,None,None,13,1612,5,Northern Territory,False,"It is such a beautiful place to visit and not far out of Darwin. There are tours that go to Litchfield, but it's an easy drive if you hire a car. Make sure you see the Termite Mounds and Florence Falls. Wangi Falls is an amazing place to have a refreshing swim. If you have a 4wd, there are many other spots you can visit as well.",Litchfield National Park,4.8,None,None,Positive,58.0
159,National park,False,True,en,0,2 months ago,2025-06-28T06:55:56.080Z,None,None,None,100,1612,5,Northern Territory,False,"C'est vraiment un park à faire si vous passez par là, on a adoré florence falls, buley rockhole mais surtout wangi falls où l’on peut ce baigner et faire la marche autour des cascades. On a vue des chauve-souris et varans.",Litchfield National Park,4.8,None,None,Neutral,59.0
160,National park,False,False,en,0,2 months ago,2025-06-26T01:22:10.761Z,None,None,None,5,1612,4,Northern Territory,False,"Most of the experience was great as always but I think the campsites at the 2wd Florence Falls camp-site are too close together and noise carries very easily even when you are trying to be quiet. I guess it does depend on the people in the camp grounds but it isn't realistic to expect people to whisper all the time once the sun goes down. Other than that, the swimming spots are clean, well maintained and always beautiful. Always a good trip out to Litchfield!",Litchfield National Park,4.8,None,None,Positive,60.0
161,National park,False,True,en,0,2 months ago,2025-06-25T04:54:48.164Z,None,None,None,54,1612,5,Northern Territory,False,"Spectacular waterfalls, beautiful swimming areas and natural pools. Spent only one day there, should have stayed longer.",Litchfield National Park,4.8,None,None,Positive,61.0
162,National park,False,True,en,0,2 months ago,2025-06-24T10:39:36.515Z,None,None,None,2,1612,5,Northern Territory,False,2wd access everywhere well kept and very nice,Litchfield National Park,4.8,None,None,Positive,62.0
163,National park,False,False,en,0,3 months ago,2025-06-20T11:23:00.347Z,None,None,None,8,1612,5,Northern Territory,False,2wd access everywhere well kept and very nice,Litchfield National Park,4.8,None,None,Positive,63.0
164,National park,False,True,en,0,3 months ago,2025-06-19T09:47:45.891Z,None,None,None,126,1612,5,Northern Territory,False,The weather was great and easy to walk around,Litchfield National Park,4.8,None,None,Positive,64.0
165,National park,False,True,en,0,3 months ago,2025-06-19T09:41:51.294Z,None,None,None,50,1612,5,Northern Territory,False,"Had a wonderful few days. Visited Tolmer Falls, Wangi Falls,  Termite mounds, Florence Falls, Buley Rockhole and Cascades.",Litchfield National Park,4.8,None,None,Positive,65.0
166,National park,False,False,en,0,3 months ago,2025-06-17T20:57:57.657Z,None,None,None,6,1612,5,Northern Territory,False,"Absolutely stunning area. Take plenty of water and sunscreen, you'll be spending the day... a picnic would also be a good idea as there's tables to stop at at the major swimming holes...",Litchfield National Park,4.8,None,None,Positive,66.0
167,National park,False,False,en,0,3 months ago,2025-06-17T09:18:29.555Z,None,None,None,5,1612,3,Northern Territory,False,2wd access everywhere well kept and very nice,Litchfield National Park,4.8,None,None,Neutral,67.0
168,National park,False,True,en,0,3 months ago,2025-06-16T08:43:13.722Z,None,None,None,444,1612,5,Northern Territory,False,"Wangi falls was excellent, big open area, plenty of room for everyone in and out of the waterhole. Only downside had to wait 40 minutes for chips at the cafe🤷",Litchfield National Park,4.8,None,None,Positive,68.0
169,National park,False,True,en,0,3 months ago,2025-06-14T11:17:07.314Z,None,None,None,340,1612,5,Northern Territory,False,2wd access everywhere well kept and very nice,Litchfield National Park,4.8,None,None,Positive,69.0
170,National park,False,True,en,0,3 months ago,2025-06-14T08:22:15.436Z,None,None,None,15,1612,5,Northern Territory,False,Awesome,Litchfield National Park,4.8,None,None,Positive,70.0
171,National park,False,True,en,0,3 months ago,2025-06-13T13:28:52.168Z,None,None,None,30,1612,5,Northern Territory,False,2wd access everywhere well kept and very nice,Litchfield National Park,4.8,None,None,Positive,71.0
172,National park,False,False,en,0,3 months ago,2025-06-13T07:08:44.748Z,None,None,None,0,1612,5,Northern Territory,False,2wd access everywhere well kept and very nice,Litchfield National Park,4.8,None,None,Positive,72.0
173,National park,False,False,en,0,3 months ago,2025-06-13T02:36:36.898Z,None,None,None,7,1612,5,Northern Territory,False,2wd access everywhere well kept and very nice,Litchfield National Park,4.8,None,None,Positive,73.0
174,National park,False,False,en,0,3 months ago,2025-06-04T22:26:12.055Z,None,None,None,5,1612,4,Northern Territory,False,2wd access everywhere well kept and very nice,Litchfield National Park,4.8,None,None,Positive,74.0
175,National park,False,False,en,0,3 months ago,2025-06-04T15:08:58.814Z,None,None,None,8,1612,5,Northern Territory,False,"Beautiful park within driving distance of Darwin, if you have just a bit of time to see the Australian bush like we did. Saw a bunch of wallabies at Rum Jungle, got stuck behind a road train, hiked to a waterfall and found a place that did a good ice (cream???) coffee among other things. Made us itchy to see a whole lot more.",Litchfield National Park,4.8,None,None,Positive,75.0
176,National park,False,True,en,0,3 months ago,2025-05-29T12:22:03.577Z,None,None,None,144,1612,5,Northern Territory,False,"We visited Litchfield National Park over the weekend and had a wonderful time. The park features many beautiful waterfalls surrounded by stunning landscapes. There’s plenty of space for picnics or barbecues, and the toilet facilities are clean and well-maintained. One of the highlights was Buley Rockhole, a great spot where you can relax and swim in the refreshing natural pools. It’s a perfect getaway for nature lovers looking to enjoy a peaceful day outdoors.",Litchfield National Park,4.8,None,None,Positive,76.0
177,National park,False,True,en,0,3 months ago,2025-05-28T02:44:14.258Z,None,None,None,56,1612,5,Northern Territory,False,Such a beautiful view and nature environment can’t ask for more such a unique experience for all tourists and locals enjoy dry season at his best !!! Welcome you all ! Blessings!,Litchfield National Park,4.8,None,None,Positive,77.0
178,National park,False,True,en,0,4 months ago,2025-05-16T04:57:07.674Z,None,None,None,4,1612,5,Northern Territory,False,"Unbelievable scenery, short distances between points of interest..",Litchfield National Park,4.8,None,None,Negative,78.0
179,National park,False,False,en,0,4 months ago,2025-05-12T20:04:28.195Z,None,None,None,0,1612,4,Northern Territory,False,2wd access everywhere well kept and very nice,Litchfield National Park,4.8,None,None,Positive,79.0
180,National park,False,True,en,0,4 months ago,2025-05-11T22:30:45.158Z,None,None,None,10,1612,5,Northern Territory,False,"Beautiful day spent driving around Litchfield National Park. Bathrooms clean and serviced, food and drinks available, amazing scenery. Would definitely go back. Highly recommended. Take a dip in the natural pools to cool down - so refreshing.",Litchfield National Park,4.8,None,None,Positive,80.0
181,National park,False,True,en,0,4 months ago,2025-05-10T09:45:22.025Z,None,None,None,241,1612,5,Northern Territory,False,2wd access everywhere well kept and very nice,Litchfield National Park,4.8,None,None,Positive,81.0
182,National park,False,True,en,0,4 months ago,2025-05-10T04:28:58.594Z,None,None,None,77,1612,5,Northern Territory,False,Amazing National Park and so close to Darwin!,Litchfield National Park,4.8,None,None,Positive,82.0
183,National park,False,False,en,0,4 months ago,2025-05-09T02:54:50.510Z,None,None,None,8,1612,5,Northern Territory,False,"Love getting in the cold, lovely natural water",Litchfield National Park,4.8,None,None,Positive,83.0
184,National park,False,True,en,0,4 months ago,2025-05-02T05:25:22.499Z,None,None,None,49,1612,5,Northern Territory,False,2wd access everywhere well kept and very nice,Litchfield National Park,4.8,None,None,Positive,84.0
185,National park,False,False,en,0,4 months ago,2025-04-30T02:55:34.430Z,None,None,None,6,1612,2,Northern Territory,False,None of the BBQ worked toilets needed cleaning was nothing like it advertised very disappointed,Litchfield National Park,4.8,None,None,Negative,85.0
186,National park,False,True,en,0,4 months ago,2025-04-28T22:43:52.327Z,None,None,None,11,1612,5,Northern Territory,False,2wd access everywhere well kept and very nice,Litchfield National Park,4.8,None,None,Positive,86.0
187,National park,False,True,en,0,4 months ago,2025-04-27T04:55:35.362Z,None,None,None,83,1612,5,Northern Territory,False,Fantastic water holes to swing in. Better check for crocs first after the wet season.,Litchfield National Park,4.8,None,None,Positive,87.0
188,National park,False,True,en,0,4 months ago,2025-04-23T07:19:45.854Z,None,None,None,55,1612,5,Northern Territory,False,2wd access everywhere well kept and very nice,Litchfield National Park,4.8,None,None,Positive,88.0
189,National park,False,True,en,0,5 months ago,2025-04-21T09:56:19.296Z,None,None,None,278,1612,3,Northern Territory,False,Allow time to travel between places of interest to view.,Litchfield National Park,4.8,None,None,Neutral,89.0
190,National park,False,True,en,0,5 months ago,2025-04-18T09:12:32.570Z,None,None,None,208,1612,5,Northern Territory,False,"I really enjoyed my time at Litchfield National Park—such a stunning place with waterfalls, swimming holes, and scenic walks. It’s well-maintained and not overly crowded, which made exploring really enjoyable. We camped in the surrounding area, which added to the whole experience. A must-visit if you’re in the Top End!",Litchfield National Park,4.8,None,None,Positive,90.0
191,National park,False,False,en,0,5 months ago,2025-04-18T05:09:00.848Z,None,None,None,1,1612,5,Northern Territory,False,2wd access everywhere well kept and very nice,Litchfield National Park,4.8,None,None,Positive,91.0
192,National park,False,False,en,0,5 months ago,2025-04-13T01:34:34.423Z,None,None,None,0,1612,4,Northern Territory,False,2wd access everywhere well kept and very nice,Litchfield National Park,4.8,None,None,Positive,92.0
193,National park,False,True,en,0,5 months ago,2025-04-10T07:52:07.126Z,None,None,None,219,1612,5,Northern Territory,False,Great,Litchfield National Park,4.8,None,None,Positive,93.0
194,National park,False,True,en,0,5 months ago,2025-04-07T08:13:21.358Z,None,None,None,496,1612,5,Northern Territory,False,Ein tolles Gebiet mit vielen Orten die zu besichtigen sind. Leider war zu unserer Zeit vieles wegen Regen gesperrt.,Litchfield National Park,4.8,None,None,Neutral,94.0
195,National park,False,True,en,0,5 months ago,2025-04-06T06:47:03.974Z,None,None,None,59,1612,5,Northern Territory,False,2wd access everywhere well kept and very nice,Litchfield National Park,4.8,None,None,Positive,95.0
196,National park,False,False,en,0,5 months ago,2025-04-05T01:32:12.797Z,None,None,None,446,1612,5,Northern Territory,False,2wd access everywhere well kept and very nice,Litchfield National Park,4.8,None,None,Positive,96.0
197,National park,False,True,en,0,5 months ago,2025-04-03T06:08:23.063Z,None,None,None,19,1612,5,Northern Territory,False,Fantastic place to visit but it is a drive.,Litchfield National Park,4.8,None,None,Positive,97.0
198,National park,False,True,en,0,5 months ago,2025-03-29T05:17:33.060Z,None,None,None,106,1612,5,Northern Territory,False,"Beautiful location, many little lookouts easily available to access, and a lovely drive overall. Great for a full day if exploring all locations. Camp grounds also available in certain areas",Litchfield National Park,4.8,None,None,Positive,98.0
199,National park,False,True,en,0,5 months ago,2025-03-25T21:03:58.878Z,None,None,None,18,1612,5,Northern Territory,False,2wd access everywhere well kept and very nice,Litchfield National Park,4.8,None,None,Positive,99.0
200,National park,False,True,en,0,Edited 2 weeks ago,2025-09-06T11:12:01.970Z,None,None,None,83,640,2,Northern Territory,False,"Extremely touristy, lots of foreign visitors and not the best vibe at caravan park. We had a ""long rig"" site, which was cramped and didn't even offer sullige drainpipes. You pour your dirty water into yours or your neighbours site. Feels like a money grab but very close to the thing you came to see",Nitmiluk National Park,4.6,None,None,Positive,0.0
201,National park,False,False,en,0,2 weeks ago,2025-09-02T02:51:07.167Z,None,None,None,2,640,5,Northern Territory,False,Beautiful,Nitmiluk National Park,4.6,None,None,Positive,1.0
202,National park,False,True,en,0,a month ago,2025-08-19T12:37:39.303Z,None,None,None,56,640,4,Northern Territory,False,Great place.,Nitmiluk National Park,4.6,None,None,Positive,2.0
203,National park,False,True,en,0,a month ago,2025-08-17T05:09:29.237Z,None,None,None,173,640,5,Northern Territory,False,What a great spot and the sunset dinner cruise was out of this world !!!,Nitmiluk National Park,4.6,None,None,Positive,3.0
204,National park,False,True,en,0,a month ago,2025-08-17T02:06:26.216Z,None,None,None,43,640,5,Northern Territory,False,"Where to even start?! Nitmiluk National Park is absolutely breathtaking. The sheer scale of the gorges, the rugged cliffs, and the peaceful Katherine River winding through it all make this place unforgettable. Every corner feels like a postcard – whether you’re cruising along the river, hiking one of the many trails, or simply taking in the views.

It’s not just the scenery, but the sense of history and culture here that makes it so special. The connection to the Jawoyn people is deeply felt, and it adds such richness to the experience.

This park is a true Northern Territory gem – wild, stunning, and completely awe-inspiring. A must-see for anyone visiting the Top End.",Nitmiluk National Park,4.6,None,None,Positive,4.0
205,National park,False,False,en,0,a month ago,2025-08-14T22:56:55.632Z,None,None,None,1,640,4,Northern Territory,False,Beautiful,Nitmiluk National Park,4.6,None,None,Positive,5.0
206,National park,False,True,en,0,a month ago,2025-08-10T12:55:04.828Z,None,None,None,83,640,4,Northern Territory,False,"Cruised through an ancient gorge system. These sandstones in the Katherine Gorge are 1600 million years old.
Very sweaty and lots of flies. But still worth the 7 - hour drive overnight trip from TC.
P. S. Where the 2007 Rogue crocodile movie was shot and the final pitstop of the Amazing Race Australia 2019.",Nitmiluk National Park,4.6,None,None,Positive,6.0
207,National park,False,True,en,0,a month ago,2025-08-05T08:56:52.906Z,None,None,None,36,640,5,Northern Territory,False,"Wow wow wow ! Nous avons choisi l’expérience en canoë avec aucun regret (demi journée)! Nous nous sommes garés au premier parking mais apparemment il y en a un plus proche de l’accueil pour la location de canoë. Sachez qu’il y a un coffee shop a l’entrée du parc, donc si vous n’avez pas pris votre café ou snack, il y a de quoi faire si vous arrivez en avance. Vous faites le premier gorge bateau et c’est entre le premier et second gorge que vous récupérez votre canoë. Nous avons fait l’aller retour jusqu’au début du 4eme gorge et nous nous sommes posés au début du deuxième gorge. Spot parfait pour se baigner. Je vous recommande de prendre les prospectus à l’accueil avec les cartes du gorge. J’ai adoré cette expérience.",Nitmiluk National Park,4.6,None,None,Positive,7.0
208,National park,False,True,en,0,a month ago,2025-08-04T04:18:19.815Z,None,None,None,61,640,5,Northern Territory,False,"A special place.
You can feel the energy in the rocks.",Nitmiluk National Park,4.6,None,None,Positive,8.0
209,National park,False,True,en,0,2 months ago,2025-07-13T01:46:36.513Z,None,None,None,182,640,5,Northern Territory,False,Beautiful,Nitmiluk National Park,4.6,None,None,Positive,9.0
210,National park,False,True,en,0,2 months ago,2025-07-03T02:19:57.123Z,None,None,None,444,640,5,Northern Territory,False,Enjoyed my time at the park. Nice walks and water holes to see.,Nitmiluk National Park,4.6,None,None,Positive,10.0
211,National park,False,True,en,0,5 months ago,2025-04-14T04:23:38.709Z,None,None,None,208,640,5,Northern Territory,False,"Nitmiluk National Park is an unforgettable stop—we camped there for three nights and had an amazing time exploring the region. We went hiking, kayaking through the stunning gorges, and even tried to spot freshwater crocs (no luck, but still a thrill!). The landscapes are breathtaking and the park is well set up for visitors. Highly recommended for anyone looking to experience the Top End’s natural beauty.",Nitmiluk National Park,4.6,None,None,Positive,11.0
212,National park,False,True,en,0,8 months ago,2025-01-03T01:31:39.422Z,None,None,None,115,640,5,Northern Territory,False,Amazing place to visit.  I will be back soon .,Nitmiluk National Park,4.6,None,None,Positive,12.0
213,National park,False,True,en,0,10 months ago,2024-10-29T03:52:12.505Z,None,None,None,6,640,5,Northern Territory,False,Beautiful,Nitmiluk National Park,4.6,None,None,Positive,13.0
214,National park,False,True,en,0,11 months ago,2024-10-09T00:25:52.297Z,None,None,None,31,640,5,Northern Territory,False,Superb and magnificent scenery. Highly recommended if you love the nature of the Australian outback. 非常漂亮的大自然美景.值得推荐给喜欢大自然的旅客👍👍,Nitmiluk National Park,4.6,None,None,Positive,14.0
215,National park,False,True,en,0,11 months ago,2024-10-02T03:43:33.506Z,None,None,None,458,640,5,Northern Territory,False,What a stunning place really enjoyed hearing about the history.,Nitmiluk National Park,4.6,None,None,Positive,15.0
216,National park,False,True,en,0,11 months ago,2024-10-01T07:47:56.876Z,None,None,None,49,640,5,Northern Territory,False,Best place to escape on a short holiday.,Nitmiluk National Park,4.6,None,None,Positive,16.0
217,National park,False,False,en,0,a year ago,2024-09-07T08:37:42.898Z,None,None,None,3,640,5,Northern Territory,False,Beautiful,Nitmiluk National Park,4.6,None,None,Positive,17.0
218,National park,False,True,en,0,a year ago,2024-09-01T10:21:32.020Z,None,None,None,22,640,5,Northern Territory,False,It is such an amazing part of the world,Nitmiluk National Park,4.6,None,None,Positive,18.0
219,National park,False,False,en,0,a year ago,2024-08-16T07:30:05.793Z,None,None,None,9,640,5,Northern Territory,False,Awesome!,Nitmiluk National Park,4.6,None,None,Positive,19.0
220,National park,False,True,en,0,a year ago,2024-07-24T04:25:38.725Z,None,None,None,360,640,5,Northern Territory,False,"Stunning gorge for cliff scenery and photographing brilliant colour mixes as the sun hits the rocks. It's a 30 minute drive out of Katherine but absolutely worth it as a side trip. Also, the guides are great with down-to-earth humour.",Nitmiluk National Park,4.6,None,None,Positive,20.0
221,National park,False,True,en,0,a year ago,2024-07-23T10:22:54.104Z,None,None,None,14,640,5,Northern Territory,False,"Did the 3 Gorges tour today. Excellent and fascinating. Our guide Jamie was a legend. Great info, splashed with great humour. Scenery was brilliant. Leisurely, pleasant, educational and Fun !!",Nitmiluk National Park,4.6,None,None,Positive,21.0
222,National park,False,True,en,0,a year ago,2024-07-22T00:19:44.399Z,None,None,None,24,640,5,Northern Territory,False,Beautiful,Nitmiluk National Park,4.6,None,None,Positive,22.0
223,National park,False,True,en,0,a year ago,2024-07-14T07:59:51.397Z,None,None,None,30,640,5,Northern Territory,False,"Ranger's and staff are excellent, very knowledgeable and helpful",Nitmiluk National Park,4.6,None,None,Positive,23.0
224,National park,False,True,en,0,a year ago,2024-07-09T10:01:31.196Z,None,None,None,88,640,5,Northern Territory,False,"A landscape taking you back 100s of millions of years and just stunning.  Having visited some ‘young’ gorges, Nitmiluk grandness is impressive.",Nitmiluk National Park,4.6,None,None,Positive,24.0
225,National park,False,True,en,0,a year ago,2024-07-02T12:12:20.157Z,None,None,None,81,640,4,Northern Territory,False,Beautiful,Nitmiluk National Park,4.6,None,None,Positive,25.0
226,National park,False,True,en,0,a year ago,2024-07-01T13:47:28.773Z,None,None,None,8,640,5,Northern Territory,False,Beautiful,Nitmiluk National Park,4.6,None,None,Positive,26.0
227,National park,False,True,en,0,a year ago,2024-06-24T01:43:49.662Z,None,None,None,90,640,5,Northern Territory,False,Fresh water crocodile 🐊,Nitmiluk National Park,4.6,None,None,Positive,27.0
228,National park,False,True,en,0,a year ago,2024-05-30T17:41:40.671Z,None,None,None,55,640,3,Northern Territory,False,"Siamo andati quando i maggiori sentieri erano chiusi per rischio incendi e per le strade allagate.
Vista panoramica sul fiume che divide a metà la valle ma nel complesso un po' deludente",Nitmiluk National Park,4.6,None,None,Neutral,28.0
229,National park,False,True,en,0,a year ago,2024-05-26T01:16:08.387Z,None,None,None,398,640,5,Northern Territory,False,Beautiful,Nitmiluk National Park,4.6,None,None,Positive,29.0
230,National park,False,True,en,0,a year ago,2024-05-23T23:12:11.339Z,None,None,None,42,640,5,Northern Territory,False,"We had a great time, Southern Rockhole was magic, a great spot!",Nitmiluk National Park,4.6,None,None,Positive,30.0
231,National park,False,True,en,0,a year ago,2024-05-02T22:45:50.653Z,None,None,None,240,640,5,Northern Territory,False,Such a beautiful place! Definitely a worth a stop to have a look around. I’m coming back for some more exploring.,Nitmiluk National Park,4.6,None,None,Positive,31.0
232,National park,False,False,en,0,a year ago,2024-04-23T03:08:02.896Z,None,None,None,6,640,4,Northern Territory,False,Beautiful,Nitmiluk National Park,4.6,None,None,Positive,32.0
233,National park,False,True,en,0,a year ago,2023-11-06T03:46:51.173Z,None,None,None,47,640,5,Northern Territory,False,Great to visit,Nitmiluk National Park,4.6,None,None,Positive,33.0
234,National park,False,False,en,0,a year ago,2023-10-07T08:09:47.865Z,None,None,None,9,640,5,Northern Territory,False,Must visit park in NT,Nitmiluk National Park,4.6,None,None,Neutral,34.0
235,National park,False,True,en,0,a year ago,2023-09-24T04:54:18.393Z,None,None,None,67,640,5,Northern Territory,False,Stunning,Nitmiluk National Park,4.6,None,None,Positive,35.0
236,National park,False,True,en,0,2 years ago,2023-09-21T16:49:53.181Z,None,None,None,35,640,5,Northern Territory,False,ABC,Nitmiluk National Park,4.6,None,None,Neutral,36.0
237,National park,False,True,en,0,2 years ago,2023-09-20T13:24:32.748Z,None,None,None,1237,640,5,Northern Territory,False,Walked the 63 Klm Jatbula track. Amazing no words can describe the beauty.,Nitmiluk National Park,4.6,None,None,Positive,37.0
238,National park,False,True,en,0,2 years ago,2023-09-05T09:56:24.915Z,None,None,None,55,640,5,Northern Territory,False,"Sehr schöner Nationalpark. Die Mitarbeiter des Visitor Centers sind sehr hilfsbereit und nett. Bootstouren sollten im Voraus gebucht werden, wir konnten leider keine unternehmen, da sie bereits ausgebucht waren. Wir haben eine Wanderung unternommen, dies hat sich sehr gelohnt.",Nitmiluk National Park,4.6,None,None,Neutral,38.0
239,National park,False,True,en,0,2 years ago,2023-08-19T10:01:55.667Z,None,None,None,72,640,5,Northern Territory,False,Incredible gorge. Tranquil and serene to cruise on the river between the high cliffs. Mighty experience.,Nitmiluk National Park,4.6,None,None,Positive,39.0
240,National park,False,True,en,0,2 years ago,2023-08-13T04:31:52.896Z,None,None,None,389,640,4,Northern Territory,False,Requires a certain level of fitness. NT parks are not free anymore. You have to purchase a parks pass online. The main visitors centre has a cafe and clean toilets. Just felt like it was setup to release me of my money. There are glimpses of the river  on a short walk along the bank.,Nitmiluk National Park,4.6,None,None,Positive,40.0
241,National park,False,True,en,0,2 years ago,2023-08-12T00:24:37.407Z,None,None,None,127,640,5,Northern Territory,False,Beautiful,Nitmiluk National Park,4.6,None,None,Positive,41.0
242,National park,False,True,en,0,2 years ago,2023-08-08T09:50:30.782Z,None,None,None,201,640,3,Northern Territory,False,"2 night stay. Overbooked and overpriced. We were stuck near the garbage collection area which was ""off"" sitting in the hot sun. Won't rush back.",Nitmiluk National Park,4.6,None,None,Positive,42.0
243,National park,False,True,en,0,2 years ago,2023-08-01T02:05:46.403Z,None,None,None,1,640,5,Northern Territory,False,Beautiful,Nitmiluk National Park,4.6,None,None,Positive,43.0
244,National park,False,True,en,0,2 years ago,2023-07-26T02:08:08.529Z,None,None,None,98,640,5,Northern Territory,False,Rainbow spring and swim there at Katherine.,Nitmiluk National Park,4.6,None,None,Neutral,44.0
245,National park,False,True,en,0,2 years ago,2023-06-11T04:31:23.331Z,None,None,None,82,640,5,Northern Territory,False,"Nádherný park v okolí Katherine s několika významnými místy jako Edith falls,  krása a další misto doporučuji Katherine Gorge.",Nitmiluk National Park,4.6,None,None,Neutral,45.0
246,National park,False,True,en,0,2 years ago,2023-06-03T03:28:40.824Z,None,None,None,57,640,5,Northern Territory,False,"Incredible place, the night time cruise and meal on the george was a fantastic experience",Nitmiluk National Park,4.6,None,None,Positive,46.0
247,National park,False,True,en,0,2 years ago,2023-05-23T04:55:18.794Z,None,None,None,697,640,5,Northern Territory,False,Beautiful,Nitmiluk National Park,4.6,None,None,Positive,47.0
248,National park,False,True,en,0,2 years ago,2023-05-20T07:22:24.175Z,None,None,None,318,640,5,Northern Territory,False,Beautiful,Nitmiluk National Park,4.6,None,None,Positive,48.0
249,National park,False,True,en,0,2 years ago,2023-05-20T07:21:25.114Z,None,None,None,112,640,5,Northern Territory,False,"Nitmiluk National Park is located in the Katherine region, approximately 320km south of Darwin.

There are 2 main sections to the park:

Nitmiluk Gorge to the south
Leliyn (Edith Falls) to the north.
It's a 90km drive between the 2 sections.

Visit the Nitmiluk Centre to get information on walks, canoe hire, boat tours, camping and more.

Entrance to the Gorge sector of the park is 30km northeast of Katherine via a sealed road.

Leliyn (Edith Falls) is a popular swimming hole and campground for visitors and locals, located 60km north of Katherine via sealed road, accessed via the Stuart Highway.

This diverse and spectacular landscape of Nitmiluk is where Jawoyn people live, work and continue to share their culture with the community and visitors.

This park requires visitors to the NT to have a park pass.",Nitmiluk National Park,4.6,None,None,Positive,49.0
250,National park,False,False,en,0,2 years ago,2023-05-19T06:46:28.607Z,None,None,None,2066,640,5,Northern Territory,False,I found it very interesting that there were  no Termite mounds here. Enjoyed Edith Falls Sweet water and Long Lake Walk. So.e.of the signage could be a little better in some places. Most of it was fine most of the time. Lake is nice as well as having a Kiosk in the park is a great idea.,Nitmiluk National Park,4.6,None,None,Positive,50.0
251,National park,False,True,en,0,2 years ago,2023-05-12T08:38:08.819Z,None,None,None,162,640,5,Northern Territory,False,Absolutely incredible. A must see. Do the gorge cruise. Just breath taking.,Nitmiluk National Park,4.6,None,None,Positive,51.0
252,National park,False,True,en,0,2 years ago,2023-05-08T08:56:48.781Z,None,None,None,138,640,3,Northern Territory,False,"Overrated park in our opinion.
The long hike and the views you get as a reward are a little disappointing if you visited Karijini, Purnululu and Litchfield.
We did a combination of trails; Windolf, Waleka and Burawei. Walked 14k in 6,5 hours (with 4 breaks). Only Pats lookout and Burawei lookout were worth it.
The communication about the walking trails at the information centre and the amount of signs in the park are a bit confusing.
The walk to Southern Rockhole is rocky and steap. There was almost no water in the waterfall when we got there (7th of May) but fun to swim.
No need to go to Jedda's Rock.",Nitmiluk National Park,4.6,None,None,Negative,52.0
253,National park,False,True,en,0,2 years ago,2023-04-28T08:25:44.832Z,None,None,None,95,640,1,Northern Territory,False,"Beautiful scenery but the info for the walks are inaccurate and dangerous. I go for the walk said 1.9ks from the info centre, reality was over 8kms. Did not have water for that length of walk.",Nitmiluk National Park,4.6,None,None,Positive,53.0
254,National park,False,True,en,0,2 years ago,2023-04-16T18:16:06.118Z,None,None,None,13,640,5,Northern Territory,False,Beautiful,Nitmiluk National Park,4.6,None,None,Positive,54.0
255,National park,False,True,en,0,2 years ago,2023-03-24T11:10:12.713Z,None,None,None,129,640,5,Northern Territory,False,"The highlight of our trip. Due to wet season, the service was limited. We enjoyed the boat ride to 2 gorges which was breathtaking. The waterfall was incredible to swim in. The walk wasn't too hard afterwards.",Nitmiluk National Park,4.6,None,None,Positive,55.0
256,National park,False,True,en,0,2 years ago,2023-02-22T22:42:13.645Z,None,None,None,35,640,5,Northern Territory,False,Lovable,Nitmiluk National Park,4.6,None,None,Positive,56.0
257,National park,False,False,en,0,2 years ago,2023-01-24T15:45:38.413Z,None,None,None,0,640,5,Northern Territory,False,Beautiful,Nitmiluk National Park,4.6,None,None,Positive,57.0
258,National park,False,True,en,0,2 years ago,2022-11-28T03:49:07.404Z,None,None,None,64,640,5,Northern Territory,False,Beautiful,Nitmiluk National Park,4.6,None,None,Positive,58.0
259,National park,False,False,en,0,2 years ago,2022-11-23T10:49:02.757Z,None,None,None,5,640,4,Northern Territory,False,Beautiful,Nitmiluk National Park,4.6,None,None,Positive,59.0
260,National park,False,True,en,0,2 years ago,2022-11-17T11:54:19.542Z,None,None,None,339,640,5,Northern Territory,False,"The Nitmiluk national park and trip down the Katherine gorge is a must for any traveller. The pilot of the boat, part Aboriginal, part Irish and part Indonesian was very informative with a great sense of humour that made the 2 hour trip all the more enjoyable.",Nitmiluk National Park,4.6,None,None,Positive,60.0
261,National park,False,True,en,0,2 years ago,2022-11-09T00:56:37.358Z,None,None,None,421,640,5,Northern Territory,False,Beautiful,Nitmiluk National Park,4.6,None,None,Positive,61.0
262,National park,False,True,en,0,2 years ago,2022-11-02T08:55:59.762Z,None,None,None,274,640,5,Northern Territory,False,"A very special place. Peaceful, spiritual and welcoming. An absolute must when in Katherine.",Nitmiluk National Park,4.6,None,None,Positive,62.0
263,National park,False,True,en,0,2 years ago,2022-10-18T06:41:24.015Z,None,None,None,29,640,5,Northern Territory,False,A voir en croisière,Nitmiluk National Park,4.6,None,None,Neutral,63.0
264,National park,False,True,en,0,2 years ago,2022-10-09T08:05:18.275Z,None,None,None,89,640,5,Northern Territory,False,Absolutely breathtaking!,Nitmiluk National Park,4.6,None,None,Positive,64.0
265,National park,False,True,en,0,2 years ago,2022-10-05T01:53:30.085Z,None,None,None,155,640,5,Northern Territory,False,"Amazing, well maintained.. good facilities and signposted.. visitors centre appropriately maintained and managed.. met Rod the ranger and had a great chat, our appreciation for the work these guys do to keep it all happening for all of us for free essentially is even higher now! Will be back to do the full hike circuit when it's not 40+ degrees!",Nitmiluk National Park,4.6,None,None,Positive,65.0
266,National park,False,True,en,0,2 years ago,2022-09-30T23:05:51.283Z,None,None,None,35,640,4,Northern Territory,False,So beautiful,Nitmiluk National Park,4.6,None,None,Positive,66.0
267,National park,False,False,en,0,2 years ago,2022-09-28T07:41:54.263Z,None,None,None,125,640,4,Northern Territory,False,Not so good at the end of the dry season. Go earlier ie June July.,Nitmiluk National Park,4.6,None,None,Positive,67.0
268,National park,False,True,en,0,3 years ago,2022-09-18T23:33:17.360Z,None,None,None,22,640,4,Northern Territory,False,Beautiful,Nitmiluk National Park,4.6,None,None,Positive,68.0
269,National park,False,True,en,0,3 years ago,2022-09-17T05:16:54.024Z,None,None,None,105,640,5,Northern Territory,False,Highly recommend doing both air and water tours,Nitmiluk National Park,4.6,None,None,Positive,69.0
270,National park,False,True,en,0,3 years ago,2022-09-07T10:48:38.647Z,None,None,None,511,640,5,Northern Territory,False,Wonderful place,Nitmiluk National Park,4.6,None,None,Positive,70.0
271,National park,False,True,en,0,3 years ago,2022-09-05T04:44:48.919Z,None,None,None,96,640,5,Northern Territory,False,"We did the early morning tour, and we were the only boat up the gorge, so it was much quieter",Nitmiluk National Park,4.6,None,None,Positive,71.0
272,National park,False,False,en,0,3 years ago,2022-09-03T20:26:57.530Z,None,None,None,3,640,5,Northern Territory,False,Beautiful,Nitmiluk National Park,4.6,None,None,Positive,72.0
273,National park,False,True,en,0,3 years ago,2022-09-02T13:52:17.768Z,None,None,None,462,640,5,Northern Territory,False,"Beautiful place , beautiful nature , blue water and red rocks",Nitmiluk National Park,4.6,None,None,Positive,73.0
274,National park,False,True,en,0,3 years ago,2022-08-31T23:24:20.237Z,None,None,None,814,640,5,Northern Territory,False,Our guides were 1st rate. Knowledgeable & funny.,Nitmiluk National Park,4.6,None,None,Positive,74.0
275,National park,False,True,en,0,3 years ago,2022-08-27T06:38:25.443Z,None,None,None,26,640,5,Northern Territory,False,Wonderful olace. Worth visiting.,Nitmiluk National Park,4.6,None,None,Positive,75.0
276,National park,False,True,en,0,3 years ago,2022-08-16T22:14:28.455Z,None,None,None,52,640,5,Northern Territory,False,Beautiful,Nitmiluk National Park,4.6,None,None,Positive,76.0
277,National park,False,True,en,0,3 years ago,2022-08-14T11:23:13.147Z,None,None,None,51,640,5,Northern Territory,False,Only saw a small part of it but an unforgettable experience,Nitmiluk National Park,4.6,None,None,Positive,77.0
278,National park,False,True,en,0,3 years ago,2022-08-11T22:40:23.077Z,None,None,None,304,640,5,Northern Territory,False,Absolutely amazing. One not to miss.,Nitmiluk National Park,4.6,None,None,Positive,78.0
279,National park,False,True,en,0,3 years ago,2022-08-11T07:46:17.288Z,None,None,None,73,640,5,Northern Territory,False,Beautiful,Nitmiluk National Park,4.6,None,None,Positive,79.0
280,National park,False,True,en,0,3 years ago,2022-08-08T09:04:28.994Z,None,None,None,229,640,5,Northern Territory,False,Amazing,Nitmiluk National Park,4.6,None,None,Positive,80.0
281,National park,False,True,en,0,3 years ago,2022-08-03T06:14:08.580Z,None,None,None,11,640,5,Northern Territory,False,"Beautiful, also great guides",Nitmiluk National Park,4.6,None,None,Positive,81.0
282,National park,False,True,en,0,3 years ago,2022-08-02T04:22:21.482Z,None,None,None,1,640,5,Northern Territory,False,Beautiful,Nitmiluk National Park,4.6,None,None,Positive,82.0
283,National park,False,True,en,0,3 years ago,2022-08-02T02:15:04.252Z,None,None,None,178,640,5,Northern Territory,False,Love it,Nitmiluk National Park,4.6,None,None,Positive,83.0
284,National park,False,True,en,0,3 years ago,2022-07-27T09:01:17.755Z,None,None,None,1359,640,3,Northern Territory,False,"Cruises fully booked, so we just went for a look but could not really see that much, so we left",Nitmiluk National Park,4.6,None,None,Negative,84.0
285,National park,False,True,en,0,3 years ago,2022-07-24T09:55:25.927Z,None,None,None,116,640,5,Northern Territory,False,Beautiful,Nitmiluk National Park,4.6,None,None,Positive,85.0
286,National park,False,True,en,0,3 years ago,2022-07-16T08:57:24.323Z,None,None,None,95,640,5,Northern Territory,False,Beautiful,Nitmiluk National Park,4.6,None,None,Positive,86.0
287,National park,False,True,en,0,3 years ago,2022-07-15T10:43:24.766Z,None,None,None,83,640,5,Northern Territory,False,Beautiful,Nitmiluk National Park,4.6,None,None,Positive,87.0
288,National park,False,True,en,0,3 years ago,2022-07-14T03:25:40.956Z,None,None,None,25,640,5,Northern Territory,False,Beautiful,Nitmiluk National Park,4.6,None,None,Positive,88.0
289,National park,False,True,en,0,3 years ago,2022-07-08T07:51:48.373Z,None,None,None,19,640,2,Northern Territory,False,Staff sounded like they really didn't want to be there and wernt very helpful. They also didn't answer my questions,Nitmiluk National Park,4.6,None,None,Positive,89.0
290,National park,False,True,en,0,3 years ago,2022-07-01T23:05:16.577Z,None,None,None,16,640,5,Northern Territory,False,Beautiful,Nitmiluk National Park,4.6,None,None,Positive,90.0
291,National park,False,True,en,0,3 years ago,2022-07-01T11:37:44.395Z,None,None,None,300,640,5,Northern Territory,False,What an amazing place. The Gorge is mind boggling as to how water is contained within the limestone allowing stag and maidenhair ferns to survive so far up. Also the waterline denoting the wet season is so high up it's hard to believe that the trees below actually survive from year to year,Nitmiluk National Park,4.6,None,None,Positive,91.0
292,National park,False,True,en,0,3 years ago,2022-06-25T07:26:51.933Z,None,None,None,218,640,5,Northern Territory,False,Such a beautiful special place,Nitmiluk National Park,4.6,None,None,Positive,92.0
293,National park,False,True,en,0,3 years ago,2022-06-25T03:08:33.666Z,None,None,None,152,640,4,Northern Territory,False,A lot to see and a lot to do here. The experience varies greatly between dry and wet seasons,Nitmiluk National Park,4.6,None,None,Positive,93.0
294,National park,False,False,en,0,3 years ago,2022-06-24T11:49:54.282Z,None,None,None,45,640,4,Northern Territory,False,Nice walk to the lookouts.,Nitmiluk National Park,4.6,None,None,Positive,94.0
295,National park,False,True,en,0,3 years ago,2022-06-23T23:11:52.960Z,None,None,None,39,640,5,Northern Territory,False,Wonderful national park! Highly recommended,Nitmiluk National Park,4.6,None,None,Positive,95.0
296,National park,False,True,en,0,3 years ago,2022-06-23T11:55:29.132Z,None,None,None,12,640,5,Northern Territory,False,Dinner gorge tour fantastic good food good company wonderful staff,Nitmiluk National Park,4.6,None,None,Positive,96.0
297,National park,False,True,en,0,3 years ago,2022-06-22T08:27:45.324Z,None,None,None,369,640,4,Northern Territory,False,"The one day walks are tough. Start early and beat the heat. Water is on the tracks, butterfly Gorge is noice the 3 lookouts are worth it.",Nitmiluk National Park,4.6,None,None,Positive,97.0
298,National park,False,True,en,0,3 years ago,2022-06-18T12:03:07.554Z,None,None,None,33,640,5,Northern Territory,False,Beautiful,Nitmiluk National Park,4.6,None,None,Positive,98.0
299,National park,False,True,en,0,3 years ago,2022-06-16T20:12:20.423Z,None,None,None,3,640,5,Northern Territory,False,Beautiful,Nitmiluk National Park,4.6,None,None,Positive,99.0
300,National park,False,False,en,0,4 days ago,2025-09-17T03:20:15.305Z,None,None,None,2,3635,5,Northern Territory,False,Great experience,Uluṟu-Kata Tjuṯa National Park,4.8,None,None,Positive,0.0
301,National park,False,True,en,0,5 days ago,2025-09-16T10:55:47.749Z,None,None,None,141,3635,5,Northern Territory,False,Uluru: Where the rock's red glow steals the show and the outback's heart beats bold. #Outback #Adventure #Australia 🇦🇺🦘☕️,Uluṟu-Kata Tjuṯa National Park,4.8,None,None,Positive,1.0
302,National park,False,True,en,0,a week ago,2025-09-11T22:24:26.091Z,None,None,None,54,3635,5,Northern Territory,False,Beautiful,Uluṟu-Kata Tjuṯa National Park,4.8,None,None,Positive,2.0
303,National park,False,True,en,0,a week ago,2025-09-11T12:26:46.613Z,None,None,None,29,3635,5,Northern Territory,False,"Lots to see, so much first nation culture. 👌👌",Uluṟu-Kata Tjuṯa National Park,4.8,None,None,Positive,3.0
304,National park,False,True,en,0,a week ago,2025-09-09T07:30:40.609Z,None,None,None,35,3635,5,Northern Territory,False,"Obiettivamente è un posto molto pubblicizzato, esistono siti naturali altrettanto belli (anche di più) molto meno conosciuti. Tuttavia mi sono lasciato trascinare dalle leggende, dalla magia di questa enorme pietra,  e per questo ho vissuto un'esperienza suggestiva. Se non siete disposti a lasciarvi prendere dal mito esoterico che avvolge Uluru, non è una tappa obbligata!!!",Uluṟu-Kata Tjuṯa National Park,4.8,None,None,Neutral,4.0
305,National park,False,False,en,0,a week ago,2025-09-08T05:18:50.859Z,None,None,None,6,3635,5,Northern Territory,False,Geweldig mooi!,Uluṟu-Kata Tjuṯa National Park,4.8,None,None,Neutral,5.0
306,National park,False,True,en,0,a week ago,2025-09-08T00:59:54.094Z,None,None,None,40,3635,5,Northern Territory,False,"📌 Uluru
🌄 Uluru – Where the Earth Speaks in Stories
Standing before Uluru (Ayers Rock), my husband and I were absolutely in awe — not just by its sheer size or its striking red glow at sunset, but by the deep, spiritual presence it holds. 💫
This UNESCO World Heritage site isn’t just a rock — it's a sacred site for the Anangu people, rich with ancient stories passed down through generations. Stories that teach, inspire, and guide — serving as role models for those yet to come.
💬 Every crevice, every color shift tells a tale.
And let’s be honest... photos don’t do it justice — you feel Uluru more than you see it.
(Pro tip: pack extra memory cards... and maybe some tissues — it’s that moving 😅)
Grateful for this experience, and humbled by the history etched into this land.",Uluṟu-Kata Tjuṯa National Park,4.8,None,None,Positive,6.0
307,National park,False,True,en,0,a week ago,2025-09-07T15:51:52.316Z,None,None,None,1428,3635,5,Northern Territory,False,"Uno spettacolo della natura da assaporare in tutti i suoi aspetti.
L'entrata al parco è vincolata dall'acquisto online di un biglietto di accesso.
Vale la pena.
Poi potrete girare attorno ad Uluru, camminare lungo i suoi sentieri.
Poi rivolgetevi ai monti Kata Tjuta e, anche lì, organizzatevi per un trekking nella gola dei venti, fino alle sue parti interne, assaporando i venti che vi soffiano e la cultura e religiosità aborgena di cui sono impregnati.",Uluṟu-Kata Tjuṯa National Park,4.8,None,None,Neutral,7.0
308,National park,False,True,en,0,2 weeks ago,2025-09-07T08:48:31.067Z,None,None,None,11,3635,5,Northern Territory,False,"Uluṟu-Kata Tjuṯa National Park is a protected area in the Northern Territory of Australia. The park is home to both Uluru and Kata Tjuta. It is located 1,943 kilometres (1,207 mi) south of Darwin by road and 440 kilometres (270 mi) south-west of Alice Springs along the Stuart and Lasseter Highways. The park covers 1,326 square kilometres (512 sq mi) and includes the features it is named after: Uluru and, 40 kilometres (25 mi) to its west, Kata Tjuta. The location is listed as a UNESCO World Heritage Site for natural and cultural landscape.

Uluru/Ayers Rock is considered one of Australia's most recognisable landmarks, and has become a focal point for Australia and the world's acknowledgement of Australian indigenous culture. It is made up of a group of 36 conglomerate rock domes that date back 500 million years.

This park features spectacular geological formations that dominate the vast red sandy plain of central Australia. Uluru, an immense monolith, and Kata Tjuta, the rock domes located west of Uluru, form part of the traditional belief system of one of the oldest human societies in the world. The traditional owners of Uluru-Kata Tjuta are the Anangu Aboriginal people.🌏🇦🇺🪨

乌鲁鲁-卡塔丘塔国家公园是澳大利亚北领地的一个保护区。公园内有乌鲁鲁和卡塔丘塔。公园位于达尔文以南1,943公里（1,207英里）处，沿斯图尔特公路和拉塞特公路向南440公里（270英里），距爱丽丝泉西南方向。公园占地1,326平方公里（512平方英里），包括以其命名的地貌：乌鲁鲁和其西边40公里（25英里）的卡塔丘塔。该地因其自然和文化景观而被列为联合国教科文组织世界遗产。

乌鲁鲁/艾尔斯岩被认为是澳大利亚最具辨识度的地标之一，并已成为澳大利亚乃至世界对澳大利亚原住民文化的认可的焦点。它由一组36个砾岩穹丘组成，其历史可追溯到5亿年前。

这座公园拥有壮观的地质构造，主宰着澳大利亚中部广阔的红色沙质平原。乌鲁鲁，一块巨大的巨石，以及位于乌鲁鲁西侧的岩石穹丘卡塔丘塔，构成了世界上最古老的人类社会之一的传统信仰体系的一部分。乌鲁鲁-卡塔丘塔的传统主人是阿南古族原住民。🌏🇦🇺🪨",Uluṟu-Kata Tjuṯa National Park,4.8,None,None,Positive,8.0
309,National park,False,True,en,0,2 weeks ago,2025-09-04T14:14:08.496Z,None,None,None,591,3635,5,Northern Territory,False,정말 그야말로 경이로움 그 자체입니다,Uluṟu-Kata Tjuṯa National Park,4.8,None,None,Neutral,9.0
310,National park,False,True,en,0,2 weeks ago,2025-09-02T15:11:24.346Z,None,None,None,216,3635,5,Northern Territory,False,"Es un lugar mágico.  Un viaje largo desde cualquier punto de Australia, pero merece la pena
Es un viaje de calado espiritual",Uluṟu-Kata Tjuṯa National Park,4.8,None,None,Neutral,10.0
311,National park,False,True,en,0,3 weeks ago,2025-08-31T05:27:59.634Z,None,None,None,356,3635,5,Northern Territory,False,All Australians should visit this place at least once if possible,Uluṟu-Kata Tjuṯa National Park,4.8,None,None,Negative,11.0
312,National park,False,True,en,0,3 weeks ago,2025-08-29T21:46:34.904Z,None,None,None,12,3635,1,Northern Territory,False,Great experience,Uluṟu-Kata Tjuṯa National Park,4.8,None,None,Negative,12.0
313,National park,False,False,en,0,3 weeks ago,2025-08-26T22:02:56.006Z,None,None,None,8,3635,5,Northern Territory,False,Great experience,Uluṟu-Kata Tjuṯa National Park,4.8,None,None,Positive,13.0
314,National park,False,True,en,0,4 weeks ago,2025-08-24T08:46:59.316Z,None,None,None,65,3635,5,Northern Territory,False,"One of the most iconic places in Australia and just as I expected it did not disappointed me.
This famous rock is bigger than I expected, 2,5km long and 350m height.
From every corner of this rock you can admire its particular shapes levigated by rain and wind and its different colors in a shadow and sun light play.
We reached it from Alice Spring after 5 hours by bus but it’s worth it every minute we spent on long straight desert roads.",Uluṟu-Kata Tjuṯa National Park,4.8,None,None,Positive,14.0
315,National park,False,True,en,0,4 weeks ago,2025-08-22T05:37:55.738Z,None,None,None,37,3635,5,Northern Territory,False,Great experience,Uluṟu-Kata Tjuṯa National Park,4.8,None,None,Positive,15.0
316,National park,False,True,en,0,a month ago,2025-08-19T21:57:18.118Z,None,None,None,31,3635,5,Northern Territory,False,Great experience,Uluṟu-Kata Tjuṯa National Park,4.8,None,None,Positive,16.0
317,National park,False,True,en,0,a month ago,2025-08-16T20:39:56.246Z,None,None,None,154,3635,5,Northern Territory,False,"호주 현지인들도 많이 못가본 신비한 곳입니다.
시티들 방문도 좋지만 죽기전에 한번쯤 이곳도 방문하길 추천 드립니다.
2박3일 일정이 가장 좋을거 같고, 울루루의 라이징 선셋 모두 보세요!!!!  호주를 방문했으나 아프리카에 온 느낌도 받으실수 있습니다.
밤엔 별 관찰도 하세요 너무쉽게 은하수를 볼 수 있습니다.",Uluṟu-Kata Tjuṯa National Park,4.8,None,None,Neutral,17.0
318,National park,False,True,en,0,a month ago,2025-08-15T10:18:48.097Z,None,None,None,34,3635,5,Northern Territory,False,Great experience,Uluṟu-Kata Tjuṯa National Park,4.8,None,None,Positive,18.0
319,National park,False,True,en,0,a month ago,2025-08-15T01:33:50.743Z,None,None,None,61,3635,5,Northern Territory,False,Amazing spiritual place 1000% recommend !,Uluṟu-Kata Tjuṯa National Park,4.8,None,None,Positive,19.0
320,National park,False,True,en,0,a month ago,2025-08-14T08:43:49.652Z,None,None,None,182,3635,5,Northern Territory,False,"Uluru (Ayers Rock) + KataTjuta deux sites magnifiques et incontournables lorsque l'on visite l'Outback. Aux 2 endroits il y a des randonnées faciles à mettre en oeuvre et très bien balisées.
Et bien entendu, assister au coucher du soleil est un must.",Uluṟu-Kata Tjuṯa National Park,4.8,None,None,Neutral,20.0
321,National park,False,True,en,0,a month ago,2025-08-13T08:26:01.987Z,None,None,None,16,3635,5,Northern Territory,False,Un lieu magique !,Uluṟu-Kata Tjuṯa National Park,4.8,None,None,Neutral,21.0
322,National park,False,True,en,0,a month ago,2025-08-13T02:24:33.583Z,None,None,None,44,3635,5,Northern Territory,False,Sacred and amazing place,Uluṟu-Kata Tjuṯa National Park,4.8,None,None,Positive,22.0
323,National park,False,True,en,0,a month ago,2025-08-13T01:51:07.296Z,None,None,None,38,3635,5,Northern Territory,False,gorganids reference?,Uluṟu-Kata Tjuṯa National Park,4.8,None,None,Neutral,23.0
324,National park,False,False,en,0,a month ago,2025-08-11T23:42:45.415Z,None,None,None,3,3635,1,Northern Territory,False,it a rock but its not the rock,Uluṟu-Kata Tjuṯa National Park,4.8,None,None,Neutral,24.0
325,National park,False,True,en,0,a month ago,2025-08-08T01:34:51.862Z,None,None,None,129,3635,5,Northern Territory,False,big nice rock!,Uluṟu-Kata Tjuṯa National Park,4.8,None,None,Positive,25.0
326,National park,False,True,en,0,a month ago,2025-08-05T10:47:15.495Z,None,None,None,15,3635,5,Northern Territory,False,Great experience,Uluṟu-Kata Tjuṯa National Park,4.8,None,None,Positive,26.0
327,National park,False,True,en,0,a month ago,2025-08-05T00:21:55.495Z,None,None,None,79,3635,5,Northern Territory,False,It is a very special experience to see and walk. While there also go and walk the Olga's,Uluṟu-Kata Tjuṯa National Park,4.8,None,None,Positive,27.0
328,National park,False,False,en,0,a month ago,2025-08-04T22:15:34.144Z,None,None,None,118,3635,5,Northern Territory,False,Great experience,Uluṟu-Kata Tjuṯa National Park,4.8,None,None,Positive,28.0
329,National park,False,True,en,0,a month ago,2025-08-04T15:16:52.165Z,None,None,None,19,3635,5,Northern Territory,False,Great experience,Uluṟu-Kata Tjuṯa National Park,4.8,None,None,Positive,29.0
330,National park,False,True,en,0,Edited a month ago,2025-08-03T11:51:24.890Z,None,None,None,348,3635,5,Northern Territory,False,"Fantastic place to visit, walked all around the rock.  This is my 3 visit in my life.  💜",Uluṟu-Kata Tjuṯa National Park,4.8,None,None,Positive,30.0
331,National park,False,False,en,0,a month ago,2025-08-02T03:19:07.802Z,None,None,None,9,3635,5,Northern Territory,False,There is something quite spiritual there in The Red Centre. Especially Uluru and Kata Tjuṯa (The Olgas),Uluṟu-Kata Tjuṯa National Park,4.8,None,None,Neutral,31.0
332,National park,False,False,en,0,Edited a month ago,2025-07-28T05:41:01.451Z,None,None,None,5,3635,5,Northern Territory,False,Needs a toilet halfway around Uluru if you are walking. Otherwise very majestic and 5/5,Uluṟu-Kata Tjuṯa National Park,4.8,None,None,Positive,32.0
333,National park,False,True,en,0,a month ago,2025-07-25T22:26:14.888Z,None,None,None,110,3635,5,Northern Territory,False,Good to see,Uluṟu-Kata Tjuṯa National Park,4.8,None,None,Positive,33.0
334,National park,False,True,en,0,a month ago,2025-07-25T11:40:05.140Z,None,None,None,28,3635,5,Northern Territory,False,Great experience,Uluṟu-Kata Tjuṯa National Park,4.8,None,None,Positive,34.0
335,National park,False,True,en,0,2 months ago,2025-07-20T20:19:53.734Z,None,None,None,177,3635,5,Northern Territory,False,A beautiful place to be!,Uluṟu-Kata Tjuṯa National Park,4.8,None,None,Positive,35.0
336,National park,False,True,en,0,2 months ago,2025-07-18T11:01:45.368Z,None,None,None,11,3635,5,Northern Territory,False,Great experience,Uluṟu-Kata Tjuṯa National Park,4.8,None,None,Positive,36.0
337,National park,False,True,en,0,2 months ago,2025-07-16T21:10:52.952Z,None,None,None,229,3635,5,Northern Territory,False,Niesamowite krajobrazy.  Dobrze się trzeba zabezpieczyć przed upałem.,Uluṟu-Kata Tjuṯa National Park,4.8,None,None,Neutral,37.0
338,National park,False,False,en,0,2 months ago,2025-07-15T06:25:40.838Z,None,None,None,1,3635,5,Northern Territory,False,Great experience,Uluṟu-Kata Tjuṯa National Park,4.8,None,None,Positive,38.0
339,National park,False,True,en,0,2 months ago,2025-07-14T22:31:20.853Z,None,None,None,96,3635,5,Northern Territory,False,Magical.,Uluṟu-Kata Tjuṯa National Park,4.8,None,None,Positive,39.0
340,National park,False,True,en,0,2 months ago,2025-07-14T07:43:25.804Z,None,None,None,16,3635,1,Northern Territory,False,"You have to pay $80 bucks to enter when my taxes already pay for the upkeep, just to not be able to climb it, don’t even get me started on the fact that the hotels charge you extra, the rock it’s self yeah kinda good.",Uluṟu-Kata Tjuṯa National Park,4.8,None,None,Positive,40.0
341,National park,False,False,en,0,2 months ago,2025-07-13T04:31:41.644Z,None,None,None,5,3635,5,Northern Territory,False,Lots of fun and enjoyable time here,Uluṟu-Kata Tjuṯa National Park,4.8,None,None,Positive,41.0
342,National park,False,False,en,0,2 months ago,2025-07-12T10:15:56.399Z,None,None,None,6,3635,5,Northern Territory,False,Beautiful ✨ in sunset 🌅,Uluṟu-Kata Tjuṯa National Park,4.8,None,None,Positive,42.0
343,National park,False,True,en,0,2 months ago,2025-07-10T09:52:00.652Z,None,None,None,114,3635,4,Northern Territory,False,"Well, it's a national icon. So a must see. However, the Olgas  and the Kings Canyon were more spectacular.",Uluṟu-Kata Tjuṯa National Park,4.8,None,None,Positive,43.0
344,National park,False,True,en,0,2 months ago,2025-07-07T23:19:36.983Z,None,None,None,104,3635,5,Northern Territory,False,"Out of this world, from the star gazing to both Uluru and Kata Tjuta rock formations.",Uluṟu-Kata Tjuṯa National Park,4.8,None,None,Neutral,44.0
345,National park,False,True,en,0,2 months ago,2025-07-05T12:39:42.405Z,None,None,None,0,3635,5,Northern Territory,False,Great experience,Uluṟu-Kata Tjuṯa National Park,4.8,None,None,Positive,45.0
346,National park,False,True,en,0,2 months ago,2025-07-05T07:28:29.214Z,None,None,None,27,3635,5,Northern Territory,False,"One of the best experiences I’ve ever had. This place is full of mystical vibes and Indigenous culture. Here you can really imagine how the Natives used to live in ancient times and how important this place has been for their culture. If you’re looking for a truly authentic experience in the Red Centre, this is exactly what you’re searching for",Uluṟu-Kata Tjuṯa National Park,4.8,None,None,Positive,46.0
347,National park,False,True,en,0,2 months ago,2025-07-02T07:45:08.570Z,None,None,None,111,3635,5,Northern Territory,False,"Must be on your to do list if in Australia!
Simply splendid!
Enjoy",Uluṟu-Kata Tjuṯa National Park,4.8,None,None,Positive,47.0
348,National park,False,True,en,0,2 months ago,2025-07-02T04:15:27.562Z,None,None,None,3,3635,5,Northern Territory,False,Clean with reasonable prices 1 stop bakery ingredients supplies,Uluṟu-Kata Tjuṯa National Park,4.8,None,None,Positive,48.0
349,National park,False,True,en,0,2 months ago,2025-07-01T07:26:35.672Z,None,None,None,116,3635,5,Northern Territory,False,Great experience,Uluṟu-Kata Tjuṯa National Park,4.8,None,None,Positive,49.0
350,National park,False,True,en,0,2 months ago,2025-07-01T00:22:51.160Z,None,None,None,26,3635,5,Northern Territory,False,Great experience,Uluṟu-Kata Tjuṯa National Park,4.8,None,None,Positive,50.0
351,National park,False,True,en,0,2 months ago,2025-06-29T07:27:48.843Z,None,None,None,108,3635,3,Northern Territory,False,"Great park, but doesn't offer 1 day passes! Only 3 day ones. Very inconvenient as most tour in this area are for 5-6 days which means you have to buy 2 passes, or if only coming thru for a day, you get overcharged. Offer more options!",Uluṟu-Kata Tjuṯa National Park,4.8,None,None,Positive,51.0
352,National park,False,True,en,0,2 months ago,2025-06-28T11:41:15.538Z,None,None,None,2,3635,5,Northern Territory,False,Great experience,Uluṟu-Kata Tjuṯa National Park,4.8,None,None,Positive,52.0
353,National park,False,True,en,0,Edited 2 months ago,2025-06-27T10:27:12.153Z,None,None,None,14,3635,5,Northern Territory,False,Great place for a weekend. Sunset viewing is a must.,Uluṟu-Kata Tjuṯa National Park,4.8,None,None,Positive,53.0
354,National park,False,True,en,0,2 months ago,2025-06-24T18:59:24.753Z,None,None,None,27,3635,3,Northern Territory,False,"Is it iconic? Yeah. Was it a beautiful spot? Yes. Was is it a once in a lifetime experience? I guess. Was it the best thing to see in any trip to Australia? No. And this is where my point lies. Ayers Rock is not the reason to visit Australia: in a 3-week trip to this beautiful country, it was the least impressive thing we saw. And the most expensive. Think about it. Are you willing to pay $600 roundtrip tickets to Ayers Rock from Sydney and spend over $400 a night in a monopoly of hotels whose rooms are worse than motels and also deal with thousands of flies that swarm on your face and clothes when you try to go on a hike? The site may be beautiful, but it is overhyped and overblown for what it really is: one rock in the middle of the desert. Is it a nice rock? Yeah, but it's not worth the price and compared to other beautiful sites in Australia (Twelve Apostles, the Blue Mountains, Cradle Mountain, Great Barrier Reef, Mountains around Cairns, Mt. Wellington, Hobart) it is on the same level of beauty, but less enjoyable to visit. Another misconception is that Uluru is the only place in Australia to see kangaroos in the wild. That is not true- there are 50 million kangaroos in that country and Ayers Rock might be one of the only places you can't see them in the country because they don't like the grass there. Just on the drive to the 12 Apostles from Melbourne, we saw a flock of Kangaroos. Also, there are plenty of them within an hours drive of Sydney. Ayers Rock is nice, but simply not as beautiful as the rest of Australia. If you go, just stay one or two nights. But don't make this rock the  sole reason to visit Australia or you will be very disappointed.",Uluṟu-Kata Tjuṯa National Park,4.8,None,None,Positive,54.0
355,National park,False,True,en,0,3 months ago,2025-06-18T01:45:08.813Z,None,None,None,47,3635,5,Northern Territory,False,Great experience,Uluṟu-Kata Tjuṯa National Park,4.8,None,None,Positive,55.0
356,National park,False,True,en,0,3 months ago,2025-06-16T23:34:33.898Z,None,None,None,9,3635,5,Northern Territory,False,Great experience,Uluṟu-Kata Tjuṯa National Park,4.8,None,None,Positive,56.0
357,National park,False,True,en,0,3 months ago,2025-06-16T07:26:10.440Z,None,None,None,15,3635,5,Northern Territory,False,Since I’m a kid I’m dreaming of seeing the Uluru with my own eyes and it is extremely beautiful!,Uluṟu-Kata Tjuṯa National Park,4.8,None,None,Positive,57.0
358,National park,False,False,en,0,3 months ago,2025-06-16T01:58:06.260Z,None,None,None,4,3635,4,Northern Territory,False,"My family and I were there at the start of June. The weather was nice, not too hot or too cold. However, just wanted to share - bring a face net!

There are flies / insects in the area (right from when we landed at the airport). Of course, there were places with more than others so preparing face nets will help with keeping them clear of your nose, mouth and ears. You can purchase the nets at the town centre but they are a bit more pricey (AUD 10-15 per net).

Putting that aside, Uluru is beautiful especially during sunset. The rock almost seemed like it is glowing fiery red.",Uluṟu-Kata Tjuṯa National Park,4.8,None,None,Positive,58.0
359,National park,False,False,en,0,3 months ago,2025-06-16T00:09:30.855Z,None,None,None,3,3635,5,Northern Territory,False,Great experience,Uluṟu-Kata Tjuṯa National Park,4.8,None,None,Positive,59.0
360,National park,False,False,en,0,3 months ago,2025-06-16T00:09:30.855Z,None,None,None,3,3635,5,Northern Territory,False,Great experience,Uluṟu-Kata Tjuṯa National Park,4.8,None,None,Positive,60.0
361,National park,False,True,en,0,3 months ago,2025-06-14T08:51:41.232Z,None,None,None,649,3635,5,Northern Territory,False,Amazing experience visiting. Get your tickets online and just scan at the entrance it is valid for three days. The park is very organized with many parking lots separated for buses and cars. Make sure to check it out the website for maps of trails and also sensitive areas. Don’t miss sunset/ sunrise both fantastic!,Uluṟu-Kata Tjuṯa National Park,4.8,None,None,Positive,61.0
362,National park,False,True,en,0,Edited 3 months ago,2025-06-13T01:56:26.361Z,None,None,None,97,3635,5,Northern Territory,False,"An amazing view. I can’t believe that I have been here but still don’t know how to express my feelings. I travel all the way from Melbourne and take few days driving on my own. Tired and exhausted but completely worth it. 3 days looking at this giant rock and walking 10km loop still not enough for me to explained how amazed I am. ‘How small I am in this world.’
I recommend this is the first place everyone should visit  in Australia.",Uluṟu-Kata Tjuṯa National Park,4.8,None,None,Positive,62.0
363,National park,False,False,en,0,3 months ago,2025-06-11T06:08:30.921Z,None,None,None,12,3635,5,Northern Territory,False,Great experience,Uluṟu-Kata Tjuṯa National Park,4.8,None,None,Positive,63.0
364,National park,False,True,en,0,3 months ago,2025-06-09T03:17:46.447Z,None,None,None,7,3635,5,Northern Territory,False,The rock is Magnificent but too many flies!!! Best to have a fly net!,Uluṟu-Kata Tjuṯa National Park,4.8,None,None,Positive,64.0
365,National park,False,True,en,0,3 months ago,2025-06-08T22:46:59.254Z,None,None,None,19,3635,5,Northern Territory,False,As we are a tourist that travels around Australia this would have to be my top 5 favourite,Uluṟu-Kata Tjuṯa National Park,4.8,None,None,Positive,65.0
366,National park,False,False,en,0,3 months ago,2025-06-04T01:56:46.783Z,None,None,None,2,3635,5,Northern Territory,False,Great experience,Uluṟu-Kata Tjuṯa National Park,4.8,None,None,Positive,66.0
367,National park,False,True,en,0,3 months ago,2025-05-22T07:57:17.224Z,None,None,None,11,3635,5,Northern Territory,False,Being here was such a blessing i loved the walk around and hiking to the top was definitely worth it.,Uluṟu-Kata Tjuṯa National Park,4.8,None,None,Positive,67.0
368,National park,False,True,en,0,4 months ago,2025-05-21T01:48:55.544Z,None,None,None,163,3635,5,Northern Territory,False,What can I say? MAGIC!!!! Sunrise and sunset are a must,Uluṟu-Kata Tjuṯa National Park,4.8,None,None,Positive,68.0
369,National park,False,True,en,0,4 months ago,2025-05-20T06:09:50.718Z,None,None,None,20,3635,4,Northern Territory,False,Great experience,Uluṟu-Kata Tjuṯa National Park,4.8,None,None,Positive,69.0
370,National park,False,True,en,0,4 months ago,2025-05-18T06:33:07.752Z,None,None,None,63,3635,5,Northern Territory,False,Australian experience is incomplete without this place🙂.,Uluṟu-Kata Tjuṯa National Park,4.8,None,None,Neutral,70.0
371,National park,False,False,en,0,4 months ago,2025-05-17T04:00:56.045Z,None,None,None,15,3635,5,Northern Territory,False,Great experience,Uluṟu-Kata Tjuṯa National Park,4.8,None,None,Positive,71.0
372,National park,False,False,en,0,4 months ago,2025-05-16T10:41:52.005Z,None,None,None,7,3635,4,Northern Territory,False,Just OK .. I hate it Flys,Uluṟu-Kata Tjuṯa National Park,4.8,None,None,Negative,72.0
373,National park,False,False,en,0,4 months ago,2025-05-16T08:58:36.339Z,None,None,None,0,3635,5,Northern Territory,False,Great experience,Uluṟu-Kata Tjuṯa National Park,4.8,None,None,Positive,73.0
374,National park,False,True,en,0,4 months ago,2025-05-15T01:38:13.175Z,None,None,None,402,3635,5,Northern Territory,False,Unforgettable,Uluṟu-Kata Tjuṯa National Park,4.8,None,None,Positive,74.0
375,National park,False,True,en,0,4 months ago,2025-05-14T03:40:27.484Z,None,None,None,22,3635,5,Northern Territory,False,Great experience,Uluṟu-Kata Tjuṯa National Park,4.8,None,None,Positive,75.0
376,National park,False,True,en,0,4 months ago,2025-05-13T22:03:28.942Z,None,None,None,8,3635,5,Northern Territory,False,Great experience,Uluṟu-Kata Tjuṯa National Park,4.8,None,None,Positive,76.0
377,National park,False,True,en,0,4 months ago,2025-05-12T14:15:20.095Z,None,None,None,41,3635,1,Northern Territory,False,Great experience,Uluṟu-Kata Tjuṯa National Park,4.8,None,None,Negative,77.0
378,National park,False,True,en,0,4 months ago,2025-05-05T06:42:39.524Z,None,None,None,19,3635,5,Northern Territory,False,Great experience,Uluṟu-Kata Tjuṯa National Park,4.8,None,None,Positive,78.0
379,National park,False,False,en,0,4 months ago,2025-04-28T05:13:00.315Z,None,None,None,9,3635,5,Northern Territory,False,Great experience,Uluṟu-Kata Tjuṯa National Park,4.8,None,None,Positive,79.0
380,National park,False,False,en,0,4 months ago,2025-04-25T04:13:35.890Z,None,None,None,14,3635,5,Northern Territory,False,One of the best places to visit in Australia,Uluṟu-Kata Tjuṯa National Park,4.8,None,None,Positive,80.0
381,National park,False,True,en,0,4 months ago,2025-04-22T14:26:43.429Z,None,None,None,486,3635,4,Northern Territory,False,"Vorweg - es ist beeindruckend.
Würde ich eine Wanderung um den Felsen empfehlen? Nicht unbedingt.
Mir persönlich hat mehr der Eindruck aus der Ferne gefallen.
Fotos sind nicht von allen Stellen erlaubt bzw. erwünscht.
Sonnenaufgangswanderung ist nett, hat aber wenig mit der Sonne per se sondern mehr mit den besseren Temperaturen zu tun.
Im April eher unnötig.
UNBEDINGT fliegennetz mitnehmen und ausreichend zu trinken.",Uluṟu-Kata Tjuṯa National Park,4.8,None,None,Neutral,81.0
382,National park,False,False,en,0,4 months ago,2025-04-21T17:19:51.235Z,None,None,None,0,3635,5,Northern Territory,False,Great experience,Uluṟu-Kata Tjuṯa National Park,4.8,None,None,Positive,82.0
383,National park,False,True,en,0,5 months ago,2025-04-10T07:31:41.329Z,None,None,None,3,3635,5,Northern Territory,False,Great experience,Uluṟu-Kata Tjuṯa National Park,4.8,None,None,Positive,83.0
384,National park,False,True,en,0,5 months ago,2025-04-07T03:34:23.944Z,None,None,None,28,3635,5,Northern Territory,False,A dream came true,Uluṟu-Kata Tjuṯa National Park,4.8,None,None,Positive,84.0
385,National park,False,True,en,0,5 months ago,2025-04-04T10:54:31.516Z,None,None,None,75,3635,5,Northern Territory,False,i'm still yet to go over there but it's my absolute dream to go and visit beautiful Central Aus and especially Uluru and its surrounds as it's full of beautiful rich cultural heritage that's unmatched and incomparable to anywhere else in the world. such a rich beautiful place ✨️ 🙌🏻 ✨️ #alwayswasalwayswillbe🖤💛❤️,Uluṟu-Kata Tjuṯa National Park,4.8,None,None,Positive,85.0
386,National park,False,True,en,0,Edited 5 months ago,2025-04-02T10:43:06.934Z,None,None,None,113,3635,5,Northern Territory,False,Amazing place,Uluṟu-Kata Tjuṯa National Park,4.8,None,None,Positive,86.0
387,National park,False,True,en,0,5 months ago,2025-04-02T01:39:27.820Z,None,None,None,201,3635,4,Northern Territory,False,It's really beautiful but I think more signs could be put up regarding photography allowed zones or having a media gallery. It was a bit confusing with different guides saying different things about photography being allowed in kata tjuta.,Uluṟu-Kata Tjuṯa National Park,4.8,None,None,Positive,87.0
388,National park,False,True,en,0,5 months ago,2025-03-30T04:55:24.374Z,None,None,None,0,3635,5,Northern Territory,False,Great experience,Uluṟu-Kata Tjuṯa National Park,4.8,None,None,Positive,88.0
389,National park,False,True,en,0,5 months ago,2025-03-28T20:30:14.609Z,None,None,None,45,3635,5,Northern Territory,False,Great experience,Uluṟu-Kata Tjuṯa National Park,4.8,None,None,Positive,89.0
390,National park,False,True,en,0,5 months ago,2025-03-27T21:58:03.926Z,None,None,None,316,3635,5,Northern Territory,False,"Amazing place to visit and appreciate with respect. Definitely bring a face net for relief from the flies! Don't attempt any walks without sufficient amounts of water, the central Australian heat can be brutal",Uluṟu-Kata Tjuṯa National Park,4.8,None,None,Negative,90.0
391,National park,False,True,en,0,5 months ago,2025-03-26T04:00:23.200Z,None,None,None,7,3635,5,Northern Territory,False,Great place to visit and for camping as well. Would be nice if the camping facilities were a bit more up-to-date. Can't wait to visit again. Would 100% recommend.,Uluṟu-Kata Tjuṯa National Park,4.8,None,None,Positive,91.0
392,National park,False,False,en,0,5 months ago,2025-03-26T02:21:31.977Z,None,None,None,3,3635,2,Northern Territory,False,omg big rock so cool,Uluṟu-Kata Tjuṯa National Park,4.8,None,None,Positive,92.0
393,National park,False,False,en,0,5 months ago,2025-03-25T04:15:35.720Z,None,None,None,6,3635,5,Northern Territory,False,"Uluṟu-Kata Tjuṯa National Park is a must-visit for those wanting to experience Australia’s spiritual heart. The combination of natural beauty, Indigenous heritage, and unique landscapes makes it an unforgettable destination.",Uluṟu-Kata Tjuṯa National Park,4.8,None,None,Positive,93.0
394,National park,False,False,en,0,5 months ago,2025-03-24T13:05:02.123Z,None,None,None,1,3635,5,Northern Territory,False,Great experience,Uluṟu-Kata Tjuṯa National Park,4.8,None,None,Positive,94.0
395,National park,False,True,en,0,5 months ago,2025-03-24T12:35:03.584Z,None,None,None,87,3635,5,Northern Territory,False,"ウルル、カタジュタともに最高でした。少し暑くて還暦過ぎた私にはしんどく感じることもありましたが、AAT kingsのツアーに入ったお陰で楽しむことができました。
日本語ツアーのガイドのMさん、Yさん、お二人とも奥深い知識をもった、過去出会ったガイドさんの中で最高レベルの方だったと、心底思います。
大型バスを運転しながら、あれだけ長時間、的確に話せるのは並大抵のことではないと思います。本当にありがとうございました。",Uluṟu-Kata Tjuṯa National Park,4.8,None,None,Neutral,95.0
396,National park,False,True,en,0,5 months ago,2025-03-23T04:46:42.890Z,None,None,None,326,3635,4,Northern Territory,False,Vanaf een afstand echt enorm indrukwekkend helaas viel voor mij de wandeling erg tegen. Het mooiste was het waterbassin.,Uluṟu-Kata Tjuṯa National Park,4.8,None,None,Neutral,96.0
397,National park,False,True,en,0,5 months ago,2025-03-23T04:31:10.494Z,None,None,None,242,3635,5,Northern Territory,False,Great experience,Uluṟu-Kata Tjuṯa National Park,4.8,None,None,Positive,97.0
398,National park,False,False,en,0,5 months ago,2025-03-22T20:13:43.139Z,None,None,None,11,3635,5,Northern Territory,False,Majestueux. Il faut absolument voir ça une fois dans sa vie,Uluṟu-Kata Tjuṯa National Park,4.8,None,None,Neutral,98.0
399,National park,False,False,en,0,5 months ago,2025-03-21T19:13:14.346Z,None,None,None,8,3635,5,Northern Territory,False,Yuup!!!,Uluṟu-Kata Tjuṯa National Park,4.8,None,None,Neutral,99.0
400,National park,False,False,en,0,12 hours ago,2025-09-21T02:53:17.369Z,None,None,None,1,1508,3,Northern Territory,False,A must see once in a lifetime,Kakadu National Park,4.4,None,None,Neutral,0.0
401,National park,False,False,en,0,a day ago,2025-09-20T03:53:11.124Z,None,None,None,2,1508,4,Northern Territory,False,A must see once in a lifetime,Kakadu National Park,4.4,None,None,Positive,1.0
402,National park,False,False,en,0,a week ago,2025-09-08T02:07:56.987Z,None,None,None,2,1508,5,Northern Territory,False,Camping in Merl camping and visited the rock art jabiru. Exciting places,Kakadu National Park,4.4,None,None,Positive,2.0
403,National park,False,True,en,0,2 weeks ago,2025-09-01T11:33:38.842Z,None,None,None,11,1508,5,Northern Territory,False,"Kakadu National Park is a protected area in the Northern Territory of Australia, 171 km (106 mi) southeast of Darwin. It is a World Heritage Site. Kakadu is also gazetted as a locality, covering the same area as the national park, with 313 people recorded living there in the 2016 Australian census.

Kakadu National Park is located within the Alligator Rivers Region of the Northern Territory, covering an area of 19,804 km2 (7,646 sq mi), extending nearly 200 kilometres (124 mi) from north to south and over 100 kilometres (62 mi) from east to west. It is roughly the size of Wales or one-third the size of Tasmania, and is the second-largest national park in Australia, after the Munga-Thirri–Simpson Desert National Park. Most of the region is owned by the Aboriginal traditional owners, who have occupied the land for around 60,000 years and, today, manage the park jointly with Parks Australia. It is highly ecologically and biologically diverse, hosting a wide range of habitats and flora and fauna. It also includes a rich heritage of Aboriginal rock art, including highly significant sites, such as Ubirr. Kakadu is fully protected by the EPBC Act.

Kakadu is a place of enormous ecological and biological diversity. It extends from the coast and estuaries in the north through floodplains, billabongs and lowlands to rocky ridges and stone country in the south. These landscapes are home to a range of rare and endemic plants and animals, including more than one-third of Australia's bird species and one-quarter of its freshwater and estuarine fish species.🇦🇺🏞️🌲

卡卡杜国家公园是澳大利亚北领地的一个保护区，位于达尔文东南171公里（106英里）。它是世界遗产。卡卡杜也被列为地方政府，其面积与国家公园相同。2016年澳大利亚人口普查记录显示，共有313人居住于此。

卡卡杜国家公园位于北领地的鳄鱼河地区，占地19,804平方公里（7,646平方英里），南北绵延近200公里（124英里），东西绵延超过100公里（62英里）。它的面积大约相当于威尔士，或塔斯马尼亚岛面积的三分之一，是澳大利亚第二大国家公园，仅次于蒙加-瑟里-辛普森沙漠国家公园。该地区大部分土地归原住民传统所有者所有，他们已在此居住约6万年，如今与澳大利亚公园管理局共同管理该公园。该地区生态和生物多样性极高，拥有种类繁多的栖息地和动植物。此外，这里还拥有丰富的原住民岩画遗产，其中包括乌比尔等意义非凡的遗址。卡卡杜受到《环境、生物多样性和生物多样性法案》的全面保护。

卡卡杜拥有丰富的生态和生物多样性。它从北部的海岸和河口，穿过洪泛平原、死水潭和低地，一直延伸到南部的岩石山脊和石林。这些景观是各种珍稀特有动植物的家园，其中包括超过三分之一的澳大利亚鸟类以及四分之一的淡水和河口鱼类。🇦🇺🏞️🌲",Kakadu National Park,4.4,None,None,Positive,3.0
404,National park,False,True,en,0,2 weeks ago,2025-09-01T04:52:54.825Z,None,None,None,110,1508,5,Northern Territory,False,The best place to visit. Amazing nature Amazing water falls everywhere beautiful,Kakadu National Park,4.4,None,None,Positive,4.0
405,National park,False,True,en,0,3 weeks ago,2025-08-31T11:46:04.616Z,None,None,None,21,1508,3,Northern Territory,False,"Una gran decepción. Falta señalización dentro del parque. Te dan un plano en el centro de visitantes y cuando sales, no sabes ni que carretera tomar. Solo encuentras señalización cuando estás llegando al punto. Y ahí es cuando te dicen que quedan 16 o 50 km, más la caminata. Haces 250 km desde Darwin y el paisaje es monótono. Solo se salvan las excepciones cuando eres capaz de encontrar algo. Se pasan muchas horas en el coche. No he venido al otro lado del mundo para esto. Se necesita más información, indicaciones y cartelería",Kakadu National Park,4.4,None,None,Neutral,5.0
406,National park,False,False,en,0,3 weeks ago,2025-08-31T11:07:21.352Z,None,None,None,2,1508,2,Northern Territory,False,A must see once in a lifetime,Kakadu National Park,4.4,None,None,Negative,6.0
407,National park,False,False,en,0,a month ago,2025-08-19T08:49:09.513Z,None,None,None,8,1508,5,Northern Territory,False,"Amazing national park. Note you need a 4 wheel drive to do any of the Gorges off the main road (I.e Twin Falls, Jim Jim Falls, Motor Falls or Barramundi Gorge). A 2wd camper van cannot get to them.",Kakadu National Park,4.4,None,None,Positive,7.0
408,National park,False,True,en,0,a month ago,2025-08-17T04:15:43.546Z,None,None,None,43,1508,5,Northern Territory,False,"Kakadu is the perfect place to spend a day with family, surrounded by incredible natural beauty. There are safe swimming spots where you can splash around and cool off, and plenty of shaded areas ideal for a picnic. The scenery is breathtaking, with stunning landscapes, wildlife, and waterholes that make every visit feel special. It’s a wonderful spot to unwind, share food, and enjoy the outdoors together. A must-do for families looking for both relaxation and adventure.",Kakadu National Park,4.4,None,None,Positive,8.0
409,National park,False,True,en,0,a month ago,2025-08-16T23:47:59.786Z,None,None,None,182,1508,5,Northern Territory,False,"Bello, visitato con tour di un giorno",Kakadu National Park,4.4,None,None,Neutral,9.0
410,National park,False,False,en,0,a month ago,2025-08-14T22:59:16.216Z,None,None,None,2,1508,5,Northern Territory,False,A must see once in a lifetime,Kakadu National Park,4.4,None,None,Positive,10.0
411,National park,False,True,en,0,a month ago,2025-08-14T21:34:23.226Z,None,None,None,38,1508,5,Northern Territory,False,A must see once in a lifetime,Kakadu National Park,4.4,None,None,Positive,11.0
412,National park,False,True,en,0,a month ago,2025-08-14T15:09:11.296Z,None,None,None,182,1508,4,Northern Territory,False,"Belle réserve naturelle. Nous sommes restés sur notre faim en ce qui concerne l'observation de la faune animale, pas beaucoup d'oiseaux (comme c'est l'hiver, peut être ont ils migré ?).
En revanche, beaucoup de crocodiles sur la rivière Guluyambi. Très intéressante la croisière culturelle sur cette rivière, en compagnie d'un aborigène qui nous a expliqué plusieurs aspects de la culture de son peuple et nous a fait une démonstration de chasse avec son arme de jet.",Kakadu National Park,4.4,None,None,Neutral,12.0
413,National park,False,True,en,0,a month ago,2025-08-10T08:10:04.304Z,None,None,None,46,1508,5,Northern Territory,False,Just beautiful,Kakadu National Park,4.4,None,None,Positive,13.0
414,National park,False,True,en,0,a month ago,2025-08-09T03:02:33.719Z,None,None,None,68,1508,5,Northern Territory,False,A must see once in a lifetime,Kakadu National Park,4.4,None,None,Positive,14.0
415,National park,False,True,en,0,a month ago,2025-08-04T04:36:52.317Z,None,None,None,61,1508,5,Northern Territory,False,A very spiritual experience.,Kakadu National Park,4.4,None,None,Neutral,15.0
416,National park,False,False,en,0,a month ago,2025-08-01T04:59:53.563Z,None,None,None,2,1508,5,Northern Territory,False,A must see once in a lifetime,Kakadu National Park,4.4,None,None,Positive,16.0
417,National park,False,True,en,0,a month ago,2025-08-01T02:24:50.712Z,None,None,None,19,1508,5,Northern Territory,False,A must see once in a lifetime,Kakadu National Park,4.4,None,None,Positive,17.0
418,National park,False,True,en,0,a month ago,2025-07-31T20:43:30.036Z,None,None,None,51,1508,5,Northern Territory,False,"Prachtige omgeving, en een geweldige boottocht gemaakt",Kakadu National Park,4.4,None,None,Neutral,18.0
419,National park,False,False,en,0,a month ago,2025-07-28T05:04:24.774Z,None,None,None,10,1508,5,Northern Territory,False,A must see once in a lifetime,Kakadu National Park,4.4,None,None,Positive,19.0
420,National park,False,True,en,0,a month ago,2025-07-27T05:34:32.375Z,None,None,None,15,1508,5,Northern Territory,False,A must see once in a lifetime,Kakadu National Park,4.4,None,None,Positive,20.0
421,National park,False,True,en,0,a month ago,2025-07-26T23:11:15.346Z,None,None,None,293,1508,5,Northern Territory,False,Très beau parc pleins de crocodiles et d'oiseaux migrateurs,Kakadu National Park,4.4,None,None,Neutral,21.0
422,National park,False,True,en,0,a month ago,2025-07-24T10:43:37.290Z,None,None,None,22,1508,5,Northern Territory,False,Nice,Kakadu National Park,4.4,None,None,Positive,22.0
423,National park,False,False,en,0,a month ago,2025-07-23T08:06:54.429Z,None,None,None,6,1508,5,Northern Territory,False,A must see once in a lifetime,Kakadu National Park,4.4,None,None,Positive,23.0
424,National park,False,False,en,0,a month ago,2025-07-22T00:54:45.962Z,None,None,None,2,1508,5,Northern Territory,False,A must see once in a lifetime,Kakadu National Park,4.4,None,None,Positive,24.0
425,National park,False,True,en,0,2 months ago,2025-07-21T11:17:34.694Z,None,None,None,216,1508,3,Northern Territory,False,A must see once in a lifetime,Kakadu National Park,4.4,None,None,Neutral,25.0
426,National park,False,False,en,0,2 months ago,2025-07-21T07:03:10.939Z,None,None,None,3,1508,5,Northern Territory,False,A must see once in a lifetime,Kakadu National Park,4.4,None,None,Positive,26.0
427,National park,False,False,en,0,2 months ago,2025-07-20T05:13:36.841Z,None,None,None,0,1508,5,Northern Territory,False,A must see once in a lifetime,Kakadu National Park,4.4,None,None,Positive,27.0
428,National park,False,True,en,0,2 months ago,2025-07-19T00:48:15.761Z,None,None,None,48,1508,5,Northern Territory,False,Magical place,Kakadu National Park,4.4,None,None,Positive,28.0
429,National park,False,True,en,0,2 months ago,2025-07-18T11:46:37.794Z,None,None,None,85,1508,5,Northern Territory,False,Amazing. I hear a lot of it is now closed to the general public but it's still awesome,Kakadu National Park,4.4,None,None,Positive,29.0
430,National park,False,True,en,0,2 months ago,2025-07-16T16:37:50.646Z,None,None,None,18,1508,5,Northern Territory,False,A must see once in a lifetime,Kakadu National Park,4.4,None,None,Positive,30.0
431,National park,False,True,en,0,2 months ago,2025-07-16T04:30:48.733Z,None,None,None,43,1508,3,Northern Territory,False,To be honest very disappointed Expected something special for me it wasn’t,Kakadu National Park,4.4,None,None,Negative,31.0
432,National park,False,False,en,0,2 months ago,2025-07-14T04:31:10.631Z,None,None,None,16,1508,5,Northern Territory,False,Tout simplement un des plus intéressants endroits du monde!,Kakadu National Park,4.4,None,None,Neutral,32.0
433,National park,False,False,en,0,2 months ago,2025-07-11T13:56:15.489Z,None,None,None,4,1508,1,Northern Territory,False,"Should have read the reviews before wasting time driving out there. Place is just a money grab! There was no signage or any real warning that all the swimming spots and most walking tracks were closed. Even when you book accommodation they don’t bother telling you. It’s a long way to go to end up using a man made swimming pool 😂 Litchfield is 💯 nicer, more user friendly, better sights and swimming and you don’t have to drive half the day to see that something is closed. Kakadu has been hyped up and I don’t even know who started that urban legend but I’m going to hold your hand when I say this “ there are nicer places to visit”!!",Kakadu National Park,4.4,None,None,Positive,33.0
434,National park,False,True,en,0,2 months ago,2025-07-08T11:53:27.725Z,None,None,None,106,1508,5,Northern Territory,False,Great,Kakadu National Park,4.4,None,None,Positive,34.0
435,National park,False,True,en,0,2 months ago,2025-07-08T00:57:23.802Z,None,None,None,45,1508,3,Northern Territory,False,"When you buy a Park pass, check to see what parts of the park are open. Many of the major sections and billabongs were closed during our visit. It was a bit frustrating not knowing this information when we purchased our pass online.",Kakadu National Park,4.4,None,None,Positive,35.0
436,National park,False,True,en,0,2 months ago,2025-07-06T06:40:03.032Z,None,None,None,107,1508,5,Northern Territory,False,Always worth a visit. Although very busy during school holidays.,Kakadu National Park,4.4,None,None,Positive,36.0
437,National park,False,True,en,0,2 months ago,2025-06-26T06:44:10.734Z,None,None,None,26,1508,5,Northern Territory,False,I explored Kakadu on a day trip from Darwin with Autopia tours. Our guide Aaron was super knowledgeable and gave loads of information on the rock art and some of the specious of wildlife we saw along the way. The park itself is stunning and you must go to the top of the viewpoint to take it all in.,Kakadu National Park,4.4,None,None,Positive,37.0
438,National park,False,True,en,0,2 months ago,2025-06-25T04:55:23.796Z,None,None,None,54,1508,5,Northern Territory,False,A must see once in a lifetime,Kakadu National Park,4.4,None,None,Positive,38.0
439,National park,False,True,en,0,2 months ago,2025-06-22T04:41:26.920Z,None,None,None,53,1508,3,Northern Territory,False,"So sad so many places in kakadu are closed. We came a long way to experience this beautiful place, have to just dream about it. Enjoying camping anyway",Kakadu National Park,4.4,None,None,Positive,39.0
440,National park,False,False,en,0,3 months ago,2025-06-20T08:09:45.526Z,None,None,None,7,1508,5,Northern Territory,False,A must see once in a lifetime,Kakadu National Park,4.4,None,None,Positive,40.0
441,National park,False,False,en,0,3 months ago,2025-06-20T01:08:09.611Z,None,None,None,9,1508,2,Northern Territory,False,Very disappointing to discover on arrival that most of the Kakadu highlights are closed. It is the middle of the dry and we can't visit any waterfalls. When you buy your expensive parks pass on line you should be told that these places are closed. Should be renamed Kakadon't.,Kakadu National Park,4.4,None,None,Negative,41.0
442,National park,False,True,en,0,3 months ago,2025-06-20T00:39:28.751Z,None,None,None,6,1508,1,Northern Territory,False,"Do not purchase a park pass before going to a visitor center! We did by a week ticket for two adults before entering, cause everywhere where signs that you should, only to figure out shortly after in one of the visitor centers that all waterfalls and gorges are closed, even though it is late june in the middle of the dry season! Also we've got told at the visitor center that it is  fine if you enter the park without a park pass, as long as you by one once you've got all the information to plan your stay and than by one directly in the visitor center!
We wouldn't have bought a week pass if we would have known that that much is closed! An information sign in front of the park entrance or an up to date website with park information would help!
If you aren't able to maintain the roads just keep the park closed. But it is definetly not right to charge the full price if there is that less to do!",Kakadu National Park,4.4,None,None,Negative,42.0
443,National park,False,True,en,0,3 months ago,2025-06-17T10:41:13.452Z,None,None,None,177,1508,5,Northern Territory,False,Eine Reise wert,Kakadu National Park,4.4,None,None,Neutral,43.0
444,National park,False,True,en,0,3 months ago,2025-06-12T08:45:09.088Z,None,None,None,12,1508,5,Northern Territory,False,A must see once in a lifetime,Kakadu National Park,4.4,None,None,Positive,44.0
445,National park,False,False,en,0,3 months ago,2025-06-04T17:52:32.566Z,None,None,None,5,1508,2,Northern Territory,False,Too far!,Kakadu National Park,4.4,None,None,Positive,45.0
446,National park,False,True,en,0,3 months ago,2025-06-04T00:41:48.872Z,None,None,None,12,1508,4,Northern Territory,False,"Beautiful national park. I especially enjoyed Ubirr which (if you climb it) had one of the most spectacular views I have seen in my life. The rock art is also very fascinating, and it’s nice that there are information-boards so you know what you are looking at. The downside of the national park is that it in the evening is a literal mosquito hell during the beginning of the dry season (May-June when we were there). From sunset to sunrise it is basically impossible to be or move outside without being attacked and completely covered in mosquitoes. I stayed one two nights in the north of this park camping in a van, and it is safe to sad that they were the two worst nights of my life. So don’t be like me and always remember to do your homework before going somewhere 😔",Kakadu National Park,4.4,None,None,Positive,46.0
447,National park,False,True,en,0,3 months ago,2025-06-02T09:49:33.403Z,None,None,None,77,1508,5,Northern Territory,False,A must see once in a lifetime,Kakadu National Park,4.4,None,None,Positive,47.0
448,National park,False,True,en,0,3 months ago,2025-06-01T09:42:31.486Z,None,None,None,22,1508,5,Northern Territory,False,A must see once in a lifetime,Kakadu National Park,4.4,None,None,Positive,48.0
449,National park,False,False,en,0,3 months ago,2025-05-29T03:00:38.707Z,None,None,None,7,1508,5,Northern Territory,False,A must see once in a lifetime,Kakadu National Park,4.4,None,None,Positive,49.0
450,National park,False,True,en,0,3 months ago,2025-05-25T22:42:04.193Z,None,None,None,66,1508,5,Northern Territory,False,A must see!,Kakadu National Park,4.4,None,None,Neutral,50.0
451,National park,False,False,en,0,3 months ago,2025-05-24T07:51:21.829Z,None,None,None,2,1508,2,Northern Territory,False,Very overrated Jabaroo is a hole.,Kakadu National Park,4.4,None,None,Positive,51.0
452,National park,False,True,en,0,4 months ago,2025-05-21T02:07:10.942Z,None,None,None,53,1508,1,Northern Territory,False,Very disappointing.. over hyped.. most attractions closed.. goto Litchfield instead,Kakadu National Park,4.4,None,None,Negative,52.0
453,National park,False,True,en,0,4 months ago,2025-05-20T05:20:06.166Z,None,None,None,20,1508,4,Northern Territory,False,A must see once in a lifetime,Kakadu National Park,4.4,None,None,Positive,53.0
454,National park,False,True,en,0,4 months ago,2025-05-18T03:20:19.068Z,None,None,None,8,1508,5,Northern Territory,False,A must see once in a lifetime,Kakadu National Park,4.4,None,None,Positive,54.0
455,National park,False,True,en,0,4 months ago,2025-05-15T21:42:39.634Z,None,None,None,28,1508,4,Northern Territory,False,"It has so many natural wonders. However when we visited in mid May most were still closed and even the few that were open were only accessible by 4WD, so for us, slightly diaspointing, but that's the natural world. To be sure of access wait till June or July.",Kakadu National Park,4.4,None,None,Positive,55.0
456,National park,False,True,en,0,4 months ago,2025-05-10T10:30:02.073Z,None,None,None,108,1508,5,Northern Territory,False,Kakadu is definitely a must-see before you die. Abundant wildlife and abundant scenery.  I absolutely love the area and am so glad I visited NT.,Kakadu National Park,4.4,None,None,Positive,56.0
457,National park,False,True,en,0,4 months ago,2025-05-10T09:13:15.603Z,None,None,None,35,1508,1,Northern Territory,False,I didn't see any kakadus,Kakadu National Park,4.4,None,None,Neutral,57.0
458,National park,False,True,en,0,4 months ago,2025-04-30T08:08:19.187Z,None,None,None,117,1508,5,Northern Territory,False,"One of the most beautiful, peaceful places in Australia I've been to and incredibly diverse birds and wildlife",Kakadu National Park,4.4,None,None,Positive,58.0
459,National park,False,True,en,0,4 months ago,2025-04-24T07:03:09.989Z,None,None,None,642,1508,5,Northern Territory,False,Nothing else like it on the planet. Go up in a plane or helicopter and do a lap or two out of Jabiru. Do a river Yellow River cruise and try not to be eaten by a croc. Jim Jim falls is worth a visit. Play your cards right and come down in late April.,Kakadu National Park,4.4,None,None,Positive,59.0
460,National park,False,False,en,0,5 months ago,2025-04-19T09:15:25.140Z,None,None,None,0,1508,5,Northern Territory,False,A must see once in a lifetime,Kakadu National Park,4.4,None,None,Positive,60.0
461,National park,False,True,en,0,6 months ago,2025-03-20T04:07:52.137Z,None,None,None,156,1508,5,Northern Territory,False,"Wenn man in Darwin ist und Zeit hat, sollte man den Kakadu NP besuchen. Man sollte mindestens einen Tag einplanen und man sieht dann nur einen kleinen Einblick. Viel Natur und alte Kultur.",Kakadu National Park,4.4,None,None,Neutral,61.0
462,National park,False,False,en,0,6 months ago,2025-03-19T06:38:46.532Z,None,None,None,5,1508,5,Northern Territory,False,"Nature's beauty lies in its endless colors, peaceful rhythms, and breathtaking landscapes that inspire the soul.",Kakadu National Park,4.4,None,None,Positive,62.0
463,National park,False,False,en,0,6 months ago,2025-03-17T04:33:13.825Z,None,None,None,4,1508,5,Northern Territory,False,Great spot for a weekend run with fam! We've had picnic as well one time. Must visit!,Kakadu National Park,4.4,None,None,Positive,63.0
464,National park,False,False,en,0,6 months ago,2025-03-15T04:58:13.919Z,None,None,None,9,1508,5,Northern Territory,False,"Kakadu National Park is a true Australian treasure! Stunning waterfalls, diverse wildlife, and ancient Aboriginal rock art make it an unforgettable experience. The landscapes are breathtaking, and the cultural significance adds depth to every visit. Highly recommended for nature lovers and adventure seekers!",Kakadu National Park,4.4,None,None,Positive,64.0
465,National park,False,True,en,0,6 months ago,2025-03-11T09:20:23.801Z,None,None,None,101,1508,5,Northern Territory,False,A must see once in a lifetime,Kakadu National Park,4.4,None,None,Neutral,65.0
466,National park,False,True,en,0,6 months ago,2025-03-07T21:41:43.843Z,None,None,None,537,1508,4,Northern Territory,False,Naturaleza al 100% 👍🏽,Kakadu National Park,4.4,None,None,Neutral,66.0
467,National park,False,False,en,0,6 months ago,2025-03-07T02:44:56.600Z,None,None,None,1,1508,5,Northern Territory,False,A must see once in a lifetime,Kakadu National Park,4.4,None,None,Positive,67.0
468,National park,False,False,en,0,6 months ago,2025-03-06T08:46:11.396Z,None,None,None,4,1508,5,Northern Territory,False,Beautiful place to experience a free walk with friends and family’s where you are connected closely to restaurants and pubs to enjoy afterwards.,Kakadu National Park,4.4,None,None,Positive,68.0
469,National park,False,True,en,0,Edited 7 months ago,2025-02-10T21:26:06.912Z,None,None,None,76,1508,5,Northern Territory,False,"Never Been there
But from what I heard
It's a very incredible amazingly beut place
Thinking of getting engaged there.",Kakadu National Park,4.4,None,None,Positive,69.0
470,National park,False,True,en,0,7 months ago,2025-02-08T17:37:41.298Z,None,None,None,335,1508,2,Northern Territory,False,"Not a nice national park. Only a bit nice landscape.
After the trip, locals told me that the visit isn't worth it. I agree.",Kakadu National Park,4.4,None,None,Positive,70.0
471,National park,False,False,en,0,8 months ago,2025-01-12T04:22:15.273Z,None,None,None,5,1508,5,Northern Territory,False,"This place is magical. The aboriginal rock art is unbelievable,the scenery is to die for.
Cahill crossing is the best also, loved that experience, croc central.",Kakadu National Park,4.4,None,None,Positive,71.0
472,National park,False,True,en,0,8 months ago,2025-01-11T12:25:18.276Z,None,None,None,32,1508,5,Northern Territory,False,A must see once in a lifetime,Kakadu National Park,4.4,None,None,Positive,72.0
473,National park,False,False,en,0,8 months ago,2024-12-30T21:23:13.427Z,None,None,None,135,1508,5,Northern Territory,False,A must see once in a lifetime,Kakadu National Park,4.4,None,None,Positive,73.0
474,National park,False,True,en,0,8 months ago,2024-12-24T01:34:10.201Z,None,None,None,869,1508,5,Northern Territory,False,A must see once in a lifetime,Kakadu National Park,4.4,None,None,Positive,74.0
475,National park,False,False,en,0,9 months ago,2024-12-18T17:11:16.317Z,None,None,None,0,1508,4,Northern Territory,False,A must see once in a lifetime,Kakadu National Park,4.4,None,None,Positive,75.0
476,National park,False,False,en,0,9 months ago,2024-12-04T21:05:27.655Z,None,None,None,2,1508,5,Northern Territory,False,Would recommend really good views,Kakadu National Park,4.4,None,None,Positive,76.0
477,National park,False,True,en,0,10 months ago,2024-11-16T21:03:05.581Z,None,None,None,30,1508,5,Northern Territory,False,Wunderschön,Kakadu National Park,4.4,None,None,Neutral,77.0
478,National park,False,True,en,0,10 months ago,2024-11-13T06:02:05.845Z,None,None,None,15,1508,1,Northern Territory,False,A must see once in a lifetime,Kakadu National Park,4.4,None,None,Negative,78.0
479,National park,False,True,en,0,10 months ago,2024-11-08T05:00:19.507Z,None,None,None,184,1508,5,Northern Territory,False,A must see once in a lifetime,Kakadu National Park,4.4,None,None,Positive,79.0
480,National park,False,False,en,0,10 months ago,2024-11-07T02:12:55.428Z,None,None,None,1,1508,4,Northern Territory,False,A must see once in a lifetime,Kakadu National Park,4.4,None,None,Positive,80.0
481,National park,False,True,en,0,10 months ago,2024-11-04T00:46:04.206Z,None,None,None,3,1508,4,Northern Territory,False,A must see once in a lifetime,Kakadu National Park,4.4,None,None,Positive,81.0
482,National park,False,True,en,0,10 months ago,2024-10-23T21:33:37.666Z,None,None,None,29,1508,1,Northern Territory,False,"Lots of kaka, but nothing to du.",Kakadu National Park,4.4,None,None,Neutral,82.0
483,National park,False,False,en,0,11 months ago,2024-10-15T14:52:34.677Z,None,None,None,1,1508,1,Northern Territory,False,Не написано нічого про його історію скорочено тільки написано що непотрібно!,Kakadu National Park,4.4,None,None,Neutral,83.0
484,National park,False,True,en,0,11 months ago,2024-09-28T06:44:58.716Z,None,None,None,60,1508,5,Northern Territory,False,Soon good it is still untouched or spoiled,Kakadu National Park,4.4,None,None,Positive,84.0
485,National park,False,False,en,0,a year ago,2024-09-14T14:55:03.068Z,None,None,None,0,1508,5,Northern Territory,False,A must see once in a lifetime,Kakadu National Park,4.4,None,None,Positive,85.0
486,National park,False,True,en,0,a year ago,2024-09-14T03:07:38.320Z,None,None,None,332,1508,5,Northern Territory,False,Must go place and had to be part of your bucket list; doesn't matter which part of the world you live.,Kakadu National Park,4.4,None,None,Positive,86.0
487,National park,False,True,en,0,a year ago,2024-09-11T16:55:05.940Z,None,None,None,195,1508,5,Northern Territory,False,For the top end of Australia is one of the best views in the world. other than the south end of Australia.,Kakadu National Park,4.4,None,None,Positive,87.0
488,National park,False,True,en,0,a year ago,2024-08-28T11:52:36.142Z,None,None,None,50,1508,5,Northern Territory,False,"We did free (book online) Ranger guided tours at Cahill Crossing and Ubirr. Natasha aka Tash,or Nat, did an outstanding job!  Not only is her immediate family custodians of Kakadu but her endearing personality, humour, knowledge, grace, coupled with a wealth of information, dreaming stories, and anecdotes kept us enthralled. Tash also gracefully managed to calm and engage some excitable little kids. We need to help support such
enterprise and commitment.",Kakadu National Park,4.4,None,None,Positive,88.0
489,National park,False,True,en,0,Edited a year ago,2024-08-26T06:59:20.883Z,None,None,None,82,1508,4,Northern Territory,False,"Enjoyable stay, great memories and saw lots of wonderful things.",Kakadu National Park,4.4,None,None,Positive,89.0
490,National park,False,False,en,0,a year ago,2024-08-23T21:29:22.165Z,None,None,None,2,1508,5,Northern Territory,False,A must see once in a lifetime,Kakadu National Park,4.4,None,None,Positive,90.0
491,National park,False,True,en,0,a year ago,2024-08-20T12:51:33.898Z,None,None,None,322,1508,5,Northern Territory,False,Beautiful national park!,Kakadu National Park,4.4,None,None,Positive,91.0
492,National park,False,True,en,0,a year ago,2024-08-14T07:04:14.380Z,None,None,None,10,1508,1,Northern Territory,False,A must see once in a lifetime,Kakadu National Park,4.4,None,None,Negative,92.0
493,National park,False,False,en,0,a year ago,2024-08-08T11:35:59.869Z,None,None,None,2,1508,5,Northern Territory,False,A must see once in a lifetime,Kakadu National Park,4.4,None,None,Positive,93.0
494,National park,False,False,en,0,a year ago,2024-08-06T05:08:32.128Z,None,None,None,5,1508,1,Northern Territory,False,"Only Jim Jim Falls open way to far and dangerous to walk to the pool All other falls with pools shut Last there 4 years ago signs at Nourlangie and Ubirr unreadale middle of dry and Tourist season no guides on weekend obviously too lazy to work
Back to the Kakadon't days Serious waste of Taxpayers $",Kakadu National Park,4.4,None,None,Negative,94.0
495,National park,False,True,en,0,a year ago,2024-07-31T12:23:58.481Z,None,None,None,34,1508,5,Northern Territory,False,"Traumhaft schön und Natur pur, so weit wie das Auge gucken kann.
Hier und da sieht man Australiens Tierwelt.
Eine Artgalerie der Aborigines kann man hier auch entdecken",Kakadu National Park,4.4,None,None,Neutral,95.0
496,National park,False,True,en,0,a year ago,2024-07-27T05:43:58.765Z,None,None,None,58,1508,5,Northern Territory,False,Amazing wildlife and fascinating pre-historic rock art sites.,Kakadu National Park,4.4,None,None,Positive,96.0
497,National park,False,True,en,0,a year ago,2024-07-21T01:54:20.499Z,None,None,None,18,1508,5,Northern Territory,False,Amazing wildlife including crocodiles and so many birds. The map you can get is really helpful to show where different things are. Very nice camp grounds and tours. Amazing to see the rock art too. Great hikes to beautiful swimming holes,Kakadu National Park,4.4,None,None,Positive,97.0
498,National park,False,True,en,0,a year ago,2024-07-16T10:01:17.674Z,None,None,None,18,1508,5,Northern Territory,False,A must see once in a lifetime,Kakadu National Park,4.4,None,None,Positive,98.0
499,National park,False,False,en,0,a year ago,2024-07-15T09:06:31.617Z,None,None,None,12,1508,1,Northern Territory,False,"Disappointed with my experience considering Kakadu National Park has been on my to do list for a very long time. While I understand the value of this space for the indigenous community, there is still much that needs to be developed and adjusted if it intends to be a tourist destination setup to showcase the culture and customs of an amazing lineage. On many occasions, the programs we booked did not run or the communication regarding delays were not communicated effectively.",Kakadu National Park,4.4,None,None,Positive,99.0
500,Movie theater,False,False,en,0,2 weeks ago,2025-09-07T03:41:23.044Z,None,None,None,10,781,5,Northern Territory,False,"I visited the Deckchair cinema recently for the first time to see Gutsy Girls. There are so many positives about this attraction; including the location, the bar and food facilities and the general ambiance. Looking forward to seeing more here 🥰",Deckchair Cinema,4.8,2025-09-07T21:21:59.000Z,Thanks Anita 😊,Positive,0.0
501,Movie theater,False,True,en,0,2 weeks ago,2025-09-04T08:42:56.908Z,None,None,None,123,781,5,Northern Territory,False,Great atmosphere..get in early to get the Deckchairs...drinks and food are at good prices..recommend for a nice night out.,Deckchair Cinema,4.8,2025-09-07T21:21:43.000Z,"Thanks Ryan, glad you enjoyed the cinema 😊",Positive,1.0
502,Movie theater,False,False,en,0,3 weeks ago,2025-08-26T09:28:41.736Z,None,None,None,8,781,5,Northern Territory,False,"Such a cool and creative space, loved the cafes and tucked away tables, whole ambience was great!",Deckchair Cinema,4.8,2025-08-27T02:03:46.000Z,Thanks Alise :),Positive,2.0
503,Movie theater,False,True,en,0,a month ago,2025-08-20T09:26:29.992Z,None,None,None,776,781,5,Northern Territory,False,good experience,Deckchair Cinema,4.8,2025-08-27T02:04:03.000Z,"Hey Lai, glad you enjoyed the cinema :)",Positive,3.0
504,Movie theater,False,True,en,0,a month ago,2025-08-19T03:59:28.326Z,None,None,None,91,781,5,Northern Territory,False,Perfect place to be! Loved it!,Deckchair Cinema,4.8,2025-09-01T01:51:31.000Z,Thanks Alicia :),Positive,4.0
505,Movie theater,False,True,en,0,a month ago,2025-08-18T13:14:06.549Z,None,None,None,96,781,4,Northern Territory,False,"Great waterside venue with a magnificent sunset over the ocean. Bring a pillow for comfort.
Strictly smoke free - excellent.
Food and drinks available, plus a variety of seating options - arrive  quite early to get good seats.",Deckchair Cinema,4.8,2025-08-27T02:04:20.000Z,Thanks Harry! :),Positive,5.0
506,Movie theater,False,True,en,0,a month ago,2025-08-15T07:22:34.765Z,None,None,None,11,781,5,Northern Territory,False,A Darwin icon. Querky and offbeat and a great way to see a movie. Food is not too shabby either. Bar facilities. Well maintaned. A place to enjoy cinema top end style.,Deckchair Cinema,4.8,2025-08-27T02:04:28.000Z,Thanks Andrew :),Positive,6.0
507,Movie theater,False,True,en,0,a month ago,2025-08-13T12:54:52.187Z,None,None,None,1,781,5,Northern Territory,False,A Darwin icon. Querky and offbeat and a great way to see a movie. Food is not too shabby either. Bar facilities. Well maintaned. A place to enjoy cinema top end style.,Deckchair Cinema,4.8,2025-08-27T02:04:38.000Z,Thanks Adam :),Positive,7.0
508,Movie theater,False,True,en,0,a month ago,2025-08-10T07:18:33.043Z,None,None,None,28,781,5,Northern Territory,False,"I have found heaven — a place with a soul and a little grandma magic.

As you walk in, a pile of cushions greets you. These you’ll place on your deckchair to reserve your spot.

Then you’ll see the library/DVD collection, free for anyone to borrow from. You can even donate your own.

They also serve dinner — every night a different catering company serves up delicious meals at an affordable price. I always love the surprise of the night. What will it be this time?

The snack bar offers local goodies in abundance and… of course, beer and wine!

Need I say more?

Oh, but it doesn’t end there.

I haven’t even mentioned the arthouse or international film selections.

The little touches — small tables for belongings, beanbags, natural bug repellent — warm the heart.

My favourite moment, right before the movie starts, is eating my delicious Crazy Acres ice cream, with a full belly from dinner, the gorgeous sunset as a backdrop, and bats flying up above.

The nature and foliage around the place are simply magical.

This is such a beautiful venue.

It is pure art and soul.

P.S. The little geckos on the screen add that extra magic and charm, plus… cute!",Deckchair Cinema,4.8,2025-08-11T02:28:47.000Z,Thanks Susana! This is so great. We're going to share it to our Facebook account 💓,Positive,8.0
509,Movie theater,False,True,en,0,a month ago,2025-08-10T06:43:01.877Z,None,None,None,6,781,5,Northern Territory,False,A Darwin icon. Querky and offbeat and a great way to see a movie. Food is not too shabby either. Bar facilities. Well maintaned. A place to enjoy cinema top end style.,Deckchair Cinema,4.8,2025-08-11T02:28:56.000Z,Thanks Michael :),Positive,9.0
510,Movie theater,False,True,en,0,a month ago,2025-08-09T12:18:06.710Z,None,None,None,20,781,4,Northern Territory,False,A Darwin icon. Querky and offbeat and a great way to see a movie. Food is not too shabby either. Bar facilities. Well maintaned. A place to enjoy cinema top end style.,Deckchair Cinema,4.8,2025-08-09T20:45:00.000Z,Thanks Alice :),Positive,10.0
511,Movie theater,False,True,en,0,a month ago,2025-08-05T09:11:05.474Z,None,None,None,43,781,5,Northern Territory,False,Loved it!,Deckchair Cinema,4.8,2025-08-06T01:23:19.000Z,"Awesome, thanks Clara :)",Positive,11.0
512,Movie theater,False,True,en,0,a month ago,2025-08-04T00:05:05.757Z,None,None,None,303,781,5,Northern Territory,False,A wonderful experience at a very different movie theatre go casual and chill.,Deckchair Cinema,4.8,2025-08-04T22:24:24.000Z,Thanks Fab :),Positive,12.0
513,Movie theater,False,False,en,0,a month ago,2025-08-02T11:49:40.819Z,None,None,None,5,781,3,Northern Territory,False,I went there watch elio and it was amazing but two things one it had some bugs in the movie second the popcorn was horrible it wasn’t even crunchy you have been warned I am serious,Deckchair Cinema,4.8,2025-08-04T22:24:09.000Z,"Hey Richard, that's a pain - what was wrong in the movie? Popcorn - sorry about that, please ensure to return any product that is not 100% to the kiosk for a replacement and so we can let our supplier know :)",Negative,13.0
514,Movie theater,False,True,en,0,a month ago,2025-08-02T07:24:32.189Z,None,None,None,407,781,5,Northern Territory,False,"Great darwin novelty
One must go and tic of the tic list
You will go again",Deckchair Cinema,4.8,2025-08-02T10:03:11.000Z,Thanks Stephen!,Positive,14.0
515,Movie theater,False,True,en,0,a month ago,2025-07-30T23:35:17.900Z,None,None,None,1055,781,5,Northern Territory,False,"Superb showcase featuring Michael  Atkinson 'Modern Day Castaway'. You can buy drinks and food and I believe the food options changes weekly based on who is catering. Roughly $8-12 for a meal, bottle of wine was $30.",Deckchair Cinema,4.8,2025-08-01T05:54:50.000Z,Thanks for the lovely review :),Positive,15.0
516,Movie theater,False,True,en,0,a month ago,2025-07-28T00:44:33.242Z,None,None,None,19,781,4,Northern Territory,False,Fun! We watched a documentary on the making of Crocodile Dundee which seemed fitting for the Top End. Would love to see a full length movie here. The sun set just before the movie which was lovely.,Deckchair Cinema,4.8,2025-07-28T21:45:10.000Z,Thanks Sheree :),Positive,16.0
517,Movie theater,False,True,en,0,a month ago,2025-07-27T10:56:18.349Z,None,None,None,47,781,4,Northern Territory,False,A Darwin icon. Querky and offbeat and a great way to see a movie. Food is not too shabby either. Bar facilities. Well maintaned. A place to enjoy cinema top end style.,Deckchair Cinema,4.8,2025-07-28T21:45:26.000Z,Thanks Roger :),Positive,17.0
518,Movie theater,False,True,en,0,Edited a month ago,2025-07-25T07:18:36.990Z,None,None,None,663,781,5,Northern Territory,False,Not to be missed if visiting Darwin,Deckchair Cinema,4.8,2025-07-28T21:45:39.000Z,Thanks John :),Neutral,18.0
519,Movie theater,False,True,en,0,a month ago,2025-07-22T13:27:45.453Z,None,None,None,507,781,5,Northern Territory,False,"Magic. Grab your cushions select your seats and you are ready to enjoy the show.
Good hot food available.
Wonderful local ice-cream in tub are must.",Deckchair Cinema,4.8,2025-07-23T06:15:40.000Z,Thanks Russell! Hope to see you at the movies again soon :),Positive,19.0
520,Movie theater,False,True,en,0,a month ago,2025-07-22T10:27:43.309Z,None,None,None,8,781,5,Northern Territory,False,A Darwin icon. Querky and offbeat and a great way to see a movie. Food is not too shabby either. Bar facilities. Well maintaned. A place to enjoy cinema top end style.,Deckchair Cinema,4.8,2025-07-23T06:38:59.000Z,Thanks Stefanie! :),Positive,20.0
521,Movie theater,False,True,en,0,2 months ago,2025-07-19T12:31:07.381Z,None,None,None,9,781,5,Northern Territory,False,A Darwin icon. Querky and offbeat and a great way to see a movie. Food is not too shabby either. Bar facilities. Well maintaned. A place to enjoy cinema top end style.,Deckchair Cinema,4.8,2025-07-20T05:14:00.000Z,Thanks Carolyn! :),Positive,21.0
522,Movie theater,False,True,en,0,2 months ago,2025-07-17T12:38:25.533Z,None,None,None,636,781,5,Northern Territory,False,"Had a great night watching Head South… with Q&A afterward with the director…Jonathan Ogilvie
Glass of wine, some popcorn and a beautiful night…. Make for a memorable cinema experience… in my top 3!",Deckchair Cinema,4.8,2025-07-18T05:14:50.000Z,Thanks Elwyn - lovely film with a lovely guest... and a lovely audience :),Positive,22.0
523,Movie theater,False,True,en,0,2 months ago,2025-07-15T06:58:10.392Z,None,None,None,7,781,5,Northern Territory,False,Beautiful scenery. Lovely atmosphere. Food and drinks available. Really good set-up for small kids too.,Deckchair Cinema,4.8,2025-07-15T23:43:43.000Z,Thanks Riaan! That's a lovely review of the cinema :),Positive,23.0
524,Movie theater,False,True,en,0,2 months ago,2025-07-13T07:53:10.125Z,None,None,None,300,781,5,Northern Territory,False,"What an experience, looking up into the sky. Great Movie 'Tina' playing. Met up with friends it was a special place. It could do with some more comfortable seating as friends' deckchairs broke halfway through the movie.",Deckchair Cinema,4.8,2025-07-13T21:22:42.000Z,"Hey Lia, so good to hear you enjoyed the cinema. Shame about the seats - that's not a usual thing to happen! The sun is not kind to the fabric on the seats so we do replace them regularly. Hope to see you at the cinema again soon :)",Positive,24.0
525,Movie theater,False,True,en,0,2 months ago,2025-07-04T21:44:13.030Z,None,None,None,41,781,5,Northern Territory,False,Lovely night out.,Deckchair Cinema,4.8,2025-07-06T01:41:03.000Z,"Thanks Andrew, glad you enjoyed the cinema!
",Positive,25.0
526,Movie theater,False,True,en,0,2 months ago,2025-07-03T22:15:28.207Z,None,None,None,46,781,5,Northern Territory,False,"Awesome place to watch some great movies.  Dinner, drinks and lovely atmosphere.",Deckchair Cinema,4.8,2025-07-04T05:28:16.000Z,Thanks Julie! Glad you enjoyed Deckchair Cinema 🙂,Positive,26.0
527,Movie theater,False,True,en,0,2 months ago,2025-07-03T10:30:43.829Z,None,None,None,19,781,5,Northern Territory,False,A Darwin icon. Querky and offbeat and a great way to see a movie. Food is not too shabby either. Bar facilities. Well maintaned. A place to enjoy cinema top end style.,Deckchair Cinema,4.8,2025-07-03T19:24:34.000Z,Thanks Jill :),Positive,27.0
528,Movie theater,False,True,en,0,2 months ago,2025-06-27T12:54:43.790Z,None,None,None,14,781,5,Northern Territory,False,Fabulous spot with meals and drinks. The chairs are not overly comfortable but there are plenty of cushions. Very chilled vibe. It did get quite busy on a Thursday so always good to get there early and grab a meal. You can pick up a free book to take away if you’re after some holiday reading.,Deckchair Cinema,4.8,2025-06-27T23:17:27.000Z,Thanks Linda :),Positive,28.0
529,Movie theater,False,True,en,0,3 months ago,2025-06-10T01:20:04.458Z,None,None,None,122,781,1,Northern Territory,False,"THE SURFER....Worst film ever... if you enjoyed ...""Get Shorty"" with Danny Di Vitto you might like this but for the audience at the cinema on Monday 9th June not anyone liked it
SAVE YOUR MONEY..
The Cinema is a wonderful place we go.everyear we visit Darwin...",Deckchair Cinema,4.8,2025-06-10T20:29:05.000Z,"Hey Vicky, please remember that you are reviewing the cinema not the film here. We work hard to make the cinema lovely. There are lots of sites where you can review films online 😊",Positive,29.0
530,Movie theater,False,True,en,0,3 months ago,2025-06-08T06:32:15.906Z,None,None,None,79,781,5,Northern Territory,False,Great night out. It's a must do if you are in Darwin.,Deckchair Cinema,4.8,2025-06-08T23:57:31.000Z,Thanks Michelle 😊,Positive,30.0
531,Movie theater,False,False,en,0,3 months ago,2025-06-07T10:16:17.783Z,None,None,None,4,781,5,Northern Territory,False,A Darwin icon. Querky and offbeat and a great way to see a movie. Food is not too shabby either. Bar facilities. Well maintaned. A place to enjoy cinema top end style.,Deckchair Cinema,4.8,2025-06-08T11:05:53.000Z,Thanks Avya 😊,Positive,31.0
532,Movie theater,False,True,en,0,3 months ago,2025-06-05T04:18:26.567Z,None,None,None,28,781,5,Northern Territory,False,Great atmosphere under the sky,Deckchair Cinema,4.8,2025-06-05T10:54:06.000Z,Thanks Santinder 😊,Positive,32.0
533,Movie theater,False,True,en,0,3 months ago,2025-05-30T22:06:59.930Z,None,None,None,121,781,5,Northern Territory,False,"We went there for a fund-raiser for the soccer club. My first time there, and it's so cool.",Deckchair Cinema,4.8,2025-05-30T22:34:04.000Z,"Thanks Brendon, great that you enjoyed the cinema! :)",Positive,33.0
534,Movie theater,False,True,en,0,3 months ago,2025-05-27T08:25:17.075Z,None,None,None,37,781,5,Northern Territory,False,"Had such a lovely evening here. Very reasonably priced drinks, and comfortable deck chairs to watch the film. Just wish I didn’t live on the other side of the world so I could come back more often!",Deckchair Cinema,4.8,2025-05-28T05:05:01.000Z,"Hey GC, thanks for the lovely review, glad you had a good night at the cinema :)",Positive,34.0
535,Movie theater,False,False,en,0,3 months ago,2025-05-26T07:29:51.672Z,None,None,None,15,781,5,Northern Territory,False,A great night,Deckchair Cinema,4.8,2025-05-30T05:25:51.000Z,Thanks Megan :),Positive,35.0
536,Movie theater,False,True,en,0,3 months ago,2025-05-25T07:55:56.155Z,None,None,None,49,781,5,Northern Territory,False,A Darwin icon. Querky and offbeat and a great way to see a movie. Food is not too shabby either. Bar facilities. Well maintaned. A place to enjoy cinema top end style.,Deckchair Cinema,4.8,2025-05-25T11:08:05.000Z,Thanks Reza!,Positive,36.0
537,Movie theater,False,True,en,0,4 months ago,2025-05-17T12:26:31.998Z,None,None,None,138,781,5,Northern Territory,False,"Great experience if visiting Darwin. Fantastic place to relax and watch a movie.  Great atmosphere, great food, great location. If the movie is terrible, there is always the night sky to watch.",Deckchair Cinema,4.8,2025-05-17T23:22:23.000Z,"Thanks Rachael! Glad you enjoy the cinema 😊

*The movies are all great of course...",Positive,37.0
538,Movie theater,False,True,en,0,4 months ago,2025-05-13T10:37:45.750Z,None,None,None,128,781,5,Northern Territory,False,"Luxury at its best. Buy food, alcoholic drinks. Icecream. You are asked to bring your own plate and cutlery for the food. Very comfortable relaxed atmosphere. Byo cushion if you like but they have some.",Deckchair Cinema,4.8,2025-05-14T00:48:16.000Z,"Thanks for the lovely review 😊 (just incase tourists read this and are wondering - the caterers have disposable biodegradable plates and cutlery, but give you $1 off if you bring your own)",Positive,38.0
539,Movie theater,False,True,en,0,4 months ago,2025-05-09T00:04:59.965Z,None,None,None,89,781,5,Northern Territory,False,"A beautiful atmosphere. I have been to deckchair many times as I am Darwin-born, there are a variety of chairs available from deckchair, beanbags to tables. Variety of food and drinks, and is open at the best time of year - the dry season. Deckchair cinema has come a long way from when I first visited, the greenery surrounding the screen probably is my favourite part.",Deckchair Cinema,4.8,2025-05-09T02:11:07.000Z,Thanks Georgia! :),Positive,39.0
540,Movie theater,False,True,en,0,4 months ago,2025-04-28T03:39:27.314Z,None,None,None,38,781,5,Northern Territory,False,I love this place. I’ve seen some great movies here that I wouldn’t normally get to see and the atmosphere and setting is brilliant. It’s my go to wind down place 🤗,Deckchair Cinema,4.8,2025-04-27T23:30:41.000Z,Thanks Marian! :),Positive,40.0
541,Movie theater,False,False,en,0,4 months ago,2025-04-22T14:37:55.185Z,None,None,None,0,781,5,Northern Territory,False,A Darwin icon. Querky and offbeat and a great way to see a movie. Food is not too shabby either. Bar facilities. Well maintaned. A place to enjoy cinema top end style.,Deckchair Cinema,4.8,2025-04-23T00:54:16.000Z,"Thanks Joaquin, appreciate the review :)",Positive,41.0
542,Movie theater,False,True,en,0,5 months ago,2025-04-20T08:55:03.178Z,None,None,None,41,781,5,Northern Territory,False,A Darwin icon. Querky and offbeat and a great way to see a movie. Food is not too shabby either. Bar facilities. Well maintaned. A place to enjoy cinema top end style.,Deckchair Cinema,4.8,2025-04-22T06:42:03.000Z,Thanks Libby 😊,Positive,42.0
543,Movie theater,False,True,en,0,5 months ago,2025-04-18T01:56:52.842Z,None,None,None,52,781,5,Northern Territory,False,Great place to watch a movie in the dry,Deckchair Cinema,4.8,2025-04-23T00:54:33.000Z,Thanks for the lovely review Garry :),Positive,43.0
544,Movie theater,False,False,en,0,7 months ago,2025-02-17T12:05:17.689Z,None,None,None,4,781,5,Northern Territory,False,"Incredible cinema; perfect views, amazing staff, great food and films.",Deckchair Cinema,4.8,2025-02-18T00:51:05.000Z,Thanks Saskia! It's the great customers that make the cinema special :),Positive,44.0
545,Movie theater,False,True,en,0,10 months ago,2024-11-17T11:42:02.536Z,None,None,None,9,781,4,Northern Territory,False,A Darwin icon. Querky and offbeat and a great way to see a movie. Food is not too shabby either. Bar facilities. Well maintaned. A place to enjoy cinema top end style.,Deckchair Cinema,4.8,2024-11-18T03:30:47.000Z,Thanks Kelli :),Positive,45.0
546,Movie theater,False,True,en,0,10 months ago,2024-11-11T11:38:29.790Z,None,None,None,157,781,5,Northern Territory,False,One of the best experience...chilling with family ... Will visit again,Deckchair Cinema,4.8,2024-11-12T00:53:56.000Z,Thank you for the lovely write up :),Positive,46.0
547,Movie theater,False,True,en,0,Edited 10 months ago,2024-11-05T14:57:11.483Z,None,None,None,283,781,5,Northern Territory,False,A Darwin icon. Querky and offbeat and a great way to see a movie. Food is not too shabby either. Bar facilities. Well maintaned. A place to enjoy cinema top end style.,Deckchair Cinema,4.8,2020-10-19T22:43:27.000Z,Thanks Peter :),Positive,47.0
548,Movie theater,False,True,en,0,10 months ago,2024-10-31T03:06:26.425Z,None,None,None,26,781,5,Northern Territory,False,Loved the place (except for the mosquito’s 😆). Has a large selection of lesser known/non english movies,Deckchair Cinema,4.8,2024-10-31T00:44:32.000Z,"Thanks Maarten! Yes, the mozzies have come out after the recent rain! They're not bad most of the year. Thanks for the lovely review, hope you get to enjoy the cinema again soon :)",Positive,48.0
549,Movie theater,False,True,en,0,Edited 10 months ago,2024-10-22T08:47:11.548Z,None,None,None,97,781,3,Northern Territory,False,A Darwin icon. Querky and offbeat and a great way to see a movie. Food is not too shabby either. Bar facilities. Well maintaned. A place to enjoy cinema top end style.,Deckchair Cinema,4.8,2024-10-23T00:44:30.000Z,Thanks Ian :),Neutral,49.0
550,Movie theater,False,True,en,0,10 months ago,2024-10-22T04:35:30.421Z,None,None,None,14,781,5,Northern Territory,False,A Darwin icon. Querky and offbeat and a great way to see a movie. Food is not too shabby either. Bar facilities. Well maintaned. A place to enjoy cinema top end style.,Deckchair Cinema,4.8,2024-10-23T00:41:20.000Z,Thanks Scotty and Becs :),Positive,50.0
551,Movie theater,False,False,en,0,11 months ago,2024-10-21T11:52:39.058Z,None,None,None,12,781,5,Northern Territory,False,Had an amazing and memorable evening of great entertainment at the Deckchair Cinema. It's an experience like no other!,Deckchair Cinema,4.8,2024-10-21T23:27:20.000Z,"Thanks Nathalie, we appreciate the lovely review :)",Positive,51.0
552,Movie theater,False,True,en,0,11 months ago,2024-10-02T10:41:01.427Z,None,None,None,103,781,5,Northern Territory,False,"Fantastic service, location and films displayed. We were there for the closing night of DIFF and had a great time!",Deckchair Cinema,4.8,2024-10-17T02:07:38.000Z,"Thanks Amy! SPARK is always a fun night, glad you got to experience it :)",Positive,52.0
553,Movie theater,False,False,en,0,11 months ago,2024-10-01T22:07:53.289Z,None,None,None,2,781,5,Northern Territory,False,A Darwin icon. Querky and offbeat and a great way to see a movie. Food is not too shabby either. Bar facilities. Well maintaned. A place to enjoy cinema top end style.,Deckchair Cinema,4.8,2024-10-02T03:39:46.000Z,Thanks Darren :),Positive,53.0
554,Movie theater,False,False,en,0,11 months ago,2024-10-01T12:48:06.017Z,None,None,None,6,781,5,Northern Territory,False,"Must-visit location! Having good food and a cold drink for reasonable prices while watching the sunset.....followed by a movie watched from a deck chair even with a cushion to lay perfectly comfortable. Nice people, good vibes... a perfect evening 👍",Deckchair Cinema,4.8,2024-10-02T03:39:31.000Z,Thanks Andreas! It's the lovely customers that make the cinema great ;),Positive,54.0
555,Movie theater,False,True,en,0,11 months ago,2024-09-29T04:18:00.838Z,None,None,None,10,781,5,Northern Territory,False,A Darwin icon. Querky and offbeat and a great way to see a movie. Food is not too shabby either. Bar facilities. Well maintaned. A place to enjoy cinema top end style.,Deckchair Cinema,4.8,2024-09-29T23:49:54.000Z,Thanks Mathias - glad you enjoy the cinema :),Positive,55.0
556,Movie theater,False,True,en,0,a year ago,2024-09-15T03:55:18.056Z,None,None,None,6,781,5,Northern Territory,False,A Darwin icon. Querky and offbeat and a great way to see a movie. Food is not too shabby either. Bar facilities. Well maintaned. A place to enjoy cinema top end style.,Deckchair Cinema,4.8,2024-09-15T04:30:54.000Z,"Thanks Mick, glad you enjoyed the cinema!",Positive,56.0
557,Movie theater,False,True,en,0,a year ago,2024-09-11T07:56:02.275Z,None,None,None,31,781,5,Northern Territory,False,A Darwin icon. Querky and offbeat and a great way to see a movie. Food is not too shabby either. Bar facilities. Well maintaned. A place to enjoy cinema top end style.,Deckchair Cinema,4.8,2024-09-15T04:41:31.000Z,Thanks Russell! Much appreciated.,Positive,57.0
558,Movie theater,False,True,en,0,a year ago,2024-09-11T00:08:10.289Z,None,None,None,16,781,5,Northern Territory,False,I ❤️ this Vibe,Deckchair Cinema,4.8,2024-09-11T00:42:29.000Z,Thanks Yoshi! :),Neutral,58.0
559,Movie theater,False,True,en,0,a year ago,2024-09-03T12:03:15.986Z,None,None,None,11,781,4,Northern Territory,False,A Darwin icon. Querky and offbeat and a great way to see a movie. Food is not too shabby either. Bar facilities. Well maintaned. A place to enjoy cinema top end style.,Deckchair Cinema,4.8,2024-09-04T00:26:56.000Z,Thanks Kumari :),Positive,59.0
560,Movie theater,False,True,en,0,Edited a year ago,2024-09-01T04:40:36.160Z,None,None,None,287,781,5,Northern Territory,False,A Darwin icon. Querky and offbeat and a great way to see a movie. Food is not too shabby either. Bar facilities. Well maintaned. A place to enjoy cinema top end style.,Deckchair Cinema,4.8,2019-11-07T23:48:13.000Z,Thanks Alvaro! That's a lovely thing to hear. I'll pass this onto the rest of the team here at Deckchair :),Positive,60.0
561,Movie theater,False,False,en,0,a year ago,2024-08-19T12:18:54.444Z,None,None,None,15,781,5,Northern Territory,False,A Darwin icon. Querky and offbeat and a great way to see a movie. Food is not too shabby either. Bar facilities. Well maintaned. A place to enjoy cinema top end style.,Deckchair Cinema,4.8,2024-09-04T00:27:18.000Z,"Thanks Agnieszka, glad you enjoyed the cinema :)",Positive,61.0
562,Movie theater,False,True,en,0,a year ago,2024-08-14T04:00:32.224Z,None,None,None,127,781,5,Northern Territory,False,Such a beautiful spot,Deckchair Cinema,4.8,2024-08-14T04:54:06.000Z,Thanks Eth!,Positive,62.0
563,Movie theater,False,True,en,0,a year ago,2024-08-09T12:01:04.268Z,None,None,None,51,781,5,Northern Territory,False,"Watched Grease, so good to be able to watch it outside. Just take midgy spray",Deckchair Cinema,4.8,2024-08-09T20:19:53.000Z,Thanks Gary :),Positive,63.0
564,Movie theater,False,True,en,0,a year ago,2024-07-24T21:44:22.007Z,None,None,None,116,781,5,Northern Territory,False,"Lovely outdoor cinema, comfortable, good service, free insect repellent.",Deckchair Cinema,4.8,2024-07-25T20:11:10.000Z,Thank you so much Joyce :),Positive,64.0
565,Movie theater,False,True,en,0,a year ago,2024-07-23T12:05:44.715Z,None,None,None,57,781,5,Northern Territory,False,"I had literal goosebumps a quarter of the time I was there. The movie was so pretty, and so was the setting of this wonderful outdoor cinema. Bats flying around, crickets in the bushes, a wide selection of drinks. Just beautiful. Thanks for a wonderful evening!",Deckchair Cinema,4.8,2024-07-25T20:11:53.000Z,"Thanks Marc, this is lovely to hear! Glad you enjoyed the cinema.",Positive,65.0
566,Movie theater,False,True,en,0,a year ago,2024-07-23T10:39:19.294Z,None,None,None,545,781,5,Northern Territory,False,A rich unique Darwin experience.  A great night out!,Deckchair Cinema,4.8,2024-07-25T20:12:05.000Z,Thanks Greg :),Positive,66.0
567,Movie theater,False,True,en,0,a year ago,2024-07-21T01:51:48.632Z,None,None,None,18,781,5,Northern Territory,False,"Great set up, comfy chairs, great food to eat at sunset before the movie",Deckchair Cinema,4.8,2024-07-21T23:17:22.000Z,"Thanks Sarah, glad you enjoyed the cinema :)",Positive,67.0
568,Movie theater,False,True,en,0,a year ago,2024-07-20T00:03:54.388Z,None,None,None,38,781,5,Northern Territory,False,Just the most amazing cinema. My fave in the world.  Cosy watching movie under the stars.,Deckchair Cinema,4.8,2024-07-21T23:17:45.000Z,"Thanks Suzie, lovely review :)",Positive,68.0
569,Movie theater,False,True,en,0,a year ago,2024-07-19T09:24:57.537Z,None,None,None,19,781,5,Northern Territory,False,"This is such a great experience!! Had a few bats swoop overhead, which added to the outdoor experience. Highly recommend visiting here",Deckchair Cinema,4.8,2024-07-21T23:18:39.000Z,Thanks Victoria! We love seeing the bats too :),Positive,69.0
570,Movie theater,False,True,en,0,a year ago,2024-07-11T00:05:10.082Z,None,None,None,76,781,2,Northern Territory,False,"Venue great, Ryan Renolds movie great, service great.
I was however disgusted and disappointed with first short movie.  Words almost failed me at what I saw was 'pointed racism'.",Deckchair Cinema,4.8,2024-07-11T00:34:04.000Z,"Hi Gaye,
We're sorry to hear that you were unhappy with the short film that night. We're reviewing our short film programming process for future screenings.
We've emailed all of the ticket holders, if you did not receive an email please contact us on info@deckchaircinema.com
Kind regards,
The Deckchair Cinema Team",Positive,70.0
571,Movie theater,False,True,en,0,a year ago,2024-07-07T05:59:21.466Z,None,None,None,63,781,5,Northern Territory,False,A Darwin icon. Querky and offbeat and a great way to see a movie. Food is not too shabby either. Bar facilities. Well maintaned. A place to enjoy cinema top end style.,Deckchair Cinema,4.8,2024-07-11T00:34:20.000Z,Thanks Chryss :),Positive,71.0
572,Movie theater,False,True,en,0,a year ago,2024-06-30T07:07:01.502Z,None,None,None,16,781,5,Northern Territory,False,A Darwin icon. Querky and offbeat and a great way to see a movie. Food is not too shabby either. Bar facilities. Well maintaned. A place to enjoy cinema top end style.,Deckchair Cinema,4.8,2024-06-30T23:26:56.000Z,Thanks Kylie :),Positive,72.0
573,Movie theater,False,True,en,0,a year ago,2024-06-29T06:31:53.064Z,None,None,None,208,781,5,Northern Territory,False,So happy to experience this iconic Darwin venue. Well done.,Deckchair Cinema,4.8,2024-06-30T23:27:12.000Z,Thanks Carolynne :),Positive,73.0
574,Movie theater,False,False,en,0,a year ago,2024-06-22T00:22:11.157Z,None,None,None,13,781,5,Northern Territory,False,A Darwin icon. Querky and offbeat and a great way to see a movie. Food is not too shabby either. Bar facilities. Well maintaned. A place to enjoy cinema top end style.,Deckchair Cinema,4.8,2024-06-24T05:32:03.000Z,Thanks Marion!,Positive,74.0
575,Movie theater,False,True,en,0,a year ago,2024-06-20T05:20:37.315Z,None,None,None,444,781,5,Northern Territory,False,It would be a real shame to come to Darwin and not visit this iconic cinema.,Deckchair Cinema,4.8,2024-06-24T05:32:42.000Z,"Thanks Christopher, we're glad you enjoyed Deckchair Cinema :)",Positive,75.0
576,Movie theater,False,True,en,0,a year ago,2024-06-19T20:11:48.335Z,None,None,None,43,781,5,Northern Territory,False,A Darwin icon. Querky and offbeat and a great way to see a movie. Food is not too shabby either. Bar facilities. Well maintaned. A place to enjoy cinema top end style.,Deckchair Cinema,4.8,2024-06-19T22:59:41.000Z,Thanks Beth!,Positive,76.0
577,Movie theater,False,True,en,0,a year ago,2024-06-19T09:32:36.012Z,None,None,None,537,781,5,Northern Territory,False,Worth doing for the experience.come early and reserve your seat ( with a provided cushion) .seem food and drinks are here most weeks,Deckchair Cinema,4.8,2024-06-19T22:59:24.000Z,"Thanks Glenn, So glad you enjoyed the cinema! We have food and drink every night :)
All the best,
The Deckchair Cinema team",Positive,77.0
578,Movie theater,False,True,en,0,a year ago,2024-06-16T04:18:06.460Z,None,None,None,105,781,5,Northern Territory,False,"Yes a great 👍 night Under the stars 🤩
And get food and beverage there to",Deckchair Cinema,4.8,2024-06-17T07:47:37.000Z,"Thanks Steven, glad you enjoyed Deckchair :)",Positive,78.0
579,Movie theater,False,True,en,0,a year ago,2024-06-15T08:29:20.499Z,None,None,None,59,781,5,Northern Territory,False,Good area great staff and food,Deckchair Cinema,4.8,2024-06-17T07:42:19.000Z,Thanks Scott :),Positive,79.0
580,Movie theater,False,True,en,0,a year ago,2024-06-13T02:28:48.226Z,None,None,None,50,781,5,Northern Territory,False,"One of the best cinema experiences you could have. They have a wide variety of snacks, drinks and some food options available on site. We have been there a couple of times and if you want to secure a good seats it's better to arrive at least 30 minutes before the movie starts as it tends to get full. Prices are good and service is excellent. We have always reserved our tickets online as I've noticed they do sell out for some movies.

Situated in a lush environment close to the city, there's some stairs if you want to walk down from the CBD to the cinema.
It is easy to park your car right outside or a short 3-minute walk away if the car park is too busy.",Deckchair Cinema,4.8,2024-06-13T04:05:31.000Z,"Thanks so much Robin, that's a lovely review of the cinema, glad you enjoy coming here :)",Positive,80.0
581,Movie theater,False,False,en,0,a year ago,2024-06-10T13:21:38.601Z,None,None,None,0,781,5,Northern Territory,False,A Darwin icon. Querky and offbeat and a great way to see a movie. Food is not too shabby either. Bar facilities. Well maintaned. A place to enjoy cinema top end style.,Deckchair Cinema,4.8,2024-06-11T01:45:04.000Z,Thanks Aperaamo :),Positive,81.0
582,Movie theater,False,True,en,0,a year ago,2024-05-19T00:21:17.054Z,None,None,None,66,781,5,Northern Territory,False,WOW what a wonderful experience highly recommend for anyone in Darwin to see a movie here.Look forward to going again.,Deckchair Cinema,4.8,2024-05-19T23:30:01.000Z,"Thanks so much Jenny, this is lovely! :)",Positive,82.0
583,Movie theater,False,False,en,0,a year ago,2024-05-17T22:38:13.590Z,None,None,None,11,781,5,Northern Territory,False,A Darwin must-do: get there about an hour early to dibs a good seat and enjoy the food and beautiful setting before the movie.,Deckchair Cinema,4.8,2024-05-19T23:30:28.000Z,"Thanks Conor, glad you got to enjoy the cinema :)",Positive,83.0
584,Movie theater,False,True,en,0,a year ago,2024-05-16T11:25:57.455Z,None,None,None,116,781,5,Northern Territory,False,Beautiful Ambiente and Food,Deckchair Cinema,4.8,2024-05-19T23:30:39.000Z,Thanks Nicole :),Positive,84.0
585,Movie theater,False,False,en,0,a year ago,2024-05-16T03:35:01.702Z,None,None,None,46,781,5,Northern Territory,False,"Sitting literally one leg in the jungle another in the Timor sea, listening to a gentle rumbling of wildlife in the bushes, having your hot delicious meal, drink and popcorn and listening to a crowd laughing at jokes on the screen, while a helicopter flying towards the crescent in the sky... can anything really top it? I think not.",Deckchair Cinema,4.8,2024-05-15T23:30:18.000Z,Thanks Irina :),Positive,85.0
586,Movie theater,False,True,en,0,a year ago,2024-05-09T03:27:01.342Z,None,None,None,216,781,5,Northern Territory,False,A Darwin icon. Querky and offbeat and a great way to see a movie. Food is not too shabby either. Bar facilities. Well maintaned. A place to enjoy cinema top end style.,Deckchair Cinema,4.8,2024-05-10T01:37:39.000Z,Thanks Robyn :),Positive,86.0
587,Movie theater,False,True,en,0,a year ago,2024-05-07T20:51:45.261Z,None,None,None,97,781,5,Northern Territory,False,A Darwin icon. Querky and offbeat and a great way to see a movie. Food is not too shabby either. Bar facilities. Well maintaned. A place to enjoy cinema top end style.,Deckchair Cinema,4.8,2024-05-08T23:23:49.000Z,"Thanks Dwayne, much appreciated :)",Positive,87.0
588,Movie theater,False,True,en,0,a year ago,2024-05-07T04:59:13.574Z,None,None,None,14,781,5,Northern Territory,False,A Darwin icon. Querky and offbeat and a great way to see a movie. Food is not too shabby either. Bar facilities. Well maintaned. A place to enjoy cinema top end style.,Deckchair Cinema,4.8,2024-05-08T23:24:28.000Z,"Thanks Shkurtaj, glad you enjoyed the cinema :)",Positive,88.0
589,Movie theater,False,True,en,0,a year ago,2024-05-06T05:59:38.109Z,None,None,None,140,781,5,Northern Territory,False,"Love the deckie, Force of Nature possibly the worst Australian movie ever. Eric Bana completely underwhelming ascwas the script.",Deckchair Cinema,4.8,2024-05-06T07:09:12.000Z,"Thanks Anthony, glad you enjoyed the cinema - shame about the film.",Negative,89.0
590,Movie theater,False,False,en,0,a year ago,2024-05-01T01:06:57.278Z,None,None,None,4,781,5,Northern Territory,False,Very relaxing environment. Excellent customer service. Great movies.,Deckchair Cinema,4.8,2024-05-01T02:21:14.000Z,"Thanks Fran, we're glad you got to enjoy the cinema! :)",Positive,90.0
591,Movie theater,False,True,en,0,a year ago,2024-04-17T22:27:24.272Z,None,None,None,281,781,5,Northern Territory,False,A Darwin icon. Querky and offbeat and a great way to see a movie. Food is not too shabby either. Bar facilities. Well maintaned. A place to enjoy cinema top end style.,Deckchair Cinema,4.8,2024-04-19T02:17:29.000Z,Thanks Ronja :),Positive,91.0
592,Movie theater,False,False,en,0,a year ago,2024-04-15T13:23:02.565Z,None,None,None,5,781,5,Northern Territory,False,A Darwin icon. Querky and offbeat and a great way to see a movie. Food is not too shabby either. Bar facilities. Well maintaned. A place to enjoy cinema top end style.,Deckchair Cinema,4.8,2024-05-01T02:21:33.000Z,Thanks Deepak :),Positive,92.0
593,Movie theater,False,True,en,0,a year ago,2024-04-15T01:30:43.974Z,None,None,None,461,781,4,Northern Territory,False,A Darwin icon. Querky and offbeat and a great way to see a movie. Food is not too shabby either. Bar facilities. Well maintaned. A place to enjoy cinema top end style.,Deckchair Cinema,4.8,2024-04-15T02:21:35.000Z,"Thanks David, always great to hear feedback like this. Hope you get to visit again soon!",Positive,93.0
594,Movie theater,False,True,en,0,a year ago,2024-04-13T14:42:50.895Z,None,None,None,31,781,5,Northern Territory,False,So ein tolles Kino! Das Ambiente ist großartig und es ist alles liebevoll gestaltet. Wir hatten einen tollen Abend hier.,Deckchair Cinema,4.8,2024-04-15T02:22:47.000Z,Danke sehr Bilsebub! Glad you enjoyed the cinema :),Positive,94.0
595,Movie theater,False,False,en,0,a year ago,2024-04-12T14:10:44.474Z,None,None,None,0,781,5,Northern Territory,False,A Darwin icon. Querky and offbeat and a great way to see a movie. Food is not too shabby either. Bar facilities. Well maintaned. A place to enjoy cinema top end style.,Deckchair Cinema,4.8,2024-04-15T02:20:49.000Z,"Thanks Bre, glad you enjoyed the cinema :)",Positive,95.0
596,Movie theater,False,True,en,0,a year ago,2024-02-24T07:53:00.574Z,None,None,None,104,781,5,Northern Territory,False,love the atmosphere here,Deckchair Cinema,4.8,2024-02-26T03:37:01.000Z,Thanks Alex :),Positive,96.0
597,Movie theater,False,True,en,0,a year ago,2023-11-27T04:04:44.472Z,None,None,None,43,781,5,Northern Territory,False,So cool. So quaint. So NT.,Deckchair Cinema,4.8,2023-11-29T23:42:37.000Z,Thank you :),Positive,97.0
598,Movie theater,False,True,en,0,a year ago,2023-11-25T08:38:00.088Z,None,None,None,46,781,5,Northern Territory,False,A Darwin icon. Querky and offbeat and a great way to see a movie. Food is not too shabby either. Bar facilities. Well maintaned. A place to enjoy cinema top end style.,Deckchair Cinema,4.8,2023-11-26T23:19:01.000Z,Thanks Jenny :),Positive,98.0
599,Movie theater,False,True,en,0,a year ago,2023-11-12T07:05:31.097Z,None,None,None,18,781,5,Northern Territory,False,"What a gorgeous location for a sunset. Dinner available before the movie. Great selection of movies on show. Delightful venue. Book exchange, bar and nibbles also available.",Deckchair Cinema,4.8,2023-11-12T08:58:08.000Z,Thanks so much Jill! Great to hear you enjoyed the cinema.,Positive,99.0
600,War museum,False,True,en,0,22 hours ago,2025-09-21T04:52:55.108Z,No,Weekday,No wait,53,2118,5,Northern Territory,False,A must visit but sad to be reminded of so much war.,Darwin Military Museum,4.6,None,None,Negative,0.0
601,War museum,False,True,en,0,a day ago,2025-09-20T07:31:50.495Z,Not sure,Weekday,No wait,23,2118,4,Northern Territory,False,A brilliant record of Darwins past. Well worth visiting.,Darwin Military Museum,4.6,None,None,Positive,1.0
602,War museum,False,True,en,0,2 days ago,2025-09-20T00:03:31.922Z,No,Weekday,No wait,27,2118,5,Northern Territory,False,Definitely worth a look. My brother and father like to read all the things around the place. Me personally just like looking at all the equipment. Everyone enjoyed themselves,Darwin Military Museum,4.6,None,None,Positive,2.0
603,War museum,False,True,en,0,3 days ago,2025-09-19T02:44:26.915Z,No,Weekday,No wait,127,2118,5,Northern Territory,False,"Loved it lots to look at, allow at least 3 hrs if want to look and see everything",Darwin Military Museum,4.6,None,None,Positive,3.0
604,War museum,False,True,en,0,3 days ago,2025-09-18T10:41:57.240Z,No,Weekday,No wait,128,2118,5,Northern Territory,False,Well worth visiting. Very moving.,Darwin Military Museum,4.6,None,None,Positive,4.0
605,War museum,False,False,en,0,3 days ago,2025-09-18T04:48:39.747Z,No,Weekday,No wait,2,2118,5,Northern Territory,False,A brilliant record of Darwins past. Well worth visiting.,Darwin Military Museum,4.6,None,None,Positive,5.0
606,War museum,False,True,en,0,4 days ago,2025-09-17T13:34:03.939Z,No,Weekday,No wait,22,2118,5,Northern Territory,False,For the war historians this museum is a must. Be prepared to spend at least half a day there. There is an interesting film presentation which should not be missed and a number of interactive panels to explore.,Darwin Military Museum,4.6,None,None,Positive,6.0
607,War museum,False,False,en,0,6 days ago,2025-09-15T08:51:42.407Z,No,Weekday,No wait,0,2118,5,Northern Territory,False,A brilliant record of Darwins past. Well worth visiting.,Darwin Military Museum,4.6,None,None,Positive,7.0
608,War museum,False,True,en,0,a week ago,2025-09-13T05:22:07.428Z,No,Weekend,No wait,24,2118,5,Northern Territory,False,"WOW. This has to one of the best museums I have visited in a long time. The cinema was so great and the movie was very well made. Displays were also well worth the visit, and as someone coming from Europe, it was nice to see all the exhibits and get a view on the war from the other side of the world. We spent good well over two hours and we would definetely come again.
Thank you",Darwin Military Museum,4.6,None,None,Positive,8.0
609,War museum,False,False,en,0,a week ago,2025-09-11T08:59:43.556Z,No,Weekday,No wait,1,2118,4,Northern Territory,False,A brilliant record of Darwins past. Well worth visiting.,Darwin Military Museum,4.6,None,None,Positive,9.0
610,War museum,False,True,en,0,a week ago,2025-09-10T04:55:48.921Z,No,Weekday,No wait,29,2118,4,Northern Territory,False,A brilliant record of Darwins past. Well worth visiting.,Darwin Military Museum,4.6,None,None,Positive,10.0
611,War museum,False,True,en,0,a week ago,2025-09-09T09:05:56.081Z,No,Weekday,No wait,399,2118,5,Northern Territory,False,It now has Vietnamese war shed and a Holocaust one. It's a must to go to when you are in Darwin.,Darwin Military Museum,4.6,None,None,Neutral,11.0
612,War museum,False,True,en,0,a week ago,2025-09-08T03:51:50.357Z,No,Weekend,No wait,40,2118,5,Northern Territory,False,"The Darwin Military Museum is a must-visit if you’re in Darwin! 🇦🇺✨ I found it fascinating because it really brings the city’s history to life, especially the events of 1942 during World War II.

Walking through the museum, you get to see an impressive collection of army trucks 🚛, uniforms 🎖️, and historic weapons 🔫. The displays are well set out and give you a real sense of what Darwin went through during the bombing raids. The multimedia presentations and exhibits make the history feel alive — it’s not just reading information, it’s like stepping back in time.

If you love history, the military, or just want to understand Darwin on a deeper level, this place is definitely worth the visit. 🙌",Darwin Military Museum,4.6,None,None,Positive,12.0
613,War museum,False,False,en,0,2 weeks ago,2025-09-08T01:12:45.524Z,No,Weekday,1 hr+,6,2118,4,Northern Territory,False,Great place to see the history of the war history in Darwin. Indoor viewing was fantastic.,Darwin Military Museum,4.6,None,None,Positive,13.0
614,War museum,False,True,en,0,2 weeks ago,2025-09-07T23:14:23.357Z,No,Weekday,No wait,67,2118,5,Northern Territory,False,A brilliant record of Darwins past. Well worth visiting.,Darwin Military Museum,4.6,None,None,Positive,14.0
615,War museum,False,True,en,0,2 weeks ago,2025-09-07T08:44:39.212Z,No,Weekend,No wait,90,2118,5,Northern Territory,False,A brilliant record of Darwins past. Well worth visiting.,Darwin Military Museum,4.6,None,None,Positive,15.0
616,War museum,False,True,en,0,2 weeks ago,2025-09-06T05:12:15.112Z,No,Weekday,No wait,11,2118,5,Northern Territory,False,A brilliant record of Darwins past. Well worth visiting.,Darwin Military Museum,4.6,None,None,Positive,16.0
617,War museum,False,True,en,0,2 weeks ago,2025-09-05T20:26:10.848Z,No,Weekday,No wait,55,2118,5,Northern Territory,False,A brilliant record of Darwins past. Well worth visiting.,Darwin Military Museum,4.6,None,None,Positive,17.0
618,War museum,False,True,en,0,2 weeks ago,2025-09-04T08:58:18.338Z,No,Weekday,No wait,91,2118,5,Northern Territory,False,Fantastic place to learn about the bombing of Darwin.,Darwin Military Museum,4.6,None,None,Positive,18.0
619,War museum,False,False,en,0,2 weeks ago,2025-09-04T08:03:12.459Z,No,Weekday,No wait,7,2118,5,Northern Territory,False,Informative & interesting. Excellent vehicle display. Lots of sections to visit both indoor & out.,Darwin Military Museum,4.6,None,None,Positive,19.0
620,War museum,False,True,en,0,2 weeks ago,2025-09-03T10:54:49.650Z,Yes,Weekday,No wait,28,2118,5,Northern Territory,False,A brilliant record of Darwins past. Well worth visiting.,Darwin Military Museum,4.6,None,None,Positive,20.0
621,War museum,False,True,en,0,2 weeks ago,2025-09-02T07:00:03.526Z,Not sure,Weekday,No wait,77,2118,5,Northern Territory,False,Great history of world wars 1 and 2,Darwin Military Museum,4.6,None,None,Positive,21.0
622,War museum,False,True,en,0,2 weeks ago,2025-09-01T23:18:22.939Z,No,Weekday,No wait,951,2118,5,Northern Territory,False,Highly recommended,Darwin Military Museum,4.6,None,None,Positive,22.0
623,War museum,False,True,en,0,2 weeks ago,2025-09-01T11:45:18.755Z,Yes,Weekday,No wait,51,2118,5,Northern Territory,False,An eye opener,Darwin Military Museum,4.6,None,None,Neutral,23.0
624,War museum,False,True,en,0,3 weeks ago,2025-09-01T01:42:52.315Z,No,Weekday,No wait,63,2118,5,Northern Territory,False,Unique military museum set partially outdoors. Very well presented both inside & out,Darwin Military Museum,4.6,None,None,Positive,24.0
625,War museum,False,False,en,0,3 weeks ago,2025-08-31T10:32:35.951Z,No,Weekend,No wait,8,2118,4,Northern Territory,False,A brilliant record of Darwins past. Well worth visiting.,Darwin Military Museum,4.6,None,None,Positive,25.0
626,War museum,False,True,en,0,3 weeks ago,2025-08-30T06:54:15.532Z,No,Weekday,No wait,467,2118,5,Northern Territory,False,Great museum. Very moving beautifully presented.,Darwin Military Museum,4.6,None,None,Positive,26.0
627,War museum,False,True,en,0,3 weeks ago,2025-08-30T01:56:53.841Z,No,Weekday,No wait,129,2118,5,Northern Territory,False,Unbelievable,Darwin Military Museum,4.6,None,None,Negative,27.0
628,War museum,False,True,en,0,3 weeks ago,2025-08-27T08:12:25.329Z,Not sure,Weekday,No wait,64,2118,5,Northern Territory,False,It was a great reminder of our war time history we should never forget.,Darwin Military Museum,4.6,None,None,Positive,28.0
629,War museum,False,True,en,0,3 weeks ago,2025-08-27T06:15:31.315Z,Not sure,Weekend,No wait,166,2118,5,Northern Territory,False,A brilliant record of Darwins past. Well worth visiting.,Darwin Military Museum,4.6,None,None,Positive,29.0
630,War museum,False,True,en,0,3 weeks ago,2025-08-26T20:34:42.279Z,No,Weekday,No wait,44,2118,5,Northern Territory,False,Well worth the visit.,Darwin Military Museum,4.6,None,None,Positive,30.0
631,War museum,False,True,en,0,3 weeks ago,2025-08-26T11:20:51.174Z,No,Weekday,No wait,1878,2118,3,Northern Territory,False,"Military Museum, Darwin",Darwin Military Museum,4.6,None,None,Negative,31.0
632,War museum,False,True,en,0,3 weeks ago,2025-08-26T07:13:03.281Z,No,Weekday,No wait,29,2118,4,Northern Territory,False,A brilliant record of Darwins past. Well worth visiting.,Darwin Military Museum,4.6,None,None,Positive,32.0
633,War museum,False,True,en,0,3 weeks ago,2025-08-26T04:07:39.933Z,No,Weekday,No wait,424,2118,4,Northern Territory,False,Great museum,Darwin Military Museum,4.6,None,None,Positive,33.0
634,War museum,False,True,en,0,4 weeks ago,2025-08-24T05:32:22.743Z,No,Weekday,No wait,95,2118,5,Northern Territory,False,Donot miss this.. An absolute must while visiting Darwin.,Darwin Military Museum,4.6,None,None,Positive,34.0
635,War museum,False,True,en,0,4 weeks ago,2025-08-23T06:23:05.113Z,No,Weekday,No wait,53,2118,5,Northern Territory,False,Definitely worth the drive.,Darwin Military Museum,4.6,None,None,Positive,35.0
636,War museum,False,True,en,0,a month ago,2025-08-21T03:50:00.713Z,No,Weekday,No wait,72,2118,5,Northern Territory,False,Amazing informative and reasonabley priced .,Darwin Military Museum,4.6,None,None,Positive,36.0
637,War museum,False,True,en,0,a month ago,2025-08-20T23:16:51.315Z,No,Weekend,No wait,26,2118,5,Northern Territory,False,Great Experience lots of information and lots to see.,Darwin Military Museum,4.6,None,None,Positive,37.0
638,War museum,False,False,en,0,a month ago,2025-08-20T05:08:18.917Z,No,Weekend,No wait,3,2118,5,Northern Territory,False,A great display of military items,Darwin Military Museum,4.6,None,None,Positive,38.0
639,War museum,False,True,en,0,a month ago,2025-08-19T21:09:43.181Z,No,Weekday,No wait,135,2118,5,Northern Territory,False,This place was a great historical visit. There is plenty to do including indoor museum and outdoor displays. There is also a cafe and plenty of shade areas to sit and relax.,Darwin Military Museum,4.6,None,None,Positive,39.0
640,War museum,False,True,en,0,a month ago,2025-08-19T05:12:15.871Z,Not sure,Weekday,No wait,132,2118,5,Northern Territory,False,"Fascinating experience, left me wondering about how the survivors felt whenever they heard a plane go over",Darwin Military Museum,4.6,None,None,Positive,40.0
641,War museum,False,True,en,0,a month ago,2025-08-18T04:44:51.726Z,No,Weekday,No wait,96,2118,4,Northern Territory,False,Small venue but many interesting   and informative audio visual displays.,Darwin Military Museum,4.6,None,None,Positive,41.0
642,War museum,False,True,en,0,a month ago,2025-08-17T01:16:40.158Z,No,Weekday,No wait,102,2118,4,Northern Territory,False,Wife loved it,Darwin Military Museum,4.6,None,None,Positive,42.0
643,War museum,False,True,en,0,a month ago,2025-08-12T09:47:02.156Z,No,Weekday,No wait,29,2118,3,Northern Territory,False,A brilliant record of Darwins past. Well worth visiting.,Darwin Military Museum,4.6,None,None,Neutral,43.0
644,War museum,False,True,en,0,a month ago,2025-08-12T00:59:08.748Z,No,Weekday,No wait,36,2118,5,Northern Territory,False,A brilliant record of Darwins past. Well worth visiting.,Darwin Military Museum,4.6,None,None,Positive,44.0
645,War museum,False,True,en,0,a month ago,2025-08-11T22:33:25.421Z,Not sure,Weekend,No wait,157,2118,5,Northern Territory,False,Well worth the visit if you are interested in Australian Military history. Allow a couple of hours.,Darwin Military Museum,4.6,None,None,Positive,45.0
646,War museum,False,True,en,0,a month ago,2025-08-11T07:41:33.708Z,No,Weekend,No wait,42,2118,4,Northern Territory,False,Very eye opening,Darwin Military Museum,4.6,None,None,Positive,46.0
647,War museum,False,True,en,0,a month ago,2025-08-11T06:40:32.172Z,Not sure,Weekday,No wait,32,2118,5,Northern Territory,False,A brilliant record of Darwins past. Well worth visiting.,Darwin Military Museum,4.6,None,None,Positive,47.0
648,War museum,False,True,en,0,a month ago,2025-08-11T06:13:02.807Z,Not sure,Weekday,No wait,54,2118,4,Northern Territory,False,A brilliant record of Darwins past. Well worth visiting.,Darwin Military Museum,4.6,None,None,Positive,48.0
649,War museum,False,True,en,0,a month ago,2025-08-11T04:43:55.936Z,No,Weekday,No wait,5,2118,5,Northern Territory,False,A brilliant record of Darwins past. Well worth visiting.,Darwin Military Museum,4.6,None,None,Positive,49.0
650,War museum,False,False,en,0,a month ago,2025-08-11T04:21:09.766Z,No,Weekday,No wait,5,2118,1,Northern Territory,False,A brilliant record of Darwins past. Well worth visiting.,Darwin Military Museum,4.6,None,None,Negative,50.0
651,War museum,False,False,en,0,a month ago,2025-08-08T00:45:46.982Z,No,Weekday,No wait,2,2118,5,Northern Territory,False,A brilliant record of Darwins past. Well worth visiting.,Darwin Military Museum,4.6,None,None,Positive,51.0
652,War museum,False,True,en,0,a month ago,2025-08-07T03:16:34.631Z,No,Weekday,No wait,15,2118,5,Northern Territory,False,"Tells a fantastic story of the history in Darwin during WWII. I then goes into further history of WW1, WWII, Vietnam with lots of artefacts from all time frames. Which includes 2 Matilda tank hulls, Grant tank, Centurion Mk3 and other delightful relics. It also has a collection of items from the holocaust, which is very confronting. It's a timely reminder of what is happening in the middle east and what we must do as a society!",Darwin Military Museum,4.6,None,None,Positive,52.0
653,War museum,False,False,en,0,a month ago,2025-08-07T00:54:52.302Z,Yes,Weekday,No wait,8,2118,5,Northern Territory,False,A brilliant record of Darwins past. Well worth visiting.,Darwin Military Museum,4.6,None,None,Positive,53.0
654,War museum,False,True,en,0,a month ago,2025-08-06T08:43:44.359Z,No,Weekday,No wait,40,2118,5,Northern Territory,False,Loads of exhibits and information about Darwin during WW 2. Allow plenty of time to look around. Avoid the coffee.,Darwin Military Museum,4.6,None,None,Neutral,54.0
655,War museum,False,True,en,0,a month ago,2025-08-06T00:58:14.948Z,No,Weekday,No wait,547,2118,5,Northern Territory,False,"My favourite museum in Darwin.
The air conditioned internal section features a theatre and is full of photos, informative posters, interactive displays and memorabilia.
The grounds are filled with old Jeeps, tanks and more outbuildings.",Darwin Military Museum,4.6,None,None,Positive,55.0
656,War museum,False,True,en,0,a month ago,2025-08-04T20:17:06.531Z,No,Weekend,No wait,166,2118,5,Northern Territory,False,"Great place to learn if the near invasion of Darwin, movie is epic and a must see ..make sure you have at least 2 hrs too see all ..it's huge ..",Darwin Military Museum,4.6,None,None,Positive,56.0
657,War museum,False,True,en,0,a month ago,2025-08-04T11:51:35.225Z,No,Weekday,No wait,188,2118,4,Northern Territory,False,"Very informative inside displays of the rise of the Nazis in Australia. Concentration camp conditions and stories. Lots of war memorabilia outside. Not a large display, but easy to get around.",Darwin Military Museum,4.6,None,None,Positive,57.0
658,War museum,False,True,en,0,a month ago,2025-08-02T12:14:15.036Z,No,Weekday,No wait,89,2118,5,Northern Territory,False,So much to see. A fabulous memory of our history,Darwin Military Museum,4.6,None,None,Positive,58.0
659,War museum,False,False,en,0,a month ago,2025-08-02T10:33:06.318Z,No,Weekday,No wait,2,2118,5,Northern Territory,False,A brilliant record of Darwins past. Well worth visiting.,Darwin Military Museum,4.6,None,None,Positive,59.0
660,War museum,False,True,en,0,a month ago,2025-08-02T07:52:16.914Z,Not sure,Weekend,No wait,55,2118,5,Northern Territory,False,A must.,Darwin Military Museum,4.6,None,None,Neutral,60.0
661,War museum,False,True,en,0,a month ago,2025-07-30T08:10:20.306Z,No,Weekday,No wait,34,2118,4,Northern Territory,False,The story of how Japan invaded Darwin. Some of the stories were such an eye opener.  Horrible to know it's still happening today.,Darwin Military Museum,4.6,None,None,Negative,61.0
662,War museum,False,True,en,0,a month ago,2025-07-30T07:32:15.943Z,Not sure,Public holiday,No wait,471,2118,5,Northern Territory,False,"Visited as part of WW2 Half Day Tour by Land & Sea recent Fri 25/7. Blown away literally! Only visited war memorial museums previously.  This is on the actual WW2 Fortification heritage listed site on Darwin's military zone East Point area.

The best part is outside - Armoured tanks & military vehicles, Bailey Bridges, recreated living quarters, Gun emplacement building on its original site with exhibits in bunker area surrounded by memorial plaques outside. Plus Holocaust indoor mini complex - it is a huge area set amongst gargantuan Banyan trees & nature's camouflage.
So our allocated 1.5 hours was never going to be enough.

I watched the Defence of Darwin experience when the war siren activated. After this - did a quick whizz inside & headed out. Covered almost all outdoor exhibits & military fortification by speed reading & taking pics to peruse later. Thankful indeed to live in peaceful times but also in absolute awe of the might, size & sheer intimidation of the military vehicles & equipment of yore. The Furphy water tank in good condition was another highlight- the phrase ""to spin a furphy"" originated!",Darwin Military Museum,4.6,None,None,Positive,62.0
663,War museum,False,True,en,0,a month ago,2025-07-29T12:16:20.827Z,No,Public holiday,No wait,16,2118,5,Northern Territory,False,Good little quick video on the history of the bombing of Darwin and lots of interesting things from all the different past wars,Darwin Military Museum,4.6,None,None,Positive,63.0
664,War museum,False,True,en,0,a month ago,2025-07-29T06:43:20.186Z,No,Weekday,No wait,34,2118,4,Northern Territory,False,Informative mixed collection and displays,Darwin Military Museum,4.6,None,None,Neutral,64.0
665,War museum,False,True,en,0,a month ago,2025-07-28T06:42:40.202Z,No,Weekday,No wait,22,2118,5,Northern Territory,False,A brilliant record of Darwins past. Well worth visiting.,Darwin Military Museum,4.6,None,None,Positive,65.0
666,War museum,False,True,en,0,a month ago,2025-07-27T22:49:00.911Z,No,Weekday,No wait,362,2118,5,Northern Territory,False,Well worth having a look.,Darwin Military Museum,4.6,None,None,Positive,66.0
667,War museum,False,True,en,0,a month ago,2025-07-27T08:05:24.782Z,Yes,Weekday,Up to 10 min,24,2118,4,Northern Territory,False,"It's a great place to learn history of Darwin as the front door to Australia from northern part.
There are lots to see,  bring a hat and water as plenty of areas to walk around",Darwin Military Museum,4.6,None,None,Positive,67.0
668,War museum,False,False,en,0,a month ago,2025-07-26T13:19:36.565Z,Not sure,Weekday,No wait,9,2118,4,Northern Territory,False,Would have liked more exhibits in the first section.,Darwin Military Museum,4.6,None,None,Positive,68.0
669,War museum,False,True,en,0,a month ago,2025-07-25T09:06:57.937Z,No,Weekday,No wait,1451,2118,5,Northern Territory,False,Awesome museum. Lots of cool displays and there's a huge outdoor area. Lots to learn from WWII and the defence members who were part of various wars.,Darwin Military Museum,4.6,None,None,Positive,69.0
670,War museum,False,True,en,0,a month ago,2025-07-25T05:19:19.640Z,Yes,Weekday,No wait,15,2118,5,Northern Territory,False,A brilliant record of Darwins past. Well worth visiting.,Darwin Military Museum,4.6,None,None,Positive,70.0
671,War museum,False,False,en,0,a month ago,2025-07-25T04:44:06.032Z,No,Weekday,No wait,9,2118,3,Northern Territory,False,A brilliant record of Darwins past. Well worth visiting.,Darwin Military Museum,4.6,None,None,Neutral,71.0
672,War museum,False,True,en,0,a month ago,2025-07-23T03:08:16.861Z,No,Weekday,No wait,15,2118,5,Northern Territory,False,A brilliant record of Darwins past. Well worth visiting.,Darwin Military Museum,4.6,None,None,Positive,72.0
673,War museum,False,True,en,0,2 months ago,2025-07-22T03:14:13.083Z,No,Weekday,No wait,22,2118,5,Northern Territory,False,A brilliant record of Darwins past. Well worth visiting.,Darwin Military Museum,4.6,None,None,Positive,73.0
674,War museum,False,True,en,0,2 months ago,2025-07-21T11:37:32.863Z,No,Weekday,No wait,85,2118,5,Northern Territory,False,Quite overwhelming actually. Too much to take it all in. Great display of history and well presented. Allow hours if this is your thing,Darwin Military Museum,4.6,None,None,Positive,74.0
675,War museum,False,True,en,0,2 months ago,2025-07-18T05:42:59.941Z,Not sure,Weekday,No wait,96,2118,5,Northern Territory,False,"Wow
What a lot of stuff
Well displayed and good entertainment for young and old for a number of hours",Darwin Military Museum,4.6,None,None,Positive,75.0
676,War museum,False,False,en,0,2 months ago,2025-07-17T09:34:38.370Z,No,Weekday,No wait,2,2118,5,Northern Territory,False,A brilliant record of Darwins past. Well worth visiting.,Darwin Military Museum,4.6,None,None,Positive,76.0
677,War museum,False,True,en,0,2 months ago,2025-07-16T05:05:01.927Z,No,Weekday,No wait,123,2118,5,Northern Territory,False,Great range of exhibits and displays. Not crowd so easy to walk around and enjoy the displays.,Darwin Military Museum,4.6,None,None,Positive,77.0
678,War museum,False,True,en,0,2 months ago,2025-07-15T02:57:21.702Z,Not sure,Weekday,No wait,53,2118,5,Northern Territory,False,Fantastic display,Darwin Military Museum,4.6,None,None,Positive,78.0
679,War museum,False,True,en,0,2 months ago,2025-07-14T10:50:27.591Z,No,Weekday,No wait,19,2118,5,Northern Territory,False,Really well done. Worth a visit.,Darwin Military Museum,4.6,None,None,Positive,79.0
680,War museum,False,True,en,0,2 months ago,2025-07-14T09:47:20.119Z,No,Weekday,No wait,16,2118,5,Northern Territory,False,A brilliant record of Darwins past. Well worth visiting.,Darwin Military Museum,4.6,None,None,Positive,80.0
681,War museum,False,True,en,0,2 months ago,2025-07-10T14:31:35.145Z,No,Weekday,No wait,5,2118,5,Northern Territory,False,A brilliant record of Darwins past. Well worth visiting.,Darwin Military Museum,4.6,None,None,Positive,81.0
682,War museum,False,True,en,0,2 months ago,2025-07-08T10:19:31.429Z,No,Weekend,No wait,32,2118,5,Northern Territory,False,A brilliant record of Darwins past. Well worth visiting.,Darwin Military Museum,4.6,None,None,Positive,82.0
683,War museum,False,False,en,0,2 months ago,2025-07-08T06:26:06.047Z,Not sure,Weekday,Up to 10 min,2,2118,3,Northern Territory,False,"Very tired displays. Value for money not really thought it was over priced for what we saw.
Many of the outdoor displays need a good clean to rid the cobwebs. Several of the indoor displays had out of order on them.

Definitely no Wow factor",Darwin Military Museum,4.6,None,None,Positive,83.0
684,War museum,False,True,en,0,2 months ago,2025-07-07T09:01:34.822Z,No,Weekend,No wait,21,2118,4,Northern Territory,False,"Wonderful displays and a wealth of information and memorabilia from several international conflicts. You'll need a good couple of hours to cover everything. A better experience would include more interactive experiences, guided tours and a more expensive cafe. Nevertheless, for war buffs, the DMM is highly recommended.",Darwin Military Museum,4.6,None,None,Positive,84.0
685,War museum,False,True,en,0,2 months ago,2025-07-07T08:06:28.156Z,Yes,Weekday,No wait,20,2118,5,Northern Territory,False,A brilliant record of Darwins past. Well worth visiting.,Darwin Military Museum,4.6,None,None,Positive,85.0
686,War museum,False,True,en,0,2 months ago,2025-07-04T06:12:45.766Z,No,Weekend,No wait,56,2118,5,Northern Territory,False,Very interesting with plenty of indoor and outdoor exhibitions. Make sure to plan plenty of time.,Darwin Military Museum,4.6,None,None,Positive,86.0
687,War museum,False,True,en,0,2 months ago,2025-07-04T06:03:40.180Z,No,Weekday,No wait,55,2118,5,Northern Territory,False,"Great museum, well displayed with lots of history.",Darwin Military Museum,4.6,None,None,Positive,87.0
688,War museum,False,True,en,0,2 months ago,2025-07-03T05:01:34.579Z,No,Weekday,No wait,7,2118,5,Northern Territory,False,"Great value. So much information, very well presented  and amazing collection of equipment.",Darwin Military Museum,4.6,None,None,Positive,88.0
689,War museum,False,True,en,0,2 months ago,2025-07-02T23:23:10.759Z,No,Weekday,No wait,15,2118,3,Northern Territory,False,"Intetesting and some good exhibits, but let down by the lack of maintenance. Signs are faded and unreadable. It looks very tired.",Darwin Military Museum,4.6,None,None,Positive,89.0
690,War museum,False,True,en,0,2 months ago,2025-07-02T07:38:15.823Z,No,Weekday,No wait,450,2118,4,Northern Territory,False,Well worth a visit 👍,Darwin Military Museum,4.6,None,None,Positive,90.0
691,War museum,False,False,en,0,2 months ago,2025-07-01T07:51:59.281Z,No,Weekday,No wait,16,2118,5,Northern Territory,False,Amazing collection,Darwin Military Museum,4.6,None,None,Positive,91.0
692,War museum,False,True,en,0,2 months ago,2025-07-01T01:26:11.719Z,No,Weekday,No wait,29,2118,5,Northern Territory,False,A brilliant record of Darwins past. Well worth visiting.,Darwin Military Museum,4.6,None,None,Positive,92.0
693,War museum,False,False,en,0,2 months ago,2025-06-30T07:28:41.675Z,No,Weekend,1 hr+,8,2118,4,Northern Territory,False,Lots to see and experience. Well laid out.,Darwin Military Museum,4.6,None,None,Neutral,93.0
694,War museum,False,True,en,0,2 months ago,2025-06-29T12:55:50.021Z,No,Weekday,No wait,45,2118,5,Northern Territory,False,"Not sure about being there when it's a  hot day, as all the hardware is outside with the bunker.the digital information inside is good.",Darwin Military Museum,4.6,None,None,Positive,94.0
695,War museum,False,True,en,0,2 months ago,2025-06-29T08:37:31.551Z,No,Weekend,No wait,563,2118,5,Northern Territory,False,Great history museum. Great memorabilia and historical war stories. You'll easy spend a day here..,Darwin Military Museum,4.6,None,None,Positive,95.0
696,War museum,False,True,en,0,2 months ago,2025-06-29T04:34:13.275Z,Not sure,Public holiday,No wait,62,2118,4,Northern Territory,False,It was good to see the museum.,Darwin Military Museum,4.6,None,None,Positive,96.0
697,War museum,False,True,en,0,2 months ago,2025-06-28T21:57:24.615Z,No,Weekday,No wait,50,2118,5,Northern Territory,False,Excellent displays and informative,Darwin Military Museum,4.6,None,None,Positive,97.0
698,War museum,False,True,en,0,2 months ago,2025-06-28T07:49:50.588Z,No,Weekend,No wait,31,2118,5,Northern Territory,False,The information  was outstanding,Darwin Military Museum,4.6,None,None,Positive,98.0
699,War museum,False,True,en,0,2 months ago,2025-06-28T05:03:23.369Z,No,Weekend,1 hr+,18,2118,5,Northern Territory,False,So much to learn and see both inside and out,Darwin Military Museum,4.6,None,None,Positive,99.0
700,Museum,False,True,en,0,19 hours ago,2025-09-21T08:01:08.823Z,No,Weekday,No wait,242,3661,5,Northern Territory,False,"Entrada gratuita y se agradece mucho, me encantó conocer más sobre la cultura Tiwi, las instalaciones son bellas y el personal amable",Museum and Art Gallery of the Northern Territory,4.6,None,None,Positive,0.0
701,Museum,False,True,en,0,22 hours ago,2025-09-21T05:11:42.431Z,No,Weekday,No wait,40,3661,5,Northern Territory,False,Check it out when in Darwin!,Museum and Art Gallery of the Northern Territory,4.6,None,None,Neutral,1.0
702,Museum,False,False,en,0,2 days ago,2025-09-19T09:06:28.975Z,No,Weekday,No wait,0,3661,5,Northern Territory,False,"This Museum exceeded our expectations, especially as it’s free. Very interesting, lovely staff, also great cafe and a wonderful gift shop if you’re looking for a special aboriginal momento. Well worth visiting.",Museum and Art Gallery of the Northern Territory,4.6,None,None,Positive,2.0
703,Museum,False,True,en,0,3 days ago,2025-09-19T01:09:26.166Z,No,Weekday,No wait,127,3661,5,Northern Territory,False,Lots of interesting things to see,Museum and Art Gallery of the Northern Territory,4.6,None,None,Positive,3.0
704,Museum,False,True,en,0,4 days ago,2025-09-18T02:41:46.953Z,No,Weekday,No wait,265,3661,5,Northern Territory,False,"Great exhibits. A little out of the way, but totally free so that's the last excuse. Close to the Botanical gardens. Recommend a dual visit, even if walking.",Museum and Art Gallery of the Northern Territory,4.6,None,None,Positive,4.0
705,Museum,False,True,en,0,4 days ago,2025-09-17T06:21:13.140Z,No,Weekday,No wait,22,3661,5,Northern Territory,False,A great museum and the Cyclone Tracy exhibition was awesome.,Museum and Art Gallery of the Northern Territory,4.6,None,None,Positive,5.0
706,Museum,False,True,en,0,5 days ago,2025-09-17T03:10:27.411Z,Not sure,Weekday,No wait,21,3661,5,Northern Territory,False,A great museum and the Cyclone Tracy exhibition was awesome.,Museum and Art Gallery of the Northern Territory,4.6,None,None,Positive,6.0
707,Museum,False,True,en,0,5 days ago,2025-09-16T07:03:13.471Z,No,Weekend,No wait,23,3661,5,Northern Territory,False,"Great experience, enjoyed the art and the history. The First Nations and the Cyclone Tracey exhibits we really well done.",Museum and Art Gallery of the Northern Territory,4.6,None,None,Positive,7.0
708,Museum,False,True,en,0,5 days ago,2025-09-16T04:33:04.370Z,No,Weekday,No wait,71,3661,5,Northern Territory,False,Darwin Cyclone Tracy and Animal displays were fantastic.,Museum and Art Gallery of the Northern Territory,4.6,None,None,Positive,8.0
709,Museum,False,True,en,0,6 days ago,2025-09-16T01:46:19.604Z,No,Weekday,No wait,264,3661,5,Northern Territory,False,"Absolutely by far the best wildlife displays. And a varied show of culture, art and historical things.
Cyclone exhibition is a must.
And the best things is, this is absolutely free.",Museum and Art Gallery of the Northern Territory,4.6,None,None,Positive,9.0
710,Museum,False,True,en,0,6 days ago,2025-09-15T07:57:53.401Z,No,Weekend,No wait,63,3661,5,Northern Territory,False,A great museum and the Cyclone Tracy exhibition was awesome.,Museum and Art Gallery of the Northern Territory,4.6,None,None,Positive,10.0
711,Museum,False,True,en,0,a week ago,2025-09-14T07:05:49.550Z,No,Weekday,No wait,75,3661,1,Northern Territory,False,This venue is not disabled friendly. There are stairs everywhere and no lifts. There was a chair lift on only one staircase. More seating is also required. Do better.,Museum and Art Gallery of the Northern Territory,4.6,None,None,Positive,11.0
712,Museum,False,True,en,0,a week ago,2025-09-13T11:52:04.468Z,No,Weekday,No wait,12,3661,4,Northern Territory,False,Great place to spend a couple of hours.  Very Interesting exhibitions.  Lots of history and culture here. Friendly staff. Only downside is that the bicycle parking was not shaded.  Not wanting to return to a melted saddle i had to park it accross the road at the ski club.,Museum and Art Gallery of the Northern Territory,4.6,None,None,Positive,12.0
713,Museum,False,True,en,0,a week ago,2025-09-13T04:11:15.287Z,No,Weekend,No wait,1,3661,5,Northern Territory,False,A great museum and the Cyclone Tracy exhibition was awesome.,Museum and Art Gallery of the Northern Territory,4.6,None,None,Positive,13.0
714,Museum,False,True,en,0,a week ago,2025-09-12T08:16:28.868Z,No,Weekday,No wait,8,3661,5,Northern Territory,False,งานศิลปะและประวัติศาสตร์เยอะมาก,Museum and Art Gallery of the Northern Territory,4.6,None,None,Neutral,14.0
715,Museum,False,False,en,0,a week ago,2025-09-12T02:48:38.380Z,No,Weekday,No wait,1,3661,4,Northern Territory,False,A great museum and the Cyclone Tracy exhibition was awesome.,Museum and Art Gallery of the Northern Territory,4.6,None,None,Positive,15.0
716,Museum,False,True,en,0,a week ago,2025-09-08T23:42:39.315Z,No,Weekend,No wait,191,3661,5,Northern Territory,False,"Definitely worth a visit, wonderful exhibits and have lunch at the restaurant as it was a highlight with excellent food, wine and service with great views.",Museum and Art Gallery of the Northern Territory,4.6,None,None,Positive,16.0
717,Museum,False,False,en,0,a week ago,2025-09-08T10:23:11.937Z,Not sure,Weekend,No wait,12,3661,5,Northern Territory,False,Beautiful layout! Great exhibits - so well presented & detailed. The Cyclone Tracey section was very special,Museum and Art Gallery of the Northern Territory,4.6,None,None,Positive,17.0
718,Museum,False,True,en,0,a week ago,2025-09-08T04:27:25.485Z,No,Weekend,No wait,381,3661,5,Northern Territory,False,Well laid out galleries.   Interactive displays as well as lecture theatre and video displays.,Museum and Art Gallery of the Northern Territory,4.6,None,None,Neutral,18.0
719,Museum,False,True,en,0,2 weeks ago,2025-09-07T08:43:29.328Z,No,Weekend,No wait,90,3661,5,Northern Territory,False,Loved it a must see when in Darwin,Museum and Art Gallery of the Northern Territory,4.6,None,None,Positive,19.0
720,Museum,False,True,en,0,2 weeks ago,2025-09-06T10:15:32.651Z,No,Weekday,No wait,13,3661,5,Northern Territory,False,A great museum and the Cyclone Tracy exhibition was awesome.,Museum and Art Gallery of the Northern Territory,4.6,None,None,Positive,20.0
721,Museum,False,True,en,0,2 weeks ago,2025-09-06T02:34:18.677Z,No,Weekday,No wait,57,3661,4,Northern Territory,False,A great museum and the Cyclone Tracy exhibition was awesome.,Museum and Art Gallery of the Northern Territory,4.6,None,None,Positive,21.0
722,Museum,False,True,en,0,2 weeks ago,2025-09-04T09:01:32.774Z,No,Weekday,No wait,64,3661,5,Northern Territory,False,"I was so glad I visited the museum, loved every minute.",Museum and Art Gallery of the Northern Territory,4.6,None,None,Positive,22.0
723,Museum,False,True,en,0,2 weeks ago,2025-09-03T08:38:01.054Z,No,Weekday,No wait,24,3661,5,Northern Territory,False,"A must visit. Stories of local history, ecology and natural science. These coupled with indigenous art and a restaurant with food and a view to die for make it a must to visit.",Museum and Art Gallery of the Northern Territory,4.6,None,None,Positive,23.0
724,Museum,False,True,en,0,2 weeks ago,2025-09-02T12:46:27.175Z,No,Weekday,No wait,55,3661,5,Northern Territory,False,Excellent displays,Museum and Art Gallery of the Northern Territory,4.6,None,None,Positive,24.0
725,Museum,False,True,en,0,2 weeks ago,2025-09-02T11:58:01.531Z,Not sure,Weekday,No wait,105,3661,5,Northern Territory,False,Must see sweetheart. Other displays were presented well with interesting history. Great for everyone.,Museum and Art Gallery of the Northern Territory,4.6,None,None,Positive,25.0
726,Museum,False,True,en,0,2 weeks ago,2025-09-02T10:43:23.993Z,No,Weekday,No wait,24,3661,4,Northern Territory,False,A great museum and the Cyclone Tracy exhibition was awesome.,Museum and Art Gallery of the Northern Territory,4.6,None,None,Positive,26.0
727,Museum,False,True,en,0,2 weeks ago,2025-09-02T10:34:05.793Z,No,Weekday,No wait,22,3661,5,Northern Territory,False,A great museum and the Cyclone Tracy exhibition was awesome.,Museum and Art Gallery of the Northern Territory,4.6,None,None,Positive,27.0
728,Museum,False,False,en,0,2 weeks ago,2025-09-02T06:03:40.448Z,No,Weekday,No wait,10,3661,5,Northern Territory,False,This place is great,Museum and Art Gallery of the Northern Territory,4.6,None,None,Positive,28.0
729,Museum,False,True,en,0,2 weeks ago,2025-09-02T01:10:41.881Z,No,Weekday,No wait,26,3661,4,Northern Territory,False,"We walked up from the casino resort, a 25 minute trek along the coast and service roads. We had breakfast in the cafe next door. Took about an hour for a flit around the museum. Not a day for reading every exhibits back story. The story of Tracey being an exception. Boy was Darwin destroyed. Find out more here.",Museum and Art Gallery of the Northern Territory,4.6,None,None,Positive,29.0
730,Museum,False,True,en,0,2 weeks ago,2025-09-01T10:16:11.938Z,No,Weekend,No wait,16,3661,5,Northern Territory,False,Amazing. Easy to walk around and the variety of exhibits is perfect. Then coffee at Cafe.,Museum and Art Gallery of the Northern Territory,4.6,None,None,Positive,30.0
731,Museum,False,True,en,0,2 weeks ago,2025-09-01T03:45:39.596Z,No,Weekday,No wait,24,3661,5,Northern Territory,False,This attraction was the most amazing and so well set out Museum I have ever visited you could spend hours there sitting and looking at some pieces or just slowly walking and taking everything in a truly wonderful experience,Museum and Art Gallery of the Northern Territory,4.6,None,None,Positive,31.0
732,Museum,False,False,en,0,3 weeks ago,2025-08-31T03:53:48.703Z,No,Weekday,No wait,3,3661,4,Northern Territory,False,A great museum and the Cyclone Tracy exhibition was awesome.,Museum and Art Gallery of the Northern Territory,4.6,None,None,Positive,32.0
733,Museum,False,True,en,0,3 weeks ago,2025-08-30T10:46:59.846Z,No,Weekday,No wait,298,3661,4,Northern Territory,False,"It's a small museum,  in a great location.but it was very crowded when I last went",Museum and Art Gallery of the Northern Territory,4.6,None,None,Positive,33.0
734,Museum,False,True,en,0,3 weeks ago,2025-08-30T03:30:41.380Z,No,Weekend,No wait,103,3661,5,Northern Territory,False,Excellent exhibitions. Good coffee. Friendly Staff. Bus there is currently free! Can’t get better.,Museum and Art Gallery of the Northern Territory,4.6,None,None,Positive,34.0
735,Museum,False,False,en,0,3 weeks ago,2025-08-29T09:58:37.439Z,No,Weekday,No wait,7,3661,5,Northern Territory,False,A great museum and the Cyclone Tracy exhibition was awesome.,Museum and Art Gallery of the Northern Territory,4.6,None,None,Positive,35.0
736,Museum,False,True,en,0,3 weeks ago,2025-08-29T08:13:06.588Z,Yes,Weekday,1 hr+,6,3661,5,Northern Territory,False,A great museum and the Cyclone Tracy exhibition was awesome.,Museum and Art Gallery of the Northern Territory,4.6,None,None,Positive,36.0
737,Museum,False,True,en,0,3 weeks ago,2025-08-29T05:35:13.953Z,No,Weekday,No wait,212,3661,4,Northern Territory,False,"We saw the cyclone  Tracy exhibition  it was great to see and remember that time, it was very scary even if you weren't  there at the time  so it must have been so much worse  for those who  went  through  it",Museum and Art Gallery of the Northern Territory,4.6,None,None,Negative,37.0
738,Museum,False,False,en,0,3 weeks ago,2025-08-28T23:15:00.283Z,Not sure,Weekday,No wait,8,3661,5,Northern Territory,False,A must see in darwin. Was a highlight of visiting darwin,Museum and Art Gallery of the Northern Territory,4.6,None,None,Neutral,38.0
739,Museum,False,True,en,0,3 weeks ago,2025-08-27T13:12:07.211Z,No,Weekday,No wait,110,3661,5,Northern Territory,False,A great museum and the Cyclone Tracy exhibition was awesome.,Museum and Art Gallery of the Northern Territory,4.6,None,None,Positive,39.0
740,Museum,False,True,en,0,3 weeks ago,2025-08-27T06:16:12.685Z,Not sure,Weekend,No wait,166,3661,5,Northern Territory,False,A great museum and the Cyclone Tracy exhibition was awesome.,Museum and Art Gallery of the Northern Territory,4.6,None,None,Positive,40.0
741,Museum,False,False,en,0,3 weeks ago,2025-08-26T12:00:37.074Z,No,Weekday,No wait,7,3661,5,Northern Territory,False,A great museum and the Cyclone Tracy exhibition was awesome.,Museum and Art Gallery of the Northern Territory,4.6,None,None,Positive,41.0
742,Museum,False,True,en,0,3 weeks ago,2025-08-26T04:06:57.860Z,No,Weekday,1 hr+,424,3661,4,Northern Territory,False,Great artwork on display,Museum and Art Gallery of the Northern Territory,4.6,None,None,Positive,42.0
743,Museum,False,True,en,0,3 weeks ago,2025-08-26T01:31:26.431Z,No,Weekday,No wait,91,3661,5,Northern Territory,False,"Love it! Amazing museum! You need at least 1hour and half to see everything. The best part, is free !!!!!",Museum and Art Gallery of the Northern Territory,4.6,None,None,Positive,43.0
744,Museum,False,True,en,0,3 weeks ago,2025-08-25T06:48:07.282Z,No,Weekday,No wait,13,3661,5,Northern Territory,False,"What an amazing museum! So many exhibits to see and learn about. They have something for everyone including art, animals (sea, land, and air), local Darwin history, maritime history, and much more. Oh and it's also FREE?!?",Museum and Art Gallery of the Northern Territory,4.6,None,None,Positive,44.0
745,Museum,False,True,en,0,3 weeks ago,2025-08-25T06:33:43.980Z,No,Weekday,No wait,241,3661,5,Northern Territory,False,A great museum and the Cyclone Tracy exhibition was awesome.,Museum and Art Gallery of the Northern Territory,4.6,None,None,Positive,45.0
746,Museum,False,True,en,0,3 weeks ago,2025-08-25T06:22:57.650Z,Not sure,Weekday,No wait,24,3661,5,Northern Territory,False,"This museum is a lovely place to visit, with plenty of parking and lovely tranquil gardens that greet you at the entrance. The exhibits are interesting and well organised. The venue was easy to navigate through and the staff were friendly and helpful. I reccomend checking the events calender so you dont miss out on the extra cool stuff they have on during specific times of the day.",Museum and Art Gallery of the Northern Territory,4.6,None,None,Positive,46.0
747,Museum,False,True,en,0,4 weeks ago,2025-08-25T02:35:14.638Z,No,Weekend,No wait,36,3661,5,Northern Territory,False,Really can’t believe this is a free activity in Darwin. We all thoroughly enjoyed it! Highly recommend.,Museum and Art Gallery of the Northern Territory,4.6,None,None,Positive,47.0
748,Museum,False,True,en,0,4 weeks ago,2025-08-23T22:16:32.682Z,No,Weekday,No wait,36,3661,4,Northern Territory,False,A great museum and the Cyclone Tracy exhibition was awesome.,Museum and Art Gallery of the Northern Territory,4.6,None,None,Positive,48.0
749,Museum,False,True,en,0,4 weeks ago,2025-08-23T03:22:26.533Z,No,Weekday,No wait,97,3661,5,Northern Territory,False,"Loved Indigenous art galleries, other galleries interesting along with small maritine",Museum and Art Gallery of the Northern Territory,4.6,None,None,Positive,49.0
750,Museum,False,True,en,0,4 weeks ago,2025-08-22T09:44:22.459Z,No,Weekday,No wait,95,3661,5,Northern Territory,False,So informative and interesting. I loved the history of the Territory and the display of cyclone Tracy.,Museum and Art Gallery of the Northern Territory,4.6,None,None,Positive,50.0
751,Museum,False,True,en,0,4 weeks ago,2025-08-22T05:19:09.900Z,No,Weekday,No wait,597,3661,5,Northern Territory,False,Always worth a visit if only for the Telstra awards exhibition. Cyclone Tracy exhibit very good as well.,Museum and Art Gallery of the Northern Territory,4.6,None,None,Positive,51.0
752,Museum,False,False,en,0,4 weeks ago,2025-08-22T05:07:43.420Z,No,Weekday,No wait,15,3661,5,Northern Territory,False,"Spændende sted, med både kunst, natur, skibsfart og en særlig spændende udstilling om den orkan der ramte Darwin i 1974. Og så er det gratis at komme ind",Museum and Art Gallery of the Northern Territory,4.6,None,None,Positive,52.0
753,Museum,False,True,en,0,a month ago,2025-08-21T21:48:52.840Z,No,Weekday,No wait,281,3661,5,Northern Territory,False,A great museum and the Cyclone Tracy exhibition was awesome.,Museum and Art Gallery of the Northern Territory,4.6,None,None,Positive,53.0
754,Museum,False,False,en,0,a month ago,2025-08-21T11:29:28.116Z,No,Weekday,No wait,0,3661,3,Northern Territory,False,A great museum and the Cyclone Tracy exhibition was awesome.,Museum and Art Gallery of the Northern Territory,4.6,None,None,Neutral,54.0
755,Museum,False,True,en,0,a month ago,2025-08-21T05:35:36.724Z,No,Weekend,No wait,132,3661,5,Northern Territory,False,A great museum and the Cyclone Tracy exhibition was awesome.,Museum and Art Gallery of the Northern Territory,4.6,None,None,Positive,55.0
756,Museum,False,True,en,0,a month ago,2025-08-21T03:50:58.222Z,No,Weekday,No wait,72,3661,5,Northern Territory,False,So interesting and free with aircon.,Museum and Art Gallery of the Northern Territory,4.6,None,None,Positive,56.0
757,Museum,False,True,en,0,a month ago,2025-08-20T12:53:52.558Z,No,Weekday,No wait,18,3661,5,Northern Territory,False,Zeer educatief en mooi,Museum and Art Gallery of the Northern Territory,4.6,None,None,Positive,57.0
758,Museum,False,True,en,0,a month ago,2025-08-20T06:15:16.107Z,No,Weekday,No wait,50,3661,5,Northern Territory,False,Fantastic museum and well worth a visit. Entry is free.,Museum and Art Gallery of the Northern Territory,4.6,None,None,Positive,58.0
759,Museum,False,True,en,0,a month ago,2025-08-20T03:46:02.525Z,No,Weekday,No wait,259,3661,5,Northern Territory,False,A very compact but intensely interesting museum and art gallery. I particularly enjoyed the Cyclone Tracy exhibit and the extensive collection of Aboriginal art,Museum and Art Gallery of the Northern Territory,4.6,None,None,Positive,59.0
760,Museum,False,True,en,0,a month ago,2025-08-19T05:07:25.015Z,No,Weekday,No wait,132,3661,1,Northern Territory,False,Nor open,Museum and Art Gallery of the Northern Territory,4.6,None,None,Neutral,60.0
761,Museum,False,True,en,0,a month ago,2025-08-19T04:47:53.546Z,No,Weekday,No wait,2,3661,5,Northern Territory,False,A great museum and the Cyclone Tracy exhibition was awesome.,Museum and Art Gallery of the Northern Territory,4.6,None,None,Positive,61.0
762,Museum,False,True,en,0,a month ago,2025-08-18T07:07:01.483Z,No,Weekday,No wait,26,3661,5,Northern Territory,False,A great museum and the Cyclone Tracy exhibition was awesome.,Museum and Art Gallery of the Northern Territory,4.6,None,None,Positive,62.0
763,Museum,False,True,en,0,a month ago,2025-08-17T07:14:36.089Z,No,Weekend,No wait,42,3661,4,Northern Territory,False,A great museum and the Cyclone Tracy exhibition was awesome.,Museum and Art Gallery of the Northern Territory,4.6,None,None,Positive,63.0
764,Museum,False,True,en,0,a month ago,2025-08-17T07:05:34.884Z,No,Weekend,No wait,137,3661,5,Northern Territory,False,"Wonderful exhibitions, the ones on Megafauna and Cyclone Tracy were particularly good.",Museum and Art Gallery of the Northern Territory,4.6,None,None,Positive,64.0
765,Museum,False,True,en,0,a month ago,2025-08-17T05:59:28.863Z,No,Weekday,No wait,61,3661,5,Northern Territory,False,"Un museo che mostra( finalmente) arte aborigena. Per chi ama poi la storia, si può rivivere il terribile uragano che distrusse quasi completamente la città con delle mappe per quartiere che mostrano la rovina di quell'evento e come è stata riedificatavsulle macerie tutta la città.",Museum and Art Gallery of the Northern Territory,4.6,None,None,Negative,65.0
766,Museum,False,True,en,0,a month ago,2025-08-17T05:04:31.731Z,No,Weekday,No wait,9,3661,5,Northern Territory,False,A great museum and the Cyclone Tracy exhibition was awesome.,Museum and Art Gallery of the Northern Territory,4.6,None,None,Positive,66.0
767,Museum,False,True,en,0,a month ago,2025-08-17T01:28:34.399Z,No,Weekday,No wait,19,3661,5,Northern Territory,False,Fantastic,Museum and Art Gallery of the Northern Territory,4.6,None,None,Positive,67.0
768,Museum,False,True,en,0,a month ago,2025-08-17T01:17:10.237Z,No,Weekday,No wait,102,3661,5,Northern Territory,False,Loved the experience of cyclone tracey,Museum and Art Gallery of the Northern Territory,4.6,None,None,Positive,68.0
769,Museum,False,True,en,0,a month ago,2025-08-16T07:51:13.044Z,No,Weekday,No wait,25,3661,5,Northern Territory,False,"Very nice and interesting display of cultural art and fauna found in NT.
Recommend spending half a day here. Allocated 2 hours initially, but I had to return the next day for extra 3 hours.",Museum and Art Gallery of the Northern Territory,4.6,None,None,Positive,69.0
770,Museum,False,True,en,0,a month ago,2025-08-15T09:36:19.648Z,No,Weekend,No wait,4,3661,5,Northern Territory,False,A great museum and the Cyclone Tracy exhibition was awesome.,Museum and Art Gallery of the Northern Territory,4.6,None,None,Positive,70.0
771,Museum,False,True,en,0,a month ago,2025-08-15T08:22:53.753Z,No,Weekday,No wait,20,3661,5,Northern Territory,False,A great museum and the Cyclone Tracy exhibition was awesome.,Museum and Art Gallery of the Northern Territory,4.6,None,None,Positive,71.0
772,Museum,False,True,en,0,Edited a month ago,2025-08-14T06:34:54.014Z,No,Weekday,No wait,84,3661,5,Northern Territory,False,fabulous!,Museum and Art Gallery of the Northern Territory,4.6,None,None,Positive,72.0
773,Museum,False,True,en,0,a month ago,2025-08-14T01:22:30.392Z,No,Weekday,No wait,11,3661,5,Northern Territory,False,A great museum and the Cyclone Tracy exhibition was awesome.,Museum and Art Gallery of the Northern Territory,4.6,None,None,Positive,73.0
774,Museum,False,True,en,0,a month ago,2025-08-13T12:54:44.924Z,No,Weekday,No wait,1,3661,5,Northern Territory,False,A great museum and the Cyclone Tracy exhibition was awesome.,Museum and Art Gallery of the Northern Territory,4.6,None,None,Positive,74.0
775,Museum,False,True,en,0,a month ago,2025-08-13T04:34:22.094Z,No,Weekday,No wait,886,3661,5,Northern Territory,False,Free admission is always a bonus. Went to have a look at the Cyclon Tracey exhibition. Well worth it and definitely eye opening.,Museum and Art Gallery of the Northern Territory,4.6,None,None,Positive,75.0
776,Museum,False,True,en,0,a month ago,2025-08-13T03:44:00.842Z,No,Weekday,1 hr+,60,3661,5,Northern Territory,False,Exhibitions are really good but its a navigational nightmare with stairs everywhere. Also only 3 womens toilets gor all the tourists and the cafe! What is it about stingy lack of toilets in Darwin?,Museum and Art Gallery of the Northern Territory,4.6,None,None,Positive,76.0
777,Museum,False,True,en,0,a month ago,2025-08-11T11:52:14.060Z,No,Weekday,No wait,34,3661,5,Northern Territory,False,Well presented museum. Had an Aboriginal art display which was interesting. The cyclone Tracy display is very well presented & worth the visit just for it. The video presentation is very raw & moving. Flora & fauna displays are interesting & well presented. History of NT is really interesting as well.,Museum and Art Gallery of the Northern Territory,4.6,None,None,Positive,77.0
778,Museum,False,True,en,0,a month ago,2025-08-11T08:35:09.259Z,No,Weekend,No wait,330,3661,5,Northern Territory,False,Spent a few hours browsing around the exhibits at this museum. It was well laid out and had things to see not normally found in this type of museum. Especially liked the cyclone Tracey exhibit.,Museum and Art Gallery of the Northern Territory,4.6,None,None,Positive,78.0
779,Museum,False,True,en,0,a month ago,2025-08-11T07:22:56.548Z,No,Weekday,No wait,35,3661,5,Northern Territory,False,"Had a great experience here, the section about Cyclone Tracy was quite interactive and interesting",Museum and Art Gallery of the Northern Territory,4.6,None,None,Positive,79.0
780,Museum,False,False,en,0,a month ago,2025-08-11T05:29:34.078Z,No,Weekday,No wait,6,3661,5,Northern Territory,False,A great museum and the Cyclone Tracy exhibition was awesome.,Museum and Art Gallery of the Northern Territory,4.6,None,None,Positive,80.0
781,Museum,False,True,en,0,a month ago,2025-08-11T04:10:59.312Z,No,Weekday,No wait,8,3661,5,Northern Territory,False,A great museum and the Cyclone Tracy exhibition was awesome.,Museum and Art Gallery of the Northern Territory,4.6,None,None,Positive,81.0
782,Museum,False,True,en,0,a month ago,2025-08-10T09:08:07.954Z,No,Weekend,No wait,444,3661,4,Northern Territory,False,Excellent exhibition of indigenous art. Well worth a visit.,Museum and Art Gallery of the Northern Territory,4.6,None,None,Positive,82.0
783,Museum,False,True,en,0,a month ago,2025-08-10T04:49:11.403Z,No,Weekend,No wait,54,3661,5,Northern Territory,False,A great museum and the Cyclone Tracy exhibition was awesome.,Museum and Art Gallery of the Northern Territory,4.6,None,None,Positive,83.0
784,Museum,False,True,en,0,a month ago,2025-08-09T22:25:14.444Z,No,Weekday,No wait,62,3661,4,Northern Territory,False,"What's not to like about an art center on the coast? Got to watch the sunset during the Aboriginal Art Awards so my experience is a little out of the ordinary. The art on display was mind-boggling...but ""Sweetheart"" is a fixture that is a sight to behold...I can't imagine encountering a crocodile of his size out in nature 😳🫠",Museum and Art Gallery of the Northern Territory,4.6,None,None,Negative,84.0
785,Museum,False,True,en,0,a month ago,2025-08-09T12:15:35.502Z,No,Weekday,No wait,20,3661,4,Northern Territory,False,A great museum and the Cyclone Tracy exhibition was awesome.,Museum and Art Gallery of the Northern Territory,4.6,None,None,Positive,85.0
786,Museum,False,True,en,0,a month ago,2025-08-09T02:04:31.876Z,No,Weekday,No wait,39,3661,5,Northern Territory,False,"One of the best Museums we have been to, it is free of charge and the kids loved all the exhibitions.",Museum and Art Gallery of the Northern Territory,4.6,None,None,Positive,86.0
787,Museum,False,True,en,0,a month ago,2025-08-08T06:26:13.831Z,Not sure,Weekday,No wait,5,3661,5,Northern Territory,False,A great museum and the Cyclone Tracy exhibition was awesome.,Museum and Art Gallery of the Northern Territory,4.6,None,None,Positive,87.0
788,Museum,False,True,en,0,a month ago,2025-08-06T12:51:33.797Z,No,Weekday,No wait,77,3661,5,Northern Territory,False,"Definately recommend visiting the Museum and Art Gallery of the NT. There is a lot to see here from the entomology displays, cyclone Tracey exhibit and the amazing Aboriginal and Torres Strait Islander art. I would definately set aside more time than you expect to look at everything on display. We were lucky enough to visit during the Telstra NATSIA display. The artwork was so varied and captivating it was difficult to select a favourite to vote for.",Museum and Art Gallery of the Northern Territory,4.6,None,None,Positive,88.0
789,Museum,False,True,en,0,a month ago,2025-08-06T10:35:19.573Z,No,Weekday,No wait,188,3661,4,Northern Territory,False,"Not a really big museum, but very interesting. Easy to get around in. Outside under cover area for the maritime exhibit.",Museum and Art Gallery of the Northern Territory,4.6,None,None,Positive,89.0
790,Museum,False,True,en,0,a month ago,2025-08-05T23:23:17.235Z,No,Weekday,No wait,100,3661,5,Northern Territory,False,A great museum and the Cyclone Tracy exhibition was awesome.,Museum and Art Gallery of the Northern Territory,4.6,None,None,Positive,90.0
791,Museum,False,True,en,0,a month ago,2025-08-05T16:08:59.316Z,No,Weekday,No wait,14,3661,5,Northern Territory,False,"MAGNT is a small but wonderfully curated museum — and best of all, completely free to enter (though small donations are appreciated). After our 5-day road trip from Alice Springs, it was a no-brainer stop upon arriving in Darwin.

The exhibits were diverse and engaging, featuring a beautiful showcase of local fauna, Indigenous art, and a deeply moving section dedicated to Cyclone Tracy. Visiting on a Wednesday meant few crowds, making the experience calm, easy to navigate, and unhurried — a real plus.

The well air-conditioned rooms offered a refreshing escape from the heat and humidity outside. Overall, MAGNT is a hidden gem that’s well worth a visit, especially given its accessible location and free entry. Highly recommended for anyone exploring Darwin.",Museum and Art Gallery of the Northern Territory,4.6,None,None,Positive,91.0
792,Museum,False,True,en,0,a month ago,2025-08-05T08:28:16.585Z,No,Weekday,No wait,43,3661,5,Northern Territory,False,Loved it!,Museum and Art Gallery of the Northern Territory,4.6,None,None,Positive,92.0
793,Museum,False,True,en,0,a month ago,2025-08-05T07:57:59.242Z,No,Weekday,No wait,237,3661,5,Northern Territory,False,Very interesting an different from others,Museum and Art Gallery of the Northern Territory,4.6,None,None,Positive,93.0
794,Museum,False,True,en,0,a month ago,2025-08-04T22:55:07.042Z,No,Weekday,No wait,33,3661,5,Northern Territory,False,A great museum and the Cyclone Tracy exhibition was awesome.,Museum and Art Gallery of the Northern Territory,4.6,None,None,Positive,94.0
795,Museum,False,True,en,0,a month ago,2025-08-04T12:20:44.234Z,No,Weekday,No wait,39,3661,4,Northern Territory,False,A great museum and the Cyclone Tracy exhibition was awesome.,Museum and Art Gallery of the Northern Territory,4.6,None,None,Positive,95.0
796,Museum,False,True,en,0,a month ago,2025-08-04T11:08:12.567Z,No,Weekday,No wait,23,3661,5,Northern Territory,False,Fantastic place to visit.  Give yourselves plenty of time.,Museum and Art Gallery of the Northern Territory,4.6,None,None,Positive,96.0
797,Museum,False,True,en,0,a month ago,2025-08-04T02:20:01.194Z,No,Weekday,No wait,111,3661,5,Northern Territory,False,A great museum and the Cyclone Tracy exhibition was awesome.,Museum and Art Gallery of the Northern Territory,4.6,None,None,Positive,97.0
798,Museum,False,True,en,0,a month ago,2025-08-03T03:36:35.699Z,No,Weekday,No wait,6,3661,4,Northern Territory,False,A great museum and the Cyclone Tracy exhibition was awesome.,Museum and Art Gallery of the Northern Territory,4.6,None,None,Positive,98.0
799,Museum,False,False,en,0,a month ago,2025-08-02T10:33:36.832Z,No,Weekday,No wait,2,3661,5,Northern Territory,False,A great museum and the Cyclone Tracy exhibition was awesome.,Museum and Art Gallery of the Northern Territory,4.6,None,None,Positive,99.0
800,Market,False,True,en,0,6 days ago,2025-09-15T20:28:26.660Z,None,None,None,17,750,5,Northern Territory,False,2nd best market in Darwin for food and juices and ginger lattes,Nightcliff Market,4.3,None,None,Positive,0.0
801,Market,False,True,en,0,a month ago,2025-08-21T08:30:29.671Z,None,None,None,5,750,4,Northern Territory,False,2nd best market in Darwin for food and juices and ginger lattes,Nightcliff Market,4.3,None,None,Positive,1.0
802,Market,False,True,en,0,a month ago,2025-08-19T11:43:55.966Z,None,None,None,31,750,5,Northern Territory,False,"I like this market, there are good clothing shops and food",Nightcliff Market,4.3,None,None,Positive,2.0
803,Market,False,True,en,0,a month ago,2025-07-30T08:51:20.443Z,None,None,None,240,750,5,Northern Territory,False,"I visited the Nightcliff Markets while I was in Darwin and really enjoyed the vibe. They're on every Sunday from 8 am to 2 pm and run all year round. It’s a nice little market with a good mix of food stalls, arts and crafts, local produce, second-hand goods, and live music. It’s a more laid-back market compared to some of the busier ones around Darwin, but still has a great atmosphere.

I had the most amazing fresh paw paw salad made right in front of me, and the mango juice with orange, ginger and honey was next level—so refreshing! Easily one of the best juices I’ve had:)

Something to note—dogs aren’t allowed at the markets, which is the same across most of the markets in Darwin. It’s a bit of a shame if you're travelling with your dog, but worth knowing before you go. Parking can be a bit tight, but there’s usually some available around the shopping centre or nearby streets.

If you’re in Darwin on a Sunday, it’s a great little spot to grab breakfast or lunch and enjoy some live music in a relaxed setting.",Nightcliff Market,4.3,None,None,Positive,3.0
804,Market,False,True,en,0,a month ago,2025-07-29T07:33:31.444Z,None,None,None,132,750,5,Northern Territory,False,2nd best market in Darwin for food and juices and ginger lattes,Nightcliff Market,4.3,None,None,Positive,4.0
805,Market,False,False,en,0,a month ago,2025-07-28T02:14:10.374Z,None,None,None,2,750,5,Northern Territory,False,2nd best market in Darwin for food and juices and ginger lattes,Nightcliff Market,4.3,None,None,Positive,5.0
806,Market,False,True,en,0,a month ago,2025-07-27T08:17:00.474Z,None,None,None,6,750,3,Northern Territory,False,2nd best market in Darwin for food and juices and ginger lattes,Nightcliff Market,4.3,None,None,Neutral,6.0
807,Market,False,True,en,0,2 months ago,2025-07-20T12:09:30.145Z,None,None,None,144,750,5,Northern Territory,False,"Nightcliff Market is a great weekend spot to relax and enjoy time with family. There’s a nice mix of Aussie and Asian food, live music on some days, and a kids’ play area. Plenty of seating and a friendly vibe. You’ll find stalls selling handmade items, clothes, books, souvenirs, and some organic products. There are a few veggie stalls too, but not many. Easy to find parking and the bus stop is nearby. Worth a visit!",Nightcliff Market,4.3,None,None,Positive,7.0
808,Market,False,True,en,0,2 months ago,2025-07-14T09:48:50.611Z,None,None,None,16,750,5,Northern Territory,False,Great atmosphere.  Crepes are delicious,Nightcliff Market,4.3,None,None,Positive,8.0
809,Market,False,True,en,0,2 months ago,2025-07-13T03:35:52.255Z,None,None,None,80,750,5,Northern Territory,False,"Night cliff markets, open 8am-2pm Sat's & Sun's. We took the No.4 bus from Darwin CBD, 20min ride. We came in mid July & the weather was perfect- @ 30 degrees celcius & a nice breeze. A great market atmosphere, live music, huge array of centrally placed food vendors- lots of different food and drinks to try; laksa, tropical fruits juices, and LOTS more. Suitable for all ages groups. Market is mostly in shade. Toilet facilities and seating available all around market. Lovely stall of clothing, jewelery, books, homewares, touristy purchases. We then walked 20min flat ground walk over to nearby Rapid Creek Markets on roughly the same time (Sat/Sun mornings) which is more fresh produce based. Night cliff is a more general market and will have something to please everyone in the family. We would come to this market again 👍",Nightcliff Market,4.3,None,None,Positive,9.0
810,Market,False,True,en,0,2 months ago,2025-07-08T23:48:03.580Z,None,None,None,31,750,2,Northern Territory,False,2nd best market in Darwin for food and juices and ginger lattes,Nightcliff Market,4.3,None,None,Negative,10.0
811,Market,False,True,en,0,2 months ago,2025-07-07T00:14:32.428Z,None,None,None,48,750,2,Northern Territory,False,OK for food but the rest of the market is a bit meh. Not as good as it was a few years ago.,Nightcliff Market,4.3,None,None,Positive,11.0
812,Market,False,True,en,0,2 months ago,2025-07-02T03:47:52.041Z,None,None,None,121,750,5,Northern Territory,False,Cool markets. Awesome food and atmosphere.,Nightcliff Market,4.3,None,None,Positive,12.0
813,Market,False,True,en,0,Edited 2 months ago,2025-06-29T02:44:42.692Z,None,None,None,148,750,4,Northern Territory,False,"Always a fun place to go, but in a time when we all struggle some prices are beyond my budget.
July 2025. Tourist season, so prices all gone up again. But still a great place to visit and socialise.",Nightcliff Market,4.3,None,None,Positive,13.0
814,Market,False,True,en,0,3 months ago,2025-06-13T02:44:14.249Z,None,None,None,119,750,4,Northern Territory,False,"Good local market, we bought fresh vegies",Nightcliff Market,4.3,None,None,Positive,14.0
815,Market,False,True,en,0,3 months ago,2025-06-08T02:44:28.647Z,None,None,None,33,750,5,Northern Territory,False,Live music. Great food options. Unique hand crafts and your usual craft stalls.,Nightcliff Market,4.3,None,None,Positive,15.0
816,Market,False,True,en,0,3 months ago,2025-06-01T12:36:01.462Z,None,None,None,12,750,4,Northern Territory,False,2nd best market in Darwin for food and juices and ginger lattes,Nightcliff Market,4.3,None,None,Positive,16.0
817,Market,False,True,en,0,3 months ago,2025-06-01T07:35:28.878Z,None,None,None,130,750,5,Northern Territory,False,2nd best market in Darwin for food and juices and ginger lattes,Nightcliff Market,4.3,None,None,Positive,17.0
818,Market,False,True,en,0,3 months ago,2025-06-01T04:58:14.525Z,None,None,None,42,750,5,Northern Territory,False,"Awesome markets to grab your yummy food, fresh fruit and vegetables and a piece of Aboriginal art for your family or friends. Relax with live music and enjoy your sunday mornings.",Nightcliff Market,4.3,None,None,Positive,18.0
819,Market,False,True,en,0,Edited 4 months ago,2025-05-18T01:47:07.304Z,None,None,None,138,750,5,Northern Territory,False,"Great food & stalls, lovely atmosphere.",Nightcliff Market,4.3,None,None,Positive,19.0
820,Market,False,True,en,0,4 months ago,2025-05-15T08:10:41.566Z,None,None,None,381,750,5,Northern Territory,False,"Malé privátne trhy v centre Nightlifu, kde si môžete dať kávičku, koláčik, miestne špeciality a dobroty, posedieť a oddýchnuť poprípade kúpiť super darčeky, aborigidinal umenie....proste nemôžete minúť....",Nightcliff Market,4.3,None,None,Positive,20.0
821,Market,False,True,en,0,4 months ago,2025-05-14T05:54:50.433Z,None,None,None,35,750,5,Northern Territory,False,2nd best market in Darwin for food and juices and ginger lattes,Nightcliff Market,4.3,None,None,Positive,21.0
822,Market,False,True,en,0,4 months ago,2025-05-11T08:52:32.419Z,None,None,None,167,750,5,Northern Territory,False,"small market, good products, amazing bakery",Nightcliff Market,4.3,None,None,Positive,22.0
823,Market,False,True,en,0,4 months ago,2025-04-27T00:56:50.145Z,None,None,None,217,750,5,Northern Territory,False,2nd best market in Darwin for food and juices and ginger lattes,Nightcliff Market,4.3,None,None,Positive,23.0
824,Market,False,True,en,0,4 months ago,2025-04-22T05:24:23.314Z,None,None,None,102,750,5,Northern Territory,False,Great stalls with a good mix of goods. Good food as well. Very popular.,Nightcliff Market,4.3,None,None,Positive,24.0
825,Market,False,True,en,0,5 months ago,2025-04-20T03:11:27.100Z,None,None,None,15,750,5,Northern Territory,False,2nd best market in Darwin for food and juices and ginger lattes,Nightcliff Market,4.3,None,None,Positive,25.0
826,Market,False,True,en,0,5 months ago,2025-04-04T08:17:56.205Z,None,None,None,496,750,5,Northern Territory,False,Wer in Darwin ist muss diesen Markt unbedingt besuchen. Auch mit dem kostenfreien Bus super zu erreichen. Wirklich klasse.,Nightcliff Market,4.3,None,None,Positive,26.0
827,Market,False,True,en,0,5 months ago,2025-04-04T01:02:07.973Z,None,None,None,128,750,5,Northern Territory,False,Great Sunday market.,Nightcliff Market,4.3,None,None,Positive,27.0
828,Market,False,True,en,0,5 months ago,2025-03-30T02:00:55.159Z,None,None,None,242,750,4,Northern Territory,False,Great food and good jewellery selection for sale,Nightcliff Market,4.3,None,None,Positive,28.0
829,Market,False,True,en,0,Edited 5 months ago,2025-03-23T00:41:40.830Z,None,None,None,34,750,5,Northern Territory,False,"Very well run, good variety, great crafts and live music every week. A Darwin staple. Parking can be limited, encourage walking, riding or public transport.",Nightcliff Market,4.3,None,None,Positive,29.0
830,Market,False,False,en,0,6 months ago,2025-03-10T06:52:24.895Z,None,None,None,7,750,5,Northern Territory,False,2nd best market in Darwin for food and juices and ginger lattes,Nightcliff Market,4.3,None,None,Positive,30.0
831,Market,False,True,en,0,6 months ago,2025-03-07T04:20:19.476Z,None,None,None,85,750,4,Northern Territory,False,2nd best market in Darwin for food and juices and ginger lattes,Nightcliff Market,4.3,None,None,Positive,31.0
832,Market,False,True,en,0,Edited 7 months ago,2025-02-09T01:45:29.370Z,None,None,None,339,750,5,Northern Territory,False,Great place for Asian streer food.,Nightcliff Market,4.3,None,None,Positive,32.0
833,Market,False,True,en,0,8 months ago,2025-01-05T22:57:37.506Z,None,None,None,18,750,5,Northern Territory,False,2nd best market in Darwin for food and juices and ginger lattes,Nightcliff Market,4.3,None,None,Positive,33.0
834,Market,False,True,en,0,8 months ago,2024-12-29T10:03:10.372Z,None,None,None,131,750,5,Northern Territory,False,It's one of my favourite places on a Sunday if has it all.,Nightcliff Market,4.3,None,None,Neutral,34.0
835,Market,False,True,en,0,10 months ago,2024-11-17T05:53:25.102Z,None,None,None,49,750,4,Northern Territory,False,Crowded,Nightcliff Market,4.3,None,None,Neutral,35.0
836,Market,False,True,en,0,Edited 10 months ago,2024-10-27T02:53:41.947Z,None,None,None,75,750,5,Northern Territory,False,2nd best market in Darwin for food and juices and ginger lattes,Nightcliff Market,4.3,None,None,Positive,36.0
837,Market,False,True,en,0,10 months ago,2024-10-27T02:21:42.849Z,None,None,None,8,750,4,Northern Territory,False,2nd best market in Darwin for food and juices and ginger lattes,Nightcliff Market,4.3,None,None,Positive,37.0
838,Market,False,True,en,0,11 months ago,2024-10-11T12:05:19.944Z,None,None,None,32,750,5,Northern Territory,False,2nd best market in Darwin for food and juices and ginger lattes,Nightcliff Market,4.3,None,None,Positive,38.0
839,Market,False,False,en,0,11 months ago,2024-10-01T22:03:33.843Z,None,None,None,2,750,5,Northern Territory,False,2nd best market in Darwin for food and juices and ginger lattes,Nightcliff Market,4.3,None,None,Positive,39.0
840,Market,False,True,en,0,11 months ago,2024-09-29T23:35:14.175Z,None,None,None,73,750,3,Northern Territory,False,Not a lot if stalls. Food average. Pancakes are the best.,Nightcliff Market,4.3,None,None,Positive,40.0
841,Market,False,True,en,0,a year ago,2024-09-20T11:02:18.409Z,None,None,None,17,750,5,Northern Territory,False,Amazing totally recommend to visit,Nightcliff Market,4.3,None,None,Positive,41.0
842,Market,False,True,en,0,a year ago,2024-09-04T00:41:56.984Z,None,None,None,102,750,5,Northern Territory,False,"WOW, this place is cool😁🩵I like Darwin",Nightcliff Market,4.3,None,None,Positive,42.0
843,Market,False,True,en,0,a year ago,2024-08-30T23:11:36.496Z,None,None,None,96,750,5,Northern Territory,False,2nd best market in Darwin for food and juices and ginger lattes,Nightcliff Market,4.3,None,None,Positive,43.0
844,Market,False,True,en,0,a year ago,2024-08-17T09:59:31.604Z,None,None,None,313,750,3,Northern Territory,False,"Bit junky, more food stalls than bargain stalls",Nightcliff Market,4.3,None,None,Positive,44.0
845,Market,False,True,en,0,a year ago,2024-08-11T09:02:11.479Z,None,None,None,19,750,5,Northern Territory,False,Loads of stands and food stalls was very busy the night I was there,Nightcliff Market,4.3,None,None,Positive,45.0
846,Market,False,False,en,0,a year ago,2024-08-06T03:23:00.408Z,None,None,None,2,750,5,Northern Territory,False,2nd best market in Darwin for food and juices and ginger lattes,Nightcliff Market,4.3,None,None,Positive,46.0
847,Market,False,True,en,0,a year ago,2024-08-05T10:44:31.955Z,None,None,None,603,750,5,Northern Territory,False,"Plenty of choices.
Food and other shops/ crafts.
Massaging availability.
Parking is down the road in a side street.
Recommended.",Nightcliff Market,4.3,None,None,Negative,47.0
848,Market,False,True,en,0,a year ago,2024-08-03T06:47:10.855Z,None,None,None,1081,750,5,Northern Territory,False,What a great place. Day or night,Nightcliff Market,4.3,None,None,Positive,48.0
849,Market,False,True,en,0,a year ago,2024-07-31T07:45:56.401Z,None,None,None,469,750,3,Northern Territory,False,"Not my cup of coffee!
If you like market stalls and ""home made"" food from stalls..",Nightcliff Market,4.3,None,None,Neutral,49.0
850,Market,False,False,en,0,a year ago,2024-07-25T02:14:51.746Z,None,None,None,1,750,5,Northern Territory,False,2nd best market in Darwin for food and juices and ginger lattes,Nightcliff Market,4.3,None,None,Positive,50.0
851,Market,False,False,en,0,a year ago,2024-07-24T03:39:45.707Z,None,None,None,15,750,5,Northern Territory,False,Nice so.e good stuff,Nightcliff Market,4.3,None,None,Positive,51.0
852,Market,False,True,en,0,a year ago,2024-07-07T06:00:04.133Z,None,None,None,63,750,5,Northern Territory,False,2nd best market in Darwin for food and juices and ginger lattes,Nightcliff Market,4.3,None,None,Positive,52.0
853,Market,False,True,en,0,a year ago,2024-06-30T02:55:17.362Z,None,None,None,24,750,3,Northern Territory,False,"Very small but busy market. Stalls range from talented women making their own clothes ethically to cowboys selling unlabelled, unethical foreign tat. Take your cash as some vendors are putting 40c surcharge on card payments.",Nightcliff Market,4.3,None,None,Positive,53.0
854,Market,False,True,en,0,a year ago,2024-06-29T01:52:11.341Z,None,None,None,15,750,4,Northern Territory,False,👍,Nightcliff Market,4.3,None,None,Neutral,54.0
855,Market,False,True,en,0,a year ago,2024-06-23T04:41:30.450Z,None,None,None,26,750,5,Northern Territory,False,The Crab Lady always adds extras..was willing to buy a few items.. and walked away with a box of veggies..,Nightcliff Market,4.3,None,None,Positive,55.0
856,Market,False,True,en,0,a year ago,2024-06-22T00:06:38.690Z,None,None,None,99,750,3,Northern Territory,False,"Was a bit disappointed , market was quite small, not much merchandise, more of a takeaway food market",Nightcliff Market,4.3,None,None,Negative,56.0
857,Market,False,True,en,0,a year ago,2024-06-21T22:50:53.605Z,None,None,None,62,750,5,Northern Territory,False,Saturday morning 👍💯,Nightcliff Market,4.3,None,None,Neutral,57.0
858,Market,False,False,en,0,a year ago,2024-05-23T07:26:14.149Z,None,None,None,0,750,4,Northern Territory,False,2nd best market in Darwin for food and juices and ginger lattes,Nightcliff Market,4.3,None,None,Positive,58.0
859,Market,False,True,en,0,a year ago,2024-05-19T05:10:24.260Z,None,None,None,323,750,1,Northern Territory,False,Nothing special. Everything is overpriced. This is a place for tourists.,Nightcliff Market,4.3,None,None,Positive,59.0
860,Market,False,True,en,0,a year ago,2024-05-01T07:03:12.964Z,None,None,None,27,750,4,Northern Territory,False,Small but good vendors. From books to food available.,Nightcliff Market,4.3,None,None,Positive,60.0
861,Market,False,True,en,0,a year ago,2024-04-23T01:06:31.677Z,None,None,None,148,750,5,Northern Territory,False,"Was a lovely experience. Jade with her healing herbs was of particular delight, a wonderful and insightful conversationalist and very pure soul who made my day and her wares were really great. I would also highly recommend trying the kangaroo tail nachos the lady working the stand there was also a very lovely person and the food was delicious, would highly recommend spending your Sunday morning here after Church.",Nightcliff Market,4.3,None,None,Positive,61.0
862,Market,False,True,en,0,a year ago,2024-04-18T01:51:38.338Z,None,None,None,166,750,5,Northern Territory,False,Great day,Nightcliff Market,4.3,None,None,Positive,62.0
863,Market,False,False,en,0,a year ago,2024-04-05T05:06:51.773Z,None,None,None,6,750,5,Northern Territory,False,Great local products got some northern territory stopitch there a must for visitors to Darwin. Oooh and the food just out of this world and very reasonable prices ❤️,Nightcliff Market,4.3,None,None,Positive,63.0
864,Market,False,True,en,0,a year ago,2024-04-03T16:31:33.066Z,None,None,None,65,750,4,Northern Territory,False,2nd best market in Darwin for food and juices and ginger lattes,Nightcliff Market,4.3,None,None,Positive,64.0
865,Market,False,True,en,0,a year ago,2024-03-22T23:57:04.083Z,None,None,None,54,750,5,Northern Territory,False,2nd best market in Darwin for food and juices and ginger lattes,Nightcliff Market,4.3,None,None,Positive,65.0
866,Market,False,True,en,0,Edited a year ago,2024-03-17T00:44:05.481Z,None,None,None,87,750,5,Northern Territory,False,2nd best market in Darwin for food and juices and ginger lattes,Nightcliff Market,4.3,None,None,Positive,66.0
867,Market,False,True,en,0,a year ago,2024-03-04T01:48:55.565Z,None,None,None,51,750,5,Northern Territory,False,Nice almond croissant and Turkish breads... Coffee is also available nearby with some nice music vibe around..,Nightcliff Market,4.3,None,None,Positive,67.0
868,Market,False,True,en,0,a year ago,2024-03-01T02:01:40.829Z,None,None,None,15,750,5,Northern Territory,False,2nd best market in Darwin for food and juices and ginger lattes,Nightcliff Market,4.3,None,None,Positive,68.0
869,Market,False,True,en,0,a year ago,2024-01-21T04:14:22.759Z,None,None,None,461,750,3,Northern Territory,False,It's a shopping mall. What more can I say?,Nightcliff Market,4.3,None,None,Positive,69.0
870,Market,False,False,en,0,a year ago,2024-01-14T22:12:24.623Z,None,None,None,11,750,5,Northern Territory,False,2nd best market in Darwin for food and juices and ginger lattes,Nightcliff Market,4.3,None,None,Positive,70.0
871,Market,False,True,en,0,a year ago,2023-11-10T04:50:18.050Z,None,None,None,19,750,5,Northern Territory,False,"Busy at lunchtime on a friday, a little noisy but food and customer service excellent as usual.",Nightcliff Market,4.3,None,None,Positive,71.0
872,Market,False,True,en,0,a year ago,2023-11-01T09:52:16.963Z,None,None,None,233,750,4,Northern Territory,False,"Nice,but small market.Stalls from other markets.Has great food.Nice atmosphere.",Nightcliff Market,4.3,None,None,Positive,72.0
873,Market,False,True,en,0,a year ago,2023-10-31T07:44:33.564Z,None,None,None,10,750,5,Northern Territory,False,"Ordered takeaway from one of the many food trucks then watched the sunset on the beach.
Once the sun went down we did some night shopping that the stalls, lots of quality items on show.. a great market! Wish you could bring your dog.",Nightcliff Market,4.3,None,None,Positive,73.0
874,Market,False,True,en,0,a year ago,2023-10-29T01:10:49.178Z,None,None,None,22,750,5,Northern Territory,False,Great Darwin atmosphere and food. Crepes and satay for breakfast.,Nightcliff Market,4.3,None,None,Positive,74.0
875,Market,False,True,en,0,a year ago,2023-10-26T23:27:25.167Z,None,None,None,209,750,4,Northern Territory,False,"Great stuff at the market, but it was so hot, sweating like a pig.",Nightcliff Market,4.3,None,None,Positive,75.0
876,Market,False,False,en,0,a year ago,2023-10-17T22:40:54.977Z,None,None,None,33,750,3,Northern Territory,False,Very expensive stalls the fresh food stalls were reasonably priced,Nightcliff Market,4.3,None,None,Negative,76.0
877,Market,False,True,en,0,a year ago,2023-09-24T14:30:27.361Z,None,None,None,423,750,4,Northern Territory,False,Nice little market. Food and some stalls with craft etc. A couple of fruit and veg.,Nightcliff Market,4.3,None,None,Positive,77.0
878,Market,False,True,en,0,a year ago,2023-09-22T05:48:42.220Z,None,None,None,26,750,4,Northern Territory,False,2nd best market in Darwin for food and juices and ginger lattes,Nightcliff Market,4.3,None,None,Positive,78.0
879,Market,False,True,en,0,2 years ago,2023-08-31T13:45:38.229Z,None,None,None,218,750,4,Northern Territory,False,Nice little market.  Variety of food and other stalls.  Good music.,Nightcliff Market,4.3,None,None,Positive,79.0
880,Market,False,False,en,0,2 years ago,2023-08-18T05:13:04.566Z,None,None,None,0,750,2,Northern Territory,False,2nd best market in Darwin for food and juices and ginger lattes,Nightcliff Market,4.3,None,None,Negative,80.0
881,Market,False,True,en,0,2 years ago,2023-08-16T22:21:39.994Z,None,None,None,85,750,3,Northern Territory,False,2nd best market in Darwin for food and juices and ginger lattes,Nightcliff Market,4.3,None,None,Neutral,81.0
882,Market,False,False,en,0,2 years ago,2023-08-07T10:56:12.357Z,None,None,None,3,750,4,Northern Territory,False,2nd best market in Darwin for food and juices and ginger lattes,Nightcliff Market,4.3,None,None,Positive,82.0
883,Market,False,True,en,0,2 years ago,2023-08-06T11:32:27.031Z,None,None,None,92,750,5,Northern Territory,False,2nd best market in Darwin for food and juices and ginger lattes,Nightcliff Market,4.3,None,None,Positive,83.0
884,Market,False,True,en,0,2 years ago,2023-07-30T03:16:30.302Z,None,None,None,66,750,5,Northern Territory,False,2nd best market in Darwin for food and juices and ginger lattes,Nightcliff Market,4.3,None,None,Positive,84.0
885,Market,False,True,en,0,2 years ago,2023-07-19T10:39:52.627Z,None,None,None,202,750,1,Northern Territory,False,No dogs allowed.... very limited on places to go in Darwin.,Nightcliff Market,4.3,None,None,Negative,85.0
886,Market,False,True,en,0,2 years ago,2023-07-18T00:28:04.252Z,None,None,None,0,750,4,Northern Territory,False,2nd best market in Darwin for food and juices and ginger lattes,Nightcliff Market,4.3,None,None,Positive,86.0
887,Market,False,False,en,0,2 years ago,2023-07-16T23:38:18.035Z,None,None,None,8,750,2,Northern Territory,False,Small with everyone flogging the same overpriced rubbish.,Nightcliff Market,4.3,None,None,Negative,87.0
888,Market,False,True,en,0,2 years ago,2023-07-16T06:43:50.575Z,None,None,None,215,750,5,Northern Territory,False,"Great little markets with lots of street food to choose from and a couple of coffee shops too.  Some lovely clothes, crafts and jewellery stalls plus a couple of fresh fruit and veg stalls.  I spent a pleasant couple of hours here.",Nightcliff Market,4.3,None,None,Positive,88.0
889,Market,False,False,en,0,2 years ago,2023-07-14T02:43:42.019Z,None,None,None,2,750,5,Northern Territory,False,2nd best market in Darwin for food and juices and ginger lattes,Nightcliff Market,4.3,None,None,Positive,89.0
890,Market,False,True,en,0,2 years ago,2023-07-10T11:21:30.841Z,None,None,None,1223,750,5,Northern Territory,False,Great,Nightcliff Market,4.3,None,None,Positive,90.0
891,Market,False,True,en,0,2 years ago,2023-07-09T22:24:16.014Z,None,None,None,266,750,5,Northern Territory,False,Love this market! Good set up with food stalls in the middle and craft & other stalls on the outer.,Nightcliff Market,4.3,None,None,Positive,91.0
892,Market,False,True,en,0,2 years ago,2023-07-02T06:04:01.099Z,None,None,None,699,750,4,Northern Territory,False,We came early hoping to avoid the crowds! Fortunately the sun was hiding behind the clouds which made it so much cooler and pleasant to walk around. The have a good range of food stalls centrally located and surrounded by other interesting product and fresh produce stalls.,Nightcliff Market,4.3,None,None,Positive,92.0
893,Market,False,True,en,0,2 years ago,2023-06-20T14:10:00.341Z,None,None,None,100,750,4,Northern Territory,False,2nd best market in Darwin for food and juices and ginger lattes,Nightcliff Market,4.3,None,None,Positive,93.0
894,Market,False,False,en,0,2 years ago,2023-06-17T05:59:56.639Z,None,None,None,142,750,3,Northern Territory,False,Not my style.  We wanted breakfast but it was all Asian type food and not brekky food.,Nightcliff Market,4.3,None,None,Neutral,94.0
895,Market,False,False,en,0,2 years ago,2023-06-11T02:47:18.059Z,None,None,None,21,750,4,Northern Territory,False,"A lovely market with a good mix of stalls (clothing, jewellery, fresh and dried produce, plants, 2nd hand books, massage and more) and an array of food stalls in the centre. Most of which is under cover, with live music. It was not overly crowed, so no long coffee cues! I found this to be the best of the Darwin markets.
Well done Nightcliff.",Nightcliff Market,4.3,None,None,Positive,95.0
896,Market,False,True,en,0,2 years ago,2023-05-30T07:23:54.281Z,None,None,None,233,750,5,Northern Territory,False,Great food,Nightcliff Market,4.3,None,None,Positive,96.0
897,Market,False,True,en,0,2 years ago,2023-05-15T19:46:43.748Z,None,None,None,33,750,4,Northern Territory,False,2nd best market in Darwin for food and juices and ginger lattes,Nightcliff Market,4.3,None,None,Positive,97.0
898,Market,False,True,en,0,2 years ago,2023-05-11T01:21:07.394Z,None,None,None,25,750,4,Northern Territory,False,"Hey what can you say except wonderful people beautiful flowers,  pot plants, food vendors, little nik- nak shops fell in love with the jam lady product (Mmmm..JAMMY!)🤗,The Asian fruits and vegetables stall late is barter time 🤣",Nightcliff Market,4.3,None,None,Positive,98.0
899,Market,False,True,en,0,2 years ago,2023-04-30T23:12:50.536Z,None,None,None,24,750,5,Northern Territory,False,2nd best market in Darwin for food and juices and ginger lattes,Nightcliff Market,4.3,None,None,Positive,99.0
900,Art gallery,False,True,en,0,2 weeks ago,2025-09-07T06:39:37.536Z,None,None,None,89,16,5,Northern Territory,False,Love everything about this place!,Outstation Gallery,4.9,None,None,Positive,0.0
901,Art gallery,False,False,en,0,4 weeks ago,2025-08-24T12:22:55.073Z,None,None,None,2,16,5,Northern Territory,False,Always amazing art and professional advice.,Outstation Gallery,4.9,None,None,Positive,1.0
902,Art gallery,False,True,en,0,2 months ago,2025-06-23T23:09:55.640Z,None,None,None,14,16,5,Northern Territory,False,"The best Indigenous Art Gallery in Darwin, hands down. Beautiful pieces, knowledgeable team, wonderful stories. Well worth a visit.",Outstation Gallery,4.9,None,None,Positive,2.0
903,Art gallery,False,True,en,0,6 months ago,2025-03-13T03:33:28.001Z,None,None,None,625,16,5,Northern Territory,False,Always amazing art and professional advice.,Outstation Gallery,4.9,None,None,Positive,3.0
904,Art gallery,False,True,en,0,11 months ago,2024-10-02T11:58:31.180Z,None,None,None,597,16,5,Northern Territory,False,Just FYI Google shows it in the wrong street. It is very close but on the Gregory St side of the building. Very good gallery. Current exhibition is great but Matt was very helpful providing us a great 101 into the local art scene and lots of tips on Darwin in general.,Outstation Gallery,4.9,None,None,Positive,4.0
905,Art gallery,False,True,en,0,a year ago,2024-06-28T01:28:33.341Z,None,None,None,179,16,5,Northern Territory,False,Very insightful owner.  Could learn a lot of the art piece.  How aboriginal people communicate with the outside world through art.,Outstation Gallery,4.9,None,None,Positive,5.0
906,Art gallery,False,True,en,0,2 years ago,2022-12-26T11:58:01.194Z,None,None,None,164,16,5,Northern Territory,False,"This gallery is up a flight of stairs and although it is small, it packs a punch. I saw a current exhibition focusing on the works of Pennyrose Wiggins. The lady at the desk was helpful to let me know if I could take photos and to recommend other galleries to check out in Darwin. Highly recommended little gallery to check out if you are visiting Darwin.",Outstation Gallery,4.9,None,None,Negative,6.0
907,Art gallery,False,True,en,0,3 years ago,2022-06-01T07:20:52.509Z,None,None,None,38,16,5,Northern Territory,False,"Outstanding gallery of Indigenous art, with a high level of engagement dorectly with artists and community. Definitely a cut above, and long term invested in artists. Highly recommend. Matt and Amelia are super knowledgeable and helpful.",Outstation Gallery,4.9,None,None,Positive,7.0
908,Art gallery,False,False,en,0,4 years ago,2021-09-07T03:44:50.757Z,None,None,None,3,16,5,Northern Territory,False,Always amazing art and professional advice.,Outstation Gallery,4.9,None,None,Positive,8.0
909,Art gallery,False,True,en,0,4 years ago,2021-04-17T07:04:29.586Z,None,None,None,35,16,5,Northern Territory,False,Always amazing art and professional advice.,Outstation Gallery,4.9,None,None,Positive,9.0
910,Art gallery,False,True,en,0,4 years ago,2021-04-11T06:12:11.936Z,None,None,None,28,16,5,Northern Territory,False,Always amazing art and professional advice.,Outstation Gallery,4.9,None,None,Positive,10.0
911,Art gallery,False,True,en,0,6 years ago,2019-08-12T07:43:33.895Z,None,None,None,29,16,5,Northern Territory,False,Always amazing art and professional advice.,Outstation Gallery,4.9,None,None,Positive,11.0
912,Art gallery,False,True,en,0,6 years ago,2019-04-26T08:16:14.284Z,None,None,None,102,16,4,Northern Territory,False,Authentic aboriginal art.,Outstation Gallery,4.9,None,None,Positive,12.0
913,Art gallery,False,True,en,0,6 years ago,2019-02-05T11:43:58.865Z,None,None,None,38,16,5,Northern Territory,False,"Superb, quality Aboriginal art / ethically sourced / knowledgeable gallery",Outstation Gallery,4.9,None,None,Positive,13.0
914,Art gallery,False,True,en,0,9 years ago,2016-08-28T03:58:45.985Z,None,None,None,663,16,5,Northern Territory,False,Always amazing art and professional advice.,Outstation Gallery,4.9,None,None,Positive,14.0
915,Art gallery,False,True,en,0,9 years ago,2016-04-13T01:27:14.382Z,None,None,None,113,16,5,Northern Territory,False,Darwin's finest selection of indigenous art. Matt's knowledge of his collection and his connection with the artists and communities is impressive. Highly recommended.,Outstation Gallery,4.9,None,None,Positive,15.0
916,Farmers' market,False,False,en,0,4 days ago,2025-09-17T09:44:55.778Z,None,None,None,10,1917,5,Northern Territory,False,A lovely coffee shop on the corner. I was very disappointed that the community shop was not open as per the sign on the door. After two tries gave up. I do know that on the weekends the markets are great and worth a visit.,Parap Village Markets,4.5,None,None,Positive,0.0
917,Farmers' market,False,True,en,0,6 days ago,2025-09-16T03:19:26.602Z,None,None,None,5,1917,5,Northern Territory,False,A lovely coffee shop on the corner. I was very disappointed that the community shop was not open as per the sign on the door. After two tries gave up. I do know that on the weekends the markets are great and worth a visit.,Parap Village Markets,4.5,None,None,Positive,1.0
918,Farmers' market,False,True,en,0,Edited a week ago,2025-09-13T06:08:30.070Z,None,None,None,98,1917,5,Northern Territory,False,Great little market to get some tasty food.,Parap Village Markets,4.5,None,None,Positive,2.0
919,Farmers' market,False,True,en,0,a week ago,2025-09-12T12:57:21.518Z,None,None,None,24,1917,5,Northern Territory,False,A lovely coffee shop on the corner. I was very disappointed that the community shop was not open as per the sign on the door. After two tries gave up. I do know that on the weekends the markets are great and worth a visit.,Parap Village Markets,4.5,None,None,Positive,3.0
920,Farmers' market,False,False,en,0,a week ago,2025-09-10T08:23:41.219Z,None,None,None,3,1917,5,Northern Territory,False,A lovely coffee shop on the corner. I was very disappointed that the community shop was not open as per the sign on the door. After two tries gave up. I do know that on the weekends the markets are great and worth a visit.,Parap Village Markets,4.5,None,None,Positive,4.0
921,Farmers' market,False,True,en,0,a week ago,2025-09-08T04:29:08.087Z,None,None,None,381,1917,5,Northern Territory,False,"Very busy with lots of food stalls and dog accessories stalls, clothing stalls.",Parap Village Markets,4.5,None,None,Positive,5.0
922,Farmers' market,False,True,en,0,Edited 2 weeks ago,2025-09-08T02:04:53.165Z,None,None,None,461,1917,4,Northern Territory,False,"Don't know if I would call this a farmers market, more general, craft, food possibly general produce. Great place nonetheless. Highly recommend a visit.",Parap Village Markets,4.5,None,None,Positive,6.0
923,Farmers' market,False,False,en,0,2 weeks ago,2025-09-06T07:30:30.613Z,None,None,None,5,1917,3,Northern Territory,False,If you want food,Parap Village Markets,4.5,None,None,Neutral,7.0
924,Farmers' market,False,True,en,0,2 weeks ago,2025-09-01T03:57:55.620Z,None,None,None,269,1917,4,Northern Territory,False,"Really enjoyable local market , easy to find ,easy parking and interesting choice of food vans , nice music being played",Parap Village Markets,4.5,None,None,Positive,8.0
925,Farmers' market,False,True,en,0,3 weeks ago,2025-08-30T05:35:51.389Z,None,None,None,135,1917,4,Northern Territory,False,Plenty of stalls clothing jewellery  food and drinks,Parap Village Markets,4.5,None,None,Neutral,9.0
926,Farmers' market,False,True,en,0,3 weeks ago,2025-08-29T10:46:28.953Z,None,None,None,103,1917,5,Northern Territory,False,Loved it. So many stalls. Wearing walking shoes is recommended,Parap Village Markets,4.5,None,None,Positive,10.0
927,Farmers' market,False,True,en,0,3 weeks ago,2025-08-27T09:11:53.174Z,None,None,None,82,1917,4,Northern Territory,False,A lovely coffee shop on the corner. I was very disappointed that the community shop was not open as per the sign on the door. After two tries gave up. I do know that on the weekends the markets are great and worth a visit.,Parap Village Markets,4.5,None,None,Positive,11.0
928,Farmers' market,False,True,en,0,3 weeks ago,2025-08-27T06:53:40.181Z,None,None,None,18,1917,5,Northern Territory,False,A lovely coffee shop on the corner. I was very disappointed that the community shop was not open as per the sign on the door. After two tries gave up. I do know that on the weekends the markets are great and worth a visit.,Parap Village Markets,4.5,None,None,Positive,12.0
929,Farmers' market,False,False,en,0,4 weeks ago,2025-08-24T08:51:06.323Z,None,None,None,6,1917,5,Northern Territory,False,"variety choices, many foods",Parap Village Markets,4.5,None,None,Positive,13.0
930,Farmers' market,False,True,en,0,4 weeks ago,2025-08-24T06:50:30.649Z,None,None,None,132,1917,5,Northern Territory,False,Good range of stalls,Parap Village Markets,4.5,None,None,Positive,14.0
931,Farmers' market,False,True,en,0,4 weeks ago,2025-08-24T03:09:07.955Z,None,None,None,79,1917,5,Northern Territory,False,"Cooked food, fresh food, and lots of artwork. Grab a massage? Saturdays only. Check times!",Parap Village Markets,4.5,None,None,Positive,15.0
932,Farmers' market,False,True,en,0,4 weeks ago,2025-08-23T11:49:58.341Z,None,None,None,17,1917,5,Northern Territory,False,Very good,Parap Village Markets,4.5,None,None,Positive,16.0
933,Farmers' market,False,True,en,0,4 weeks ago,2025-08-23T02:56:04.318Z,None,None,None,30,1917,5,Northern Territory,False,A lovely coffee shop on the corner. I was very disappointed that the community shop was not open as per the sign on the door. After two tries gave up. I do know that on the weekends the markets are great and worth a visit.,Parap Village Markets,4.5,None,None,Positive,17.0
934,Farmers' market,False,True,en,0,4 weeks ago,2025-08-23T01:34:47.485Z,None,None,None,158,1917,4,Northern Territory,False,"Great little market, compact but very busy. Yummy food, drinks and variety stalls. Great Street DJ with pumping music.",Parap Village Markets,4.5,None,None,Positive,18.0
935,Farmers' market,False,False,en,0,4 weeks ago,2025-08-22T08:14:53.388Z,None,None,None,9,1917,5,Northern Territory,False,A lovely coffee shop on the corner. I was very disappointed that the community shop was not open as per the sign on the door. After two tries gave up. I do know that on the weekends the markets are great and worth a visit.,Parap Village Markets,4.5,None,None,Positive,19.0
936,Farmers' market,False,True,en,0,a month ago,2025-08-19T21:58:38.375Z,None,None,None,344,1917,4,Northern Territory,False,A lovely coffee shop on the corner. I was very disappointed that the community shop was not open as per the sign on the door. After two tries gave up. I do know that on the weekends the markets are great and worth a visit.,Parap Village Markets,4.5,None,None,Positive,20.0
937,Farmers' market,False,True,en,0,a month ago,2025-08-19T04:05:35.529Z,None,None,None,91,1917,5,Northern Territory,False,Adorei a feira de sábado! Muito legal! Varias opcoes de comidas e coisinhas pra comprar,Parap Village Markets,4.5,None,None,Positive,21.0
938,Farmers' market,False,True,en,0,a month ago,2025-08-17T22:25:30.728Z,None,None,None,39,1917,4,Northern Territory,False,Lovely Markets for a wander around in a Saturday morning. Mary’s Laksa is a must try 😊,Parap Village Markets,4.5,None,None,Positive,22.0
939,Farmers' market,False,True,en,0,a month ago,2025-08-17T04:25:51.769Z,None,None,None,49,1917,5,Northern Territory,False,A lovely coffee shop on the corner. I was very disappointed that the community shop was not open as per the sign on the door. After two tries gave up. I do know that on the weekends the markets are great and worth a visit.,Parap Village Markets,4.5,None,None,Positive,23.0
940,Farmers' market,False,True,en,0,a month ago,2025-08-16T04:40:37.482Z,None,None,None,15,1917,5,Northern Territory,False,A lovely coffee shop on the corner. I was very disappointed that the community shop was not open as per the sign on the door. After two tries gave up. I do know that on the weekends the markets are great and worth a visit.,Parap Village Markets,4.5,None,None,Positive,24.0
941,Farmers' market,False,False,en,0,a month ago,2025-08-14T22:57:47.206Z,None,None,None,5,1917,4,Northern Territory,False,A lovely coffee shop on the corner. I was very disappointed that the community shop was not open as per the sign on the door. After two tries gave up. I do know that on the weekends the markets are great and worth a visit.,Parap Village Markets,4.5,None,None,Positive,25.0
942,Farmers' market,False,True,en,0,a month ago,2025-08-13T07:28:47.728Z,None,None,None,24,1917,5,Northern Territory,False,Lot's of great food and normal market type stuff attuned to the area.,Parap Village Markets,4.5,None,None,Positive,26.0
943,Farmers' market,False,True,en,0,a month ago,2025-08-11T08:36:06.494Z,None,None,None,43,1917,5,Northern Territory,False,A lovely coffee shop on the corner. I was very disappointed that the community shop was not open as per the sign on the door. After two tries gave up. I do know that on the weekends the markets are great and worth a visit.,Parap Village Markets,4.5,None,None,Positive,27.0
944,Farmers' market,False,True,en,0,a month ago,2025-08-10T09:08:46.639Z,None,None,None,444,1917,3,Northern Territory,False,Love this place for lunch or breakfast.,Parap Village Markets,4.5,None,None,Positive,28.0
945,Farmers' market,False,True,en,0,a month ago,2025-08-10T04:50:10.404Z,None,None,None,54,1917,4,Northern Territory,False,A lovely coffee shop on the corner. I was very disappointed that the community shop was not open as per the sign on the door. After two tries gave up. I do know that on the weekends the markets are great and worth a visit.,Parap Village Markets,4.5,None,None,Positive,29.0
946,Farmers' market,False,False,en,0,a month ago,2025-08-09T14:14:18.024Z,None,None,None,4,1917,3,Northern Territory,False,Nowhere to sit in shade,Parap Village Markets,4.5,None,None,Neutral,30.0
947,Farmers' market,False,True,en,0,a month ago,2025-08-09T06:44:45.370Z,None,None,None,21,1917,5,Northern Territory,False,A lovely coffee shop on the corner. I was very disappointed that the community shop was not open as per the sign on the door. After two tries gave up. I do know that on the weekends the markets are great and worth a visit.,Parap Village Markets,4.5,None,None,Positive,31.0
948,Farmers' market,False,True,en,0,a month ago,2025-08-09T03:12:22.413Z,None,None,None,34,1917,5,Northern Territory,False,Smallish market but a variety of stalls including fresh fruit and vegetables. Reasonable number of food stalls with a good range,Parap Village Markets,4.5,None,None,Positive,32.0
949,Farmers' market,False,True,en,0,a month ago,2025-08-08T05:57:08.965Z,None,None,None,16,1917,1,Northern Territory,False,"It’s my first time in Darwin and I heard so much about how good the laksa is in Darwin, When I arrived at the market I saw there was a long queue at Mary Laksa, the much hype of the laksa. After I have bought the combination laksa, the first thing I did was to taste the broth. My goodness it’s nothing like Laksa! Far from it. I suppose most of the laksa stall owners are not from Malaysia or Singapore. It’s also fell short of the taste in Sydney, Melbourne or Brisbane. For goodness sake, even if you have not been to Malaysia or Singapore, at least taste some laksa before cooking laksa. The ingredients in the laksa are laughable, there are cauliflower, bumpkins, long beans, wan tans, fake crab sticks, etc. At the end I threw away about 90% of the laksa.",Parap Village Markets,4.5,None,None,Positive,33.0
950,Farmers' market,False,True,en,0,a month ago,2025-08-06T08:10:43.707Z,None,None,None,21,1917,5,Northern Territory,False,A lovely coffee shop on the corner. I was very disappointed that the community shop was not open as per the sign on the door. After two tries gave up. I do know that on the weekends the markets are great and worth a visit.,Parap Village Markets,4.5,None,None,Positive,34.0
951,Farmers' market,False,True,en,0,a month ago,2025-08-06T01:03:55.503Z,None,None,None,547,1917,5,Northern Territory,False,"One of the best village markets I've ever been to.
What it lacks in size, it makes up in quality. Nice fresh produce, hot food like laksa, satay, banh mi and more.  I highly recommend the satay stall and purple lady laksa.
There are also juice bars, flower stalls and crafts, as well as plenty of nice cafes nearby.",Parap Village Markets,4.5,None,None,Positive,35.0
952,Farmers' market,False,True,en,0,a month ago,2025-08-04T20:19:35.745Z,None,None,None,166,1917,5,Northern Territory,False,All sorts,Parap Village Markets,4.5,None,None,Neutral,36.0
953,Farmers' market,False,True,en,0,a month ago,2025-08-04T03:21:35.418Z,None,None,None,9,1917,4,Northern Territory,False,"평범한 스트릿 마켓이며, 물가는 싸지 않지만 물건이 다양하다.",Parap Village Markets,4.5,None,None,Positive,37.0
954,Farmers' market,False,True,en,0,a month ago,2025-08-01T02:17:34.800Z,None,None,None,170,1917,5,Northern Territory,False,Variety of Asian cuisine. Easily reached by public transport from Darwin CBD.,Parap Village Markets,4.5,None,None,Positive,38.0
955,Farmers' market,False,True,en,0,a month ago,2025-07-31T23:29:59.660Z,None,None,None,45,1917,5,Northern Territory,False,Great place to be when the market is on. Good options of food stalls and cafe. Fresh veg and fruit.,Parap Village Markets,4.5,None,None,Positive,39.0
956,Farmers' market,False,True,en,0,a month ago,2025-07-31T10:50:03.588Z,None,None,None,29,1917,5,Northern Territory,False,"Love parap market 🤩
I coming for holiday to Darwin and love parap market .. FOODS 😋, FRUITS 😋

I try Chiken and squid satay OMG 😋😋 best
Beef chilly curry puff pastry yum …

They accept CARD OR CASH so don’t worry

Not big market but good for visit and have a taste meals culinary 😋😋",Parap Village Markets,4.5,None,None,Positive,40.0
957,Farmers' market,False,True,en,0,a month ago,2025-07-30T13:52:15.464Z,None,None,None,67,1917,4,Northern Territory,False,"There's plenty of food here, mainly.",Parap Village Markets,4.5,None,None,Positive,41.0
958,Farmers' market,False,True,en,0,a month ago,2025-07-30T09:06:25.055Z,None,None,None,240,1917,5,Northern Territory,False,"Parap Market is one of my favourites in Darwin. It’s open every Saturday from 8 am to 2 pm, all year round; but it’s especially lovely during the dry season. The weather in July is absolutely delicious; cool in the morning with clear skies, which makes it the perfect setting to enjoy a bowl of laksa or something fresh while walking around.

There’s a great mix of stalls offering food from all over Southeast Asia, fresh produce, handmade goods, flowers, and local art. My absolute go to is the Popia; the spring rolls here are the best!! I also always get the Vietnamese pork skewers and paw paw salad—so yummy:) The smoothie and juice stalls are beautiful too; perfect for something cool and refreshing when it's starting to warm up.

It does get busy, but parking is usually okay if you arrive early or don’t mind walking a little. Dogs aren’t allowed in the market area, which is a shame if you’re bringing your pup along—but good to know ahead of time.

I don’t have many photos from my visits here; which says a lot because I usually take heaps—but I’m too busy living my best life eating all the food 😆

Highly recommend checking it out if you're in Darwin. I love it!",Parap Village Markets,4.5,None,None,Positive,42.0
959,Farmers' market,False,True,en,0,a month ago,2025-07-27T08:29:20.592Z,None,None,None,43,1917,3,Northern Territory,False,"Gorgeous buzzy market, Mary’s Laksa was worth the wait. Unfortunately I got food poisoning from a fruit salad purchased at the fruit stand, spent the next day with diarrhoea and stomach cramps. Avoid the melon or make sure you grab a cool one from the eski. I thought I was safe to eat cut fruit in Australia, clearly not in Darwin’s hot humid climate.",Parap Village Markets,4.5,None,None,Positive,43.0
960,Farmers' market,False,False,en,0,a month ago,2025-07-27T06:28:42.252Z,None,None,None,16,1917,5,Northern Territory,False,Great food and local crafts.,Parap Village Markets,4.5,None,None,Positive,44.0
961,Farmers' market,False,True,en,0,a month ago,2025-07-26T06:13:58.727Z,None,None,None,350,1917,3,Northern Territory,False,"Hard to find parking, crowded facility, lots of similar product, no where to sit and enjoy a coffee or similar",Parap Village Markets,4.5,None,None,Positive,45.0
962,Farmers' market,False,True,en,0,a month ago,2025-07-26T05:37:17.761Z,None,None,None,31,1917,5,Northern Territory,False,"LOVED the market!
Great choices for food and drink!
Incredible Laksa and I really enjoyed the Korean corn dog!",Parap Village Markets,4.5,None,None,Positive,46.0
963,Farmers' market,False,True,en,0,a month ago,2025-07-26T00:16:04.384Z,None,None,None,383,1917,5,Northern Territory,False,Great place for market food and gifts,Parap Village Markets,4.5,None,None,Positive,47.0
964,Farmers' market,False,True,en,0,a month ago,2025-07-25T11:04:29.628Z,None,None,None,205,1917,4,Northern Territory,False,"Great market, we brought jewellery and some rocks from local area, we ate this delicious hotdog & cheese on a stick",Parap Village Markets,4.5,None,None,Positive,48.0
965,Farmers' market,False,True,en,0,a month ago,2025-07-25T10:45:30.508Z,None,None,None,21,1917,3,Northern Territory,False,To crowded for me.Could hardly even walk around .Didn't stay long.,Parap Village Markets,4.5,None,None,Negative,49.0
966,Farmers' market,False,True,en,0,a month ago,2025-07-24T14:11:55.610Z,None,None,None,258,1917,3,Northern Territory,False,"We got there reasonably early but still struggled to find a parking spot close by. The food stalls looked to have some amazing dishes, and there was a variety of other stalls, but there were a lot of people in a small area.",Parap Village Markets,4.5,None,None,Positive,50.0
967,Farmers' market,False,True,en,0,a month ago,2025-07-24T05:18:41.412Z,None,None,None,87,1917,5,Northern Territory,False,A lovely coffee shop on the corner. I was very disappointed that the community shop was not open as per the sign on the door. After two tries gave up. I do know that on the weekends the markets are great and worth a visit.,Parap Village Markets,4.5,None,None,Positive,51.0
968,Farmers' market,False,False,en,0,2 months ago,2025-07-21T08:25:22.649Z,None,None,None,12,1917,5,Northern Territory,False,A lovely coffee shop on the corner. I was very disappointed that the community shop was not open as per the sign on the door. After two tries gave up. I do know that on the weekends the markets are great and worth a visit.,Parap Village Markets,4.5,None,None,Positive,52.0
969,Farmers' market,False,True,en,0,2 months ago,2025-07-21T02:32:39.664Z,None,None,None,30,1917,5,Northern Territory,False,Visited Purple Lady for our weekly Laksa.  Arrived at 7:50am.  No queue and only a short wait for our order.  Plenty of parking close to stalls when arriving early.,Parap Village Markets,4.5,None,None,Positive,53.0
970,Farmers' market,False,True,en,0,2 months ago,2025-07-19T18:24:04.449Z,None,None,None,216,1917,3,Northern Territory,False,Bit too overcrowded for me. Basically food and vegetables only.,Parap Village Markets,4.5,None,None,Neutral,54.0
971,Farmers' market,False,False,en,0,2 months ago,2025-07-14T08:37:54.339Z,None,None,None,2,1917,5,Northern Territory,False,A lovely coffee shop on the corner. I was very disappointed that the community shop was not open as per the sign on the door. After two tries gave up. I do know that on the weekends the markets are great and worth a visit.,Parap Village Markets,4.5,None,None,Positive,55.0
972,Farmers' market,False,True,en,0,2 months ago,2025-07-13T11:12:59.900Z,None,None,None,19,1917,5,Northern Territory,False,A lovely coffee shop on the corner. I was very disappointed that the community shop was not open as per the sign on the door. After two tries gave up. I do know that on the weekends the markets are great and worth a visit.,Parap Village Markets,4.5,None,None,Positive,56.0
973,Farmers' market,False,True,en,0,2 months ago,2025-07-13T08:30:44.418Z,None,None,None,7,1917,5,Northern Territory,False,A lovely coffee shop on the corner. I was very disappointed that the community shop was not open as per the sign on the door. After two tries gave up. I do know that on the weekends the markets are great and worth a visit.,Parap Village Markets,4.5,None,None,Positive,57.0
974,Farmers' market,False,False,en,0,2 months ago,2025-07-12T07:22:15.484Z,None,None,None,5,1917,5,Northern Territory,False,"A wonderful,  unexpected surprise. Forget Mindil Markets and go to Parap Village Markets instead!!! Vibrant community atmosphere.  A vast array of delicious,  international dishes, good coffee and drinks. Arts and crafts, seasonal fresh fruits and veggies make Parap Markets one very satisfying Darwin experience.",Parap Village Markets,4.5,None,None,Positive,58.0
975,Farmers' market,False,False,en,0,2 months ago,2025-07-12T03:52:11.719Z,None,None,None,4,1917,5,Northern Territory,False,A lovely coffee shop on the corner. I was very disappointed that the community shop was not open as per the sign on the door. After two tries gave up. I do know that on the weekends the markets are great and worth a visit.,Parap Village Markets,4.5,None,None,Positive,59.0
976,Farmers' market,False,True,en,0,2 months ago,2025-07-11T11:33:02.067Z,None,None,None,30,1917,5,Northern Territory,False,A lovely coffee shop on the corner. I was very disappointed that the community shop was not open as per the sign on the door. After two tries gave up. I do know that on the weekends the markets are great and worth a visit.,Parap Village Markets,4.5,None,None,Positive,60.0
977,Farmers' market,False,False,en,0,2 months ago,2025-07-11T02:34:04.542Z,None,None,None,0,1917,3,Northern Territory,False,A lovely coffee shop on the corner. I was very disappointed that the community shop was not open as per the sign on the door. After two tries gave up. I do know that on the weekends the markets are great and worth a visit.,Parap Village Markets,4.5,None,None,Neutral,61.0
978,Farmers' market,False,True,en,0,2 months ago,2025-07-10T05:27:33.252Z,None,None,None,9,1917,5,Northern Territory,False,A lovely coffee shop on the corner. I was very disappointed that the community shop was not open as per the sign on the door. After two tries gave up. I do know that on the weekends the markets are great and worth a visit.,Parap Village Markets,4.5,None,None,Positive,62.0
979,Farmers' market,False,False,en,0,2 months ago,2025-07-10T04:03:10.952Z,None,None,None,7,1917,5,Northern Territory,False,A lovely coffee shop on the corner. I was very disappointed that the community shop was not open as per the sign on the door. After two tries gave up. I do know that on the weekends the markets are great and worth a visit.,Parap Village Markets,4.5,None,None,Positive,63.0
980,Farmers' market,False,True,en,0,Edited 2 months ago,2025-07-09T08:52:13.724Z,None,None,None,10,1917,4,Northern Territory,False,very busy market specialising in great Asian food,Parap Village Markets,4.5,None,None,Positive,64.0
981,Farmers' market,False,True,en,0,2 months ago,2025-07-06T06:23:34.572Z,None,None,None,13,1917,5,Northern Territory,False,A lovely coffee shop on the corner. I was very disappointed that the community shop was not open as per the sign on the door. After two tries gave up. I do know that on the weekends the markets are great and worth a visit.,Parap Village Markets,4.5,None,None,Positive,65.0
982,Farmers' market,False,True,en,0,2 months ago,2025-07-06T06:06:09.444Z,None,None,None,7,1917,5,Northern Territory,False,A lovely coffee shop on the corner. I was very disappointed that the community shop was not open as per the sign on the door. After two tries gave up. I do know that on the weekends the markets are great and worth a visit.,Parap Village Markets,4.5,None,None,Positive,66.0
983,Farmers' market,False,True,en,0,2 months ago,2025-07-06T03:20:51.959Z,None,None,None,170,1917,5,Northern Territory,False,"Enjoyed the markets, great variety of traders, lots of fresh vegetables, extensive choice of cooked/hot food, friendly people and nice smells.",Parap Village Markets,4.5,None,None,Positive,67.0
984,Farmers' market,False,True,en,0,2 months ago,2025-07-05T23:04:41.139Z,None,None,None,139,1917,4,Northern Territory,False,very charming and of NT flavor,Parap Village Markets,4.5,None,None,Positive,68.0
985,Farmers' market,False,True,en,0,2 months ago,2025-07-05T01:47:00.278Z,None,None,None,61,1917,5,Northern Territory,False,Beautiful Saturday morning in this village market. A large variety of takeaway foods in stalls from asian to indian cuisines plus many more.. Arts and crafts to Meat jerky 😁. We had fruit & vegetables for sale that looked fresh. I personally bought some cabbage and banana's. Met some friends from work there as well. Nice friendly vibes. Path ways in between stalls are a bit narrow (heads up),Parap Village Markets,4.5,None,None,Positive,69.0
986,Farmers' market,False,True,en,0,2 months ago,2025-06-30T07:23:55.033Z,None,None,None,14,1917,5,Northern Territory,False,A lovely coffee shop on the corner. I was very disappointed that the community shop was not open as per the sign on the door. After two tries gave up. I do know that on the weekends the markets are great and worth a visit.,Parap Village Markets,4.5,None,None,Positive,70.0
987,Farmers' market,False,True,en,0,2 months ago,2025-06-29T07:31:59.818Z,None,None,None,105,1917,4,Northern Territory,False,A lovely coffee shop on the corner. I was very disappointed that the community shop was not open as per the sign on the door. After two tries gave up. I do know that on the weekends the markets are great and worth a visit.,Parap Village Markets,4.5,None,None,Positive,71.0
988,Farmers' market,False,True,en,0,2 months ago,2025-06-29T01:19:21.561Z,None,None,None,76,1917,5,Northern Territory,False,A lovely coffee shop on the corner. I was very disappointed that the community shop was not open as per the sign on the door. After two tries gave up. I do know that on the weekends the markets are great and worth a visit.,Parap Village Markets,4.5,None,None,Positive,72.0
989,Farmers' market,False,True,en,0,2 months ago,2025-06-27T16:35:31.672Z,None,None,None,40,1917,5,Northern Territory,False,"TAKE CASH so that you can buy whatever you want :)

Highly recommend- Mary’s laksa. One of the best laksa I had in Australia. Also, very affordable!  Yes, the queue is long but it’s quick anyways.
This market had a lot of Asian food stalls which I appreciate! :)",Parap Village Markets,4.5,None,None,Positive,73.0
990,Farmers' market,False,False,en,0,2 months ago,2025-06-26T13:45:09.519Z,None,None,None,7,1917,4,Northern Territory,False,A lovely coffee shop on the corner. I was very disappointed that the community shop was not open as per the sign on the door. After two tries gave up. I do know that on the weekends the markets are great and worth a visit.,Parap Village Markets,4.5,None,None,Positive,74.0
991,Farmers' market,False,False,en,0,2 months ago,2025-06-25T03:02:09.990Z,None,None,None,5,1917,5,Northern Territory,False,A lovely coffee shop on the corner. I was very disappointed that the community shop was not open as per the sign on the door. After two tries gave up. I do know that on the weekends the markets are great and worth a visit.,Parap Village Markets,4.5,None,None,Positive,75.0
992,Farmers' market,False,True,en,0,2 months ago,2025-06-22T10:39:29.183Z,None,None,None,40,1917,4,Northern Territory,False,A lovely coffee shop on the corner. I was very disappointed that the community shop was not open as per the sign on the door. After two tries gave up. I do know that on the weekends the markets are great and worth a visit.,Parap Village Markets,4.5,None,None,Positive,76.0
993,Farmers' market,False,True,en,0,3 months ago,2025-06-21T06:33:47.631Z,None,None,None,81,1917,4,Northern Territory,False,"Mainly Asian food. Thailand, Cambodian, Vietnam, Korean, south East Asian laksa",Parap Village Markets,4.5,None,None,Neutral,77.0
994,Farmers' market,False,True,en,0,3 months ago,2025-06-19T05:15:28.033Z,None,None,None,12,1917,5,Northern Territory,False,A lovely coffee shop on the corner. I was very disappointed that the community shop was not open as per the sign on the door. After two tries gave up. I do know that on the weekends the markets are great and worth a visit.,Parap Village Markets,4.5,None,None,Positive,78.0
995,Farmers' market,False,False,en,0,3 months ago,2025-06-18T07:49:14.751Z,None,None,None,2,1917,5,Northern Territory,False,A lovely coffee shop on the corner. I was very disappointed that the community shop was not open as per the sign on the door. After two tries gave up. I do know that on the weekends the markets are great and worth a visit.,Parap Village Markets,4.5,None,None,Positive,79.0
996,Farmers' market,False,True,en,0,3 months ago,2025-06-16T12:53:12.816Z,None,None,None,42,1917,3,Northern Territory,False,A lovely coffee shop on the corner. I was very disappointed that the community shop was not open as per the sign on the door. After two tries gave up. I do know that on the weekends the markets are great and worth a visit.,Parap Village Markets,4.5,None,None,Neutral,80.0
997,Farmers' market,False,True,en,0,3 months ago,2025-06-13T11:16:57.565Z,None,None,None,6,1917,5,Northern Territory,False,Great market to pick up fresh fruit and vegetables and enjoy a wide variety of food stalls on offer. Lots of stalls with craft and gifts available.,Parap Village Markets,4.5,None,None,Positive,81.0
998,Farmers' market,False,True,en,0,3 months ago,2025-06-13T07:28:15.925Z,None,None,None,8,1917,5,Northern Territory,False,A lovely coffee shop on the corner. I was very disappointed that the community shop was not open as per the sign on the door. After two tries gave up. I do know that on the weekends the markets are great and worth a visit.,Parap Village Markets,4.5,None,None,Positive,82.0
999,Farmers' market,False,False,en,0,3 months ago,2025-06-12T16:46:32.862Z,None,None,None,12,1917,5,Northern Territory,False,Fantastic food and reasonable fresh,Parap Village Markets,4.5,None,None,Positive,83.0
1000,Farmers' market,False,True,en,0,3 months ago,2025-06-11T06:21:42.013Z,None,None,None,122,1917,5,Northern Territory,False,Was here 13 years ago... nothing has changed its still an amazing place to go for breakfast or brunch,Parap Village Markets,4.5,None,None,Positive,84.0
1001,Farmers' market,False,True,en,0,3 months ago,2025-06-10T10:17:40.311Z,None,None,None,32,1917,5,Northern Territory,False,Nice  place for all different food of all migrainte  in Darwin,Parap Village Markets,4.5,None,None,Positive,85.0
1002,Farmers' market,False,True,en,0,3 months ago,2025-06-08T22:51:30.507Z,None,None,None,54,1917,3,Northern Territory,False,"Nice, small shopping area. Great sandwich place, though a bit expensive.",Parap Village Markets,4.5,None,None,Positive,86.0
1003,Farmers' market,False,False,en,0,3 months ago,2025-06-08T07:55:58.202Z,None,None,None,3,1917,1,Northern Territory,False,A lovely coffee shop on the corner. I was very disappointed that the community shop was not open as per the sign on the door. After two tries gave up. I do know that on the weekends the markets are great and worth a visit.,Parap Village Markets,4.5,None,None,Negative,87.0
1004,Farmers' market,False,True,en,0,3 months ago,2025-06-05T09:52:22.887Z,None,None,None,58,1917,5,Northern Territory,False,A lovely coffee shop on the corner. I was very disappointed that the community shop was not open as per the sign on the door. After two tries gave up. I do know that on the weekends the markets are great and worth a visit.,Parap Village Markets,4.5,None,None,Positive,88.0
1005,Farmers' market,False,True,en,0,3 months ago,2025-06-04T03:45:28.699Z,None,None,None,315,1917,5,Northern Territory,False,Great first day experience,Parap Village Markets,4.5,None,None,Positive,89.0
1006,Farmers' market,False,True,en,0,3 months ago,2025-05-31T10:35:50.471Z,None,None,None,38,1917,4,Northern Territory,False,A lovely coffee shop on the corner. I was very disappointed that the community shop was not open as per the sign on the door. After two tries gave up. I do know that on the weekends the markets are great and worth a visit.,Parap Village Markets,4.5,None,None,Positive,90.0
1007,Farmers' market,False,True,en,0,3 months ago,2025-05-26T06:38:45.123Z,None,None,None,41,1917,5,Northern Territory,False,If you are visiting Darwin you definitely need to check out the Parap Markets. Yummy food and drink options!,Parap Village Markets,4.5,None,None,Neutral,91.0
1008,Farmers' market,False,True,en,0,Edited 3 months ago,2025-05-25T14:44:46.058Z,None,None,None,417,1917,5,Northern Territory,False,"It has been 11 years since I left Darwin, and the only food I was craving was market food, and Greek food.
Parap Markets was one of my favourite places to visit on a Saturday morning.
So many fond memories.
This market has the most delicious authentic food.
From the fresh juices, to the famous laksas and papaya salads, there is something for everyone.
I highly recommend visiting these markets.",Parap Village Markets,4.5,None,None,Positive,92.0
1009,Farmers' market,False,True,en,0,3 months ago,2025-05-24T06:54:45.372Z,None,None,None,288,1917,5,Northern Territory,False,A lovely coffee shop on the corner. I was very disappointed that the community shop was not open as per the sign on the door. After two tries gave up. I do know that on the weekends the markets are great and worth a visit.,Parap Village Markets,4.5,None,None,Positive,93.0
1010,Farmers' market,False,True,en,0,3 months ago,2025-05-22T07:37:28.294Z,None,None,None,128,1917,5,Northern Territory,False,One of if not the best market in Darwin.  The best laksa in the Top End is served here and there's also many other traditional tropical dishes and fruits found here.,Parap Village Markets,4.5,None,None,Positive,94.0
1011,Farmers' market,False,True,en,0,4 months ago,2025-05-20T04:34:28.550Z,None,None,None,30,1917,5,Northern Territory,False,Awesome market great mix of food and drinks great atmosphere,Parap Village Markets,4.5,None,None,Positive,95.0
1012,Farmers' market,False,True,en,0,4 months ago,2025-05-18T11:03:27.002Z,None,None,None,17,1917,5,Northern Territory,False,"Love it.  Great location, easy access, and plenty of food to choose from.",Parap Village Markets,4.5,None,None,Positive,96.0
1013,Farmers' market,False,True,en,0,4 months ago,2025-05-18T09:41:50.616Z,None,None,None,37,1917,4,Northern Territory,False,A lovely coffee shop on the corner. I was very disappointed that the community shop was not open as per the sign on the door. After two tries gave up. I do know that on the weekends the markets are great and worth a visit.,Parap Village Markets,4.5,None,None,Positive,97.0
1014,Farmers' market,False,False,en,0,4 months ago,2025-05-17T20:03:22.103Z,None,None,None,12,1917,4,Northern Territory,False,"Art, food, fresh fruit and vegetables, massage, clothes, jewellery, very friendly stall holders. Be sure to seek out Tracey at the tanamu oil stand. Unfortunately the council has not been innovative in regards to green waste disposal. The toilets leave a lot to be desired.",Parap Village Markets,4.5,None,None,Positive,98.0
1015,Farmers' market,False,True,en,0,4 months ago,2025-05-17T11:01:13.816Z,None,None,None,6,1917,5,Northern Territory,False,A lovely coffee shop on the corner. I was very disappointed that the community shop was not open as per the sign on the door. After two tries gave up. I do know that on the weekends the markets are great and worth a visit.,Parap Village Markets,4.5,None,None,Positive,99.0
1016,Corporate office,False,False,en,0,3 days ago,2025-09-18T13:14:34.629Z,None,None,None,0,31,5,Northern Territory,False,A great experience and well worth the detour off the highway. Best to book in advance.,Pudakul Aboriginal Cultural Tours,4.7,None,None,Positive,0.0
1017,Corporate office,False,False,en,0,3 months ago,2025-06-04T07:54:11.463Z,None,None,None,9,31,5,Northern Territory,False,"Graham & Norma gave us really excellent insights into indigenous crafts, beliefs and social interactions. Norma is so knowledgeable about eco dyeing. I was very impressed and grateful for her information. We could have stayed there for much longer. Make sure you allow yourselves plenty of time to fully take advantage of the amazing amount of information they are willing to impart. Thank you both and your daughter so much for a really special morning.",Pudakul Aboriginal Cultural Tours,4.7,None,None,Positive,1.0
1018,Corporate office,False,True,en,0,a year ago,2024-08-14T11:52:40.843Z,None,None,None,62,31,5,Northern Territory,False,"Most beautiful homeland. Definitely worth visiting. Graham is so intelligent, generous with his wisdom and life experience",Pudakul Aboriginal Cultural Tours,4.7,None,None,Positive,2.0
1019,Corporate office,False,False,en,0,a year ago,2024-08-14T03:19:23.937Z,None,None,None,1,31,5,Northern Territory,False,"Graham is so inspirational , if only there were hundreds more of him sharing their knowledge and wisdom .",Pudakul Aboriginal Cultural Tours,4.7,None,None,Positive,3.0
1020,Corporate office,False,True,en,0,a year ago,2024-07-22T10:13:40.030Z,None,None,None,521,31,2,Northern Territory,False,"Unfortunatelly closed without any information. May the reason could be a bush fire.
Hopefully everybody is fine.",Pudakul Aboriginal Cultural Tours,4.7,None,None,Positive,4.0
1021,Corporate office,False,True,en,0,a year ago,2024-07-16T05:22:14.597Z,None,None,None,36,31,5,Northern Territory,False,"Highly recommend this tour!!

It was a wonderfully peaceful and positive experience with humor and knowledge shared in equal parts.

Valuable insights were shared by Graham and Lynette and family on importance of caring for the land and animals. The tour included music, painting, plants, and weaving.
Something of interest for all ages and knowledge levels.",Pudakul Aboriginal Cultural Tours,4.7,None,None,Positive,5.0
1022,Corporate office,False,True,en,0,a year ago,2024-07-08T00:58:53.652Z,None,None,None,20,31,5,Northern Territory,False,Well worth the effort. Graham and his daughter and family are great communicators with a good sense of humour. Memorable and entertaining,Pudakul Aboriginal Cultural Tours,4.7,None,None,Positive,6.0
1023,Corporate office,False,True,en,0,a year ago,2024-06-15T12:03:21.148Z,None,None,None,17,31,5,Northern Territory,False,Graham was a fantastic host. The knowledge was awesome. The experience was a must. Not a token tourist attraction. This is the real deal.,Pudakul Aboriginal Cultural Tours,4.7,None,None,Positive,7.0
1024,Corporate office,False,False,en,0,a year ago,2024-03-31T23:02:06.120Z,None,None,None,5,31,5,Northern Territory,False,"We are grateful for the time we got to spend at the sacred Pudakul site. Graham was very generous with his teachings to share his cultural knowledge and experiences with our large family group. Graham was very engaging with the kids, which further contributed to the enjoyment of the group. Graham’s daughter was also a wealth of knowledge and we loved her stories from the female perspective.
We all thoroughly enjoyed this tour, and would highly recommend as a must-do activity for anyone visiting Darwin.",Pudakul Aboriginal Cultural Tours,4.7,None,None,Positive,8.0
1025,Corporate office,False,True,en,0,a year ago,2023-12-29T15:00:52.934Z,None,None,None,11,31,5,Northern Territory,False,Great cultural experience great for kids friendly guides,Pudakul Aboriginal Cultural Tours,4.7,None,None,Positive,9.0
1026,Corporate office,False,True,en,0,2 years ago,2023-03-05T12:06:46.548Z,None,None,None,349,31,1,Northern Territory,False,"We called and booked a tour. Drove out and arrived early. Gate was locked and no one around. Called and they said no staff that day, so no tour … wasted our time. Not sure why they couldn’t at least notify us, so we could do something else.",Pudakul Aboriginal Cultural Tours,4.7,None,None,Negative,10.0
1027,Corporate office,False,False,en,0,3 years ago,2022-07-28T12:02:34.951Z,None,None,None,6,31,5,Northern Territory,False,"Everyone who travels too Darwin should make the time to do this family run tour. Had the best day, learning just a small part of our national heritage. Informative, fun and extremely intersting. Thanks Graham and Deane, what treasures you are too your community",Pudakul Aboriginal Cultural Tours,4.7,None,None,Positive,11.0
1028,Corporate office,False,True,en,0,3 years ago,2022-07-22T01:52:28.785Z,None,None,None,20,31,5,Northern Territory,False,"Fascinating tour, great guides.",Pudakul Aboriginal Cultural Tours,4.7,None,None,Positive,12.0
1029,Corporate office,False,False,en,0,3 years ago,2022-07-02T01:39:16.448Z,None,None,None,8,31,5,Northern Territory,False,"A great experience at Pudakul! Staying there was amazing, great quality cabins and campground. Great cultural immersion, amazing food, insane activities and overall one of the best places I have ever stayed. Pool was amazing, perfect for the cool temperature. Selena and Cameron really put on a show for my group, they took hours of not days out of their time to help us and do whatever we needed them to. Sadly we did not get to see Graham too many times, it would have been great to hear his experiences as high ranking elder. Overall a great experience that i can look back on and say “Wow!”. This is the perfect place to bring family whether it’s a day trip or your staying. I would highly recommend visiting on your way to Kakadu National Park or in the area, you won’t regret it.",Pudakul Aboriginal Cultural Tours,4.7,None,None,Positive,13.0
1030,Corporate office,False,True,en,0,3 years ago,2022-05-05T23:17:56.604Z,None,None,None,21,31,5,Northern Territory,False,"Great tour, great people. Would recommend.",Pudakul Aboriginal Cultural Tours,4.7,None,None,Positive,14.0
1031,Corporate office,False,True,en,0,3 years ago,2021-09-26T04:23:49.548Z,None,None,None,4,31,5,Northern Territory,False,A great experience and well worth the detour off the highway. Best to book in advance.,Pudakul Aboriginal Cultural Tours,4.7,None,None,Positive,15.0
1032,Corporate office,False,True,en,0,4 years ago,2021-08-21T01:54:05.717Z,None,None,None,26,31,5,Northern Territory,False,Good event to go to learn more about first nation cultural affairs,Pudakul Aboriginal Cultural Tours,4.7,None,None,Positive,16.0
1033,Corporate office,False,True,en,0,4 years ago,2021-07-02T13:52:33.027Z,None,None,None,23,31,5,Northern Territory,False,Recommended! Graham and his family were super friendly and very welcome to share their culture and knowledge. We were lucky as we got a personalized tour. Thanks for the damper!,Pudakul Aboriginal Cultural Tours,4.7,None,None,Positive,17.0
1034,Corporate office,False,False,en,0,4 years ago,2021-06-10T04:14:08.120Z,None,None,None,7,31,5,Northern Territory,False,"Amazing, wonderful, beautiful...this place I honestly loved..Graham and his daughter Talia were honestly sooo inspirational and thought provoking ...I can only urge Darwin locals and their interstate family to visit and experience a truly wonderful time...I never thought that a 2 hour aboriginal cultural tour could be so breathtakingly inspiring and satisfying...many thanks to you And your wonderful place....it truly was humbling and I shall be back with more visitors so they too can experience what I did...keep it up my friends, just loved it and many thanks. ❤️👍",Pudakul Aboriginal Cultural Tours,4.7,None,None,Positive,18.0
1035,Corporate office,False,True,en,0,4 years ago,2021-05-14T08:49:42.283Z,None,None,None,129,31,5,Northern Territory,False,"Such a special and essential stop with 300 metre kept dirt road set on gorgeous billabong with water lilies. A family owned, authentic and highly informative cultural exchange. You can literally ask them anything! We never felt rushed, engage in weapon throwing, medicinal plant insights, basket weaving and learned about various musical instruments. Accessible manageable (short dirt track, but toilet has step).",Pudakul Aboriginal Cultural Tours,4.7,None,None,Positive,19.0
1036,Corporate office,False,True,en,0,4 years ago,2021-04-24T01:07:37.825Z,None,None,None,59,31,5,Northern Territory,False,"I cannot recommend this place enough, it was the highlight of my entire trip to the northern territory. Graham is a very spiritual enlightening person to be around, he showed us his people traditional way of hunting, what foods they would eat and their customs in such a fun way, his sense of humour makes everyone smile. I can't wait to be back one day!",Pudakul Aboriginal Cultural Tours,4.7,None,None,Positive,20.0
1037,Corporate office,False,True,en,0,4 years ago,2021-01-30T11:33:33.712Z,None,None,None,32,31,5,Northern Territory,False,Do yourself a favour and make this number one on your list of things to do around Darwin! Absolutely one of the more powerful experiences we’ve had in the NT.,Pudakul Aboriginal Cultural Tours,4.7,None,None,Positive,21.0
1038,Corporate office,False,False,en,0,4 years ago,2020-10-15T09:25:39.830Z,None,None,None,4,31,5,Northern Territory,False,Had a beautiful afternoon with family amazing place to visit with accommodation,Pudakul Aboriginal Cultural Tours,4.7,None,None,Positive,22.0
1039,Corporate office,False,False,en,0,4 years ago,2020-10-13T07:17:01.232Z,None,None,None,5,31,5,Northern Territory,False,"Very good experience with Graham and his daughter Selina. They told us all the things we wanted to know (and we had a lot of question!) about aboriginal culture. We spent there maybe 3h talking with them and doing the cultural experience. They told us stories, we played music, we threw spears, we learned how to make baskets and bags and we ate the traditional bread at the end.

They are very nice and we really had a good time with them.

Thank you very much!

C&J",Pudakul Aboriginal Cultural Tours,4.7,None,None,Positive,23.0
1040,Corporate office,False,True,en,0,5 years ago,2020-03-08T12:24:37.268Z,None,None,None,44,31,5,Northern Territory,False,Graeme and his team are amazing. We take student groups here and it’s always a highlight. Ive been about 6 times and always excited to go again. The tour Super engaging and I always appreciate the extra time they spend answering all the waky questions our students ask! Can’t wait to go back,Pudakul Aboriginal Cultural Tours,4.7,None,None,Positive,24.0
1041,Corporate office,False,False,en,0,5 years ago,2020-02-12T14:22:03.785Z,None,None,None,11,31,5,Northern Territory,False,"We zijn naar Kakadupark geweest voor de rotstekeningen, wat op zich al een geweldige ervaring is. Wij waren erg blij  met onze gids en tevens chauffeur Adam Yates. Hij wist zeer veel te vertellen over de rotstekeningen en de cultuur van de Aboriginals van deze streek. Ook over de fauna en flora wist hij veel te vertellen. Omdat wij vanwege het regenseizoen niet naar de plek zoals vermeld in de folder konden bracht hij I s naar 2 andere plekken. Wij waren zeer onder de indruk. We kunnen deze trip zeer zeker aanbevelen!",Pudakul Aboriginal Cultural Tours,4.7,None,None,Positive,25.0
1042,Corporate office,False,False,en,0,6 years ago,2019-08-13T11:21:34.959Z,None,None,None,8,31,5,Northern Territory,False,"This is a must do! Dwayne was an excellent teacher, he taught our group a lot over an hour in a warm and engaging way. Highly recommended.",Pudakul Aboriginal Cultural Tours,4.7,None,None,Positive,26.0
1043,Corporate office,False,True,en,0,7 years ago,2018-09-06T01:59:10.048Z,None,None,None,162,31,5,Northern Territory,False,Tour with Graham is absolutely a must do in Darwin. This was a very fascinating and interesting experience. Knowing about Aboriginal traditions and culture makes everyone richer in our soul.,Pudakul Aboriginal Cultural Tours,4.7,None,None,Positive,27.0
1044,Corporate office,False,True,en,0,7 years ago,2018-06-01T06:20:21.826Z,None,None,None,11,31,5,Northern Territory,False,A great experience and well worth the detour off the highway. Best to book in advance.,Pudakul Aboriginal Cultural Tours,4.7,None,None,Positive,28.0
1045,Corporate office,False,True,en,0,7 years ago,2018-02-05T23:37:31.312Z,None,None,None,194,31,5,Northern Territory,False,A great experience and well worth the detour off the highway. Best to book in advance.,Pudakul Aboriginal Cultural Tours,4.7,None,None,Positive,29.0
1046,Corporate office,False,True,en,0,Edited 8 years ago,2017-09-05T07:31:04.289Z,None,None,None,736,31,4,Northern Territory,False,"Informative and interesting. Instead of two hours, an hour is sufficient. They were willing to entertain any questions.",Pudakul Aboriginal Cultural Tours,4.7,None,None,Positive,30.0
1047,Island,False,True,en,0,5 months ago,2025-04-01T10:10:20.874Z,None,None,None,80,51,5,Northern Territory,False,None,Tiwi Islands,4.2,None,None,Positive,0.0
1048,Island,False,False,en,0,a year ago,2024-05-29T09:42:26.033Z,None,None,None,1,51,4,Northern Territory,False,None,Tiwi Islands,4.2,None,None,Positive,1.0
1049,Island,False,False,en,0,a year ago,2024-05-08T13:02:34.839Z,None,None,None,0,51,5,Northern Territory,False,None,Tiwi Islands,4.2,None,None,Positive,2.0
1050,Island,False,False,en,0,a year ago,2024-05-07T23:19:16.563Z,None,None,None,3,51,5,Northern Territory,False,None,Tiwi Islands,4.2,None,None,Positive,3.0
1051,Island,False,True,en,0,a year ago,2024-03-22T21:40:33.273Z,None,None,None,27,51,5,Northern Territory,False,None,Tiwi Islands,4.2,None,None,Positive,4.0
1052,Island,False,False,en,0,a year ago,2024-01-20T15:33:15.750Z,None,None,None,0,51,4,Northern Territory,False,None,Tiwi Islands,4.2,None,None,Positive,5.0
1053,Island,False,True,en,0,2 years ago,2023-08-28T07:29:56.175Z,None,None,None,140,51,5,Northern Territory,False,None,Tiwi Islands,4.2,None,None,Positive,6.0
1054,Island,False,False,en,0,2 years ago,2023-06-16T11:55:58.304Z,None,None,None,12,51,5,Northern Territory,False,None,Tiwi Islands,4.2,None,None,Positive,7.0
1055,Island,False,False,en,0,2 years ago,2023-01-10T07:12:12.451Z,None,None,None,0,51,4,Northern Territory,False,None,Tiwi Islands,4.2,None,None,Positive,8.0
1056,Island,False,True,en,0,2 years ago,2022-10-17T03:52:56.730Z,None,None,None,12,51,5,Northern Territory,False,None,Tiwi Islands,4.2,None,None,Positive,9.0
1057,Island,False,True,en,0,2 years ago,2022-10-09T02:35:44.745Z,None,None,None,118,51,5,Northern Territory,False,None,Tiwi Islands,4.2,None,None,Positive,10.0
1058,Island,False,True,en,0,2 years ago,2022-09-29T12:53:04.324Z,None,None,None,7,51,5,Northern Territory,False,None,Tiwi Islands,4.2,None,None,Positive,11.0
1059,Island,False,True,en,0,3 years ago,2022-09-03T04:29:37.861Z,None,None,None,223,51,1,Northern Territory,False,None,Tiwi Islands,4.2,None,None,Negative,12.0
1060,Island,False,False,en,0,3 years ago,2022-04-08T01:00:34.825Z,None,None,None,4,51,5,Northern Territory,False,None,Tiwi Islands,4.2,None,None,Positive,13.0
1061,Island,False,True,en,0,3 years ago,2022-02-23T03:33:46.881Z,None,None,None,12,51,5,Northern Territory,False,None,Tiwi Islands,4.2,None,None,Negative,14.0
1062,Island,False,False,en,0,4 years ago,2021-08-18T11:50:25.396Z,None,None,None,0,51,3,Northern Territory,False,None,Tiwi Islands,4.2,None,None,Neutral,15.0
1063,Island,False,True,en,0,4 years ago,2021-08-02T06:44:43.791Z,None,None,None,125,51,1,Northern Territory,False,None,Tiwi Islands,4.2,None,None,Positive,16.0
1064,Island,False,False,en,0,4 years ago,2021-07-07T05:35:48.942Z,None,None,None,0,51,5,Northern Territory,False,None,Tiwi Islands,4.2,None,None,Positive,17.0
1065,Island,False,False,en,0,4 years ago,2021-02-02T13:30:40.971Z,None,None,None,0,51,5,Northern Territory,False,None,Tiwi Islands,4.2,None,None,Positive,18.0
1066,Island,False,True,en,0,4 years ago,2021-01-26T08:14:01.651Z,None,None,None,27,51,3,Northern Territory,False,None,Tiwi Islands,4.2,None,None,Positive,19.0
1067,Island,False,True,en,0,4 years ago,2021-01-19T20:15:47.037Z,None,None,None,124,51,5,Northern Territory,False,None,Tiwi Islands,4.2,None,None,Positive,20.0
1068,Island,False,False,en,0,4 years ago,2020-11-25T05:15:04.992Z,None,None,None,10,51,5,Northern Territory,False,None,Tiwi Islands,4.2,None,None,Positive,21.0
1069,Island,False,True,en,0,4 years ago,2020-10-13T04:47:32.178Z,None,None,None,99,51,5,Northern Territory,False,None,Tiwi Islands,4.2,None,None,Positive,22.0
1070,Island,False,False,en,0,5 years ago,2020-09-20T09:36:15.303Z,None,None,None,0,51,4,Northern Territory,False,None,Tiwi Islands,4.2,None,None,Positive,23.0
1071,Island,False,False,en,0,5 years ago,2020-03-05T05:33:48.476Z,None,None,None,10,51,5,Northern Territory,False,None,Tiwi Islands,4.2,None,None,Positive,24.0
1072,Island,False,False,en,0,5 years ago,2020-01-21T19:38:52.412Z,None,None,None,8,51,5,Northern Territory,False,None,Tiwi Islands,4.2,None,None,Positive,25.0
1073,Island,False,False,en,0,5 years ago,2020-01-20T10:55:01.318Z,None,None,None,0,51,5,Northern Territory,False,None,Tiwi Islands,4.2,None,None,Positive,26.0
1074,Island,False,True,en,0,5 years ago,2020-01-10T12:35:43.477Z,None,None,None,23,51,5,Northern Territory,False,None,Tiwi Islands,4.2,None,None,Positive,27.0
1075,Island,False,False,en,0,5 years ago,2019-12-04T01:21:49.411Z,None,None,None,8,51,5,Northern Territory,False,None,Tiwi Islands,4.2,None,None,Positive,28.0
1076,Island,False,True,en,0,5 years ago,2019-11-07T07:52:21.804Z,None,None,None,15,51,3,Northern Territory,False,None,Tiwi Islands,4.2,None,None,Neutral,29.0
1077,Island,False,True,en,0,6 years ago,2019-09-17T04:57:23.476Z,None,None,None,22,51,4,Northern Territory,False,None,Tiwi Islands,4.2,None,None,Positive,30.0
1078,Island,False,False,en,0,6 years ago,2019-08-20T03:35:56.737Z,None,None,None,0,51,5,Northern Territory,False,None,Tiwi Islands,4.2,None,None,Positive,31.0
1079,Island,False,False,en,0,6 years ago,2019-07-21T01:29:10.258Z,None,None,None,15,51,5,Northern Territory,False,None,Tiwi Islands,4.2,None,None,Positive,32.0
1080,Island,False,False,en,0,6 years ago,2019-05-17T03:53:39.953Z,None,None,None,31,51,1,Northern Territory,False,None,Tiwi Islands,4.2,None,None,Negative,33.0
1081,Island,False,False,en,0,Edited 6 years ago,2019-03-25T11:19:54.996Z,None,None,None,3,51,2,Northern Territory,False,None,Tiwi Islands,4.2,None,None,Positive,34.0
1082,Island,False,False,en,0,6 years ago,2019-03-18T12:14:31.999Z,None,None,None,12,51,5,Northern Territory,False,None,Tiwi Islands,4.2,None,None,Positive,35.0
1083,Island,False,True,en,0,6 years ago,2019-03-18T02:09:57.014Z,None,None,None,58,51,5,Northern Territory,False,None,Tiwi Islands,4.2,None,None,Positive,36.0
1084,Island,False,False,en,0,6 years ago,2019-01-26T15:04:32.946Z,None,None,None,0,51,1,Northern Territory,False,None,Tiwi Islands,4.2,None,None,Negative,37.0
1085,Island,False,False,en,0,6 years ago,2019-01-18T08:01:13.797Z,None,None,None,0,51,5,Northern Territory,False,None,Tiwi Islands,4.2,None,None,Positive,38.0
1086,Island,False,False,en,0,6 years ago,2018-12-22T09:48:25.712Z,None,None,None,0,51,1,Northern Territory,False,None,Tiwi Islands,4.2,None,None,Negative,39.0
1087,Island,False,False,en,0,6 years ago,2018-11-29T07:49:38.255Z,None,None,None,3,51,1,Northern Territory,False,None,Tiwi Islands,4.2,None,None,Negative,40.0
1088,Island,False,False,en,0,6 years ago,2018-11-02T03:13:57.081Z,None,None,None,13,51,4,Northern Territory,False,None,Tiwi Islands,4.2,None,None,Positive,41.0
1089,Island,False,False,en,0,6 years ago,2018-11-01T14:50:32.292Z,None,None,None,0,51,5,Northern Territory,False,None,Tiwi Islands,4.2,None,None,Positive,42.0
1090,Island,False,True,en,0,7 years ago,2018-08-26T04:55:28.667Z,None,None,None,9,51,3,Northern Territory,False,None,Tiwi Islands,4.2,None,None,Positive,43.0
1091,Island,False,False,en,0,7 years ago,2018-04-09T01:15:51.130Z,None,None,None,14,51,4,Northern Territory,False,None,Tiwi Islands,4.2,None,None,Positive,44.0
1092,Island,False,True,en,0,7 years ago,2017-10-07T01:30:47.563Z,None,None,None,13,51,5,Northern Territory,False,None,Tiwi Islands,4.2,None,None,Positive,45.0
1093,Island,False,False,en,0,8 years ago,2017-08-15T09:13:42.946Z,None,None,None,0,51,5,Northern Territory,False,None,Tiwi Islands,4.2,None,None,Positive,46.0
1094,Island,False,False,en,0,8 years ago,2017-05-26T02:14:06.944Z,None,None,None,0,51,5,Northern Territory,False,None,Tiwi Islands,4.2,None,None,Positive,47.0
1095,Island,False,False,en,0,8 years ago,2017-03-11T21:43:58.646Z,None,None,None,3,51,5,Northern Territory,False,None,Tiwi Islands,4.2,None,None,Positive,48.0
1096,Island,False,False,en,0,8 years ago,2017-03-05T02:13:50.343Z,None,None,None,0,51,4,Northern Territory,False,None,Tiwi Islands,4.2,None,None,Positive,49.0
1097,Island,False,False,en,0,8 years ago,2017-03-01T03:50:51.343Z,None,None,None,1,51,5,Northern Territory,False,None,Tiwi Islands,4.2,None,None,Positive,50.0
