"address","categories/0","categories/1","categories/2","categories/3","categories/4","categories/5","categories/6","categories/7","categories/8","categories/9","categoryName","cid","city","countryCode","fid","imageUrl","isAdvertisement","isLocalGuide","language","likesCount","location/lat","location/lng","name","neighborhood","originalLanguage","permanentlyClosed","placeId","postalCode","price","publishAt","publishedAtDate","rating","responseFromOwnerDate","responseFromOwnerText","reviewContext/Reservation recommended","reviewContext/Visited on","reviewContext/Wait time","reviewId","reviewImageUrls/0","reviewImageUrls/1","reviewImageUrls/2","reviewImageUrls/3","reviewImageUrls/4","reviewImageUrls/5","reviewImageUrls/6","reviewImageUrls/7","reviewImageUrls/8","reviewImageUrls/9","reviewImageUrls/10","reviewImageUrls/11","reviewImageUrls/12","reviewImageUrls/13","reviewImageUrls/14","reviewImageUrls/15","reviewImageUrls/16","reviewImageUrls/17","reviewOrigin","reviewUrl","reviewerId","reviewerNumberOfReviews","reviewerPhotoUrl","reviewerUrl","reviewsCount","scrapedAt","searchString","stars","state","street","temporarilyClosed","text","textTranslated","title","totalScore","translatedLanguage","url","visitedIn"
"19 Conacher St, The Gardens NT 0820, Australia","Museum","Art gallery","Art museum","Cultural landmark","History museum","Local history museum","Maritime museum","Natural history museum","Science museum","Tourist attraction","Museum","4079332118394336855","The Gardens","AU","0x2cc091a8ba80cc17:0x389cb2f2cdbc7657","https://lh3.googleusercontent.com/gps-cs-s/AC9h4npYweXW4ELU76RUVoypYLxJ9MO1BJGGkcyPvaTAZ74aAmLZhqDmLWSOkoV8_O-ksfZ5r56NvkBy94lqXbJyH0k6_GLWbR0MRkFfL9mRljDxxdoARLxW_lzBrF0yqWw_lEkqztMM=w408-h306-k-no","false","true","en","0","-12.4371494","130.8334367","Andrea Matias",,"es","false","ChIJF8yAuqiRwCwRV3a8zfKynDg","0820",,"19 hours ago","2025-09-21T08:01:08.823Z",,,,,,,"Ci9DQUlRQUNvZENodHljRjlvT2xKalQzbG5TbmRsVGs1RWEycEhkMHBPWVVSclNWRRAB","https://lh3.googleusercontent.com/geougc-cs/AB3l90BDKvDdAHwFSxK6YBTfB7eXsOcBZT4gwXV8j27LxBcxc8qW5DEgSFbUjwaxpvAFzOwmXMX_nfiXGjHTMM7VFljVdu_F0RUbf0zjrzDxDm1Gm_c_9uPf8kTIUwn3ktdT62SPZD09EVFZi8s","https://lh3.googleusercontent.com/geougc-cs/AB3l90As3qTBEznZVxPrXVPClaM7QRt06aaalIXtHF4ORiegVNUFIMKsowjxxZ63Zm3f0D1afMwgu7vQ-In0_yigU8Q_XYmkGfIhC0X-btpiDWULIhXqOYIybemU1ImxUjsqkG6hGv28nS1YOl8y",,,,,,,,,,,,,,,,,"Google","https://www.google.com/maps/reviews/data=!4m8!14m7!1m6!2m5!1sCi9DQUlRQUNvZENodHljRjlvT2xKalQzbG5TbmRsVGs1RWEycEhkMHBPWVVSclNWRRAB!2m1!1s0x0:0x389cb2f2cdbc7657!3m1!1s2@1:CAIQACodChtycF9oOlJjT3lnSndlTk5Ea2pHd0pOYURrSVE%7C%7C?hl=en","111945824846118135777","242","https://lh3.googleusercontent.com/a-/ALV-UjX-LQJzLnqVTbQ_v3JfPlqgiUU7jwu7EeEAjUnDMOX7ZDJ1YHg=s1920-c-rp-mo-ba5-br100","https://www.google.com/maps/contrib/111945824846118135777?hl=en","3661","2025-09-22T03:27:20.019Z","Direct Detail URL: https://www.google.com/maps/place/Museum+and+Art+Gallery+of+the+Northern+Territory/@-12.4371494,130.8308618,17z/data=!4m8!3m7!1s0x2cc091a8ba80cc17:0x389cb2f2cdbc7657!8m2!3d-12.4371494!4d130.8334367!9m1!1b1!16s%2Fm%2F03qfrsf?entry=ttu&g_ep=EgoyMDI1MDkxNy4wIKXMDSoASAFQAw%3D%3D","5","Northern Territory","19 Conacher St","false","Entrada gratuita y se agradece mucho, me encantó conocer más sobre la cultura Tiwi, las instalaciones son bellas y el personal amable","Free entry and much appreciated, I loved learning more about Tiwi culture, the facilities are beautiful and the staff friendly","Museum and Art Gallery of the Northern Territory","4.6","en","https://www.google.com/maps/search/?api=1&query=Museum%20and%20Art%20Gallery%20of%20the%20Northern%20Territory&query_place_id=ChIJF8yAuqiRwCwRV3a8zfKynDg",
"19 Conacher St, The Gardens NT 0820, Australia","Museum","Art gallery","Art museum","Cultural landmark","History museum","Local history museum","Maritime museum","Natural history museum","Science museum","Tourist attraction","Museum","4079332118394336855","The Gardens","AU","0x2cc091a8ba80cc17:0x389cb2f2cdbc7657","https://lh3.googleusercontent.com/gps-cs-s/AC9h4npYweXW4ELU76RUVoypYLxJ9MO1BJGGkcyPvaTAZ74aAmLZhqDmLWSOkoV8_O-ksfZ5r56NvkBy94lqXbJyH0k6_GLWbR0MRkFfL9mRljDxxdoARLxW_lzBrF0yqWw_lEkqztMM=w408-h306-k-no","false","true","en","0","-12.4371494","130.8334367","Brian Spoelman",,"en","false","ChIJF8yAuqiRwCwRV3a8zfKynDg","0820",,"22 hours ago","2025-09-21T05:11:42.431Z",,,,"No","Weekday","No wait","Ci9DQUlRQUNvZENodHljRjlvT21jM1gzSjVXbEpHWTI1aE9XVmtVSFIzY2xsemNuYxAB","https://lh3.googleusercontent.com/geougc-cs/AB3l90BV0-LhiRXU-vTOVse-aQgs2Utlvu10POojpIdLbAFt96XqUjOIcUjMB0lfwia5wokeZuCmwloYcjOWR6qYuGwdMNfnW2qM4RkI2vjqGVgdugVqASx4JIczGeoYFq6UyJ1JAs2xpSoddXEd","https://lh3.googleusercontent.com/geougc-cs/AB3l90ApAaY7dPBZCFNqh0MN1rtm6bvXMimlv-oTPg-rhtCvPid2oT8KZ0OJnsLgUjfl19Lpn4AwWjTK_Zd1tBWtQ_8gFKjiSSY79hhn8-KsvJg1TtTU50oDVdePif0mocloDIBcV0bW4v-LTE_E","https://lh3.googleusercontent.com/geougc-cs/AB3l90D1aBYVMr62LTwKeaGZgJqYUW9poYm-xcCFHzipERu-L1oMECTT-MgDlIk6g97IgTAuVVjB1Rw9sopE5NMBajGU39tQ8m8yOLv-AGOosXMjNO81PmMpdyZSnbcDCSMzXz5PaA17d0Nls3E","https://lh3.googleusercontent.com/geougc-cs/AB3l90CluvlRIzuIJAZzBkLCZsyC4GU7u0etWvqWEaUfXJciKpuiEcIMIGatcLbMKlgn3-aUwNGsDn_3gsYU0DAbvkWISd7_QBgRWR0xW6jo1K6eqfuxBVlYFkSvTC1mqP0K0_no0OEPrNz4y39B","https://lh3.googleusercontent.com/geougc-cs/AB3l90AV_VthGLCL8177nscSLvIrnA7k8H6MBqe0PPpTH4d6aCkNzdOiH8WBlWonClMBcFlV4A8Y-RjbvTkgap0rJIQ1uUm-RyYX9GBr-VUgMFJH8-4ojMPUXK48VtRT_00vi8Z7ZGe2IG2e47DP",,,,,,,,,,,,,,"Google","https://www.google.com/maps/reviews/data=!4m8!14m7!1m6!2m5!1sCi9DQUlRQUNvZENodHljRjlvT21jM1gzSjVXbEpHWTI1aE9XVmtVSFIzY2xsemNuYxAB!2m1!1s0x0:0x389cb2f2cdbc7657!3m1!1s2@1:CAIQACodChtycF9oOmc3X3J5WlJGY25hOWVkUHR3cllzcnc%7C%7C?hl=en","100571542639459199844","40","https://lh3.googleusercontent.com/a/ACg8ocKLJEry4JRTOWjdfxpQbKP9C5DWLJ6Gk8KbcYPePZJEDAIlDw=s1920-c-rp-mo-ba3-br100","https://www.google.com/maps/contrib/100571542639459199844?hl=en","3661","2025-09-22T03:27:20.019Z","Direct Detail URL: https://www.google.com/maps/place/Museum+and+Art+Gallery+of+the+Northern+Territory/@-12.4371494,130.8308618,17z/data=!4m8!3m7!1s0x2cc091a8ba80cc17:0x389cb2f2cdbc7657!8m2!3d-12.4371494!4d130.8334367!9m1!1b1!16s%2Fm%2F03qfrsf?entry=ttu&g_ep=EgoyMDI1MDkxNy4wIKXMDSoASAFQAw%3D%3D","5","Northern Territory","19 Conacher St","false","Check it out when in Darwin!",,"Museum and Art Gallery of the Northern Territory","4.6",,"https://www.google.com/maps/search/?api=1&query=Museum%20and%20Art%20Gallery%20of%20the%20Northern%20Territory&query_place_id=ChIJF8yAuqiRwCwRV3a8zfKynDg",
"19 Conacher St, The Gardens NT 0820, Australia","Museum","Art gallery","Art museum","Cultural landmark","History museum","Local history museum","Maritime museum","Natural history museum","Science museum","Tourist attraction","Museum","4079332118394336855","The Gardens","AU","0x2cc091a8ba80cc17:0x389cb2f2cdbc7657","https://lh3.googleusercontent.com/gps-cs-s/AC9h4npYweXW4ELU76RUVoypYLxJ9MO1BJGGkcyPvaTAZ74aAmLZhqDmLWSOkoV8_O-ksfZ5r56NvkBy94lqXbJyH0k6_GLWbR0MRkFfL9mRljDxxdoARLxW_lzBrF0yqWw_lEkqztMM=w408-h306-k-no","false","false","en","0","-12.4371494","130.8334367","Rosemary Sherriffs",,"en","false","ChIJF8yAuqiRwCwRV3a8zfKynDg","0820",,"2 days ago","2025-09-19T09:06:28.975Z",,,,,"Weekday",,"Ci9DQUlRQUNvZENodHljRjlvT2tWVGRtZFJTSFY1T0RodE9WRlFORmRtVlhJelVGRRAB","https://lh3.googleusercontent.com/geougc-cs/AB3l90Ai52BF6RdOt_3nXgY2u-uZ0trCyWYNbaJc1yjfydlZH0WmO_jhSCu9tlnCH0_b_d79zRKUJMlW5iHTLqetwduG0OLGdjHTPqAGKupNR7bHq27cRcBNGU83sbzOZ10t6Q__FLbsK0uYjeio","https://lh3.googleusercontent.com/geougc-cs/AB3l90C5NzwxrSh3YsHGKywMIxwRk6nmCLh_sa9MXkRk3DDGDeAWckdavHg3vVacPzylw54ZtxBQ2r5J4bXz5tWa4Gh_Fn0hE1EYL7BLmST6CtzSurkPwcwJbF_V5dGGOT5o67cWCiJ08ZofPPz_",,,,,,,,,,,,,,,,,"Google","https://www.google.com/maps/reviews/data=!4m8!14m7!1m6!2m5!1sCi9DQUlRQUNvZENodHljRjlvT2tWVGRtZFJTSFY1T0RodE9WRlFORmRtVlhJelVGRRAB!2m1!1s0x0:0x389cb2f2cdbc7657!3m1!1s2@1:CAIQACodChtycF9oOkVTdmdRSHV5ODhtOVFQNFdmVXIzUFE%7C%7C?hl=en","113271796169487711372","0","https://lh3.googleusercontent.com/a-/ALV-UjUDyOno1hTdCrvaIaUqnRHRqrnYwEsnnFZ6B02D8svKXDJzk3U=s1920-c-rp-mo-br100","https://www.google.com/maps/contrib/113271796169487711372?hl=en","3661","2025-09-22T03:27:20.019Z","Direct Detail URL: https://www.google.com/maps/place/Museum+and+Art+Gallery+of+the+Northern+Territory/@-12.4371494,130.8308618,17z/data=!4m8!3m7!1s0x2cc091a8ba80cc17:0x389cb2f2cdbc7657!8m2!3d-12.4371494!4d130.8334367!9m1!1b1!16s%2Fm%2F03qfrsf?entry=ttu&g_ep=EgoyMDI1MDkxNy4wIKXMDSoASAFQAw%3D%3D","5","Northern Territory","19 Conacher St","false","This Museum exceeded our expectations, especially as it’s free. Very interesting, lovely staff, also great cafe and a wonderful gift shop if you’re looking for a special aboriginal momento. Well worth visiting.",,"Museum and Art Gallery of the Northern Territory","4.6",,"https://www.google.com/maps/search/?api=1&query=Museum%20and%20Art%20Gallery%20of%20the%20Northern%20Territory&query_place_id=ChIJF8yAuqiRwCwRV3a8zfKynDg",
"19 Conacher St, The Gardens NT 0820, Australia","Museum","Art gallery","Art museum","Cultural landmark","History museum","Local history museum","Maritime museum","Natural history museum","Science museum","Tourist attraction","Museum","4079332118394336855","The Gardens","AU","0x2cc091a8ba80cc17:0x389cb2f2cdbc7657","https://lh3.googleusercontent.com/gps-cs-s/AC9h4npYweXW4ELU76RUVoypYLxJ9MO1BJGGkcyPvaTAZ74aAmLZhqDmLWSOkoV8_O-ksfZ5r56NvkBy94lqXbJyH0k6_GLWbR0MRkFfL9mRljDxxdoARLxW_lzBrF0yqWw_lEkqztMM=w408-h306-k-no","false","true","en","0","-12.4371494","130.8334367","Mark Willmer",,"en","false","ChIJF8yAuqiRwCwRV3a8zfKynDg","0820",,"3 days ago","2025-09-19T01:09:26.166Z",,,,"No","Weekday","No wait","Ci9DQUlRQUNvZENodHljRjlvT2pWd1p6aE5Sa1F4UW5wVlVqVXROVGR4YW1sbVZFRRAB",,,,,,,,,,,,,,,,,,,"Google","https://www.google.com/maps/reviews/data=!4m8!14m7!1m6!2m5!1sCi9DQUlRQUNvZENodHljRjlvT2pWd1p6aE5Sa1F4UW5wVlVqVXROVGR4YW1sbVZFRRAB!2m1!1s0x0:0x389cb2f2cdbc7657!3m1!1s2@1:CAIQACodChtycF9oOjVwZzhNRkQxQnpVUjUtNTdxamlmVEE%7C%7C?hl=en","112637747593068103550","127","https://lh3.googleusercontent.com/a/ACg8ocKoyuWpozreoSvQPtMqHaQO98lH5xjyUB3YhlBXHdvDz_tweA=s1920-c-rp-mo-ba4-br100","https://www.google.com/maps/contrib/112637747593068103550?hl=en","3661","2025-09-22T03:27:20.019Z","Direct Detail URL: https://www.google.com/maps/place/Museum+and+Art+Gallery+of+the+Northern+Territory/@-12.4371494,130.8308618,17z/data=!4m8!3m7!1s0x2cc091a8ba80cc17:0x389cb2f2cdbc7657!8m2!3d-12.4371494!4d130.8334367!9m1!1b1!16s%2Fm%2F03qfrsf?entry=ttu&g_ep=EgoyMDI1MDkxNy4wIKXMDSoASAFQAw%3D%3D","5","Northern Territory","19 Conacher St","false","Lots of interesting things to see",,"Museum and Art Gallery of the Northern Territory","4.6",,"https://www.google.com/maps/search/?api=1&query=Museum%20and%20Art%20Gallery%20of%20the%20Northern%20Territory&query_place_id=ChIJF8yAuqiRwCwRV3a8zfKynDg",
"19 Conacher St, The Gardens NT 0820, Australia","Museum","Art gallery","Art museum","Cultural landmark","History museum","Local history museum","Maritime museum","Natural history museum","Science museum","Tourist attraction","Museum","4079332118394336855","The Gardens","AU","0x2cc091a8ba80cc17:0x389cb2f2cdbc7657","https://lh3.googleusercontent.com/gps-cs-s/AC9h4npYweXW4ELU76RUVoypYLxJ9MO1BJGGkcyPvaTAZ74aAmLZhqDmLWSOkoV8_O-ksfZ5r56NvkBy94lqXbJyH0k6_GLWbR0MRkFfL9mRljDxxdoARLxW_lzBrF0yqWw_lEkqztMM=w408-h306-k-no","false","true","en","0","-12.4371494","130.8334367","Jorge Garcia",,"en","false","ChIJF8yAuqiRwCwRV3a8zfKynDg","0820",,"4 days ago","2025-09-18T02:41:46.953Z",,,,"No","Weekday","No wait","Ci9DQUlRQUNvZENodHljRjlvT2xwUFFVbFJaRWxvUWpGQlpqRXpSRWQ0Wms5WlRWRRAB",,,,,,,,,,,,,,,,,,,"Google","https://www.google.com/maps/reviews/data=!4m8!14m7!1m6!2m5!1sCi9DQUlRQUNvZENodHljRjlvT2xwUFFVbFJaRWxvUWpGQlpqRXpSRWQ0Wms5WlRWRRAB!2m1!1s0x0:0x389cb2f2cdbc7657!3m1!1s2@1:CAIQACodChtycF9oOlpPQUlRZEloQjFBZjEzREd4Zk9ZTVE%7C%7C?hl=en","102328143719684070951","265","https://lh3.googleusercontent.com/a-/ALV-UjUKa4Iu2rZ3LXVC1hhDFkNJoQUQ_HoIsFZuvqbChbq9zZSC83X5=s1920-c-rp-mo-ba4-br100","https://www.google.com/maps/contrib/102328143719684070951?hl=en","3661","2025-09-22T03:27:20.019Z","Direct Detail URL: https://www.google.com/maps/place/Museum+and+Art+Gallery+of+the+Northern+Territory/@-12.4371494,130.8308618,17z/data=!4m8!3m7!1s0x2cc091a8ba80cc17:0x389cb2f2cdbc7657!8m2!3d-12.4371494!4d130.8334367!9m1!1b1!16s%2Fm%2F03qfrsf?entry=ttu&g_ep=EgoyMDI1MDkxNy4wIKXMDSoASAFQAw%3D%3D","5","Northern Territory","19 Conacher St","false","Great exhibits. A little out of the way, but totally free so that's the last excuse. Close to the Botanical gardens. Recommend a dual visit, even if walking.",,"Museum and Art Gallery of the Northern Territory","4.6",,"https://www.google.com/maps/search/?api=1&query=Museum%20and%20Art%20Gallery%20of%20the%20Northern%20Territory&query_place_id=ChIJF8yAuqiRwCwRV3a8zfKynDg",
"19 Conacher St, The Gardens NT 0820, Australia","Museum","Art gallery","Art museum","Cultural landmark","History museum","Local history museum","Maritime museum","Natural history museum","Science museum","Tourist attraction","Museum","4079332118394336855","The Gardens","AU","0x2cc091a8ba80cc17:0x389cb2f2cdbc7657","https://lh3.googleusercontent.com/gps-cs-s/AC9h4npYweXW4ELU76RUVoypYLxJ9MO1BJGGkcyPvaTAZ74aAmLZhqDmLWSOkoV8_O-ksfZ5r56NvkBy94lqXbJyH0k6_GLWbR0MRkFfL9mRljDxxdoARLxW_lzBrF0yqWw_lEkqztMM=w408-h306-k-no","false","true","en","0","-12.4371494","130.8334367","chris dolle",,,"false","ChIJF8yAuqiRwCwRV3a8zfKynDg","0820",,"4 days ago","2025-09-17T06:21:13.140Z",,,,,,,"Ci9DQUlRQUNvZENodHljRjlvT21kT2RWZERkelJhT0ZsV1RtbEZZVFZXTTFKNVYyYxAB",,,,,,,,,,,,,,,,,,,"Google","https://www.google.com/maps/reviews/data=!4m8!14m7!1m6!2m5!1sCi9DQUlRQUNvZENodHljRjlvT21kT2RWZERkelJhT0ZsV1RtbEZZVFZXTTFKNVYyYxAB!2m1!1s0x0:0x389cb2f2cdbc7657!3m1!1s2@1:CAIQACodChtycF9oOmdOdVdDdzRaOFlWTmlFYTVWM1J5V2c%7C%7C?hl=en","109217226282719454012","22","https://lh3.googleusercontent.com/a/ACg8ocKaLIKqZ71nmIv2i8ndLTK8RBogsfbNgRvIP87316QwhRSLWQ=s1920-c-rp-mo-ba2-br100","https://www.google.com/maps/contrib/109217226282719454012?hl=en","3661","2025-09-22T03:27:20.019Z","Direct Detail URL: https://www.google.com/maps/place/Museum+and+Art+Gallery+of+the+Northern+Territory/@-12.4371494,130.8308618,17z/data=!4m8!3m7!1s0x2cc091a8ba80cc17:0x389cb2f2cdbc7657!8m2!3d-12.4371494!4d130.8334367!9m1!1b1!16s%2Fm%2F03qfrsf?entry=ttu&g_ep=EgoyMDI1MDkxNy4wIKXMDSoASAFQAw%3D%3D","5","Northern Territory","19 Conacher St","false",,,"Museum and Art Gallery of the Northern Territory","4.6",,"https://www.google.com/maps/search/?api=1&query=Museum%20and%20Art%20Gallery%20of%20the%20Northern%20Territory&query_place_id=ChIJF8yAuqiRwCwRV3a8zfKynDg",
"19 Conacher St, The Gardens NT 0820, Australia","Museum","Art gallery","Art museum","Cultural landmark","History museum","Local history museum","Maritime museum","Natural history museum","Science museum","Tourist attraction","Museum","4079332118394336855","The Gardens","AU","0x2cc091a8ba80cc17:0x389cb2f2cdbc7657","https://lh3.googleusercontent.com/gps-cs-s/AC9h4npYweXW4ELU76RUVoypYLxJ9MO1BJGGkcyPvaTAZ74aAmLZhqDmLWSOkoV8_O-ksfZ5r56NvkBy94lqXbJyH0k6_GLWbR0MRkFfL9mRljDxxdoARLxW_lzBrF0yqWw_lEkqztMM=w408-h306-k-no","false","true","en","0","-12.4371494","130.8334367","Vanda Scarfone",,,"false","ChIJF8yAuqiRwCwRV3a8zfKynDg","0820",,"5 days ago","2025-09-17T03:10:27.411Z",,,,"Not sure","Weekday","No wait","Ci9DQUlRQUNvZENodHljRjlvT2tKZlYwOXVSVlpOTVd0aWNVTXRTRVpSUjBnMU5GRRAB",,,,,,,,,,,,,,,,,,,"Google","https://www.google.com/maps/reviews/data=!4m8!14m7!1m6!2m5!1sCi9DQUlRQUNvZENodHljRjlvT2tKZlYwOXVSVlpOTVd0aWNVTXRTRVpSUjBnMU5GRRAB!2m1!1s0x0:0x389cb2f2cdbc7657!3m1!1s2@1:CAIQACodChtycF9oOkJfV09uRVZNMWticUMtSEZRR0g1NFE%7C%7C?hl=en","115921653715052488741","21","https://lh3.googleusercontent.com/a/ACg8ocJ9BPLkZue78b2cCsmrviHaxmRZUGHBDVdxWUu1Qedy0UM-urc=s1920-c-rp-mo-ba3-br100","https://www.google.com/maps/contrib/115921653715052488741?hl=en","3661","2025-09-22T03:27:20.019Z","Direct Detail URL: https://www.google.com/maps/place/Museum+and+Art+Gallery+of+the+Northern+Territory/@-12.4371494,130.8308618,17z/data=!4m8!3m7!1s0x2cc091a8ba80cc17:0x389cb2f2cdbc7657!8m2!3d-12.4371494!4d130.8334367!9m1!1b1!16s%2Fm%2F03qfrsf?entry=ttu&g_ep=EgoyMDI1MDkxNy4wIKXMDSoASAFQAw%3D%3D","5","Northern Territory","19 Conacher St","false",,,"Museum and Art Gallery of the Northern Territory","4.6",,"https://www.google.com/maps/search/?api=1&query=Museum%20and%20Art%20Gallery%20of%20the%20Northern%20Territory&query_place_id=ChIJF8yAuqiRwCwRV3a8zfKynDg",
"19 Conacher St, The Gardens NT 0820, Australia","Museum","Art gallery","Art museum","Cultural landmark","History museum","Local history museum","Maritime museum","Natural history museum","Science museum","Tourist attraction","Museum","4079332118394336855","The Gardens","AU","0x2cc091a8ba80cc17:0x389cb2f2cdbc7657","https://lh3.googleusercontent.com/gps-cs-s/AC9h4npYweXW4ELU76RUVoypYLxJ9MO1BJGGkcyPvaTAZ74aAmLZhqDmLWSOkoV8_O-ksfZ5r56NvkBy94lqXbJyH0k6_GLWbR0MRkFfL9mRljDxxdoARLxW_lzBrF0yqWw_lEkqztMM=w408-h306-k-no","false","true","en","0","-12.4371494","130.8334367","M Ash",,"en","false","ChIJF8yAuqiRwCwRV3a8zfKynDg","0820",,"5 days ago","2025-09-16T07:03:13.471Z",,,,"No","Weekend","No wait","Ci9DQUlRQUNvZENodHljRjlvT25KbFJYTldlVVpQWkdWdVVUUnNUbmhqVjBOQldVRRAB",,,,,,,,,,,,,,,,,,,"Google","https://www.google.com/maps/reviews/data=!4m8!14m7!1m6!2m5!1sCi9DQUlRQUNvZENodHljRjlvT25KbFJYTldlVVpQWkdWdVVUUnNUbmhqVjBOQldVRRAB!2m1!1s0x0:0x389cb2f2cdbc7657!3m1!1s2@1:CAIQACodChtycF9oOnJlRXNWeUZPZGVuUTRsTnhjV0NBWUE%7C%7C?hl=en","118043853977246999459","23","https://lh3.googleusercontent.com/a/ACg8ocI7QzkR493GpK73BkCrAaqJUUGvuePL9SqfxKXHLlRqdgxjCdHP=s1920-c-rp-mo-ba2-br100","https://www.google.com/maps/contrib/118043853977246999459?hl=en","3661","2025-09-22T03:27:20.019Z","Direct Detail URL: https://www.google.com/maps/place/Museum+and+Art+Gallery+of+the+Northern+Territory/@-12.4371494,130.8308618,17z/data=!4m8!3m7!1s0x2cc091a8ba80cc17:0x389cb2f2cdbc7657!8m2!3d-12.4371494!4d130.8334367!9m1!1b1!16s%2Fm%2F03qfrsf?entry=ttu&g_ep=EgoyMDI1MDkxNy4wIKXMDSoASAFQAw%3D%3D","5","Northern Territory","19 Conacher St","false","Great experience, enjoyed the art and the history. The First Nations and the Cyclone Tracey exhibits we really well done.",,"Museum and Art Gallery of the Northern Territory","4.6",,"https://www.google.com/maps/search/?api=1&query=Museum%20and%20Art%20Gallery%20of%20the%20Northern%20Territory&query_place_id=ChIJF8yAuqiRwCwRV3a8zfKynDg",
"19 Conacher St, The Gardens NT 0820, Australia","Museum","Art gallery","Art museum","Cultural landmark","History museum","Local history museum","Maritime museum","Natural history museum","Science museum","Tourist attraction","Museum","4079332118394336855","The Gardens","AU","0x2cc091a8ba80cc17:0x389cb2f2cdbc7657","https://lh3.googleusercontent.com/gps-cs-s/AC9h4npYweXW4ELU76RUVoypYLxJ9MO1BJGGkcyPvaTAZ74aAmLZhqDmLWSOkoV8_O-ksfZ5r56NvkBy94lqXbJyH0k6_GLWbR0MRkFfL9mRljDxxdoARLxW_lzBrF0yqWw_lEkqztMM=w408-h306-k-no","false","true","en","0","-12.4371494","130.8334367","Steve Grahame",,"en","false","ChIJF8yAuqiRwCwRV3a8zfKynDg","0820",,"5 days ago","2025-09-16T04:33:04.370Z",,,,"No","Weekday","No wait","Ci9DQUlRQUNvZENodHljRjlvT2xsRlJWTXhiMEV3VmxwVlRVMTRhRU4zYjNkcGVsRRAB",,,,,,,,,,,,,,,,,,,"Google","https://www.google.com/maps/reviews/data=!4m8!14m7!1m6!2m5!1sCi9DQUlRQUNvZENodHljRjlvT2xsRlJWTXhiMEV3VmxwVlRVMTRhRU4zYjNkcGVsRRAB!2m1!1s0x0:0x389cb2f2cdbc7657!3m1!1s2@1:CAIQACodChtycF9oOllFRVMxb0EwVlpVTU14aEN3b3dpelE%7C%7C?hl=en","115865885353759640727","71","https://lh3.googleusercontent.com/a-/ALV-UjX4qnuKSRRow7IY8DXmVV371fbhzpT_d98ya-GwMuPTZpJis7Jl1w=s1920-c-rp-mo-ba4-br100","https://www.google.com/maps/contrib/115865885353759640727?hl=en","3661","2025-09-22T03:27:20.019Z","Direct Detail URL: https://www.google.com/maps/place/Museum+and+Art+Gallery+of+the+Northern+Territory/@-12.4371494,130.8308618,17z/data=!4m8!3m7!1s0x2cc091a8ba80cc17:0x389cb2f2cdbc7657!8m2!3d-12.4371494!4d130.8334367!9m1!1b1!16s%2Fm%2F03qfrsf?entry=ttu&g_ep=EgoyMDI1MDkxNy4wIKXMDSoASAFQAw%3D%3D","5","Northern Territory","19 Conacher St","false","Darwin Cyclone Tracy and Animal displays were fantastic.",,"Museum and Art Gallery of the Northern Territory","4.6",,"https://www.google.com/maps/search/?api=1&query=Museum%20and%20Art%20Gallery%20of%20the%20Northern%20Territory&query_place_id=ChIJF8yAuqiRwCwRV3a8zfKynDg",
"19 Conacher St, The Gardens NT 0820, Australia","Museum","Art gallery","Art museum","Cultural landmark","History museum","Local history museum","Maritime museum","Natural history museum","Science museum","Tourist attraction","Museum","4079332118394336855","The Gardens","AU","0x2cc091a8ba80cc17:0x389cb2f2cdbc7657","https://lh3.googleusercontent.com/gps-cs-s/AC9h4npYweXW4ELU76RUVoypYLxJ9MO1BJGGkcyPvaTAZ74aAmLZhqDmLWSOkoV8_O-ksfZ5r56NvkBy94lqXbJyH0k6_GLWbR0MRkFfL9mRljDxxdoARLxW_lzBrF0yqWw_lEkqztMM=w408-h306-k-no","false","true","en","0","-12.4371494","130.8334367","Dieter Morre",,"en","false","ChIJF8yAuqiRwCwRV3a8zfKynDg","0820",,"6 days ago","2025-09-16T01:46:19.604Z",,,,"No","Weekday","No wait","Ci9DQUlRQUNvZENodHljRjlvT25jMU1YaHJiRUpHZHpKdVFuaGhUV3cyZERCZmRIYxAB","https://lh3.googleusercontent.com/geougc-cs/AB3l90CweLmuZxZ_s4mCs6odeu40_mVvW8bReZGeCrkRsrWM2HkMlVXIpNvAjOOKYzrz-CjmMvGdxrmfC6_3gycdZTQfLnxknEtHqd5lDuBXpZ6tXjHCyiUxuJMbzH17BrRW4NGYgmSeuznkjgzq","https://lh3.googleusercontent.com/geougc-cs/AB3l90DBqwO-Qg_ydBIPVHmRFgQTpeBXsXdVoFv-be7P1COb5UUdC5DSbr2yYYhLUcj81suhYg0-SyzMlT1nwxP0juFp_1HeH0aXbiNKfoF6gDepl7U1tCwMyYWBQJC3u4hXrzeVNLw8qgoCBeBW",,,,,,,,,,,,,,,,,"Google","https://www.google.com/maps/reviews/data=!4m8!14m7!1m6!2m5!1sCi9DQUlRQUNvZENodHljRjlvT25jMU1YaHJiRUpHZHpKdVFuaGhUV3cyZERCZmRIYxAB!2m1!1s0x0:0x389cb2f2cdbc7657!3m1!1s2@1:CAIQACodChtycF9oOnc1MXhrbEJGdzJuQnhhTWw2dDBfdHc%7C%7C?hl=en","114566163329861957139","264","https://lh3.googleusercontent.com/a-/ALV-UjVc1Xn4xEro6M1GD-s0SKimBCHyjzrK9VsIA38JMsKLYvsqYc1c=s1920-c-rp-mo-ba6-br100","https://www.google.com/maps/contrib/114566163329861957139?hl=en","3661","2025-09-22T03:27:20.019Z","Direct Detail URL: https://www.google.com/maps/place/Museum+and+Art+Gallery+of+the+Northern+Territory/@-12.4371494,130.8308618,17z/data=!4m8!3m7!1s0x2cc091a8ba80cc17:0x389cb2f2cdbc7657!8m2!3d-12.4371494!4d130.8334367!9m1!1b1!16s%2Fm%2F03qfrsf?entry=ttu&g_ep=EgoyMDI1MDkxNy4wIKXMDSoASAFQAw%3D%3D","5","Northern Territory","19 Conacher St","false","Absolutely by far the best wildlife displays. And a varied show of culture, art and historical things.
Cyclone exhibition is a must.
And the best things is, this is absolutely free.",,"Museum and Art Gallery of the Northern Territory","4.6",,"https://www.google.com/maps/search/?api=1&query=Museum%20and%20Art%20Gallery%20of%20the%20Northern%20Territory&query_place_id=ChIJF8yAuqiRwCwRV3a8zfKynDg",
"19 Conacher St, The Gardens NT 0820, Australia","Museum","Art gallery","Art museum","Cultural landmark","History museum","Local history museum","Maritime museum","Natural history museum","Science museum","Tourist attraction","Museum","4079332118394336855","The Gardens","AU","0x2cc091a8ba80cc17:0x389cb2f2cdbc7657","https://lh3.googleusercontent.com/gps-cs-s/AC9h4npYweXW4ELU76RUVoypYLxJ9MO1BJGGkcyPvaTAZ74aAmLZhqDmLWSOkoV8_O-ksfZ5r56NvkBy94lqXbJyH0k6_GLWbR0MRkFfL9mRljDxxdoARLxW_lzBrF0yqWw_lEkqztMM=w408-h306-k-no","false","true","en","0","-12.4371494","130.8334367","Aus 1",,,"false","ChIJF8yAuqiRwCwRV3a8zfKynDg","0820",,"6 days ago","2025-09-15T07:57:53.401Z",,,,,"Weekend","No wait","Ci9DQUlRQUNvZENodHljRjlvT2xaU2VIVjFVbGRNTnpoM05rRlRhRUZYTTFseFpYYxAB",,,,,,,,,,,,,,,,,,,"Google","https://www.google.com/maps/reviews/data=!4m8!14m7!1m6!2m5!1sCi9DQUlRQUNvZENodHljRjlvT2xaU2VIVjFVbGRNTnpoM05rRlRhRUZYTTFseFpYYxAB!2m1!1s0x0:0x389cb2f2cdbc7657!3m1!1s2@1:CAIQACodChtycF9oOlZSeHV1UldMNzh3NkFTaEFXM1lxZXc%7C%7C?hl=en","116111612646843983488","63","https://lh3.googleusercontent.com/a-/ALV-UjXJimG0mt811GAf9JEt3WfK25DU26zvc2EbU8Lo5fFhPzFd9ZQ=s1920-c-rp-mo-ba4-br100","https://www.google.com/maps/contrib/116111612646843983488?hl=en","3661","2025-09-22T03:27:20.019Z","Direct Detail URL: https://www.google.com/maps/place/Museum+and+Art+Gallery+of+the+Northern+Territory/@-12.4371494,130.8308618,17z/data=!4m8!3m7!1s0x2cc091a8ba80cc17:0x389cb2f2cdbc7657!8m2!3d-12.4371494!4d130.8334367!9m1!1b1!16s%2Fm%2F03qfrsf?entry=ttu&g_ep=EgoyMDI1MDkxNy4wIKXMDSoASAFQAw%3D%3D","5","Northern Territory","19 Conacher St","false",,,"Museum and Art Gallery of the Northern Territory","4.6",,"https://www.google.com/maps/search/?api=1&query=Museum%20and%20Art%20Gallery%20of%20the%20Northern%20Territory&query_place_id=ChIJF8yAuqiRwCwRV3a8zfKynDg",
"19 Conacher St, The Gardens NT 0820, Australia","Museum","Art gallery","Art museum","Cultural landmark","History museum","Local history museum","Maritime museum","Natural history museum","Science museum","Tourist attraction","Museum","4079332118394336855","The Gardens","AU","0x2cc091a8ba80cc17:0x389cb2f2cdbc7657","https://lh3.googleusercontent.com/gps-cs-s/AC9h4npYweXW4ELU76RUVoypYLxJ9MO1BJGGkcyPvaTAZ74aAmLZhqDmLWSOkoV8_O-ksfZ5r56NvkBy94lqXbJyH0k6_GLWbR0MRkFfL9mRljDxxdoARLxW_lzBrF0yqWw_lEkqztMM=w408-h306-k-no","false","true","en","0","-12.4371494","130.8334367","Notewell",,"en","false","ChIJF8yAuqiRwCwRV3a8zfKynDg","0820",,"a week ago","2025-09-14T07:05:49.550Z",,,,"No","Weekday","No wait","Ci9DQUlRQUNvZENodHljRjlvT2tkT2QwRmZRMWxNT0RVNVJWcEJTRWhPYm5WS1ozYxAB",,,,,,,,,,,,,,,,,,,"Google","https://www.google.com/maps/reviews/data=!4m8!14m7!1m6!2m5!1sCi9DQUlRQUNvZENodHljRjlvT2tkT2QwRmZRMWxNT0RVNVJWcEJTRWhPYm5WS1ozYxAB!2m1!1s0x0:0x389cb2f2cdbc7657!3m1!1s2@1:CAIQACodChtycF9oOkdOd0FfQ1lMODU5RVpBSEhObnVKZ3c%7C%7C?hl=en","117220333072257610128","75","https://lh3.googleusercontent.com/a/ACg8ocK95XVHWQkP0nfnmHyfu34B_nJGIR_78ORWUtyo4xS43-0SgA=s1920-c-rp-mo-ba3-br100","https://www.google.com/maps/contrib/117220333072257610128?hl=en","3661","2025-09-22T03:27:20.019Z","Direct Detail URL: https://www.google.com/maps/place/Museum+and+Art+Gallery+of+the+Northern+Territory/@-12.4371494,130.8308618,17z/data=!4m8!3m7!1s0x2cc091a8ba80cc17:0x389cb2f2cdbc7657!8m2!3d-12.4371494!4d130.8334367!9m1!1b1!16s%2Fm%2F03qfrsf?entry=ttu&g_ep=EgoyMDI1MDkxNy4wIKXMDSoASAFQAw%3D%3D","1","Northern Territory","19 Conacher St","false","This venue is not disabled friendly. There are stairs everywhere and no lifts. There was a chair lift on only one staircase. More seating is also required. Do better.",,"Museum and Art Gallery of the Northern Territory","4.6",,"https://www.google.com/maps/search/?api=1&query=Museum%20and%20Art%20Gallery%20of%20the%20Northern%20Territory&query_place_id=ChIJF8yAuqiRwCwRV3a8zfKynDg",
"19 Conacher St, The Gardens NT 0820, Australia","Museum","Art gallery","Art museum","Cultural landmark","History museum","Local history museum","Maritime museum","Natural history museum","Science museum","Tourist attraction","Museum","4079332118394336855","The Gardens","AU","0x2cc091a8ba80cc17:0x389cb2f2cdbc7657","https://lh3.googleusercontent.com/gps-cs-s/AC9h4npYweXW4ELU76RUVoypYLxJ9MO1BJGGkcyPvaTAZ74aAmLZhqDmLWSOkoV8_O-ksfZ5r56NvkBy94lqXbJyH0k6_GLWbR0MRkFfL9mRljDxxdoARLxW_lzBrF0yqWw_lEkqztMM=w408-h306-k-no","false","true","en","0","-12.4371494","130.8334367","Nyn Ke",,"en","false","ChIJF8yAuqiRwCwRV3a8zfKynDg","0820",,"a week ago","2025-09-13T11:52:04.468Z",,,,,,,"Ci9DQUlRQUNvZENodHljRjlvT20xbmRuSnZaRXBhVm1aRVNYSlJhMVYxVkVoQkxVRRAB","https://lh3.googleusercontent.com/geougc-cs/AB3l90BiESiZHS0fLGe38te4VXwAZNDhbvEd1084zEHHJguaqBOWZcvIxXj-rSkm2fRZGpgvscGpAE_hMp5iV4yapSaVc01qTFdjPmCQTMCZ6vdi3FZda921vAhYenargX4szlOMY4o_oLa2ZMJj","https://lh3.googleusercontent.com/geougc-cs/AB3l90Cohpzdkm7yc4Hwqc9V-Q3L1QZJbOh3EfWiSVMOsTgGhpQzWSna61duX2uPjbszIAXc8Ug9f3C1-magwPWWuDgzVLe-g-V9yX120CK_qyLxWlBM_19lztX9FG8f6NklLaNA4PMrevT16Q5W","https://lh3.googleusercontent.com/geougc-cs/AB3l90CYP2shXwG3NP_lChrjfkJ5RLBT3HCVpQtSX-or5YqMsupEi-yOyfl0xD6P_z--xMNgVPQngSO6cI_47_oPKz9brcmWbxG0H63Ss6_893mX-iF0yKF-Wwy2kh3-NF8th1M5nxprCPwehl7Y","https://lh3.googleusercontent.com/geougc-cs/AB3l90CFNoA_ViZUDXEO5ifUqbl5D8Zj2U3W1p0HAKe7_Lyk1r35n_bq8wupUyQaW5AfsRY1P4KGqUUbI02tS1XcmujoDhSZU3DaFF9SNdkbl-UlEMMKSo6kq7pxB7jMGDQmhKe9U-QlLHiVX6dA","https://lh3.googleusercontent.com/geougc-cs/AB3l90DLgs2xcz4XIyAuM7BmRI7lOOCv7_gVthq0BKX7mVvPZtmovqXw_TNLelx8lO3KogBEbR0Q9WiWZ4p0XNCum6YsX6jhAgmzlR5M_gTeFA7f7VtyKnmUIpnU7wIfl8cSEnX7iYtYrYf1eTw","https://lh3.googleusercontent.com/geougc-cs/AB3l90DzXMRrQisdKGvnCJL4e0ly8hQnavTyqvHMJg7mhL4Zy2XOYpMIPmZHzaJeCYmIr29yKhJqs0TBLJzJwjEms4YUA7MZ7Ef8N4rWxJDNks_ca3h1f7acG2W8WtkeFyEHkDBt7pe-xLpYHV0","https://lh3.googleusercontent.com/geougc-cs/AB3l90CrgG9-ylJrFKvIQf67R7BzfHZsVZdzBWxjFiP3pEzhtWH-M5Y4OM2NBCUg_fgd-CRuA_YBhF7cOa4JtFfCoRYiGMWHj7mCWGxKAJnHlCtRHy1dWKgNKncNXr0YGOMURnSL9MGZOC28NNut","https://lh3.googleusercontent.com/geougc-cs/AB3l90DBMbYEi7hVMqvY87NnA2nULv8BZem0pDGOZQLzJk97DjZVZeD0Lu6qAHHVnd2zZIl65hUMKRS8ekcPFp850Dvx48lu1ijqoQdy5jJu6O7xDN8YDPmUVn0uZdhSj5VM6-Pg5z8iA282RNy3",,,,,,,,,,,"Google","https://www.google.com/maps/reviews/data=!4m8!14m7!1m6!2m5!1sCi9DQUlRQUNvZENodHljRjlvT20xbmRuSnZaRXBhVm1aRVNYSlJhMVYxVkVoQkxVRRAB!2m1!1s0x0:0x389cb2f2cdbc7657!3m1!1s2@1:CAIQACodChtycF9oOm1ndnJvZEpaVmZESXJRa1V1VEhBLUE%7C%7C?hl=en","115382743156583426330","12","https://lh3.googleusercontent.com/a-/ALV-UjXI6875CtVRiBUzG1f-qdvqOkkoX7vleq6TWYvuARIF-jJvW4Gh=s1920-c-rp-mo-ba2-br100","https://www.google.com/maps/contrib/115382743156583426330?hl=en","3661","2025-09-22T03:27:20.019Z","Direct Detail URL: https://www.google.com/maps/place/Museum+and+Art+Gallery+of+the+Northern+Territory/@-12.4371494,130.8308618,17z/data=!4m8!3m7!1s0x2cc091a8ba80cc17:0x389cb2f2cdbc7657!8m2!3d-12.4371494!4d130.8334367!9m1!1b1!16s%2Fm%2F03qfrsf?entry=ttu&g_ep=EgoyMDI1MDkxNy4wIKXMDSoASAFQAw%3D%3D","4","Northern Territory","19 Conacher St","false","Great place to spend a couple of hours.  Very Interesting exhibitions.  Lots of history and culture here. Friendly staff. Only downside is that the bicycle parking was not shaded.  Not wanting to return to a melted saddle i had to park it accross the road at the ski club.",,"Museum and Art Gallery of the Northern Territory","4.6",,"https://www.google.com/maps/search/?api=1&query=Museum%20and%20Art%20Gallery%20of%20the%20Northern%20Territory&query_place_id=ChIJF8yAuqiRwCwRV3a8zfKynDg",
"19 Conacher St, The Gardens NT 0820, Australia","Museum","Art gallery","Art museum","Cultural landmark","History museum","Local history museum","Maritime museum","Natural history museum","Science museum","Tourist attraction","Museum","4079332118394336855","The Gardens","AU","0x2cc091a8ba80cc17:0x389cb2f2cdbc7657","https://lh3.googleusercontent.com/gps-cs-s/AC9h4npYweXW4ELU76RUVoypYLxJ9MO1BJGGkcyPvaTAZ74aAmLZhqDmLWSOkoV8_O-ksfZ5r56NvkBy94lqXbJyH0k6_GLWbR0MRkFfL9mRljDxxdoARLxW_lzBrF0yqWw_lEkqztMM=w408-h306-k-no","false","true","en","0","-12.4371494","130.8334367","Salesh Narayan",,,"false","ChIJF8yAuqiRwCwRV3a8zfKynDg","0820",,"a week ago","2025-09-13T04:11:15.287Z",,,,"No","Weekend","No wait","Ci9DQUlRQUNvZENodHljRjlvT2w5Q1psSlZUbEJ2VkhNMFVIcGFTbkk1YlVwUU1GRRAB",,,,,,,,,,,,,,,,,,,"Google","https://www.google.com/maps/reviews/data=!4m8!14m7!1m6!2m5!1sCi9DQUlRQUNvZENodHljRjlvT2w5Q1psSlZUbEJ2VkhNMFVIcGFTbkk1YlVwUU1GRRAB!2m1!1s0x0:0x389cb2f2cdbc7657!3m1!1s2@1:CAIQACodChtycF9oOl9CZlJVTlBvVHM0UHpaSnI5bUpQMFE%7C%7C?hl=en","116521594004733226730","1","https://lh3.googleusercontent.com/a/ACg8ocLW_Q03fbkSilvX3P6G2Y6fb7pnAmvh-MAoItvD184dJBVkEw=s1920-c-rp-mo-ba2-br100","https://www.google.com/maps/contrib/116521594004733226730?hl=en","3661","2025-09-22T03:27:20.019Z","Direct Detail URL: https://www.google.com/maps/place/Museum+and+Art+Gallery+of+the+Northern+Territory/@-12.4371494,130.8308618,17z/data=!4m8!3m7!1s0x2cc091a8ba80cc17:0x389cb2f2cdbc7657!8m2!3d-12.4371494!4d130.8334367!9m1!1b1!16s%2Fm%2F03qfrsf?entry=ttu&g_ep=EgoyMDI1MDkxNy4wIKXMDSoASAFQAw%3D%3D","5","Northern Territory","19 Conacher St","false",,,"Museum and Art Gallery of the Northern Territory","4.6",,"https://www.google.com/maps/search/?api=1&query=Museum%20and%20Art%20Gallery%20of%20the%20Northern%20Territory&query_place_id=ChIJF8yAuqiRwCwRV3a8zfKynDg",
"19 Conacher St, The Gardens NT 0820, Australia","Museum","Art gallery","Art museum","Cultural landmark","History museum","Local history museum","Maritime museum","Natural history museum","Science museum","Tourist attraction","Museum","4079332118394336855","The Gardens","AU","0x2cc091a8ba80cc17:0x389cb2f2cdbc7657","https://lh3.googleusercontent.com/gps-cs-s/AC9h4npYweXW4ELU76RUVoypYLxJ9MO1BJGGkcyPvaTAZ74aAmLZhqDmLWSOkoV8_O-ksfZ5r56NvkBy94lqXbJyH0k6_GLWbR0MRkFfL9mRljDxxdoARLxW_lzBrF0yqWw_lEkqztMM=w408-h306-k-no","false","true","en","0","-12.4371494","130.8334367","สุเมธ วรรณวิศิษฏ์",,"th","false","ChIJF8yAuqiRwCwRV3a8zfKynDg","0820",,"a week ago","2025-09-12T08:16:28.868Z",,,,,,,"Ci9DQUlRQUNvZENodHljRjlvT20xUldFSmhVR0ZhUzNwSWRIWnRNVXM0V0VkTlMzYxAB","https://lh3.googleusercontent.com/geougc-cs/AB3l90AWD34EIHwx4aAUuart4tuxW68VcosGBu3o0P0rMfT9PT2nal1P1ZRsqI3JsVtvn5BSizGwbBlvufIOO-6LO06Es7WRGLE-cQc4VjFuu0RR9vjUYkaI3F1wYVCZcallMyE8btluE8Bg7W-0","https://lh3.googleusercontent.com/geougc-cs/AB3l90C9tyBfm_9WExdQ7dJ0IofwlZvPnM5uilvvQqp-Ax4hAOa_y2-6BFijSnCwAJZKKjMU6zMGX98oD4TvV2XyYNlQ9mPrWIXQ0HiEoqFkyfQw4N6FixIk_z2InInpuWoLBeo6Qd6v-BNehHHS","https://lh3.googleusercontent.com/geougc-cs/AB3l90AGRwFQYS7ZJ7BN4Ae1Duxf4tDfn_6bUftYcou_nYW9y1mzpgkS5BA5dNjI8NwKWh_Yb2wDNMRcjSCKQ5hdj9aaYXeZ5XP5UzQHKqACTfq9CHbe2qL7IFC9m7GdiS86BUgfIOQxxdijQ1FJ","https://lh3.googleusercontent.com/geougc-cs/AB3l90B1JiCBtn73KuJjlUr49HdhO0imJt7qDx3-MOISWBghhora80mwpdaZsq9flSL5AF1AyKmNq8DMlZ0fS0V8DpNdq3Aewe2c2EA37m7eavyq2jFa-6oUdA1yaild0J0HK_ueXPfop8bcowAA",,,,,,,,,,,,,,,"Google","https://www.google.com/maps/reviews/data=!4m8!14m7!1m6!2m5!1sCi9DQUlRQUNvZENodHljRjlvT20xUldFSmhVR0ZhUzNwSWRIWnRNVXM0V0VkTlMzYxAB!2m1!1s0x0:0x389cb2f2cdbc7657!3m1!1s2@1:CAIQACodChtycF9oOm1RWEJhUGFaS3pIdHZtMUs4WEdNS3c%7C%7C?hl=en","104536314810202221439","8","https://lh3.googleusercontent.com/a-/ALV-UjXmI7qiKsJb5q2Ppv7sjWqjeNQYm1-dRKOsUP3qlgzd-dNGPpEw=s1920-c-rp-mo-ba2-br100","https://www.google.com/maps/contrib/104536314810202221439?hl=en","3661","2025-09-22T03:27:20.019Z","Direct Detail URL: https://www.google.com/maps/place/Museum+and+Art+Gallery+of+the+Northern+Territory/@-12.4371494,130.8308618,17z/data=!4m8!3m7!1s0x2cc091a8ba80cc17:0x389cb2f2cdbc7657!8m2!3d-12.4371494!4d130.8334367!9m1!1b1!16s%2Fm%2F03qfrsf?entry=ttu&g_ep=EgoyMDI1MDkxNy4wIKXMDSoASAFQAw%3D%3D","5","Northern Territory","19 Conacher St","false","งานศิลปะและประวัติศาสตร์เยอะมาก","Lots of art and history.","Museum and Art Gallery of the Northern Territory","4.6","en","https://www.google.com/maps/search/?api=1&query=Museum%20and%20Art%20Gallery%20of%20the%20Northern%20Territory&query_place_id=ChIJF8yAuqiRwCwRV3a8zfKynDg",
"19 Conacher St, The Gardens NT 0820, Australia","Museum","Art gallery","Art museum","Cultural landmark","History museum","Local history museum","Maritime museum","Natural history museum","Science museum","Tourist attraction","Museum","4079332118394336855","The Gardens","AU","0x2cc091a8ba80cc17:0x389cb2f2cdbc7657","https://lh3.googleusercontent.com/gps-cs-s/AC9h4npYweXW4ELU76RUVoypYLxJ9MO1BJGGkcyPvaTAZ74aAmLZhqDmLWSOkoV8_O-ksfZ5r56NvkBy94lqXbJyH0k6_GLWbR0MRkFfL9mRljDxxdoARLxW_lzBrF0yqWw_lEkqztMM=w408-h306-k-no","false","false","en","0","-12.4371494","130.8334367","Finley Wang",,,"false","ChIJF8yAuqiRwCwRV3a8zfKynDg","0820",,"a week ago","2025-09-12T02:48:38.380Z",,,,,,,"Ci9DQUlRQUNvZENodHljRjlvT2pCc2FEbDNUSEI1TVdkamJHVXhTM0ZZVFcxd1VXYxAB",,,,,,,,,,,,,,,,,,,"Google","https://www.google.com/maps/reviews/data=!4m8!14m7!1m6!2m5!1sCi9DQUlRQUNvZENodHljRjlvT2pCc2FEbDNUSEI1TVdkamJHVXhTM0ZZVFcxd1VXYxAB!2m1!1s0x0:0x389cb2f2cdbc7657!3m1!1s2@1:CAIQACodChtycF9oOjBsaDl3THB5MWdjbGUxS3FYTW1wUWc%7C%7C?hl=en","110392338626362356279","1","https://lh3.googleusercontent.com/a/ACg8ocKi16zea01zXwWLPpdCLdtywJYcL0fBsgTkoqkW_Ejw1oQqoQ=s1920-c-rp-mo-br100","https://www.google.com/maps/contrib/110392338626362356279?hl=en","3661","2025-09-22T03:27:20.019Z","Direct Detail URL: https://www.google.com/maps/place/Museum+and+Art+Gallery+of+the+Northern+Territory/@-12.4371494,130.8308618,17z/data=!4m8!3m7!1s0x2cc091a8ba80cc17:0x389cb2f2cdbc7657!8m2!3d-12.4371494!4d130.8334367!9m1!1b1!16s%2Fm%2F03qfrsf?entry=ttu&g_ep=EgoyMDI1MDkxNy4wIKXMDSoASAFQAw%3D%3D","4","Northern Territory","19 Conacher St","false",,,"Museum and Art Gallery of the Northern Territory","4.6",,"https://www.google.com/maps/search/?api=1&query=Museum%20and%20Art%20Gallery%20of%20the%20Northern%20Territory&query_place_id=ChIJF8yAuqiRwCwRV3a8zfKynDg",
"19 Conacher St, The Gardens NT 0820, Australia","Museum","Art gallery","Art museum","Cultural landmark","History museum","Local history museum","Maritime museum","Natural history museum","Science museum","Tourist attraction","Museum","4079332118394336855","The Gardens","AU","0x2cc091a8ba80cc17:0x389cb2f2cdbc7657","https://lh3.googleusercontent.com/gps-cs-s/AC9h4npYweXW4ELU76RUVoypYLxJ9MO1BJGGkcyPvaTAZ74aAmLZhqDmLWSOkoV8_O-ksfZ5r56NvkBy94lqXbJyH0k6_GLWbR0MRkFfL9mRljDxxdoARLxW_lzBrF0yqWw_lEkqztMM=w408-h306-k-no","false","true","en","0","-12.4371494","130.8334367","Megan Hollick",,"en","false","ChIJF8yAuqiRwCwRV3a8zfKynDg","0820",,"a week ago","2025-09-08T23:42:39.315Z",,,,"No","Weekend","No wait","Ci9DQUlRQUNvZENodHljRjlvT2s1S1JFSldUR05NTFVWdVJFdHFRV013WmtwTWRGRRAB",,,,,,,,,,,,,,,,,,,"Google","https://www.google.com/maps/reviews/data=!4m8!14m7!1m6!2m5!1sCi9DQUlRQUNvZENodHljRjlvT2s1S1JFSldUR05NTFVWdVJFdHFRV013WmtwTWRGRRAB!2m1!1s0x0:0x389cb2f2cdbc7657!3m1!1s2@1:CAIQACodChtycF9oOk5KREJWTGNMLUVuREtqQWMwZkpMdFE%7C%7C?hl=en","106648016844682483705","191","https://lh3.googleusercontent.com/a/ACg8ocLJStwIOyHAL3CVhwnsU2vVXAPVEmb8Azdy1-dgmgtsUmdA0w=s1920-c-rp-mo-ba5-br100","https://www.google.com/maps/contrib/106648016844682483705?hl=en","3661","2025-09-22T03:27:20.019Z","Direct Detail URL: https://www.google.com/maps/place/Museum+and+Art+Gallery+of+the+Northern+Territory/@-12.4371494,130.8308618,17z/data=!4m8!3m7!1s0x2cc091a8ba80cc17:0x389cb2f2cdbc7657!8m2!3d-12.4371494!4d130.8334367!9m1!1b1!16s%2Fm%2F03qfrsf?entry=ttu&g_ep=EgoyMDI1MDkxNy4wIKXMDSoASAFQAw%3D%3D","5","Northern Territory","19 Conacher St","false","Definitely worth a visit, wonderful exhibits and have lunch at the restaurant as it was a highlight with excellent food, wine and service with great views.",,"Museum and Art Gallery of the Northern Territory","4.6",,"https://www.google.com/maps/search/?api=1&query=Museum%20and%20Art%20Gallery%20of%20the%20Northern%20Territory&query_place_id=ChIJF8yAuqiRwCwRV3a8zfKynDg",
"19 Conacher St, The Gardens NT 0820, Australia","Museum","Art gallery","Art museum","Cultural landmark","History museum","Local history museum","Maritime museum","Natural history museum","Science museum","Tourist attraction","Museum","4079332118394336855","The Gardens","AU","0x2cc091a8ba80cc17:0x389cb2f2cdbc7657","https://lh3.googleusercontent.com/gps-cs-s/AC9h4npYweXW4ELU76RUVoypYLxJ9MO1BJGGkcyPvaTAZ74aAmLZhqDmLWSOkoV8_O-ksfZ5r56NvkBy94lqXbJyH0k6_GLWbR0MRkFfL9mRljDxxdoARLxW_lzBrF0yqWw_lEkqztMM=w408-h306-k-no","false","false","en","0","-12.4371494","130.8334367","Shaynesuzanne Brown",,"en","false","ChIJF8yAuqiRwCwRV3a8zfKynDg","0820",,"a week ago","2025-09-08T10:23:11.937Z",,,,"Not sure","Weekend","No wait","Ci9DQUlRQUNvZENodHljRjlvT2xOaFFYZHJWbGRGZVcxQlRXSjVXVWgzYmtaUVFXYxAB",,,,,,,,,,,,,,,,,,,"Google","https://www.google.com/maps/reviews/data=!4m8!14m7!1m6!2m5!1sCi9DQUlRQUNvZENodHljRjlvT2xOaFFYZHJWbGRGZVcxQlRXSjVXVWgzYmtaUVFXYxAB!2m1!1s0x0:0x389cb2f2cdbc7657!3m1!1s2@1:CAIQACodChtycF9oOlNhQXdrVldFeW1BTWJ5WUh3bkZQQWc%7C%7C?hl=en","103517828690077903920","12","https://lh3.googleusercontent.com/a/ACg8ocIW3Er-tDiEpMSb02Qwrfrzs_bSf5w9yP0P_8mdnUW3lUt7Bg=s1920-c-rp-mo-br100","https://www.google.com/maps/contrib/103517828690077903920?hl=en","3661","2025-09-22T03:27:20.019Z","Direct Detail URL: https://www.google.com/maps/place/Museum+and+Art+Gallery+of+the+Northern+Territory/@-12.4371494,130.8308618,17z/data=!4m8!3m7!1s0x2cc091a8ba80cc17:0x389cb2f2cdbc7657!8m2!3d-12.4371494!4d130.8334367!9m1!1b1!16s%2Fm%2F03qfrsf?entry=ttu&g_ep=EgoyMDI1MDkxNy4wIKXMDSoASAFQAw%3D%3D","5","Northern Territory","19 Conacher St","false","Beautiful layout! Great exhibits - so well presented & detailed. The Cyclone Tracey section was very special",,"Museum and Art Gallery of the Northern Territory","4.6",,"https://www.google.com/maps/search/?api=1&query=Museum%20and%20Art%20Gallery%20of%20the%20Northern%20Territory&query_place_id=ChIJF8yAuqiRwCwRV3a8zfKynDg",
"19 Conacher St, The Gardens NT 0820, Australia","Museum","Art gallery","Art museum","Cultural landmark","History museum","Local history museum","Maritime museum","Natural history museum","Science museum","Tourist attraction","Museum","4079332118394336855","The Gardens","AU","0x2cc091a8ba80cc17:0x389cb2f2cdbc7657","https://lh3.googleusercontent.com/gps-cs-s/AC9h4npYweXW4ELU76RUVoypYLxJ9MO1BJGGkcyPvaTAZ74aAmLZhqDmLWSOkoV8_O-ksfZ5r56NvkBy94lqXbJyH0k6_GLWbR0MRkFfL9mRljDxxdoARLxW_lzBrF0yqWw_lEkqztMM=w408-h306-k-no","false","true","en","0","-12.4371494","130.8334367","Matt Nolan",,"en","false","ChIJF8yAuqiRwCwRV3a8zfKynDg","0820",,"a week ago","2025-09-08T04:27:25.485Z",,,,"No","Weekend","No wait","Ci9DQUlRQUNvZENodHljRjlvT25oSGVuVXdkbXd3Y25kUVpUUjFaWFZ3UkdkeWJrRRAB","https://lh3.googleusercontent.com/geougc-cs/AB3l90DlbeJqjdaU406HepYZNgMNZ9kVjjfKbNlN7__9Y0MtHXyyi7bu5SP7tjSCf0NxqsVbwhmR0NUfrW7gxXPVeXwh4zZ1Rj3xeZz-qtzmLXw7rYl4o7SBqKtNYtrHxTjvs2yxGZkrhlXw9k0",,,,,,,,,,,,,,,,,,"Google","https://www.google.com/maps/reviews/data=!4m8!14m7!1m6!2m5!1sCi9DQUlRQUNvZENodHljRjlvT25oSGVuVXdkbXd3Y25kUVpUUjFaWFZ3UkdkeWJrRRAB!2m1!1s0x0:0x389cb2f2cdbc7657!3m1!1s2@1:CAIQACodChtycF9oOnhHenUwdmwwcndQZTR1ZXVwRGdybkE%7C%7C?hl=en","106395513482602558407","381","https://lh3.googleusercontent.com/a/ACg8ocJsXPKjW7TT4l9N-9_7_tH8CFYH2SLabolIWHS1LVIZMqCiuQ=s1920-c-rp-mo-ba5-br100","https://www.google.com/maps/contrib/106395513482602558407?hl=en","3661","2025-09-22T03:27:20.019Z","Direct Detail URL: https://www.google.com/maps/place/Museum+and+Art+Gallery+of+the+Northern+Territory/@-12.4371494,130.8308618,17z/data=!4m8!3m7!1s0x2cc091a8ba80cc17:0x389cb2f2cdbc7657!8m2!3d-12.4371494!4d130.8334367!9m1!1b1!16s%2Fm%2F03qfrsf?entry=ttu&g_ep=EgoyMDI1MDkxNy4wIKXMDSoASAFQAw%3D%3D","5","Northern Territory","19 Conacher St","false","Well laid out galleries.   Interactive displays as well as lecture theatre and video displays.",,"Museum and Art Gallery of the Northern Territory","4.6",,"https://www.google.com/maps/search/?api=1&query=Museum%20and%20Art%20Gallery%20of%20the%20Northern%20Territory&query_place_id=ChIJF8yAuqiRwCwRV3a8zfKynDg",
"19 Conacher St, The Gardens NT 0820, Australia","Museum","Art gallery","Art museum","Cultural landmark","History museum","Local history museum","Maritime museum","Natural history museum","Science museum","Tourist attraction","Museum","4079332118394336855","The Gardens","AU","0x2cc091a8ba80cc17:0x389cb2f2cdbc7657","https://lh3.googleusercontent.com/gps-cs-s/AC9h4npYweXW4ELU76RUVoypYLxJ9MO1BJGGkcyPvaTAZ74aAmLZhqDmLWSOkoV8_O-ksfZ5r56NvkBy94lqXbJyH0k6_GLWbR0MRkFfL9mRljDxxdoARLxW_lzBrF0yqWw_lEkqztMM=w408-h306-k-no","false","true","en","0","-12.4371494","130.8334367","Darren Golding",,"en","false","ChIJF8yAuqiRwCwRV3a8zfKynDg","0820",,"2 weeks ago","2025-09-07T08:43:29.328Z",,,,"No","Weekend","No wait","Ci9DQUlRQUNvZENodHljRjlvT2xaek1GaFlhbkUwWVVaa2QzYzNjMlp3ZFdGVWRXYxAB",,,,,,,,,,,,,,,,,,,"Google","https://www.google.com/maps/reviews/data=!4m8!14m7!1m6!2m5!1sCi9DQUlRQUNvZENodHljRjlvT2xaek1GaFlhbkUwWVVaa2QzYzNjMlp3ZFdGVWRXYxAB!2m1!1s0x0:0x389cb2f2cdbc7657!3m1!1s2@1:CAIQACodChtycF9oOlZzMFhYanE0YUZkd3c3c2ZwdWFUdWc%7C%7C?hl=en","110540444642705697202","90","https://lh3.googleusercontent.com/a/ACg8ocLzY0FkXBeE7HvFrvXNlr6J3e_Pii7WeNK6P1X7VlBZ7XKxww=s1920-c-rp-mo-ba4-br100","https://www.google.com/maps/contrib/110540444642705697202?hl=en","3661","2025-09-22T03:27:20.019Z","Direct Detail URL: https://www.google.com/maps/place/Museum+and+Art+Gallery+of+the+Northern+Territory/@-12.4371494,130.8308618,17z/data=!4m8!3m7!1s0x2cc091a8ba80cc17:0x389cb2f2cdbc7657!8m2!3d-12.4371494!4d130.8334367!9m1!1b1!16s%2Fm%2F03qfrsf?entry=ttu&g_ep=EgoyMDI1MDkxNy4wIKXMDSoASAFQAw%3D%3D","5","Northern Territory","19 Conacher St","false","Loved it a must see when in Darwin",,"Museum and Art Gallery of the Northern Territory","4.6",,"https://www.google.com/maps/search/?api=1&query=Museum%20and%20Art%20Gallery%20of%20the%20Northern%20Territory&query_place_id=ChIJF8yAuqiRwCwRV3a8zfKynDg",
"19 Conacher St, The Gardens NT 0820, Australia","Museum","Art gallery","Art museum","Cultural landmark","History museum","Local history museum","Maritime museum","Natural history museum","Science museum","Tourist attraction","Museum","4079332118394336855","The Gardens","AU","0x2cc091a8ba80cc17:0x389cb2f2cdbc7657","https://lh3.googleusercontent.com/gps-cs-s/AC9h4npYweXW4ELU76RUVoypYLxJ9MO1BJGGkcyPvaTAZ74aAmLZhqDmLWSOkoV8_O-ksfZ5r56NvkBy94lqXbJyH0k6_GLWbR0MRkFfL9mRljDxxdoARLxW_lzBrF0yqWw_lEkqztMM=w408-h306-k-no","false","true","en","0","-12.4371494","130.8334367","Petra Krülls",,,"false","ChIJF8yAuqiRwCwRV3a8zfKynDg","0820",,"2 weeks ago","2025-09-06T10:15:32.651Z",,,,,,,"Ci9DQUlRQUNvZENodHljRjlvT2xGMVVqZDJjSEJOYVhrMVdXZDViaTAyU2xCblZIYxAB",,,,,,,,,,,,,,,,,,,"Google","https://www.google.com/maps/reviews/data=!4m8!14m7!1m6!2m5!1sCi9DQUlRQUNvZENodHljRjlvT2xGMVVqZDJjSEJOYVhrMVdXZDViaTAyU2xCblZIYxAB!2m1!1s0x0:0x389cb2f2cdbc7657!3m1!1s2@1:CAIQACodChtycF9oOlF1Ujd2cHBNaXk1WWd5bi02SlBnVHc%7C%7C?hl=en","102617482335533489975","13","https://lh3.googleusercontent.com/a/ACg8ocLZKPYy0__PJUO9oEV5I8JkIk292oGOaupDsGAOFrUsb0EkFA=s1920-c-rp-mo-ba2-br100","https://www.google.com/maps/contrib/102617482335533489975?hl=en","3661","2025-09-22T03:27:20.019Z","Direct Detail URL: https://www.google.com/maps/place/Museum+and+Art+Gallery+of+the+Northern+Territory/@-12.4371494,130.8308618,17z/data=!4m8!3m7!1s0x2cc091a8ba80cc17:0x389cb2f2cdbc7657!8m2!3d-12.4371494!4d130.8334367!9m1!1b1!16s%2Fm%2F03qfrsf?entry=ttu&g_ep=EgoyMDI1MDkxNy4wIKXMDSoASAFQAw%3D%3D","5","Northern Territory","19 Conacher St","false",,,"Museum and Art Gallery of the Northern Territory","4.6",,"https://www.google.com/maps/search/?api=1&query=Museum%20and%20Art%20Gallery%20of%20the%20Northern%20Territory&query_place_id=ChIJF8yAuqiRwCwRV3a8zfKynDg",
"19 Conacher St, The Gardens NT 0820, Australia","Museum","Art gallery","Art museum","Cultural landmark","History museum","Local history museum","Maritime museum","Natural history museum","Science museum","Tourist attraction","Museum","4079332118394336855","The Gardens","AU","0x2cc091a8ba80cc17:0x389cb2f2cdbc7657","https://lh3.googleusercontent.com/gps-cs-s/AC9h4npYweXW4ELU76RUVoypYLxJ9MO1BJGGkcyPvaTAZ74aAmLZhqDmLWSOkoV8_O-ksfZ5r56NvkBy94lqXbJyH0k6_GLWbR0MRkFfL9mRljDxxdoARLxW_lzBrF0yqWw_lEkqztMM=w408-h306-k-no","false","true","en","0","-12.4371494","130.8334367","Leopold Roßkopf",,,"false","ChIJF8yAuqiRwCwRV3a8zfKynDg","0820",,"2 weeks ago","2025-09-06T02:34:18.677Z",,,,,,,"Ci9DQUlRQUNvZENodHljRjlvT213MFdsZFZNbXg2VDFwNE9XZEJYMFJYV0ZsUFJWRRAB",,,,,,,,,,,,,,,,,,,"Google","https://www.google.com/maps/reviews/data=!4m8!14m7!1m6!2m5!1sCi9DQUlRQUNvZENodHljRjlvT213MFdsZFZNbXg2VDFwNE9XZEJYMFJYV0ZsUFJWRRAB!2m1!1s0x0:0x389cb2f2cdbc7657!3m1!1s2@1:CAIQACodChtycF9oOmw0WldVMmx6T1p4OWdBX0RXWFlPRVE%7C%7C?hl=en","101216365303074945571","57","https://lh3.googleusercontent.com/a/ACg8ocJGJJego4DRaYLztjiRpxQLPesDnnXiQXiOJ9MqzajXIAH2jw=s1920-c-rp-mo-ba3-br100","https://www.google.com/maps/contrib/101216365303074945571?hl=en","3661","2025-09-22T03:27:20.019Z","Direct Detail URL: https://www.google.com/maps/place/Museum+and+Art+Gallery+of+the+Northern+Territory/@-12.4371494,130.8308618,17z/data=!4m8!3m7!1s0x2cc091a8ba80cc17:0x389cb2f2cdbc7657!8m2!3d-12.4371494!4d130.8334367!9m1!1b1!16s%2Fm%2F03qfrsf?entry=ttu&g_ep=EgoyMDI1MDkxNy4wIKXMDSoASAFQAw%3D%3D","4","Northern Territory","19 Conacher St","false",,,"Museum and Art Gallery of the Northern Territory","4.6",,"https://www.google.com/maps/search/?api=1&query=Museum%20and%20Art%20Gallery%20of%20the%20Northern%20Territory&query_place_id=ChIJF8yAuqiRwCwRV3a8zfKynDg",
"19 Conacher St, The Gardens NT 0820, Australia","Museum","Art gallery","Art museum","Cultural landmark","History museum","Local history museum","Maritime museum","Natural history museum","Science museum","Tourist attraction","Museum","4079332118394336855","The Gardens","AU","0x2cc091a8ba80cc17:0x389cb2f2cdbc7657","https://lh3.googleusercontent.com/gps-cs-s/AC9h4npYweXW4ELU76RUVoypYLxJ9MO1BJGGkcyPvaTAZ74aAmLZhqDmLWSOkoV8_O-ksfZ5r56NvkBy94lqXbJyH0k6_GLWbR0MRkFfL9mRljDxxdoARLxW_lzBrF0yqWw_lEkqztMM=w408-h306-k-no","false","true","en","0","-12.4371494","130.8334367","Jac Button",,"en","false","ChIJF8yAuqiRwCwRV3a8zfKynDg","0820",,"2 weeks ago","2025-09-04T09:01:32.774Z",,,,"No","Weekday","No wait","Ci9DQUlRQUNvZENodHljRjlvT25KVU1uUkxiR0Z4ZFVGU1ozSXlZVTVhUjJKZmVuYxAB",,,,,,,,,,,,,,,,,,,"Google","https://www.google.com/maps/reviews/data=!4m8!14m7!1m6!2m5!1sCi9DQUlRQUNvZENodHljRjlvT25KVU1uUkxiR0Z4ZFVGU1ozSXlZVTVhUjJKZmVuYxAB!2m1!1s0x0:0x389cb2f2cdbc7657!3m1!1s2@1:CAIQACodChtycF9oOnJUMnRLbGFxdUFSZ3IyYU5aR2Jfenc%7C%7C?hl=en","111624956160571951468","64","https://lh3.googleusercontent.com/a/ACg8ocIJqWNNiTGoq4UJJPh3-ZdbKrGzrSGduBxVJ_4JlY3vlU01MQ=s1920-c-rp-mo-ba3-br100","https://www.google.com/maps/contrib/111624956160571951468?hl=en","3661","2025-09-22T03:27:20.019Z","Direct Detail URL: https://www.google.com/maps/place/Museum+and+Art+Gallery+of+the+Northern+Territory/@-12.4371494,130.8308618,17z/data=!4m8!3m7!1s0x2cc091a8ba80cc17:0x389cb2f2cdbc7657!8m2!3d-12.4371494!4d130.8334367!9m1!1b1!16s%2Fm%2F03qfrsf?entry=ttu&g_ep=EgoyMDI1MDkxNy4wIKXMDSoASAFQAw%3D%3D","5","Northern Territory","19 Conacher St","false","I was so glad I visited the museum, loved every minute.",,"Museum and Art Gallery of the Northern Territory","4.6",,"https://www.google.com/maps/search/?api=1&query=Museum%20and%20Art%20Gallery%20of%20the%20Northern%20Territory&query_place_id=ChIJF8yAuqiRwCwRV3a8zfKynDg",
"19 Conacher St, The Gardens NT 0820, Australia","Museum","Art gallery","Art museum","Cultural landmark","History museum","Local history museum","Maritime museum","Natural history museum","Science museum","Tourist attraction","Museum","4079332118394336855","The Gardens","AU","0x2cc091a8ba80cc17:0x389cb2f2cdbc7657","https://lh3.googleusercontent.com/gps-cs-s/AC9h4npYweXW4ELU76RUVoypYLxJ9MO1BJGGkcyPvaTAZ74aAmLZhqDmLWSOkoV8_O-ksfZ5r56NvkBy94lqXbJyH0k6_GLWbR0MRkFfL9mRljDxxdoARLxW_lzBrF0yqWw_lEkqztMM=w408-h306-k-no","false","true","en","0","-12.4371494","130.8334367","Mike Johnston",,"en","false","ChIJF8yAuqiRwCwRV3a8zfKynDg","0820",,"2 weeks ago","2025-09-03T08:38:01.054Z",,,,"No","Weekday","No wait","Ci9DQUlRQUNvZENodHljRjlvT2xvMVdFSndWa0V3YlRkUVRtYzFlVjlmYlZoRVgyYxAB",,,,,,,,,,,,,,,,,,,"Google","https://www.google.com/maps/reviews/data=!4m8!14m7!1m6!2m5!1sCi9DQUlRQUNvZENodHljRjlvT2xvMVdFSndWa0V3YlRkUVRtYzFlVjlmYlZoRVgyYxAB!2m1!1s0x0:0x389cb2f2cdbc7657!3m1!1s2@1:CAIQACodChtycF9oOlo1WEJwVkEwbTdQTmc1eV9fbVhEX2c%7C%7C?hl=en","117641686807776212987","24","https://lh3.googleusercontent.com/a/ACg8ocJZlqGyMBplVEu4ANO_IPSiVpKNWBphGF-WYObPDGNAJtU09Q=s1920-c-rp-mo-ba2-br100","https://www.google.com/maps/contrib/117641686807776212987?hl=en","3661","2025-09-22T03:27:20.019Z","Direct Detail URL: https://www.google.com/maps/place/Museum+and+Art+Gallery+of+the+Northern+Territory/@-12.4371494,130.8308618,17z/data=!4m8!3m7!1s0x2cc091a8ba80cc17:0x389cb2f2cdbc7657!8m2!3d-12.4371494!4d130.8334367!9m1!1b1!16s%2Fm%2F03qfrsf?entry=ttu&g_ep=EgoyMDI1MDkxNy4wIKXMDSoASAFQAw%3D%3D","5","Northern Territory","19 Conacher St","false","A must visit. Stories of local history, ecology and natural science. These coupled with indigenous art and a restaurant with food and a view to die for make it a must to visit.",,"Museum and Art Gallery of the Northern Territory","4.6",,"https://www.google.com/maps/search/?api=1&query=Museum%20and%20Art%20Gallery%20of%20the%20Northern%20Territory&query_place_id=ChIJF8yAuqiRwCwRV3a8zfKynDg",
"19 Conacher St, The Gardens NT 0820, Australia","Museum","Art gallery","Art museum","Cultural landmark","History museum","Local history museum","Maritime museum","Natural history museum","Science museum","Tourist attraction","Museum","4079332118394336855","The Gardens","AU","0x2cc091a8ba80cc17:0x389cb2f2cdbc7657","https://lh3.googleusercontent.com/gps-cs-s/AC9h4npYweXW4ELU76RUVoypYLxJ9MO1BJGGkcyPvaTAZ74aAmLZhqDmLWSOkoV8_O-ksfZ5r56NvkBy94lqXbJyH0k6_GLWbR0MRkFfL9mRljDxxdoARLxW_lzBrF0yqWw_lEkqztMM=w408-h306-k-no","false","true","en","0","-12.4371494","130.8334367","Di Foulds",,"en","false","ChIJF8yAuqiRwCwRV3a8zfKynDg","0820",,"2 weeks ago","2025-09-02T12:46:27.175Z",,,,"No","Weekday","No wait","Ci9DQUlRQUNvZENodHljRjlvT21Jd2JsRnFWRGRIVGxGMlNERXRlbU5pUmxSVlowRRAB",,,,,,,,,,,,,,,,,,,"Google","https://www.google.com/maps/reviews/data=!4m8!14m7!1m6!2m5!1sCi9DQUlRQUNvZENodHljRjlvT21Jd2JsRnFWRGRIVGxGMlNERXRlbU5pUmxSVlowRRAB!2m1!1s0x0:0x389cb2f2cdbc7657!3m1!1s2@1:CAIQACodChtycF9oOmIwblFqVDdHTlF2SDEtemNiRlRVZ0E%7C%7C?hl=en","106664311450713514835","55","https://lh3.googleusercontent.com/a/ACg8ocI3lgRljbVZCMxoYoWtQPlVr2tOHbcrbxXDdSjf-29izH8uVw=s1920-c-rp-mo-ba4-br100","https://www.google.com/maps/contrib/106664311450713514835?hl=en","3661","2025-09-22T03:27:20.019Z","Direct Detail URL: https://www.google.com/maps/place/Museum+and+Art+Gallery+of+the+Northern+Territory/@-12.4371494,130.8308618,17z/data=!4m8!3m7!1s0x2cc091a8ba80cc17:0x389cb2f2cdbc7657!8m2!3d-12.4371494!4d130.8334367!9m1!1b1!16s%2Fm%2F03qfrsf?entry=ttu&g_ep=EgoyMDI1MDkxNy4wIKXMDSoASAFQAw%3D%3D","5","Northern Territory","19 Conacher St","false","Excellent displays",,"Museum and Art Gallery of the Northern Territory","4.6",,"https://www.google.com/maps/search/?api=1&query=Museum%20and%20Art%20Gallery%20of%20the%20Northern%20Territory&query_place_id=ChIJF8yAuqiRwCwRV3a8zfKynDg",
"19 Conacher St, The Gardens NT 0820, Australia","Museum","Art gallery","Art museum","Cultural landmark","History museum","Local history museum","Maritime museum","Natural history museum","Science museum","Tourist attraction","Museum","4079332118394336855","The Gardens","AU","0x2cc091a8ba80cc17:0x389cb2f2cdbc7657","https://lh3.googleusercontent.com/gps-cs-s/AC9h4npYweXW4ELU76RUVoypYLxJ9MO1BJGGkcyPvaTAZ74aAmLZhqDmLWSOkoV8_O-ksfZ5r56NvkBy94lqXbJyH0k6_GLWbR0MRkFfL9mRljDxxdoARLxW_lzBrF0yqWw_lEkqztMM=w408-h306-k-no","false","true","en","0","-12.4371494","130.8334367","Jenny Danzic",,"en","false","ChIJF8yAuqiRwCwRV3a8zfKynDg","0820",,"2 weeks ago","2025-09-02T11:58:01.531Z",,,,"Not sure","Weekday","No wait","Ci9DQUlRQUNvZENodHljRjlvT21KRFFtSlFUR1pvUzNSeFdWSlRiVkZpZDJzelFuYxAB",,,,,,,,,,,,,,,,,,,"Google","https://www.google.com/maps/reviews/data=!4m8!14m7!1m6!2m5!1sCi9DQUlRQUNvZENodHljRjlvT21KRFFtSlFUR1pvUzNSeFdWSlRiVkZpZDJzelFuYxAB!2m1!1s0x0:0x389cb2f2cdbc7657!3m1!1s2@1:CAIQACodChtycF9oOmJDQmJQTGZoS3RxWVJTbVFid2szQnc%7C%7C?hl=en","102652874286827523279","105","https://lh3.googleusercontent.com/a-/ALV-UjVI5w-gHbn20W2iii2CRwQLj3GpCw3zLUjQjUOnQLz-xBnbrKiA=s1920-c-rp-mo-ba4-br100","https://www.google.com/maps/contrib/102652874286827523279?hl=en","3661","2025-09-22T03:27:20.019Z","Direct Detail URL: https://www.google.com/maps/place/Museum+and+Art+Gallery+of+the+Northern+Territory/@-12.4371494,130.8308618,17z/data=!4m8!3m7!1s0x2cc091a8ba80cc17:0x389cb2f2cdbc7657!8m2!3d-12.4371494!4d130.8334367!9m1!1b1!16s%2Fm%2F03qfrsf?entry=ttu&g_ep=EgoyMDI1MDkxNy4wIKXMDSoASAFQAw%3D%3D","5","Northern Territory","19 Conacher St","false","Must see sweetheart. Other displays were presented well with interesting history. Great for everyone.",,"Museum and Art Gallery of the Northern Territory","4.6",,"https://www.google.com/maps/search/?api=1&query=Museum%20and%20Art%20Gallery%20of%20the%20Northern%20Territory&query_place_id=ChIJF8yAuqiRwCwRV3a8zfKynDg",
"19 Conacher St, The Gardens NT 0820, Australia","Museum","Art gallery","Art museum","Cultural landmark","History museum","Local history museum","Maritime museum","Natural history museum","Science museum","Tourist attraction","Museum","4079332118394336855","The Gardens","AU","0x2cc091a8ba80cc17:0x389cb2f2cdbc7657","https://lh3.googleusercontent.com/gps-cs-s/AC9h4npYweXW4ELU76RUVoypYLxJ9MO1BJGGkcyPvaTAZ74aAmLZhqDmLWSOkoV8_O-ksfZ5r56NvkBy94lqXbJyH0k6_GLWbR0MRkFfL9mRljDxxdoARLxW_lzBrF0yqWw_lEkqztMM=w408-h306-k-no","false","true","en","0","-12.4371494","130.8334367","Louise M",,,"false","ChIJF8yAuqiRwCwRV3a8zfKynDg","0820",,"2 weeks ago","2025-09-02T10:43:23.993Z",,,,,,,"Ci9DQUlRQUNvZENodHljRjlvT2kxVFJWOHhiMEZPWVhOd1pqRXlSRkZMTVV4RGFsRRAB",,,,,,,,,,,,,,,,,,,"Google","https://www.google.com/maps/reviews/data=!4m8!14m7!1m6!2m5!1sCi9DQUlRQUNvZENodHljRjlvT2kxVFJWOHhiMEZPWVhOd1pqRXlSRkZMTVV4RGFsRRAB!2m1!1s0x0:0x389cb2f2cdbc7657!3m1!1s2@1:CAIQACodChtycF9oOi1TRV8xb0FOYXNwZjEyRFFLMUxDalE%7C%7C?hl=en","108326793952068701041","24","https://lh3.googleusercontent.com/a/ACg8ocL_VTKn8Avs_m1RcpnKctzZ5A7Sna6grZWmQrsBkR8b1vy2mQ=s1920-c-rp-mo-ba3-br100","https://www.google.com/maps/contrib/108326793952068701041?hl=en","3661","2025-09-22T03:27:20.019Z","Direct Detail URL: https://www.google.com/maps/place/Museum+and+Art+Gallery+of+the+Northern+Territory/@-12.4371494,130.8308618,17z/data=!4m8!3m7!1s0x2cc091a8ba80cc17:0x389cb2f2cdbc7657!8m2!3d-12.4371494!4d130.8334367!9m1!1b1!16s%2Fm%2F03qfrsf?entry=ttu&g_ep=EgoyMDI1MDkxNy4wIKXMDSoASAFQAw%3D%3D","4","Northern Territory","19 Conacher St","false",,,"Museum and Art Gallery of the Northern Territory","4.6",,"https://www.google.com/maps/search/?api=1&query=Museum%20and%20Art%20Gallery%20of%20the%20Northern%20Territory&query_place_id=ChIJF8yAuqiRwCwRV3a8zfKynDg",
"19 Conacher St, The Gardens NT 0820, Australia","Museum","Art gallery","Art museum","Cultural landmark","History museum","Local history museum","Maritime museum","Natural history museum","Science museum","Tourist attraction","Museum","4079332118394336855","The Gardens","AU","0x2cc091a8ba80cc17:0x389cb2f2cdbc7657","https://lh3.googleusercontent.com/gps-cs-s/AC9h4npYweXW4ELU76RUVoypYLxJ9MO1BJGGkcyPvaTAZ74aAmLZhqDmLWSOkoV8_O-ksfZ5r56NvkBy94lqXbJyH0k6_GLWbR0MRkFfL9mRljDxxdoARLxW_lzBrF0yqWw_lEkqztMM=w408-h306-k-no","false","true","en","0","-12.4371494","130.8334367","JUNG-CHUAN CHIANG",,,"false","ChIJF8yAuqiRwCwRV3a8zfKynDg","0820",,"2 weeks ago","2025-09-02T10:34:05.793Z",,,,"No","Weekday","No wait","Ci9DQUlRQUNvZENodHljRjlvT2tSdGNqRTRNRjlzYm5WV2EwcDNWWGxYWlRKNk5FRRAB",,,,,,,,,,,,,,,,,,,"Google","https://www.google.com/maps/reviews/data=!4m8!14m7!1m6!2m5!1sCi9DQUlRQUNvZENodHljRjlvT2tSdGNqRTRNRjlzYm5WV2EwcDNWWGxYWlRKNk5FRRAB!2m1!1s0x0:0x389cb2f2cdbc7657!3m1!1s2@1:CAIQACodChtycF9oOkRtcjE4MF9sbnVWa0p3VXlXZTJ6NEE%7C%7C?hl=en","106601915806107046037","22","https://lh3.googleusercontent.com/a-/ALV-UjV2CI5ZD0sGltdotXqqEW2GyekWkHBq842bq7K5uq63uJQGWShVdQ=s1920-c-rp-mo-ba4-br100","https://www.google.com/maps/contrib/106601915806107046037?hl=en","3661","2025-09-22T03:27:20.019Z","Direct Detail URL: https://www.google.com/maps/place/Museum+and+Art+Gallery+of+the+Northern+Territory/@-12.4371494,130.8308618,17z/data=!4m8!3m7!1s0x2cc091a8ba80cc17:0x389cb2f2cdbc7657!8m2!3d-12.4371494!4d130.8334367!9m1!1b1!16s%2Fm%2F03qfrsf?entry=ttu&g_ep=EgoyMDI1MDkxNy4wIKXMDSoASAFQAw%3D%3D","5","Northern Territory","19 Conacher St","false",,,"Museum and Art Gallery of the Northern Territory","4.6",,"https://www.google.com/maps/search/?api=1&query=Museum%20and%20Art%20Gallery%20of%20the%20Northern%20Territory&query_place_id=ChIJF8yAuqiRwCwRV3a8zfKynDg",
"19 Conacher St, The Gardens NT 0820, Australia","Museum","Art gallery","Art museum","Cultural landmark","History museum","Local history museum","Maritime museum","Natural history museum","Science museum","Tourist attraction","Museum","4079332118394336855","The Gardens","AU","0x2cc091a8ba80cc17:0x389cb2f2cdbc7657","https://lh3.googleusercontent.com/gps-cs-s/AC9h4npYweXW4ELU76RUVoypYLxJ9MO1BJGGkcyPvaTAZ74aAmLZhqDmLWSOkoV8_O-ksfZ5r56NvkBy94lqXbJyH0k6_GLWbR0MRkFfL9mRljDxxdoARLxW_lzBrF0yqWw_lEkqztMM=w408-h306-k-no","false","false","en","0","-12.4371494","130.8334367","Steve Arnott",,"en","false","ChIJF8yAuqiRwCwRV3a8zfKynDg","0820",,"2 weeks ago","2025-09-02T06:03:40.448Z",,,,,,,"Ci9DQUlRQUNvZENodHljRjlvT2pFNVF6RlFVRFY0Y1ZWNVpWWnVXRWRTV1RVNU5GRRAB",,,,,,,,,,,,,,,,,,,"Google","https://www.google.com/maps/reviews/data=!4m8!14m7!1m6!2m5!1sCi9DQUlRQUNvZENodHljRjlvT2pFNVF6RlFVRFY0Y1ZWNVpWWnVXRWRTV1RVNU5GRRAB!2m1!1s0x0:0x389cb2f2cdbc7657!3m1!1s2@1:CAIQACodChtycF9oOjE5QzFQUDV4cVV5ZVZuWEdSWTU5NFE%7C%7C?hl=en","110816335134294941835","10","https://lh3.googleusercontent.com/a/ACg8ocIp-5fJE552UxQKm4ZlF865bsj4NWpw-1xci4p7OOe-J3smJg=s1920-c-rp-mo-br100","https://www.google.com/maps/contrib/110816335134294941835?hl=en","3661","2025-09-22T03:27:20.019Z","Direct Detail URL: https://www.google.com/maps/place/Museum+and+Art+Gallery+of+the+Northern+Territory/@-12.4371494,130.8308618,17z/data=!4m8!3m7!1s0x2cc091a8ba80cc17:0x389cb2f2cdbc7657!8m2!3d-12.4371494!4d130.8334367!9m1!1b1!16s%2Fm%2F03qfrsf?entry=ttu&g_ep=EgoyMDI1MDkxNy4wIKXMDSoASAFQAw%3D%3D","5","Northern Territory","19 Conacher St","false","This place is great",,"Museum and Art Gallery of the Northern Territory","4.6",,"https://www.google.com/maps/search/?api=1&query=Museum%20and%20Art%20Gallery%20of%20the%20Northern%20Territory&query_place_id=ChIJF8yAuqiRwCwRV3a8zfKynDg",
"19 Conacher St, The Gardens NT 0820, Australia","Museum","Art gallery","Art museum","Cultural landmark","History museum","Local history museum","Maritime museum","Natural history museum","Science museum","Tourist attraction","Museum","4079332118394336855","The Gardens","AU","0x2cc091a8ba80cc17:0x389cb2f2cdbc7657","https://lh3.googleusercontent.com/gps-cs-s/AC9h4npYweXW4ELU76RUVoypYLxJ9MO1BJGGkcyPvaTAZ74aAmLZhqDmLWSOkoV8_O-ksfZ5r56NvkBy94lqXbJyH0k6_GLWbR0MRkFfL9mRljDxxdoARLxW_lzBrF0yqWw_lEkqztMM=w408-h306-k-no","false","true","en","0","-12.4371494","130.8334367","Gary Duffield",,"en","false","ChIJF8yAuqiRwCwRV3a8zfKynDg","0820",,"2 weeks ago","2025-09-02T01:10:41.881Z",,,,"No","Weekday","No wait","Ci9DQUlRQUNvZENodHljRjlvT2psM1QwSlJkVXhYUW5kbFRIazFXRmRvTjJFdFduYxAB",,,,,,,,,,,,,,,,,,,"Google","https://www.google.com/maps/reviews/data=!4m8!14m7!1m6!2m5!1sCi9DQUlRQUNvZENodHljRjlvT2psM1QwSlJkVXhYUW5kbFRIazFXRmRvTjJFdFduYxAB!2m1!1s0x0:0x389cb2f2cdbc7657!3m1!1s2@1:CAIQACodChtycF9oOjl3T0JRdUxXQndlTHk1WFdoN2EtWnc%7C%7C?hl=en","109505113585732996012","26","https://lh3.googleusercontent.com/a-/ALV-UjUBKsaUOoxs0xpAfuuiTyll5KnACvnX3EQnJk4YC0Rb3xIfS78H=s1920-c-rp-mo-ba3-br100","https://www.google.com/maps/contrib/109505113585732996012?hl=en","3661","2025-09-22T03:27:20.019Z","Direct Detail URL: https://www.google.com/maps/place/Museum+and+Art+Gallery+of+the+Northern+Territory/@-12.4371494,130.8308618,17z/data=!4m8!3m7!1s0x2cc091a8ba80cc17:0x389cb2f2cdbc7657!8m2!3d-12.4371494!4d130.8334367!9m1!1b1!16s%2Fm%2F03qfrsf?entry=ttu&g_ep=EgoyMDI1MDkxNy4wIKXMDSoASAFQAw%3D%3D","4","Northern Territory","19 Conacher St","false","We walked up from the casino resort, a 25 minute trek along the coast and service roads. We had breakfast in the cafe next door. Took about an hour for a flit around the museum. Not a day for reading every exhibits back story. The story of Tracey being an exception. Boy was Darwin destroyed. Find out more here.",,"Museum and Art Gallery of the Northern Territory","4.6",,"https://www.google.com/maps/search/?api=1&query=Museum%20and%20Art%20Gallery%20of%20the%20Northern%20Territory&query_place_id=ChIJF8yAuqiRwCwRV3a8zfKynDg",
"19 Conacher St, The Gardens NT 0820, Australia","Museum","Art gallery","Art museum","Cultural landmark","History museum","Local history museum","Maritime museum","Natural history museum","Science museum","Tourist attraction","Museum","4079332118394336855","The Gardens","AU","0x2cc091a8ba80cc17:0x389cb2f2cdbc7657","https://lh3.googleusercontent.com/gps-cs-s/AC9h4npYweXW4ELU76RUVoypYLxJ9MO1BJGGkcyPvaTAZ74aAmLZhqDmLWSOkoV8_O-ksfZ5r56NvkBy94lqXbJyH0k6_GLWbR0MRkFfL9mRljDxxdoARLxW_lzBrF0yqWw_lEkqztMM=w408-h306-k-no","false","true","en","0","-12.4371494","130.8334367","Karen Philp",,"en","false","ChIJF8yAuqiRwCwRV3a8zfKynDg","0820",,"2 weeks ago","2025-09-01T10:16:11.938Z",,,,"No","Weekend","No wait","Ci9DQUlRQUNvZENodHljRjlvT2xNdFRGOWZOM2hOU2pCaVFuSlFRemh6UVZGNlFsRRAB","https://lh3.googleusercontent.com/geougc-cs/AB3l90BE-96D4ahg4tKWgHtxd_O6O1bx724YJekmc9R1xJ-nHUoPMvZgFMmtK1IJtmoGorT37qCXBQvELtxo81sMwPY2bQyBdpROJobS6-lYFDNrDAORZZmtH6gMNjCeS9iO5nu5WhvpBEM5W9GK","https://lh3.googleusercontent.com/geougc-cs/AB3l90B2XD2zFaZtujnzDwP7Xyoi96eYvWzFFhMUzQLGG20iJZl9afWMsaMmhdpS2U6hmvkERgt2YXjHZcR-_JQajXuKqqM9DOZTstE3cdUnIv3d5nfTSwIvOoiW_51HCYdjld99gSfgC1FwKcJM",,,,,,,,,,,,,,,,,"Google","https://www.google.com/maps/reviews/data=!4m8!14m7!1m6!2m5!1sCi9DQUlRQUNvZENodHljRjlvT2xNdFRGOWZOM2hOU2pCaVFuSlFRemh6UVZGNlFsRRAB!2m1!1s0x0:0x389cb2f2cdbc7657!3m1!1s2@1:CAIQACodChtycF9oOlMtTF9fN3hNSjBiQnJQQzhzQVF6QlE%7C%7C?hl=en","101948249162087295032","16","https://lh3.googleusercontent.com/a/ACg8ocKMyF1kxktu2rcVm7hUJ5-aDYYdVS9my3Kv2yhhAbmpZ8ODCA=s1920-c-rp-mo-ba3-br100","https://www.google.com/maps/contrib/101948249162087295032?hl=en","3661","2025-09-22T03:27:20.019Z","Direct Detail URL: https://www.google.com/maps/place/Museum+and+Art+Gallery+of+the+Northern+Territory/@-12.4371494,130.8308618,17z/data=!4m8!3m7!1s0x2cc091a8ba80cc17:0x389cb2f2cdbc7657!8m2!3d-12.4371494!4d130.8334367!9m1!1b1!16s%2Fm%2F03qfrsf?entry=ttu&g_ep=EgoyMDI1MDkxNy4wIKXMDSoASAFQAw%3D%3D","5","Northern Territory","19 Conacher St","false","Amazing. Easy to walk around and the variety of exhibits is perfect. Then coffee at Cafe.",,"Museum and Art Gallery of the Northern Territory","4.6",,"https://www.google.com/maps/search/?api=1&query=Museum%20and%20Art%20Gallery%20of%20the%20Northern%20Territory&query_place_id=ChIJF8yAuqiRwCwRV3a8zfKynDg",
"19 Conacher St, The Gardens NT 0820, Australia","Museum","Art gallery","Art museum","Cultural landmark","History museum","Local history museum","Maritime museum","Natural history museum","Science museum","Tourist attraction","Museum","4079332118394336855","The Gardens","AU","0x2cc091a8ba80cc17:0x389cb2f2cdbc7657","https://lh3.googleusercontent.com/gps-cs-s/AC9h4npYweXW4ELU76RUVoypYLxJ9MO1BJGGkcyPvaTAZ74aAmLZhqDmLWSOkoV8_O-ksfZ5r56NvkBy94lqXbJyH0k6_GLWbR0MRkFfL9mRljDxxdoARLxW_lzBrF0yqWw_lEkqztMM=w408-h306-k-no","false","true","en","0","-12.4371494","130.8334367","Christine Lathlean",,"en","false","ChIJF8yAuqiRwCwRV3a8zfKynDg","0820",,"2 weeks ago","2025-09-01T03:45:39.596Z",,,,,,,"Ci9DQUlRQUNvZENodHljRjlvT2xCd04zQllXbkJLZDB4eGJIUkJRVUV4TUhwaWMxRRAB",,,,,,,,,,,,,,,,,,,"Google","https://www.google.com/maps/reviews/data=!4m8!14m7!1m6!2m5!1sCi9DQUlRQUNvZENodHljRjlvT2xCd04zQllXbkJLZDB4eGJIUkJRVUV4TUhwaWMxRRAB!2m1!1s0x0:0x389cb2f2cdbc7657!3m1!1s2@1:CAIQACodChtycF9oOlBwN3BYWnBKd0xxbHRBQUExMHpic1E%7C%7C?hl=en","100538963564470027637","24","https://lh3.googleusercontent.com/a-/ALV-UjU5U6PQVMtoXDm0akJStcS4DVqiLU79tQYmyjqUbhfslo8g0TB7=s1920-c-rp-mo-ba2-br100","https://www.google.com/maps/contrib/100538963564470027637?hl=en","3661","2025-09-22T03:27:20.019Z","Direct Detail URL: https://www.google.com/maps/place/Museum+and+Art+Gallery+of+the+Northern+Territory/@-12.4371494,130.8308618,17z/data=!4m8!3m7!1s0x2cc091a8ba80cc17:0x389cb2f2cdbc7657!8m2!3d-12.4371494!4d130.8334367!9m1!1b1!16s%2Fm%2F03qfrsf?entry=ttu&g_ep=EgoyMDI1MDkxNy4wIKXMDSoASAFQAw%3D%3D","5","Northern Territory","19 Conacher St","false","This attraction was the most amazing and so well set out Museum I have ever visited you could spend hours there sitting and looking at some pieces or just slowly walking and taking everything in a truly wonderful experience",,"Museum and Art Gallery of the Northern Territory","4.6",,"https://www.google.com/maps/search/?api=1&query=Museum%20and%20Art%20Gallery%20of%20the%20Northern%20Territory&query_place_id=ChIJF8yAuqiRwCwRV3a8zfKynDg",
"19 Conacher St, The Gardens NT 0820, Australia","Museum","Art gallery","Art museum","Cultural landmark","History museum","Local history museum","Maritime museum","Natural history museum","Science museum","Tourist attraction","Museum","4079332118394336855","The Gardens","AU","0x2cc091a8ba80cc17:0x389cb2f2cdbc7657","https://lh3.googleusercontent.com/gps-cs-s/AC9h4npYweXW4ELU76RUVoypYLxJ9MO1BJGGkcyPvaTAZ74aAmLZhqDmLWSOkoV8_O-ksfZ5r56NvkBy94lqXbJyH0k6_GLWbR0MRkFfL9mRljDxxdoARLxW_lzBrF0yqWw_lEkqztMM=w408-h306-k-no","false","false","en","0","-12.4371494","130.8334367","Gabriela Pfau",,,"false","ChIJF8yAuqiRwCwRV3a8zfKynDg","0820",,"3 weeks ago","2025-08-31T03:53:48.703Z",,,,"No","Weekday","No wait","Ci9DQUlRQUNvZENodHljRjlvT2tFMldFTmxkamRSVEdSQmFXaHNOVzlqTmtSU1RuYxAB",,,,,,,,,,,,,,,,,,,"Google","https://www.google.com/maps/reviews/data=!4m8!14m7!1m6!2m5!1sCi9DQUlRQUNvZENodHljRjlvT2tFMldFTmxkamRSVEdSQmFXaHNOVzlqTmtSU1RuYxAB!2m1!1s0x0:0x389cb2f2cdbc7657!3m1!1s2@1:CAIQACodChtycF9oOkE2WENldjdRTGRBaWhsNW9jNkRSTnc%7C%7C?hl=en","117889223614475336072","3","https://lh3.googleusercontent.com/a/ACg8ocL3rI4gO-2-c3csDLJEVrmM-Z6812n4uBmcUaWk-Fx4pz4cxQ=s1920-c-rp-mo-br100","https://www.google.com/maps/contrib/117889223614475336072?hl=en","3661","2025-09-22T03:27:20.019Z","Direct Detail URL: https://www.google.com/maps/place/Museum+and+Art+Gallery+of+the+Northern+Territory/@-12.4371494,130.8308618,17z/data=!4m8!3m7!1s0x2cc091a8ba80cc17:0x389cb2f2cdbc7657!8m2!3d-12.4371494!4d130.8334367!9m1!1b1!16s%2Fm%2F03qfrsf?entry=ttu&g_ep=EgoyMDI1MDkxNy4wIKXMDSoASAFQAw%3D%3D","4","Northern Territory","19 Conacher St","false",,,"Museum and Art Gallery of the Northern Territory","4.6",,"https://www.google.com/maps/search/?api=1&query=Museum%20and%20Art%20Gallery%20of%20the%20Northern%20Territory&query_place_id=ChIJF8yAuqiRwCwRV3a8zfKynDg",
"19 Conacher St, The Gardens NT 0820, Australia","Museum","Art gallery","Art museum","Cultural landmark","History museum","Local history museum","Maritime museum","Natural history museum","Science museum","Tourist attraction","Museum","4079332118394336855","The Gardens","AU","0x2cc091a8ba80cc17:0x389cb2f2cdbc7657","https://lh3.googleusercontent.com/gps-cs-s/AC9h4npYweXW4ELU76RUVoypYLxJ9MO1BJGGkcyPvaTAZ74aAmLZhqDmLWSOkoV8_O-ksfZ5r56NvkBy94lqXbJyH0k6_GLWbR0MRkFfL9mRljDxxdoARLxW_lzBrF0yqWw_lEkqztMM=w408-h306-k-no","false","true","en","0","-12.4371494","130.8334367","Billie Johnson",,"en","false","ChIJF8yAuqiRwCwRV3a8zfKynDg","0820",,"3 weeks ago","2025-08-30T10:46:59.846Z",,,,,,,"Ci9DQUlRQUNvZENodHljRjlvT2xkWU1YWnNRblJKV0VSU01Vb3RTamg1ZFU5ck4zYxAB",,,,,,,,,,,,,,,,,,,"Google","https://www.google.com/maps/reviews/data=!4m8!14m7!1m6!2m5!1sCi9DQUlRQUNvZENodHljRjlvT2xkWU1YWnNRblJKV0VSU01Vb3RTamg1ZFU5ck4zYxAB!2m1!1s0x0:0x389cb2f2cdbc7657!3m1!1s2@1:CAIQACodChtycF9oOldYMXZsQnRJWERSMUotSjh5dU9rN3c%7C%7C?hl=en","105466377125960585719","298","https://lh3.googleusercontent.com/a-/ALV-UjUXFxk9IkjS6d_GRycWaPD8Nc02lpaMLi6O8_PGoen1rgETv6Q=s1920-c-rp-mo-ba5-br100","https://www.google.com/maps/contrib/105466377125960585719?hl=en","3661","2025-09-22T03:27:20.019Z","Direct Detail URL: https://www.google.com/maps/place/Museum+and+Art+Gallery+of+the+Northern+Territory/@-12.4371494,130.8308618,17z/data=!4m8!3m7!1s0x2cc091a8ba80cc17:0x389cb2f2cdbc7657!8m2!3d-12.4371494!4d130.8334367!9m1!1b1!16s%2Fm%2F03qfrsf?entry=ttu&g_ep=EgoyMDI1MDkxNy4wIKXMDSoASAFQAw%3D%3D","4","Northern Territory","19 Conacher St","false","It's a small museum,  in a great location.but it was very crowded when I last went",,"Museum and Art Gallery of the Northern Territory","4.6",,"https://www.google.com/maps/search/?api=1&query=Museum%20and%20Art%20Gallery%20of%20the%20Northern%20Territory&query_place_id=ChIJF8yAuqiRwCwRV3a8zfKynDg",
"19 Conacher St, The Gardens NT 0820, Australia","Museum","Art gallery","Art museum","Cultural landmark","History museum","Local history museum","Maritime museum","Natural history museum","Science museum","Tourist attraction","Museum","4079332118394336855","The Gardens","AU","0x2cc091a8ba80cc17:0x389cb2f2cdbc7657","https://lh3.googleusercontent.com/gps-cs-s/AC9h4npYweXW4ELU76RUVoypYLxJ9MO1BJGGkcyPvaTAZ74aAmLZhqDmLWSOkoV8_O-ksfZ5r56NvkBy94lqXbJyH0k6_GLWbR0MRkFfL9mRljDxxdoARLxW_lzBrF0yqWw_lEkqztMM=w408-h306-k-no","false","true","en","0","-12.4371494","130.8334367","Philip Sealey",,"en","false","ChIJF8yAuqiRwCwRV3a8zfKynDg","0820",,"3 weeks ago","2025-08-30T03:30:41.380Z",,,,,"Weekend","No wait","Ci9DQUlRQUNvZENodHljRjlvT21oR1JteHlRMng2UkUxQ1ZXZzFZM2xHTVV4VU5WRRAB",,,,,,,,,,,,,,,,,,,"Google","https://www.google.com/maps/reviews/data=!4m8!14m7!1m6!2m5!1sCi9DQUlRQUNvZENodHljRjlvT21oR1JteHlRMng2UkUxQ1ZXZzFZM2xHTVV4VU5WRRAB!2m1!1s0x0:0x389cb2f2cdbc7657!3m1!1s2@1:CAIQACodChtycF9oOmhGRmxyQ2x6RE1CVWg1Y3lGMUxUNVE%7C%7C?hl=en","117174822120787316696","103","https://lh3.googleusercontent.com/a/ACg8ocJstCdAgKh8ukUsWeaPkUYEX6uou1rU0Wq8eYIM_LvQkuG2Ww=s1920-c-rp-mo-ba3-br100","https://www.google.com/maps/contrib/117174822120787316696?hl=en","3661","2025-09-22T03:27:20.019Z","Direct Detail URL: https://www.google.com/maps/place/Museum+and+Art+Gallery+of+the+Northern+Territory/@-12.4371494,130.8308618,17z/data=!4m8!3m7!1s0x2cc091a8ba80cc17:0x389cb2f2cdbc7657!8m2!3d-12.4371494!4d130.8334367!9m1!1b1!16s%2Fm%2F03qfrsf?entry=ttu&g_ep=EgoyMDI1MDkxNy4wIKXMDSoASAFQAw%3D%3D","5","Northern Territory","19 Conacher St","false","Excellent exhibitions. Good coffee. Friendly Staff. Bus there is currently free! Can’t get better.",,"Museum and Art Gallery of the Northern Territory","4.6",,"https://www.google.com/maps/search/?api=1&query=Museum%20and%20Art%20Gallery%20of%20the%20Northern%20Territory&query_place_id=ChIJF8yAuqiRwCwRV3a8zfKynDg",
"19 Conacher St, The Gardens NT 0820, Australia","Museum","Art gallery","Art museum","Cultural landmark","History museum","Local history museum","Maritime museum","Natural history museum","Science museum","Tourist attraction","Museum","4079332118394336855","The Gardens","AU","0x2cc091a8ba80cc17:0x389cb2f2cdbc7657","https://lh3.googleusercontent.com/gps-cs-s/AC9h4npYweXW4ELU76RUVoypYLxJ9MO1BJGGkcyPvaTAZ74aAmLZhqDmLWSOkoV8_O-ksfZ5r56NvkBy94lqXbJyH0k6_GLWbR0MRkFfL9mRljDxxdoARLxW_lzBrF0yqWw_lEkqztMM=w408-h306-k-no","false","false","en","0","-12.4371494","130.8334367","Carol Sullivan",,,"false","ChIJF8yAuqiRwCwRV3a8zfKynDg","0820",,"3 weeks ago","2025-08-29T09:58:37.439Z",,,,"No","Weekday","No wait","Ci9DQUlRQUNvZENodHljRjlvT2tvME5tVkpWV0p1V21SalNsVlRha1pFTVhaVWVIYxAB",,,,,,,,,,,,,,,,,,,"Google","https://www.google.com/maps/reviews/data=!4m8!14m7!1m6!2m5!1sCi9DQUlRQUNvZENodHljRjlvT2tvME5tVkpWV0p1V21SalNsVlRha1pFTVhaVWVIYxAB!2m1!1s0x0:0x389cb2f2cdbc7657!3m1!1s2@1:CAIQACodChtycF9oOko0NmVJVWJuWmRjSlVTakZEMXZUeHc%7C%7C?hl=en","114829475581359985140","7","https://lh3.googleusercontent.com/a/ACg8ocJFbSDDfdpBpv3Njod9FdHLBIMjPV6uO9_8XCiHJs0D6QEYRA=s1920-c-rp-mo-br100","https://www.google.com/maps/contrib/114829475581359985140?hl=en","3661","2025-09-22T03:27:20.019Z","Direct Detail URL: https://www.google.com/maps/place/Museum+and+Art+Gallery+of+the+Northern+Territory/@-12.4371494,130.8308618,17z/data=!4m8!3m7!1s0x2cc091a8ba80cc17:0x389cb2f2cdbc7657!8m2!3d-12.4371494!4d130.8334367!9m1!1b1!16s%2Fm%2F03qfrsf?entry=ttu&g_ep=EgoyMDI1MDkxNy4wIKXMDSoASAFQAw%3D%3D","5","Northern Territory","19 Conacher St","false",,,"Museum and Art Gallery of the Northern Territory","4.6",,"https://www.google.com/maps/search/?api=1&query=Museum%20and%20Art%20Gallery%20of%20the%20Northern%20Territory&query_place_id=ChIJF8yAuqiRwCwRV3a8zfKynDg",
"19 Conacher St, The Gardens NT 0820, Australia","Museum","Art gallery","Art museum","Cultural landmark","History museum","Local history museum","Maritime museum","Natural history museum","Science museum","Tourist attraction","Museum","4079332118394336855","The Gardens","AU","0x2cc091a8ba80cc17:0x389cb2f2cdbc7657","https://lh3.googleusercontent.com/gps-cs-s/AC9h4npYweXW4ELU76RUVoypYLxJ9MO1BJGGkcyPvaTAZ74aAmLZhqDmLWSOkoV8_O-ksfZ5r56NvkBy94lqXbJyH0k6_GLWbR0MRkFfL9mRljDxxdoARLxW_lzBrF0yqWw_lEkqztMM=w408-h306-k-no","false","true","en","0","-12.4371494","130.8334367","Sujay Shrestha (Chase Media)",,,"false","ChIJF8yAuqiRwCwRV3a8zfKynDg","0820",,"3 weeks ago","2025-08-29T08:13:06.588Z",,,,"Yes","Weekday","1 hr+","Ci9DQUlRQUNvZENodHljRjlvT25sMFdtZERMVzlmY1ZacVpsWlhTWEZCVDNseWJuYxAB",,,,,,,,,,,,,,,,,,,"Google","https://www.google.com/maps/reviews/data=!4m8!14m7!1m6!2m5!1sCi9DQUlRQUNvZENodHljRjlvT25sMFdtZERMVzlmY1ZacVpsWlhTWEZCVDNseWJuYxAB!2m1!1s0x0:0x389cb2f2cdbc7657!3m1!1s2@1:CAIQACodChtycF9oOnl0WmdDLW9fcVZqZlZXSXFBT3lybnc%7C%7C?hl=en","106852917088341965688","6","https://lh3.googleusercontent.com/a-/ALV-UjWrn57zrW284dHHDVtau1xa9Zem0Qbpb4K11JKc_W3ukWUEDr9T=s1920-c-rp-mo-ba2-br100","https://www.google.com/maps/contrib/106852917088341965688?hl=en","3661","2025-09-22T03:27:20.019Z","Direct Detail URL: https://www.google.com/maps/place/Museum+and+Art+Gallery+of+the+Northern+Territory/@-12.4371494,130.8308618,17z/data=!4m8!3m7!1s0x2cc091a8ba80cc17:0x389cb2f2cdbc7657!8m2!3d-12.4371494!4d130.8334367!9m1!1b1!16s%2Fm%2F03qfrsf?entry=ttu&g_ep=EgoyMDI1MDkxNy4wIKXMDSoASAFQAw%3D%3D","5","Northern Territory","19 Conacher St","false",,,"Museum and Art Gallery of the Northern Territory","4.6",,"https://www.google.com/maps/search/?api=1&query=Museum%20and%20Art%20Gallery%20of%20the%20Northern%20Territory&query_place_id=ChIJF8yAuqiRwCwRV3a8zfKynDg",
"19 Conacher St, The Gardens NT 0820, Australia","Museum","Art gallery","Art museum","Cultural landmark","History museum","Local history museum","Maritime museum","Natural history museum","Science museum","Tourist attraction","Museum","4079332118394336855","The Gardens","AU","0x2cc091a8ba80cc17:0x389cb2f2cdbc7657","https://lh3.googleusercontent.com/gps-cs-s/AC9h4npYweXW4ELU76RUVoypYLxJ9MO1BJGGkcyPvaTAZ74aAmLZhqDmLWSOkoV8_O-ksfZ5r56NvkBy94lqXbJyH0k6_GLWbR0MRkFfL9mRljDxxdoARLxW_lzBrF0yqWw_lEkqztMM=w408-h306-k-no","false","true","en","0","-12.4371494","130.8334367","wilma barker",,"en","false","ChIJF8yAuqiRwCwRV3a8zfKynDg","0820",,"3 weeks ago","2025-08-29T05:35:13.953Z",,,,"No","Weekday","No wait","Ci9DQUlRQUNvZENodHljRjlvT25kZk1uWjJaMDFFY21aSmRXUjJRMmxSTFVGVVJuYxAB",,,,,,,,,,,,,,,,,,,"Google","https://www.google.com/maps/reviews/data=!4m8!14m7!1m6!2m5!1sCi9DQUlRQUNvZENodHljRjlvT25kZk1uWjJaMDFFY21aSmRXUjJRMmxSTFVGVVJuYxAB!2m1!1s0x0:0x389cb2f2cdbc7657!3m1!1s2@1:CAIQACodChtycF9oOndfMnZ2Z01EcmZJdWR2Q2lRLUFURnc%7C%7C?hl=en","106403419252984612417","212","https://lh3.googleusercontent.com/a/ACg8ocJ9Xkq7kaEyRZi6RKWkhUCezOMXWBnDiQwgjPgpBhBE7qifRA=s1920-c-rp-mo-ba4-br100","https://www.google.com/maps/contrib/106403419252984612417?hl=en","3661","2025-09-22T03:27:20.019Z","Direct Detail URL: https://www.google.com/maps/place/Museum+and+Art+Gallery+of+the+Northern+Territory/@-12.4371494,130.8308618,17z/data=!4m8!3m7!1s0x2cc091a8ba80cc17:0x389cb2f2cdbc7657!8m2!3d-12.4371494!4d130.8334367!9m1!1b1!16s%2Fm%2F03qfrsf?entry=ttu&g_ep=EgoyMDI1MDkxNy4wIKXMDSoASAFQAw%3D%3D","4","Northern Territory","19 Conacher St","false","We saw the cyclone  Tracy exhibition  it was great to see and remember that time, it was very scary even if you weren't  there at the time  so it must have been so much worse  for those who  went  through  it",,"Museum and Art Gallery of the Northern Territory","4.6",,"https://www.google.com/maps/search/?api=1&query=Museum%20and%20Art%20Gallery%20of%20the%20Northern%20Territory&query_place_id=ChIJF8yAuqiRwCwRV3a8zfKynDg",
"19 Conacher St, The Gardens NT 0820, Australia","Museum","Art gallery","Art museum","Cultural landmark","History museum","Local history museum","Maritime museum","Natural history museum","Science museum","Tourist attraction","Museum","4079332118394336855","The Gardens","AU","0x2cc091a8ba80cc17:0x389cb2f2cdbc7657","https://lh3.googleusercontent.com/gps-cs-s/AC9h4npYweXW4ELU76RUVoypYLxJ9MO1BJGGkcyPvaTAZ74aAmLZhqDmLWSOkoV8_O-ksfZ5r56NvkBy94lqXbJyH0k6_GLWbR0MRkFfL9mRljDxxdoARLxW_lzBrF0yqWw_lEkqztMM=w408-h306-k-no","false","false","en","0","-12.4371494","130.8334367","S R",,"en","false","ChIJF8yAuqiRwCwRV3a8zfKynDg","0820",,"3 weeks ago","2025-08-28T23:15:00.283Z",,,,"Not sure","Weekday","No wait","Ci9DQUlRQUNvZENodHljRjlvT2pSUll6QXhUMFU1WlZWcVVGWjZjbFZYVXpkdWNXYxAB",,,,,,,,,,,,,,,,,,,"Google","https://www.google.com/maps/reviews/data=!4m8!14m7!1m6!2m5!1sCi9DQUlRQUNvZENodHljRjlvT2pSUll6QXhUMFU1WlZWcVVGWjZjbFZYVXpkdWNXYxAB!2m1!1s0x0:0x389cb2f2cdbc7657!3m1!1s2@1:CAIQACodChtycF9oOjRRYzAxT0U5ZVVqUFZ6clVXUzducWc%7C%7C?hl=en","102959856057232129692","8","https://lh3.googleusercontent.com/a-/ALV-UjUShT-n6YkGHbrsz8iS6MiiLCp3XlTttU7552feY-OL1vcUqBY=s1920-c-rp-mo-br100","https://www.google.com/maps/contrib/102959856057232129692?hl=en","3661","2025-09-22T03:27:20.019Z","Direct Detail URL: https://www.google.com/maps/place/Museum+and+Art+Gallery+of+the+Northern+Territory/@-12.4371494,130.8308618,17z/data=!4m8!3m7!1s0x2cc091a8ba80cc17:0x389cb2f2cdbc7657!8m2!3d-12.4371494!4d130.8334367!9m1!1b1!16s%2Fm%2F03qfrsf?entry=ttu&g_ep=EgoyMDI1MDkxNy4wIKXMDSoASAFQAw%3D%3D","5","Northern Territory","19 Conacher St","false","A must see in darwin. Was a highlight of visiting darwin",,"Museum and Art Gallery of the Northern Territory","4.6",,"https://www.google.com/maps/search/?api=1&query=Museum%20and%20Art%20Gallery%20of%20the%20Northern%20Territory&query_place_id=ChIJF8yAuqiRwCwRV3a8zfKynDg",
"19 Conacher St, The Gardens NT 0820, Australia","Museum","Art gallery","Art museum","Cultural landmark","History museum","Local history museum","Maritime museum","Natural history museum","Science museum","Tourist attraction","Museum","4079332118394336855","The Gardens","AU","0x2cc091a8ba80cc17:0x389cb2f2cdbc7657","https://lh3.googleusercontent.com/gps-cs-s/AC9h4npYweXW4ELU76RUVoypYLxJ9MO1BJGGkcyPvaTAZ74aAmLZhqDmLWSOkoV8_O-ksfZ5r56NvkBy94lqXbJyH0k6_GLWbR0MRkFfL9mRljDxxdoARLxW_lzBrF0yqWw_lEkqztMM=w408-h306-k-no","false","true","en","0","-12.4371494","130.8334367","Nadeem A",,,"false","ChIJF8yAuqiRwCwRV3a8zfKynDg","0820",,"3 weeks ago","2025-08-27T13:12:07.211Z",,,,,,,"Ci9DQUlRQUNvZENodHljRjlvT2twMVUxSlpNelpMVTJaT2RVRmFWbVZtVVhGbVkxRRAB",,,,,,,,,,,,,,,,,,,"Google","https://www.google.com/maps/reviews/data=!4m8!14m7!1m6!2m5!1sCi9DQUlRQUNvZENodHljRjlvT2twMVUxSlpNelpMVTJaT2RVRmFWbVZtVVhGbVkxRRAB!2m1!1s0x0:0x389cb2f2cdbc7657!3m1!1s2@1:CAIQACodChtycF9oOkp1U1JZMzZLU2ZOdUFaVmVmUXFmY1E%7C%7C?hl=en","106982095339541695485","110","https://lh3.googleusercontent.com/a/ACg8ocJ5xE6O5WyhMWJxqO-9J9kK6kOXq7rIghEusJ9b7KBKCWP_ig=s1920-c-rp-mo-ba4-br100","https://www.google.com/maps/contrib/106982095339541695485?hl=en","3661","2025-09-22T03:27:20.019Z","Direct Detail URL: https://www.google.com/maps/place/Museum+and+Art+Gallery+of+the+Northern+Territory/@-12.4371494,130.8308618,17z/data=!4m8!3m7!1s0x2cc091a8ba80cc17:0x389cb2f2cdbc7657!8m2!3d-12.4371494!4d130.8334367!9m1!1b1!16s%2Fm%2F03qfrsf?entry=ttu&g_ep=EgoyMDI1MDkxNy4wIKXMDSoASAFQAw%3D%3D","5","Northern Territory","19 Conacher St","false",,,"Museum and Art Gallery of the Northern Territory","4.6",,"https://www.google.com/maps/search/?api=1&query=Museum%20and%20Art%20Gallery%20of%20the%20Northern%20Territory&query_place_id=ChIJF8yAuqiRwCwRV3a8zfKynDg",
"19 Conacher St, The Gardens NT 0820, Australia","Museum","Art gallery","Art museum","Cultural landmark","History museum","Local history museum","Maritime museum","Natural history museum","Science museum","Tourist attraction","Museum","4079332118394336855","The Gardens","AU","0x2cc091a8ba80cc17:0x389cb2f2cdbc7657","https://lh3.googleusercontent.com/gps-cs-s/AC9h4npYweXW4ELU76RUVoypYLxJ9MO1BJGGkcyPvaTAZ74aAmLZhqDmLWSOkoV8_O-ksfZ5r56NvkBy94lqXbJyH0k6_GLWbR0MRkFfL9mRljDxxdoARLxW_lzBrF0yqWw_lEkqztMM=w408-h306-k-no","false","true","en","0","-12.4371494","130.8334367","Anthony Worsley",,,"false","ChIJF8yAuqiRwCwRV3a8zfKynDg","0820",,"3 weeks ago","2025-08-27T06:16:12.685Z",,,,"Not sure","Weekend","No wait","Ci9DQUlRQUNvZENodHljRjlvT2tNNU5FMXFSVEI2Y2xBMlpVZHdhMlJNUTFSMVdFRRAB",,,,,,,,,,,,,,,,,,,"Google","https://www.google.com/maps/reviews/data=!4m8!14m7!1m6!2m5!1sCi9DQUlRQUNvZENodHljRjlvT2tNNU5FMXFSVEI2Y2xBMlpVZHdhMlJNUTFSMVdFRRAB!2m1!1s0x0:0x389cb2f2cdbc7657!3m1!1s2@1:CAIQACodChtycF9oOkM5NE1qRTB6clA2ZUdwa2RMQ1R1WEE%7C%7C?hl=en","115975352109807267796","166","https://lh3.googleusercontent.com/a/ACg8ocI50-kgjDibQ7nCIZrvsCXWEG5xXnjY3p1m85xZxRxu43AYdQ=s1920-c-rp-mo-ba4-br100","https://www.google.com/maps/contrib/115975352109807267796?hl=en","3661","2025-09-22T03:27:20.019Z","Direct Detail URL: https://www.google.com/maps/place/Museum+and+Art+Gallery+of+the+Northern+Territory/@-12.4371494,130.8308618,17z/data=!4m8!3m7!1s0x2cc091a8ba80cc17:0x389cb2f2cdbc7657!8m2!3d-12.4371494!4d130.8334367!9m1!1b1!16s%2Fm%2F03qfrsf?entry=ttu&g_ep=EgoyMDI1MDkxNy4wIKXMDSoASAFQAw%3D%3D","5","Northern Territory","19 Conacher St","false",,,"Museum and Art Gallery of the Northern Territory","4.6",,"https://www.google.com/maps/search/?api=1&query=Museum%20and%20Art%20Gallery%20of%20the%20Northern%20Territory&query_place_id=ChIJF8yAuqiRwCwRV3a8zfKynDg",
"19 Conacher St, The Gardens NT 0820, Australia","Museum","Art gallery","Art museum","Cultural landmark","History museum","Local history museum","Maritime museum","Natural history museum","Science museum","Tourist attraction","Museum","4079332118394336855","The Gardens","AU","0x2cc091a8ba80cc17:0x389cb2f2cdbc7657","https://lh3.googleusercontent.com/gps-cs-s/AC9h4npYweXW4ELU76RUVoypYLxJ9MO1BJGGkcyPvaTAZ74aAmLZhqDmLWSOkoV8_O-ksfZ5r56NvkBy94lqXbJyH0k6_GLWbR0MRkFfL9mRljDxxdoARLxW_lzBrF0yqWw_lEkqztMM=w408-h306-k-no","false","false","en","0","-12.4371494","130.8334367","Peter-Piotr Ozdowski",,,"false","ChIJF8yAuqiRwCwRV3a8zfKynDg","0820",,"3 weeks ago","2025-08-26T12:00:37.074Z",,,,,"Weekday",,"Ci9DQUlRQUNvZENodHljRjlvT2xOMVZrbHJjV05RYkV0Q1lqRTJOVWRLU2w5clkwRRAB",,,,,,,,,,,,,,,,,,,"Google","https://www.google.com/maps/reviews/data=!4m8!14m7!1m6!2m5!1sCi9DQUlRQUNvZENodHljRjlvT2xOMVZrbHJjV05RYkV0Q1lqRTJOVWRLU2w5clkwRRAB!2m1!1s0x0:0x389cb2f2cdbc7657!3m1!1s2@1:CAIQACodChtycF9oOlN1VklrcWNQbEtCYjE2NUdKSl9rY0E%7C%7C?hl=en","108753543491649210072","7","https://lh3.googleusercontent.com/a-/ALV-UjWQjQeuY4_0bs_bnw77pVeXZpj56quf9HFSUJs7EIEHGuM19bKgZQ=s1920-c-rp-mo-br100","https://www.google.com/maps/contrib/108753543491649210072?hl=en","3661","2025-09-22T03:27:20.019Z","Direct Detail URL: https://www.google.com/maps/place/Museum+and+Art+Gallery+of+the+Northern+Territory/@-12.4371494,130.8308618,17z/data=!4m8!3m7!1s0x2cc091a8ba80cc17:0x389cb2f2cdbc7657!8m2!3d-12.4371494!4d130.8334367!9m1!1b1!16s%2Fm%2F03qfrsf?entry=ttu&g_ep=EgoyMDI1MDkxNy4wIKXMDSoASAFQAw%3D%3D","5","Northern Territory","19 Conacher St","false",,,"Museum and Art Gallery of the Northern Territory","4.6",,"https://www.google.com/maps/search/?api=1&query=Museum%20and%20Art%20Gallery%20of%20the%20Northern%20Territory&query_place_id=ChIJF8yAuqiRwCwRV3a8zfKynDg",
"19 Conacher St, The Gardens NT 0820, Australia","Museum","Art gallery","Art museum","Cultural landmark","History museum","Local history museum","Maritime museum","Natural history museum","Science museum","Tourist attraction","Museum","4079332118394336855","The Gardens","AU","0x2cc091a8ba80cc17:0x389cb2f2cdbc7657","https://lh3.googleusercontent.com/gps-cs-s/AC9h4npYweXW4ELU76RUVoypYLxJ9MO1BJGGkcyPvaTAZ74aAmLZhqDmLWSOkoV8_O-ksfZ5r56NvkBy94lqXbJyH0k6_GLWbR0MRkFfL9mRljDxxdoARLxW_lzBrF0yqWw_lEkqztMM=w408-h306-k-no","false","true","en","0","-12.4371494","130.8334367","Alan Gaffney",,"en","false","ChIJF8yAuqiRwCwRV3a8zfKynDg","0820",,"3 weeks ago","2025-08-26T04:06:57.860Z",,,,"No","Weekday","1 hr+","Ci9DQUlRQUNvZENodHljRjlvT200dFNtaGxVRmhxVTNWUlRXTTNPRU5JVXpGV1QyYxAB",,,,,,,,,,,,,,,,,,,"Google","https://www.google.com/maps/reviews/data=!4m8!14m7!1m6!2m5!1sCi9DQUlRQUNvZENodHljRjlvT200dFNtaGxVRmhxVTNWUlRXTTNPRU5JVXpGV1QyYxAB!2m1!1s0x0:0x389cb2f2cdbc7657!3m1!1s2@1:CAIQACodChtycF9oOm4tSmhlUFhqU3VRTWM3OENIUzFWT2c%7C%7C?hl=en","118339627404627185496","424","https://lh3.googleusercontent.com/a/ACg8ocKrksbbhJgCAST4L0xHR3T_ufWLU2FuEKiJ1mgVDoXNhjNCBg=s1920-c-rp-mo-ba5-br100","https://www.google.com/maps/contrib/118339627404627185496?hl=en","3661","2025-09-22T03:27:20.019Z","Direct Detail URL: https://www.google.com/maps/place/Museum+and+Art+Gallery+of+the+Northern+Territory/@-12.4371494,130.8308618,17z/data=!4m8!3m7!1s0x2cc091a8ba80cc17:0x389cb2f2cdbc7657!8m2!3d-12.4371494!4d130.8334367!9m1!1b1!16s%2Fm%2F03qfrsf?entry=ttu&g_ep=EgoyMDI1MDkxNy4wIKXMDSoASAFQAw%3D%3D","4","Northern Territory","19 Conacher St","false","Great artwork on display",,"Museum and Art Gallery of the Northern Territory","4.6",,"https://www.google.com/maps/search/?api=1&query=Museum%20and%20Art%20Gallery%20of%20the%20Northern%20Territory&query_place_id=ChIJF8yAuqiRwCwRV3a8zfKynDg",
"19 Conacher St, The Gardens NT 0820, Australia","Museum","Art gallery","Art museum","Cultural landmark","History museum","Local history museum","Maritime museum","Natural history museum","Science museum","Tourist attraction","Museum","4079332118394336855","The Gardens","AU","0x2cc091a8ba80cc17:0x389cb2f2cdbc7657","https://lh3.googleusercontent.com/gps-cs-s/AC9h4npYweXW4ELU76RUVoypYLxJ9MO1BJGGkcyPvaTAZ74aAmLZhqDmLWSOkoV8_O-ksfZ5r56NvkBy94lqXbJyH0k6_GLWbR0MRkFfL9mRljDxxdoARLxW_lzBrF0yqWw_lEkqztMM=w408-h306-k-no","false","true","en","0","-12.4371494","130.8334367","Alicia Propheta",,"en","false","ChIJF8yAuqiRwCwRV3a8zfKynDg","0820",,"3 weeks ago","2025-08-26T01:31:26.431Z",,,,"No","Weekday","No wait","Ci9DQUlRQUNvZENodHljRjlvT2pONU5GcFFhV3RMZUdKRVkzZFFXR3BoU1RnMUxYYxAB","https://lh3.googleusercontent.com/geougc-cs/AB3l90APay-O4HM9EDk98J0QCYZFPgx5nW9b7HZHqggeaXvAFnRxmYs8NoVehn4gRgHChoxlrFb3rOpx5Nz-uow28IZW_IjBaQQtxX2iZW2c5FVBGfiEvwAsohphbF-udKPsI3Y_6kZ6mMaTIDru","https://lh3.googleusercontent.com/geougc-cs/AB3l90DLvsp9lQD_kyzAIuUJFYNUDcnYSGlwKUCOPOnC2EzoQVovtmnN_nKybWxUESblcQhmRR9X2JaDpMCt5pIgDgIeozi-znlMp00pwqX1ps_nG8Oe8hDC3zn5SqN0ilY8eCeY2wvUFkoemUFG","https://lh3.googleusercontent.com/geougc-cs/AB3l90BNrwLMewrKMc4anAC_TI9gc7uVtwualBL1khWyQ5IWZzAT9XoIstXYCpGP49Ld9ysvbhFa1EhPtZfD-El2lXZJiKmrCWkvCsNavtMxk0nx6J7RpL3Udg_K0MPBipHBSRfqzthrPlIvLTg","https://lh3.googleusercontent.com/geougc-cs/AB3l90D5mJgxabfgaWiu4Q6KvVULyKYz7moeINygXKRqJdk8FgYK0wQNXOclcsByU6qbDmQCb7CHaCa5KGClX7Zc0AafZ-xinqeRaUnhHecPlCC_ROizmg1xJ2Rf2ydtxJe3hjqiDo4ZLi38apmO","https://lh3.googleusercontent.com/geougc-cs/AB3l90DX1ffDamqF6grE-PuZh3jGhyjiS-qRsh1LO3_NpZiCuRUBNBMZsn71LPRORP7-cogvyxnSMWHhP1MiOK3Z4OB92hTRPBqZTI7yO7Y3GEy3DwgtZ_44-9MqE87__oX_jT4FCxIHeygtp4MH","https://lh3.googleusercontent.com/geougc-cs/AB3l90BZBIlxRLKKzpw-ubM-koZmmhf9tp662YSV6_pnzm0AYjs0JkvvN34aZlNeodm0P091ZG_FPMzLfHjsAlsZ6m_Evvt-w0DcpqcTcNWm6XrKKLBVuBhcKL-jZHnjsvC5aYEKoKLLwgZPbqk","https://lh3.googleusercontent.com/geougc-cs/AB3l90BW-ByVok9B7c6VRpR1rJ_sMceeRsV2OqQPK4CKMl6BGnMWI61zYoV7hYQA5k7M9P0M8Cytq70RvEDNN1BFnksUYd1xbRg01riNiA-h4fdQuZpH9oU8OeSjDsB7w-StBHgrZoGYqcy-7C0G","https://lh3.googleusercontent.com/geougc-cs/AB3l90CE3Udr1JgZaM6JBoQ84eaN1d33CTTDoAoeK9-CUaYvj6I5EAcIfwFx5EKXOJR8FQ8m3aG762UuBwNoTp2WaqcpfzaKyI5HdnlVvTh82fMMRiS55MLhPulAWfMz6Grx4yDqhEIt5UIXRWi3","https://lh3.googleusercontent.com/geougc-cs/AB3l90At8MrcwN2_llrQSB8LJpLqnwysVObZJZxiV6Emnlx3vQHgh85viJeTTMaq-DIyFUtXbjHakvEebvvPtBa5Jx6zsUz5xPe8qibChQyby-Vcpzkt7AA6sBSgEne87ldc6dnggsXKaZrh-iTI","https://lh3.googleusercontent.com/geougc-cs/AB3l90C5utd2iuE_htAOs5PDAJ20xP6T8Ceq2PDJ2jKsJOUIQwT1CE9_Bu3kvT_awa86ZkNa0YdIF7jwopsZIy1Mc5u3BdupGzvFO5AyEei0Av38rAfete-xOpX9tay2naNHfJpRiv0pQ7cY1R4d","https://lh3.googleusercontent.com/geougc-cs/AB3l90Cb7YdXgVeaNO3iIYRYMl8ZGvoVkdh92xMeC79dVK0TtzTwzLiKY8JXk8jpakoSbHi_Zl1d_jydENjJs36UNEcXlQF9tbMAE4Va1OY5Z6eBPACv___SgwqO9SjmAQM5ryGPJBIXqJwV5t4","https://lh3.googleusercontent.com/geougc-cs/AB3l90CzBIiDqvrU9hLvIz8b8CPZ3oOf86xjbfyjqW_R_7dutIlW8SSKWApbPPCMfOeCXsuWygLyoS9QYPbYApnvUiJf1nx-ApNsXmDDkddBYIdvHsxJ1rre0bI0df3GGhCyR6Trf_GAlEmzp-sI","https://lh3.googleusercontent.com/geougc-cs/AB3l90Azyceb8OKtzDkzTGIMLtogxo36E_rZ7KgSTAkJoyxLRXQ-7xFrwJr019NvEDpCDTS0X3t3i2mvl6xsQSBb07yrq-OOXPMyOmpMNUbNER0KCm7drOC50efk3A_002mT6R6BCnyseTPNy8HL","https://lh3.googleusercontent.com/geougc-cs/AB3l90ALw_3utXTWoRBooHvcFZAjRtsznNNtU5L5FrpO6yLdbm3wE7whGf8GaREnECU4cibHWj3gH2tQCRpASsJDIsykXSraAO3AkfAzqyqCOKi3oZNZffHewDANoW83b1t0mdZKg3nZk2n5RFSK","https://lh3.googleusercontent.com/geougc-cs/AB3l90CgJ3-fh1SizgzMpp4o5PhJvIJUBk-LUrWqfIW4yEHb_33sLorG-2oolBpTS4EtJTP6Qf8PcZoxOI14WouFVZzWAXhAMFfCVXgW30Pf74lgz3vm7rIteqeqzvfMeMNoAOCg-XQOK84wSgwQ","https://lh3.googleusercontent.com/geougc-cs/AB3l90BezQoqtSiZLibRWz2HUuVytKWMkPRmKZRJfLRbypAK6K9-3r2z5B_O8hRyme1_08bPqA_cF70potj165VIgaYpF3JHWDIFeeNMDqhqPz8xAxK6s3mdnNqGowXytO18OmRIA7gndZYz4DVm","https://lh3.googleusercontent.com/geougc-cs/AB3l90Ah0qIpA9eJ8PDxY8ytKS9wzhLNgboprCsOouUdhmp4bxM1qM01kalRLM29A1-2zlUnMBlAx8szObB0kG00rhpyyEY8BI5q0mG0864FCL3gMhH0A5_YyF__c1GRzdziymTvtPLpZpl-apg","https://lh3.googleusercontent.com/geougc-cs/AB3l90DaOvJ3_s3UTkHXP4EPmTh6qluyD1kfZUT6T0_t7vdVIwnktZUJ25u3I4ykh-lSUPWeaVyYuCfvzlz7MzN-_S2WiI-ldeaCgh23Yvs99yZmzDBTcht2tLyzLKqnA1uyYwTFkswWKdjq0zDr","Google","https://www.google.com/maps/reviews/data=!4m8!14m7!1m6!2m5!1sCi9DQUlRQUNvZENodHljRjlvT2pONU5GcFFhV3RMZUdKRVkzZFFXR3BoU1RnMUxYYxAB!2m1!1s0x0:0x389cb2f2cdbc7657!3m1!1s2@1:CAIQACodChtycF9oOjN5NFpQaWtLeGJEY3dQWGphSTg1LXc%7C%7C?hl=en","102420063453770124772","91","https://lh3.googleusercontent.com/a-/ALV-UjUzn573wY248Reh4D_VqYTJXrSSpqbF1OY138xJDeQoPfIV9y_u=s1920-c-rp-mo-ba4-br100","https://www.google.com/maps/contrib/102420063453770124772?hl=en","3661","2025-09-22T03:27:20.019Z","Direct Detail URL: https://www.google.com/maps/place/Museum+and+Art+Gallery+of+the+Northern+Territory/@-12.4371494,130.8308618,17z/data=!4m8!3m7!1s0x2cc091a8ba80cc17:0x389cb2f2cdbc7657!8m2!3d-12.4371494!4d130.8334367!9m1!1b1!16s%2Fm%2F03qfrsf?entry=ttu&g_ep=EgoyMDI1MDkxNy4wIKXMDSoASAFQAw%3D%3D","5","Northern Territory","19 Conacher St","false","Love it! Amazing museum! You need at least 1hour and half to see everything. The best part, is free !!!!!",,"Museum and Art Gallery of the Northern Territory","4.6",,"https://www.google.com/maps/search/?api=1&query=Museum%20and%20Art%20Gallery%20of%20the%20Northern%20Territory&query_place_id=ChIJF8yAuqiRwCwRV3a8zfKynDg",
"19 Conacher St, The Gardens NT 0820, Australia","Museum","Art gallery","Art museum","Cultural landmark","History museum","Local history museum","Maritime museum","Natural history museum","Science museum","Tourist attraction","Museum","4079332118394336855","The Gardens","AU","0x2cc091a8ba80cc17:0x389cb2f2cdbc7657","https://lh3.googleusercontent.com/gps-cs-s/AC9h4npYweXW4ELU76RUVoypYLxJ9MO1BJGGkcyPvaTAZ74aAmLZhqDmLWSOkoV8_O-ksfZ5r56NvkBy94lqXbJyH0k6_GLWbR0MRkFfL9mRljDxxdoARLxW_lzBrF0yqWw_lEkqztMM=w408-h306-k-no","false","true","en","0","-12.4371494","130.8334367","JR Brennan",,"en","false","ChIJF8yAuqiRwCwRV3a8zfKynDg","0820",,"3 weeks ago","2025-08-25T06:48:07.282Z",,,,,"Weekday","No wait","Ci9DQUlRQUNvZENodHljRjlvT2tkNldEQmFNR2xJVlY5MFlXTlhWR05uYjNwUE4zYxAB","https://lh3.googleusercontent.com/geougc-cs/AB3l90D63JsWCqN1wwFyWh8JVHrJdYoPuf2RwtL3onATX1pdisP87Ywt0QydLHqaB5GOiQfCpr1MRwpDJEr3_mLQ8iHRYA-Vg7w1MAwvcFdjXRladVdy8Gk4vzoWualW2BU5IPd8AKbYxwui9ZRS","https://lh3.googleusercontent.com/geougc-cs/AB3l90BQP2lbBW8K1B5N8I5rYNHRP9XKXLQXFRlwTOaE7vHzmrLzVEEqiKMliXm_5dSKBTrWn5-rYE4bbtDDrhLfs5aF5HKYWxlujI4zLwpyJx1K0IM9Dnwzoju0gufbUa4G_Bsa-XH7p6O5caIc","https://lh3.googleusercontent.com/geougc-cs/AB3l90DJgT8L3P_s6b08PxwnX_YmrZ3qiu4oKjntRZ2MTzJJwSoXKbwluCrU9gCle-uRsCPW5zmCEa5AwSTImBC7IVr2N7y38YBayOvE-wNdblQPZKFrpbMEUOaBoiVQ1mTboSrWGJAZrsTrbawk","https://lh3.googleusercontent.com/geougc-cs/AB3l90BcAb8R89M05eVfW_hrxIpq4diqIvgizdQqrLpf6jqFgdWtMAvIbtTTKeG70WN-PqQy9GFjFWGmAdPF6i-6bckh7htVD12guvDVxfoiHgdRoZfarZZJ-6GBa9x0Tt_OShAPtgxteuU_YMLp","https://lh3.googleusercontent.com/geougc-cs/AB3l90B3ItGcdWsX_S1UvI5FaI6Zydx4MBH5bkCqFsWxX_9a9C0Nd7WYsHBMPoHiSZcge8zCLQIOhPMiZ3SaVxszAGZ-Z7hKIlL6IbxzuzWWkN6ljcBLluYBRQIQLkp33Zb4Npjlp6Ko2R5pDNEx","https://lh3.googleusercontent.com/geougc-cs/AB3l90CVW8LAYF13oCemkUBx2i1jFCB52VDgI_u3ZVXDxGKoiFfbRutSsQXplCbAw1PeDJYK2nTS8xz6dwNWkDuLwmeV1xpxcpOM0d_mV2JADRdqci7ygXS2O95N193YUHP-PBjF3LoJJsvgAOeW","https://lh3.googleusercontent.com/geougc-cs/AB3l90DZxdvX0fztQDQOVeHw5gdcqniQmS-hyp1iButHstrfVNvGNsXZKlZcZmnEa29g0iMh16VM5_ruSZ_vobFG-S-DJFHVOy76OgK52A5iaSkAtlIEIjBDVgH-z-Rea8pFQVYsPJ5p0aRxWZ_w",,,,,,,,,,,,"Google","https://www.google.com/maps/reviews/data=!4m8!14m7!1m6!2m5!1sCi9DQUlRQUNvZENodHljRjlvT2tkNldEQmFNR2xJVlY5MFlXTlhWR05uYjNwUE4zYxAB!2m1!1s0x0:0x389cb2f2cdbc7657!3m1!1s2@1:CAIQACodChtycF9oOkd6WDBaMGlIVV90YWNXVGNnb3pPN3c%7C%7C?hl=en","113264666210500963927","13","https://lh3.googleusercontent.com/a/ACg8ocLSJZRAZWEJQHhguF53wBD565oUzT90n_cUNertHgYpbjbspA=s1920-c-rp-mo-ba2-br100","https://www.google.com/maps/contrib/113264666210500963927?hl=en","3661","2025-09-22T03:27:20.019Z","Direct Detail URL: https://www.google.com/maps/place/Museum+and+Art+Gallery+of+the+Northern+Territory/@-12.4371494,130.8308618,17z/data=!4m8!3m7!1s0x2cc091a8ba80cc17:0x389cb2f2cdbc7657!8m2!3d-12.4371494!4d130.8334367!9m1!1b1!16s%2Fm%2F03qfrsf?entry=ttu&g_ep=EgoyMDI1MDkxNy4wIKXMDSoASAFQAw%3D%3D","5","Northern Territory","19 Conacher St","false","What an amazing museum! So many exhibits to see and learn about. They have something for everyone including art, animals (sea, land, and air), local Darwin history, maritime history, and much more. Oh and it's also FREE?!?",,"Museum and Art Gallery of the Northern Territory","4.6",,"https://www.google.com/maps/search/?api=1&query=Museum%20and%20Art%20Gallery%20of%20the%20Northern%20Territory&query_place_id=ChIJF8yAuqiRwCwRV3a8zfKynDg",
"19 Conacher St, The Gardens NT 0820, Australia","Museum","Art gallery","Art museum","Cultural landmark","History museum","Local history museum","Maritime museum","Natural history museum","Science museum","Tourist attraction","Museum","4079332118394336855","The Gardens","AU","0x2cc091a8ba80cc17:0x389cb2f2cdbc7657","https://lh3.googleusercontent.com/gps-cs-s/AC9h4npYweXW4ELU76RUVoypYLxJ9MO1BJGGkcyPvaTAZ74aAmLZhqDmLWSOkoV8_O-ksfZ5r56NvkBy94lqXbJyH0k6_GLWbR0MRkFfL9mRljDxxdoARLxW_lzBrF0yqWw_lEkqztMM=w408-h306-k-no","false","true","en","0","-12.4371494","130.8334367","Penelope Goward",,,"false","ChIJF8yAuqiRwCwRV3a8zfKynDg","0820",,"3 weeks ago","2025-08-25T06:33:43.980Z",,,,,,,"Ci9DQUlRQUNvZENodHljRjlvT2sxd1UxZ3piRmh5UVRsMGNHOU1WREozUVVnMWFVRRAB",,,,,,,,,,,,,,,,,,,"Google","https://www.google.com/maps/reviews/data=!4m8!14m7!1m6!2m5!1sCi9DQUlRQUNvZENodHljRjlvT2sxd1UxZ3piRmh5UVRsMGNHOU1WREozUVVnMWFVRRAB!2m1!1s0x0:0x389cb2f2cdbc7657!3m1!1s2@1:CAIQACodChtycF9oOk1wU1gzbFhyQTl0cG9MVDJ3QUg1aUE%7C%7C?hl=en","109745412877067617987","241","https://lh3.googleusercontent.com/a-/ALV-UjX0CTkUfQzgRHptf0baPMkP3CfPvSAJpHcRye5df1n1eq24OoK6UA=s1920-c-rp-mo-ba5-br100","https://www.google.com/maps/contrib/109745412877067617987?hl=en","3661","2025-09-22T03:27:20.019Z","Direct Detail URL: https://www.google.com/maps/place/Museum+and+Art+Gallery+of+the+Northern+Territory/@-12.4371494,130.8308618,17z/data=!4m8!3m7!1s0x2cc091a8ba80cc17:0x389cb2f2cdbc7657!8m2!3d-12.4371494!4d130.8334367!9m1!1b1!16s%2Fm%2F03qfrsf?entry=ttu&g_ep=EgoyMDI1MDkxNy4wIKXMDSoASAFQAw%3D%3D","5","Northern Territory","19 Conacher St","false",,,"Museum and Art Gallery of the Northern Territory","4.6",,"https://www.google.com/maps/search/?api=1&query=Museum%20and%20Art%20Gallery%20of%20the%20Northern%20Territory&query_place_id=ChIJF8yAuqiRwCwRV3a8zfKynDg",
"19 Conacher St, The Gardens NT 0820, Australia","Museum","Art gallery","Art museum","Cultural landmark","History museum","Local history museum","Maritime museum","Natural history museum","Science museum","Tourist attraction","Museum","4079332118394336855","The Gardens","AU","0x2cc091a8ba80cc17:0x389cb2f2cdbc7657","https://lh3.googleusercontent.com/gps-cs-s/AC9h4npYweXW4ELU76RUVoypYLxJ9MO1BJGGkcyPvaTAZ74aAmLZhqDmLWSOkoV8_O-ksfZ5r56NvkBy94lqXbJyH0k6_GLWbR0MRkFfL9mRljDxxdoARLxW_lzBrF0yqWw_lEkqztMM=w408-h306-k-no","false","true","en","0","-12.4371494","130.8334367","Lisa Sparr",,"en","false","ChIJF8yAuqiRwCwRV3a8zfKynDg","0820",,"3 weeks ago","2025-08-25T06:22:57.650Z",,,,"Not sure","Weekday","No wait","Ci9DQUlRQUNvZENodHljRjlvT25Bd05scFplSFJCVTBwQ2NUUnZhakJoVXpCWVpGRRAB",,,,,,,,,,,,,,,,,,,"Google","https://www.google.com/maps/reviews/data=!4m8!14m7!1m6!2m5!1sCi9DQUlRQUNvZENodHljRjlvT25Bd05scFplSFJCVTBwQ2NUUnZhakJoVXpCWVpGRRAB!2m1!1s0x0:0x389cb2f2cdbc7657!3m1!1s2@1:CAIQACodChtycF9oOnAwNlpZeHRBU0pCcTRvajBhUzBYZFE%7C%7C?hl=en","109832185754797433376","24","https://lh3.googleusercontent.com/a/ACg8ocLxlP7RTILQMFLVHXH_dm4lVpgbCnhj5bSfvsjfw43t7wE=s1920-c-rp-mo-ba3-br100","https://www.google.com/maps/contrib/109832185754797433376?hl=en","3661","2025-09-22T03:27:20.019Z","Direct Detail URL: https://www.google.com/maps/place/Museum+and+Art+Gallery+of+the+Northern+Territory/@-12.4371494,130.8308618,17z/data=!4m8!3m7!1s0x2cc091a8ba80cc17:0x389cb2f2cdbc7657!8m2!3d-12.4371494!4d130.8334367!9m1!1b1!16s%2Fm%2F03qfrsf?entry=ttu&g_ep=EgoyMDI1MDkxNy4wIKXMDSoASAFQAw%3D%3D","5","Northern Territory","19 Conacher St","false","This museum is a lovely place to visit, with plenty of parking and lovely tranquil gardens that greet you at the entrance. The exhibits are interesting and well organised. The venue was easy to navigate through and the staff were friendly and helpful. I reccomend checking the events calender so you dont miss out on the extra cool stuff they have on during specific times of the day.",,"Museum and Art Gallery of the Northern Territory","4.6",,"https://www.google.com/maps/search/?api=1&query=Museum%20and%20Art%20Gallery%20of%20the%20Northern%20Territory&query_place_id=ChIJF8yAuqiRwCwRV3a8zfKynDg",
"19 Conacher St, The Gardens NT 0820, Australia","Museum","Art gallery","Art museum","Cultural landmark","History museum","Local history museum","Maritime museum","Natural history museum","Science museum","Tourist attraction","Museum","4079332118394336855","The Gardens","AU","0x2cc091a8ba80cc17:0x389cb2f2cdbc7657","https://lh3.googleusercontent.com/gps-cs-s/AC9h4npYweXW4ELU76RUVoypYLxJ9MO1BJGGkcyPvaTAZ74aAmLZhqDmLWSOkoV8_O-ksfZ5r56NvkBy94lqXbJyH0k6_GLWbR0MRkFfL9mRljDxxdoARLxW_lzBrF0yqWw_lEkqztMM=w408-h306-k-no","false","true","en","0","-12.4371494","130.8334367","Hayley J",,"en","false","ChIJF8yAuqiRwCwRV3a8zfKynDg","0820",,"4 weeks ago","2025-08-25T02:35:14.638Z",,,,,"Weekend","No wait","Ci9DQUlRQUNvZENodHljRjlvT2xwQ1RuTkxZalZVU0VkUFZHTnFWMWszV2pWWFEzYxAB",,,,,,,,,,,,,,,,,,,"Google","https://www.google.com/maps/reviews/data=!4m8!14m7!1m6!2m5!1sCi9DQUlRQUNvZENodHljRjlvT2xwQ1RuTkxZalZVU0VkUFZHTnFWMWszV2pWWFEzYxAB!2m1!1s0x0:0x389cb2f2cdbc7657!3m1!1s2@1:CAIQACodChtycF9oOlpCTnNLYjVUSEdPVGNqV1k3WjVXQ3c%7C%7C?hl=en","111059500844560781702","36","https://lh3.googleusercontent.com/a-/ALV-UjW0ZdJs5X_RN51Up0xmDJtGzoT-yvJ3AcpW01Da6GUKimOtzN98=s1920-c-rp-mo-ba3-br100","https://www.google.com/maps/contrib/111059500844560781702?hl=en","3661","2025-09-22T03:27:20.019Z","Direct Detail URL: https://www.google.com/maps/place/Museum+and+Art+Gallery+of+the+Northern+Territory/@-12.4371494,130.8308618,17z/data=!4m8!3m7!1s0x2cc091a8ba80cc17:0x389cb2f2cdbc7657!8m2!3d-12.4371494!4d130.8334367!9m1!1b1!16s%2Fm%2F03qfrsf?entry=ttu&g_ep=EgoyMDI1MDkxNy4wIKXMDSoASAFQAw%3D%3D","5","Northern Territory","19 Conacher St","false","Really can’t believe this is a free activity in Darwin. We all thoroughly enjoyed it! Highly recommend.",,"Museum and Art Gallery of the Northern Territory","4.6",,"https://www.google.com/maps/search/?api=1&query=Museum%20and%20Art%20Gallery%20of%20the%20Northern%20Territory&query_place_id=ChIJF8yAuqiRwCwRV3a8zfKynDg",
"19 Conacher St, The Gardens NT 0820, Australia","Museum","Art gallery","Art museum","Cultural landmark","History museum","Local history museum","Maritime museum","Natural history museum","Science museum","Tourist attraction","Museum","4079332118394336855","The Gardens","AU","0x2cc091a8ba80cc17:0x389cb2f2cdbc7657","https://lh3.googleusercontent.com/gps-cs-s/AC9h4npYweXW4ELU76RUVoypYLxJ9MO1BJGGkcyPvaTAZ74aAmLZhqDmLWSOkoV8_O-ksfZ5r56NvkBy94lqXbJyH0k6_GLWbR0MRkFfL9mRljDxxdoARLxW_lzBrF0yqWw_lEkqztMM=w408-h306-k-no","false","true","en","0","-12.4371494","130.8334367","Simon Beveridge",,,"false","ChIJF8yAuqiRwCwRV3a8zfKynDg","0820",,"4 weeks ago","2025-08-23T22:16:32.682Z",,,,,,,"Ci9DQUlRQUNvZENodHljRjlvT2pBNE0wTlRhblZwWTFadlEyOHhUakpqZVdoVWEwRRAB",,,,,,,,,,,,,,,,,,,"Google","https://www.google.com/maps/reviews/data=!4m8!14m7!1m6!2m5!1sCi9DQUlRQUNvZENodHljRjlvT2pBNE0wTlRhblZwWTFadlEyOHhUakpqZVdoVWEwRRAB!2m1!1s0x0:0x389cb2f2cdbc7657!3m1!1s2@1:CAIQACodChtycF9oOjA4M0NTanVpY1ZvQ28xTjJjeWhUa0E%7C%7C?hl=en","102901669441274089028","36","https://lh3.googleusercontent.com/a/ACg8ocIPiFZh-vHl1MODpb40bA2LqoWkbyhRfOQVJnUI0HxspCkOJA=s1920-c-rp-mo-ba4-br100","https://www.google.com/maps/contrib/102901669441274089028?hl=en","3661","2025-09-22T03:27:20.019Z","Direct Detail URL: https://www.google.com/maps/place/Museum+and+Art+Gallery+of+the+Northern+Territory/@-12.4371494,130.8308618,17z/data=!4m8!3m7!1s0x2cc091a8ba80cc17:0x389cb2f2cdbc7657!8m2!3d-12.4371494!4d130.8334367!9m1!1b1!16s%2Fm%2F03qfrsf?entry=ttu&g_ep=EgoyMDI1MDkxNy4wIKXMDSoASAFQAw%3D%3D","4","Northern Territory","19 Conacher St","false",,,"Museum and Art Gallery of the Northern Territory","4.6",,"https://www.google.com/maps/search/?api=1&query=Museum%20and%20Art%20Gallery%20of%20the%20Northern%20Territory&query_place_id=ChIJF8yAuqiRwCwRV3a8zfKynDg",
"19 Conacher St, The Gardens NT 0820, Australia","Museum","Art gallery","Art museum","Cultural landmark","History museum","Local history museum","Maritime museum","Natural history museum","Science museum","Tourist attraction","Museum","4079332118394336855","The Gardens","AU","0x2cc091a8ba80cc17:0x389cb2f2cdbc7657","https://lh3.googleusercontent.com/gps-cs-s/AC9h4npYweXW4ELU76RUVoypYLxJ9MO1BJGGkcyPvaTAZ74aAmLZhqDmLWSOkoV8_O-ksfZ5r56NvkBy94lqXbJyH0k6_GLWbR0MRkFfL9mRljDxxdoARLxW_lzBrF0yqWw_lEkqztMM=w408-h306-k-no","false","true","en","0","-12.4371494","130.8334367","Maria Nethercott",,"en","false","ChIJF8yAuqiRwCwRV3a8zfKynDg","0820",,"4 weeks ago","2025-08-23T03:22:26.533Z",,,,,,,"Ci9DQUlRQUNvZENodHljRjlvT25aYU1VaFRPRzVzVm5kWlJqaDBVMUJvUWxoMlIxRRAB","https://lh3.googleusercontent.com/geougc-cs/AB3l90A5lsUtD0LK4LcpkjdoDlGZiWVbM9d1lc0cOoPnsLYUaNU7pQADVsMQ1ndAEtmuQKh9TPOx4Phhx0jkWywS6hm53YBbFemlpHlJ8TVrVFGUe71hQdSetGOFToPY-2DYlf7EjuGcjpCKhJ37","https://lh3.googleusercontent.com/geougc-cs/AB3l90B170x8Bf0BnAaJHkSrufxjWGfwsMKXBa1lv9qJIjq0efp_F_qMV8EWoWZHPXyEu7vlg0FP7DHYiPSY0BtvkXOXne2O9eSAJ43K_NvgLipYTvgyUw3vLgauvKpNWWHJgxPS0GmCc_-aOPc0","https://lh3.googleusercontent.com/geougc-cs/AB3l90BAx3TGJjlWMbTwV5kps6h_9viUZX74s80bcklIXEFL_6zOOvzhbyiMHUddKy5RB1DC97jLqbbRnR5vrm0_XK7DGW-cjkUz_73goyI3KpHOEsxXLAzPjH8izGKXgkOGMth6S6pz5S0fjYV-","https://lh3.googleusercontent.com/geougc-cs/AB3l90A0vBCR4vOeqbGV2xuMWvIzB89NxGB4cDKk0Pg28sWkceL8lhQogxcbaqrvU8IAhkkXlONwUGivrDQJeEqflefGeGpOOFyFvHGd5-eOYki2QpFrh2qAR9Y2AwZ4ZSRLN--uQ8EQc02sFGDm","https://lh3.googleusercontent.com/geougc-cs/AB3l90DaHQLeItgqdrl6Bym2bcsjikH-swv6Su6opJOnVo_J_KpZvQhQlu7vHnSWI-OnVk2nBbfM-S7r8t2Kw7knAtDTJOpllGnp1HzC0RR_8flNn7wMjW_8JSRXnpk_JM8_RxVtXvmFC0JseY9R","https://lh3.googleusercontent.com/geougc-cs/AB3l90BgeRMEqRo-yan0QEqJAwSaEE7_qH7Q_6n0XZHrpnNgOX1lCCGO1gA0AV4HvYnEqlFYLhZn1rjnncu-NMr4ZRiezCTvkKklhvsYu5zei5bi5Sa5rTC7SZqxuTk3m6GEORHb2GmI4B-3N1yU","https://lh3.googleusercontent.com/geougc-cs/AB3l90BVRotL6PA0mqsm0ahLshVWcdj3TRh9CyXgVwIej7YliOmnKdpLEY5KNJ9zgEPX8S8wuvvjG5115VwbagIKZp9sFxPqaYlL-iZCMGqXnEpUoShr5L9KqB8HrY5JmcuGGRcGKm98W6H5YOIo","https://lh3.googleusercontent.com/geougc-cs/AB3l90B3TfE1u0Yl3gFlzN6gc1GFhp9j2x2fgk74WJBi2NlEFwZSahL3wLAkA0lySsUMUxOpApE30MvW9O_wwqmg1groWoWPWlnUvTIMo1chB21CkRc6hkudaUAzoyRO7b-vKTnl7oscfx0vW8DQ","https://lh3.googleusercontent.com/geougc-cs/AB3l90A2bUACnVzA_tdUqDJoBp2nkKWIymXLK2_5uKBZFWjCEtdUXuNarV1AsgTl429hi_PWoGLWumixzndQzpDy_0pvVIlxgrk3PKoocSKkiq9mgDOCld5KC9tew2Z7H0p9w4MmOMxYao7vm-xF",,,,,,,,,,"Google","https://www.google.com/maps/reviews/data=!4m8!14m7!1m6!2m5!1sCi9DQUlRQUNvZENodHljRjlvT25aYU1VaFRPRzVzVm5kWlJqaDBVMUJvUWxoMlIxRRAB!2m1!1s0x0:0x389cb2f2cdbc7657!3m1!1s2@1:CAIQACodChtycF9oOnZaMUhTOG5sVndZRjh0U1BoQlh2R1E%7C%7C?hl=en","118264394874406795612","97","https://lh3.googleusercontent.com/a/ACg8ocJtYj8WW9P4vnF1byZeVsP-sFkmJKJtLcnOQ3kkhQIZSWht8Q=s1920-c-rp-mo-ba4-br100","https://www.google.com/maps/contrib/118264394874406795612?hl=en","3661","2025-09-22T03:27:20.019Z","Direct Detail URL: https://www.google.com/maps/place/Museum+and+Art+Gallery+of+the+Northern+Territory/@-12.4371494,130.8308618,17z/data=!4m8!3m7!1s0x2cc091a8ba80cc17:0x389cb2f2cdbc7657!8m2!3d-12.4371494!4d130.8334367!9m1!1b1!16s%2Fm%2F03qfrsf?entry=ttu&g_ep=EgoyMDI1MDkxNy4wIKXMDSoASAFQAw%3D%3D","5","Northern Territory","19 Conacher St","false","Loved Indigenous art galleries, other galleries interesting along with small maritine",,"Museum and Art Gallery of the Northern Territory","4.6",,"https://www.google.com/maps/search/?api=1&query=Museum%20and%20Art%20Gallery%20of%20the%20Northern%20Territory&query_place_id=ChIJF8yAuqiRwCwRV3a8zfKynDg",
"19 Conacher St, The Gardens NT 0820, Australia","Museum","Art gallery","Art museum","Cultural landmark","History museum","Local history museum","Maritime museum","Natural history museum","Science museum","Tourist attraction","Museum","4079332118394336855","The Gardens","AU","0x2cc091a8ba80cc17:0x389cb2f2cdbc7657","https://lh3.googleusercontent.com/gps-cs-s/AC9h4npYweXW4ELU76RUVoypYLxJ9MO1BJGGkcyPvaTAZ74aAmLZhqDmLWSOkoV8_O-ksfZ5r56NvkBy94lqXbJyH0k6_GLWbR0MRkFfL9mRljDxxdoARLxW_lzBrF0yqWw_lEkqztMM=w408-h306-k-no","false","true","en","0","-12.4371494","130.8334367","Geoffrey Probert",,"en","false","ChIJF8yAuqiRwCwRV3a8zfKynDg","0820",,"4 weeks ago","2025-08-22T09:44:22.459Z",,,,,,,"Ci9DQUlRQUNvZENodHljRjlvT214aWJHcExZWGxvTkhabk0zQkxkVE4xUjFWRFlsRRAB",,,,,,,,,,,,,,,,,,,"Google","https://www.google.com/maps/reviews/data=!4m8!14m7!1m6!2m5!1sCi9DQUlRQUNvZENodHljRjlvT214aWJHcExZWGxvTkhabk0zQkxkVE4xUjFWRFlsRRAB!2m1!1s0x0:0x389cb2f2cdbc7657!3m1!1s2@1:CAIQACodChtycF9oOmxibGpLYXloNHZnM3BLdTN1R1VDYlE%7C%7C?hl=en","115696822946734625126","95","https://lh3.googleusercontent.com/a-/ALV-UjUFDm7s4MPBwz1v2m6rhArtoyeMZoNQDfk4b7H9cg-UTzgdBlIB=s1920-c-rp-mo-ba6-br100","https://www.google.com/maps/contrib/115696822946734625126?hl=en","3661","2025-09-22T03:27:20.019Z","Direct Detail URL: https://www.google.com/maps/place/Museum+and+Art+Gallery+of+the+Northern+Territory/@-12.4371494,130.8308618,17z/data=!4m8!3m7!1s0x2cc091a8ba80cc17:0x389cb2f2cdbc7657!8m2!3d-12.4371494!4d130.8334367!9m1!1b1!16s%2Fm%2F03qfrsf?entry=ttu&g_ep=EgoyMDI1MDkxNy4wIKXMDSoASAFQAw%3D%3D","5","Northern Territory","19 Conacher St","false","So informative and interesting. I loved the history of the Territory and the display of cyclone Tracy.",,"Museum and Art Gallery of the Northern Territory","4.6",,"https://www.google.com/maps/search/?api=1&query=Museum%20and%20Art%20Gallery%20of%20the%20Northern%20Territory&query_place_id=ChIJF8yAuqiRwCwRV3a8zfKynDg",
"19 Conacher St, The Gardens NT 0820, Australia","Museum","Art gallery","Art museum","Cultural landmark","History museum","Local history museum","Maritime museum","Natural history museum","Science museum","Tourist attraction","Museum","4079332118394336855","The Gardens","AU","0x2cc091a8ba80cc17:0x389cb2f2cdbc7657","https://lh3.googleusercontent.com/gps-cs-s/AC9h4npYweXW4ELU76RUVoypYLxJ9MO1BJGGkcyPvaTAZ74aAmLZhqDmLWSOkoV8_O-ksfZ5r56NvkBy94lqXbJyH0k6_GLWbR0MRkFfL9mRljDxxdoARLxW_lzBrF0yqWw_lEkqztMM=w408-h306-k-no","false","true","en","0","-12.4371494","130.8334367","Mark McLaughlan",,"en","false","ChIJF8yAuqiRwCwRV3a8zfKynDg","0820",,"4 weeks ago","2025-08-22T05:19:09.900Z",,,,"No","Weekday","No wait","Ci9DQUlRQUNvZENodHljRjlvT2xOVFFWcEViMGR6WkdKclRuaDFSSEJpUkZaRk0xRRAB",,,,,,,,,,,,,,,,,,,"Google","https://www.google.com/maps/reviews/data=!4m8!14m7!1m6!2m5!1sCi9DQUlRQUNvZENodHljRjlvT2xOVFFWcEViMGR6WkdKclRuaDFSSEJpUkZaRk0xRRAB!2m1!1s0x0:0x389cb2f2cdbc7657!3m1!1s2@1:CAIQACodChtycF9oOlNTQVpEb0dzZGJrTnh1RHBiRFZFM1E%7C%7C?hl=en","108316684448521615957","597","https://lh3.googleusercontent.com/a-/ALV-UjWFPzGy8IwqjMq9Rfofv7kD2nO5Sc2IIjieVTbsJuuZontzmUAz4g=s1920-c-rp-mo-ba5-br100","https://www.google.com/maps/contrib/108316684448521615957?hl=en","3661","2025-09-22T03:27:20.019Z","Direct Detail URL: https://www.google.com/maps/place/Museum+and+Art+Gallery+of+the+Northern+Territory/@-12.4371494,130.8308618,17z/data=!4m8!3m7!1s0x2cc091a8ba80cc17:0x389cb2f2cdbc7657!8m2!3d-12.4371494!4d130.8334367!9m1!1b1!16s%2Fm%2F03qfrsf?entry=ttu&g_ep=EgoyMDI1MDkxNy4wIKXMDSoASAFQAw%3D%3D","5","Northern Territory","19 Conacher St","false","Always worth a visit if only for the Telstra awards exhibition. Cyclone Tracy exhibit very good as well.",,"Museum and Art Gallery of the Northern Territory","4.6",,"https://www.google.com/maps/search/?api=1&query=Museum%20and%20Art%20Gallery%20of%20the%20Northern%20Territory&query_place_id=ChIJF8yAuqiRwCwRV3a8zfKynDg",
"19 Conacher St, The Gardens NT 0820, Australia","Museum","Art gallery","Art museum","Cultural landmark","History museum","Local history museum","Maritime museum","Natural history museum","Science museum","Tourist attraction","Museum","4079332118394336855","The Gardens","AU","0x2cc091a8ba80cc17:0x389cb2f2cdbc7657","https://lh3.googleusercontent.com/gps-cs-s/AC9h4npYweXW4ELU76RUVoypYLxJ9MO1BJGGkcyPvaTAZ74aAmLZhqDmLWSOkoV8_O-ksfZ5r56NvkBy94lqXbJyH0k6_GLWbR0MRkFfL9mRljDxxdoARLxW_lzBrF0yqWw_lEkqztMM=w408-h306-k-no","false","false","en","0","-12.4371494","130.8334367","Martin Berthelssen",,"da","false","ChIJF8yAuqiRwCwRV3a8zfKynDg","0820",,"4 weeks ago","2025-08-22T05:07:43.420Z",,,,"No","Weekday","No wait","Ci9DQUlRQUNvZENodHljRjlvT2toUGRGZDBaamRrWlhWWU5GZEVaRkpzWDFkS1EzYxAB",,,,,,,,,,,,,,,,,,,"Google","https://www.google.com/maps/reviews/data=!4m8!14m7!1m6!2m5!1sCi9DQUlRQUNvZENodHljRjlvT2toUGRGZDBaamRrWlhWWU5GZEVaRkpzWDFkS1EzYxAB!2m1!1s0x0:0x389cb2f2cdbc7657!3m1!1s2@1:CAIQACodChtycF9oOkhPdFd0ZjdkZXVYNFdEZFJsX1dKQ3c%7C%7C?hl=en","117122086324834150728","15","https://lh3.googleusercontent.com/a/ACg8ocJyEZ_l7NtPDZSE9RGfJic-zTezPNViJ52v-EXEZ2eH3xzR0A=s1920-c-rp-mo-br100","https://www.google.com/maps/contrib/117122086324834150728?hl=en","3661","2025-09-22T03:27:20.019Z","Direct Detail URL: https://www.google.com/maps/place/Museum+and+Art+Gallery+of+the+Northern+Territory/@-12.4371494,130.8308618,17z/data=!4m8!3m7!1s0x2cc091a8ba80cc17:0x389cb2f2cdbc7657!8m2!3d-12.4371494!4d130.8334367!9m1!1b1!16s%2Fm%2F03qfrsf?entry=ttu&g_ep=EgoyMDI1MDkxNy4wIKXMDSoASAFQAw%3D%3D","5","Northern Territory","19 Conacher St","false","Spændende sted, med både kunst, natur, skibsfart og en særlig spændende udstilling om den orkan der ramte Darwin i 1974. Og så er det gratis at komme ind","Exciting place, with art, nature, shipping and a particularly exciting exhibition about the hurricane that hit Darwin in 1974. And it's free to enter.","Museum and Art Gallery of the Northern Territory","4.6","en","https://www.google.com/maps/search/?api=1&query=Museum%20and%20Art%20Gallery%20of%20the%20Northern%20Territory&query_place_id=ChIJF8yAuqiRwCwRV3a8zfKynDg",
"19 Conacher St, The Gardens NT 0820, Australia","Museum","Art gallery","Art museum","Cultural landmark","History museum","Local history museum","Maritime museum","Natural history museum","Science museum","Tourist attraction","Museum","4079332118394336855","The Gardens","AU","0x2cc091a8ba80cc17:0x389cb2f2cdbc7657","https://lh3.googleusercontent.com/gps-cs-s/AC9h4npYweXW4ELU76RUVoypYLxJ9MO1BJGGkcyPvaTAZ74aAmLZhqDmLWSOkoV8_O-ksfZ5r56NvkBy94lqXbJyH0k6_GLWbR0MRkFfL9mRljDxxdoARLxW_lzBrF0yqWw_lEkqztMM=w408-h306-k-no","false","true","en","0","-12.4371494","130.8334367","Dave Graham",,,"false","ChIJF8yAuqiRwCwRV3a8zfKynDg","0820",,"a month ago","2025-08-21T21:48:52.840Z",,,,"No","Weekday","No wait","Ci9DQUlRQUNvZENodHljRjlvT21KRGJqVmtOMUJPU0hRM01USnNVRk53WlZGRlYyYxAB",,,,,,,,,,,,,,,,,,,"Google","https://www.google.com/maps/reviews/data=!4m8!14m7!1m6!2m5!1sCi9DQUlRQUNvZENodHljRjlvT21KRGJqVmtOMUJPU0hRM01USnNVRk53WlZGRlYyYxAB!2m1!1s0x0:0x389cb2f2cdbc7657!3m1!1s2@1:CAIQACodChtycF9oOmJDbjVkN1BOSHQ3MTJsUFNwZVFFV2c%7C%7C?hl=en","117640214550042147726","281","https://lh3.googleusercontent.com/a-/ALV-UjV35sGQq9xoGpdOt9XDxTVP76FrSuWg-pSnCAmcu1THyqGB5t-_Kg=s1920-c-rp-mo-ba6-br100","https://www.google.com/maps/contrib/117640214550042147726?hl=en","3661","2025-09-22T03:27:20.019Z","Direct Detail URL: https://www.google.com/maps/place/Museum+and+Art+Gallery+of+the+Northern+Territory/@-12.4371494,130.8308618,17z/data=!4m8!3m7!1s0x2cc091a8ba80cc17:0x389cb2f2cdbc7657!8m2!3d-12.4371494!4d130.8334367!9m1!1b1!16s%2Fm%2F03qfrsf?entry=ttu&g_ep=EgoyMDI1MDkxNy4wIKXMDSoASAFQAw%3D%3D","5","Northern Territory","19 Conacher St","false",,,"Museum and Art Gallery of the Northern Territory","4.6",,"https://www.google.com/maps/search/?api=1&query=Museum%20and%20Art%20Gallery%20of%20the%20Northern%20Territory&query_place_id=ChIJF8yAuqiRwCwRV3a8zfKynDg",
"19 Conacher St, The Gardens NT 0820, Australia","Museum","Art gallery","Art museum","Cultural landmark","History museum","Local history museum","Maritime museum","Natural history museum","Science museum","Tourist attraction","Museum","4079332118394336855","The Gardens","AU","0x2cc091a8ba80cc17:0x389cb2f2cdbc7657","https://lh3.googleusercontent.com/gps-cs-s/AC9h4npYweXW4ELU76RUVoypYLxJ9MO1BJGGkcyPvaTAZ74aAmLZhqDmLWSOkoV8_O-ksfZ5r56NvkBy94lqXbJyH0k6_GLWbR0MRkFfL9mRljDxxdoARLxW_lzBrF0yqWw_lEkqztMM=w408-h306-k-no","false","false","en","0","-12.4371494","130.8334367","Mark McCoy",,,"false","ChIJF8yAuqiRwCwRV3a8zfKynDg","0820",,"a month ago","2025-08-21T11:29:28.116Z",,,,,,,"Ci9DQUlRQUNvZENodHljRjlvT2t0cWJWaHRkVTluVGpSaldYbzRRekZyTFhsTlNYYxAB",,,,,,,,,,,,,,,,,,,"Google","https://www.google.com/maps/reviews/data=!4m8!14m7!1m6!2m5!1sCi9DQUlRQUNvZENodHljRjlvT2t0cWJWaHRkVTluVGpSaldYbzRRekZyTFhsTlNYYxAB!2m1!1s0x0:0x389cb2f2cdbc7657!3m1!1s2@1:CAIQACodChtycF9oOktqbVhtdU9nTjRjWXo4QzFrLXlNSXc%7C%7C?hl=en","109215979934577774178","0","https://lh3.googleusercontent.com/a/ACg8ocKI6NkQuk3wXwfyRG9UwvQPazeaP336PbU4TiogDt3oRlSzAw=s1920-c-rp-mo-br100","https://www.google.com/maps/contrib/109215979934577774178?hl=en","3661","2025-09-22T03:27:20.019Z","Direct Detail URL: https://www.google.com/maps/place/Museum+and+Art+Gallery+of+the+Northern+Territory/@-12.4371494,130.8308618,17z/data=!4m8!3m7!1s0x2cc091a8ba80cc17:0x389cb2f2cdbc7657!8m2!3d-12.4371494!4d130.8334367!9m1!1b1!16s%2Fm%2F03qfrsf?entry=ttu&g_ep=EgoyMDI1MDkxNy4wIKXMDSoASAFQAw%3D%3D","3","Northern Territory","19 Conacher St","false",,,"Museum and Art Gallery of the Northern Territory","4.6",,"https://www.google.com/maps/search/?api=1&query=Museum%20and%20Art%20Gallery%20of%20the%20Northern%20Territory&query_place_id=ChIJF8yAuqiRwCwRV3a8zfKynDg",
"19 Conacher St, The Gardens NT 0820, Australia","Museum","Art gallery","Art museum","Cultural landmark","History museum","Local history museum","Maritime museum","Natural history museum","Science museum","Tourist attraction","Museum","4079332118394336855","The Gardens","AU","0x2cc091a8ba80cc17:0x389cb2f2cdbc7657","https://lh3.googleusercontent.com/gps-cs-s/AC9h4npYweXW4ELU76RUVoypYLxJ9MO1BJGGkcyPvaTAZ74aAmLZhqDmLWSOkoV8_O-ksfZ5r56NvkBy94lqXbJyH0k6_GLWbR0MRkFfL9mRljDxxdoARLxW_lzBrF0yqWw_lEkqztMM=w408-h306-k-no","false","true","en","0","-12.4371494","130.8334367","Lyall Zeeb",,"en","false","ChIJF8yAuqiRwCwRV3a8zfKynDg","0820",,"a month ago","2025-08-21T05:35:36.724Z",,,,"No","Weekend","No wait","Ci9DQUlRQUNvZENodHljRjlvT21aS1UxcEpSRlp6VTFGdldVeENVbUY1YzNSclJIYxAB",,,,,,,,,,,,,,,,,,,"Google","https://www.google.com/maps/reviews/data=!4m8!14m7!1m6!2m5!1sCi9DQUlRQUNvZENodHljRjlvT21aS1UxcEpSRlp6VTFGdldVeENVbUY1YzNSclJIYxAB!2m1!1s0x0:0x389cb2f2cdbc7657!3m1!1s2@1:CAIQACodChtycF9oOmZKU1pJRFZzU1FvWUxCUmF5c3RrRHc%7C%7C?hl=en","112857812204839692659","132","https://lh3.googleusercontent.com/a-/ALV-UjXdoWbgX9FfFen11O_qPpNH-PXFvg6DL36pTEIeE_mV3mzj5hlQ=s1920-c-rp-mo-ba4-br100","https://www.google.com/maps/contrib/112857812204839692659?hl=en","3661","2025-09-22T03:27:20.019Z","Direct Detail URL: https://www.google.com/maps/place/Museum+and+Art+Gallery+of+the+Northern+Territory/@-12.4371494,130.8308618,17z/data=!4m8!3m7!1s0x2cc091a8ba80cc17:0x389cb2f2cdbc7657!8m2!3d-12.4371494!4d130.8334367!9m1!1b1!16s%2Fm%2F03qfrsf?entry=ttu&g_ep=EgoyMDI1MDkxNy4wIKXMDSoASAFQAw%3D%3D","5","Northern Territory","19 Conacher St","false","A great museum and the Cyclone Tracy exhibition was awesome.",,"Museum and Art Gallery of the Northern Territory","4.6",,"https://www.google.com/maps/search/?api=1&query=Museum%20and%20Art%20Gallery%20of%20the%20Northern%20Territory&query_place_id=ChIJF8yAuqiRwCwRV3a8zfKynDg",
"19 Conacher St, The Gardens NT 0820, Australia","Museum","Art gallery","Art museum","Cultural landmark","History museum","Local history museum","Maritime museum","Natural history museum","Science museum","Tourist attraction","Museum","4079332118394336855","The Gardens","AU","0x2cc091a8ba80cc17:0x389cb2f2cdbc7657","https://lh3.googleusercontent.com/gps-cs-s/AC9h4npYweXW4ELU76RUVoypYLxJ9MO1BJGGkcyPvaTAZ74aAmLZhqDmLWSOkoV8_O-ksfZ5r56NvkBy94lqXbJyH0k6_GLWbR0MRkFfL9mRljDxxdoARLxW_lzBrF0yqWw_lEkqztMM=w408-h306-k-no","false","true","en","0","-12.4371494","130.8334367","Liz West",,"en","false","ChIJF8yAuqiRwCwRV3a8zfKynDg","0820",,"a month ago","2025-08-21T03:50:58.222Z",,,,"No","Weekday","No wait","Ci9DQUlRQUNvZENodHljRjlvT2todFptTTBVRWN5ZFhoVU1FVkhlWFV5YWxRd2QzYxAB",,,,,,,,,,,,,,,,,,,"Google","https://www.google.com/maps/reviews/data=!4m8!14m7!1m6!2m5!1sCi9DQUlRQUNvZENodHljRjlvT2todFptTTBVRWN5ZFhoVU1FVkhlWFV5YWxRd2QzYxAB!2m1!1s0x0:0x389cb2f2cdbc7657!3m1!1s2@1:CAIQACodChtycF9oOkhtZmM0UEcydXhUMEVHeXUyalQwd3c%7C%7C?hl=en","113376055640310189367","72","https://lh3.googleusercontent.com/a/ACg8ocLXZTj-Wq7eZC6hpCsHRNv-cUmY_9E1wiIIaoAaaWt8gqSe7A=s1920-c-rp-mo-ba3-br100","https://www.google.com/maps/contrib/113376055640310189367?hl=en","3661","2025-09-22T03:27:20.019Z","Direct Detail URL: https://www.google.com/maps/place/Museum+and+Art+Gallery+of+the+Northern+Territory/@-12.4371494,130.8308618,17z/data=!4m8!3m7!1s0x2cc091a8ba80cc17:0x389cb2f2cdbc7657!8m2!3d-12.4371494!4d130.8334367!9m1!1b1!16s%2Fm%2F03qfrsf?entry=ttu&g_ep=EgoyMDI1MDkxNy4wIKXMDSoASAFQAw%3D%3D","5","Northern Territory","19 Conacher St","false","So interesting and free with aircon.",,"Museum and Art Gallery of the Northern Territory","4.6",,"https://www.google.com/maps/search/?api=1&query=Museum%20and%20Art%20Gallery%20of%20the%20Northern%20Territory&query_place_id=ChIJF8yAuqiRwCwRV3a8zfKynDg",
"19 Conacher St, The Gardens NT 0820, Australia","Museum","Art gallery","Art museum","Cultural landmark","History museum","Local history museum","Maritime museum","Natural history museum","Science museum","Tourist attraction","Museum","4079332118394336855","The Gardens","AU","0x2cc091a8ba80cc17:0x389cb2f2cdbc7657","https://lh3.googleusercontent.com/gps-cs-s/AC9h4npYweXW4ELU76RUVoypYLxJ9MO1BJGGkcyPvaTAZ74aAmLZhqDmLWSOkoV8_O-ksfZ5r56NvkBy94lqXbJyH0k6_GLWbR0MRkFfL9mRljDxxdoARLxW_lzBrF0yqWw_lEkqztMM=w408-h306-k-no","false","true","en","0","-12.4371494","130.8334367","Karel Everaert",,"nl","false","ChIJF8yAuqiRwCwRV3a8zfKynDg","0820",,"a month ago","2025-08-20T12:53:52.558Z",,,,"No","Weekday","No wait","Ci9DQUlRQUNvZENodHljRjlvT25kWWFXRm1hMFZMVUc5TE9EZzBVR3hTWjJGMFJYYxAB",,,,,,,,,,,,,,,,,,,"Google","https://www.google.com/maps/reviews/data=!4m8!14m7!1m6!2m5!1sCi9DQUlRQUNvZENodHljRjlvT25kWWFXRm1hMFZMVUc5TE9EZzBVR3hTWjJGMFJYYxAB!2m1!1s0x0:0x389cb2f2cdbc7657!3m1!1s2@1:CAIQACodChtycF9oOndYaWFma0VLUG9LODg0UGxSZ2F0RXc%7C%7C?hl=en","113814750559970748001","18","https://lh3.googleusercontent.com/a/ACg8ocJwlA4BIQhwkumw03fhdbDk0QGOD3Axp9VRlJNHnhZTApUKrQ=s1920-c-rp-mo-ba2-br100","https://www.google.com/maps/contrib/113814750559970748001?hl=en","3661","2025-09-22T03:27:20.019Z","Direct Detail URL: https://www.google.com/maps/place/Museum+and+Art+Gallery+of+the+Northern+Territory/@-12.4371494,130.8308618,17z/data=!4m8!3m7!1s0x2cc091a8ba80cc17:0x389cb2f2cdbc7657!8m2!3d-12.4371494!4d130.8334367!9m1!1b1!16s%2Fm%2F03qfrsf?entry=ttu&g_ep=EgoyMDI1MDkxNy4wIKXMDSoASAFQAw%3D%3D","5","Northern Territory","19 Conacher St","false","Zeer educatief en mooi","Very educational and beautiful","Museum and Art Gallery of the Northern Territory","4.6","en","https://www.google.com/maps/search/?api=1&query=Museum%20and%20Art%20Gallery%20of%20the%20Northern%20Territory&query_place_id=ChIJF8yAuqiRwCwRV3a8zfKynDg",
"19 Conacher St, The Gardens NT 0820, Australia","Museum","Art gallery","Art museum","Cultural landmark","History museum","Local history museum","Maritime museum","Natural history museum","Science museum","Tourist attraction","Museum","4079332118394336855","The Gardens","AU","0x2cc091a8ba80cc17:0x389cb2f2cdbc7657","https://lh3.googleusercontent.com/gps-cs-s/AC9h4npYweXW4ELU76RUVoypYLxJ9MO1BJGGkcyPvaTAZ74aAmLZhqDmLWSOkoV8_O-ksfZ5r56NvkBy94lqXbJyH0k6_GLWbR0MRkFfL9mRljDxxdoARLxW_lzBrF0yqWw_lEkqztMM=w408-h306-k-no","false","true","en","0","-12.4371494","130.8334367","Heidi & Kevin Conway",,"en","false","ChIJF8yAuqiRwCwRV3a8zfKynDg","0820",,"a month ago","2025-08-20T06:15:16.107Z",,,,"No","Weekday","No wait","Ci9DQUlRQUNvZENodHljRjlvT25KTFZGQllha1IzYUhVM1UxZENZVU4zWlcxd2JWRRAB",,,,,,,,,,,,,,,,,,,"Google","https://www.google.com/maps/reviews/data=!4m8!14m7!1m6!2m5!1sCi9DQUlRQUNvZENodHljRjlvT25KTFZGQllha1IzYUhVM1UxZENZVU4zWlcxd2JWRRAB!2m1!1s0x0:0x389cb2f2cdbc7657!3m1!1s2@1:CAIQACodChtycF9oOnJLVFBYakR3aHU3U1dCYUN3ZW1wbVE%7C%7C?hl=en","104993038052838247278","50","https://lh3.googleusercontent.com/a/ACg8ocI3iiP2twhxbdPR_fShY4kYpJ_OSVUtEuCqBesfyStxqh3KTg=s1920-c-rp-mo-ba4-br100","https://www.google.com/maps/contrib/104993038052838247278?hl=en","3661","2025-09-22T03:27:20.019Z","Direct Detail URL: https://www.google.com/maps/place/Museum+and+Art+Gallery+of+the+Northern+Territory/@-12.4371494,130.8308618,17z/data=!4m8!3m7!1s0x2cc091a8ba80cc17:0x389cb2f2cdbc7657!8m2!3d-12.4371494!4d130.8334367!9m1!1b1!16s%2Fm%2F03qfrsf?entry=ttu&g_ep=EgoyMDI1MDkxNy4wIKXMDSoASAFQAw%3D%3D","5","Northern Territory","19 Conacher St","false","Fantastic museum and well worth a visit. Entry is free.",,"Museum and Art Gallery of the Northern Territory","4.6",,"https://www.google.com/maps/search/?api=1&query=Museum%20and%20Art%20Gallery%20of%20the%20Northern%20Territory&query_place_id=ChIJF8yAuqiRwCwRV3a8zfKynDg",
"19 Conacher St, The Gardens NT 0820, Australia","Museum","Art gallery","Art museum","Cultural landmark","History museum","Local history museum","Maritime museum","Natural history museum","Science museum","Tourist attraction","Museum","4079332118394336855","The Gardens","AU","0x2cc091a8ba80cc17:0x389cb2f2cdbc7657","https://lh3.googleusercontent.com/gps-cs-s/AC9h4npYweXW4ELU76RUVoypYLxJ9MO1BJGGkcyPvaTAZ74aAmLZhqDmLWSOkoV8_O-ksfZ5r56NvkBy94lqXbJyH0k6_GLWbR0MRkFfL9mRljDxxdoARLxW_lzBrF0yqWw_lEkqztMM=w408-h306-k-no","false","true","en","0","-12.4371494","130.8334367","alan ventress",,"en","false","ChIJF8yAuqiRwCwRV3a8zfKynDg","0820",,"a month ago","2025-08-20T03:46:02.525Z",,,,"No","Weekday","No wait","Ci9DQUlRQUNvZENodHljRjlvT2xSa05XaElNMHh3Ym0xMWNXZEpTRWd0V2tsQ00wRRAB","https://lh3.googleusercontent.com/geougc-cs/AB3l90AScKybgjCx3DIrCtKaVcZjH18YJs5l5mizmehgP9uCFMHHE1tzyqbjMWL4yn6l6duHt7AJuPpIwsXGAUnnJf8GihQNrWofOI6Q4FovonuaJErpdvxR1419oygeKoT5Gq15xb1iQ7xsxRQN","https://lh3.googleusercontent.com/geougc-cs/AB3l90Ci2JCuYyuZxtjObo0nsMxlpu82wG1kD0ZqNyEQQRw8n4r5bOdRa8xaw5F0VBQyYZvk3Y1JKxxr5ICcGb3mbYGmUnEh-5HN0mw4JYuyuMNgHoZuAr-UE5fquIARVqmDA1kdzGuOsWEW6yqS","https://lh3.googleusercontent.com/geougc-cs/AB3l90DE_xEKpbWGQ15qBEDy_aRgDq-nQvDYFx-R12RNcVXlAfCuCqrpoGv3h-jTRcMTm9TC0gEAj4ueZiQvAqnoVvysYSqTq_yL-lIgS_9Cy8Oc2c18tmfRPMxNJxQsBIeIPamFuJnKBVyqRj4","https://lh3.googleusercontent.com/geougc-cs/AB3l90AhVXThAUmWGivJFXLWecBw4LDaQk8oyXjJPuexRvnkcmQ091bYqdQDQhjJVHAEIo4dG_zI1yjwnOi2hsqqa0NJvzFGs-ZpqQbVdhQApOGFwzCOAJ9Y8Vzb3toNQ_zrXUxSzpyhtzJgEo9N","https://lh3.googleusercontent.com/geougc-cs/AB3l90BGgo4YDT-iTz_5Nvduu2kQxpYD7UHdbBV0ElCTtk57dlOp_LQlEmMuVNjEDGBlH-hzTB0Z9QRBeDaS2yD5YtG53mZW082l8P5IskBSf_SLZ0JjPbvJEFUzdhV0WL4pw0kJxGGvYZ5GsCrz",,,,,,,,,,,,,,"Google","https://www.google.com/maps/reviews/data=!4m8!14m7!1m6!2m5!1sCi9DQUlRQUNvZENodHljRjlvT2xSa05XaElNMHh3Ym0xMWNXZEpTRWd0V2tsQ00wRRAB!2m1!1s0x0:0x389cb2f2cdbc7657!3m1!1s2@1:CAIQACodChtycF9oOlRkNWhIM0xwbm11cWdJSEgtWklCM0E%7C%7C?hl=en","101505587897625776127","259","https://lh3.googleusercontent.com/a-/ALV-UjU8pXc5vDGtM76aEn0DMVdaUutngMtleBTM_8LQOVgcZI-f9OupWw=s1920-c-rp-mo-ba6-br100","https://www.google.com/maps/contrib/101505587897625776127?hl=en","3661","2025-09-22T03:27:20.019Z","Direct Detail URL: https://www.google.com/maps/place/Museum+and+Art+Gallery+of+the+Northern+Territory/@-12.4371494,130.8308618,17z/data=!4m8!3m7!1s0x2cc091a8ba80cc17:0x389cb2f2cdbc7657!8m2!3d-12.4371494!4d130.8334367!9m1!1b1!16s%2Fm%2F03qfrsf?entry=ttu&g_ep=EgoyMDI1MDkxNy4wIKXMDSoASAFQAw%3D%3D","5","Northern Territory","19 Conacher St","false","A very compact but intensely interesting museum and art gallery. I particularly enjoyed the Cyclone Tracy exhibit and the extensive collection of Aboriginal art",,"Museum and Art Gallery of the Northern Territory","4.6",,"https://www.google.com/maps/search/?api=1&query=Museum%20and%20Art%20Gallery%20of%20the%20Northern%20Territory&query_place_id=ChIJF8yAuqiRwCwRV3a8zfKynDg",
"19 Conacher St, The Gardens NT 0820, Australia","Museum","Art gallery","Art museum","Cultural landmark","History museum","Local history museum","Maritime museum","Natural history museum","Science museum","Tourist attraction","Museum","4079332118394336855","The Gardens","AU","0x2cc091a8ba80cc17:0x389cb2f2cdbc7657","https://lh3.googleusercontent.com/gps-cs-s/AC9h4npYweXW4ELU76RUVoypYLxJ9MO1BJGGkcyPvaTAZ74aAmLZhqDmLWSOkoV8_O-ksfZ5r56NvkBy94lqXbJyH0k6_GLWbR0MRkFfL9mRljDxxdoARLxW_lzBrF0yqWw_lEkqztMM=w408-h306-k-no","false","true","en","0","-12.4371494","130.8334367","Pat MacLeod",,"en","false","ChIJF8yAuqiRwCwRV3a8zfKynDg","0820",,"a month ago","2025-08-19T05:07:25.015Z",,,,,,,"Ci9DQUlRQUNvZENodHljRjlvT2s1VVJWUjFZelJmV1ZOMmRrWTFjVGRRVlU1NmJrRRAB",,,,,,,,,,,,,,,,,,,"Google","https://www.google.com/maps/reviews/data=!4m8!14m7!1m6!2m5!1sCi9DQUlRQUNvZENodHljRjlvT2s1VVJWUjFZelJmV1ZOMmRrWTFjVGRRVlU1NmJrRRAB!2m1!1s0x0:0x389cb2f2cdbc7657!3m1!1s2@1:CAIQACodChtycF9oOk5URVR1YzRfWVN2dkY1cTdQVU56bkE%7C%7C?hl=en","107726120620834568345","132","https://lh3.googleusercontent.com/a/ACg8ocKGFa2hmSwDpMQQgbab6qNuRqSSJSGMupaAN8vr_iWm2qQnuw=s1920-c-rp-mo-ba4-br100","https://www.google.com/maps/contrib/107726120620834568345?hl=en","3661","2025-09-22T03:27:20.019Z","Direct Detail URL: https://www.google.com/maps/place/Museum+and+Art+Gallery+of+the+Northern+Territory/@-12.4371494,130.8308618,17z/data=!4m8!3m7!1s0x2cc091a8ba80cc17:0x389cb2f2cdbc7657!8m2!3d-12.4371494!4d130.8334367!9m1!1b1!16s%2Fm%2F03qfrsf?entry=ttu&g_ep=EgoyMDI1MDkxNy4wIKXMDSoASAFQAw%3D%3D","1","Northern Territory","19 Conacher St","false","Nor open",,"Museum and Art Gallery of the Northern Territory","4.6",,"https://www.google.com/maps/search/?api=1&query=Museum%20and%20Art%20Gallery%20of%20the%20Northern%20Territory&query_place_id=ChIJF8yAuqiRwCwRV3a8zfKynDg",
"19 Conacher St, The Gardens NT 0820, Australia","Museum","Art gallery","Art museum","Cultural landmark","History museum","Local history museum","Maritime museum","Natural history museum","Science museum","Tourist attraction","Museum","4079332118394336855","The Gardens","AU","0x2cc091a8ba80cc17:0x389cb2f2cdbc7657","https://lh3.googleusercontent.com/gps-cs-s/AC9h4npYweXW4ELU76RUVoypYLxJ9MO1BJGGkcyPvaTAZ74aAmLZhqDmLWSOkoV8_O-ksfZ5r56NvkBy94lqXbJyH0k6_GLWbR0MRkFfL9mRljDxxdoARLxW_lzBrF0yqWw_lEkqztMM=w408-h306-k-no","false","true","en","0","-12.4371494","130.8334367","Phillip Reddick",,,"false","ChIJF8yAuqiRwCwRV3a8zfKynDg","0820",,"a month ago","2025-08-19T04:47:53.546Z",,,,,,,"Ci9DQUlRQUNvZENodHljRjlvT20xRE5teEZXbkF3TmxacmFVeGthV0pLVjIwMmFIYxAB",,,,,,,,,,,,,,,,,,,"Google","https://www.google.com/maps/reviews/data=!4m8!14m7!1m6!2m5!1sCi9DQUlRQUNvZENodHljRjlvT20xRE5teEZXbkF3TmxacmFVeGthV0pLVjIwMmFIYxAB!2m1!1s0x0:0x389cb2f2cdbc7657!3m1!1s2@1:CAIQACodChtycF9oOm1DNmxFWnAwNlZraUxkaWJKV202aHc%7C%7C?hl=en","108855723572992163980","2","https://lh3.googleusercontent.com/a-/ALV-UjUpCbRNaox7kD8p_Lu0jnHcBSMoM0P0euvy8iCrX0148IaG9CM5nQ=s1920-c-rp-mo-ba3-br100","https://www.google.com/maps/contrib/108855723572992163980?hl=en","3661","2025-09-22T03:27:20.019Z","Direct Detail URL: https://www.google.com/maps/place/Museum+and+Art+Gallery+of+the+Northern+Territory/@-12.4371494,130.8308618,17z/data=!4m8!3m7!1s0x2cc091a8ba80cc17:0x389cb2f2cdbc7657!8m2!3d-12.4371494!4d130.8334367!9m1!1b1!16s%2Fm%2F03qfrsf?entry=ttu&g_ep=EgoyMDI1MDkxNy4wIKXMDSoASAFQAw%3D%3D","5","Northern Territory","19 Conacher St","false",,,"Museum and Art Gallery of the Northern Territory","4.6",,"https://www.google.com/maps/search/?api=1&query=Museum%20and%20Art%20Gallery%20of%20the%20Northern%20Territory&query_place_id=ChIJF8yAuqiRwCwRV3a8zfKynDg",
"19 Conacher St, The Gardens NT 0820, Australia","Museum","Art gallery","Art museum","Cultural landmark","History museum","Local history museum","Maritime museum","Natural history museum","Science museum","Tourist attraction","Museum","4079332118394336855","The Gardens","AU","0x2cc091a8ba80cc17:0x389cb2f2cdbc7657","https://lh3.googleusercontent.com/gps-cs-s/AC9h4npYweXW4ELU76RUVoypYLxJ9MO1BJGGkcyPvaTAZ74aAmLZhqDmLWSOkoV8_O-ksfZ5r56NvkBy94lqXbJyH0k6_GLWbR0MRkFfL9mRljDxxdoARLxW_lzBrF0yqWw_lEkqztMM=w408-h306-k-no","false","true","en","0","-12.4371494","130.8334367","Phill Goulding",,,"false","ChIJF8yAuqiRwCwRV3a8zfKynDg","0820",,"a month ago","2025-08-18T07:07:01.483Z",,,,,,,"Ci9DQUlRQUNvZENodHljRjlvT2xwNkxVOUtSbE5IU0dFeE4wdFBZVFpIUjAxWGJFRRAB",,,,,,,,,,,,,,,,,,,"Google","https://www.google.com/maps/reviews/data=!4m8!14m7!1m6!2m5!1sCi9DQUlRQUNvZENodHljRjlvT2xwNkxVOUtSbE5IU0dFeE4wdFBZVFpIUjAxWGJFRRAB!2m1!1s0x0:0x389cb2f2cdbc7657!3m1!1s2@1:CAIQACodChtycF9oOlp6LU9KRlNHSGExN0tPYTZHR01XbEE%7C%7C?hl=en","109131402146068462204","26","https://lh3.googleusercontent.com/a-/ALV-UjUoMQZObzQ9gBOj7dVmTLrNfUTWddxGdoPBG71-DTXpKKZil7LBYg=s1920-c-rp-mo-ba4-br100","https://www.google.com/maps/contrib/109131402146068462204?hl=en","3661","2025-09-22T03:27:20.019Z","Direct Detail URL: https://www.google.com/maps/place/Museum+and+Art+Gallery+of+the+Northern+Territory/@-12.4371494,130.8308618,17z/data=!4m8!3m7!1s0x2cc091a8ba80cc17:0x389cb2f2cdbc7657!8m2!3d-12.4371494!4d130.8334367!9m1!1b1!16s%2Fm%2F03qfrsf?entry=ttu&g_ep=EgoyMDI1MDkxNy4wIKXMDSoASAFQAw%3D%3D","5","Northern Territory","19 Conacher St","false",,,"Museum and Art Gallery of the Northern Territory","4.6",,"https://www.google.com/maps/search/?api=1&query=Museum%20and%20Art%20Gallery%20of%20the%20Northern%20Territory&query_place_id=ChIJF8yAuqiRwCwRV3a8zfKynDg",
"19 Conacher St, The Gardens NT 0820, Australia","Museum","Art gallery","Art museum","Cultural landmark","History museum","Local history museum","Maritime museum","Natural history museum","Science museum","Tourist attraction","Museum","4079332118394336855","The Gardens","AU","0x2cc091a8ba80cc17:0x389cb2f2cdbc7657","https://lh3.googleusercontent.com/gps-cs-s/AC9h4npYweXW4ELU76RUVoypYLxJ9MO1BJGGkcyPvaTAZ74aAmLZhqDmLWSOkoV8_O-ksfZ5r56NvkBy94lqXbJyH0k6_GLWbR0MRkFfL9mRljDxxdoARLxW_lzBrF0yqWw_lEkqztMM=w408-h306-k-no","false","true","en","0","-12.4371494","130.8334367","Rod Butterfield",,,"false","ChIJF8yAuqiRwCwRV3a8zfKynDg","0820",,"a month ago","2025-08-17T07:14:36.089Z",,,,"No","Weekend","No wait","Ci9DQUlRQUNvZENodHljRjlvT21OSFRVMUJYM1V0YnpSbVNFcGpabU5ZYUZkZlVVRRAB",,,,,,,,,,,,,,,,,,,"Google","https://www.google.com/maps/reviews/data=!4m8!14m7!1m6!2m5!1sCi9DQUlRQUNvZENodHljRjlvT21OSFRVMUJYM1V0YnpSbVNFcGpabU5ZYUZkZlVVRRAB!2m1!1s0x0:0x389cb2f2cdbc7657!3m1!1s2@1:CAIQACodChtycF9oOmNHTU1BX3UtbzRmSEpjZmNYaFdfUUE%7C%7C?hl=en","116165699148498604290","42","https://lh3.googleusercontent.com/a-/ALV-UjWsUnUcLzKQVqJXCwkoVRklKQkAgkHoS4mN2REI9zF9s2Rhblq-Jw=s1920-c-rp-mo-ba5-br100","https://www.google.com/maps/contrib/116165699148498604290?hl=en","3661","2025-09-22T03:27:20.019Z","Direct Detail URL: https://www.google.com/maps/place/Museum+and+Art+Gallery+of+the+Northern+Territory/@-12.4371494,130.8308618,17z/data=!4m8!3m7!1s0x2cc091a8ba80cc17:0x389cb2f2cdbc7657!8m2!3d-12.4371494!4d130.8334367!9m1!1b1!16s%2Fm%2F03qfrsf?entry=ttu&g_ep=EgoyMDI1MDkxNy4wIKXMDSoASAFQAw%3D%3D","4","Northern Territory","19 Conacher St","false",,,"Museum and Art Gallery of the Northern Territory","4.6",,"https://www.google.com/maps/search/?api=1&query=Museum%20and%20Art%20Gallery%20of%20the%20Northern%20Territory&query_place_id=ChIJF8yAuqiRwCwRV3a8zfKynDg",
"19 Conacher St, The Gardens NT 0820, Australia","Museum","Art gallery","Art museum","Cultural landmark","History museum","Local history museum","Maritime museum","Natural history museum","Science museum","Tourist attraction","Museum","4079332118394336855","The Gardens","AU","0x2cc091a8ba80cc17:0x389cb2f2cdbc7657","https://lh3.googleusercontent.com/gps-cs-s/AC9h4npYweXW4ELU76RUVoypYLxJ9MO1BJGGkcyPvaTAZ74aAmLZhqDmLWSOkoV8_O-ksfZ5r56NvkBy94lqXbJyH0k6_GLWbR0MRkFfL9mRljDxxdoARLxW_lzBrF0yqWw_lEkqztMM=w408-h306-k-no","false","true","en","0","-12.4371494","130.8334367","Gordon Mills",,"en","false","ChIJF8yAuqiRwCwRV3a8zfKynDg","0820",,"a month ago","2025-08-17T07:05:34.884Z",,,,"No","Weekend","No wait","Ci9DQUlRQUNvZENodHljRjlvT21OT1RFOUtkVzltVmxsQ1JpMVJOMjlTTVhoQlExRRAB","https://lh3.googleusercontent.com/geougc-cs/AB3l90BwMWZc7C8aK6DIcamtekt3ch_W8Ju31i8oiuXKandf-CvGPrGY0xK-pPnl98jpfSpe5CjlPWaJl7PQpMBzH-iNZ6rzfUWgrK079quEEKEd9rZqPFwWBziqbK7Huwt6I_pqBZ1yuSQQwzjM","https://lh3.googleusercontent.com/geougc-cs/AB3l90AMqzHivuRk48QzoR4pjUryV1q0vlk2OFiQG9yATE6yAw48mF2kJgzUJsOWJncStmRNBlvzOH3GwZR0Oira6cz0CilzW7-jdHiZfQ8hy2Y5Y7MYewaXCpGFixXp7pjL8clPvOm91CjPF1IE","https://lh3.googleusercontent.com/geougc-cs/AB3l90Dlvlo0CWTmsoOtqWoa9xTEqGZiL_9fW7heLUFcIKLOBnjcdiqTt8ttLawJ3q-MuXrl1DvXYEH-iTl-wNtqrnBukC07DLTUIakpNs3Hmg8ZRK0pxisZapc44QFcgTK8R7MO5A_pBhsNWlsj","https://lh3.googleusercontent.com/geougc-cs/AB3l90Aa_8tPoeZWf-3McT__hAdsnC8sxj_fofQxR8_lz8SguQbNGPPzhcSbmRd1ekMBx3A993DdXKNhaMAcR3Pm7jqAVURSave8ECUt2rmjrab2mTKOjhb8-Ik60Ib7u5QoX461Ci1RtxYyfpc","https://lh3.googleusercontent.com/geougc-cs/AB3l90B_2UbgMxvsjBFmfnJJcjqpfna6x9YhV9kUFwgCOxIh_6z7ktYOBbCWxYJPELirvc6SahiGuf8NopTfqHnbB74rvORm02NCnxO2dsX0D_q3hEVL0Ds_dARe3Y6BJDow8Z6gZjAdfzk_m_g","https://lh3.googleusercontent.com/geougc-cs/AB3l90AIyOEwMFhQuvVZyE2_U7BX2Xw606Ii6opMENVsVqmee8jA8kVmWPWUq4eshjZe3KEfWDjABWDwzzBbKCllSJM5V_xVsSjKgdC9Igu3ABbGyour6KN7DrzdAXc98dfkgFkhrs4nvVr5mvZY","https://lh3.googleusercontent.com/geougc-cs/AB3l90ADQZn2C19qDjZPkC3CXz954AXO_iskdoKB-k8DYJfq2CfUHYjYSYBnIlAll2Qgoxl7QxBBAxZj3fTIIjBDOUSNWdy5aIEAKQKjp252a19zt8r6xsOf8JvG0RLMIk_fMXMYG9JgaE3YX3I","https://lh3.googleusercontent.com/geougc-cs/AB3l90ApvQ_PLf8djc-MguL0JIwzA93z-MJMlfcoH4iepJGLrmkqWm1qWGGkfr7AAwIvayh26iB1zwW2rcMw8yGT6RbxJwFOgMxIhASOXCR0S9yAFWpasOvrYRrOVDc_Fmh7oNWuDdSmxOcNWoEX","https://lh3.googleusercontent.com/geougc-cs/AB3l90CIhfeZ0NLnNaEV_5sFhVbi7X3zlbAuN8eQGeKMCSyBVhjqmofDOnGNvrxWWs0dfJVMo7TQhS1kMNxfqlOkdHG_kzoqIgAtavxQ13N5o-nRnC5lefwVBgNJr6VJlhXs_bIypZeJBI3Io0s","https://lh3.googleusercontent.com/geougc-cs/AB3l90Daw_OFpUZyq-fjN27-lwgbNf8HH1OwPjRuCS1Yq0ifKpMABinVDQs7sT8lmYF4_QGpj3SDwUEEUFoeDgJHCR4zx3pTQs0TW_wxevoD851fENlW889NQYFKjyzVsaPsJ-VlEPKNZ_pihUSn","https://lh3.googleusercontent.com/geougc-cs/AB3l90A4KILw8ep_pYrY1PaIcnp5BcJsTWuPIgmKBrvKksKRCii7mB9aq_KD6Mx2XK6vXqDtVRB85mDM6FHfO4QZJpI3HJJUihCIjfy-1BKluOyM0vRpSSXFMBBuQlikkYIaeWGetb4DYobQ2kSd",,,,,,,,"Google","https://www.google.com/maps/reviews/data=!4m8!14m7!1m6!2m5!1sCi9DQUlRQUNvZENodHljRjlvT21OT1RFOUtkVzltVmxsQ1JpMVJOMjlTTVhoQlExRRAB!2m1!1s0x0:0x389cb2f2cdbc7657!3m1!1s2@1:CAIQACodChtycF9oOmNOTE9KdW9mVllCRi1RN29SMXhBQ1E%7C%7C?hl=en","105252886263480883415","137","https://lh3.googleusercontent.com/a-/ALV-UjXHwl_oEXYeQF6823DIxHr1SID5saHu0QNI7P_2PTkKT1pW_ohB_g=s1920-c-rp-mo-ba4-br100","https://www.google.com/maps/contrib/105252886263480883415?hl=en","3661","2025-09-22T03:27:20.019Z","Direct Detail URL: https://www.google.com/maps/place/Museum+and+Art+Gallery+of+the+Northern+Territory/@-12.4371494,130.8308618,17z/data=!4m8!3m7!1s0x2cc091a8ba80cc17:0x389cb2f2cdbc7657!8m2!3d-12.4371494!4d130.8334367!9m1!1b1!16s%2Fm%2F03qfrsf?entry=ttu&g_ep=EgoyMDI1MDkxNy4wIKXMDSoASAFQAw%3D%3D","5","Northern Territory","19 Conacher St","false","Wonderful exhibitions, the ones on Megafauna and Cyclone Tracy were particularly good.",,"Museum and Art Gallery of the Northern Territory","4.6",,"https://www.google.com/maps/search/?api=1&query=Museum%20and%20Art%20Gallery%20of%20the%20Northern%20Territory&query_place_id=ChIJF8yAuqiRwCwRV3a8zfKynDg",
"19 Conacher St, The Gardens NT 0820, Australia","Museum","Art gallery","Art museum","Cultural landmark","History museum","Local history museum","Maritime museum","Natural history museum","Science museum","Tourist attraction","Museum","4079332118394336855","The Gardens","AU","0x2cc091a8ba80cc17:0x389cb2f2cdbc7657","https://lh3.googleusercontent.com/gps-cs-s/AC9h4npYweXW4ELU76RUVoypYLxJ9MO1BJGGkcyPvaTAZ74aAmLZhqDmLWSOkoV8_O-ksfZ5r56NvkBy94lqXbJyH0k6_GLWbR0MRkFfL9mRljDxxdoARLxW_lzBrF0yqWw_lEkqztMM=w408-h306-k-no","false","true","en","0","-12.4371494","130.8334367","roberto pupilella",,"it","false","ChIJF8yAuqiRwCwRV3a8zfKynDg","0820",,"a month ago","2025-08-17T05:59:28.863Z",,,,,"Weekday",,"Ci9DQUlRQUNvZENodHljRjlvT21NeVRYRlhTa3BQYVhWelowdzBNbTV0TFROelRuYxAB","https://lh3.googleusercontent.com/geougc-cs/AB3l90AvXbpMm6gdgTchJx8AP1a8nH45hlXWZXzJqJP-NLLKcKFy39taS7dOKRCJJoVCAjoZBlhH9D-mneO8uxyr3sUBTg7n-FDC1jLrqBWq2y5fIpeFMbas97-DBOpuPxiRTd36PFGyLfpN0cJc","https://lh3.googleusercontent.com/geougc-cs/AB3l90COyISWLDYCoOmDYkTgMo4SWz2hdwaXi4qz2m2DZpOErII4-AVjaOOzxDIu4Fw4YojbJXIqYp66ZgcQjMLn7pK1S1M3fYxVa8kIqV5bMckLjjmZlbR1RhBwnwzAh0su3183s4DVhsW1W4xX","https://lh3.googleusercontent.com/geougc-cs/AB3l90AjCsEST0qV9O3Y4qrR_--eRRje8g_lH1YsCPF67u3jUDCxBs_Y_pC-uZlx6DsZbJe_awHceKiEV1GtpKMwymrTAZgs3T0MXb1nENQ5SRxR_tjtS_g0LqYEWe_Hzj9y4fWulroEHpm5f1HV","https://lh3.googleusercontent.com/geougc-cs/AB3l90AC4U1-NqyyoKXLF5PUPz7d_34n0wJUMUj4DBrbv9jPC9pnniV49OKCbcRoAIa6w7BSCyZtYt-mON3yTcniPGVIBFARYEeT97d9Jh5QlKH7T5C7vsRVuurPZebVDnoxoECyf_d0loandIhs","https://lh3.googleusercontent.com/geougc-cs/AB3l90B5gLPk9OHfzHxG07VUQqmQH8p7vNQUYCgZ2C2FlPXu1SNdR1Yk4w_NAI12Cv6XAifTdeVPRG4VM_V6PqFBDIvwr9tt3aUdbJxTmH4Ab4NGzSOuEb--3TbRjsWqUDtkkOhXiKWUoLXvMBAM","https://lh3.googleusercontent.com/geougc-cs/AB3l90CfvoudMcqmg-20Y_N90xqlVQim4HfnKZO1utc69bKCHSMLCxLuizkSlHRGEp_1hJNJe3_UUVZ_Z8hCQ36XNVWHdQg5WCSqom79rnGt2ql_4YOJ5niS39u5iyS6D8Ao4c4KGW-mju-2jgg","https://lh3.googleusercontent.com/geougc-cs/AB3l90C728gWfa0mJSvcN8Rbz-QWeyUU1-d2EfSUEQz-lUNcmv3nWcx5AprCt_3H9MUF4Li0PFvXES4JgjsccpqyctBIn-zmGJ4IOK3jr9imIWqirgLcT9fysN40tDbdEFBbOj4gx6JX-AW4BvFz","https://lh3.googleusercontent.com/geougc-cs/AB3l90AYf0YjywjjhtsX2nlenUPldH1GZDR1QnC7N9ne2oS-WkLCYx9iRsDtwrBsJnnsXvTIqOrW1T1Z5MAdAW0JFNSSG3yVWHxncQmXCE8UEZC5YyUQ0XOtJICqsa9rAz8haIl1RQRb8DDyy3_7","https://lh3.googleusercontent.com/geougc-cs/AB3l90CdkteYon6gv--Ck-XTCaRVmfOg1Sf9dTrw5g-vg4sRjq2ji79PIsAKGrr-jav0M-oTdNcsZtznFdSQd41yeT-_cQ8C9ZZMZId_VHWwD6aBa3QX42OyWr-MhzxMcBoRZRqmb86cef70Mlc",,,,,,,,,,"Google","https://www.google.com/maps/reviews/data=!4m8!14m7!1m6!2m5!1sCi9DQUlRQUNvZENodHljRjlvT21NeVRYRlhTa3BQYVhWelowdzBNbTV0TFROelRuYxAB!2m1!1s0x0:0x389cb2f2cdbc7657!3m1!1s2@1:CAIQACodChtycF9oOmMyTXFXSkpPaXVzZ0w0Mm5tLTNzTnc%7C%7C?hl=en","110124210938342137547","61","https://lh3.googleusercontent.com/a-/ALV-UjUJpK7MPL6lJvQyM7jGa2MIDtBEuHUsKp6hHiVRh3jeCIfP6SdfWw=s1920-c-rp-mo-ba4-br100","https://www.google.com/maps/contrib/110124210938342137547?hl=en","3661","2025-09-22T03:27:20.019Z","Direct Detail URL: https://www.google.com/maps/place/Museum+and+Art+Gallery+of+the+Northern+Territory/@-12.4371494,130.8308618,17z/data=!4m8!3m7!1s0x2cc091a8ba80cc17:0x389cb2f2cdbc7657!8m2!3d-12.4371494!4d130.8334367!9m1!1b1!16s%2Fm%2F03qfrsf?entry=ttu&g_ep=EgoyMDI1MDkxNy4wIKXMDSoASAFQAw%3D%3D","5","Northern Territory","19 Conacher St","false","Un museo che mostra( finalmente) arte aborigena. Per chi ama poi la storia, si può rivivere il terribile uragano che distrusse quasi completamente la città con delle mappe per quartiere che mostrano la rovina di quell'evento e come è stata riedificatavsulle macerie tutta la città.","A museum showcasing (finally) Aboriginal art. For history buffs, you can relive the terrible hurricane that almost completely destroyed the city, with neighborhood maps showing the devastation of that event and how the entire city was rebuilt from the rubble.","Museum and Art Gallery of the Northern Territory","4.6","en","https://www.google.com/maps/search/?api=1&query=Museum%20and%20Art%20Gallery%20of%20the%20Northern%20Territory&query_place_id=ChIJF8yAuqiRwCwRV3a8zfKynDg",
"19 Conacher St, The Gardens NT 0820, Australia","Museum","Art gallery","Art museum","Cultural landmark","History museum","Local history museum","Maritime museum","Natural history museum","Science museum","Tourist attraction","Museum","4079332118394336855","The Gardens","AU","0x2cc091a8ba80cc17:0x389cb2f2cdbc7657","https://lh3.googleusercontent.com/gps-cs-s/AC9h4npYweXW4ELU76RUVoypYLxJ9MO1BJGGkcyPvaTAZ74aAmLZhqDmLWSOkoV8_O-ksfZ5r56NvkBy94lqXbJyH0k6_GLWbR0MRkFfL9mRljDxxdoARLxW_lzBrF0yqWw_lEkqztMM=w408-h306-k-no","false","true","en","0","-12.4371494","130.8334367","Peter Reddick",,,"false","ChIJF8yAuqiRwCwRV3a8zfKynDg","0820",,"a month ago","2025-08-17T05:04:31.731Z",,,,,"Weekday","No wait","Ci9DQUlRQUNvZENodHljRjlvT2tJNE1XWnBVR3hDV0dKc2JYQnFhQzFHYlc1Q1YzYxAB",,,,,,,,,,,,,,,,,,,"Google","https://www.google.com/maps/reviews/data=!4m8!14m7!1m6!2m5!1sCi9DQUlRQUNvZENodHljRjlvT2tJNE1XWnBVR3hDV0dKc2JYQnFhQzFHYlc1Q1YzYxAB!2m1!1s0x0:0x389cb2f2cdbc7657!3m1!1s2@1:CAIQACodChtycF9oOkI4MWZpUGxCWGJsbXBqaC1GbW5CV3c%7C%7C?hl=en","117702284028346992555","9","https://lh3.googleusercontent.com/a/ACg8ocLnt2U0vjEco3Bkw620lbg2ht6JNK86eVGkFCnNuJItOkHT1A=s1920-c-rp-mo-ba4-br100","https://www.google.com/maps/contrib/117702284028346992555?hl=en","3661","2025-09-22T03:27:20.019Z","Direct Detail URL: https://www.google.com/maps/place/Museum+and+Art+Gallery+of+the+Northern+Territory/@-12.4371494,130.8308618,17z/data=!4m8!3m7!1s0x2cc091a8ba80cc17:0x389cb2f2cdbc7657!8m2!3d-12.4371494!4d130.8334367!9m1!1b1!16s%2Fm%2F03qfrsf?entry=ttu&g_ep=EgoyMDI1MDkxNy4wIKXMDSoASAFQAw%3D%3D","5","Northern Territory","19 Conacher St","false",,,"Museum and Art Gallery of the Northern Territory","4.6",,"https://www.google.com/maps/search/?api=1&query=Museum%20and%20Art%20Gallery%20of%20the%20Northern%20Territory&query_place_id=ChIJF8yAuqiRwCwRV3a8zfKynDg",
"19 Conacher St, The Gardens NT 0820, Australia","Museum","Art gallery","Art museum","Cultural landmark","History museum","Local history museum","Maritime museum","Natural history museum","Science museum","Tourist attraction","Museum","4079332118394336855","The Gardens","AU","0x2cc091a8ba80cc17:0x389cb2f2cdbc7657","https://lh3.googleusercontent.com/gps-cs-s/AC9h4npYweXW4ELU76RUVoypYLxJ9MO1BJGGkcyPvaTAZ74aAmLZhqDmLWSOkoV8_O-ksfZ5r56NvkBy94lqXbJyH0k6_GLWbR0MRkFfL9mRljDxxdoARLxW_lzBrF0yqWw_lEkqztMM=w408-h306-k-no","false","true","en","0","-12.4371494","130.8334367","Rose Reddick",,"en","false","ChIJF8yAuqiRwCwRV3a8zfKynDg","0820",,"a month ago","2025-08-17T01:28:34.399Z",,,,,"Weekday","No wait","Ci9DQUlRQUNvZENodHljRjlvT2tsMVUySmxjVTkyVGpWV1EwWXhOa0ZMTjFST1psRRAB",,,,,,,,,,,,,,,,,,,"Google","https://www.google.com/maps/reviews/data=!4m8!14m7!1m6!2m5!1sCi9DQUlRQUNvZENodHljRjlvT2tsMVUySmxjVTkyVGpWV1EwWXhOa0ZMTjFST1psRRAB!2m1!1s0x0:0x389cb2f2cdbc7657!3m1!1s2@1:CAIQACodChtycF9oOkl1U2JlcU92TjVWQ0YxNkFLN1ROZlE%7C%7C?hl=en","100292386690467095083","19","https://lh3.googleusercontent.com/a/ACg8ocJEMwn657jnuELn9tASOI_-yAZj7OJp8qrIrnKdnK4dT_FY=s1920-c-rp-mo-ba2-br100","https://www.google.com/maps/contrib/100292386690467095083?hl=en","3661","2025-09-22T03:27:20.019Z","Direct Detail URL: https://www.google.com/maps/place/Museum+and+Art+Gallery+of+the+Northern+Territory/@-12.4371494,130.8308618,17z/data=!4m8!3m7!1s0x2cc091a8ba80cc17:0x389cb2f2cdbc7657!8m2!3d-12.4371494!4d130.8334367!9m1!1b1!16s%2Fm%2F03qfrsf?entry=ttu&g_ep=EgoyMDI1MDkxNy4wIKXMDSoASAFQAw%3D%3D","5","Northern Territory","19 Conacher St","false","Fantastic",,"Museum and Art Gallery of the Northern Territory","4.6",,"https://www.google.com/maps/search/?api=1&query=Museum%20and%20Art%20Gallery%20of%20the%20Northern%20Territory&query_place_id=ChIJF8yAuqiRwCwRV3a8zfKynDg",
"19 Conacher St, The Gardens NT 0820, Australia","Museum","Art gallery","Art museum","Cultural landmark","History museum","Local history museum","Maritime museum","Natural history museum","Science museum","Tourist attraction","Museum","4079332118394336855","The Gardens","AU","0x2cc091a8ba80cc17:0x389cb2f2cdbc7657","https://lh3.googleusercontent.com/gps-cs-s/AC9h4npYweXW4ELU76RUVoypYLxJ9MO1BJGGkcyPvaTAZ74aAmLZhqDmLWSOkoV8_O-ksfZ5r56NvkBy94lqXbJyH0k6_GLWbR0MRkFfL9mRljDxxdoARLxW_lzBrF0yqWw_lEkqztMM=w408-h306-k-no","false","true","en","0","-12.4371494","130.8334367","Ian Scollo",,"en","false","ChIJF8yAuqiRwCwRV3a8zfKynDg","0820",,"a month ago","2025-08-17T01:17:10.237Z",,,,,,,"Ci9DQUlRQUNvZENodHljRjlvT2s1U2JrSnJTM0E1WjFOWFJrTXhObDltWnkxQlNtYxAB",,,,,,,,,,,,,,,,,,,"Google","https://www.google.com/maps/reviews/data=!4m8!14m7!1m6!2m5!1sCi9DQUlRQUNvZENodHljRjlvT2s1U2JrSnJTM0E1WjFOWFJrTXhObDltWnkxQlNtYxAB!2m1!1s0x0:0x389cb2f2cdbc7657!3m1!1s2@1:CAIQACodChtycF9oOk5SbkJrS3A5Z1NXRkMxNl9mZy1BSmc%7C%7C?hl=en","114010545426899512208","102","https://lh3.googleusercontent.com/a/ACg8ocLxnXT3UghlY5-4ow824cXfJ2yNAO8K_fVrScyt2q60zWHKGA=s1920-c-rp-mo-ba4-br100","https://www.google.com/maps/contrib/114010545426899512208?hl=en","3661","2025-09-22T03:27:20.019Z","Direct Detail URL: https://www.google.com/maps/place/Museum+and+Art+Gallery+of+the+Northern+Territory/@-12.4371494,130.8308618,17z/data=!4m8!3m7!1s0x2cc091a8ba80cc17:0x389cb2f2cdbc7657!8m2!3d-12.4371494!4d130.8334367!9m1!1b1!16s%2Fm%2F03qfrsf?entry=ttu&g_ep=EgoyMDI1MDkxNy4wIKXMDSoASAFQAw%3D%3D","5","Northern Territory","19 Conacher St","false","Loved the experience of cyclone tracey",,"Museum and Art Gallery of the Northern Territory","4.6",,"https://www.google.com/maps/search/?api=1&query=Museum%20and%20Art%20Gallery%20of%20the%20Northern%20Territory&query_place_id=ChIJF8yAuqiRwCwRV3a8zfKynDg",
"19 Conacher St, The Gardens NT 0820, Australia","Museum","Art gallery","Art museum","Cultural landmark","History museum","Local history museum","Maritime museum","Natural history museum","Science museum","Tourist attraction","Museum","4079332118394336855","The Gardens","AU","0x2cc091a8ba80cc17:0x389cb2f2cdbc7657","https://lh3.googleusercontent.com/gps-cs-s/AC9h4npYweXW4ELU76RUVoypYLxJ9MO1BJGGkcyPvaTAZ74aAmLZhqDmLWSOkoV8_O-ksfZ5r56NvkBy94lqXbJyH0k6_GLWbR0MRkFfL9mRljDxxdoARLxW_lzBrF0yqWw_lEkqztMM=w408-h306-k-no","false","true","en","0","-12.4371494","130.8334367","Kim Wei Ling",,"en","false","ChIJF8yAuqiRwCwRV3a8zfKynDg","0820",,"a month ago","2025-08-16T07:51:13.044Z",,,,"No","Weekday","No wait","Ci9DQUlRQUNvZENodHljRjlvT2xKM1JWRjNiVEZsZVRsRlpXRmxjbGxWYlZsZlFsRRAB","https://lh3.googleusercontent.com/geougc-cs/AB3l90C8vkhQ1pChMImO7i52n0_qZWLqfxptZoSZvShMrrBZ30gCPJqhY4-sbdAeNGcsHnbhDBCbRPV0YEpA9KtNwZ_JkqyTN9htvJ9ekzzFRYE772sULU7TjwnEEgoIuivbN2G6atuT7MCMt6CC","https://lh3.googleusercontent.com/geougc-cs/AB3l90CN-zw-oWvFTPwMxgOiECZnNZekVAybgxS0SJ0fQN9TYVR0b-2daEOLX8WBIAqaQps4fLiweATJV7SnLdvImyW_tkLnZ0KvMmaQelLHfZ9fx0sOnKBjyQzuL7R0cmwuycNhuxgKYYjj0UU","https://lh3.googleusercontent.com/geougc-cs/AB3l90B0nVx9kx2buYhYk-whn8ulfq9EC2mSNosGxvRXJIHnYFF7IKvCXpv1dl0amyhwt3kvxAAw19zM4s9htzCbUvkqDguI-HkOH3UFUMPZy50dPrA43nmlYaQ4TeJoHAxS2ZY9KPJN1xh7lvLj","https://lh3.googleusercontent.com/geougc-cs/AB3l90D4wtreFdtLDOJVrfegbsiou_6qwPYbRiS2-FAGLDG_-Xm7SVLkck3C03SIkGl1J0EA_O5v5Hj589cDrpuBiHYjpyI7H3SO9H9RftZGzf4cv3m6_m0AO1yipeSY3F2SGKlR1rORXDR8xxg",,,,,,,,,,,,,,,"Google","https://www.google.com/maps/reviews/data=!4m8!14m7!1m6!2m5!1sCi9DQUlRQUNvZENodHljRjlvT2xKM1JWRjNiVEZsZVRsRlpXRmxjbGxWYlZsZlFsRRAB!2m1!1s0x0:0x389cb2f2cdbc7657!3m1!1s2@1:CAIQACodChtycF9oOlJ3RVF3bTFleTlFZWFlcllVbVlfQlE%7C%7C?hl=en","105244347384108604258","25","https://lh3.googleusercontent.com/a/ACg8ocJwvyqjto2sZUyCahCee_kged3xoeRdk78iwnGGmULkPGGY=s1920-c-rp-mo-ba3-br100","https://www.google.com/maps/contrib/105244347384108604258?hl=en","3661","2025-09-22T03:27:20.019Z","Direct Detail URL: https://www.google.com/maps/place/Museum+and+Art+Gallery+of+the+Northern+Territory/@-12.4371494,130.8308618,17z/data=!4m8!3m7!1s0x2cc091a8ba80cc17:0x389cb2f2cdbc7657!8m2!3d-12.4371494!4d130.8334367!9m1!1b1!16s%2Fm%2F03qfrsf?entry=ttu&g_ep=EgoyMDI1MDkxNy4wIKXMDSoASAFQAw%3D%3D","5","Northern Territory","19 Conacher St","false","Very nice and interesting display of cultural art and fauna found in NT.
Recommend spending half a day here. Allocated 2 hours initially, but I had to return the next day for extra 3 hours.",,"Museum and Art Gallery of the Northern Territory","4.6",,"https://www.google.com/maps/search/?api=1&query=Museum%20and%20Art%20Gallery%20of%20the%20Northern%20Territory&query_place_id=ChIJF8yAuqiRwCwRV3a8zfKynDg",
"19 Conacher St, The Gardens NT 0820, Australia","Museum","Art gallery","Art museum","Cultural landmark","History museum","Local history museum","Maritime museum","Natural history museum","Science museum","Tourist attraction","Museum","4079332118394336855","The Gardens","AU","0x2cc091a8ba80cc17:0x389cb2f2cdbc7657","https://lh3.googleusercontent.com/gps-cs-s/AC9h4npYweXW4ELU76RUVoypYLxJ9MO1BJGGkcyPvaTAZ74aAmLZhqDmLWSOkoV8_O-ksfZ5r56NvkBy94lqXbJyH0k6_GLWbR0MRkFfL9mRljDxxdoARLxW_lzBrF0yqWw_lEkqztMM=w408-h306-k-no","false","true","en","0","-12.4371494","130.8334367","Bruce Stocks",,,"false","ChIJF8yAuqiRwCwRV3a8zfKynDg","0820",,"a month ago","2025-08-15T09:36:19.648Z",,,,"No","Weekend","No wait","Ci9DQUlRQUNvZENodHljRjlvT21SbFFXMUlkWGcxU2tsZlJGUlFWM1Z0Y2s5b1JXYxAB",,,,,,,,,,,,,,,,,,,"Google","https://www.google.com/maps/reviews/data=!4m8!14m7!1m6!2m5!1sCi9DQUlRQUNvZENodHljRjlvT21SbFFXMUlkWGcxU2tsZlJGUlFWM1Z0Y2s5b1JXYxAB!2m1!1s0x0:0x389cb2f2cdbc7657!3m1!1s2@1:CAIQACodChtycF9oOmRlQW1IdXg1SklfRFRQV3Vtck9oRWc%7C%7C?hl=en","104782552533521003701","4","https://lh3.googleusercontent.com/a/ACg8ocJklinWu8Fob6qIRYtet34PM9ATQ5BwvvwVTUJGTPTCe0RE7g=s1920-c-rp-mo-ba2-br100","https://www.google.com/maps/contrib/104782552533521003701?hl=en","3661","2025-09-22T03:27:20.019Z","Direct Detail URL: https://www.google.com/maps/place/Museum+and+Art+Gallery+of+the+Northern+Territory/@-12.4371494,130.8308618,17z/data=!4m8!3m7!1s0x2cc091a8ba80cc17:0x389cb2f2cdbc7657!8m2!3d-12.4371494!4d130.8334367!9m1!1b1!16s%2Fm%2F03qfrsf?entry=ttu&g_ep=EgoyMDI1MDkxNy4wIKXMDSoASAFQAw%3D%3D","5","Northern Territory","19 Conacher St","false",,,"Museum and Art Gallery of the Northern Territory","4.6",,"https://www.google.com/maps/search/?api=1&query=Museum%20and%20Art%20Gallery%20of%20the%20Northern%20Territory&query_place_id=ChIJF8yAuqiRwCwRV3a8zfKynDg",
"19 Conacher St, The Gardens NT 0820, Australia","Museum","Art gallery","Art museum","Cultural landmark","History museum","Local history museum","Maritime museum","Natural history museum","Science museum","Tourist attraction","Museum","4079332118394336855","The Gardens","AU","0x2cc091a8ba80cc17:0x389cb2f2cdbc7657","https://lh3.googleusercontent.com/gps-cs-s/AC9h4npYweXW4ELU76RUVoypYLxJ9MO1BJGGkcyPvaTAZ74aAmLZhqDmLWSOkoV8_O-ksfZ5r56NvkBy94lqXbJyH0k6_GLWbR0MRkFfL9mRljDxxdoARLxW_lzBrF0yqWw_lEkqztMM=w408-h306-k-no","false","true","en","0","-12.4371494","130.8334367","Simon Anderson",,,"false","ChIJF8yAuqiRwCwRV3a8zfKynDg","0820",,"a month ago","2025-08-15T08:22:53.753Z",,,,,,,"Ci9DQUlRQUNvZENodHljRjlvT2tRMVpsRXhSbXhUWkRGQ1pYTnZlVVphUzNCWlNHYxAB",,,,,,,,,,,,,,,,,,,"Google","https://www.google.com/maps/reviews/data=!4m8!14m7!1m6!2m5!1sCi9DQUlRQUNvZENodHljRjlvT2tRMVpsRXhSbXhUWkRGQ1pYTnZlVVphUzNCWlNHYxAB!2m1!1s0x0:0x389cb2f2cdbc7657!3m1!1s2@1:CAIQACodChtycF9oOkQ1ZlExRmxTZDFCZXNveUZaS3BZSGc%7C%7C?hl=en","104973835259068429843","20","https://lh3.googleusercontent.com/a-/ALV-UjVLP6e32YWx4wqJP-UhADYS4oGPp6wKUKIQjiorXSK3AjW08FOfNw=s1920-c-rp-mo-ba3-br100","https://www.google.com/maps/contrib/104973835259068429843?hl=en","3661","2025-09-22T03:27:20.019Z","Direct Detail URL: https://www.google.com/maps/place/Museum+and+Art+Gallery+of+the+Northern+Territory/@-12.4371494,130.8308618,17z/data=!4m8!3m7!1s0x2cc091a8ba80cc17:0x389cb2f2cdbc7657!8m2!3d-12.4371494!4d130.8334367!9m1!1b1!16s%2Fm%2F03qfrsf?entry=ttu&g_ep=EgoyMDI1MDkxNy4wIKXMDSoASAFQAw%3D%3D","5","Northern Territory","19 Conacher St","false",,,"Museum and Art Gallery of the Northern Territory","4.6",,"https://www.google.com/maps/search/?api=1&query=Museum%20and%20Art%20Gallery%20of%20the%20Northern%20Territory&query_place_id=ChIJF8yAuqiRwCwRV3a8zfKynDg",
"19 Conacher St, The Gardens NT 0820, Australia","Museum","Art gallery","Art museum","Cultural landmark","History museum","Local history museum","Maritime museum","Natural history museum","Science museum","Tourist attraction","Museum","4079332118394336855","The Gardens","AU","0x2cc091a8ba80cc17:0x389cb2f2cdbc7657","https://lh3.googleusercontent.com/gps-cs-s/AC9h4npYweXW4ELU76RUVoypYLxJ9MO1BJGGkcyPvaTAZ74aAmLZhqDmLWSOkoV8_O-ksfZ5r56NvkBy94lqXbJyH0k6_GLWbR0MRkFfL9mRljDxxdoARLxW_lzBrF0yqWw_lEkqztMM=w408-h306-k-no","false","true","en","0","-12.4371494","130.8334367","Miki Ens",,"en","false","ChIJF8yAuqiRwCwRV3a8zfKynDg","0820",,"Edited a month ago","2025-08-14T06:34:54.014Z",,,,,,,"Ci9DQUlRQUNvZENodHljRjlvT2tobk4zUnVTV1kxUkZsV04yRnBNSEoyU1ZWeWRGRRAB",,,,,,,,,,,,,,,,,,,"Google","https://www.google.com/maps/reviews/data=!4m8!14m7!1m6!2m5!1sCi9DQUlRQUNvZENodHljRjlvT2tobk4zUnVTV1kxUkZsV04yRnBNSEoyU1ZWeWRGRRAB!2m1!1s0x0:0x389cb2f2cdbc7657!3m1!1s2@1:CAIQACodChtycF9oOkhnN3RuSWY1RFlWN2FpMHJ2SVVydFE%7C%7C?hl=en","106462702958968892248","84","https://lh3.googleusercontent.com/a/ACg8ocK_etuQ_4S1lft9ypJYrpuos_ub2Z0NA2iDsBiMMpvMdolqDA=s1920-c-rp-mo-ba4-br100","https://www.google.com/maps/contrib/106462702958968892248?hl=en","3661","2025-09-22T03:27:20.019Z","Direct Detail URL: https://www.google.com/maps/place/Museum+and+Art+Gallery+of+the+Northern+Territory/@-12.4371494,130.8308618,17z/data=!4m8!3m7!1s0x2cc091a8ba80cc17:0x389cb2f2cdbc7657!8m2!3d-12.4371494!4d130.8334367!9m1!1b1!16s%2Fm%2F03qfrsf?entry=ttu&g_ep=EgoyMDI1MDkxNy4wIKXMDSoASAFQAw%3D%3D","5","Northern Territory","19 Conacher St","false","fabulous!",,"Museum and Art Gallery of the Northern Territory","4.6",,"https://www.google.com/maps/search/?api=1&query=Museum%20and%20Art%20Gallery%20of%20the%20Northern%20Territory&query_place_id=ChIJF8yAuqiRwCwRV3a8zfKynDg",
"19 Conacher St, The Gardens NT 0820, Australia","Museum","Art gallery","Art museum","Cultural landmark","History museum","Local history museum","Maritime museum","Natural history museum","Science museum","Tourist attraction","Museum","4079332118394336855","The Gardens","AU","0x2cc091a8ba80cc17:0x389cb2f2cdbc7657","https://lh3.googleusercontent.com/gps-cs-s/AC9h4npYweXW4ELU76RUVoypYLxJ9MO1BJGGkcyPvaTAZ74aAmLZhqDmLWSOkoV8_O-ksfZ5r56NvkBy94lqXbJyH0k6_GLWbR0MRkFfL9mRljDxxdoARLxW_lzBrF0yqWw_lEkqztMM=w408-h306-k-no","false","true","en","0","-12.4371494","130.8334367","andrew sturgess",,,"false","ChIJF8yAuqiRwCwRV3a8zfKynDg","0820",,"a month ago","2025-08-14T01:22:30.392Z",,,,"No","Weekday","No wait","Ci9DQUlRQUNvZENodHljRjlvT2xnemFIQTJPVzFJWkhaUlZYcG9kSGRNTVdSa1NrRRAB",,,,,,,,,,,,,,,,,,,"Google","https://www.google.com/maps/reviews/data=!4m8!14m7!1m6!2m5!1sCi9DQUlRQUNvZENodHljRjlvT2xnemFIQTJPVzFJWkhaUlZYcG9kSGRNTVdSa1NrRRAB!2m1!1s0x0:0x389cb2f2cdbc7657!3m1!1s2@1:CAIQACodChtycF9oOlgzaHA2OW1IZHZRVXpodHdMMWRkSkE%7C%7C?hl=en","101146314883419518131","11","https://lh3.googleusercontent.com/a/ACg8ocIrLaoRTCeMB2i3uM0OlZRvLaOKL0xWQRUQeLh7yYM9xdxpYQ=s1920-c-rp-mo-ba2-br100","https://www.google.com/maps/contrib/101146314883419518131?hl=en","3661","2025-09-22T03:27:20.019Z","Direct Detail URL: https://www.google.com/maps/place/Museum+and+Art+Gallery+of+the+Northern+Territory/@-12.4371494,130.8308618,17z/data=!4m8!3m7!1s0x2cc091a8ba80cc17:0x389cb2f2cdbc7657!8m2!3d-12.4371494!4d130.8334367!9m1!1b1!16s%2Fm%2F03qfrsf?entry=ttu&g_ep=EgoyMDI1MDkxNy4wIKXMDSoASAFQAw%3D%3D","5","Northern Territory","19 Conacher St","false",,,"Museum and Art Gallery of the Northern Territory","4.6",,"https://www.google.com/maps/search/?api=1&query=Museum%20and%20Art%20Gallery%20of%20the%20Northern%20Territory&query_place_id=ChIJF8yAuqiRwCwRV3a8zfKynDg",
"19 Conacher St, The Gardens NT 0820, Australia","Museum","Art gallery","Art museum","Cultural landmark","History museum","Local history museum","Maritime museum","Natural history museum","Science museum","Tourist attraction","Museum","4079332118394336855","The Gardens","AU","0x2cc091a8ba80cc17:0x389cb2f2cdbc7657","https://lh3.googleusercontent.com/gps-cs-s/AC9h4npYweXW4ELU76RUVoypYLxJ9MO1BJGGkcyPvaTAZ74aAmLZhqDmLWSOkoV8_O-ksfZ5r56NvkBy94lqXbJyH0k6_GLWbR0MRkFfL9mRljDxxdoARLxW_lzBrF0yqWw_lEkqztMM=w408-h306-k-no","false","true","en","0","-12.4371494","130.8334367","Adam Gater",,,"false","ChIJF8yAuqiRwCwRV3a8zfKynDg","0820",,"a month ago","2025-08-13T12:54:44.924Z",,,,,,,"Ci9DQUlRQUNvZENodHljRjlvT2xCaGFXOTZOMmR1UW5GTUxWUlBXWFY0ZGpWbVVYYxAB",,,,,,,,,,,,,,,,,,,"Google","https://www.google.com/maps/reviews/data=!4m8!14m7!1m6!2m5!1sCi9DQUlRQUNvZENodHljRjlvT2xCaGFXOTZOMmR1UW5GTUxWUlBXWFY0ZGpWbVVYYxAB!2m1!1s0x0:0x389cb2f2cdbc7657!3m1!1s2@1:CAIQACodChtycF9oOlBhaW96N2duQnFMLVRPWXV4djVmUXc%7C%7C?hl=en","112213243737724902543","1","https://lh3.googleusercontent.com/a/ACg8ocKARlx8FocsoSOIsBGPrjX8Gj7GNEPMe0i5usn_awYOr2sciw=s1920-c-rp-mo-ba3-br100","https://www.google.com/maps/contrib/112213243737724902543?hl=en","3661","2025-09-22T03:27:20.019Z","Direct Detail URL: https://www.google.com/maps/place/Museum+and+Art+Gallery+of+the+Northern+Territory/@-12.4371494,130.8308618,17z/data=!4m8!3m7!1s0x2cc091a8ba80cc17:0x389cb2f2cdbc7657!8m2!3d-12.4371494!4d130.8334367!9m1!1b1!16s%2Fm%2F03qfrsf?entry=ttu&g_ep=EgoyMDI1MDkxNy4wIKXMDSoASAFQAw%3D%3D","5","Northern Territory","19 Conacher St","false",,,"Museum and Art Gallery of the Northern Territory","4.6",,"https://www.google.com/maps/search/?api=1&query=Museum%20and%20Art%20Gallery%20of%20the%20Northern%20Territory&query_place_id=ChIJF8yAuqiRwCwRV3a8zfKynDg",
"19 Conacher St, The Gardens NT 0820, Australia","Museum","Art gallery","Art museum","Cultural landmark","History museum","Local history museum","Maritime museum","Natural history museum","Science museum","Tourist attraction","Museum","4079332118394336855","The Gardens","AU","0x2cc091a8ba80cc17:0x389cb2f2cdbc7657","https://lh3.googleusercontent.com/gps-cs-s/AC9h4npYweXW4ELU76RUVoypYLxJ9MO1BJGGkcyPvaTAZ74aAmLZhqDmLWSOkoV8_O-ksfZ5r56NvkBy94lqXbJyH0k6_GLWbR0MRkFfL9mRljDxxdoARLxW_lzBrF0yqWw_lEkqztMM=w408-h306-k-no","false","true","en","0","-12.4371494","130.8334367","JASON WILLIAMS",,"en","false","ChIJF8yAuqiRwCwRV3a8zfKynDg","0820",,"a month ago","2025-08-13T04:34:22.094Z",,,,,,,"Ci9DQUlRQUNvZENodHljRjlvT21waGFUWnNRV1ZxWWxnNVdXTnhUbGRUUkZKaU5rRRAB",,,,,,,,,,,,,,,,,,,"Google","https://www.google.com/maps/reviews/data=!4m8!14m7!1m6!2m5!1sCi9DQUlRQUNvZENodHljRjlvT21waGFUWnNRV1ZxWWxnNVdXTnhUbGRUUkZKaU5rRRAB!2m1!1s0x0:0x389cb2f2cdbc7657!3m1!1s2@1:CAIQACodChtycF9oOmphaTZsQWVqYlg5WWNxTldTRFJiNkE%7C%7C?hl=en","115593921770459449264","886","https://lh3.googleusercontent.com/a/ACg8ocIyCSXFlXialI7JR0-D-kisYRGXNxyZ0tKXFn3gmll78tAF7g=s1920-c-rp-mo-ba5-br100","https://www.google.com/maps/contrib/115593921770459449264?hl=en","3661","2025-09-22T03:27:20.019Z","Direct Detail URL: https://www.google.com/maps/place/Museum+and+Art+Gallery+of+the+Northern+Territory/@-12.4371494,130.8308618,17z/data=!4m8!3m7!1s0x2cc091a8ba80cc17:0x389cb2f2cdbc7657!8m2!3d-12.4371494!4d130.8334367!9m1!1b1!16s%2Fm%2F03qfrsf?entry=ttu&g_ep=EgoyMDI1MDkxNy4wIKXMDSoASAFQAw%3D%3D","5","Northern Territory","19 Conacher St","false","Free admission is always a bonus. Went to have a look at the Cyclon Tracey exhibition. Well worth it and definitely eye opening.",,"Museum and Art Gallery of the Northern Territory","4.6",,"https://www.google.com/maps/search/?api=1&query=Museum%20and%20Art%20Gallery%20of%20the%20Northern%20Territory&query_place_id=ChIJF8yAuqiRwCwRV3a8zfKynDg",
"19 Conacher St, The Gardens NT 0820, Australia","Museum","Art gallery","Art museum","Cultural landmark","History museum","Local history museum","Maritime museum","Natural history museum","Science museum","Tourist attraction","Museum","4079332118394336855","The Gardens","AU","0x2cc091a8ba80cc17:0x389cb2f2cdbc7657","https://lh3.googleusercontent.com/gps-cs-s/AC9h4npYweXW4ELU76RUVoypYLxJ9MO1BJGGkcyPvaTAZ74aAmLZhqDmLWSOkoV8_O-ksfZ5r56NvkBy94lqXbJyH0k6_GLWbR0MRkFfL9mRljDxxdoARLxW_lzBrF0yqWw_lEkqztMM=w408-h306-k-no","false","true","en","0","-12.4371494","130.8334367","Yvonne Weeber",,"en","false","ChIJF8yAuqiRwCwRV3a8zfKynDg","0820",,"a month ago","2025-08-13T03:44:00.842Z",,,,"No","Weekday","1 hr+","Ci9DQUlRQUNvZENodHljRjlvT25SUU4weEtOMHR3VDB0eFJFUmlNRkJrZUdOcGNIYxAB",,,,,,,,,,,,,,,,,,,"Google","https://www.google.com/maps/reviews/data=!4m8!14m7!1m6!2m5!1sCi9DQUlRQUNvZENodHljRjlvT25SUU4weEtOMHR3VDB0eFJFUmlNRkJrZUdOcGNIYxAB!2m1!1s0x0:0x389cb2f2cdbc7657!3m1!1s2@1:CAIQACodChtycF9oOnRQN0xKN0twT0txRERiMFBkeGNpcHc%7C%7C?hl=en","104099378508116920779","60","https://lh3.googleusercontent.com/a/ACg8ocK8GfODgcA_JdLaTlDEt5s2atDtE_nY6MIcTEr3sXVuTqVPcw=s1920-c-rp-mo-ba3-br100","https://www.google.com/maps/contrib/104099378508116920779?hl=en","3661","2025-09-22T03:27:20.019Z","Direct Detail URL: https://www.google.com/maps/place/Museum+and+Art+Gallery+of+the+Northern+Territory/@-12.4371494,130.8308618,17z/data=!4m8!3m7!1s0x2cc091a8ba80cc17:0x389cb2f2cdbc7657!8m2!3d-12.4371494!4d130.8334367!9m1!1b1!16s%2Fm%2F03qfrsf?entry=ttu&g_ep=EgoyMDI1MDkxNy4wIKXMDSoASAFQAw%3D%3D","5","Northern Territory","19 Conacher St","false","Exhibitions are really good but its a navigational nightmare with stairs everywhere. Also only 3 womens toilets gor all the tourists and the cafe! What is it about stingy lack of toilets in Darwin?",,"Museum and Art Gallery of the Northern Territory","4.6",,"https://www.google.com/maps/search/?api=1&query=Museum%20and%20Art%20Gallery%20of%20the%20Northern%20Territory&query_place_id=ChIJF8yAuqiRwCwRV3a8zfKynDg",
"19 Conacher St, The Gardens NT 0820, Australia","Museum","Art gallery","Art museum","Cultural landmark","History museum","Local history museum","Maritime museum","Natural history museum","Science museum","Tourist attraction","Museum","4079332118394336855","The Gardens","AU","0x2cc091a8ba80cc17:0x389cb2f2cdbc7657","https://lh3.googleusercontent.com/gps-cs-s/AC9h4npYweXW4ELU76RUVoypYLxJ9MO1BJGGkcyPvaTAZ74aAmLZhqDmLWSOkoV8_O-ksfZ5r56NvkBy94lqXbJyH0k6_GLWbR0MRkFfL9mRljDxxdoARLxW_lzBrF0yqWw_lEkqztMM=w408-h306-k-no","false","true","en","0","-12.4371494","130.8334367","Keith Rich",,"en","false","ChIJF8yAuqiRwCwRV3a8zfKynDg","0820",,"a month ago","2025-08-11T11:52:14.060Z",,,,"No","Weekday","No wait","Ci9DQUlRQUNvZENodHljRjlvT2pOUldDMWFWbWRIT1RObVVVbFVSV1ZFV21nMlduYxAB",,,,,,,,,,,,,,,,,,,"Google","https://www.google.com/maps/reviews/data=!4m8!14m7!1m6!2m5!1sCi9DQUlRQUNvZENodHljRjlvT2pOUldDMWFWbWRIT1RObVVVbFVSV1ZFV21nMlduYxAB!2m1!1s0x0:0x389cb2f2cdbc7657!3m1!1s2@1:CAIQACodChtycF9oOjNRWC1aVmdHOTNmUUlURWVEWmg2Wnc%7C%7C?hl=en","117330262802258379796","34","https://lh3.googleusercontent.com/a/ACg8ocK5dCNT6qdF5rqt6bMPWA2SUtPEvqtpd-n5Hh8PIkXqsZ-OWg=s1920-c-rp-mo-ba4-br100","https://www.google.com/maps/contrib/117330262802258379796?hl=en","3661","2025-09-22T03:27:20.019Z","Direct Detail URL: https://www.google.com/maps/place/Museum+and+Art+Gallery+of+the+Northern+Territory/@-12.4371494,130.8308618,17z/data=!4m8!3m7!1s0x2cc091a8ba80cc17:0x389cb2f2cdbc7657!8m2!3d-12.4371494!4d130.8334367!9m1!1b1!16s%2Fm%2F03qfrsf?entry=ttu&g_ep=EgoyMDI1MDkxNy4wIKXMDSoASAFQAw%3D%3D","5","Northern Territory","19 Conacher St","false","Well presented museum. Had an Aboriginal art display which was interesting. The cyclone Tracy display is very well presented & worth the visit just for it. The video presentation is very raw & moving. Flora & fauna displays are interesting & well presented. History of NT is really interesting as well.",,"Museum and Art Gallery of the Northern Territory","4.6",,"https://www.google.com/maps/search/?api=1&query=Museum%20and%20Art%20Gallery%20of%20the%20Northern%20Territory&query_place_id=ChIJF8yAuqiRwCwRV3a8zfKynDg",
"19 Conacher St, The Gardens NT 0820, Australia","Museum","Art gallery","Art museum","Cultural landmark","History museum","Local history museum","Maritime museum","Natural history museum","Science museum","Tourist attraction","Museum","4079332118394336855","The Gardens","AU","0x2cc091a8ba80cc17:0x389cb2f2cdbc7657","https://lh3.googleusercontent.com/gps-cs-s/AC9h4npYweXW4ELU76RUVoypYLxJ9MO1BJGGkcyPvaTAZ74aAmLZhqDmLWSOkoV8_O-ksfZ5r56NvkBy94lqXbJyH0k6_GLWbR0MRkFfL9mRljDxxdoARLxW_lzBrF0yqWw_lEkqztMM=w408-h306-k-no","false","true","en","0","-12.4371494","130.8334367","Nicholas Mills",,"en","false","ChIJF8yAuqiRwCwRV3a8zfKynDg","0820",,"a month ago","2025-08-11T08:35:09.259Z",,,,"No","Weekend","No wait","Ci9DQUlRQUNvZENodHljRjlvT2toVVJsVnFOMU5zUkdGaVNtSTFUM0JLVTI5emNWRRAB","https://lh3.googleusercontent.com/geougc-cs/AB3l90CFdRcgvmZkET2yQlUMhTjFLq3clYVFI-XCzflfKLJVQHNVPHmpMWm9PPd1CpkvipsI9PABWO-8g5L-uLJgNfFtreYoeCpGnkKSa1O-quN0f7fWNINMJs6nNea-3BwgmzEd0rrq46BbWi_m","https://lh3.googleusercontent.com/geougc-cs/AB3l90Bgk2y3ZQAS_i90jFwSck3A311hkPhZaOHbNnBFxXZ0HUX8PvqwnZ0rAyAmY8RUnmLP2phMoaAsAa4uJRhEI4hkS65P57fwMdCHr129HzAo78QOu2yAigRX8gEuPhzT3SpkdTTYxzBUzj4F","https://lh3.googleusercontent.com/geougc-cs/AB3l90BW-tJoqtYDCynXMy0TjnnTCnqJuBLp_2kMkE46Rt0ZMvtjrB2JawA2zxLBvRZ0g88u9Jc2290UM1I61forQ07v1_IpPysUlAiK5_BOXhahR6EmgeBU3t1oJGE_vQn2xwn08bFy3tlLs144",,,,,,,,,,,,,,,,"Google","https://www.google.com/maps/reviews/data=!4m8!14m7!1m6!2m5!1sCi9DQUlRQUNvZENodHljRjlvT2toVVJsVnFOMU5zUkdGaVNtSTFUM0JLVTI5emNWRRAB!2m1!1s0x0:0x389cb2f2cdbc7657!3m1!1s2@1:CAIQACodChtycF9oOkhURlVqN1NsRGFiSmI1T3BKU29zcVE%7C%7C?hl=en","113735108676401843140","330","https://lh3.googleusercontent.com/a/ACg8ocKScGdjT3Om9X4miU0gVfREV4Y0LOZpu_CJUwDpklIU_IagBA=s1920-c-rp-mo-ba5-br100","https://www.google.com/maps/contrib/113735108676401843140?hl=en","3661","2025-09-22T03:27:20.019Z","Direct Detail URL: https://www.google.com/maps/place/Museum+and+Art+Gallery+of+the+Northern+Territory/@-12.4371494,130.8308618,17z/data=!4m8!3m7!1s0x2cc091a8ba80cc17:0x389cb2f2cdbc7657!8m2!3d-12.4371494!4d130.8334367!9m1!1b1!16s%2Fm%2F03qfrsf?entry=ttu&g_ep=EgoyMDI1MDkxNy4wIKXMDSoASAFQAw%3D%3D","5","Northern Territory","19 Conacher St","false","Spent a few hours browsing around the exhibits at this museum. It was well laid out and had things to see not normally found in this type of museum. Especially liked the cyclone Tracey exhibit.",,"Museum and Art Gallery of the Northern Territory","4.6",,"https://www.google.com/maps/search/?api=1&query=Museum%20and%20Art%20Gallery%20of%20the%20Northern%20Territory&query_place_id=ChIJF8yAuqiRwCwRV3a8zfKynDg",
"19 Conacher St, The Gardens NT 0820, Australia","Museum","Art gallery","Art museum","Cultural landmark","History museum","Local history museum","Maritime museum","Natural history museum","Science museum","Tourist attraction","Museum","4079332118394336855","The Gardens","AU","0x2cc091a8ba80cc17:0x389cb2f2cdbc7657","https://lh3.googleusercontent.com/gps-cs-s/AC9h4npYweXW4ELU76RUVoypYLxJ9MO1BJGGkcyPvaTAZ74aAmLZhqDmLWSOkoV8_O-ksfZ5r56NvkBy94lqXbJyH0k6_GLWbR0MRkFfL9mRljDxxdoARLxW_lzBrF0yqWw_lEkqztMM=w408-h306-k-no","false","true","en","0","-12.4371494","130.8334367","Matthew S.",,"en","false","ChIJF8yAuqiRwCwRV3a8zfKynDg","0820",,"a month ago","2025-08-11T07:22:56.548Z",,,,"No","Weekday","No wait","Ci9DQUlRQUNvZENodHljRjlvT21GVlVHcDVSRFZNTldWNloxOWFiRTlhVGtNd1lVRRAB",,,,,,,,,,,,,,,,,,,"Google","https://www.google.com/maps/reviews/data=!4m8!14m7!1m6!2m5!1sCi9DQUlRQUNvZENodHljRjlvT21GVlVHcDVSRFZNTldWNloxOWFiRTlhVGtNd1lVRRAB!2m1!1s0x0:0x389cb2f2cdbc7657!3m1!1s2@1:CAIQACodChtycF9oOmFVUGp5RDVMNWV6Z19abE9aTkMwYUE%7C%7C?hl=en","105795597681293033980","35","https://lh3.googleusercontent.com/a-/ALV-UjUFiKXCpkND4oOMa9GCoMTXo-Dl-Xz4pW-3zEmsDAdZ2C7tvvA=s1920-c-rp-mo-ba3-br100","https://www.google.com/maps/contrib/105795597681293033980?hl=en","3661","2025-09-22T03:27:20.019Z","Direct Detail URL: https://www.google.com/maps/place/Museum+and+Art+Gallery+of+the+Northern+Territory/@-12.4371494,130.8308618,17z/data=!4m8!3m7!1s0x2cc091a8ba80cc17:0x389cb2f2cdbc7657!8m2!3d-12.4371494!4d130.8334367!9m1!1b1!16s%2Fm%2F03qfrsf?entry=ttu&g_ep=EgoyMDI1MDkxNy4wIKXMDSoASAFQAw%3D%3D","5","Northern Territory","19 Conacher St","false","Had a great experience here, the section about Cyclone Tracy was quite interactive and interesting",,"Museum and Art Gallery of the Northern Territory","4.6",,"https://www.google.com/maps/search/?api=1&query=Museum%20and%20Art%20Gallery%20of%20the%20Northern%20Territory&query_place_id=ChIJF8yAuqiRwCwRV3a8zfKynDg",
"19 Conacher St, The Gardens NT 0820, Australia","Museum","Art gallery","Art museum","Cultural landmark","History museum","Local history museum","Maritime museum","Natural history museum","Science museum","Tourist attraction","Museum","4079332118394336855","The Gardens","AU","0x2cc091a8ba80cc17:0x389cb2f2cdbc7657","https://lh3.googleusercontent.com/gps-cs-s/AC9h4npYweXW4ELU76RUVoypYLxJ9MO1BJGGkcyPvaTAZ74aAmLZhqDmLWSOkoV8_O-ksfZ5r56NvkBy94lqXbJyH0k6_GLWbR0MRkFfL9mRljDxxdoARLxW_lzBrF0yqWw_lEkqztMM=w408-h306-k-no","false","false","en","0","-12.4371494","130.8334367","Jelly Bean",,,"false","ChIJF8yAuqiRwCwRV3a8zfKynDg","0820",,"a month ago","2025-08-11T05:29:34.078Z",,,,,,,"Ci9DQUlRQUNvZENodHljRjlvT201WFZHdGhTRmxKWWw5QlRGaExlWEZ6WW1sWFlXYxAB",,,,,,,,,,,,,,,,,,,"Google","https://www.google.com/maps/reviews/data=!4m8!14m7!1m6!2m5!1sCi9DQUlRQUNvZENodHljRjlvT201WFZHdGhTRmxKWWw5QlRGaExlWEZ6WW1sWFlXYxAB!2m1!1s0x0:0x389cb2f2cdbc7657!3m1!1s2@1:CAIQACodChtycF9oOm5XVGthSFlJYl9BTFhLeXFzYmlXYWc%7C%7C?hl=en","116367929483718180591","6","https://lh3.googleusercontent.com/a/ACg8ocKcjXGCY2nu1bJE4LefmFMyGZislwBWUaV5IaxkrxyGPO2KNw=s1920-c-rp-mo-br100","https://www.google.com/maps/contrib/116367929483718180591?hl=en","3661","2025-09-22T03:27:20.019Z","Direct Detail URL: https://www.google.com/maps/place/Museum+and+Art+Gallery+of+the+Northern+Territory/@-12.4371494,130.8308618,17z/data=!4m8!3m7!1s0x2cc091a8ba80cc17:0x389cb2f2cdbc7657!8m2!3d-12.4371494!4d130.8334367!9m1!1b1!16s%2Fm%2F03qfrsf?entry=ttu&g_ep=EgoyMDI1MDkxNy4wIKXMDSoASAFQAw%3D%3D","5","Northern Territory","19 Conacher St","false",,,"Museum and Art Gallery of the Northern Territory","4.6",,"https://www.google.com/maps/search/?api=1&query=Museum%20and%20Art%20Gallery%20of%20the%20Northern%20Territory&query_place_id=ChIJF8yAuqiRwCwRV3a8zfKynDg",
"19 Conacher St, The Gardens NT 0820, Australia","Museum","Art gallery","Art museum","Cultural landmark","History museum","Local history museum","Maritime museum","Natural history museum","Science museum","Tourist attraction","Museum","4079332118394336855","The Gardens","AU","0x2cc091a8ba80cc17:0x389cb2f2cdbc7657","https://lh3.googleusercontent.com/gps-cs-s/AC9h4npYweXW4ELU76RUVoypYLxJ9MO1BJGGkcyPvaTAZ74aAmLZhqDmLWSOkoV8_O-ksfZ5r56NvkBy94lqXbJyH0k6_GLWbR0MRkFfL9mRljDxxdoARLxW_lzBrF0yqWw_lEkqztMM=w408-h306-k-no","false","true","en","0","-12.4371494","130.8334367","Léa verdolini",,,"false","ChIJF8yAuqiRwCwRV3a8zfKynDg","0820",,"a month ago","2025-08-11T04:10:59.312Z",,,,,,,"Ci9DQUlRQUNvZENodHljRjlvT2tvM01EbHZTbE5qYm0xQ1puQlllbTFVZFdKbU5tYxAB","https://lh3.googleusercontent.com/geougc-cs/AB3l90CwrT1PFvRxpsmaka6VczyIIFhjLDUM-FNssOa-u63UIOYyjRvnXLynrEEZ8sPflsVL3Knsx1ltHxmWdecQYetV9Ygsj3F59QTawyoq0sKs5AeSd0HAcn-ZVjYOQp_mrbmluLfWPXYkfyo",,,,,,,,,,,,,,,,,,"Google","https://www.google.com/maps/reviews/data=!4m8!14m7!1m6!2m5!1sCi9DQUlRQUNvZENodHljRjlvT2tvM01EbHZTbE5qYm0xQ1puQlllbTFVZFdKbU5tYxAB!2m1!1s0x0:0x389cb2f2cdbc7657!3m1!1s2@1:CAIQACodChtycF9oOko3MDlvSlNjbm1CZnBYem1UdWJmNmc%7C%7C?hl=en","112685690667923648357","8","https://lh3.googleusercontent.com/a-/ALV-UjUPm8uT779I4O4e2NMUtxbwV-H3rVb77HvP5-VuIbmfvyfOyWEJ=s1920-c-rp-mo-ba2-br100","https://www.google.com/maps/contrib/112685690667923648357?hl=en","3661","2025-09-22T03:27:20.019Z","Direct Detail URL: https://www.google.com/maps/place/Museum+and+Art+Gallery+of+the+Northern+Territory/@-12.4371494,130.8308618,17z/data=!4m8!3m7!1s0x2cc091a8ba80cc17:0x389cb2f2cdbc7657!8m2!3d-12.4371494!4d130.8334367!9m1!1b1!16s%2Fm%2F03qfrsf?entry=ttu&g_ep=EgoyMDI1MDkxNy4wIKXMDSoASAFQAw%3D%3D","5","Northern Territory","19 Conacher St","false",,,"Museum and Art Gallery of the Northern Territory","4.6",,"https://www.google.com/maps/search/?api=1&query=Museum%20and%20Art%20Gallery%20of%20the%20Northern%20Territory&query_place_id=ChIJF8yAuqiRwCwRV3a8zfKynDg",
"19 Conacher St, The Gardens NT 0820, Australia","Museum","Art gallery","Art museum","Cultural landmark","History museum","Local history museum","Maritime museum","Natural history museum","Science museum","Tourist attraction","Museum","4079332118394336855","The Gardens","AU","0x2cc091a8ba80cc17:0x389cb2f2cdbc7657","https://lh3.googleusercontent.com/gps-cs-s/AC9h4npYweXW4ELU76RUVoypYLxJ9MO1BJGGkcyPvaTAZ74aAmLZhqDmLWSOkoV8_O-ksfZ5r56NvkBy94lqXbJyH0k6_GLWbR0MRkFfL9mRljDxxdoARLxW_lzBrF0yqWw_lEkqztMM=w408-h306-k-no","false","true","en","0","-12.4371494","130.8334367","Christopher Moad",,"en","false","ChIJF8yAuqiRwCwRV3a8zfKynDg","0820",,"a month ago","2025-08-10T09:08:07.954Z",,,,"No","Weekend","No wait","Ci9DQUlRQUNvZENodHljRjlvT2xack1uSldNbVJKUWtab2IwRTRZbmR4ZDJGNU4yYxAB",,,,,,,,,,,,,,,,,,,"Google","https://www.google.com/maps/reviews/data=!4m8!14m7!1m6!2m5!1sCi9DQUlRQUNvZENodHljRjlvT2xack1uSldNbVJKUWtab2IwRTRZbmR4ZDJGNU4yYxAB!2m1!1s0x0:0x389cb2f2cdbc7657!3m1!1s2@1:CAIQACodChtycF9oOlZrMnJWMmRJQkZob0E4Yndxd2F5N2c%7C%7C?hl=en","108603554454952619586","444","https://lh3.googleusercontent.com/a/ACg8ocLu1vuoroiLHyU4ogJ5Q1xvrD9eM7yudkLibFuJWmgfvBYbw7Q=s1920-c-rp-mo-ba5-br100","https://www.google.com/maps/contrib/108603554454952619586?hl=en","3661","2025-09-22T03:27:20.019Z","Direct Detail URL: https://www.google.com/maps/place/Museum+and+Art+Gallery+of+the+Northern+Territory/@-12.4371494,130.8308618,17z/data=!4m8!3m7!1s0x2cc091a8ba80cc17:0x389cb2f2cdbc7657!8m2!3d-12.4371494!4d130.8334367!9m1!1b1!16s%2Fm%2F03qfrsf?entry=ttu&g_ep=EgoyMDI1MDkxNy4wIKXMDSoASAFQAw%3D%3D","4","Northern Territory","19 Conacher St","false","Excellent exhibition of indigenous art. Well worth a visit.",,"Museum and Art Gallery of the Northern Territory","4.6",,"https://www.google.com/maps/search/?api=1&query=Museum%20and%20Art%20Gallery%20of%20the%20Northern%20Territory&query_place_id=ChIJF8yAuqiRwCwRV3a8zfKynDg",
"19 Conacher St, The Gardens NT 0820, Australia","Museum","Art gallery","Art museum","Cultural landmark","History museum","Local history museum","Maritime museum","Natural history museum","Science museum","Tourist attraction","Museum","4079332118394336855","The Gardens","AU","0x2cc091a8ba80cc17:0x389cb2f2cdbc7657","https://lh3.googleusercontent.com/gps-cs-s/AC9h4npYweXW4ELU76RUVoypYLxJ9MO1BJGGkcyPvaTAZ74aAmLZhqDmLWSOkoV8_O-ksfZ5r56NvkBy94lqXbJyH0k6_GLWbR0MRkFfL9mRljDxxdoARLxW_lzBrF0yqWw_lEkqztMM=w408-h306-k-no","false","true","en","0","-12.4371494","130.8334367","Tom Gray",,,"false","ChIJF8yAuqiRwCwRV3a8zfKynDg","0820",,"a month ago","2025-08-10T04:49:11.403Z",,,,"No","Weekend","No wait","Ci9DQUlRQUNvZENodHljRjlvT25SRGJGTTNVWEl4TTNaTVRuWkVWbEp2VWxaWFVWRRAB",,,,,,,,,,,,,,,,,,,"Google","https://www.google.com/maps/reviews/data=!4m8!14m7!1m6!2m5!1sCi9DQUlRQUNvZENodHljRjlvT25SRGJGTTNVWEl4TTNaTVRuWkVWbEp2VWxaWFVWRRAB!2m1!1s0x0:0x389cb2f2cdbc7657!3m1!1s2@1:CAIQACodChtycF9oOnRDbFM3UXIxM3ZMTnZEVlJvUlZXUVE%7C%7C?hl=en","100911006219560877852","54","https://lh3.googleusercontent.com/a/ACg8ocLtB4G_mwA2WJxi5dhrIyS-BbjbyViscmOf6Tvoxev8y7w8kg=s1920-c-rp-mo-ba3-br100","https://www.google.com/maps/contrib/100911006219560877852?hl=en","3661","2025-09-22T03:27:20.019Z","Direct Detail URL: https://www.google.com/maps/place/Museum+and+Art+Gallery+of+the+Northern+Territory/@-12.4371494,130.8308618,17z/data=!4m8!3m7!1s0x2cc091a8ba80cc17:0x389cb2f2cdbc7657!8m2!3d-12.4371494!4d130.8334367!9m1!1b1!16s%2Fm%2F03qfrsf?entry=ttu&g_ep=EgoyMDI1MDkxNy4wIKXMDSoASAFQAw%3D%3D","5","Northern Territory","19 Conacher St","false",,,"Museum and Art Gallery of the Northern Territory","4.6",,"https://www.google.com/maps/search/?api=1&query=Museum%20and%20Art%20Gallery%20of%20the%20Northern%20Territory&query_place_id=ChIJF8yAuqiRwCwRV3a8zfKynDg",
"19 Conacher St, The Gardens NT 0820, Australia","Museum","Art gallery","Art museum","Cultural landmark","History museum","Local history museum","Maritime museum","Natural history museum","Science museum","Tourist attraction","Museum","4079332118394336855","The Gardens","AU","0x2cc091a8ba80cc17:0x389cb2f2cdbc7657","https://lh3.googleusercontent.com/gps-cs-s/AC9h4npYweXW4ELU76RUVoypYLxJ9MO1BJGGkcyPvaTAZ74aAmLZhqDmLWSOkoV8_O-ksfZ5r56NvkBy94lqXbJyH0k6_GLWbR0MRkFfL9mRljDxxdoARLxW_lzBrF0yqWw_lEkqztMM=w408-h306-k-no","false","true","en","0","-12.4371494","130.8334367","Lillis Taylor",,"en","false","ChIJF8yAuqiRwCwRV3a8zfKynDg","0820",,"a month ago","2025-08-09T22:25:14.444Z",,,,,,,"Ci9DQUlRQUNvZENodHljRjlvT2xGNFJuRlhZUzFhYW1obFltWjNRbmhQTkd4aE5YYxAB","https://lh3.googleusercontent.com/geougc-cs/AB3l90BWz-ZGmTi8xGY-pDlYq0uJMR-glZeZFRG02Gh1Kb-1xAK8LvEM1Q_uklrTS5PwNTRyguuWJxMoFrOlqBFx3f0AJG9RqFcR0k6zL6OcKbA8FII0d_qYUNNJkdgdN3Nwy_SHDEI9_JZ56Ie3","https://lh3.googleusercontent.com/geougc-cs/AB3l90Aohw_RMg5SosJUUSEo1P8gs7ryco7XeA_mzMEOtAHwO9UXxEtdYt89cPe8gfLK_w37DXRnL2R6ZHcWHhWRZ4Ji8Tipm-4wRRlT4Fqpub_1uC-2EG57pFQ98uZBU94jvWyKC3LKSoeHP1E",,,,,,,,,,,,,,,,,"Google","https://www.google.com/maps/reviews/data=!4m8!14m7!1m6!2m5!1sCi9DQUlRQUNvZENodHljRjlvT2xGNFJuRlhZUzFhYW1obFltWjNRbmhQTkd4aE5YYxAB!2m1!1s0x0:0x389cb2f2cdbc7657!3m1!1s2@1:CAIQACodChtycF9oOlF4RnFXYS1aamhlYmZ3QnhPNGxhNXc%7C%7C?hl=en","100581245465426431480","62","https://lh3.googleusercontent.com/a-/ALV-UjV9xVDj_SpUXrLJzxtYp6D_R8_iivDfQGXzttFpcO3eGnQlwhvr0g=s1920-c-rp-mo-ba4-br100","https://www.google.com/maps/contrib/100581245465426431480?hl=en","3661","2025-09-22T03:27:20.019Z","Direct Detail URL: https://www.google.com/maps/place/Museum+and+Art+Gallery+of+the+Northern+Territory/@-12.4371494,130.8308618,17z/data=!4m8!3m7!1s0x2cc091a8ba80cc17:0x389cb2f2cdbc7657!8m2!3d-12.4371494!4d130.8334367!9m1!1b1!16s%2Fm%2F03qfrsf?entry=ttu&g_ep=EgoyMDI1MDkxNy4wIKXMDSoASAFQAw%3D%3D","4","Northern Territory","19 Conacher St","false","What's not to like about an art center on the coast? Got to watch the sunset during the Aboriginal Art Awards so my experience is a little out of the ordinary. The art on display was mind-boggling...but ""Sweetheart"" is a fixture that is a sight to behold...I can't imagine encountering a crocodile of his size out in nature 😳🫠",,"Museum and Art Gallery of the Northern Territory","4.6",,"https://www.google.com/maps/search/?api=1&query=Museum%20and%20Art%20Gallery%20of%20the%20Northern%20Territory&query_place_id=ChIJF8yAuqiRwCwRV3a8zfKynDg",
"19 Conacher St, The Gardens NT 0820, Australia","Museum","Art gallery","Art museum","Cultural landmark","History museum","Local history museum","Maritime museum","Natural history museum","Science museum","Tourist attraction","Museum","4079332118394336855","The Gardens","AU","0x2cc091a8ba80cc17:0x389cb2f2cdbc7657","https://lh3.googleusercontent.com/gps-cs-s/AC9h4npYweXW4ELU76RUVoypYLxJ9MO1BJGGkcyPvaTAZ74aAmLZhqDmLWSOkoV8_O-ksfZ5r56NvkBy94lqXbJyH0k6_GLWbR0MRkFfL9mRljDxxdoARLxW_lzBrF0yqWw_lEkqztMM=w408-h306-k-no","false","true","en","0","-12.4371494","130.8334367","alice faggion",,,"false","ChIJF8yAuqiRwCwRV3a8zfKynDg","0820",,"a month ago","2025-08-09T12:15:35.502Z",,,,,,,"Ci9DQUlRQUNvZENodHljRjlvT21GbloyVjZZbUpMZDNKMVFVUk1ZV05RVG1FMmRIYxAB",,,,,,,,,,,,,,,,,,,"Google","https://www.google.com/maps/reviews/data=!4m8!14m7!1m6!2m5!1sCi9DQUlRQUNvZENodHljRjlvT21GbloyVjZZbUpMZDNKMVFVUk1ZV05RVG1FMmRIYxAB!2m1!1s0x0:0x389cb2f2cdbc7657!3m1!1s2@1:CAIQACodChtycF9oOmFnZ2V6YmJLd3J1QURMYWNQTmE2dHc%7C%7C?hl=en","106847864676615208168","20","https://lh3.googleusercontent.com/a-/ALV-UjUDLqRMqWBWARGmIWSncMkl5DnOmEN3ruqqJMUs9GOElRGS_UN6=s1920-c-rp-mo-ba3-br100","https://www.google.com/maps/contrib/106847864676615208168?hl=en","3661","2025-09-22T03:27:20.019Z","Direct Detail URL: https://www.google.com/maps/place/Museum+and+Art+Gallery+of+the+Northern+Territory/@-12.4371494,130.8308618,17z/data=!4m8!3m7!1s0x2cc091a8ba80cc17:0x389cb2f2cdbc7657!8m2!3d-12.4371494!4d130.8334367!9m1!1b1!16s%2Fm%2F03qfrsf?entry=ttu&g_ep=EgoyMDI1MDkxNy4wIKXMDSoASAFQAw%3D%3D","4","Northern Territory","19 Conacher St","false",,,"Museum and Art Gallery of the Northern Territory","4.6",,"https://www.google.com/maps/search/?api=1&query=Museum%20and%20Art%20Gallery%20of%20the%20Northern%20Territory&query_place_id=ChIJF8yAuqiRwCwRV3a8zfKynDg",
"19 Conacher St, The Gardens NT 0820, Australia","Museum","Art gallery","Art museum","Cultural landmark","History museum","Local history museum","Maritime museum","Natural history museum","Science museum","Tourist attraction","Museum","4079332118394336855","The Gardens","AU","0x2cc091a8ba80cc17:0x389cb2f2cdbc7657","https://lh3.googleusercontent.com/gps-cs-s/AC9h4npYweXW4ELU76RUVoypYLxJ9MO1BJGGkcyPvaTAZ74aAmLZhqDmLWSOkoV8_O-ksfZ5r56NvkBy94lqXbJyH0k6_GLWbR0MRkFfL9mRljDxxdoARLxW_lzBrF0yqWw_lEkqztMM=w408-h306-k-no","false","true","en","0","-12.4371494","130.8334367","Myndful ofself",,"en","false","ChIJF8yAuqiRwCwRV3a8zfKynDg","0820",,"a month ago","2025-08-09T02:04:31.876Z",,,,,"Weekday","No wait","Ci9DQUlRQUNvZENodHljRjlvT2t4NldFZGhaV1ozTUVSRGVVWjZabDlLYjBKMExVRRAB",,,,,,,,,,,,,,,,,,,"Google","https://www.google.com/maps/reviews/data=!4m8!14m7!1m6!2m5!1sCi9DQUlRQUNvZENodHljRjlvT2t4NldFZGhaV1ozTUVSRGVVWjZabDlLYjBKMExVRRAB!2m1!1s0x0:0x389cb2f2cdbc7657!3m1!1s2@1:CAIQACodChtycF9oOkx6WEdhZWZ3MERDeUZ6Zl9Kb0J0LUE%7C%7C?hl=en","101607050900316823927","39","https://lh3.googleusercontent.com/a/ACg8ocITegopssv_eDOxe2h1xmc0Mtjnxq-RvJ2k18GVau9WZxFZZw=s1920-c-rp-mo-ba3-br100","https://www.google.com/maps/contrib/101607050900316823927?hl=en","3661","2025-09-22T03:27:20.019Z","Direct Detail URL: https://www.google.com/maps/place/Museum+and+Art+Gallery+of+the+Northern+Territory/@-12.4371494,130.8308618,17z/data=!4m8!3m7!1s0x2cc091a8ba80cc17:0x389cb2f2cdbc7657!8m2!3d-12.4371494!4d130.8334367!9m1!1b1!16s%2Fm%2F03qfrsf?entry=ttu&g_ep=EgoyMDI1MDkxNy4wIKXMDSoASAFQAw%3D%3D","5","Northern Territory","19 Conacher St","false","One of the best Museums we have been to, it is free of charge and the kids loved all the exhibitions.",,"Museum and Art Gallery of the Northern Territory","4.6",,"https://www.google.com/maps/search/?api=1&query=Museum%20and%20Art%20Gallery%20of%20the%20Northern%20Territory&query_place_id=ChIJF8yAuqiRwCwRV3a8zfKynDg",
"19 Conacher St, The Gardens NT 0820, Australia","Museum","Art gallery","Art museum","Cultural landmark","History museum","Local history museum","Maritime museum","Natural history museum","Science museum","Tourist attraction","Museum","4079332118394336855","The Gardens","AU","0x2cc091a8ba80cc17:0x389cb2f2cdbc7657","https://lh3.googleusercontent.com/gps-cs-s/AC9h4npYweXW4ELU76RUVoypYLxJ9MO1BJGGkcyPvaTAZ74aAmLZhqDmLWSOkoV8_O-ksfZ5r56NvkBy94lqXbJyH0k6_GLWbR0MRkFfL9mRljDxxdoARLxW_lzBrF0yqWw_lEkqztMM=w408-h306-k-no","false","true","en","0","-12.4371494","130.8334367","chris wells",,,"false","ChIJF8yAuqiRwCwRV3a8zfKynDg","0820",,"a month ago","2025-08-08T06:26:13.831Z",,,,"Not sure","Weekday","No wait","Ci9DQUlRQUNvZENodHljRjlvT2pVd00yaE9SRGROT0hGSWFGbzVTMWxaVTNodVJIYxAB",,,,,,,,,,,,,,,,,,,"Google","https://www.google.com/maps/reviews/data=!4m8!14m7!1m6!2m5!1sCi9DQUlRQUNvZENodHljRjlvT2pVd00yaE9SRGROT0hGSWFGbzVTMWxaVTNodVJIYxAB!2m1!1s0x0:0x389cb2f2cdbc7657!3m1!1s2@1:CAIQACodChtycF9oOjUwM2hORDdNOHFIaFo5S1lZU3huRHc%7C%7C?hl=en","115114073382812020573","5","https://lh3.googleusercontent.com/a/ACg8ocL2YCGuKLXBi0WAeY8ZHGKXZKM-y5OZDBfTuC95QqWp2Dq32Q=s1920-c-rp-mo-ba3-br100","https://www.google.com/maps/contrib/115114073382812020573?hl=en","3661","2025-09-22T03:27:20.019Z","Direct Detail URL: https://www.google.com/maps/place/Museum+and+Art+Gallery+of+the+Northern+Territory/@-12.4371494,130.8308618,17z/data=!4m8!3m7!1s0x2cc091a8ba80cc17:0x389cb2f2cdbc7657!8m2!3d-12.4371494!4d130.8334367!9m1!1b1!16s%2Fm%2F03qfrsf?entry=ttu&g_ep=EgoyMDI1MDkxNy4wIKXMDSoASAFQAw%3D%3D","5","Northern Territory","19 Conacher St","false",,,"Museum and Art Gallery of the Northern Territory","4.6",,"https://www.google.com/maps/search/?api=1&query=Museum%20and%20Art%20Gallery%20of%20the%20Northern%20Territory&query_place_id=ChIJF8yAuqiRwCwRV3a8zfKynDg",
"19 Conacher St, The Gardens NT 0820, Australia","Museum","Art gallery","Art museum","Cultural landmark","History museum","Local history museum","Maritime museum","Natural history museum","Science museum","Tourist attraction","Museum","4079332118394336855","The Gardens","AU","0x2cc091a8ba80cc17:0x389cb2f2cdbc7657","https://lh3.googleusercontent.com/gps-cs-s/AC9h4npYweXW4ELU76RUVoypYLxJ9MO1BJGGkcyPvaTAZ74aAmLZhqDmLWSOkoV8_O-ksfZ5r56NvkBy94lqXbJyH0k6_GLWbR0MRkFfL9mRljDxxdoARLxW_lzBrF0yqWw_lEkqztMM=w408-h306-k-no","false","true","en","0","-12.4371494","130.8334367","Kylie",,"en","false","ChIJF8yAuqiRwCwRV3a8zfKynDg","0820",,"a month ago","2025-08-06T12:51:33.797Z",,,,,"Weekday","No wait","Ci9DQUlRQUNvZENodHljRjlvT2s0MVlrRlNkREE0TUZadk5qazJSakJUUWxST1VGRRAB","https://lh3.googleusercontent.com/geougc-cs/AB3l90BZDCFaxksCcnuXHgApcQc2AxXrNDpMTJ0wOybtAS7-k55gTTI1XsvspFI2gJnAxi3SV9sxfYaJjYa-9dB0ENMXSKZlq08y2ZDIpsDVYXKSbfXqXwnlJPrz_65BFvQ_3gfINPfsqd3xhQW9","https://lh3.googleusercontent.com/geougc-cs/AB3l90DspxTRpcFpzGCUAUPdPvTVOcoskfg87vb0ctmzlJdW_niYMsHlYpi4gXUkqwDhfGIGFu7CPlZFFAd6HNt0QQe42Q3Z3snw_SHkI-RhRTjT2_nXCSmFOD6TBfoMZ0bPTIBSqoKtgNhsstQ","https://lh3.googleusercontent.com/geougc-cs/AB3l90AzCYHdMWhySSWT-pQB6FynnIojSqtAVrkYIz3zANdtBSGyNTyLsReCwN30H2ikMdl6FgW1lRIA3UC8M_nNWo2TogLTshUJS1cNQpD6zFoyRVdbOdIcmuSK1LzKRdgCw-IJN85FucdXqAOe","https://lh3.googleusercontent.com/geougc-cs/AB3l90D-XekVPE4vUjRG6-3x-8BH2M4bMZLnRWukedvfIBX3jB79POrUYHE2WEwaIzYXQWdAeItvbU7mgnNp6swH5p3pVKC2riyEvoew_bj79OAeXOyYWeXo3dIK5DMntlo0KF64cPeYlaQkBUbr","https://lh3.googleusercontent.com/geougc-cs/AB3l90BBn6XFp-vBP3uObPgSeAInk9cgXUbkgf_mAPqsT4T12aaFHdTu8drRI0ZXA5FA-4DBGd9p6T6ftGo7UBjag-tdT2JtVSd7zZsSxugPIhwISBwYep7r92GTpUanBazi1UnYi_aTTJsdZc15","https://lh3.googleusercontent.com/geougc-cs/AB3l90BQsvmp5ijVW3D50YiEhK3ve9iWskK201q7OhGqGbOhXyQWD4bZURS8yfu_TFqiODDsV5tYAwrVnStX7ECQozR4NcgVQtfgN1Gp2Y3a0NECZfOusb0uvvnhgtnvCQCn6nHUZLzk6HjIY3E","https://lh3.googleusercontent.com/geougc-cs/AB3l90Cz3V5AyC1DTWSCh4ISPABxoRkMU4pFRt_YuMhZRO6FhYnRj8CcbyUuYjqk6tCq-9A8n7QkPZjm0mL7P0AlpcPF7i069xGhVPnDCBC2S_DgEUzli_eUpt9jswiAZQYj8F1yT7WzRjKlZJqR","https://lh3.googleusercontent.com/geougc-cs/AB3l90CxwvPk8Di8IhXuKHYXeY7REe1ZN-bnkdxvQnHhqNiBS__RKVocBXCdw7lmjO8Cipo7KBaMfbFJrbrVqI8yodm1JuJA22AWZvIDY9I7JKFY8qFxCuZdvewXpy_iGN7Hh2Dk7VVq18PT8WRv","https://lh3.googleusercontent.com/geougc-cs/AB3l90CTD8VvMaSjn5Tc_LR6N6TDI4NmI1HEBGFXzCYLH_0Jk0447b3R1u9WawvsI5US5w7lcdPPxJSQ4Oyj8pJCaWjphv4muPaXfpT_URv2DpH1KT7kF6X7aHeCjzBl_22MQF0vRWMIXmqTDB74","https://lh3.googleusercontent.com/geougc-cs/AB3l90DdovzhjEyNKALXOzSDH7R_t-daMkgkbMOMrak1RAuIPnY1qzCJWAI3MLFJlzx-S8yxbi-7vl4jsdTDQadKss-lb02Y18qM0XUQsGLZgzcdNLAjqm2u0hD9PicS47D8M79SOba6Kpiase_j","https://lh3.googleusercontent.com/geougc-cs/AB3l90B-MoBXNtrDuEq5eJw0DD81yX8sGIkjSu0i58qOTOhxKwxMAP0kY2yIAQozlv6fOzGdO6CiyOLAbb8qWTdNSHoU7Ythm8C1fBQxVI5qGDP5k246-la7dDxv6qWHJMz-KaL1U4OMJlErhsen","https://lh3.googleusercontent.com/geougc-cs/AB3l90C7-lguPzwI4L-KkoknMAYaUB8ISeHdzj8worxOWNmoDXJCfTy7nyDJ_H_jJ2Fa4HR80UoLMY6SRCvTPjOSa00U6TdnJzZBcw1UMSDitOnN7slFgMdceJfdlcaa1aa_JnQBuBvNgR-aK3af","https://lh3.googleusercontent.com/geougc-cs/AB3l90ALe7vy2e654b5Sr5YMmz9AWR6PJESx-9XkhTV7FhtMhCXLlhct01tQupV6phzuoE4haOhOrq3k6SsLqnW2hXfrjqt0j0UBcGv-zc6e8iiC3HNUtYD_jGjzlEKtGlTjWTpKzrVNJWBWNuiD","https://lh3.googleusercontent.com/geougc-cs/AB3l90B8hyzJ_Vb5pXZPgbTn4eBfgsEkbjGvTlQ2d7rxmga3e4tBvr-30pHPXMBw91iYw7FEdwMrFJHUZRsbBV88TwWu_hcM4OiyLzlJ7j5yapEKjaBjT9RJ1xxJ9496UXKgNrP9EpXyqHp-Kg16","https://lh3.googleusercontent.com/geougc-cs/AB3l90D0qcn39ncrise37kVH96pQNqphJMHsl0kIZ18JpQwz6sV5p0aN9xWpeDXokG-jCNUCZXqSXe7Ko1HCmwNdNc4eTq_Ff9tOmaSGe_W8cRVBNSsuYsEk6HB3iOZNTogyZqNhUKM84EQH0CIv","https://lh3.googleusercontent.com/geougc-cs/AB3l90C-WPpuiPPvtvbTpWE5ND9AH9W0UXbSTTddDWf9OJDN2GdMhLgWXwaq1y7JbKvYxr_l5uQ46V8kt8tXlYzl2U68gponyQiWbRILRJap5p4lFwoV_TxTgKI58YB0xbkufcB5acnsesJoHvw","https://lh3.googleusercontent.com/geougc-cs/AB3l90CRbSGIB6bX7UOON1dis-QpmMBxem6eOVTr0B_2xfIIrVpduXF_K1H8YZ6kS4JYZ4cjGHbZyOsm9eEgK1c2IgBRUZR2svqerSVS5DJ9Rs2K8yqFt1CczHv45wsprcIMiBAgO98-lCUNLJKU","https://lh3.googleusercontent.com/geougc-cs/AB3l90DHcbPgg6Pu8oYwBXVWu40LsLNaB9FzlkiIdbLH3KeS1cFAL2EFAm4GmgdNMP7jQtf-VBohtrZIYhPkhpZDJtPHjqDkdlcWICG0koMPc_71-135Ga2-LATqEKWjsNz2f_QbX2L5DWR3GHio","Google","https://www.google.com/maps/reviews/data=!4m8!14m7!1m6!2m5!1sCi9DQUlRQUNvZENodHljRjlvT2s0MVlrRlNkREE0TUZadk5qazJSakJUUWxST1VGRRAB!2m1!1s0x0:0x389cb2f2cdbc7657!3m1!1s2@1:CAIQACodChtycF9oOk41YkFSdDA4MFZvNjk2RjBTQlROUFE%7C%7C?hl=en","107770634105406240271","77","https://lh3.googleusercontent.com/a-/ALV-UjU2njFvsWY6rRUXxaL1aaWcrSuGfynUXdIx-S67bW6hf1wNVtFt=s1920-c-rp-mo-ba4-br100","https://www.google.com/maps/contrib/107770634105406240271?hl=en","3661","2025-09-22T03:27:20.019Z","Direct Detail URL: https://www.google.com/maps/place/Museum+and+Art+Gallery+of+the+Northern+Territory/@-12.4371494,130.8308618,17z/data=!4m8!3m7!1s0x2cc091a8ba80cc17:0x389cb2f2cdbc7657!8m2!3d-12.4371494!4d130.8334367!9m1!1b1!16s%2Fm%2F03qfrsf?entry=ttu&g_ep=EgoyMDI1MDkxNy4wIKXMDSoASAFQAw%3D%3D","5","Northern Territory","19 Conacher St","false","Definately recommend visiting the Museum and Art Gallery of the NT. There is a lot to see here from the entomology displays, cyclone Tracey exhibit and the amazing Aboriginal and Torres Strait Islander art. I would definately set aside more time than you expect to look at everything on display. We were lucky enough to visit during the Telstra NATSIA display. The artwork was so varied and captivating it was difficult to select a favourite to vote for.",,"Museum and Art Gallery of the Northern Territory","4.6",,"https://www.google.com/maps/search/?api=1&query=Museum%20and%20Art%20Gallery%20of%20the%20Northern%20Territory&query_place_id=ChIJF8yAuqiRwCwRV3a8zfKynDg",
"19 Conacher St, The Gardens NT 0820, Australia","Museum","Art gallery","Art museum","Cultural landmark","History museum","Local history museum","Maritime museum","Natural history museum","Science museum","Tourist attraction","Museum","4079332118394336855","The Gardens","AU","0x2cc091a8ba80cc17:0x389cb2f2cdbc7657","https://lh3.googleusercontent.com/gps-cs-s/AC9h4npYweXW4ELU76RUVoypYLxJ9MO1BJGGkcyPvaTAZ74aAmLZhqDmLWSOkoV8_O-ksfZ5r56NvkBy94lqXbJyH0k6_GLWbR0MRkFfL9mRljDxxdoARLxW_lzBrF0yqWw_lEkqztMM=w408-h306-k-no","false","true","en","0","-12.4371494","130.8334367","Randy DeGraw",,"en","false","ChIJF8yAuqiRwCwRV3a8zfKynDg","0820",,"a month ago","2025-08-06T10:35:19.573Z",,,,"No","Weekday","No wait","Ci9DQUlRQUNvZENodHljRjlvT214NmNVdDBkbkY1WTFoeFlucFNka2hHZFVFdFMxRRAB",,,,,,,,,,,,,,,,,,,"Google","https://www.google.com/maps/reviews/data=!4m8!14m7!1m6!2m5!1sCi9DQUlRQUNvZENodHljRjlvT214NmNVdDBkbkY1WTFoeFlucFNka2hHZFVFdFMxRRAB!2m1!1s0x0:0x389cb2f2cdbc7657!3m1!1s2@1:CAIQACodChtycF9oOmx6cUt0dnF5Y1hxYnpSdkhGdUEtS1E%7C%7C?hl=en","106142143251377094774","188","https://lh3.googleusercontent.com/a-/ALV-UjUw_mNNc7f3d762GjlnmcUOaHfwV54WXBC4eh0J2pSvQdJawtlo=s1920-c-rp-mo-ba5-br100","https://www.google.com/maps/contrib/106142143251377094774?hl=en","3661","2025-09-22T03:27:20.019Z","Direct Detail URL: https://www.google.com/maps/place/Museum+and+Art+Gallery+of+the+Northern+Territory/@-12.4371494,130.8308618,17z/data=!4m8!3m7!1s0x2cc091a8ba80cc17:0x389cb2f2cdbc7657!8m2!3d-12.4371494!4d130.8334367!9m1!1b1!16s%2Fm%2F03qfrsf?entry=ttu&g_ep=EgoyMDI1MDkxNy4wIKXMDSoASAFQAw%3D%3D","4","Northern Territory","19 Conacher St","false","Not a really big museum, but very interesting. Easy to get around in. Outside under cover area for the maritime exhibit.",,"Museum and Art Gallery of the Northern Territory","4.6",,"https://www.google.com/maps/search/?api=1&query=Museum%20and%20Art%20Gallery%20of%20the%20Northern%20Territory&query_place_id=ChIJF8yAuqiRwCwRV3a8zfKynDg",
"19 Conacher St, The Gardens NT 0820, Australia","Museum","Art gallery","Art museum","Cultural landmark","History museum","Local history museum","Maritime museum","Natural history museum","Science museum","Tourist attraction","Museum","4079332118394336855","The Gardens","AU","0x2cc091a8ba80cc17:0x389cb2f2cdbc7657","https://lh3.googleusercontent.com/gps-cs-s/AC9h4npYweXW4ELU76RUVoypYLxJ9MO1BJGGkcyPvaTAZ74aAmLZhqDmLWSOkoV8_O-ksfZ5r56NvkBy94lqXbJyH0k6_GLWbR0MRkFfL9mRljDxxdoARLxW_lzBrF0yqWw_lEkqztMM=w408-h306-k-no","false","true","en","0","-12.4371494","130.8334367","fiona Mckenzie-Brown",,,"false","ChIJF8yAuqiRwCwRV3a8zfKynDg","0820",,"a month ago","2025-08-05T23:23:17.235Z",,,,,"Weekday","No wait","Ci9DQUlRQUNvZENodHljRjlvT25OdFdFaHVjekJFVVRKRVQxbENhVmgwZG5KVFRIYxAB",,,,,,,,,,,,,,,,,,,"Google","https://www.google.com/maps/reviews/data=!4m8!14m7!1m6!2m5!1sCi9DQUlRQUNvZENodHljRjlvT25OdFdFaHVjekJFVVRKRVQxbENhVmgwZG5KVFRIYxAB!2m1!1s0x0:0x389cb2f2cdbc7657!3m1!1s2@1:CAIQACodChtycF9oOnNtWEhuczBEUTJET1lCaVh0dnJTTHc%7C%7C?hl=en","102514382673847824227","100","https://lh3.googleusercontent.com/a/ACg8ocKNpfTMfcpRVZAWsxgfK5ql9actNEt6gUi6WHCxs8PIk_6STtk=s1920-c-rp-mo-ba4-br100","https://www.google.com/maps/contrib/102514382673847824227?hl=en","3661","2025-09-22T03:27:20.019Z","Direct Detail URL: https://www.google.com/maps/place/Museum+and+Art+Gallery+of+the+Northern+Territory/@-12.4371494,130.8308618,17z/data=!4m8!3m7!1s0x2cc091a8ba80cc17:0x389cb2f2cdbc7657!8m2!3d-12.4371494!4d130.8334367!9m1!1b1!16s%2Fm%2F03qfrsf?entry=ttu&g_ep=EgoyMDI1MDkxNy4wIKXMDSoASAFQAw%3D%3D","5","Northern Territory","19 Conacher St","false",,,"Museum and Art Gallery of the Northern Territory","4.6",,"https://www.google.com/maps/search/?api=1&query=Museum%20and%20Art%20Gallery%20of%20the%20Northern%20Territory&query_place_id=ChIJF8yAuqiRwCwRV3a8zfKynDg",
"19 Conacher St, The Gardens NT 0820, Australia","Museum","Art gallery","Art museum","Cultural landmark","History museum","Local history museum","Maritime museum","Natural history museum","Science museum","Tourist attraction","Museum","4079332118394336855","The Gardens","AU","0x2cc091a8ba80cc17:0x389cb2f2cdbc7657","https://lh3.googleusercontent.com/gps-cs-s/AC9h4npYweXW4ELU76RUVoypYLxJ9MO1BJGGkcyPvaTAZ74aAmLZhqDmLWSOkoV8_O-ksfZ5r56NvkBy94lqXbJyH0k6_GLWbR0MRkFfL9mRljDxxdoARLxW_lzBrF0yqWw_lEkqztMM=w408-h306-k-no","false","true","en","0","-12.4371494","130.8334367","Helen Nguyen",,"en","false","ChIJF8yAuqiRwCwRV3a8zfKynDg","0820",,"a month ago","2025-08-05T16:08:59.316Z",,,,,"Weekday","No wait","Ci9DQUlRQUNvZENodHljRjlvT21sckxXVllZMHRZU25OU2J6SmpiVWgwUVRGZmVWRRAB","https://lh3.googleusercontent.com/geougc-cs/AB3l90Bhud9EXxpUPr6zQo33XKdt6m9jIaU55vrWQ28WfLqvC0TTuU5leMTF_DTM0BQ9I25UuCtOHA50WdSCzgJZXi3cqJUj2E3192cU5NjHbXSZVAo8K7kNjDEVKU5gous6osMuxIO-6xpVp3zV","https://lh3.googleusercontent.com/geougc-cs/AB3l90Am2IiQU4V_4tkidvn5xTXXBM2pNTjoaoiF6xhbr_V8fqoxfM_ERj101iZkqrM9cFqlc9dMZ25cXjpuJGdD89OBwgRjBGMQyms-rWme6ArOLpFZJrxOBdNJfpQOvRUbn5Mh614aEqG67gA","https://lh3.googleusercontent.com/geougc-cs/AB3l90DtVqIi1B1NERCZbhcdY-1gZgN5zzRjOT_VeEDPaskgSPvgEQ5EqI9cdYzI6c-lB1HKwlWO9RSU1OkEJuZ-MSkwfliOP5W5YDK_Ha3VPTzTVWMnOBamUoFD6BSdB9KJ_5Si8p45m8GOWdFd","https://lh3.googleusercontent.com/geougc-cs/AB3l90AON5BCsaRMb-O6qOINUi3LoqmLOctT14H4uXzkKiqETgaNHDFMQ-CmjwwZBQB0UZm3XaV5hxhKx98W0xnMNAIC68WkYcaxGaZn7AP9xr-QEiQhKVkOWuR2XGifkeMm0XWRrcwSF7CMXK6Q","https://lh3.googleusercontent.com/geougc-cs/AB3l90CphJVl9GjwdIZBesR9jVr8IK15x77tHiXRwuSXJDDBAxuiruVAv4kNR-WV74lw0zPHPbPEGY7GduaCTPfq18wa58LDeIHYBt0OADEqc8iRtzSXBExOVZSzdcopAuJcnk08MFM2W7RI8lE",,,,,,,,,,,,,,"Google","https://www.google.com/maps/reviews/data=!4m8!14m7!1m6!2m5!1sCi9DQUlRQUNvZENodHljRjlvT21sckxXVllZMHRZU25OU2J6SmpiVWgwUVRGZmVWRRAB!2m1!1s0x0:0x389cb2f2cdbc7657!3m1!1s2@1:CAIQACodChtycF9oOmlrLWVYY0tYSnNSbzJjbUh0QTFfeVE%7C%7C?hl=en","110630434408318702160","14","https://lh3.googleusercontent.com/a/ACg8ocKsP4HhASzjkqfZjNzsqUXGFpoUl1reB6cYVXtJTdG66PpIB84=s1920-c-rp-mo-ba3-br100","https://www.google.com/maps/contrib/110630434408318702160?hl=en","3661","2025-09-22T03:27:20.019Z","Direct Detail URL: https://www.google.com/maps/place/Museum+and+Art+Gallery+of+the+Northern+Territory/@-12.4371494,130.8308618,17z/data=!4m8!3m7!1s0x2cc091a8ba80cc17:0x389cb2f2cdbc7657!8m2!3d-12.4371494!4d130.8334367!9m1!1b1!16s%2Fm%2F03qfrsf?entry=ttu&g_ep=EgoyMDI1MDkxNy4wIKXMDSoASAFQAw%3D%3D","5","Northern Territory","19 Conacher St","false","MAGNT is a small but wonderfully curated museum — and best of all, completely free to enter (though small donations are appreciated). After our 5-day road trip from Alice Springs, it was a no-brainer stop upon arriving in Darwin.

The exhibits were diverse and engaging, featuring a beautiful showcase of local fauna, Indigenous art, and a deeply moving section dedicated to Cyclone Tracy. Visiting on a Wednesday meant few crowds, making the experience calm, easy to navigate, and unhurried — a real plus.

The well air-conditioned rooms offered a refreshing escape from the heat and humidity outside. Overall, MAGNT is a hidden gem that’s well worth a visit, especially given its accessible location and free entry. Highly recommended for anyone exploring Darwin.",,"Museum and Art Gallery of the Northern Territory","4.6",,"https://www.google.com/maps/search/?api=1&query=Museum%20and%20Art%20Gallery%20of%20the%20Northern%20Territory&query_place_id=ChIJF8yAuqiRwCwRV3a8zfKynDg",
"19 Conacher St, The Gardens NT 0820, Australia","Museum","Art gallery","Art museum","Cultural landmark","History museum","Local history museum","Maritime museum","Natural history museum","Science museum","Tourist attraction","Museum","4079332118394336855","The Gardens","AU","0x2cc091a8ba80cc17:0x389cb2f2cdbc7657","https://lh3.googleusercontent.com/gps-cs-s/AC9h4npYweXW4ELU76RUVoypYLxJ9MO1BJGGkcyPvaTAZ74aAmLZhqDmLWSOkoV8_O-ksfZ5r56NvkBy94lqXbJyH0k6_GLWbR0MRkFfL9mRljDxxdoARLxW_lzBrF0yqWw_lEkqztMM=w408-h306-k-no","false","true","en","0","-12.4371494","130.8334367","Clara",,"en","false","ChIJF8yAuqiRwCwRV3a8zfKynDg","0820",,"a month ago","2025-08-05T08:28:16.585Z",,,,"No","Weekday","No wait","Ci9DQUlRQUNvZENodHljRjlvT25SMWJHZFdaSGxvWWtadE1YRTBUbVF5VEhaV1dsRRAB","https://lh3.googleusercontent.com/geougc-cs/AB3l90AWINfXd_5304UBDDY8RuKtFOPyVbFU35w5YuNyhw9tkGv0RuP6R_lF-R_BrNXt-0qjKqnFngVouRC6-8kK36A0zFb4fO8IWpEEleZs2p3EMqgA33GkyakVSk5Qk0Dnkz4OzLHaAD9KDS8o","https://lh3.googleusercontent.com/geougc-cs/AB3l90DqK6QSB3_B9erGP1ZW0XLjWricdfblUfoDpIiE8aFXRPGiX2fkxFiNuhyyeqB6MeKTRraZ2TCHknfMOn-7EWCszmVQqL6jRy8R2Aso9NaiD6Fk0FluJ_v1V3acJSdP3G6iWqze1dnIhNWL","https://lh3.googleusercontent.com/geougc-cs/AB3l90A2dtfKEBNeIgClks9Tg34z5csAJIGoyfCS2yffUkf6D9gauRUz23j-hBio7K1QizmOAanl8Mq5PpTcbMjnnGfknf6k40ACqdKOB2LO52No0jPaJoc-uZuX00LQ2gVZmxyf6Q9elTJi25-a",,,,,,,,,,,,,,,,"Google","https://www.google.com/maps/reviews/data=!4m8!14m7!1m6!2m5!1sCi9DQUlRQUNvZENodHljRjlvT25SMWJHZFdaSGxvWWtadE1YRTBUbVF5VEhaV1dsRRAB!2m1!1s0x0:0x389cb2f2cdbc7657!3m1!1s2@1:CAIQACodChtycF9oOnR1bGdWZHloYkZtMXE0TmQyTHZWWlE%7C%7C?hl=en","107991275348876959852","43","https://lh3.googleusercontent.com/a/ACg8ocJE3M66MKtwAawkDxwwo9-9QM_5oywRXZbztHSwlMkHrSxo64DC=s1920-c-rp-mo-ba3-br100","https://www.google.com/maps/contrib/107991275348876959852?hl=en","3661","2025-09-22T03:27:20.019Z","Direct Detail URL: https://www.google.com/maps/place/Museum+and+Art+Gallery+of+the+Northern+Territory/@-12.4371494,130.8308618,17z/data=!4m8!3m7!1s0x2cc091a8ba80cc17:0x389cb2f2cdbc7657!8m2!3d-12.4371494!4d130.8334367!9m1!1b1!16s%2Fm%2F03qfrsf?entry=ttu&g_ep=EgoyMDI1MDkxNy4wIKXMDSoASAFQAw%3D%3D","5","Northern Territory","19 Conacher St","false","Loved it!",,"Museum and Art Gallery of the Northern Territory","4.6",,"https://www.google.com/maps/search/?api=1&query=Museum%20and%20Art%20Gallery%20of%20the%20Northern%20Territory&query_place_id=ChIJF8yAuqiRwCwRV3a8zfKynDg",
"19 Conacher St, The Gardens NT 0820, Australia","Museum","Art gallery","Art museum","Cultural landmark","History museum","Local history museum","Maritime museum","Natural history museum","Science museum","Tourist attraction","Museum","4079332118394336855","The Gardens","AU","0x2cc091a8ba80cc17:0x389cb2f2cdbc7657","https://lh3.googleusercontent.com/gps-cs-s/AC9h4npYweXW4ELU76RUVoypYLxJ9MO1BJGGkcyPvaTAZ74aAmLZhqDmLWSOkoV8_O-ksfZ5r56NvkBy94lqXbJyH0k6_GLWbR0MRkFfL9mRljDxxdoARLxW_lzBrF0yqWw_lEkqztMM=w408-h306-k-no","false","true","en","0","-12.4371494","130.8334367","paul gooley",,"en","false","ChIJF8yAuqiRwCwRV3a8zfKynDg","0820",,"a month ago","2025-08-05T07:57:59.242Z",,,,"No","Weekday","No wait","Ci9DQUlRQUNvZENodHljRjlvT2kxTFpEaHBSMDFaZG05S1NrVnpjVUpzYzFaMWEwRRAB",,,,,,,,,,,,,,,,,,,"Google","https://www.google.com/maps/reviews/data=!4m8!14m7!1m6!2m5!1sCi9DQUlRQUNvZENodHljRjlvT2kxTFpEaHBSMDFaZG05S1NrVnpjVUpzYzFaMWEwRRAB!2m1!1s0x0:0x389cb2f2cdbc7657!3m1!1s2@1:CAIQACodChtycF9oOi1LZDhpR01Zdm9KSkVzcUJsc1Z1a0E%7C%7C?hl=en","104549681366656890714","237","https://lh3.googleusercontent.com/a-/ALV-UjWUKWmqJJTs2dmxGiVRD6j-Y9kqW1IvuOnz3Olk-a_ZH_CbjKke=s1920-c-rp-mo-ba5-br100","https://www.google.com/maps/contrib/104549681366656890714?hl=en","3661","2025-09-22T03:27:20.019Z","Direct Detail URL: https://www.google.com/maps/place/Museum+and+Art+Gallery+of+the+Northern+Territory/@-12.4371494,130.8308618,17z/data=!4m8!3m7!1s0x2cc091a8ba80cc17:0x389cb2f2cdbc7657!8m2!3d-12.4371494!4d130.8334367!9m1!1b1!16s%2Fm%2F03qfrsf?entry=ttu&g_ep=EgoyMDI1MDkxNy4wIKXMDSoASAFQAw%3D%3D","5","Northern Territory","19 Conacher St","false","Very interesting an different from others",,"Museum and Art Gallery of the Northern Territory","4.6",,"https://www.google.com/maps/search/?api=1&query=Museum%20and%20Art%20Gallery%20of%20the%20Northern%20Territory&query_place_id=ChIJF8yAuqiRwCwRV3a8zfKynDg",
"19 Conacher St, The Gardens NT 0820, Australia","Museum","Art gallery","Art museum","Cultural landmark","History museum","Local history museum","Maritime museum","Natural history museum","Science museum","Tourist attraction","Museum","4079332118394336855","The Gardens","AU","0x2cc091a8ba80cc17:0x389cb2f2cdbc7657","https://lh3.googleusercontent.com/gps-cs-s/AC9h4npYweXW4ELU76RUVoypYLxJ9MO1BJGGkcyPvaTAZ74aAmLZhqDmLWSOkoV8_O-ksfZ5r56NvkBy94lqXbJyH0k6_GLWbR0MRkFfL9mRljDxxdoARLxW_lzBrF0yqWw_lEkqztMM=w408-h306-k-no","false","true","en","0","-12.4371494","130.8334367","Alan Lu",,,"false","ChIJF8yAuqiRwCwRV3a8zfKynDg","0820",,"a month ago","2025-08-04T22:55:07.042Z",,,,,,,"Ci9DQUlRQUNvZENodHljRjlvT2twdWRFRkxiVWN4UW1WWlYyZG1YMUJ2VEZWb09XYxAB","https://lh3.googleusercontent.com/geougc-cs/AB3l90B9EMrH5V0cjkl6P4PeznoP8vnN_5OdnHa1M5F42LrPJM3rlKIS3Jr9zQdPTesqn00YhlhwsK1GIj5m5jVvscdou1bzZCPROZzV-98kfU6Z8r9C8xECgmGEgkGua55i4_OyPCpi1_pxuD78","https://lh3.googleusercontent.com/geougc-cs/AB3l90CEVhf5-k2XoAPDkxBIxPFSjoj_8LLINtoA2RMUCG2wFCVBI_XAcLyMO1FBTsj5I4zpvRWmt7v63gi31c4Hmb76KiY4Q5Y2ApLaf3EfQBhhe1rqKBpubNooiFCF2figLdwOB50a0CI1DTZi","https://lh3.googleusercontent.com/geougc-cs/AB3l90D3kvvkiCMjwPZuumuha2EobYn-7hK57Yg3yVwE8OkcP2ysu0He2Qwv8bW7al-idE7k7kcBPNwvXo8zJa8QjfVKplAYGTeg2_OoWvHFaV4E6YZE26p7FJt9-DoqjYLKnKhRgbva20XgFz8","https://lh3.googleusercontent.com/geougc-cs/AB3l90A7M3nLTxeUYLXCt-b1s4mgl77KLJJXQytDeHU3MbbT6u0Tk9GJ_ZleN2lBliIMQjuQZar_RMcb4PLNsBKjNlmTbBkOiK9XufwgKDnwPFU-hTMmQn92yjqCsD0bBaRUv6jJRX2SShj0Ms8O","https://lh3.googleusercontent.com/geougc-cs/AB3l90Bi8wkD9wA1-lFn6zqzekLvKq-Gx6HOP2e2gYTyOs7174ykIA7GFaSQVNklb4XW8pR7TKoET9geBsatLo1sHKOFS-JIKbVUUgdQxJfAvwsyJJumyYlK2RmPNXARRqtCOJCuq_mAxOLBmZVN",,,,,,,,,,,,,,"Google","https://www.google.com/maps/reviews/data=!4m8!14m7!1m6!2m5!1sCi9DQUlRQUNvZENodHljRjlvT2twdWRFRkxiVWN4UW1WWlYyZG1YMUJ2VEZWb09XYxAB!2m1!1s0x0:0x389cb2f2cdbc7657!3m1!1s2@1:CAIQACodChtycF9oOkpudEFLbUcxQmVZV2dmX1BvTFVoOWc%7C%7C?hl=en","109948780366386925544","33","https://lh3.googleusercontent.com/a-/ALV-UjXCJBJ7oLfskcMmSAN4TBep9U7VJ2eNamu8ebWYYgtYSf27842q=s1920-c-rp-mo-ba5-br100","https://www.google.com/maps/contrib/109948780366386925544?hl=en","3661","2025-09-22T03:27:20.019Z","Direct Detail URL: https://www.google.com/maps/place/Museum+and+Art+Gallery+of+the+Northern+Territory/@-12.4371494,130.8308618,17z/data=!4m8!3m7!1s0x2cc091a8ba80cc17:0x389cb2f2cdbc7657!8m2!3d-12.4371494!4d130.8334367!9m1!1b1!16s%2Fm%2F03qfrsf?entry=ttu&g_ep=EgoyMDI1MDkxNy4wIKXMDSoASAFQAw%3D%3D","5","Northern Territory","19 Conacher St","false",,,"Museum and Art Gallery of the Northern Territory","4.6",,"https://www.google.com/maps/search/?api=1&query=Museum%20and%20Art%20Gallery%20of%20the%20Northern%20Territory&query_place_id=ChIJF8yAuqiRwCwRV3a8zfKynDg",
"19 Conacher St, The Gardens NT 0820, Australia","Museum","Art gallery","Art museum","Cultural landmark","History museum","Local history museum","Maritime museum","Natural history museum","Science museum","Tourist attraction","Museum","4079332118394336855","The Gardens","AU","0x2cc091a8ba80cc17:0x389cb2f2cdbc7657","https://lh3.googleusercontent.com/gps-cs-s/AC9h4npYweXW4ELU76RUVoypYLxJ9MO1BJGGkcyPvaTAZ74aAmLZhqDmLWSOkoV8_O-ksfZ5r56NvkBy94lqXbJyH0k6_GLWbR0MRkFfL9mRljDxxdoARLxW_lzBrF0yqWw_lEkqztMM=w408-h306-k-no","false","true","en","0","-12.4371494","130.8334367","Michael Duffy",,,"false","ChIJF8yAuqiRwCwRV3a8zfKynDg","0820",,"a month ago","2025-08-04T12:20:44.234Z",,,,"No","Weekday","No wait","Ci9DQUlRQUNvZENodHljRjlvT21KcmFGQlZVbWRDYjB3M2IxZFRSVEp2V2tsQ2JXYxAB",,,,,,,,,,,,,,,,,,,"Google","https://www.google.com/maps/reviews/data=!4m8!14m7!1m6!2m5!1sCi9DQUlRQUNvZENodHljRjlvT21KcmFGQlZVbWRDYjB3M2IxZFRSVEp2V2tsQ2JXYxAB!2m1!1s0x0:0x389cb2f2cdbc7657!3m1!1s2@1:CAIQACodChtycF9oOmJraFBVUmdCb0w3b1dTRTJvWklCbWc%7C%7C?hl=en","113578301229117424179","39","https://lh3.googleusercontent.com/a/ACg8ocKbBS1w5C-GaLAMn2NDXrOMcs-ph7znJfMZKnHpWUwyY_ENHw=s1920-c-rp-mo-ba5-br100","https://www.google.com/maps/contrib/113578301229117424179?hl=en","3661","2025-09-22T03:27:20.019Z","Direct Detail URL: https://www.google.com/maps/place/Museum+and+Art+Gallery+of+the+Northern+Territory/@-12.4371494,130.8308618,17z/data=!4m8!3m7!1s0x2cc091a8ba80cc17:0x389cb2f2cdbc7657!8m2!3d-12.4371494!4d130.8334367!9m1!1b1!16s%2Fm%2F03qfrsf?entry=ttu&g_ep=EgoyMDI1MDkxNy4wIKXMDSoASAFQAw%3D%3D","4","Northern Territory","19 Conacher St","false",,,"Museum and Art Gallery of the Northern Territory","4.6",,"https://www.google.com/maps/search/?api=1&query=Museum%20and%20Art%20Gallery%20of%20the%20Northern%20Territory&query_place_id=ChIJF8yAuqiRwCwRV3a8zfKynDg",
"19 Conacher St, The Gardens NT 0820, Australia","Museum","Art gallery","Art museum","Cultural landmark","History museum","Local history museum","Maritime museum","Natural history museum","Science museum","Tourist attraction","Museum","4079332118394336855","The Gardens","AU","0x2cc091a8ba80cc17:0x389cb2f2cdbc7657","https://lh3.googleusercontent.com/gps-cs-s/AC9h4npYweXW4ELU76RUVoypYLxJ9MO1BJGGkcyPvaTAZ74aAmLZhqDmLWSOkoV8_O-ksfZ5r56NvkBy94lqXbJyH0k6_GLWbR0MRkFfL9mRljDxxdoARLxW_lzBrF0yqWw_lEkqztMM=w408-h306-k-no","false","true","en","0","-12.4371494","130.8334367","Klaus Christensen",,"en","false","ChIJF8yAuqiRwCwRV3a8zfKynDg","0820",,"a month ago","2025-08-04T11:08:12.567Z",,,,"No","Weekday","No wait","Ci9DQUlRQUNvZENodHljRjlvT2xKa05FOWpUMHRMTjNKRk1UbDRWamxQYlhONFpIYxAB",,,,,,,,,,,,,,,,,,,"Google","https://www.google.com/maps/reviews/data=!4m8!14m7!1m6!2m5!1sCi9DQUlRQUNvZENodHljRjlvT2xKa05FOWpUMHRMTjNKRk1UbDRWamxQYlhONFpIYxAB!2m1!1s0x0:0x389cb2f2cdbc7657!3m1!1s2@1:CAIQACodChtycF9oOlJkNE9jT0tLN3JFMTl4VjlPbXN4ZHc%7C%7C?hl=en","113762263069381544073","23","https://lh3.googleusercontent.com/a/ACg8ocL1NBa7gbCqtWIKKFxm2eBC4Qt5AyKNUhOfw7KTNYKl6wZU_g=s1920-c-rp-mo-ba2-br100","https://www.google.com/maps/contrib/113762263069381544073?hl=en","3661","2025-09-22T03:27:20.019Z","Direct Detail URL: https://www.google.com/maps/place/Museum+and+Art+Gallery+of+the+Northern+Territory/@-12.4371494,130.8308618,17z/data=!4m8!3m7!1s0x2cc091a8ba80cc17:0x389cb2f2cdbc7657!8m2!3d-12.4371494!4d130.8334367!9m1!1b1!16s%2Fm%2F03qfrsf?entry=ttu&g_ep=EgoyMDI1MDkxNy4wIKXMDSoASAFQAw%3D%3D","5","Northern Territory","19 Conacher St","false","Fantastic place to visit.  Give yourselves plenty of time.",,"Museum and Art Gallery of the Northern Territory","4.6",,"https://www.google.com/maps/search/?api=1&query=Museum%20and%20Art%20Gallery%20of%20the%20Northern%20Territory&query_place_id=ChIJF8yAuqiRwCwRV3a8zfKynDg",
"19 Conacher St, The Gardens NT 0820, Australia","Museum","Art gallery","Art museum","Cultural landmark","History museum","Local history museum","Maritime museum","Natural history museum","Science museum","Tourist attraction","Museum","4079332118394336855","The Gardens","AU","0x2cc091a8ba80cc17:0x389cb2f2cdbc7657","https://lh3.googleusercontent.com/gps-cs-s/AC9h4npYweXW4ELU76RUVoypYLxJ9MO1BJGGkcyPvaTAZ74aAmLZhqDmLWSOkoV8_O-ksfZ5r56NvkBy94lqXbJyH0k6_GLWbR0MRkFfL9mRljDxxdoARLxW_lzBrF0yqWw_lEkqztMM=w408-h306-k-no","false","true","en","0","-12.4371494","130.8334367","Owen Temple",,,"false","ChIJF8yAuqiRwCwRV3a8zfKynDg","0820",,"a month ago","2025-08-04T02:20:01.194Z",,,,,"Weekday","No wait","Ci9DQUlRQUNvZENodHljRjlvT2xFd1ZUTTBjVVZ5UjJwb1kwWnVlVzl6UWxSNVlsRRAB",,,,,,,,,,,,,,,,,,,"Google","https://www.google.com/maps/reviews/data=!4m8!14m7!1m6!2m5!1sCi9DQUlRQUNvZENodHljRjlvT2xFd1ZUTTBjVVZ5UjJwb1kwWnVlVzl6UWxSNVlsRRAB!2m1!1s0x0:0x389cb2f2cdbc7657!3m1!1s2@1:CAIQACodChtycF9oOlEwVTM0cUVyR2poY0ZueW9zQlR5YlE%7C%7C?hl=en","116122309172404004531","111","https://lh3.googleusercontent.com/a-/ALV-UjUD3yUtT9ixW1o-FL0n0K089glEzwtJcelxLcnx2p0BiWw2gSLN=s1920-c-rp-mo-ba4-br100","https://www.google.com/maps/contrib/116122309172404004531?hl=en","3661","2025-09-22T03:27:20.019Z","Direct Detail URL: https://www.google.com/maps/place/Museum+and+Art+Gallery+of+the+Northern+Territory/@-12.4371494,130.8308618,17z/data=!4m8!3m7!1s0x2cc091a8ba80cc17:0x389cb2f2cdbc7657!8m2!3d-12.4371494!4d130.8334367!9m1!1b1!16s%2Fm%2F03qfrsf?entry=ttu&g_ep=EgoyMDI1MDkxNy4wIKXMDSoASAFQAw%3D%3D","5","Northern Territory","19 Conacher St","false",,,"Museum and Art Gallery of the Northern Territory","4.6",,"https://www.google.com/maps/search/?api=1&query=Museum%20and%20Art%20Gallery%20of%20the%20Northern%20Territory&query_place_id=ChIJF8yAuqiRwCwRV3a8zfKynDg",
"19 Conacher St, The Gardens NT 0820, Australia","Museum","Art gallery","Art museum","Cultural landmark","History museum","Local history museum","Maritime museum","Natural history museum","Science museum","Tourist attraction","Museum","4079332118394336855","The Gardens","AU","0x2cc091a8ba80cc17:0x389cb2f2cdbc7657","https://lh3.googleusercontent.com/gps-cs-s/AC9h4npYweXW4ELU76RUVoypYLxJ9MO1BJGGkcyPvaTAZ74aAmLZhqDmLWSOkoV8_O-ksfZ5r56NvkBy94lqXbJyH0k6_GLWbR0MRkFfL9mRljDxxdoARLxW_lzBrF0yqWw_lEkqztMM=w408-h306-k-no","false","true","en","0","-12.4371494","130.8334367","Peter Ramadge",,,"false","ChIJF8yAuqiRwCwRV3a8zfKynDg","0820",,"a month ago","2025-08-03T03:36:35.699Z",,,,,,,"Ci9DQUlRQUNvZENodHljRjlvT2s5VlFVMTFUMFJQTFcxTlQwbzNSVzFEVDNOTFdFRRAB",,,,,,,,,,,,,,,,,,,"Google","https://www.google.com/maps/reviews/data=!4m8!14m7!1m6!2m5!1sCi9DQUlRQUNvZENodHljRjlvT2s5VlFVMTFUMFJQTFcxTlQwbzNSVzFEVDNOTFdFRRAB!2m1!1s0x0:0x389cb2f2cdbc7657!3m1!1s2@1:CAIQACodChtycF9oOk9VQU11T0RPLW1NT0o3RW1DT3NLWEE%7C%7C?hl=en","107330670494473548013","6","https://lh3.googleusercontent.com/a/ACg8ocIEHn65L52QDoVPHesMapfnbjVQRiTx8Q5Bdv_dSKyL9ZLOzQ=s1920-c-rp-mo-ba2-br100","https://www.google.com/maps/contrib/107330670494473548013?hl=en","3661","2025-09-22T03:27:20.019Z","Direct Detail URL: https://www.google.com/maps/place/Museum+and+Art+Gallery+of+the+Northern+Territory/@-12.4371494,130.8308618,17z/data=!4m8!3m7!1s0x2cc091a8ba80cc17:0x389cb2f2cdbc7657!8m2!3d-12.4371494!4d130.8334367!9m1!1b1!16s%2Fm%2F03qfrsf?entry=ttu&g_ep=EgoyMDI1MDkxNy4wIKXMDSoASAFQAw%3D%3D","4","Northern Territory","19 Conacher St","false",,,"Museum and Art Gallery of the Northern Territory","4.6",,"https://www.google.com/maps/search/?api=1&query=Museum%20and%20Art%20Gallery%20of%20the%20Northern%20Territory&query_place_id=ChIJF8yAuqiRwCwRV3a8zfKynDg",
"19 Conacher St, The Gardens NT 0820, Australia","Museum","Art gallery","Art museum","Cultural landmark","History museum","Local history museum","Maritime museum","Natural history museum","Science museum","Tourist attraction","Museum","4079332118394336855","The Gardens","AU","0x2cc091a8ba80cc17:0x389cb2f2cdbc7657","https://lh3.googleusercontent.com/gps-cs-s/AC9h4npYweXW4ELU76RUVoypYLxJ9MO1BJGGkcyPvaTAZ74aAmLZhqDmLWSOkoV8_O-ksfZ5r56NvkBy94lqXbJyH0k6_GLWbR0MRkFfL9mRljDxxdoARLxW_lzBrF0yqWw_lEkqztMM=w408-h306-k-no","false","false","en","0","-12.4371494","130.8334367","Rodney Michael La Velle",,,"false","ChIJF8yAuqiRwCwRV3a8zfKynDg","0820",,"a month ago","2025-08-02T10:33:36.832Z",,,,,"Weekday","No wait","Ci9DQUlRQUNvZENodHljRjlvT2xSSlYyaDVkV1ZSUm1sNloxOTVTa1J2VW1GT1ZsRRAB",,,,,,,,,,,,,,,,,,,"Google","https://www.google.com/maps/reviews/data=!4m8!14m7!1m6!2m5!1sCi9DQUlRQUNvZENodHljRjlvT2xSSlYyaDVkV1ZSUm1sNloxOTVTa1J2VW1GT1ZsRRAB!2m1!1s0x0:0x389cb2f2cdbc7657!3m1!1s2@1:CAIQACodChtycF9oOlRJV2h5dWVRRml6Z195SkRvUmFOVlE%7C%7C?hl=en","116031073454186851829","2","https://lh3.googleusercontent.com/a/ACg8ocIZ_bsjhVCyDiNuNgVFXcczI-Rxm4afROf7lc2W1CZHjjmAiQ=s1920-c-rp-mo-br100","https://www.google.com/maps/contrib/116031073454186851829?hl=en","3661","2025-09-22T03:27:20.019Z","Direct Detail URL: https://www.google.com/maps/place/Museum+and+Art+Gallery+of+the+Northern+Territory/@-12.4371494,130.8308618,17z/data=!4m8!3m7!1s0x2cc091a8ba80cc17:0x389cb2f2cdbc7657!8m2!3d-12.4371494!4d130.8334367!9m1!1b1!16s%2Fm%2F03qfrsf?entry=ttu&g_ep=EgoyMDI1MDkxNy4wIKXMDSoASAFQAw%3D%3D","5","Northern Territory","19 Conacher St","false",,,"Museum and Art Gallery of the Northern Territory","4.6",,"https://www.google.com/maps/search/?api=1&query=Museum%20and%20Art%20Gallery%20of%20the%20Northern%20Territory&query_place_id=ChIJF8yAuqiRwCwRV3a8zfKynDg",
