"address","categories/0","categories/1","categories/2","categories/3","categories/4","categories/5","categories/6","categories/7","categoryName","cid","city","countryCode","fid","imageUrl","isAdvertisement","isLocalGuide","language","likesCount","location/lat","location/lng","name","neighborhood","originalLanguage","permanentlyClosed","placeId","postalCode","price","publishAt","publishedAtDate","rating","responseFromOwnerDate","responseFromOwnerText","reviewId","reviewImageUrls/0","reviewImageUrls/1","reviewImageUrls/2","reviewImageUrls/3","reviewImageUrls/4","reviewImageUrls/5","reviewImageUrls/6","reviewImageUrls/7","reviewImageUrls/8","reviewImageUrls/9","reviewImageUrls/10","reviewImageUrls/11","reviewImageUrls/12","reviewImageUrls/13","reviewImageUrls/14","reviewImageUrls/15","reviewImageUrls/16","reviewImageUrls/17","reviewImageUrls/18","reviewImageUrls/19","reviewImageUrls/20","reviewImageUrls/21","reviewImageUrls/22","reviewImageUrls/23","reviewImageUrls/24","reviewImageUrls/25","reviewImageUrls/26","reviewImageUrls/27","reviewImageUrls/28","reviewImageUrls/29","reviewImageUrls/30","reviewImageUrls/31","reviewImageUrls/32","reviewOrigin","reviewUrl","reviewerId","reviewerNumberOfReviews","reviewerPhotoUrl","reviewerUrl","reviewsCount","scrapedAt","searchString","stars","state","street","temporarilyClosed","text","textTranslated","title","totalScore","translatedLanguage","url","visitedIn"
"3/3 Vickers St, Parap NT 0804, Australia","Farmers' market","Clothing store","Craft store","Food court","Fruit and vegetable store","Market","Massage therapist","Tourist attraction","Farmers' market","9678678612194162818","Parap","AU","0x2cc093d12bf0efe3:0x865192eaff00f882","https://lh3.googleusercontent.com/gps-cs-s/AC9h4noBF3HbcrMm6CUtVgYUFGSR5MGm14j-dL8wXxc_JjOwX4Besc4yuXMDNjHbmU4DImy5kN8MxBtyW_z1DWnp9Ji2812h4h1hkKGURYKcH451F4GvfwrLE-niMXxcrb3iK2kkOXZl=w426-h240-k-no","false","false","en","0","-12.4316104","130.8446143","Steve Arnott",,,"false","ChIJ4-_wK9GTwCwRgvgA_-qSUYY","0804",,"4 days ago","2025-09-17T09:44:55.778Z",,,,"Ci9DQUlRQUNvZENodHljRjlvT25samRtNVhUV1ZxT1hZd1NHaHdTV0p1YkhnelVrRRAB",,,,,,,,,,,,,,,,,,,,,,,,,,,,,,,,,,"Google","https://www.google.com/maps/reviews/data=!4m8!14m7!1m6!2m5!1sCi9DQUlRQUNvZENodHljRjlvT25samRtNVhUV1ZxT1hZd1NHaHdTV0p1YkhnelVrRRAB!2m1!1s0x0:0x865192eaff00f882!3m1!1s2@1:CAIQACodChtycF9oOnljdm5XTWVqOXYwSGhwSWJubHgzUkE%7C%7C?hl=en","110816335134294941835","10","https://lh3.googleusercontent.com/a/ACg8ocIp-5fJE552UxQKm4ZlF865bsj4NWpw-1xci4p7OOe-J3smJg=s1920-c-rp-mo-br100","https://www.google.com/maps/contrib/110816335134294941835?hl=en","1917","2025-09-22T03:42:20.195Z","Direct Detail URL: https://www.google.com/maps/place/Parap+Village+Markets/@-12.4316104,130.8420394,17z/data=!3m1!4b1!4m6!3m5!1s0x2cc093d12bf0efe3:0x865192eaff00f882!8m2!3d-12.4316104!4d130.8446143!16s%2Fg%2F1wjwxy8h?entry=ttu&g_ep=EgoyMDI1MDkxNy4wIKXMDSoASAFQAw%3D%3D","5","Northern Territory","3/3 Vickers St","false",,,"Parap Village Markets","4.5",,"https://www.google.com/maps/search/?api=1&query=Parap%20Village%20Markets&query_place_id=ChIJ4-_wK9GTwCwRgvgA_-qSUYY",
"3/3 Vickers St, Parap NT 0804, Australia","Farmers' market","Clothing store","Craft store","Food court","Fruit and vegetable store","Market","Massage therapist","Tourist attraction","Farmers' market","9678678612194162818","Parap","AU","0x2cc093d12bf0efe3:0x865192eaff00f882","https://lh3.googleusercontent.com/gps-cs-s/AC9h4noBF3HbcrMm6CUtVgYUFGSR5MGm14j-dL8wXxc_JjOwX4Besc4yuXMDNjHbmU4DImy5kN8MxBtyW_z1DWnp9Ji2812h4h1hkKGURYKcH451F4GvfwrLE-niMXxcrb3iK2kkOXZl=w426-h240-k-no","false","true","en","0","-12.4316104","130.8446143","Jackie Webb",,,"false","ChIJ4-_wK9GTwCwRgvgA_-qSUYY","0804",,"6 days ago","2025-09-16T03:19:26.602Z",,,,"Ci9DQUlRQUNvZENodHljRjlvT2tWdFRpMXhPRFpxZVdGQlV6QjZWM1ozZWpOMVVHYxAB",,,,,,,,,,,,,,,,,,,,,,,,,,,,,,,,,,"Google","https://www.google.com/maps/reviews/data=!4m8!14m7!1m6!2m5!1sCi9DQUlRQUNvZENodHljRjlvT2tWdFRpMXhPRFpxZVdGQlV6QjZWM1ozZWpOMVVHYxAB!2m1!1s0x0:0x865192eaff00f882!3m1!1s2@1:CAIQACodChtycF9oOkVtTi1xODZqeWFBUzB6V3Z3ejN1UGc%7C%7C?hl=en","100915197069503777828","5","https://lh3.googleusercontent.com/a/ACg8ocIfVgNf2BX3LWkPhxred1oUIgRQrI7_h_0E-xfKgeH-lVkylG5T=s1920-c-rp-mo-ba2-br100","https://www.google.com/maps/contrib/100915197069503777828?hl=en","1917","2025-09-22T03:42:20.195Z","Direct Detail URL: https://www.google.com/maps/place/Parap+Village+Markets/@-12.4316104,130.8420394,17z/data=!3m1!4b1!4m6!3m5!1s0x2cc093d12bf0efe3:0x865192eaff00f882!8m2!3d-12.4316104!4d130.8446143!16s%2Fg%2F1wjwxy8h?entry=ttu&g_ep=EgoyMDI1MDkxNy4wIKXMDSoASAFQAw%3D%3D","5","Northern Territory","3/3 Vickers St","false",,,"Parap Village Markets","4.5",,"https://www.google.com/maps/search/?api=1&query=Parap%20Village%20Markets&query_place_id=ChIJ4-_wK9GTwCwRgvgA_-qSUYY",
"3/3 Vickers St, Parap NT 0804, Australia","Farmers' market","Clothing store","Craft store","Food court","Fruit and vegetable store","Market","Massage therapist","Tourist attraction","Farmers' market","9678678612194162818","Parap","AU","0x2cc093d12bf0efe3:0x865192eaff00f882","https://lh3.googleusercontent.com/gps-cs-s/AC9h4noBF3HbcrMm6CUtVgYUFGSR5MGm14j-dL8wXxc_JjOwX4Besc4yuXMDNjHbmU4DImy5kN8MxBtyW_z1DWnp9Ji2812h4h1hkKGURYKcH451F4GvfwrLE-niMXxcrb3iK2kkOXZl=w426-h240-k-no","false","true","en","0","-12.4316104","130.8446143","Peter Webb",,"en","false","ChIJ4-_wK9GTwCwRgvgA_-qSUYY","0804",,"Edited a week ago","2025-09-13T06:08:30.070Z",,,,"ChdDSUhNMG9nS0VJQ0FnSURVaGZESDB3RRAB",,,,,,,,,,,,,,,,,,,,,,,,,,,,,,,,,,"Google","https://www.google.com/maps/reviews/data=!4m8!14m7!1m6!2m5!1sChdDSUhNMG9nS0VJQ0FnSURVaGZESDB3RRAB!2m1!1s0x0:0x865192eaff00f882!3m1!1s2@1:CIHM0ogKEICAgIDUhfDH0wE%7C%7C?hl=en","118206716620013567632","98","https://lh3.googleusercontent.com/a-/ALV-UjX1JylAP0I-8xxSfxKNT62VPPxPhAcWQ0XM1k3vxW6DkPuNX_Fp=s1920-c-rp-mo-ba4-br100","https://www.google.com/maps/contrib/118206716620013567632?hl=en","1917","2025-09-22T03:42:20.195Z","Direct Detail URL: https://www.google.com/maps/place/Parap+Village+Markets/@-12.4316104,130.8420394,17z/data=!3m1!4b1!4m6!3m5!1s0x2cc093d12bf0efe3:0x865192eaff00f882!8m2!3d-12.4316104!4d130.8446143!16s%2Fg%2F1wjwxy8h?entry=ttu&g_ep=EgoyMDI1MDkxNy4wIKXMDSoASAFQAw%3D%3D","5","Northern Territory","3/3 Vickers St","false","Great little market to get some tasty food.",,"Parap Village Markets","4.5",,"https://www.google.com/maps/search/?api=1&query=Parap%20Village%20Markets&query_place_id=ChIJ4-_wK9GTwCwRgvgA_-qSUYY",
"3/3 Vickers St, Parap NT 0804, Australia","Farmers' market","Clothing store","Craft store","Food court","Fruit and vegetable store","Market","Massage therapist","Tourist attraction","Farmers' market","9678678612194162818","Parap","AU","0x2cc093d12bf0efe3:0x865192eaff00f882","https://lh3.googleusercontent.com/gps-cs-s/AC9h4noBF3HbcrMm6CUtVgYUFGSR5MGm14j-dL8wXxc_JjOwX4Besc4yuXMDNjHbmU4DImy5kN8MxBtyW_z1DWnp9Ji2812h4h1hkKGURYKcH451F4GvfwrLE-niMXxcrb3iK2kkOXZl=w426-h240-k-no","false","true","en","0","-12.4316104","130.8446143","Kitt Chai (Kit)",,,"false","ChIJ4-_wK9GTwCwRgvgA_-qSUYY","0804",,"a week ago","2025-09-12T12:57:21.518Z",,,,"Ci9DQUlRQUNvZENodHljRjlvT2sxc2EzVkhVa296VkdZeU9FaHZjMFJZVjNkMFNHYxAB",,,,,,,,,,,,,,,,,,,,,,,,,,,,,,,,,,"Google","https://www.google.com/maps/reviews/data=!4m8!14m7!1m6!2m5!1sCi9DQUlRQUNvZENodHljRjlvT2sxc2EzVkhVa296VkdZeU9FaHZjMFJZVjNkMFNHYxAB!2m1!1s0x0:0x865192eaff00f882!3m1!1s2@1:CAIQACodChtycF9oOk1sa3VHUkozVGYyOEhvc0RYV3d0SGc%7C%7C?hl=en","117319178982344468105","24","https://lh3.googleusercontent.com/a-/ALV-UjVtsA2VE9f9FG8MZfZNta5Q7j3WLt8Wwag2N9OAMEoL1BkvXaRDhQ=s1920-c-rp-mo-ba3-br100","https://www.google.com/maps/contrib/117319178982344468105?hl=en","1917","2025-09-22T03:42:20.195Z","Direct Detail URL: https://www.google.com/maps/place/Parap+Village+Markets/@-12.4316104,130.8420394,17z/data=!3m1!4b1!4m6!3m5!1s0x2cc093d12bf0efe3:0x865192eaff00f882!8m2!3d-12.4316104!4d130.8446143!16s%2Fg%2F1wjwxy8h?entry=ttu&g_ep=EgoyMDI1MDkxNy4wIKXMDSoASAFQAw%3D%3D","5","Northern Territory","3/3 Vickers St","false",,,"Parap Village Markets","4.5",,"https://www.google.com/maps/search/?api=1&query=Parap%20Village%20Markets&query_place_id=ChIJ4-_wK9GTwCwRgvgA_-qSUYY",
"3/3 Vickers St, Parap NT 0804, Australia","Farmers' market","Clothing store","Craft store","Food court","Fruit and vegetable store","Market","Massage therapist","Tourist attraction","Farmers' market","9678678612194162818","Parap","AU","0x2cc093d12bf0efe3:0x865192eaff00f882","https://lh3.googleusercontent.com/gps-cs-s/AC9h4noBF3HbcrMm6CUtVgYUFGSR5MGm14j-dL8wXxc_JjOwX4Besc4yuXMDNjHbmU4DImy5kN8MxBtyW_z1DWnp9Ji2812h4h1hkKGURYKcH451F4GvfwrLE-niMXxcrb3iK2kkOXZl=w426-h240-k-no","false","false","en","0","-12.4316104","130.8446143","Patel Sreena",,,"false","ChIJ4-_wK9GTwCwRgvgA_-qSUYY","0804",,"a week ago","2025-09-10T08:23:41.219Z",,,,"Ci9DQUlRQUNvZENodHljRjlvT205cE1qVjFNVTh5WjJFemRtRlJRblJJYVdwb1UzYxAB",,,,,,,,,,,,,,,,,,,,,,,,,,,,,,,,,,"Google","https://www.google.com/maps/reviews/data=!4m8!14m7!1m6!2m5!1sCi9DQUlRQUNvZENodHljRjlvT205cE1qVjFNVTh5WjJFemRtRlJRblJJYVdwb1UzYxAB!2m1!1s0x0:0x865192eaff00f882!3m1!1s2@1:CAIQACodChtycF9oOm9pMjV1MU8yZ2EzdmFRQnRIaWpoU3c%7C%7C?hl=en","115050503577541345243","3","https://lh3.googleusercontent.com/a/ACg8ocKxIJW3MkrTM01zrDVwXqpGKAn0hMsfNBod3C7fH53HACEFDw=s1920-c-rp-mo-br100","https://www.google.com/maps/contrib/115050503577541345243?hl=en","1917","2025-09-22T03:42:20.195Z","Direct Detail URL: https://www.google.com/maps/place/Parap+Village+Markets/@-12.4316104,130.8420394,17z/data=!3m1!4b1!4m6!3m5!1s0x2cc093d12bf0efe3:0x865192eaff00f882!8m2!3d-12.4316104!4d130.8446143!16s%2Fg%2F1wjwxy8h?entry=ttu&g_ep=EgoyMDI1MDkxNy4wIKXMDSoASAFQAw%3D%3D","5","Northern Territory","3/3 Vickers St","false",,,"Parap Village Markets","4.5",,"https://www.google.com/maps/search/?api=1&query=Parap%20Village%20Markets&query_place_id=ChIJ4-_wK9GTwCwRgvgA_-qSUYY",
"3/3 Vickers St, Parap NT 0804, Australia","Farmers' market","Clothing store","Craft store","Food court","Fruit and vegetable store","Market","Massage therapist","Tourist attraction","Farmers' market","9678678612194162818","Parap","AU","0x2cc093d12bf0efe3:0x865192eaff00f882","https://lh3.googleusercontent.com/gps-cs-s/AC9h4noBF3HbcrMm6CUtVgYUFGSR5MGm14j-dL8wXxc_JjOwX4Besc4yuXMDNjHbmU4DImy5kN8MxBtyW_z1DWnp9Ji2812h4h1hkKGURYKcH451F4GvfwrLE-niMXxcrb3iK2kkOXZl=w426-h240-k-no","false","true","en","0","-12.4316104","130.8446143","Matt Nolan",,"en","false","ChIJ4-_wK9GTwCwRgvgA_-qSUYY","0804",,"a week ago","2025-09-08T04:29:08.087Z",,,,"Ci9DQUlRQUNvZENodHljRjlvT2pGSVoyZ3diR3A2ZFdFMVNXTnJTalpMV1c1WE5tYxAB","https://lh3.googleusercontent.com/geougc-cs/AB3l90BUXl7Yg93Ko_K2MbSSrV84F8ssJvfZE0EYzooON2Tw7G3vzthk7_B9qORzDbQapN59F2gmFwau4e7CR7qUexufNYiCca33g-5pLyZrUgpbHtV6ktjJTB-ks-wxGg1qEWud_061cebMjUrd",,,,,,,,,,,,,,,,,,,,,,,,,,,,,,,,,"Google","https://www.google.com/maps/reviews/data=!4m8!14m7!1m6!2m5!1sCi9DQUlRQUNvZENodHljRjlvT2pGSVoyZ3diR3A2ZFdFMVNXTnJTalpMV1c1WE5tYxAB!2m1!1s0x0:0x865192eaff00f882!3m1!1s2@1:CAIQACodChtycF9oOjFIZ2gwbGp6dWE1SWNrSjZLWW5XNmc%7C%7C?hl=en","106395513482602558407","381","https://lh3.googleusercontent.com/a/ACg8ocJsXPKjW7TT4l9N-9_7_tH8CFYH2SLabolIWHS1LVIZMqCiuQ=s1920-c-rp-mo-ba5-br100","https://www.google.com/maps/contrib/106395513482602558407?hl=en","1917","2025-09-22T03:42:20.195Z","Direct Detail URL: https://www.google.com/maps/place/Parap+Village+Markets/@-12.4316104,130.8420394,17z/data=!3m1!4b1!4m6!3m5!1s0x2cc093d12bf0efe3:0x865192eaff00f882!8m2!3d-12.4316104!4d130.8446143!16s%2Fg%2F1wjwxy8h?entry=ttu&g_ep=EgoyMDI1MDkxNy4wIKXMDSoASAFQAw%3D%3D","5","Northern Territory","3/3 Vickers St","false","Very busy with lots of food stalls and dog accessories stalls, clothing stalls.",,"Parap Village Markets","4.5",,"https://www.google.com/maps/search/?api=1&query=Parap%20Village%20Markets&query_place_id=ChIJ4-_wK9GTwCwRgvgA_-qSUYY",
"3/3 Vickers St, Parap NT 0804, Australia","Farmers' market","Clothing store","Craft store","Food court","Fruit and vegetable store","Market","Massage therapist","Tourist attraction","Farmers' market","9678678612194162818","Parap","AU","0x2cc093d12bf0efe3:0x865192eaff00f882","https://lh3.googleusercontent.com/gps-cs-s/AC9h4noBF3HbcrMm6CUtVgYUFGSR5MGm14j-dL8wXxc_JjOwX4Besc4yuXMDNjHbmU4DImy5kN8MxBtyW_z1DWnp9Ji2812h4h1hkKGURYKcH451F4GvfwrLE-niMXxcrb3iK2kkOXZl=w426-h240-k-no","false","true","en","0","-12.4316104","130.8446143","David Mitchell",,"en","false","ChIJ4-_wK9GTwCwRgvgA_-qSUYY","0804",,"Edited 2 weeks ago","2025-09-08T02:04:53.165Z",,,,"ChdDSUhNMG9nS0VJQ0FnSUROaUpuM3l3RRAB",,,,,,,,,,,,,,,,,,,,,,,,,,,,,,,,,,"Google","https://www.google.com/maps/reviews/data=!4m8!14m7!1m6!2m5!1sChdDSUhNMG9nS0VJQ0FnSUROaUpuM3l3RRAB!2m1!1s0x0:0x865192eaff00f882!3m1!1s2@1:CIHM0ogKEICAgIDNiJn3ywE%7C%7C?hl=en","105274202885359045588","461","https://lh3.googleusercontent.com/a-/ALV-UjXuTGCtJNBitw1RjksjSBAb_q4FpMJcfST_hrboMQkiFbPHEjrS=s1920-c-rp-mo-ba5-br100","https://www.google.com/maps/contrib/105274202885359045588?hl=en","1917","2025-09-22T03:42:20.195Z","Direct Detail URL: https://www.google.com/maps/place/Parap+Village+Markets/@-12.4316104,130.8420394,17z/data=!3m1!4b1!4m6!3m5!1s0x2cc093d12bf0efe3:0x865192eaff00f882!8m2!3d-12.4316104!4d130.8446143!16s%2Fg%2F1wjwxy8h?entry=ttu&g_ep=EgoyMDI1MDkxNy4wIKXMDSoASAFQAw%3D%3D","4","Northern Territory","3/3 Vickers St","false","Don't know if I would call this a farmers market, more general, craft, food possibly general produce. Great place nonetheless. Highly recommend a visit.",,"Parap Village Markets","4.5",,"https://www.google.com/maps/search/?api=1&query=Parap%20Village%20Markets&query_place_id=ChIJ4-_wK9GTwCwRgvgA_-qSUYY",
"3/3 Vickers St, Parap NT 0804, Australia","Farmers' market","Clothing store","Craft store","Food court","Fruit and vegetable store","Market","Massage therapist","Tourist attraction","Farmers' market","9678678612194162818","Parap","AU","0x2cc093d12bf0efe3:0x865192eaff00f882","https://lh3.googleusercontent.com/gps-cs-s/AC9h4noBF3HbcrMm6CUtVgYUFGSR5MGm14j-dL8wXxc_JjOwX4Besc4yuXMDNjHbmU4DImy5kN8MxBtyW_z1DWnp9Ji2812h4h1hkKGURYKcH451F4GvfwrLE-niMXxcrb3iK2kkOXZl=w426-h240-k-no","false","false","en","0","-12.4316104","130.8446143","Colin Nicholas",,"en","false","ChIJ4-_wK9GTwCwRgvgA_-qSUYY","0804",,"2 weeks ago","2025-09-06T07:30:30.613Z",,,,"Ci9DQUlRQUNvZENodHljRjlvT2xOa1RtWnRhR0UyTmpCeGVFWlVUMnRUTjI1VVNHYxAB",,,,,,,,,,,,,,,,,,,,,,,,,,,,,,,,,,"Google","https://www.google.com/maps/reviews/data=!4m8!14m7!1m6!2m5!1sCi9DQUlRQUNvZENodHljRjlvT2xOa1RtWnRhR0UyTmpCeGVFWlVUMnRUTjI1VVNHYxAB!2m1!1s0x0:0x865192eaff00f882!3m1!1s2@1:CAIQACodChtycF9oOlNkTmZtaGE2NjBxeEZUT2tTN25USGc%7C%7C?hl=en","115714974966294413892","5","https://lh3.googleusercontent.com/a/ACg8ocJYQLyKTD7_KvWhLDqzsHJMbXFXHBw2vwyhAwmva1M0QLTBkQ=s1920-c-rp-mo-br100","https://www.google.com/maps/contrib/115714974966294413892?hl=en","1917","2025-09-22T03:42:20.195Z","Direct Detail URL: https://www.google.com/maps/place/Parap+Village+Markets/@-12.4316104,130.8420394,17z/data=!3m1!4b1!4m6!3m5!1s0x2cc093d12bf0efe3:0x865192eaff00f882!8m2!3d-12.4316104!4d130.8446143!16s%2Fg%2F1wjwxy8h?entry=ttu&g_ep=EgoyMDI1MDkxNy4wIKXMDSoASAFQAw%3D%3D","3","Northern Territory","3/3 Vickers St","false","If you want food",,"Parap Village Markets","4.5",,"https://www.google.com/maps/search/?api=1&query=Parap%20Village%20Markets&query_place_id=ChIJ4-_wK9GTwCwRgvgA_-qSUYY",
"3/3 Vickers St, Parap NT 0804, Australia","Farmers' market","Clothing store","Craft store","Food court","Fruit and vegetable store","Market","Massage therapist","Tourist attraction","Farmers' market","9678678612194162818","Parap","AU","0x2cc093d12bf0efe3:0x865192eaff00f882","https://lh3.googleusercontent.com/gps-cs-s/AC9h4noBF3HbcrMm6CUtVgYUFGSR5MGm14j-dL8wXxc_JjOwX4Besc4yuXMDNjHbmU4DImy5kN8MxBtyW_z1DWnp9Ji2812h4h1hkKGURYKcH451F4GvfwrLE-niMXxcrb3iK2kkOXZl=w426-h240-k-no","false","true","en","0","-12.4316104","130.8446143","Louise Titulaer",,"en","false","ChIJ4-_wK9GTwCwRgvgA_-qSUYY","0804",,"2 weeks ago","2025-09-01T03:57:55.620Z",,,,"Ci9DQUlRQUNvZENodHljRjlvT25sV01Vd3lUbXN3VlZCbVYySlViVXh3ZWtwV05WRRAB",,,,,,,,,,,,,,,,,,,,,,,,,,,,,,,,,,"Google","https://www.google.com/maps/reviews/data=!4m8!14m7!1m6!2m5!1sCi9DQUlRQUNvZENodHljRjlvT25sV01Vd3lUbXN3VlZCbVYySlViVXh3ZWtwV05WRRAB!2m1!1s0x0:0x865192eaff00f882!3m1!1s2@1:CAIQACodChtycF9oOnlWMUwyTmswVVBmV2JUbUxwekpWNVE%7C%7C?hl=en","105361153429120050453","269","https://lh3.googleusercontent.com/a/ACg8ocLznlC423prmoNayP8-CEHAP38IKuI7bldTbx_4-isu05ccDQ=s1920-c-rp-mo-ba5-br100","https://www.google.com/maps/contrib/105361153429120050453?hl=en","1917","2025-09-22T03:42:20.195Z","Direct Detail URL: https://www.google.com/maps/place/Parap+Village+Markets/@-12.4316104,130.8420394,17z/data=!3m1!4b1!4m6!3m5!1s0x2cc093d12bf0efe3:0x865192eaff00f882!8m2!3d-12.4316104!4d130.8446143!16s%2Fg%2F1wjwxy8h?entry=ttu&g_ep=EgoyMDI1MDkxNy4wIKXMDSoASAFQAw%3D%3D","4","Northern Territory","3/3 Vickers St","false","Really enjoyable local market , easy to find ,easy parking and interesting choice of food vans , nice music being played",,"Parap Village Markets","4.5",,"https://www.google.com/maps/search/?api=1&query=Parap%20Village%20Markets&query_place_id=ChIJ4-_wK9GTwCwRgvgA_-qSUYY",
"3/3 Vickers St, Parap NT 0804, Australia","Farmers' market","Clothing store","Craft store","Food court","Fruit and vegetable store","Market","Massage therapist","Tourist attraction","Farmers' market","9678678612194162818","Parap","AU","0x2cc093d12bf0efe3:0x865192eaff00f882","https://lh3.googleusercontent.com/gps-cs-s/AC9h4noBF3HbcrMm6CUtVgYUFGSR5MGm14j-dL8wXxc_JjOwX4Besc4yuXMDNjHbmU4DImy5kN8MxBtyW_z1DWnp9Ji2812h4h1hkKGURYKcH451F4GvfwrLE-niMXxcrb3iK2kkOXZl=w426-h240-k-no","false","true","en","0","-12.4316104","130.8446143","Andrea Tonkins",,"en","false","ChIJ4-_wK9GTwCwRgvgA_-qSUYY","0804",,"3 weeks ago","2025-08-30T05:35:51.389Z",,,,"Ci9DQUlRQUNvZENodHljRjlvT201bE4wOUZWMkUxU0ZRMmFrSnRibmQyVlZwVFZGRRAB",,,,,,,,,,,,,,,,,,,,,,,,,,,,,,,,,,"Google","https://www.google.com/maps/reviews/data=!4m8!14m7!1m6!2m5!1sCi9DQUlRQUNvZENodHljRjlvT201bE4wOUZWMkUxU0ZRMmFrSnRibmQyVlZwVFZGRRAB!2m1!1s0x0:0x865192eaff00f882!3m1!1s2@1:CAIQACodChtycF9oOm5lN09FV2E1SFQ2akJtbnd2VVpTVFE%7C%7C?hl=en","110924030370203109782","135","https://lh3.googleusercontent.com/a-/ALV-UjVP00IBXPmNGz6y4m2Z3EBc7LqEUJrEhDipr5zH98gP0k5rc98y=s1920-c-rp-mo-ba4-br100","https://www.google.com/maps/contrib/110924030370203109782?hl=en","1917","2025-09-22T03:42:20.195Z","Direct Detail URL: https://www.google.com/maps/place/Parap+Village+Markets/@-12.4316104,130.8420394,17z/data=!3m1!4b1!4m6!3m5!1s0x2cc093d12bf0efe3:0x865192eaff00f882!8m2!3d-12.4316104!4d130.8446143!16s%2Fg%2F1wjwxy8h?entry=ttu&g_ep=EgoyMDI1MDkxNy4wIKXMDSoASAFQAw%3D%3D","4","Northern Territory","3/3 Vickers St","false","Plenty of stalls clothing jewellery  food and drinks",,"Parap Village Markets","4.5",,"https://www.google.com/maps/search/?api=1&query=Parap%20Village%20Markets&query_place_id=ChIJ4-_wK9GTwCwRgvgA_-qSUYY",
"3/3 Vickers St, Parap NT 0804, Australia","Farmers' market","Clothing store","Craft store","Food court","Fruit and vegetable store","Market","Massage therapist","Tourist attraction","Farmers' market","9678678612194162818","Parap","AU","0x2cc093d12bf0efe3:0x865192eaff00f882","https://lh3.googleusercontent.com/gps-cs-s/AC9h4noBF3HbcrMm6CUtVgYUFGSR5MGm14j-dL8wXxc_JjOwX4Besc4yuXMDNjHbmU4DImy5kN8MxBtyW_z1DWnp9Ji2812h4h1hkKGURYKcH451F4GvfwrLE-niMXxcrb3iK2kkOXZl=w426-h240-k-no","false","true","en","0","-12.4316104","130.8446143","Janelle Lind",,"en","false","ChIJ4-_wK9GTwCwRgvgA_-qSUYY","0804",,"3 weeks ago","2025-08-29T10:46:28.953Z",,,,"Ci9DQUlRQUNvZENodHljRjlvT2xsVGIxY3lZbkkxY1hoZlpVRm9SR3B1U3pCR2NrRRAB",,,,,,,,,,,,,,,,,,,,,,,,,,,,,,,,,,"Google","https://www.google.com/maps/reviews/data=!4m8!14m7!1m6!2m5!1sCi9DQUlRQUNvZENodHljRjlvT2xsVGIxY3lZbkkxY1hoZlpVRm9SR3B1U3pCR2NrRRAB!2m1!1s0x0:0x865192eaff00f882!3m1!1s2@1:CAIQACodChtycF9oOllTb1cyYnI1cXhfZUFoRGpuSzBGckE%7C%7C?hl=en","112017130326465612443","103","https://lh3.googleusercontent.com/a-/ALV-UjXDPfK_8TwYeZ8MahmTJkt-PDfW9i_Fd0q9bVJoh1XLeCW_WoMxwA=s1920-c-rp-mo-ba4-br100","https://www.google.com/maps/contrib/112017130326465612443?hl=en","1917","2025-09-22T03:42:20.195Z","Direct Detail URL: https://www.google.com/maps/place/Parap+Village+Markets/@-12.4316104,130.8420394,17z/data=!3m1!4b1!4m6!3m5!1s0x2cc093d12bf0efe3:0x865192eaff00f882!8m2!3d-12.4316104!4d130.8446143!16s%2Fg%2F1wjwxy8h?entry=ttu&g_ep=EgoyMDI1MDkxNy4wIKXMDSoASAFQAw%3D%3D","5","Northern Territory","3/3 Vickers St","false","Loved it. So many stalls. Wearing walking shoes is recommended",,"Parap Village Markets","4.5",,"https://www.google.com/maps/search/?api=1&query=Parap%20Village%20Markets&query_place_id=ChIJ4-_wK9GTwCwRgvgA_-qSUYY",
"3/3 Vickers St, Parap NT 0804, Australia","Farmers' market","Clothing store","Craft store","Food court","Fruit and vegetable store","Market","Massage therapist","Tourist attraction","Farmers' market","9678678612194162818","Parap","AU","0x2cc093d12bf0efe3:0x865192eaff00f882","https://lh3.googleusercontent.com/gps-cs-s/AC9h4noBF3HbcrMm6CUtVgYUFGSR5MGm14j-dL8wXxc_JjOwX4Besc4yuXMDNjHbmU4DImy5kN8MxBtyW_z1DWnp9Ji2812h4h1hkKGURYKcH451F4GvfwrLE-niMXxcrb3iK2kkOXZl=w426-h240-k-no","false","true","en","0","-12.4316104","130.8446143","Dustin Tadawan",,,"false","ChIJ4-_wK9GTwCwRgvgA_-qSUYY","0804",,"3 weeks ago","2025-08-27T09:11:53.174Z",,,,"Ci9DQUlRQUNvZENodHljRjlvT2xKb1VFRllZa2xpYUhoTFdXRkZUbVJWZGxOVWJHYxAB",,,,,,,,,,,,,,,,,,,,,,,,,,,,,,,,,,"Google","https://www.google.com/maps/reviews/data=!4m8!14m7!1m6!2m5!1sCi9DQUlRQUNvZENodHljRjlvT2xKb1VFRllZa2xpYUhoTFdXRkZUbVJWZGxOVWJHYxAB!2m1!1s0x0:0x865192eaff00f882!3m1!1s2@1:CAIQACodChtycF9oOlJoUEFYYkliaHhLWWFFTmRVdlNUbGc%7C%7C?hl=en","103905769285378330839","82","https://lh3.googleusercontent.com/a-/ALV-UjWZ9jt7MkFLYT-ageBidgVJPXcLVG2-qrezMLEnl4VF1oTVq5IAAQ=s1920-c-rp-mo-ba5-br100","https://www.google.com/maps/contrib/103905769285378330839?hl=en","1917","2025-09-22T03:42:20.195Z","Direct Detail URL: https://www.google.com/maps/place/Parap+Village+Markets/@-12.4316104,130.8420394,17z/data=!3m1!4b1!4m6!3m5!1s0x2cc093d12bf0efe3:0x865192eaff00f882!8m2!3d-12.4316104!4d130.8446143!16s%2Fg%2F1wjwxy8h?entry=ttu&g_ep=EgoyMDI1MDkxNy4wIKXMDSoASAFQAw%3D%3D","4","Northern Territory","3/3 Vickers St","false",,,"Parap Village Markets","4.5",,"https://www.google.com/maps/search/?api=1&query=Parap%20Village%20Markets&query_place_id=ChIJ4-_wK9GTwCwRgvgA_-qSUYY",
"3/3 Vickers St, Parap NT 0804, Australia","Farmers' market","Clothing store","Craft store","Food court","Fruit and vegetable store","Market","Massage therapist","Tourist attraction","Farmers' market","9678678612194162818","Parap","AU","0x2cc093d12bf0efe3:0x865192eaff00f882","https://lh3.googleusercontent.com/gps-cs-s/AC9h4noBF3HbcrMm6CUtVgYUFGSR5MGm14j-dL8wXxc_JjOwX4Besc4yuXMDNjHbmU4DImy5kN8MxBtyW_z1DWnp9Ji2812h4h1hkKGURYKcH451F4GvfwrLE-niMXxcrb3iK2kkOXZl=w426-h240-k-no","false","true","en","0","-12.4316104","130.8446143","Victor Dinakar Kankipati",,,"false","ChIJ4-_wK9GTwCwRgvgA_-qSUYY","0804",,"3 weeks ago","2025-08-27T06:53:40.181Z",,,,"Ci9DQUlRQUNvZENodHljRjlvT210cFNFaElaekozZFhGcmJtUlFRa3RyZUUxTmNGRRAB",,,,,,,,,,,,,,,,,,,,,,,,,,,,,,,,,,"Google","https://www.google.com/maps/reviews/data=!4m8!14m7!1m6!2m5!1sCi9DQUlRQUNvZENodHljRjlvT210cFNFaElaekozZFhGcmJtUlFRa3RyZUUxTmNGRRAB!2m1!1s0x0:0x865192eaff00f882!3m1!1s2@1:CAIQACodChtycF9oOmtpSEhIZzJ3dXFrbmRQQktreE1NcFE%7C%7C?hl=en","116920408234616262803","18","https://lh3.googleusercontent.com/a-/ALV-UjXZxY5NLk_Bfic86vB43hlNLF6C07oMk76JR8gwW0tlz8HBgcsMgQ=s1920-c-rp-mo-ba4-br100","https://www.google.com/maps/contrib/116920408234616262803?hl=en","1917","2025-09-22T03:42:20.195Z","Direct Detail URL: https://www.google.com/maps/place/Parap+Village+Markets/@-12.4316104,130.8420394,17z/data=!3m1!4b1!4m6!3m5!1s0x2cc093d12bf0efe3:0x865192eaff00f882!8m2!3d-12.4316104!4d130.8446143!16s%2Fg%2F1wjwxy8h?entry=ttu&g_ep=EgoyMDI1MDkxNy4wIKXMDSoASAFQAw%3D%3D","5","Northern Territory","3/3 Vickers St","false",,,"Parap Village Markets","4.5",,"https://www.google.com/maps/search/?api=1&query=Parap%20Village%20Markets&query_place_id=ChIJ4-_wK9GTwCwRgvgA_-qSUYY",
"3/3 Vickers St, Parap NT 0804, Australia","Farmers' market","Clothing store","Craft store","Food court","Fruit and vegetable store","Market","Massage therapist","Tourist attraction","Farmers' market","9678678612194162818","Parap","AU","0x2cc093d12bf0efe3:0x865192eaff00f882","https://lh3.googleusercontent.com/gps-cs-s/AC9h4noBF3HbcrMm6CUtVgYUFGSR5MGm14j-dL8wXxc_JjOwX4Besc4yuXMDNjHbmU4DImy5kN8MxBtyW_z1DWnp9Ji2812h4h1hkKGURYKcH451F4GvfwrLE-niMXxcrb3iK2kkOXZl=w426-h240-k-no","false","false","en","0","-12.4316104","130.8446143","Li li",,"en","false","ChIJ4-_wK9GTwCwRgvgA_-qSUYY","0804",,"4 weeks ago","2025-08-24T08:51:06.323Z",,,,"Ci9DQUlRQUNvZENodHljRjlvT2pSek9FUm5lbFpuYld4S05FWjBTbDlFTUZSaExVRRAB",,,,,,,,,,,,,,,,,,,,,,,,,,,,,,,,,,"Google","https://www.google.com/maps/reviews/data=!4m8!14m7!1m6!2m5!1sCi9DQUlRQUNvZENodHljRjlvT2pSek9FUm5lbFpuYld4S05FWjBTbDlFTUZSaExVRRAB!2m1!1s0x0:0x865192eaff00f882!3m1!1s2@1:CAIQACodChtycF9oOjRzOERnelZnbWxKNEZ0Sl9EMFRhLUE%7C%7C?hl=en","105071361092971151575","6","https://lh3.googleusercontent.com/a/ACg8ocJsBGdWqHOpjHUgjFr9rqYna8jN1uA_fIehRibjJ-DPBpZt_Hw=s1920-c-rp-mo-br100","https://www.google.com/maps/contrib/105071361092971151575?hl=en","1917","2025-09-22T03:42:20.195Z","Direct Detail URL: https://www.google.com/maps/place/Parap+Village+Markets/@-12.4316104,130.8420394,17z/data=!3m1!4b1!4m6!3m5!1s0x2cc093d12bf0efe3:0x865192eaff00f882!8m2!3d-12.4316104!4d130.8446143!16s%2Fg%2F1wjwxy8h?entry=ttu&g_ep=EgoyMDI1MDkxNy4wIKXMDSoASAFQAw%3D%3D","5","Northern Territory","3/3 Vickers St","false","variety choices, many foods",,"Parap Village Markets","4.5",,"https://www.google.com/maps/search/?api=1&query=Parap%20Village%20Markets&query_place_id=ChIJ4-_wK9GTwCwRgvgA_-qSUYY",
"3/3 Vickers St, Parap NT 0804, Australia","Farmers' market","Clothing store","Craft store","Food court","Fruit and vegetable store","Market","Massage therapist","Tourist attraction","Farmers' market","9678678612194162818","Parap","AU","0x2cc093d12bf0efe3:0x865192eaff00f882","https://lh3.googleusercontent.com/gps-cs-s/AC9h4noBF3HbcrMm6CUtVgYUFGSR5MGm14j-dL8wXxc_JjOwX4Besc4yuXMDNjHbmU4DImy5kN8MxBtyW_z1DWnp9Ji2812h4h1hkKGURYKcH451F4GvfwrLE-niMXxcrb3iK2kkOXZl=w426-h240-k-no","false","true","en","0","-12.4316104","130.8446143","Pat MacLeod",,"en","false","ChIJ4-_wK9GTwCwRgvgA_-qSUYY","0804",,"4 weeks ago","2025-08-24T06:50:30.649Z",,,,"Ci9DQUlRQUNvZENodHljRjlvT2w5dU4xTkNjRXhGY1V0U2JsRktTRGd3TUhOMU4wRRAB",,,,,,,,,,,,,,,,,,,,,,,,,,,,,,,,,,"Google","https://www.google.com/maps/reviews/data=!4m8!14m7!1m6!2m5!1sCi9DQUlRQUNvZENodHljRjlvT2w5dU4xTkNjRXhGY1V0U2JsRktTRGd3TUhOMU4wRRAB!2m1!1s0x0:0x865192eaff00f882!3m1!1s2@1:CAIQACodChtycF9oOl9uN1NCcExFcUtSblFKSDgwMHN1N0E%7C%7C?hl=en","107726120620834568345","132","https://lh3.googleusercontent.com/a/ACg8ocKGFa2hmSwDpMQQgbab6qNuRqSSJSGMupaAN8vr_iWm2qQnuw=s1920-c-rp-mo-ba4-br100","https://www.google.com/maps/contrib/107726120620834568345?hl=en","1917","2025-09-22T03:42:20.195Z","Direct Detail URL: https://www.google.com/maps/place/Parap+Village+Markets/@-12.4316104,130.8420394,17z/data=!3m1!4b1!4m6!3m5!1s0x2cc093d12bf0efe3:0x865192eaff00f882!8m2!3d-12.4316104!4d130.8446143!16s%2Fg%2F1wjwxy8h?entry=ttu&g_ep=EgoyMDI1MDkxNy4wIKXMDSoASAFQAw%3D%3D","5","Northern Territory","3/3 Vickers St","false","Good range of stalls",,"Parap Village Markets","4.5",,"https://www.google.com/maps/search/?api=1&query=Parap%20Village%20Markets&query_place_id=ChIJ4-_wK9GTwCwRgvgA_-qSUYY",
"3/3 Vickers St, Parap NT 0804, Australia","Farmers' market","Clothing store","Craft store","Food court","Fruit and vegetable store","Market","Massage therapist","Tourist attraction","Farmers' market","9678678612194162818","Parap","AU","0x2cc093d12bf0efe3:0x865192eaff00f882","https://lh3.googleusercontent.com/gps-cs-s/AC9h4noBF3HbcrMm6CUtVgYUFGSR5MGm14j-dL8wXxc_JjOwX4Besc4yuXMDNjHbmU4DImy5kN8MxBtyW_z1DWnp9Ji2812h4h1hkKGURYKcH451F4GvfwrLE-niMXxcrb3iK2kkOXZl=w426-h240-k-no","false","true","en","0","-12.4316104","130.8446143","Nina Mc",,"en","false","ChIJ4-_wK9GTwCwRgvgA_-qSUYY","0804",,"4 weeks ago","2025-08-24T03:09:07.955Z",,,,"Ci9DQUlRQUNvZENodHljRjlvT21RelkxUlFWVWQxZEhKaE1IY3dORzlrTXpoTlIyYxAB",,,,,,,,,,,,,,,,,,,,,,,,,,,,,,,,,,"Google","https://www.google.com/maps/reviews/data=!4m8!14m7!1m6!2m5!1sCi9DQUlRQUNvZENodHljRjlvT21RelkxUlFWVWQxZEhKaE1IY3dORzlrTXpoTlIyYxAB!2m1!1s0x0:0x865192eaff00f882!3m1!1s2@1:CAIQACodChtycF9oOmQzY1RQVUd1dHJhMHcwNG9kMzhNR2c%7C%7C?hl=en","114264767919708082472","79","https://lh3.googleusercontent.com/a/ACg8ocKglCmTYjaV4MkbCfsQ14k4XvN1tfYiab7ztD3VtSHK9eBxtg=s1920-c-rp-mo-ba5-br100","https://www.google.com/maps/contrib/114264767919708082472?hl=en","1917","2025-09-22T03:42:20.195Z","Direct Detail URL: https://www.google.com/maps/place/Parap+Village+Markets/@-12.4316104,130.8420394,17z/data=!3m1!4b1!4m6!3m5!1s0x2cc093d12bf0efe3:0x865192eaff00f882!8m2!3d-12.4316104!4d130.8446143!16s%2Fg%2F1wjwxy8h?entry=ttu&g_ep=EgoyMDI1MDkxNy4wIKXMDSoASAFQAw%3D%3D","5","Northern Territory","3/3 Vickers St","false","Cooked food, fresh food, and lots of artwork. Grab a massage? Saturdays only. Check times!",,"Parap Village Markets","4.5",,"https://www.google.com/maps/search/?api=1&query=Parap%20Village%20Markets&query_place_id=ChIJ4-_wK9GTwCwRgvgA_-qSUYY",
"3/3 Vickers St, Parap NT 0804, Australia","Farmers' market","Clothing store","Craft store","Food court","Fruit and vegetable store","Market","Massage therapist","Tourist attraction","Farmers' market","9678678612194162818","Parap","AU","0x2cc093d12bf0efe3:0x865192eaff00f882","https://lh3.googleusercontent.com/gps-cs-s/AC9h4noBF3HbcrMm6CUtVgYUFGSR5MGm14j-dL8wXxc_JjOwX4Besc4yuXMDNjHbmU4DImy5kN8MxBtyW_z1DWnp9Ji2812h4h1hkKGURYKcH451F4GvfwrLE-niMXxcrb3iK2kkOXZl=w426-h240-k-no","false","true","en","0","-12.4316104","130.8446143","traveller",,"en","false","ChIJ4-_wK9GTwCwRgvgA_-qSUYY","0804",,"4 weeks ago","2025-08-23T11:49:58.341Z",,,,"Ci9DQUlRQUNvZENodHljRjlvT201VlZrTk1ORUoyYWs1eGQydE9jbFYyTFcxRmJVRRAB",,,,,,,,,,,,,,,,,,,,,,,,,,,,,,,,,,"Google","https://www.google.com/maps/reviews/data=!4m8!14m7!1m6!2m5!1sCi9DQUlRQUNvZENodHljRjlvT201VlZrTk1ORUoyYWs1eGQydE9jbFYyTFcxRmJVRRAB!2m1!1s0x0:0x865192eaff00f882!3m1!1s2@1:CAIQACodChtycF9oOm5VVkNMNEJ2ak5xd2tOclV2LW1FbUE%7C%7C?hl=en","108846164170880551341","17","https://lh3.googleusercontent.com/a-/ALV-UjUKMciwRmHN-ENlG2wZGhYK6zFcDQ9vUwWlB7MRn5kw2WaVqmA=s1920-c-rp-mo-ba2-br100","https://www.google.com/maps/contrib/108846164170880551341?hl=en","1917","2025-09-22T03:42:20.195Z","Direct Detail URL: https://www.google.com/maps/place/Parap+Village+Markets/@-12.4316104,130.8420394,17z/data=!3m1!4b1!4m6!3m5!1s0x2cc093d12bf0efe3:0x865192eaff00f882!8m2!3d-12.4316104!4d130.8446143!16s%2Fg%2F1wjwxy8h?entry=ttu&g_ep=EgoyMDI1MDkxNy4wIKXMDSoASAFQAw%3D%3D","5","Northern Territory","3/3 Vickers St","false","Very good",,"Parap Village Markets","4.5",,"https://www.google.com/maps/search/?api=1&query=Parap%20Village%20Markets&query_place_id=ChIJ4-_wK9GTwCwRgvgA_-qSUYY",
"3/3 Vickers St, Parap NT 0804, Australia","Farmers' market","Clothing store","Craft store","Food court","Fruit and vegetable store","Market","Massage therapist","Tourist attraction","Farmers' market","9678678612194162818","Parap","AU","0x2cc093d12bf0efe3:0x865192eaff00f882","https://lh3.googleusercontent.com/gps-cs-s/AC9h4noBF3HbcrMm6CUtVgYUFGSR5MGm14j-dL8wXxc_JjOwX4Besc4yuXMDNjHbmU4DImy5kN8MxBtyW_z1DWnp9Ji2812h4h1hkKGURYKcH451F4GvfwrLE-niMXxcrb3iK2kkOXZl=w426-h240-k-no","false","true","en","0","-12.4316104","130.8446143","Diana Schwei",,,"false","ChIJ4-_wK9GTwCwRgvgA_-qSUYY","0804",,"4 weeks ago","2025-08-23T02:56:04.318Z",,,,"Ci9DQUlRQUNvZENodHljRjlvT21kd2NuUTBTV2xIYzB3NFFrVkdWbE55VW14dmJYYxAB",,,,,,,,,,,,,,,,,,,,,,,,,,,,,,,,,,"Google","https://www.google.com/maps/reviews/data=!4m8!14m7!1m6!2m5!1sCi9DQUlRQUNvZENodHljRjlvT21kd2NuUTBTV2xIYzB3NFFrVkdWbE55VW14dmJYYxAB!2m1!1s0x0:0x865192eaff00f882!3m1!1s2@1:CAIQACodChtycF9oOmdwcnQ0SWlHc0w4QkVGVlNyUmxvbXc%7C%7C?hl=en","106269921457990694115","30","https://lh3.googleusercontent.com/a/ACg8ocJbkHC-1AkcKKpwAaLXmLBJarHziBmwQJL7wed6jVdPnjWnMA=s1920-c-rp-mo-ba3-br100","https://www.google.com/maps/contrib/106269921457990694115?hl=en","1917","2025-09-22T03:42:20.195Z","Direct Detail URL: https://www.google.com/maps/place/Parap+Village+Markets/@-12.4316104,130.8420394,17z/data=!3m1!4b1!4m6!3m5!1s0x2cc093d12bf0efe3:0x865192eaff00f882!8m2!3d-12.4316104!4d130.8446143!16s%2Fg%2F1wjwxy8h?entry=ttu&g_ep=EgoyMDI1MDkxNy4wIKXMDSoASAFQAw%3D%3D","5","Northern Territory","3/3 Vickers St","false",,,"Parap Village Markets","4.5",,"https://www.google.com/maps/search/?api=1&query=Parap%20Village%20Markets&query_place_id=ChIJ4-_wK9GTwCwRgvgA_-qSUYY",
"3/3 Vickers St, Parap NT 0804, Australia","Farmers' market","Clothing store","Craft store","Food court","Fruit and vegetable store","Market","Massage therapist","Tourist attraction","Farmers' market","9678678612194162818","Parap","AU","0x2cc093d12bf0efe3:0x865192eaff00f882","https://lh3.googleusercontent.com/gps-cs-s/AC9h4noBF3HbcrMm6CUtVgYUFGSR5MGm14j-dL8wXxc_JjOwX4Besc4yuXMDNjHbmU4DImy5kN8MxBtyW_z1DWnp9Ji2812h4h1hkKGURYKcH451F4GvfwrLE-niMXxcrb3iK2kkOXZl=w426-h240-k-no","false","true","en","0","-12.4316104","130.8446143","Stephen Donaldson",,"en","false","ChIJ4-_wK9GTwCwRgvgA_-qSUYY","0804",,"4 weeks ago","2025-08-23T01:34:47.485Z",,,,"Ci9DQUlRQUNvZENodHljRjlvT25Oa1ExRm9XR3RLTlhseFdWOWhNR1pLV1djNFZGRRAB","https://lh3.googleusercontent.com/geougc-cs/AB3l90AxzwvK4f0phIAT1FKalP9kPOyAjrmPWIM8jIleNlCLclAZzJzETJQb1kdx4VXBWTLqSHh4M7cbpUsc80A5g0VXYHD5KirEePGYqdT_KDNMK0wYf9mzUcKGLaStGZfT3JgS8S_VCYjIiyhh",,,,,,,,,,,,,,,,,,,,,,,,,,,,,,,,,"Google","https://www.google.com/maps/reviews/data=!4m8!14m7!1m6!2m5!1sCi9DQUlRQUNvZENodHljRjlvT25Oa1ExRm9XR3RLTlhseFdWOWhNR1pLV1djNFZGRRAB!2m1!1s0x0:0x865192eaff00f882!3m1!1s2@1:CAIQACodChtycF9oOnNkQ1FoWGtKNXlxWV9hMGZKWWc4VFE%7C%7C?hl=en","114771961125132101867","158","https://lh3.googleusercontent.com/a/ACg8ocLwUZXU2fUw5FAU1t7jAnIODjC6Oedrh6kSjTvULnp9C7A=s1920-c-rp-mo-ba4-br100","https://www.google.com/maps/contrib/114771961125132101867?hl=en","1917","2025-09-22T03:42:20.195Z","Direct Detail URL: https://www.google.com/maps/place/Parap+Village+Markets/@-12.4316104,130.8420394,17z/data=!3m1!4b1!4m6!3m5!1s0x2cc093d12bf0efe3:0x865192eaff00f882!8m2!3d-12.4316104!4d130.8446143!16s%2Fg%2F1wjwxy8h?entry=ttu&g_ep=EgoyMDI1MDkxNy4wIKXMDSoASAFQAw%3D%3D","4","Northern Territory","3/3 Vickers St","false","Great little market, compact but very busy. Yummy food, drinks and variety stalls. Great Street DJ with pumping music.",,"Parap Village Markets","4.5",,"https://www.google.com/maps/search/?api=1&query=Parap%20Village%20Markets&query_place_id=ChIJ4-_wK9GTwCwRgvgA_-qSUYY",
"3/3 Vickers St, Parap NT 0804, Australia","Farmers' market","Clothing store","Craft store","Food court","Fruit and vegetable store","Market","Massage therapist","Tourist attraction","Farmers' market","9678678612194162818","Parap","AU","0x2cc093d12bf0efe3:0x865192eaff00f882","https://lh3.googleusercontent.com/gps-cs-s/AC9h4noBF3HbcrMm6CUtVgYUFGSR5MGm14j-dL8wXxc_JjOwX4Besc4yuXMDNjHbmU4DImy5kN8MxBtyW_z1DWnp9Ji2812h4h1hkKGURYKcH451F4GvfwrLE-niMXxcrb3iK2kkOXZl=w426-h240-k-no","false","false","en","0","-12.4316104","130.8446143","Frank Prainito",,,"false","ChIJ4-_wK9GTwCwRgvgA_-qSUYY","0804",,"4 weeks ago","2025-08-22T08:14:53.388Z",,,,"Ci9DQUlRQUNvZENodHljRjlvT214dFpYbE1PVzF4TkhORVpHbGFaWEZPWXpaUFMxRRAB",,,,,,,,,,,,,,,,,,,,,,,,,,,,,,,,,,"Google","https://www.google.com/maps/reviews/data=!4m8!14m7!1m6!2m5!1sCi9DQUlRQUNvZENodHljRjlvT214dFpYbE1PVzF4TkhORVpHbGFaWEZPWXpaUFMxRRAB!2m1!1s0x0:0x865192eaff00f882!3m1!1s2@1:CAIQACodChtycF9oOmxtZXlMOW1xNHNEZGlaZXFOYzZPS1E%7C%7C?hl=en","114566001492860191313","9","https://lh3.googleusercontent.com/a/ACg8ocL2HJHk9J-7O77Owx1BJWBVzDWXB8kyGpN0BSUKjwsbna6tn5M=s1920-c-rp-mo-br100","https://www.google.com/maps/contrib/114566001492860191313?hl=en","1917","2025-09-22T03:42:20.195Z","Direct Detail URL: https://www.google.com/maps/place/Parap+Village+Markets/@-12.4316104,130.8420394,17z/data=!3m1!4b1!4m6!3m5!1s0x2cc093d12bf0efe3:0x865192eaff00f882!8m2!3d-12.4316104!4d130.8446143!16s%2Fg%2F1wjwxy8h?entry=ttu&g_ep=EgoyMDI1MDkxNy4wIKXMDSoASAFQAw%3D%3D","5","Northern Territory","3/3 Vickers St","false",,,"Parap Village Markets","4.5",,"https://www.google.com/maps/search/?api=1&query=Parap%20Village%20Markets&query_place_id=ChIJ4-_wK9GTwCwRgvgA_-qSUYY",
"3/3 Vickers St, Parap NT 0804, Australia","Farmers' market","Clothing store","Craft store","Food court","Fruit and vegetable store","Market","Massage therapist","Tourist attraction","Farmers' market","9678678612194162818","Parap","AU","0x2cc093d12bf0efe3:0x865192eaff00f882","https://lh3.googleusercontent.com/gps-cs-s/AC9h4noBF3HbcrMm6CUtVgYUFGSR5MGm14j-dL8wXxc_JjOwX4Besc4yuXMDNjHbmU4DImy5kN8MxBtyW_z1DWnp9Ji2812h4h1hkKGURYKcH451F4GvfwrLE-niMXxcrb3iK2kkOXZl=w426-h240-k-no","false","true","en","0","-12.4316104","130.8446143","RG JR",,,"false","ChIJ4-_wK9GTwCwRgvgA_-qSUYY","0804",,"a month ago","2025-08-19T21:58:38.375Z",,,,"Ci9DQUlRQUNvZENodHljRjlvT2pGTVJWQmtSRlJ3U1habWJXaHJiMFIxUmpoeFRrRRAB",,,,,,,,,,,,,,,,,,,,,,,,,,,,,,,,,,"Google","https://www.google.com/maps/reviews/data=!4m8!14m7!1m6!2m5!1sCi9DQUlRQUNvZENodHljRjlvT2pGTVJWQmtSRlJ3U1habWJXaHJiMFIxUmpoeFRrRRAB!2m1!1s0x0:0x865192eaff00f882!3m1!1s2@1:CAIQACodChtycF9oOjFMRVBkRFRwSXZmbWhrb0R1RjhxTkE%7C%7C?hl=en","115924155142068600249","344","https://lh3.googleusercontent.com/a-/ALV-UjV7e0BLh1BGfCDz7FLG1m5lay6SshaUCWu6XE3s0DfzhwipOiyO=s1920-c-rp-mo-ba5-br100","https://www.google.com/maps/contrib/115924155142068600249?hl=en","1917","2025-09-22T03:42:20.195Z","Direct Detail URL: https://www.google.com/maps/place/Parap+Village+Markets/@-12.4316104,130.8420394,17z/data=!3m1!4b1!4m6!3m5!1s0x2cc093d12bf0efe3:0x865192eaff00f882!8m2!3d-12.4316104!4d130.8446143!16s%2Fg%2F1wjwxy8h?entry=ttu&g_ep=EgoyMDI1MDkxNy4wIKXMDSoASAFQAw%3D%3D","4","Northern Territory","3/3 Vickers St","false",,,"Parap Village Markets","4.5",,"https://www.google.com/maps/search/?api=1&query=Parap%20Village%20Markets&query_place_id=ChIJ4-_wK9GTwCwRgvgA_-qSUYY",
"3/3 Vickers St, Parap NT 0804, Australia","Farmers' market","Clothing store","Craft store","Food court","Fruit and vegetable store","Market","Massage therapist","Tourist attraction","Farmers' market","9678678612194162818","Parap","AU","0x2cc093d12bf0efe3:0x865192eaff00f882","https://lh3.googleusercontent.com/gps-cs-s/AC9h4noBF3HbcrMm6CUtVgYUFGSR5MGm14j-dL8wXxc_JjOwX4Besc4yuXMDNjHbmU4DImy5kN8MxBtyW_z1DWnp9Ji2812h4h1hkKGURYKcH451F4GvfwrLE-niMXxcrb3iK2kkOXZl=w426-h240-k-no","false","true","en","0","-12.4316104","130.8446143","Alicia Propheta",,"pt","false","ChIJ4-_wK9GTwCwRgvgA_-qSUYY","0804",,"a month ago","2025-08-19T04:05:35.529Z",,,,"Ci9DQUlRQUNvZENodHljRjlvT2paTWFVVXdlRU56YmxsaVRrOTVUbU4wZFhCTVZFRRAB","https://lh3.googleusercontent.com/geougc-cs/AB3l90BWFX9H-X03A2MOhZFrmRyq3N5psd-CVba8QiIbT4G0iOYMua3ynRmcT6ODre9BXheVBxM4rs4RUq8-JIfP9bGeiUbwb6hAaTynH222-1huMeBAOOXvzg0MDOP2uyHB0frkArE8RSurr7vU","https://lh3.googleusercontent.com/geougc-cs/AB3l90AgbLdJRmQbPJgGaiof98Pnp6NuatjdA_5U9yc_lFvuWWfuIPY4Sr76G8GyO1L5W9lBPwriEsmxVcNG1gHs-8IOIiS3v__4WVaB78yX3tPWdq2FUMtttJGTX3cQF80IF3ikeU7quJ5IsqpY","https://lh3.googleusercontent.com/geougc-cs/AB3l90BSAAdOwzmXfJyby_o4JM8KorOM0K4fki4N-58a4Fb6hb24JlRMRUmr3QqorVQEEn7_8AKE4NWbhUYcyikmEhS8y7Sow17863xtSJ3tQtZ1NpsTUEMgV_SBEUkUUxfEYIQ1mF-gOd7OyEhP",,,,,,,,,,,,,,,,,,,,,,,,,,,,,,,"Google","https://www.google.com/maps/reviews/data=!4m8!14m7!1m6!2m5!1sCi9DQUlRQUNvZENodHljRjlvT2paTWFVVXdlRU56YmxsaVRrOTVUbU4wZFhCTVZFRRAB!2m1!1s0x0:0x865192eaff00f882!3m1!1s2@1:CAIQACodChtycF9oOjZMaUUweENzblliTk95TmN0dXBMVEE%7C%7C?hl=en","102420063453770124772","91","https://lh3.googleusercontent.com/a-/ALV-UjUzn573wY248Reh4D_VqYTJXrSSpqbF1OY138xJDeQoPfIV9y_u=s1920-c-rp-mo-ba4-br100","https://www.google.com/maps/contrib/102420063453770124772?hl=en","1917","2025-09-22T03:42:20.195Z","Direct Detail URL: https://www.google.com/maps/place/Parap+Village+Markets/@-12.4316104,130.8420394,17z/data=!3m1!4b1!4m6!3m5!1s0x2cc093d12bf0efe3:0x865192eaff00f882!8m2!3d-12.4316104!4d130.8446143!16s%2Fg%2F1wjwxy8h?entry=ttu&g_ep=EgoyMDI1MDkxNy4wIKXMDSoASAFQAw%3D%3D","5","Northern Territory","3/3 Vickers St","false","Adorei a feira de sábado! Muito legal! Varias opcoes de comidas e coisinhas pra comprar","I loved the Saturday market! Very cool! Lots of food options and things to buy.","Parap Village Markets","4.5","en","https://www.google.com/maps/search/?api=1&query=Parap%20Village%20Markets&query_place_id=ChIJ4-_wK9GTwCwRgvgA_-qSUYY",
"3/3 Vickers St, Parap NT 0804, Australia","Farmers' market","Clothing store","Craft store","Food court","Fruit and vegetable store","Market","Massage therapist","Tourist attraction","Farmers' market","9678678612194162818","Parap","AU","0x2cc093d12bf0efe3:0x865192eaff00f882","https://lh3.googleusercontent.com/gps-cs-s/AC9h4noBF3HbcrMm6CUtVgYUFGSR5MGm14j-dL8wXxc_JjOwX4Besc4yuXMDNjHbmU4DImy5kN8MxBtyW_z1DWnp9Ji2812h4h1hkKGURYKcH451F4GvfwrLE-niMXxcrb3iK2kkOXZl=w426-h240-k-no","false","true","en","0","-12.4316104","130.8446143","Myndful ofself",,"en","false","ChIJ4-_wK9GTwCwRgvgA_-qSUYY","0804",,"a month ago","2025-08-17T22:25:30.728Z",,,,"Ci9DQUlRQUNvZENodHljRjlvT20xTVUwMWxVMll4U0dGUVNrRllSSE5JWnpSVFpFRRAB",,,,,,,,,,,,,,,,,,,,,,,,,,,,,,,,,,"Google","https://www.google.com/maps/reviews/data=!4m8!14m7!1m6!2m5!1sCi9DQUlRQUNvZENodHljRjlvT20xTVUwMWxVMll4U0dGUVNrRllSSE5JWnpSVFpFRRAB!2m1!1s0x0:0x865192eaff00f882!3m1!1s2@1:CAIQACodChtycF9oOm1MU01lU2YxSGFQSkFYRHNIZzRTZEE%7C%7C?hl=en","101607050900316823927","39","https://lh3.googleusercontent.com/a/ACg8ocITegopssv_eDOxe2h1xmc0Mtjnxq-RvJ2k18GVau9WZxFZZw=s1920-c-rp-mo-ba3-br100","https://www.google.com/maps/contrib/101607050900316823927?hl=en","1917","2025-09-22T03:42:20.195Z","Direct Detail URL: https://www.google.com/maps/place/Parap+Village+Markets/@-12.4316104,130.8420394,17z/data=!3m1!4b1!4m6!3m5!1s0x2cc093d12bf0efe3:0x865192eaff00f882!8m2!3d-12.4316104!4d130.8446143!16s%2Fg%2F1wjwxy8h?entry=ttu&g_ep=EgoyMDI1MDkxNy4wIKXMDSoASAFQAw%3D%3D","4","Northern Territory","3/3 Vickers St","false","Lovely Markets for a wander around in a Saturday morning. Mary’s Laksa is a must try 😊",,"Parap Village Markets","4.5",,"https://www.google.com/maps/search/?api=1&query=Parap%20Village%20Markets&query_place_id=ChIJ4-_wK9GTwCwRgvgA_-qSUYY",
"3/3 Vickers St, Parap NT 0804, Australia","Farmers' market","Clothing store","Craft store","Food court","Fruit and vegetable store","Market","Massage therapist","Tourist attraction","Farmers' market","9678678612194162818","Parap","AU","0x2cc093d12bf0efe3:0x865192eaff00f882","https://lh3.googleusercontent.com/gps-cs-s/AC9h4noBF3HbcrMm6CUtVgYUFGSR5MGm14j-dL8wXxc_JjOwX4Besc4yuXMDNjHbmU4DImy5kN8MxBtyW_z1DWnp9Ji2812h4h1hkKGURYKcH451F4GvfwrLE-niMXxcrb3iK2kkOXZl=w426-h240-k-no","false","true","en","0","-12.4316104","130.8446143","Reza",,,"false","ChIJ4-_wK9GTwCwRgvgA_-qSUYY","0804",,"a month ago","2025-08-17T04:25:51.769Z",,,,"Ci9DQUlRQUNvZENodHljRjlvT2tJMFRtNTNTMUpyT0MxUVN6RmFiSGROWlhWMWJrRRAB",,,,,,,,,,,,,,,,,,,,,,,,,,,,,,,,,,"Google","https://www.google.com/maps/reviews/data=!4m8!14m7!1m6!2m5!1sCi9DQUlRQUNvZENodHljRjlvT2tJMFRtNTNTMUpyT0MxUVN6RmFiSGROWlhWMWJrRRAB!2m1!1s0x0:0x865192eaff00f882!3m1!1s2@1:CAIQACodChtycF9oOkI0Tm53S1JrOC1QSzFabHdNZXV1bkE%7C%7C?hl=en","109791870103771620933","49","https://lh3.googleusercontent.com/a-/ALV-UjUzm50x_e9d6itLcJWQxyjvHZwEmAf8bP2cx0G6U6Isx4tG9Ml3lA=s1920-c-rp-mo-ba5-br100","https://www.google.com/maps/contrib/109791870103771620933?hl=en","1917","2025-09-22T03:42:20.195Z","Direct Detail URL: https://www.google.com/maps/place/Parap+Village+Markets/@-12.4316104,130.8420394,17z/data=!3m1!4b1!4m6!3m5!1s0x2cc093d12bf0efe3:0x865192eaff00f882!8m2!3d-12.4316104!4d130.8446143!16s%2Fg%2F1wjwxy8h?entry=ttu&g_ep=EgoyMDI1MDkxNy4wIKXMDSoASAFQAw%3D%3D","5","Northern Territory","3/3 Vickers St","false",,,"Parap Village Markets","4.5",,"https://www.google.com/maps/search/?api=1&query=Parap%20Village%20Markets&query_place_id=ChIJ4-_wK9GTwCwRgvgA_-qSUYY",
"3/3 Vickers St, Parap NT 0804, Australia","Farmers' market","Clothing store","Craft store","Food court","Fruit and vegetable store","Market","Massage therapist","Tourist attraction","Farmers' market","9678678612194162818","Parap","AU","0x2cc093d12bf0efe3:0x865192eaff00f882","https://lh3.googleusercontent.com/gps-cs-s/AC9h4noBF3HbcrMm6CUtVgYUFGSR5MGm14j-dL8wXxc_JjOwX4Besc4yuXMDNjHbmU4DImy5kN8MxBtyW_z1DWnp9Ji2812h4h1hkKGURYKcH451F4GvfwrLE-niMXxcrb3iK2kkOXZl=w426-h240-k-no","false","true","en","0","-12.4316104","130.8446143","Kate L",,,"false","ChIJ4-_wK9GTwCwRgvgA_-qSUYY","0804",,"a month ago","2025-08-16T04:40:37.482Z",,,,"Ci9DQUlRQUNvZENodHljRjlvT2xSTFRqRmFXVnBXTkZCalFuTjJkR3RwVVhCR2VIYxAB",,,,,,,,,,,,,,,,,,,,,,,,,,,,,,,,,,"Google","https://www.google.com/maps/reviews/data=!4m8!14m7!1m6!2m5!1sCi9DQUlRQUNvZENodHljRjlvT2xSTFRqRmFXVnBXTkZCalFuTjJkR3RwVVhCR2VIYxAB!2m1!1s0x0:0x865192eaff00f882!3m1!1s2@1:CAIQACodChtycF9oOlRLTjFaWVpWNFBjQnN2dGtpUXBGeHc%7C%7C?hl=en","116649007339258614912","15","https://lh3.googleusercontent.com/a-/ALV-UjVGy5pLKooDHFrp2aC59wGjDvbaIHL_NKykEkMse3rReEQAECeb=s1920-c-rp-mo-ba3-br100","https://www.google.com/maps/contrib/116649007339258614912?hl=en","1917","2025-09-22T03:42:20.195Z","Direct Detail URL: https://www.google.com/maps/place/Parap+Village+Markets/@-12.4316104,130.8420394,17z/data=!3m1!4b1!4m6!3m5!1s0x2cc093d12bf0efe3:0x865192eaff00f882!8m2!3d-12.4316104!4d130.8446143!16s%2Fg%2F1wjwxy8h?entry=ttu&g_ep=EgoyMDI1MDkxNy4wIKXMDSoASAFQAw%3D%3D","5","Northern Territory","3/3 Vickers St","false",,,"Parap Village Markets","4.5",,"https://www.google.com/maps/search/?api=1&query=Parap%20Village%20Markets&query_place_id=ChIJ4-_wK9GTwCwRgvgA_-qSUYY",
"3/3 Vickers St, Parap NT 0804, Australia","Farmers' market","Clothing store","Craft store","Food court","Fruit and vegetable store","Market","Massage therapist","Tourist attraction","Farmers' market","9678678612194162818","Parap","AU","0x2cc093d12bf0efe3:0x865192eaff00f882","https://lh3.googleusercontent.com/gps-cs-s/AC9h4noBF3HbcrMm6CUtVgYUFGSR5MGm14j-dL8wXxc_JjOwX4Besc4yuXMDNjHbmU4DImy5kN8MxBtyW_z1DWnp9Ji2812h4h1hkKGURYKcH451F4GvfwrLE-niMXxcrb3iK2kkOXZl=w426-h240-k-no","false","false","en","0","-12.4316104","130.8446143","Pau vitria",,,"false","ChIJ4-_wK9GTwCwRgvgA_-qSUYY","0804",,"a month ago","2025-08-14T22:57:47.206Z",,,,"Ci9DQUlRQUNvZENodHljRjlvT21GRGVUWXpWVmRHYkVSNFowWTNXVzEyYzNwNlNYYxAB",,,,,,,,,,,,,,,,,,,,,,,,,,,,,,,,,,"Google","https://www.google.com/maps/reviews/data=!4m8!14m7!1m6!2m5!1sCi9DQUlRQUNvZENodHljRjlvT21GRGVUWXpWVmRHYkVSNFowWTNXVzEyYzNwNlNYYxAB!2m1!1s0x0:0x865192eaff00f882!3m1!1s2@1:CAIQACodChtycF9oOmFDeTYzVVdGbER4Z0Y3WW12c3p6SXc%7C%7C?hl=en","118080622320205740731","5","https://lh3.googleusercontent.com/a-/ALV-UjWfZvLjRl6tsABlrHkzBhQJKpv-JChSJDYwrVdUqoFJ85b039Bu=s1920-c-rp-mo-br100","https://www.google.com/maps/contrib/118080622320205740731?hl=en","1917","2025-09-22T03:42:20.195Z","Direct Detail URL: https://www.google.com/maps/place/Parap+Village+Markets/@-12.4316104,130.8420394,17z/data=!3m1!4b1!4m6!3m5!1s0x2cc093d12bf0efe3:0x865192eaff00f882!8m2!3d-12.4316104!4d130.8446143!16s%2Fg%2F1wjwxy8h?entry=ttu&g_ep=EgoyMDI1MDkxNy4wIKXMDSoASAFQAw%3D%3D","4","Northern Territory","3/3 Vickers St","false",,,"Parap Village Markets","4.5",,"https://www.google.com/maps/search/?api=1&query=Parap%20Village%20Markets&query_place_id=ChIJ4-_wK9GTwCwRgvgA_-qSUYY",
"3/3 Vickers St, Parap NT 0804, Australia","Farmers' market","Clothing store","Craft store","Food court","Fruit and vegetable store","Market","Massage therapist","Tourist attraction","Farmers' market","9678678612194162818","Parap","AU","0x2cc093d12bf0efe3:0x865192eaff00f882","https://lh3.googleusercontent.com/gps-cs-s/AC9h4noBF3HbcrMm6CUtVgYUFGSR5MGm14j-dL8wXxc_JjOwX4Besc4yuXMDNjHbmU4DImy5kN8MxBtyW_z1DWnp9Ji2812h4h1hkKGURYKcH451F4GvfwrLE-niMXxcrb3iK2kkOXZl=w426-h240-k-no","false","true","en","0","-12.4316104","130.8446143","Ray Brown",,"en","false","ChIJ4-_wK9GTwCwRgvgA_-qSUYY","0804",,"a month ago","2025-08-13T07:28:47.728Z",,,,"Ci9DQUlRQUNvZENodHljRjlvT214TVRsUklTMHhXT0VORWIyNVRRV05DV0VsbGJWRRAB",,,,,,,,,,,,,,,,,,,,,,,,,,,,,,,,,,"Google","https://www.google.com/maps/reviews/data=!4m8!14m7!1m6!2m5!1sCi9DQUlRQUNvZENodHljRjlvT214TVRsUklTMHhXT0VORWIyNVRRV05DV0VsbGJWRRAB!2m1!1s0x0:0x865192eaff00f882!3m1!1s2@1:CAIQACodChtycF9oOmxMTlRIS0xWOENEb25TQWNCWEllbVE%7C%7C?hl=en","103933413590821377531","24","https://lh3.googleusercontent.com/a/ACg8ocIXPAEnbSgSycfjIIMUdnABEptAvuvady89TEDd6WiGjxjFwQ=s1920-c-rp-mo-ba2-br100","https://www.google.com/maps/contrib/103933413590821377531?hl=en","1917","2025-09-22T03:42:20.195Z","Direct Detail URL: https://www.google.com/maps/place/Parap+Village+Markets/@-12.4316104,130.8420394,17z/data=!3m1!4b1!4m6!3m5!1s0x2cc093d12bf0efe3:0x865192eaff00f882!8m2!3d-12.4316104!4d130.8446143!16s%2Fg%2F1wjwxy8h?entry=ttu&g_ep=EgoyMDI1MDkxNy4wIKXMDSoASAFQAw%3D%3D","5","Northern Territory","3/3 Vickers St","false","Lot's of great food and normal market type stuff attuned to the area.",,"Parap Village Markets","4.5",,"https://www.google.com/maps/search/?api=1&query=Parap%20Village%20Markets&query_place_id=ChIJ4-_wK9GTwCwRgvgA_-qSUYY",
"3/3 Vickers St, Parap NT 0804, Australia","Farmers' market","Clothing store","Craft store","Food court","Fruit and vegetable store","Market","Massage therapist","Tourist attraction","Farmers' market","9678678612194162818","Parap","AU","0x2cc093d12bf0efe3:0x865192eaff00f882","https://lh3.googleusercontent.com/gps-cs-s/AC9h4noBF3HbcrMm6CUtVgYUFGSR5MGm14j-dL8wXxc_JjOwX4Besc4yuXMDNjHbmU4DImy5kN8MxBtyW_z1DWnp9Ji2812h4h1hkKGURYKcH451F4GvfwrLE-niMXxcrb3iK2kkOXZl=w426-h240-k-no","false","true","en","0","-12.4316104","130.8446143","Heather Adams",,"en","false","ChIJ4-_wK9GTwCwRgvgA_-qSUYY","0804",,"a month ago","2025-08-11T08:36:06.494Z",,,,"Ci9DQUlRQUNvZENodHljRjlvT25KVVQxTXpUVFpXTVdKbU1EQXphWHB0UWpSak1IYxAB",,,,,,,,,,,,,,,,,,,,,,,,,,,,,,,,,,"Google","https://www.google.com/maps/reviews/data=!4m8!14m7!1m6!2m5!1sCi9DQUlRQUNvZENodHljRjlvT25KVVQxTXpUVFpXTVdKbU1EQXphWHB0UWpSak1IYxAB!2m1!1s0x0:0x865192eaff00f882!3m1!1s2@1:CAIQACodChtycF9oOnJUT1MzTTZWMWJmMDAzaXptQjRjMHc%7C%7C?hl=en","110173323043256605610","43","https://lh3.googleusercontent.com/a/ACg8ocJk9c5rGWId79ixKBT8wz97tbSyD-aA6A5Ql21SbNBsVoFmPZYK=s1920-c-rp-mo-ba3-br100","https://www.google.com/maps/contrib/110173323043256605610?hl=en","1917","2025-09-22T03:42:20.195Z","Direct Detail URL: https://www.google.com/maps/place/Parap+Village+Markets/@-12.4316104,130.8420394,17z/data=!3m1!4b1!4m6!3m5!1s0x2cc093d12bf0efe3:0x865192eaff00f882!8m2!3d-12.4316104!4d130.8446143!16s%2Fg%2F1wjwxy8h?entry=ttu&g_ep=EgoyMDI1MDkxNy4wIKXMDSoASAFQAw%3D%3D","5","Northern Territory","3/3 Vickers St","false","A lovely coffee shop on the corner. I was very disappointed that the community shop was not open as per the sign on the door. After two tries gave up. I do know that on the weekends the markets are great and worth a visit.",,"Parap Village Markets","4.5",,"https://www.google.com/maps/search/?api=1&query=Parap%20Village%20Markets&query_place_id=ChIJ4-_wK9GTwCwRgvgA_-qSUYY",
"3/3 Vickers St, Parap NT 0804, Australia","Farmers' market","Clothing store","Craft store","Food court","Fruit and vegetable store","Market","Massage therapist","Tourist attraction","Farmers' market","9678678612194162818","Parap","AU","0x2cc093d12bf0efe3:0x865192eaff00f882","https://lh3.googleusercontent.com/gps-cs-s/AC9h4noBF3HbcrMm6CUtVgYUFGSR5MGm14j-dL8wXxc_JjOwX4Besc4yuXMDNjHbmU4DImy5kN8MxBtyW_z1DWnp9Ji2812h4h1hkKGURYKcH451F4GvfwrLE-niMXxcrb3iK2kkOXZl=w426-h240-k-no","false","true","en","0","-12.4316104","130.8446143","Christopher Moad",,"en","false","ChIJ4-_wK9GTwCwRgvgA_-qSUYY","0804",,"a month ago","2025-08-10T09:08:46.639Z",,,,"Ci9DQUlRQUNvZENodHljRjlvT214eVJuZG1OVW96ZVRSc09USjZhWGhIUjFKblkwRRAB",,,,,,,,,,,,,,,,,,,,,,,,,,,,,,,,,,"Google","https://www.google.com/maps/reviews/data=!4m8!14m7!1m6!2m5!1sCi9DQUlRQUNvZENodHljRjlvT214eVJuZG1OVW96ZVRSc09USjZhWGhIUjFKblkwRRAB!2m1!1s0x0:0x865192eaff00f882!3m1!1s2@1:CAIQACodChtycF9oOmxyRndmNUozeTRsOTJ6aXhHR1JnY0E%7C%7C?hl=en","108603554454952619586","444","https://lh3.googleusercontent.com/a/ACg8ocLu1vuoroiLHyU4ogJ5Q1xvrD9eM7yudkLibFuJWmgfvBYbw7Q=s1920-c-rp-mo-ba5-br100","https://www.google.com/maps/contrib/108603554454952619586?hl=en","1917","2025-09-22T03:42:20.195Z","Direct Detail URL: https://www.google.com/maps/place/Parap+Village+Markets/@-12.4316104,130.8420394,17z/data=!3m1!4b1!4m6!3m5!1s0x2cc093d12bf0efe3:0x865192eaff00f882!8m2!3d-12.4316104!4d130.8446143!16s%2Fg%2F1wjwxy8h?entry=ttu&g_ep=EgoyMDI1MDkxNy4wIKXMDSoASAFQAw%3D%3D","3","Northern Territory","3/3 Vickers St","false","Love this place for lunch or breakfast.",,"Parap Village Markets","4.5",,"https://www.google.com/maps/search/?api=1&query=Parap%20Village%20Markets&query_place_id=ChIJ4-_wK9GTwCwRgvgA_-qSUYY",
"3/3 Vickers St, Parap NT 0804, Australia","Farmers' market","Clothing store","Craft store","Food court","Fruit and vegetable store","Market","Massage therapist","Tourist attraction","Farmers' market","9678678612194162818","Parap","AU","0x2cc093d12bf0efe3:0x865192eaff00f882","https://lh3.googleusercontent.com/gps-cs-s/AC9h4noBF3HbcrMm6CUtVgYUFGSR5MGm14j-dL8wXxc_JjOwX4Besc4yuXMDNjHbmU4DImy5kN8MxBtyW_z1DWnp9Ji2812h4h1hkKGURYKcH451F4GvfwrLE-niMXxcrb3iK2kkOXZl=w426-h240-k-no","false","true","en","0","-12.4316104","130.8446143","Tom Gray",,,"false","ChIJ4-_wK9GTwCwRgvgA_-qSUYY","0804",,"a month ago","2025-08-10T04:50:10.404Z",,,,"Ci9DQUlRQUNvZENodHljRjlvT2xoQk5WQkhSMVJJVXpSZmExOVRPVE5YYjJsQ2FrRRAB",,,,,,,,,,,,,,,,,,,,,,,,,,,,,,,,,,"Google","https://www.google.com/maps/reviews/data=!4m8!14m7!1m6!2m5!1sCi9DQUlRQUNvZENodHljRjlvT2xoQk5WQkhSMVJJVXpSZmExOVRPVE5YYjJsQ2FrRRAB!2m1!1s0x0:0x865192eaff00f882!3m1!1s2@1:CAIQACodChtycF9oOlhBNVBHR1RIUzRfa19TOTNXb2lCakE%7C%7C?hl=en","100911006219560877852","54","https://lh3.googleusercontent.com/a/ACg8ocLtB4G_mwA2WJxi5dhrIyS-BbjbyViscmOf6Tvoxev8y7w8kg=s1920-c-rp-mo-ba3-br100","https://www.google.com/maps/contrib/100911006219560877852?hl=en","1917","2025-09-22T03:42:20.195Z","Direct Detail URL: https://www.google.com/maps/place/Parap+Village+Markets/@-12.4316104,130.8420394,17z/data=!3m1!4b1!4m6!3m5!1s0x2cc093d12bf0efe3:0x865192eaff00f882!8m2!3d-12.4316104!4d130.8446143!16s%2Fg%2F1wjwxy8h?entry=ttu&g_ep=EgoyMDI1MDkxNy4wIKXMDSoASAFQAw%3D%3D","4","Northern Territory","3/3 Vickers St","false",,,"Parap Village Markets","4.5",,"https://www.google.com/maps/search/?api=1&query=Parap%20Village%20Markets&query_place_id=ChIJ4-_wK9GTwCwRgvgA_-qSUYY",
"3/3 Vickers St, Parap NT 0804, Australia","Farmers' market","Clothing store","Craft store","Food court","Fruit and vegetable store","Market","Massage therapist","Tourist attraction","Farmers' market","9678678612194162818","Parap","AU","0x2cc093d12bf0efe3:0x865192eaff00f882","https://lh3.googleusercontent.com/gps-cs-s/AC9h4noBF3HbcrMm6CUtVgYUFGSR5MGm14j-dL8wXxc_JjOwX4Besc4yuXMDNjHbmU4DImy5kN8MxBtyW_z1DWnp9Ji2812h4h1hkKGURYKcH451F4GvfwrLE-niMXxcrb3iK2kkOXZl=w426-h240-k-no","false","false","en","0","-12.4316104","130.8446143","A",,"en","false","ChIJ4-_wK9GTwCwRgvgA_-qSUYY","0804",,"a month ago","2025-08-09T14:14:18.024Z",,,,"Ci9DQUlRQUNvZENodHljRjlvT2w5eE4zTlFja2xRZUhoc2JWTnJhRU5RYzFCeFVuYxAB",,,,,,,,,,,,,,,,,,,,,,,,,,,,,,,,,,"Google","https://www.google.com/maps/reviews/data=!4m8!14m7!1m6!2m5!1sCi9DQUlRQUNvZENodHljRjlvT2w5eE4zTlFja2xRZUhoc2JWTnJhRU5RYzFCeFVuYxAB!2m1!1s0x0:0x865192eaff00f882!3m1!1s2@1:CAIQACodChtycF9oOl9xN3NQcklQeHhsbVNraENQc1BxUnc%7C%7C?hl=en","105343382568807406117","4","https://lh3.googleusercontent.com/a/ACg8ocKMpATuW3jaFTS7Hg_tnfjZcOyeZ_vk86xAIhLwRtjcPTF5tA=s1920-c-rp-mo-br100","https://www.google.com/maps/contrib/105343382568807406117?hl=en","1917","2025-09-22T03:42:20.195Z","Direct Detail URL: https://www.google.com/maps/place/Parap+Village+Markets/@-12.4316104,130.8420394,17z/data=!3m1!4b1!4m6!3m5!1s0x2cc093d12bf0efe3:0x865192eaff00f882!8m2!3d-12.4316104!4d130.8446143!16s%2Fg%2F1wjwxy8h?entry=ttu&g_ep=EgoyMDI1MDkxNy4wIKXMDSoASAFQAw%3D%3D","3","Northern Territory","3/3 Vickers St","false","Nowhere to sit in shade",,"Parap Village Markets","4.5",,"https://www.google.com/maps/search/?api=1&query=Parap%20Village%20Markets&query_place_id=ChIJ4-_wK9GTwCwRgvgA_-qSUYY",
"3/3 Vickers St, Parap NT 0804, Australia","Farmers' market","Clothing store","Craft store","Food court","Fruit and vegetable store","Market","Massage therapist","Tourist attraction","Farmers' market","9678678612194162818","Parap","AU","0x2cc093d12bf0efe3:0x865192eaff00f882","https://lh3.googleusercontent.com/gps-cs-s/AC9h4noBF3HbcrMm6CUtVgYUFGSR5MGm14j-dL8wXxc_JjOwX4Besc4yuXMDNjHbmU4DImy5kN8MxBtyW_z1DWnp9Ji2812h4h1hkKGURYKcH451F4GvfwrLE-niMXxcrb3iK2kkOXZl=w426-h240-k-no","false","true","en","0","-12.4316104","130.8446143","Katherine Reid",,,"false","ChIJ4-_wK9GTwCwRgvgA_-qSUYY","0804",,"a month ago","2025-08-09T06:44:45.370Z",,,,"Ci9DQUlRQUNvZENodHljRjlvT2poT1FrRlpOMmxGY1c5NVNXVnNRa3QzYzFCUGVuYxAB",,,,,,,,,,,,,,,,,,,,,,,,,,,,,,,,,,"Google","https://www.google.com/maps/reviews/data=!4m8!14m7!1m6!2m5!1sCi9DQUlRQUNvZENodHljRjlvT2poT1FrRlpOMmxGY1c5NVNXVnNRa3QzYzFCUGVuYxAB!2m1!1s0x0:0x865192eaff00f882!3m1!1s2@1:CAIQACodChtycF9oOjhOQkFZN2lFcW95SWVsQkt3c1BPenc%7C%7C?hl=en","108877267685194061673","21","https://lh3.googleusercontent.com/a-/ALV-UjUkKZ-3R4Ey2aRSnE5roOHmL6AHU2sCr-ZIegvis5XA83JbtZ2F8w=s1920-c-rp-mo-ba3-br100","https://www.google.com/maps/contrib/108877267685194061673?hl=en","1917","2025-09-22T03:42:20.195Z","Direct Detail URL: https://www.google.com/maps/place/Parap+Village+Markets/@-12.4316104,130.8420394,17z/data=!3m1!4b1!4m6!3m5!1s0x2cc093d12bf0efe3:0x865192eaff00f882!8m2!3d-12.4316104!4d130.8446143!16s%2Fg%2F1wjwxy8h?entry=ttu&g_ep=EgoyMDI1MDkxNy4wIKXMDSoASAFQAw%3D%3D","5","Northern Territory","3/3 Vickers St","false",,,"Parap Village Markets","4.5",,"https://www.google.com/maps/search/?api=1&query=Parap%20Village%20Markets&query_place_id=ChIJ4-_wK9GTwCwRgvgA_-qSUYY",
"3/3 Vickers St, Parap NT 0804, Australia","Farmers' market","Clothing store","Craft store","Food court","Fruit and vegetable store","Market","Massage therapist","Tourist attraction","Farmers' market","9678678612194162818","Parap","AU","0x2cc093d12bf0efe3:0x865192eaff00f882","https://lh3.googleusercontent.com/gps-cs-s/AC9h4noBF3HbcrMm6CUtVgYUFGSR5MGm14j-dL8wXxc_JjOwX4Besc4yuXMDNjHbmU4DImy5kN8MxBtyW_z1DWnp9Ji2812h4h1hkKGURYKcH451F4GvfwrLE-niMXxcrb3iK2kkOXZl=w426-h240-k-no","false","true","en","0","-12.4316104","130.8446143","Keith Rich",,"en","false","ChIJ4-_wK9GTwCwRgvgA_-qSUYY","0804",,"a month ago","2025-08-09T03:12:22.413Z",,,,"Ci9DQUlRQUNvZENodHljRjlvT2pkTVQxQmpiRTV1Um1jeldVaGtaMGhJYzNBNU5VRRAB",,,,,,,,,,,,,,,,,,,,,,,,,,,,,,,,,,"Google","https://www.google.com/maps/reviews/data=!4m8!14m7!1m6!2m5!1sCi9DQUlRQUNvZENodHljRjlvT2pkTVQxQmpiRTV1Um1jeldVaGtaMGhJYzNBNU5VRRAB!2m1!1s0x0:0x865192eaff00f882!3m1!1s2@1:CAIQACodChtycF9oOjdMT1BjbE5uRmczWUhkZ0hIc3A5NUE%7C%7C?hl=en","117330262802258379796","34","https://lh3.googleusercontent.com/a/ACg8ocK5dCNT6qdF5rqt6bMPWA2SUtPEvqtpd-n5Hh8PIkXqsZ-OWg=s1920-c-rp-mo-ba4-br100","https://www.google.com/maps/contrib/117330262802258379796?hl=en","1917","2025-09-22T03:42:20.195Z","Direct Detail URL: https://www.google.com/maps/place/Parap+Village+Markets/@-12.4316104,130.8420394,17z/data=!3m1!4b1!4m6!3m5!1s0x2cc093d12bf0efe3:0x865192eaff00f882!8m2!3d-12.4316104!4d130.8446143!16s%2Fg%2F1wjwxy8h?entry=ttu&g_ep=EgoyMDI1MDkxNy4wIKXMDSoASAFQAw%3D%3D","5","Northern Territory","3/3 Vickers St","false","Smallish market but a variety of stalls including fresh fruit and vegetables. Reasonable number of food stalls with a good range",,"Parap Village Markets","4.5",,"https://www.google.com/maps/search/?api=1&query=Parap%20Village%20Markets&query_place_id=ChIJ4-_wK9GTwCwRgvgA_-qSUYY",
"3/3 Vickers St, Parap NT 0804, Australia","Farmers' market","Clothing store","Craft store","Food court","Fruit and vegetable store","Market","Massage therapist","Tourist attraction","Farmers' market","9678678612194162818","Parap","AU","0x2cc093d12bf0efe3:0x865192eaff00f882","https://lh3.googleusercontent.com/gps-cs-s/AC9h4noBF3HbcrMm6CUtVgYUFGSR5MGm14j-dL8wXxc_JjOwX4Besc4yuXMDNjHbmU4DImy5kN8MxBtyW_z1DWnp9Ji2812h4h1hkKGURYKcH451F4GvfwrLE-niMXxcrb3iK2kkOXZl=w426-h240-k-no","false","true","en","0","-12.4316104","130.8446143","K Choong",,"en","false","ChIJ4-_wK9GTwCwRgvgA_-qSUYY","0804",,"a month ago","2025-08-08T05:57:08.965Z",,,,"Ci9DQUlRQUNvZENodHljRjlvT2tSSVZXOTNjbFJXWlVWS2MzWXRia1I0TVdFelNVRRAB",,,,,,,,,,,,,,,,,,,,,,,,,,,,,,,,,,"Google","https://www.google.com/maps/reviews/data=!4m8!14m7!1m6!2m5!1sCi9DQUlRQUNvZENodHljRjlvT2tSSVZXOTNjbFJXWlVWS2MzWXRia1I0TVdFelNVRRAB!2m1!1s0x0:0x865192eaff00f882!3m1!1s2@1:CAIQACodChtycF9oOkRIVW93clRWZUVKc3YtbkR4MWEzSUE%7C%7C?hl=en","118388190148283584437","16","https://lh3.googleusercontent.com/a-/ALV-UjWQtThkBsNGRUHr0BWV41c30oOD0vrxRVEnGy0lH0cwpARceYac=s1920-c-rp-mo-ba2-br100","https://www.google.com/maps/contrib/118388190148283584437?hl=en","1917","2025-09-22T03:42:20.195Z","Direct Detail URL: https://www.google.com/maps/place/Parap+Village+Markets/@-12.4316104,130.8420394,17z/data=!3m1!4b1!4m6!3m5!1s0x2cc093d12bf0efe3:0x865192eaff00f882!8m2!3d-12.4316104!4d130.8446143!16s%2Fg%2F1wjwxy8h?entry=ttu&g_ep=EgoyMDI1MDkxNy4wIKXMDSoASAFQAw%3D%3D","1","Northern Territory","3/3 Vickers St","false","It’s my first time in Darwin and I heard so much about how good the laksa is in Darwin, When I arrived at the market I saw there was a long queue at Mary Laksa, the much hype of the laksa. After I have bought the combination laksa, the first thing I did was to taste the broth. My goodness it’s nothing like Laksa! Far from it. I suppose most of the laksa stall owners are not from Malaysia or Singapore. It’s also fell short of the taste in Sydney, Melbourne or Brisbane. For goodness sake, even if you have not been to Malaysia or Singapore, at least taste some laksa before cooking laksa. The ingredients in the laksa are laughable, there are cauliflower, bumpkins, long beans, wan tans, fake crab sticks, etc. At the end I threw away about 90% of the laksa.",,"Parap Village Markets","4.5",,"https://www.google.com/maps/search/?api=1&query=Parap%20Village%20Markets&query_place_id=ChIJ4-_wK9GTwCwRgvgA_-qSUYY",
"3/3 Vickers St, Parap NT 0804, Australia","Farmers' market","Clothing store","Craft store","Food court","Fruit and vegetable store","Market","Massage therapist","Tourist attraction","Farmers' market","9678678612194162818","Parap","AU","0x2cc093d12bf0efe3:0x865192eaff00f882","https://lh3.googleusercontent.com/gps-cs-s/AC9h4noBF3HbcrMm6CUtVgYUFGSR5MGm14j-dL8wXxc_JjOwX4Besc4yuXMDNjHbmU4DImy5kN8MxBtyW_z1DWnp9Ji2812h4h1hkKGURYKcH451F4GvfwrLE-niMXxcrb3iK2kkOXZl=w426-h240-k-no","false","true","en","0","-12.4316104","130.8446143","Sophie Hok",,,"false","ChIJ4-_wK9GTwCwRgvgA_-qSUYY","0804",,"a month ago","2025-08-06T08:10:43.707Z",,,,"Ci9DQUlRQUNvZENodHljRjlvT2taVlowNVBObFowUW1KaGJtaHVUVFJKVDBGTU1VRRAB",,,,,,,,,,,,,,,,,,,,,,,,,,,,,,,,,,"Google","https://www.google.com/maps/reviews/data=!4m8!14m7!1m6!2m5!1sCi9DQUlRQUNvZENodHljRjlvT2taVlowNVBObFowUW1KaGJtaHVUVFJKVDBGTU1VRRAB!2m1!1s0x0:0x865192eaff00f882!3m1!1s2@1:CAIQACodChtycF9oOkZVZ05PNlZ0QmJhbmhuTTRJT0FMMUE%7C%7C?hl=en","117805203892175094098","21","https://lh3.googleusercontent.com/a/ACg8ocI7nV8V0CQHMgGFDJLK6rgJ7O5PyBnC5AIrYMYgnVTdkbIXkA=s1920-c-rp-mo-ba3-br100","https://www.google.com/maps/contrib/117805203892175094098?hl=en","1917","2025-09-22T03:42:20.195Z","Direct Detail URL: https://www.google.com/maps/place/Parap+Village+Markets/@-12.4316104,130.8420394,17z/data=!3m1!4b1!4m6!3m5!1s0x2cc093d12bf0efe3:0x865192eaff00f882!8m2!3d-12.4316104!4d130.8446143!16s%2Fg%2F1wjwxy8h?entry=ttu&g_ep=EgoyMDI1MDkxNy4wIKXMDSoASAFQAw%3D%3D","5","Northern Territory","3/3 Vickers St","false",,,"Parap Village Markets","4.5",,"https://www.google.com/maps/search/?api=1&query=Parap%20Village%20Markets&query_place_id=ChIJ4-_wK9GTwCwRgvgA_-qSUYY",
"3/3 Vickers St, Parap NT 0804, Australia","Farmers' market","Clothing store","Craft store","Food court","Fruit and vegetable store","Market","Massage therapist","Tourist attraction","Farmers' market","9678678612194162818","Parap","AU","0x2cc093d12bf0efe3:0x865192eaff00f882","https://lh3.googleusercontent.com/gps-cs-s/AC9h4noBF3HbcrMm6CUtVgYUFGSR5MGm14j-dL8wXxc_JjOwX4Besc4yuXMDNjHbmU4DImy5kN8MxBtyW_z1DWnp9Ji2812h4h1hkKGURYKcH451F4GvfwrLE-niMXxcrb3iK2kkOXZl=w426-h240-k-no","false","true","en","0","-12.4316104","130.8446143","Rich A",,"en","false","ChIJ4-_wK9GTwCwRgvgA_-qSUYY","0804",,"a month ago","2025-08-06T01:03:55.503Z",,,,"Ci9DQUlRQUNvZENodHljRjlvT21wcWRWUjZaMUJUVEMxeVJtZFlNMTgwY1ZwRVJFRRAB","https://lh3.googleusercontent.com/geougc-cs/AB3l90BvdmFS0kuH3q2oXBiWDKVSE2G3-ySToaWpGTkaTbqMbH8-5s6H0XwaLhYqMiGWGjN_FucvIBFchszazNJE2PhayirMVQ3jf_zTt3F2WnvT53rg8yTOq-vpUFV4io4bDBDEC9BLs4uWPhj-","https://lh3.googleusercontent.com/geougc-cs/AB3l90CaCR-IsspgFt_3bpR-EY8-eg9aiI0ftJuq8zk_OvRZanppTi4izXS7yrCe1UgRDgyMtZrz-rGV3VgpaWJxyATOdM26JcCNmfFcJsnQorbEgmLgAlIUvYi1EJL4EwHFGALtcW3JH94i91LX","https://lh3.googleusercontent.com/geougc-cs/AB3l90DVo03JSjdkFfM2JxAPfpKZybikFbrUTwB_DoWFynMXRm7f1YbaQsmIGjQ803qsQkdYEOtCy7RWBRjhpE0m9q1TXqY11NiYeJ4E0UjE-px2BSDH-HxvdWV31V6WhetkehvfwqqkJ7NYUowu",,,,,,,,,,,,,,,,,,,,,,,,,,,,,,,"Google","https://www.google.com/maps/reviews/data=!4m8!14m7!1m6!2m5!1sCi9DQUlRQUNvZENodHljRjlvT21wcWRWUjZaMUJUVEMxeVJtZFlNMTgwY1ZwRVJFRRAB!2m1!1s0x0:0x865192eaff00f882!3m1!1s2@1:CAIQACodChtycF9oOmpqdVR6Z1BTTC1yRmdYM180cVpEREE%7C%7C?hl=en","106848628016377053247","547","https://lh3.googleusercontent.com/a-/ALV-UjU_h3NK64O3TTXUL6I4rXbBBOwHSWGPo3q8R709ev9h6nTf6CNdyA=s1920-c-rp-mo-ba5-br100","https://www.google.com/maps/contrib/106848628016377053247?hl=en","1917","2025-09-22T03:42:20.195Z","Direct Detail URL: https://www.google.com/maps/place/Parap+Village+Markets/@-12.4316104,130.8420394,17z/data=!3m1!4b1!4m6!3m5!1s0x2cc093d12bf0efe3:0x865192eaff00f882!8m2!3d-12.4316104!4d130.8446143!16s%2Fg%2F1wjwxy8h?entry=ttu&g_ep=EgoyMDI1MDkxNy4wIKXMDSoASAFQAw%3D%3D","5","Northern Territory","3/3 Vickers St","false","One of the best village markets I've ever been to.
What it lacks in size, it makes up in quality. Nice fresh produce, hot food like laksa, satay, banh mi and more.  I highly recommend the satay stall and purple lady laksa.
There are also juice bars, flower stalls and crafts, as well as plenty of nice cafes nearby.",,"Parap Village Markets","4.5",,"https://www.google.com/maps/search/?api=1&query=Parap%20Village%20Markets&query_place_id=ChIJ4-_wK9GTwCwRgvgA_-qSUYY",
"3/3 Vickers St, Parap NT 0804, Australia","Farmers' market","Clothing store","Craft store","Food court","Fruit and vegetable store","Market","Massage therapist","Tourist attraction","Farmers' market","9678678612194162818","Parap","AU","0x2cc093d12bf0efe3:0x865192eaff00f882","https://lh3.googleusercontent.com/gps-cs-s/AC9h4noBF3HbcrMm6CUtVgYUFGSR5MGm14j-dL8wXxc_JjOwX4Besc4yuXMDNjHbmU4DImy5kN8MxBtyW_z1DWnp9Ji2812h4h1hkKGURYKcH451F4GvfwrLE-niMXxcrb3iK2kkOXZl=w426-h240-k-no","false","true","en","0","-12.4316104","130.8446143","Chris Perry",,"en","false","ChIJ4-_wK9GTwCwRgvgA_-qSUYY","0804",,"a month ago","2025-08-04T20:19:35.745Z",,,,"Ci9DQUlRQUNvZENodHljRjlvT2xCSlJVWmpSRkV4TW1odFZrVkdXR05tZDFZMmJXYxAB",,,,,,,,,,,,,,,,,,,,,,,,,,,,,,,,,,"Google","https://www.google.com/maps/reviews/data=!4m8!14m7!1m6!2m5!1sCi9DQUlRQUNvZENodHljRjlvT2xCSlJVWmpSRkV4TW1odFZrVkdXR05tZDFZMmJXYxAB!2m1!1s0x0:0x865192eaff00f882!3m1!1s2@1:CAIQACodChtycF9oOlBJRUZjRFExMmhtVkVGWGNmd1Y2bWc%7C%7C?hl=en","100818771320548252830","166","https://lh3.googleusercontent.com/a-/ALV-UjXzfAW9bM95Efv5JiaKDdUYhWJWoK2aTVD1rtkkDAkj2SXhrGY=s1920-c-rp-mo-ba5-br100","https://www.google.com/maps/contrib/100818771320548252830?hl=en","1917","2025-09-22T03:42:20.195Z","Direct Detail URL: https://www.google.com/maps/place/Parap+Village+Markets/@-12.4316104,130.8420394,17z/data=!3m1!4b1!4m6!3m5!1s0x2cc093d12bf0efe3:0x865192eaff00f882!8m2!3d-12.4316104!4d130.8446143!16s%2Fg%2F1wjwxy8h?entry=ttu&g_ep=EgoyMDI1MDkxNy4wIKXMDSoASAFQAw%3D%3D","5","Northern Territory","3/3 Vickers St","false","All sorts",,"Parap Village Markets","4.5",,"https://www.google.com/maps/search/?api=1&query=Parap%20Village%20Markets&query_place_id=ChIJ4-_wK9GTwCwRgvgA_-qSUYY",
"3/3 Vickers St, Parap NT 0804, Australia","Farmers' market","Clothing store","Craft store","Food court","Fruit and vegetable store","Market","Massage therapist","Tourist attraction","Farmers' market","9678678612194162818","Parap","AU","0x2cc093d12bf0efe3:0x865192eaff00f882","https://lh3.googleusercontent.com/gps-cs-s/AC9h4noBF3HbcrMm6CUtVgYUFGSR5MGm14j-dL8wXxc_JjOwX4Besc4yuXMDNjHbmU4DImy5kN8MxBtyW_z1DWnp9Ji2812h4h1hkKGURYKcH451F4GvfwrLE-niMXxcrb3iK2kkOXZl=w426-h240-k-no","false","true","en","0","-12.4316104","130.8446143","Choonjoo Na",,"ko","false","ChIJ4-_wK9GTwCwRgvgA_-qSUYY","0804",,"a month ago","2025-08-04T03:21:35.418Z",,,,"Ci9DQUlRQUNvZENodHljRjlvT2xGalRqQmFNRjk2TVVrMkxYZEVlR2xuTjBablEwRRAB",,,,,,,,,,,,,,,,,,,,,,,,,,,,,,,,,,"Google","https://www.google.com/maps/reviews/data=!4m8!14m7!1m6!2m5!1sCi9DQUlRQUNvZENodHljRjlvT2xGalRqQmFNRjk2TVVrMkxYZEVlR2xuTjBablEwRRAB!2m1!1s0x0:0x865192eaff00f882!3m1!1s2@1:CAIQACodChtycF9oOlFjTjBaMF96MUk2LXdEeGlnN0ZnQ0E%7C%7C?hl=en","117222478789076238049","9","https://lh3.googleusercontent.com/a-/ALV-UjU468p5RA9Ja06t6Sn-dh2Mos9eCdtbUmfOh8qfxvF0k9YWMYxosw=s1920-c-rp-mo-ba2-br100","https://www.google.com/maps/contrib/117222478789076238049?hl=en","1917","2025-09-22T03:42:20.195Z","Direct Detail URL: https://www.google.com/maps/place/Parap+Village+Markets/@-12.4316104,130.8420394,17z/data=!3m1!4b1!4m6!3m5!1s0x2cc093d12bf0efe3:0x865192eaff00f882!8m2!3d-12.4316104!4d130.8446143!16s%2Fg%2F1wjwxy8h?entry=ttu&g_ep=EgoyMDI1MDkxNy4wIKXMDSoASAFQAw%3D%3D","4","Northern Territory","3/3 Vickers St","false","평범한 스트릿 마켓이며, 물가는 싸지 않지만 물건이 다양하다.","It's a typical street market, and while the prices aren't cheap, the selection is diverse.","Parap Village Markets","4.5","en","https://www.google.com/maps/search/?api=1&query=Parap%20Village%20Markets&query_place_id=ChIJ4-_wK9GTwCwRgvgA_-qSUYY",
"3/3 Vickers St, Parap NT 0804, Australia","Farmers' market","Clothing store","Craft store","Food court","Fruit and vegetable store","Market","Massage therapist","Tourist attraction","Farmers' market","9678678612194162818","Parap","AU","0x2cc093d12bf0efe3:0x865192eaff00f882","https://lh3.googleusercontent.com/gps-cs-s/AC9h4noBF3HbcrMm6CUtVgYUFGSR5MGm14j-dL8wXxc_JjOwX4Besc4yuXMDNjHbmU4DImy5kN8MxBtyW_z1DWnp9Ji2812h4h1hkKGURYKcH451F4GvfwrLE-niMXxcrb3iK2kkOXZl=w426-h240-k-no","false","true","en","0","-12.4316104","130.8446143","Jit Lim",,"en","false","ChIJ4-_wK9GTwCwRgvgA_-qSUYY","0804",,"a month ago","2025-08-01T02:17:34.800Z",,,,"Ci9DQUlRQUNvZENodHljRjlvT205UmMzcFZhMVozUmxZdE0zWlFTREl4WDJJd1MwRRAB","https://lh3.googleusercontent.com/geougc-cs/AB3l90AclnE3JMwbZwKjes2odAA-uB6eZI40i-8B2ozxmJLxL-U6lCHmZxuTxiHwnKVbb08jMszMfzhzgDG7-r1dRxW2m5J2JWcaicJf3FoCcKgxMz2QKRCn1qzOmD7lgExvHVbIhLP-_d8YkyU","https://lh3.googleusercontent.com/geougc-cs/AB3l90AtoiiFmu3rRu7Sq4mpYcUZugPkA0XtXSdjISpYLHuqTTwhY01ObsoYeUrkZm7Y2Yfpeh9AgCEE5cXLuLffRgn2LYV-rlg-_Cb6bglPeJqwETAADSP8weiTkXx_JOEazPQK-IlBJFfaL2g",,,,,,,,,,,,,,,,,,,,,,,,,,,,,,,,"Google","https://www.google.com/maps/reviews/data=!4m8!14m7!1m6!2m5!1sCi9DQUlRQUNvZENodHljRjlvT205UmMzcFZhMVozUmxZdE0zWlFTREl4WDJJd1MwRRAB!2m1!1s0x0:0x865192eaff00f882!3m1!1s2@1:CAIQACodChtycF9oOm9Rc3pVa1Z3RlYtM3ZQSDIxX2IwS0E%7C%7C?hl=en","114419883329446214286","170","https://lh3.googleusercontent.com/a/ACg8ocIr9FS3J0yeLcVhQIidZuCh7iSRCXm1UXraxB45VA5ACvqEZQ=s1920-c-rp-mo-ba4-br100","https://www.google.com/maps/contrib/114419883329446214286?hl=en","1917","2025-09-22T03:42:20.195Z","Direct Detail URL: https://www.google.com/maps/place/Parap+Village+Markets/@-12.4316104,130.8420394,17z/data=!3m1!4b1!4m6!3m5!1s0x2cc093d12bf0efe3:0x865192eaff00f882!8m2!3d-12.4316104!4d130.8446143!16s%2Fg%2F1wjwxy8h?entry=ttu&g_ep=EgoyMDI1MDkxNy4wIKXMDSoASAFQAw%3D%3D","5","Northern Territory","3/3 Vickers St","false","Variety of Asian cuisine. Easily reached by public transport from Darwin CBD.",,"Parap Village Markets","4.5",,"https://www.google.com/maps/search/?api=1&query=Parap%20Village%20Markets&query_place_id=ChIJ4-_wK9GTwCwRgvgA_-qSUYY",
"3/3 Vickers St, Parap NT 0804, Australia","Farmers' market","Clothing store","Craft store","Food court","Fruit and vegetable store","Market","Massage therapist","Tourist attraction","Farmers' market","9678678612194162818","Parap","AU","0x2cc093d12bf0efe3:0x865192eaff00f882","https://lh3.googleusercontent.com/gps-cs-s/AC9h4noBF3HbcrMm6CUtVgYUFGSR5MGm14j-dL8wXxc_JjOwX4Besc4yuXMDNjHbmU4DImy5kN8MxBtyW_z1DWnp9Ji2812h4h1hkKGURYKcH451F4GvfwrLE-niMXxcrb3iK2kkOXZl=w426-h240-k-no","false","true","en","0","-12.4316104","130.8446143","Mario Himawan",,"en","false","ChIJ4-_wK9GTwCwRgvgA_-qSUYY","0804",,"a month ago","2025-07-31T23:29:59.660Z",,,,"Ci9DQUlRQUNvZENodHljRjlvT2pSbGNGUmFZMVZJWldOVlYzSkVZUzEyT1RGeWNYYxAB",,,,,,,,,,,,,,,,,,,,,,,,,,,,,,,,,,"Google","https://www.google.com/maps/reviews/data=!4m8!14m7!1m6!2m5!1sCi9DQUlRQUNvZENodHljRjlvT2pSbGNGUmFZMVZJWldOVlYzSkVZUzEyT1RGeWNYYxAB!2m1!1s0x0:0x865192eaff00f882!3m1!1s2@1:CAIQACodChtycF9oOjRlcFRaY1VIZWNVV3JEYS12OTFycXc%7C%7C?hl=en","113698840700884738310","45","https://lh3.googleusercontent.com/a-/ALV-UjX7M17fuS_GWYJt2Nm2P_H39SXWWMw9g3wtPadrT357lFccFgPDgg=s1920-c-rp-mo-ba3-br100","https://www.google.com/maps/contrib/113698840700884738310?hl=en","1917","2025-09-22T03:42:20.195Z","Direct Detail URL: https://www.google.com/maps/place/Parap+Village+Markets/@-12.4316104,130.8420394,17z/data=!3m1!4b1!4m6!3m5!1s0x2cc093d12bf0efe3:0x865192eaff00f882!8m2!3d-12.4316104!4d130.8446143!16s%2Fg%2F1wjwxy8h?entry=ttu&g_ep=EgoyMDI1MDkxNy4wIKXMDSoASAFQAw%3D%3D","5","Northern Territory","3/3 Vickers St","false","Great place to be when the market is on. Good options of food stalls and cafe. Fresh veg and fruit.",,"Parap Village Markets","4.5",,"https://www.google.com/maps/search/?api=1&query=Parap%20Village%20Markets&query_place_id=ChIJ4-_wK9GTwCwRgvgA_-qSUYY",
"3/3 Vickers St, Parap NT 0804, Australia","Farmers' market","Clothing store","Craft store","Food court","Fruit and vegetable store","Market","Massage therapist","Tourist attraction","Farmers' market","9678678612194162818","Parap","AU","0x2cc093d12bf0efe3:0x865192eaff00f882","https://lh3.googleusercontent.com/gps-cs-s/AC9h4noBF3HbcrMm6CUtVgYUFGSR5MGm14j-dL8wXxc_JjOwX4Besc4yuXMDNjHbmU4DImy5kN8MxBtyW_z1DWnp9Ji2812h4h1hkKGURYKcH451F4GvfwrLE-niMXxcrb3iK2kkOXZl=w426-h240-k-no","false","true","en","0","-12.4316104","130.8446143","Nes Smith",,"en","false","ChIJ4-_wK9GTwCwRgvgA_-qSUYY","0804",,"a month ago","2025-07-31T10:50:03.588Z",,,,"Ci9DQUlRQUNvZENodHljRjlvT2tkWWJ6QmxNVzUwWlVkcGRGcGlRM1Y2U1dsTU1IYxAB","https://lh3.googleusercontent.com/geougc-cs/AB3l90CgWNE6EoYC5nWYTt9wxGnIHhvFOUBIrM7S80UHib_goA_YGiuASXk-WwTF-OJf_Vy3I1jWgipNFVAhSFxbghjakNt2ERceroYtfNkuFdqA8gnulTomc3mkk5yU_7-WB4lPcJHmzRvm0DE","https://lh3.googleusercontent.com/geougc-cs/AB3l90Ay7GU-rNk_gdkxnnytnhJ5C5Snc0VxfODpKbUdGdnqMskuoM9wOev-86ajXQ7hzsiHr1dHJ-Jl4n4_aYz1tf1iFKwX1vcrmhB-3fZoqrjErvnUw21zLOaFDdEQiHNNwfbvMjHVHacEj-o","https://lh3.googleusercontent.com/geougc-cs/AB3l90DkGjAhh60JjPKIZ0Kw8KglSrhQ3SWZ5mQxcJOlCxIyNwCZfVJ_Z5HBQ_Em8sWhKbfuQuAHrPULCjXxkIZQdA4oVQFPX5Tv_Tn49LebF72fckCTEop7ec2l7_EmqZlU6V2GleeDMFcXa3rP","https://lh3.googleusercontent.com/geougc-cs/AB3l90DrClFyL47U1yuyRZOhSxani6Jj7HY9rB542JYaIAReyfI_fuvj2wAQKGSVpcGZcirL-K1liL3qsL2CqCf3bNbzpL33BDnCydcoL9ILdo5T60w4HiZG90GNmr-GtwxNwjlVh_Rnzw0fyKVX","https://lh3.googleusercontent.com/geougc-cs/AB3l90CJQ0tp5FmxidwKsAHhTyDNLdemHMm3ygjO90d7ExblaOKuYQBmyCd8iAlFjTfpYZJjqA9HjqSE4c7acqp9IlNHjOMIXEui2YvQMTVoWtgvZPxnVZ1NjXm6kv08RjUklErX1OqiwvL_KDfd","https://lh3.googleusercontent.com/geougc-cs/AB3l90CKn2aWY6IXYLpUJ97E1Yuq6djEr0NgNFTuMe471lOEEx_Yz_YZx7sQ84fYrex0Kj3xdtvHv7vg2IkzRUrQEVta_C8CDNmVQQEgGCp6Bp7uvgEyZmh6VzeFOkOq-utIdyFEYVK3rCJK3PlD","https://lh3.googleusercontent.com/geougc-cs/AB3l90CsDxw1n5IepOu2geT2toYwz2OSuO-k1PoaxDJGsnJDl15Tpxf855BzI6nJKVP55Rnm8f7oVk_M9jlywmavgopPbq-lJsQyCzU3bgpjfn_N6dRUTBzrwvWIHmwIac4xSGNAZjvg8YCqayg","https://lh3.googleusercontent.com/geougc-cs/AB3l90B2YWGbHpgD35olACv_d_5PtuTDab-6S2A9lq78rkErPPwyAy_fsZQQ3IY95_dNLWgdFuHt3fW3JVRWDTsLMvot-jhq9vdRfRvOE8SYJTGYLQFm4RGSdSey2GbRCfb7vMO4fLPes8HAbRwW","https://lh3.googleusercontent.com/geougc-cs/AB3l90DyrU_AgmaeuNLpY6N4KcI26ATmr44H3riEgWwpA6nubzhcXZB4NEB8O0pf7L53qd6kT8xiWzmocZ_9DZqLbG8eAz4sXnFKY4SFw3QV6-IcAwGjrUKBO6xbdV7YQwrqORBQnJBiBocnreM","https://lh3.googleusercontent.com/geougc-cs/AB3l90AgSRQzf7hy_OpIpoWjRn7Jikva1Yhikmpo-Hc7nw6BtC-X_uDrIBeWC80KSw3W37tKgBorLBiibQU0OIxe7NFgazZ07QG1gYerad3jEMI49WVcLccr1OEv31VN-KA8iaLTLKTpYySRMtgj","https://lh3.googleusercontent.com/geougc-cs/AB3l90D22MrX_h-K75NHR4C_JQXbycaEj5i6fq4c8q_r5kCgSDxWgdB9bO4H4lTp-3rUuH8BVHjsojIaF3rIBUj7NYA4oKSEA_Lc3e7YuRJ-f_Vrqxas4cz1zUlcEHXZMgNtgQcxpj0eYnbFO7R-","https://lh3.googleusercontent.com/geougc-cs/AB3l90BFlvsgsqD8MzatQdlBz3D3WgOqaU_D3wG_Lou96ek3TIZsuUdNP877av7tIq3bXvFcxCXwhYDTZerQV-rsPQaBk1QCZSFYEZhShqIHfeQj3y1iOv9Fd6SMZkRIc_zn4ILj9JyRbICwoH8","https://lh3.googleusercontent.com/geougc-cs/AB3l90AuEmIyecCpvxyuVCMWADBzkkJajiY2RcGcIO3hweDuor_RvNO9R_XqCN7V3EJ1G3xdvIe2apFDfuzYsL2rSxqL6XHEFHXwNyy8_Io9DGcGjgWKAF1LKZzR3vzovYBleVMuznPMrh3_mbgz","https://lh3.googleusercontent.com/geougc-cs/AB3l90Ca7KYvOwhwSUbDmaIw4cG_RVxzfuxvCIAGJA2Xqtl5DJby1YtfSAU_l1BEF4-ySnc0XrsYUm0llt0TSY9GafeWjye0r3EXzHZmFVI4pdZrIA1jRVNtYPqc_8nMGf4uHV_1EHoolGHSeHU","https://lh3.googleusercontent.com/geougc-cs/AB3l90A4T__x_ow6mevpY6mnGT4byIptmJjRwQO5PDWVGZWFEBDo5nSqOJFKMZXlJ4zqVCBHPymWRr6Y0bqZY7FAilm92fIlZOsVnCrt_1Wwdo3NnekTUBfDofB9jFUdo8t85KcQMgieh1ZMw_px","https://lh3.googleusercontent.com/geougc-cs/AB3l90CoNqEnxfdvaqufBYbHGtGVNMQK_qR2ACaN09Sber6lNO3qMDua381TNKJqI45kPcmfQhOyxQA7QQsGXki9r7GIwd7ik9U2IL519S1F6yhPolhvJwumucddzO3RoeQLH3IwVgtKr8V0PxU","https://lh3.googleusercontent.com/geougc-cs/AB3l90DQCM8FOrVhXeICHpPoVnwwM0aygUGdKUAGvQjB2o0oNo3jxiXpA05ult_Uc0NUfdkWOM-11K8aKZolqRT0MlEr7wlZ6RUmzOUK1I9sH_7vQT6fSDpfXmldvGatYhGks7WjrP5X46kCVZs","https://lh3.googleusercontent.com/geougc-cs/AB3l90CEw4R8uEG_1q0n0qGSiH3sV3au6Mr1waqfaldGyo8WMCIwnmQLXS4mOo1KbzqZUpRyosICijwbjCTMeERfjDpOIxoE2Eo5FnUOWu5VrmhAHXEp8X_F_NEQo94g1L0xs4ELq5sS1uWk6Hs","https://lh3.googleusercontent.com/geougc-cs/AB3l90ABHG0XIsbmVfoSxJvWPWvbDNXWRouNCXYvnukMxlGHUDVxucsd6Rc7y7yQmL6yFOxCUQjVPh_I27aOzvB9uDjPXc0CEtukr8F6Fp2W2XpRS-zhTsmZEIeVBDBOTDaoL0jXmftArbvPCcwN","https://lh3.googleusercontent.com/geougc-cs/AB3l90B_HRp-wVrrMuKpTXgF17qCno7L8yyoZoMjXNoV5_q8t4Smy37J4vfTKn91YuAiXBDKHaLFk08SfD0XiP0GUzlLg78yRZqEXhbcJyBKjx3jn5xLr-soFTTi-eujg3pNhxmQN98AKnurgWUq","https://lh3.googleusercontent.com/geougc-cs/AB3l90DymbxrcDmnQENV6YsVS2cuC8k8ntv58BbWGzTOLy_EgliC0c5aMBjO6EM2YPGiuQb_VQ6TTQ30o9-m1GeMddBA01zrEqm53gS8Vfq7ZX9PUWa9Im_qMDj31bIwD5938VKp7dPNaCRC761W","https://lh3.googleusercontent.com/geougc-cs/AB3l90BzwVM-3ub4J2RCjgWH3dyDA6dQcjrGrrdX2hL--_NC52bkhBsUfL7JaG1IMDxWWjofuRzw70q9gvoIJNKPPs09mJkMfjFwnO6blDpIhbxyqNu22aAva43m_Au1XmGQzgoHMM1R2Pck9W9Q","https://lh3.googleusercontent.com/geougc-cs/AB3l90Czp8Yt6AVOtO55MSwiAmNsZwRJ55ab0lls02S6TRnu1k4e3dD5swWxpjzBGYFnyiWnJqHQ4skl_acg96n5jnKAqw8CXmInwhv-I1K6DeiReI8sgYNNupzSzQEecx1rwP9PHu4lgEbF0ZSW","https://lh3.googleusercontent.com/geougc-cs/AB3l90DB6p321aQYefCSnfOD81p7Rba5fN45SAOmjrgxE3JB-KVa1js_Yfetbq-FsYwNaw3Kp7AzNmJoaygMBF_LloxzLizh5r19CjLsVJGmSqRS8R66cHxj6LvN9F4vuLSn72X2RghqsZkIzlMY","https://lh3.googleusercontent.com/geougc-cs/AB3l90DEn-wli_s_UDcVv8GmyXPePuGb4IazU9SGCTpjjksYFFXn6CNkUAbBAJMcMztO9Dv6Lgl80SBaw34VMX0usXx4mAMgK3OgdUAkwgB3Bt2FRNdFSjNfB4vQUm6m0uwLeV6SUQUpyvTllDWq","https://lh3.googleusercontent.com/geougc-cs/AB3l90C2zSY6rjo7A_AyyDMAC5PE_xXbMsQ7uRbTXEXw3TxUGmw4Yr-XcGvr5FZ66lc2Igxiie0jVT3JNVoAeomJGDHk3ZypXw9W0OdVLXuA5-tU0FytTauWw5MPLC9Sm-S614S8tHmpvvZ0vZtM","https://lh3.googleusercontent.com/geougc-cs/AB3l90CrH56AQ9kWJxm_0dIWyPuVPllceovuDYpQc4bhzBmeoqrGt3FwDHgLx1TIzWcVfJ6ppVmKfjHEWhw7FoBblF8U69MY9GMBJhvdB1Op3pL9gESeRXi_Z_1IGxtqbLD4NCxekFV1Su_PzWk","https://lh3.googleusercontent.com/geougc-cs/AB3l90BzYySBYgxEnMgdwwFsB_MXMnjH2HVitDBAJcihOlrgYh-lXy0YG8dGoL_Je6GZVe6GEFEl_5_83srSq0eWDy7WdL_jdadKzUsiBgZK3XhdKDRLAQkuQ2O2TkXIbcccTXfXgXTAVsWxXpuR","https://lh3.googleusercontent.com/geougc-cs/AB3l90AXn_Y1OK6fVEfH8n-bykaSmKCOj7HQvoCp8cN5EO3AlAJsT3pUfVr3a76pujGokvFv49Q-pYnd7xtG890R_rLOsjtNGB4ygOuXTRxOG_EGhaW2Hk1bdizGCJ5FYuOf8GHRsc2C4t1gFhE","https://lh3.googleusercontent.com/geougc-cs/AB3l90AFApZN8tq4Jvkv69qCpDsQcKWFM4hBcnJKcp_MheJVoVyWS3yHentptosM1Q6nezuLxH_A3aKtOQlh3k1tArLfLA-M8bQplOV6rRpIRxIne2_LWmCO7eJgjuBrLcUfiQeqe4uYrRZkSsKb","https://lh3.googleusercontent.com/geougc-cs/AB3l90A_kJsw6SKFeQThEC6MaRNIUncp4-jxxvUBpAhop7c9ub5vi6ZR7y4vDkFw4legUvQkSkJQ15zE8BCRdvv-Pbhl8UgVnmZ1MvZ3FSgC068vjFKWv68yRVuL_ZlgVzx3dCeozGPIEVtrwlUW","https://lh3.googleusercontent.com/geougc-cs/AB3l90BkkeipI7fnvvth0yNdZPwHon0hzseIlCur89E1_P-nWwX9Flaw4Lk524JDVhPg5VSPiSD4kLw1OTJoKmb-CPCA9-NiOciN2FHgNbUhq33CdRSJrAMVdl9TjTRta9CND6itsST3QV53fyA","https://lh3.googleusercontent.com/geougc-cs/AB3l90CzWACKNnrS6zo6NUYNup11OnIxmxe-H8ec-b4gE7Y2NOqwN3ioON6DTF6WHZ6FUfK9fP_XSZUznnLPPpNv7FwzjPYGUb1QE3WcjLuqyvwRMjxzsXx4PoCrs0e58-aD0RKPCjxWLpqMmiRv","Google","https://www.google.com/maps/reviews/data=!4m8!14m7!1m6!2m5!1sCi9DQUlRQUNvZENodHljRjlvT2tkWWJ6QmxNVzUwWlVkcGRGcGlRM1Y2U1dsTU1IYxAB!2m1!1s0x0:0x865192eaff00f882!3m1!1s2@1:CAIQACodChtycF9oOkdYbzBlMW50ZUdpdFpiQ3V6SWlMMHc%7C%7C?hl=en","113300725745581823702","29","https://lh3.googleusercontent.com/a-/ALV-UjU1fWJszeucWtcIz2WhoZWi_3XHfXtRg4GahQ3rGaBPxXG6H0w=s1920-c-rp-mo-ba4-br100","https://www.google.com/maps/contrib/113300725745581823702?hl=en","1917","2025-09-22T03:42:20.195Z","Direct Detail URL: https://www.google.com/maps/place/Parap+Village+Markets/@-12.4316104,130.8420394,17z/data=!3m1!4b1!4m6!3m5!1s0x2cc093d12bf0efe3:0x865192eaff00f882!8m2!3d-12.4316104!4d130.8446143!16s%2Fg%2F1wjwxy8h?entry=ttu&g_ep=EgoyMDI1MDkxNy4wIKXMDSoASAFQAw%3D%3D","5","Northern Territory","3/3 Vickers St","false","Love parap market 🤩
I coming for holiday to Darwin and love parap market .. FOODS 😋, FRUITS 😋

I try Chiken and squid satay OMG 😋😋 best
Beef chilly curry puff pastry yum …

They accept CARD OR CASH so don’t worry

Not big market but good for visit and have a taste meals culinary 😋😋",,"Parap Village Markets","4.5",,"https://www.google.com/maps/search/?api=1&query=Parap%20Village%20Markets&query_place_id=ChIJ4-_wK9GTwCwRgvgA_-qSUYY",
"3/3 Vickers St, Parap NT 0804, Australia","Farmers' market","Clothing store","Craft store","Food court","Fruit and vegetable store","Market","Massage therapist","Tourist attraction","Farmers' market","9678678612194162818","Parap","AU","0x2cc093d12bf0efe3:0x865192eaff00f882","https://lh3.googleusercontent.com/gps-cs-s/AC9h4noBF3HbcrMm6CUtVgYUFGSR5MGm14j-dL8wXxc_JjOwX4Besc4yuXMDNjHbmU4DImy5kN8MxBtyW_z1DWnp9Ji2812h4h1hkKGURYKcH451F4GvfwrLE-niMXxcrb3iK2kkOXZl=w426-h240-k-no","false","true","en","0","-12.4316104","130.8446143","Andy Heng",,"en","false","ChIJ4-_wK9GTwCwRgvgA_-qSUYY","0804",,"a month ago","2025-07-30T13:52:15.464Z",,,,"Ci9DQUlRQUNvZENodHljRjlvT2s1MllXZHhVVGRRYUdaUllsZG9VbFJoWWpVeldGRRAB",,,,,,,,,,,,,,,,,,,,,,,,,,,,,,,,,,"Google","https://www.google.com/maps/reviews/data=!4m8!14m7!1m6!2m5!1sCi9DQUlRQUNvZENodHljRjlvT2s1MllXZHhVVGRRYUdaUllsZG9VbFJoWWpVeldGRRAB!2m1!1s0x0:0x865192eaff00f882!3m1!1s2@1:CAIQACodChtycF9oOk52YWdxUTdQaGZRYldoUlRhYjUzWFE%7C%7C?hl=en","105181863762064299333","67","https://lh3.googleusercontent.com/a/ACg8ocIwKj-mpYEknMte47P37ybJhiaZQ7T0x0Jy1sXb4LoVvmFQww=s1920-c-rp-mo-ba3-br100","https://www.google.com/maps/contrib/105181863762064299333?hl=en","1917","2025-09-22T03:42:20.195Z","Direct Detail URL: https://www.google.com/maps/place/Parap+Village+Markets/@-12.4316104,130.8420394,17z/data=!3m1!4b1!4m6!3m5!1s0x2cc093d12bf0efe3:0x865192eaff00f882!8m2!3d-12.4316104!4d130.8446143!16s%2Fg%2F1wjwxy8h?entry=ttu&g_ep=EgoyMDI1MDkxNy4wIKXMDSoASAFQAw%3D%3D","4","Northern Territory","3/3 Vickers St","false","There's plenty of food here, mainly.",,"Parap Village Markets","4.5",,"https://www.google.com/maps/search/?api=1&query=Parap%20Village%20Markets&query_place_id=ChIJ4-_wK9GTwCwRgvgA_-qSUYY",
"3/3 Vickers St, Parap NT 0804, Australia","Farmers' market","Clothing store","Craft store","Food court","Fruit and vegetable store","Market","Massage therapist","Tourist attraction","Farmers' market","9678678612194162818","Parap","AU","0x2cc093d12bf0efe3:0x865192eaff00f882","https://lh3.googleusercontent.com/gps-cs-s/AC9h4noBF3HbcrMm6CUtVgYUFGSR5MGm14j-dL8wXxc_JjOwX4Besc4yuXMDNjHbmU4DImy5kN8MxBtyW_z1DWnp9Ji2812h4h1hkKGURYKcH451F4GvfwrLE-niMXxcrb3iK2kkOXZl=w426-h240-k-no","false","true","en","0","-12.4316104","130.8446143","Happy Diane",,"en","false","ChIJ4-_wK9GTwCwRgvgA_-qSUYY","0804",,"a month ago","2025-07-30T09:06:25.055Z",,,,"Ci9DQUlRQUNvZENodHljRjlvT21sVGJVeDRkV0ZpZDE5RmEyaDFhWFExZFZJeVMyYxAB","https://lh3.googleusercontent.com/geougc-cs/AB3l90DyfXPeMFTjBpRZKlBI7KqcUa3cin_PhFhI5obMFRZ4XxrBDdvz_ebaQN4s0SaytoK2kkamIYgH6k-oGQkEeE8mi2j7s2Iy8Bktj7qGDjbjEipuKdAuifyVwP5p6sgw-2hmTyvfKJRRG41V","https://lh3.googleusercontent.com/geougc-cs/AB3l90DVd99VXHonviaTtDw2AEJEkoqP1TiIapkAkWWL4SgLSIMNDvTdgNgY5N0DZkZvZ69M6Raikz1iDUx2gmhwicv4X1krdmv48rw_utWDHK68JbVyvbNytihPAJsT-DNrfF4wqUBzKFBnx_o","https://lh3.googleusercontent.com/geougc-cs/AB3l90Agm4UMZ-0w06jpe2tVtMOsWUW8JRcIVJzekoyJZN5SpG5syniEoGGw_pW2WHm5R1Cp3f7YSI_NOogVfbidKbroJv2zRjzGxdVqVBPwFG0WOtYKBJC65qacrbQCr3PCyP218x7sLXF-EelF",,,,,,,,,,,,,,,,,,,,,,,,,,,,,,,"Google","https://www.google.com/maps/reviews/data=!4m8!14m7!1m6!2m5!1sCi9DQUlRQUNvZENodHljRjlvT21sVGJVeDRkV0ZpZDE5RmEyaDFhWFExZFZJeVMyYxAB!2m1!1s0x0:0x865192eaff00f882!3m1!1s2@1:CAIQACodChtycF9oOmlTbUx4dWFid19Fa2h1aXQ1dVIyS2c%7C%7C?hl=en","110289803943183398842","240","https://lh3.googleusercontent.com/a-/ALV-UjVffeaH2ScvfTDBd-b3Tii9A59I9iCAtwzTGzy6PGYiz8yKvRJr=s1920-c-rp-mo-ba6-br100","https://www.google.com/maps/contrib/110289803943183398842?hl=en","1917","2025-09-22T03:42:20.195Z","Direct Detail URL: https://www.google.com/maps/place/Parap+Village+Markets/@-12.4316104,130.8420394,17z/data=!3m1!4b1!4m6!3m5!1s0x2cc093d12bf0efe3:0x865192eaff00f882!8m2!3d-12.4316104!4d130.8446143!16s%2Fg%2F1wjwxy8h?entry=ttu&g_ep=EgoyMDI1MDkxNy4wIKXMDSoASAFQAw%3D%3D","5","Northern Territory","3/3 Vickers St","false","Parap Market is one of my favourites in Darwin. It’s open every Saturday from 8 am to 2 pm, all year round; but it’s especially lovely during the dry season. The weather in July is absolutely delicious; cool in the morning with clear skies, which makes it the perfect setting to enjoy a bowl of laksa or something fresh while walking around.

There’s a great mix of stalls offering food from all over Southeast Asia, fresh produce, handmade goods, flowers, and local art. My absolute go to is the Popia; the spring rolls here are the best!! I also always get the Vietnamese pork skewers and paw paw salad—so yummy:) The smoothie and juice stalls are beautiful too; perfect for something cool and refreshing when it's starting to warm up.

It does get busy, but parking is usually okay if you arrive early or don’t mind walking a little. Dogs aren’t allowed in the market area, which is a shame if you’re bringing your pup along—but good to know ahead of time.

I don’t have many photos from my visits here; which says a lot because I usually take heaps—but I’m too busy living my best life eating all the food 😆

Highly recommend checking it out if you're in Darwin. I love it!",,"Parap Village Markets","4.5",,"https://www.google.com/maps/search/?api=1&query=Parap%20Village%20Markets&query_place_id=ChIJ4-_wK9GTwCwRgvgA_-qSUYY",
"3/3 Vickers St, Parap NT 0804, Australia","Farmers' market","Clothing store","Craft store","Food court","Fruit and vegetable store","Market","Massage therapist","Tourist attraction","Farmers' market","9678678612194162818","Parap","AU","0x2cc093d12bf0efe3:0x865192eaff00f882","https://lh3.googleusercontent.com/gps-cs-s/AC9h4noBF3HbcrMm6CUtVgYUFGSR5MGm14j-dL8wXxc_JjOwX4Besc4yuXMDNjHbmU4DImy5kN8MxBtyW_z1DWnp9Ji2812h4h1hkKGURYKcH451F4GvfwrLE-niMXxcrb3iK2kkOXZl=w426-h240-k-no","false","true","en","0","-12.4316104","130.8446143","Francesca Perino",,"en","false","ChIJ4-_wK9GTwCwRgvgA_-qSUYY","0804",,"a month ago","2025-07-27T08:29:20.592Z",,,,"Ci9DQUlRQUNvZENodHljRjlvT2s5VU0xZFRiV014WVdkMGRXNVpVbnBpT1RkVE9HYxAB","https://lh3.googleusercontent.com/geougc-cs/AB3l90DHoTwJwD_f9WJ9c5qV_YhXb9W43qzbZ2p4qIE5ZVk4LjsPocyceykQBxmRTEK_8mqNTQAlm6-akHcdSt0thLbgQyMYK04WV1PrUmhNBq6EjR6U4IiRmo10QJBl3KctZC7KNqGWppX1edVk","https://lh3.googleusercontent.com/geougc-cs/AB3l90C3f8-WJdQhewJYmSmcBtBiXNUtrnNiD5ZJ39nvxGcFgvcucihkym3kIx0eeJz3SrsT7lp_vKX_7OcC2vCr-kvhS475uipv5ZBHa4NDJsBmYPA49o2wvcl3TsnoLBluqB1_c67Y5uEhw4Zy",,,,,,,,,,,,,,,,,,,,,,,,,,,,,,,,"Google","https://www.google.com/maps/reviews/data=!4m8!14m7!1m6!2m5!1sCi9DQUlRQUNvZENodHljRjlvT2s5VU0xZFRiV014WVdkMGRXNVpVbnBpT1RkVE9HYxAB!2m1!1s0x0:0x865192eaff00f882!3m1!1s2@1:CAIQACodChtycF9oOk9UM1dTbWMxYWd0dW5ZUnpiOTdTOGc%7C%7C?hl=en","117909498678709971615","43","https://lh3.googleusercontent.com/a-/ALV-UjXtBuW9ZwEf2s4kKpf5_Zwonw4fAjOUITZ1BE698NXzMgYR336C=s1920-c-rp-mo-ba3-br100","https://www.google.com/maps/contrib/117909498678709971615?hl=en","1917","2025-09-22T03:42:20.195Z","Direct Detail URL: https://www.google.com/maps/place/Parap+Village+Markets/@-12.4316104,130.8420394,17z/data=!3m1!4b1!4m6!3m5!1s0x2cc093d12bf0efe3:0x865192eaff00f882!8m2!3d-12.4316104!4d130.8446143!16s%2Fg%2F1wjwxy8h?entry=ttu&g_ep=EgoyMDI1MDkxNy4wIKXMDSoASAFQAw%3D%3D","3","Northern Territory","3/3 Vickers St","false","Gorgeous buzzy market, Mary’s Laksa was worth the wait. Unfortunately I got food poisoning from a fruit salad purchased at the fruit stand, spent the next day with diarrhoea and stomach cramps. Avoid the melon or make sure you grab a cool one from the eski. I thought I was safe to eat cut fruit in Australia, clearly not in Darwin’s hot humid climate.",,"Parap Village Markets","4.5",,"https://www.google.com/maps/search/?api=1&query=Parap%20Village%20Markets&query_place_id=ChIJ4-_wK9GTwCwRgvgA_-qSUYY",
"3/3 Vickers St, Parap NT 0804, Australia","Farmers' market","Clothing store","Craft store","Food court","Fruit and vegetable store","Market","Massage therapist","Tourist attraction","Farmers' market","9678678612194162818","Parap","AU","0x2cc093d12bf0efe3:0x865192eaff00f882","https://lh3.googleusercontent.com/gps-cs-s/AC9h4noBF3HbcrMm6CUtVgYUFGSR5MGm14j-dL8wXxc_JjOwX4Besc4yuXMDNjHbmU4DImy5kN8MxBtyW_z1DWnp9Ji2812h4h1hkKGURYKcH451F4GvfwrLE-niMXxcrb3iK2kkOXZl=w426-h240-k-no","false","false","en","0","-12.4316104","130.8446143","Paul Benitez",,"en","false","ChIJ4-_wK9GTwCwRgvgA_-qSUYY","0804",,"a month ago","2025-07-27T06:28:42.252Z",,,,"Ci9DQUlRQUNvZENodHljRjlvT25sMU1qa3habEJ0WTFORFpIRlFkVzltVmpkUFdVRRAB",,,,,,,,,,,,,,,,,,,,,,,,,,,,,,,,,,"Google","https://www.google.com/maps/reviews/data=!4m8!14m7!1m6!2m5!1sCi9DQUlRQUNvZENodHljRjlvT25sMU1qa3habEJ0WTFORFpIRlFkVzltVmpkUFdVRRAB!2m1!1s0x0:0x865192eaff00f882!3m1!1s2@1:CAIQACodChtycF9oOnl1MjkxZlBtY1NDZHFQdW9mVjdPWUE%7C%7C?hl=en","101246202632149889877","16","https://lh3.googleusercontent.com/a-/ALV-UjXVvg3UMW5GjRULOBQ89juTNLPWbEttcbE9x80-0G6Z7G7GvNg=s1920-c-rp-mo-br100","https://www.google.com/maps/contrib/101246202632149889877?hl=en","1917","2025-09-22T03:42:20.195Z","Direct Detail URL: https://www.google.com/maps/place/Parap+Village+Markets/@-12.4316104,130.8420394,17z/data=!3m1!4b1!4m6!3m5!1s0x2cc093d12bf0efe3:0x865192eaff00f882!8m2!3d-12.4316104!4d130.8446143!16s%2Fg%2F1wjwxy8h?entry=ttu&g_ep=EgoyMDI1MDkxNy4wIKXMDSoASAFQAw%3D%3D","5","Northern Territory","3/3 Vickers St","false","Great food and local crafts.",,"Parap Village Markets","4.5",,"https://www.google.com/maps/search/?api=1&query=Parap%20Village%20Markets&query_place_id=ChIJ4-_wK9GTwCwRgvgA_-qSUYY",
"3/3 Vickers St, Parap NT 0804, Australia","Farmers' market","Clothing store","Craft store","Food court","Fruit and vegetable store","Market","Massage therapist","Tourist attraction","Farmers' market","9678678612194162818","Parap","AU","0x2cc093d12bf0efe3:0x865192eaff00f882","https://lh3.googleusercontent.com/gps-cs-s/AC9h4noBF3HbcrMm6CUtVgYUFGSR5MGm14j-dL8wXxc_JjOwX4Besc4yuXMDNjHbmU4DImy5kN8MxBtyW_z1DWnp9Ji2812h4h1hkKGURYKcH451F4GvfwrLE-niMXxcrb3iK2kkOXZl=w426-h240-k-no","false","true","en","0","-12.4316104","130.8446143","Ken Mackey",,"en","false","ChIJ4-_wK9GTwCwRgvgA_-qSUYY","0804",,"a month ago","2025-07-26T06:13:58.727Z",,,,"Ci9DQUlRQUNvZENodHljRjlvT2xwcllYVkhabGRsVm5sMGJGbENSMkZ3Y0MxcVpVRRAB",,,,,,,,,,,,,,,,,,,,,,,,,,,,,,,,,,"Google","https://www.google.com/maps/reviews/data=!4m8!14m7!1m6!2m5!1sCi9DQUlRQUNvZENodHljRjlvT2xwcllYVkhabGRsVm5sMGJGbENSMkZ3Y0MxcVpVRRAB!2m1!1s0x0:0x865192eaff00f882!3m1!1s2@1:CAIQACodChtycF9oOlprYXVHZldlVnl0bFlCR2FwcC1qZUE%7C%7C?hl=en","101884972263654751425","350","https://lh3.googleusercontent.com/a/ACg8ocIdoSUQv4INZubFfAAAYf5mlH6Zlbwc-YytfIDGT_szVYEQRg=s1920-c-rp-mo-ba5-br100","https://www.google.com/maps/contrib/101884972263654751425?hl=en","1917","2025-09-22T03:42:20.195Z","Direct Detail URL: https://www.google.com/maps/place/Parap+Village+Markets/@-12.4316104,130.8420394,17z/data=!3m1!4b1!4m6!3m5!1s0x2cc093d12bf0efe3:0x865192eaff00f882!8m2!3d-12.4316104!4d130.8446143!16s%2Fg%2F1wjwxy8h?entry=ttu&g_ep=EgoyMDI1MDkxNy4wIKXMDSoASAFQAw%3D%3D","3","Northern Territory","3/3 Vickers St","false","Hard to find parking, crowded facility, lots of similar product, no where to sit and enjoy a coffee or similar",,"Parap Village Markets","4.5",,"https://www.google.com/maps/search/?api=1&query=Parap%20Village%20Markets&query_place_id=ChIJ4-_wK9GTwCwRgvgA_-qSUYY",
"3/3 Vickers St, Parap NT 0804, Australia","Farmers' market","Clothing store","Craft store","Food court","Fruit and vegetable store","Market","Massage therapist","Tourist attraction","Farmers' market","9678678612194162818","Parap","AU","0x2cc093d12bf0efe3:0x865192eaff00f882","https://lh3.googleusercontent.com/gps-cs-s/AC9h4noBF3HbcrMm6CUtVgYUFGSR5MGm14j-dL8wXxc_JjOwX4Besc4yuXMDNjHbmU4DImy5kN8MxBtyW_z1DWnp9Ji2812h4h1hkKGURYKcH451F4GvfwrLE-niMXxcrb3iK2kkOXZl=w426-h240-k-no","false","true","en","0","-12.4316104","130.8446143","jazmine preece",,"en","false","ChIJ4-_wK9GTwCwRgvgA_-qSUYY","0804",,"a month ago","2025-07-26T05:37:17.761Z",,,,"Ci9DQUlRQUNvZENodHljRjlvT25CSVMwUnpiRTB5VVZKWWQzbFNjamR4VTJWd1JHYxAB","https://lh3.googleusercontent.com/geougc-cs/AB3l90B_8EWmUC9diFyVcQ5lST3kR8sQ2stxasNRULg0yH104UtQy8N9Tp7BW8yO47oyTQBON2oHxrWBf4Yb7NAxmRAEO6UG-jNQLuapbk1zl0e08XPt_wqyExMWPqFGI7SwK3LJB1suY3wJw7dJ","https://lh3.googleusercontent.com/geougc-cs/AB3l90BsEnei_X0OMiDtaxmkWyELBIy8aXuUvqOLb-IfmgBpR8JdE_FYa66gUdLZazyzSKxRCtmR_b4HWHsHTYNh6Z_RNWHfvzFAEFYpVeQXECMr2zv7qwPhnqJd1sqbgPgxWR3upGCcAMQeJ2En","https://lh3.googleusercontent.com/geougc-cs/AB3l90CcMaPEYt1lmq7VR0S3-9cFaM7Y6QX6rhx4ysEvUdl_yA76R6rht54Ei1MinbLDRYS78jvN-xmicz3speAz56jD3UMsYK_NstNJ-H1vytaq4egiMrvVmoGplmtx5s23I0EQP6RsMiCdJ9Ub","https://lh3.googleusercontent.com/geougc-cs/AB3l90CADRMtTBS6QGIv9thNR5mdksfOlaq6k4ZWKhShEjTayLtPdrWUqy3SmUEbEnzrAfKIE25bYzAMwZFgL85mQ7ghUkZCTRXVavagRD5CGv6QVfvg0eiN1X-wzU4Gy5yeMYUJEBE9Tondbps","https://lh3.googleusercontent.com/geougc-cs/AB3l90ABG4YdN7QX8RWu1N4cD2QN9o9HQ92PEmkTKdAky-sisdH7OKt09HvNPrSLRRfLezwHhY1kO9DTKDizDy-OfUtBdv9gScvuUAP0HTal9AOJ8sFMpWZgmcXhsemgk9S0-AdiEt-VIm-cdZE","https://lh3.googleusercontent.com/geougc-cs/AB3l90BUx0yfIRPHAxvggRN95VL2tKC1nQ6jz5eCSsPt5KZkrbPCGWIOsgUMwqt2tXDESW1H3KpGFaJAclxc2jR9WgOnaDAcvYzkXs8AtUMROpCoIHCH9nxFveHeG13P6BkIj1VPvmMNKAZwtopF",,,,,,,,,,,,,,,,,,,,,,,,,,,,"Google","https://www.google.com/maps/reviews/data=!4m8!14m7!1m6!2m5!1sCi9DQUlRQUNvZENodHljRjlvT25CSVMwUnpiRTB5VVZKWWQzbFNjamR4VTJWd1JHYxAB!2m1!1s0x0:0x865192eaff00f882!3m1!1s2@1:CAIQACodChtycF9oOnBIS0RzbE0yUVJYd3lScjdxU2VwRGc%7C%7C?hl=en","114149222613123361334","31","https://lh3.googleusercontent.com/a-/ALV-UjVB_fRM_QL0ZLGl7IXg-urNd8TdT8tdTQkJIuv8gN20KssvYNP7=s1920-c-rp-mo-ba4-br100","https://www.google.com/maps/contrib/114149222613123361334?hl=en","1917","2025-09-22T03:42:20.195Z","Direct Detail URL: https://www.google.com/maps/place/Parap+Village+Markets/@-12.4316104,130.8420394,17z/data=!3m1!4b1!4m6!3m5!1s0x2cc093d12bf0efe3:0x865192eaff00f882!8m2!3d-12.4316104!4d130.8446143!16s%2Fg%2F1wjwxy8h?entry=ttu&g_ep=EgoyMDI1MDkxNy4wIKXMDSoASAFQAw%3D%3D","5","Northern Territory","3/3 Vickers St","false","LOVED the market!
Great choices for food and drink!
Incredible Laksa and I really enjoyed the Korean corn dog!",,"Parap Village Markets","4.5",,"https://www.google.com/maps/search/?api=1&query=Parap%20Village%20Markets&query_place_id=ChIJ4-_wK9GTwCwRgvgA_-qSUYY",
"3/3 Vickers St, Parap NT 0804, Australia","Farmers' market","Clothing store","Craft store","Food court","Fruit and vegetable store","Market","Massage therapist","Tourist attraction","Farmers' market","9678678612194162818","Parap","AU","0x2cc093d12bf0efe3:0x865192eaff00f882","https://lh3.googleusercontent.com/gps-cs-s/AC9h4noBF3HbcrMm6CUtVgYUFGSR5MGm14j-dL8wXxc_JjOwX4Besc4yuXMDNjHbmU4DImy5kN8MxBtyW_z1DWnp9Ji2812h4h1hkKGURYKcH451F4GvfwrLE-niMXxcrb3iK2kkOXZl=w426-h240-k-no","false","true","en","0","-12.4316104","130.8446143","Aiden Tieu",,"en","false","ChIJ4-_wK9GTwCwRgvgA_-qSUYY","0804",,"a month ago","2025-07-26T00:16:04.384Z",,,,"Ci9DQUlRQUNvZENodHljRjlvT2xSUVNVWTFWUzFPY1ZoVlVrWkNPSFpwTTA1alIwRRAB",,,,,,,,,,,,,,,,,,,,,,,,,,,,,,,,,,"Google","https://www.google.com/maps/reviews/data=!4m8!14m7!1m6!2m5!1sCi9DQUlRQUNvZENodHljRjlvT2xSUVNVWTFWUzFPY1ZoVlVrWkNPSFpwTTA1alIwRRAB!2m1!1s0x0:0x865192eaff00f882!3m1!1s2@1:CAIQACodChtycF9oOlRQSUY1VS1OcVhVUkZCOHZpM05jR0E%7C%7C?hl=en","114198721254121364451","383","https://lh3.googleusercontent.com/a-/ALV-UjXCGiC6k2eQ3vGWqzLZ58fAgdgZWIJYh3FCl8qOmXtkwkRRfMVwcQ=s1920-c-rp-mo-ba5-br100","https://www.google.com/maps/contrib/114198721254121364451?hl=en","1917","2025-09-22T03:42:20.195Z","Direct Detail URL: https://www.google.com/maps/place/Parap+Village+Markets/@-12.4316104,130.8420394,17z/data=!3m1!4b1!4m6!3m5!1s0x2cc093d12bf0efe3:0x865192eaff00f882!8m2!3d-12.4316104!4d130.8446143!16s%2Fg%2F1wjwxy8h?entry=ttu&g_ep=EgoyMDI1MDkxNy4wIKXMDSoASAFQAw%3D%3D","5","Northern Territory","3/3 Vickers St","false","Great place for market food and gifts",,"Parap Village Markets","4.5",,"https://www.google.com/maps/search/?api=1&query=Parap%20Village%20Markets&query_place_id=ChIJ4-_wK9GTwCwRgvgA_-qSUYY",
"3/3 Vickers St, Parap NT 0804, Australia","Farmers' market","Clothing store","Craft store","Food court","Fruit and vegetable store","Market","Massage therapist","Tourist attraction","Farmers' market","9678678612194162818","Parap","AU","0x2cc093d12bf0efe3:0x865192eaff00f882","https://lh3.googleusercontent.com/gps-cs-s/AC9h4noBF3HbcrMm6CUtVgYUFGSR5MGm14j-dL8wXxc_JjOwX4Besc4yuXMDNjHbmU4DImy5kN8MxBtyW_z1DWnp9Ji2812h4h1hkKGURYKcH451F4GvfwrLE-niMXxcrb3iK2kkOXZl=w426-h240-k-no","false","true","en","0","-12.4316104","130.8446143","Angela Kennedy",,"en","false","ChIJ4-_wK9GTwCwRgvgA_-qSUYY","0804",,"a month ago","2025-07-25T11:04:29.628Z",,,,"Ci9DQUlRQUNvZENodHljRjlvT25Ga016RjBTV00xTm01d1VWOUhiVkp6TkZRMU5uYxAB","https://lh3.googleusercontent.com/geougc-cs/AB3l90CwKVp8t_RA9a6PPRF6tBEZBdJbcdG013r1Zzi5b3W_qZikgy2sfjTVmX01lyDx2JFz21j9FOHevk7SBH65zD_7eRvjW6rCnbYOMKBdjxIoQfSf0ALsCQzBa6kVKIQcXpRItTuXDRbxV2aV","https://lh3.googleusercontent.com/geougc-cs/AB3l90B9WhmZJBwpQr-5qp7KR9ikQZwRYbhSRxxCmlYY-eTodPBgVPE7Lk_7nEPcLltV2clAv4AN3WyPkE5d_5ddpZ8oant0wbwtT1K3H6acZVCJveZbXRGcY7zYrXjBmy7tjEidwQsL-gKC2cU","https://lh3.googleusercontent.com/geougc-cs/AB3l90Df-QQ6bXndndo0VO-cz_8YvnE9ECyk0n56w66dpz4Dk_S8k9P3MGhusGOsD_Z4AZ6iRj-L0TXXIM5fULLbf8C6lVfsipPo-DnXuD7T-sTWEA1zq0mZmkzmZ1Z9lRyhlStcmlDdLbGd-him",,,,,,,,,,,,,,,,,,,,,,,,,,,,,,,"Google","https://www.google.com/maps/reviews/data=!4m8!14m7!1m6!2m5!1sCi9DQUlRQUNvZENodHljRjlvT25Ga016RjBTV00xTm01d1VWOUhiVkp6TkZRMU5uYxAB!2m1!1s0x0:0x865192eaff00f882!3m1!1s2@1:CAIQACodChtycF9oOnFkMzF0SWM1Nm5wUV9HbVJzNFQ1Nnc%7C%7C?hl=en","111030122325510619061","205","https://lh3.googleusercontent.com/a/ACg8ocKnKpnfOfaLpL00baUpgUjXrQW1PivNnY_bWhNoZ-jEJUBJpA=s1920-c-rp-mo-ba5-br100","https://www.google.com/maps/contrib/111030122325510619061?hl=en","1917","2025-09-22T03:42:20.195Z","Direct Detail URL: https://www.google.com/maps/place/Parap+Village+Markets/@-12.4316104,130.8420394,17z/data=!3m1!4b1!4m6!3m5!1s0x2cc093d12bf0efe3:0x865192eaff00f882!8m2!3d-12.4316104!4d130.8446143!16s%2Fg%2F1wjwxy8h?entry=ttu&g_ep=EgoyMDI1MDkxNy4wIKXMDSoASAFQAw%3D%3D","4","Northern Territory","3/3 Vickers St","false","Great market, we brought jewellery and some rocks from local area, we ate this delicious hotdog & cheese on a stick",,"Parap Village Markets","4.5",,"https://www.google.com/maps/search/?api=1&query=Parap%20Village%20Markets&query_place_id=ChIJ4-_wK9GTwCwRgvgA_-qSUYY",
"3/3 Vickers St, Parap NT 0804, Australia","Farmers' market","Clothing store","Craft store","Food court","Fruit and vegetable store","Market","Massage therapist","Tourist attraction","Farmers' market","9678678612194162818","Parap","AU","0x2cc093d12bf0efe3:0x865192eaff00f882","https://lh3.googleusercontent.com/gps-cs-s/AC9h4noBF3HbcrMm6CUtVgYUFGSR5MGm14j-dL8wXxc_JjOwX4Besc4yuXMDNjHbmU4DImy5kN8MxBtyW_z1DWnp9Ji2812h4h1hkKGURYKcH451F4GvfwrLE-niMXxcrb3iK2kkOXZl=w426-h240-k-no","false","true","en","0","-12.4316104","130.8446143","Terry Mieglich",,"en","false","ChIJ4-_wK9GTwCwRgvgA_-qSUYY","0804",,"a month ago","2025-07-25T10:45:30.508Z",,,,"Ci9DQUlRQUNvZENodHljRjlvT205emVVWnRabk5GY0hCelZYcHpiRE5xYWpCeU9WRRAB",,,,,,,,,,,,,,,,,,,,,,,,,,,,,,,,,,"Google","https://www.google.com/maps/reviews/data=!4m8!14m7!1m6!2m5!1sCi9DQUlRQUNvZENodHljRjlvT205emVVWnRabk5GY0hCelZYcHpiRE5xYWpCeU9WRRAB!2m1!1s0x0:0x865192eaff00f882!3m1!1s2@1:CAIQACodChtycF9oOm9zeUZtZnNFcHBzVXpzbDNqajByOVE%7C%7C?hl=en","115742692940639184723","21","https://lh3.googleusercontent.com/a/ACg8ocJgLV_rjfRLYmKMEjgmDCzRUtqMdYDPVrsFoDYgdgMpnvY9Lw=s1920-c-rp-mo-ba2-br100","https://www.google.com/maps/contrib/115742692940639184723?hl=en","1917","2025-09-22T03:42:20.195Z","Direct Detail URL: https://www.google.com/maps/place/Parap+Village+Markets/@-12.4316104,130.8420394,17z/data=!3m1!4b1!4m6!3m5!1s0x2cc093d12bf0efe3:0x865192eaff00f882!8m2!3d-12.4316104!4d130.8446143!16s%2Fg%2F1wjwxy8h?entry=ttu&g_ep=EgoyMDI1MDkxNy4wIKXMDSoASAFQAw%3D%3D","3","Northern Territory","3/3 Vickers St","false","To crowded for me.Could hardly even walk around .Didn't stay long.",,"Parap Village Markets","4.5",,"https://www.google.com/maps/search/?api=1&query=Parap%20Village%20Markets&query_place_id=ChIJ4-_wK9GTwCwRgvgA_-qSUYY",
"3/3 Vickers St, Parap NT 0804, Australia","Farmers' market","Clothing store","Craft store","Food court","Fruit and vegetable store","Market","Massage therapist","Tourist attraction","Farmers' market","9678678612194162818","Parap","AU","0x2cc093d12bf0efe3:0x865192eaff00f882","https://lh3.googleusercontent.com/gps-cs-s/AC9h4noBF3HbcrMm6CUtVgYUFGSR5MGm14j-dL8wXxc_JjOwX4Besc4yuXMDNjHbmU4DImy5kN8MxBtyW_z1DWnp9Ji2812h4h1hkKGURYKcH451F4GvfwrLE-niMXxcrb3iK2kkOXZl=w426-h240-k-no","false","true","en","0","-12.4316104","130.8446143","Robert Kneebone",,"en","false","ChIJ4-_wK9GTwCwRgvgA_-qSUYY","0804",,"a month ago","2025-07-24T14:11:55.610Z",,,,"Ci9DQUlRQUNvZENodHljRjlvT2xkdmMxbDRlVU5OV2kwNGVuQkVSMWswVFRKQk1IYxAB",,,,,,,,,,,,,,,,,,,,,,,,,,,,,,,,,,"Google","https://www.google.com/maps/reviews/data=!4m8!14m7!1m6!2m5!1sCi9DQUlRQUNvZENodHljRjlvT2xkdmMxbDRlVU5OV2kwNGVuQkVSMWswVFRKQk1IYxAB!2m1!1s0x0:0x865192eaff00f882!3m1!1s2@1:CAIQACodChtycF9oOldvc1l4eUNNWi04enBER1k0TTJBMHc%7C%7C?hl=en","101776711465071673090","258","https://lh3.googleusercontent.com/a/ACg8ocL_2BF4V_7HDtjH_vJXM0tpicW0VUav-b56Ul8sCuG6cUjnww=s1920-c-rp-mo-ba4-br100","https://www.google.com/maps/contrib/101776711465071673090?hl=en","1917","2025-09-22T03:42:20.195Z","Direct Detail URL: https://www.google.com/maps/place/Parap+Village+Markets/@-12.4316104,130.8420394,17z/data=!3m1!4b1!4m6!3m5!1s0x2cc093d12bf0efe3:0x865192eaff00f882!8m2!3d-12.4316104!4d130.8446143!16s%2Fg%2F1wjwxy8h?entry=ttu&g_ep=EgoyMDI1MDkxNy4wIKXMDSoASAFQAw%3D%3D","3","Northern Territory","3/3 Vickers St","false","We got there reasonably early but still struggled to find a parking spot close by. The food stalls looked to have some amazing dishes, and there was a variety of other stalls, but there were a lot of people in a small area.",,"Parap Village Markets","4.5",,"https://www.google.com/maps/search/?api=1&query=Parap%20Village%20Markets&query_place_id=ChIJ4-_wK9GTwCwRgvgA_-qSUYY",
"3/3 Vickers St, Parap NT 0804, Australia","Farmers' market","Clothing store","Craft store","Food court","Fruit and vegetable store","Market","Massage therapist","Tourist attraction","Farmers' market","9678678612194162818","Parap","AU","0x2cc093d12bf0efe3:0x865192eaff00f882","https://lh3.googleusercontent.com/gps-cs-s/AC9h4noBF3HbcrMm6CUtVgYUFGSR5MGm14j-dL8wXxc_JjOwX4Besc4yuXMDNjHbmU4DImy5kN8MxBtyW_z1DWnp9Ji2812h4h1hkKGURYKcH451F4GvfwrLE-niMXxcrb3iK2kkOXZl=w426-h240-k-no","false","true","en","0","-12.4316104","130.8446143","Diana S",,,"false","ChIJ4-_wK9GTwCwRgvgA_-qSUYY","0804",,"a month ago","2025-07-24T05:18:41.412Z",,,,"Ci9DQUlRQUNvZENodHljRjlvT21oQ2NVdGtVbGQzVWt0Vk9VaENTVGxLTkZaeFFuYxAB",,,,,,,,,,,,,,,,,,,,,,,,,,,,,,,,,,"Google","https://www.google.com/maps/reviews/data=!4m8!14m7!1m6!2m5!1sCi9DQUlRQUNvZENodHljRjlvT21oQ2NVdGtVbGQzVWt0Vk9VaENTVGxLTkZaeFFuYxAB!2m1!1s0x0:0x865192eaff00f882!3m1!1s2@1:CAIQACodChtycF9oOmhCcUtkUld3UktVOUhCSTlKNFZxQnc%7C%7C?hl=en","111835943685788869454","87","https://lh3.googleusercontent.com/a-/ALV-UjWD0bASWQxJ1uBYCfF2y_txROXYksDHn-rt76gCNloei3aAJ-EIlw=s1920-c-rp-mo-ba4-br100","https://www.google.com/maps/contrib/111835943685788869454?hl=en","1917","2025-09-22T03:42:20.195Z","Direct Detail URL: https://www.google.com/maps/place/Parap+Village+Markets/@-12.4316104,130.8420394,17z/data=!3m1!4b1!4m6!3m5!1s0x2cc093d12bf0efe3:0x865192eaff00f882!8m2!3d-12.4316104!4d130.8446143!16s%2Fg%2F1wjwxy8h?entry=ttu&g_ep=EgoyMDI1MDkxNy4wIKXMDSoASAFQAw%3D%3D","5","Northern Territory","3/3 Vickers St","false",,,"Parap Village Markets","4.5",,"https://www.google.com/maps/search/?api=1&query=Parap%20Village%20Markets&query_place_id=ChIJ4-_wK9GTwCwRgvgA_-qSUYY",
"3/3 Vickers St, Parap NT 0804, Australia","Farmers' market","Clothing store","Craft store","Food court","Fruit and vegetable store","Market","Massage therapist","Tourist attraction","Farmers' market","9678678612194162818","Parap","AU","0x2cc093d12bf0efe3:0x865192eaff00f882","https://lh3.googleusercontent.com/gps-cs-s/AC9h4noBF3HbcrMm6CUtVgYUFGSR5MGm14j-dL8wXxc_JjOwX4Besc4yuXMDNjHbmU4DImy5kN8MxBtyW_z1DWnp9Ji2812h4h1hkKGURYKcH451F4GvfwrLE-niMXxcrb3iK2kkOXZl=w426-h240-k-no","false","false","en","0","-12.4316104","130.8446143","Leticia Bassler",,,"false","ChIJ4-_wK9GTwCwRgvgA_-qSUYY","0804",,"2 months ago","2025-07-21T08:25:22.649Z",,,,"Ci9DQUlRQUNvZENodHljRjlvT2paMWRERnNjSFZ0V2w5eGJVMUdSa1pOWDBWQlZrRRAB",,,,,,,,,,,,,,,,,,,,,,,,,,,,,,,,,,"Google","https://www.google.com/maps/reviews/data=!4m8!14m7!1m6!2m5!1sCi9DQUlRQUNvZENodHljRjlvT2paMWRERnNjSFZ0V2w5eGJVMUdSa1pOWDBWQlZrRRAB!2m1!1s0x0:0x865192eaff00f882!3m1!1s2@1:CAIQACodChtycF9oOjZ1dDFscHVtWl9xbU1GRkZNX0VBVkE%7C%7C?hl=en","117370395627021172768","12","https://lh3.googleusercontent.com/a-/ALV-UjUcsa_gcyJt141xDSAhuaK908lBALNzjmbhplOu0f8SoUMi7ncy=s1920-c-rp-mo-br100","https://www.google.com/maps/contrib/117370395627021172768?hl=en","1917","2025-09-22T03:42:20.195Z","Direct Detail URL: https://www.google.com/maps/place/Parap+Village+Markets/@-12.4316104,130.8420394,17z/data=!3m1!4b1!4m6!3m5!1s0x2cc093d12bf0efe3:0x865192eaff00f882!8m2!3d-12.4316104!4d130.8446143!16s%2Fg%2F1wjwxy8h?entry=ttu&g_ep=EgoyMDI1MDkxNy4wIKXMDSoASAFQAw%3D%3D","5","Northern Territory","3/3 Vickers St","false",,,"Parap Village Markets","4.5",,"https://www.google.com/maps/search/?api=1&query=Parap%20Village%20Markets&query_place_id=ChIJ4-_wK9GTwCwRgvgA_-qSUYY",
"3/3 Vickers St, Parap NT 0804, Australia","Farmers' market","Clothing store","Craft store","Food court","Fruit and vegetable store","Market","Massage therapist","Tourist attraction","Farmers' market","9678678612194162818","Parap","AU","0x2cc093d12bf0efe3:0x865192eaff00f882","https://lh3.googleusercontent.com/gps-cs-s/AC9h4noBF3HbcrMm6CUtVgYUFGSR5MGm14j-dL8wXxc_JjOwX4Besc4yuXMDNjHbmU4DImy5kN8MxBtyW_z1DWnp9Ji2812h4h1hkKGURYKcH451F4GvfwrLE-niMXxcrb3iK2kkOXZl=w426-h240-k-no","false","true","en","0","-12.4316104","130.8446143","Lynette Robberts",,"en","false","ChIJ4-_wK9GTwCwRgvgA_-qSUYY","0804",,"2 months ago","2025-07-21T02:32:39.664Z",,,,"Ci9DQUlRQUNvZENodHljRjlvT2pOVlFqaGljMVpvZW0xWFJtcGxPRVZPUWxGbmNrRRAB",,,,,,,,,,,,,,,,,,,,,,,,,,,,,,,,,,"Google","https://www.google.com/maps/reviews/data=!4m8!14m7!1m6!2m5!1sCi9DQUlRQUNvZENodHljRjlvT2pOVlFqaGljMVpvZW0xWFJtcGxPRVZPUWxGbmNrRRAB!2m1!1s0x0:0x865192eaff00f882!3m1!1s2@1:CAIQACodChtycF9oOjNVQjhic1Zoem1XRmplOEVOQlFnckE%7C%7C?hl=en","112785390501787058538","30","https://lh3.googleusercontent.com/a-/ALV-UjVpr7gRooVFKZ3hREpMCBVUISznteL6JW5OnMQ1pXBJwy64BaxY=s1920-c-rp-mo-ba4-br100","https://www.google.com/maps/contrib/112785390501787058538?hl=en","1917","2025-09-22T03:42:20.195Z","Direct Detail URL: https://www.google.com/maps/place/Parap+Village+Markets/@-12.4316104,130.8420394,17z/data=!3m1!4b1!4m6!3m5!1s0x2cc093d12bf0efe3:0x865192eaff00f882!8m2!3d-12.4316104!4d130.8446143!16s%2Fg%2F1wjwxy8h?entry=ttu&g_ep=EgoyMDI1MDkxNy4wIKXMDSoASAFQAw%3D%3D","5","Northern Territory","3/3 Vickers St","false","Visited Purple Lady for our weekly Laksa.  Arrived at 7:50am.  No queue and only a short wait for our order.  Plenty of parking close to stalls when arriving early.",,"Parap Village Markets","4.5",,"https://www.google.com/maps/search/?api=1&query=Parap%20Village%20Markets&query_place_id=ChIJ4-_wK9GTwCwRgvgA_-qSUYY",
"3/3 Vickers St, Parap NT 0804, Australia","Farmers' market","Clothing store","Craft store","Food court","Fruit and vegetable store","Market","Massage therapist","Tourist attraction","Farmers' market","9678678612194162818","Parap","AU","0x2cc093d12bf0efe3:0x865192eaff00f882","https://lh3.googleusercontent.com/gps-cs-s/AC9h4noBF3HbcrMm6CUtVgYUFGSR5MGm14j-dL8wXxc_JjOwX4Besc4yuXMDNjHbmU4DImy5kN8MxBtyW_z1DWnp9Ji2812h4h1hkKGURYKcH451F4GvfwrLE-niMXxcrb3iK2kkOXZl=w426-h240-k-no","false","true","en","0","-12.4316104","130.8446143","marguerite sparkes",,"en","false","ChIJ4-_wK9GTwCwRgvgA_-qSUYY","0804",,"2 months ago","2025-07-19T18:24:04.449Z",,,,"Ci9DQUlRQUNvZENodHljRjlvT201NWJFMWtRVEZPYWtwRFFrOHpPR1l6YUVWVWVtYxAB",,,,,,,,,,,,,,,,,,,,,,,,,,,,,,,,,,"Google","https://www.google.com/maps/reviews/data=!4m8!14m7!1m6!2m5!1sCi9DQUlRQUNvZENodHljRjlvT201NWJFMWtRVEZPYWtwRFFrOHpPR1l6YUVWVWVtYxAB!2m1!1s0x0:0x865192eaff00f882!3m1!1s2@1:CAIQACodChtycF9oOm55bE1kQTFOakpDQk8zOGYzaEVUemc%7C%7C?hl=en","111710622331137453460","216","https://lh3.googleusercontent.com/a-/ALV-UjV5QHSqVkW3m1dpENWOx0G63cm2m4QDK2Io1Q-NlmYhR2oSDFd1=s1920-c-rp-mo-ba4-br100","https://www.google.com/maps/contrib/111710622331137453460?hl=en","1917","2025-09-22T03:42:20.195Z","Direct Detail URL: https://www.google.com/maps/place/Parap+Village+Markets/@-12.4316104,130.8420394,17z/data=!3m1!4b1!4m6!3m5!1s0x2cc093d12bf0efe3:0x865192eaff00f882!8m2!3d-12.4316104!4d130.8446143!16s%2Fg%2F1wjwxy8h?entry=ttu&g_ep=EgoyMDI1MDkxNy4wIKXMDSoASAFQAw%3D%3D","3","Northern Territory","3/3 Vickers St","false","Bit too overcrowded for me. Basically food and vegetables only.",,"Parap Village Markets","4.5",,"https://www.google.com/maps/search/?api=1&query=Parap%20Village%20Markets&query_place_id=ChIJ4-_wK9GTwCwRgvgA_-qSUYY",
"3/3 Vickers St, Parap NT 0804, Australia","Farmers' market","Clothing store","Craft store","Food court","Fruit and vegetable store","Market","Massage therapist","Tourist attraction","Farmers' market","9678678612194162818","Parap","AU","0x2cc093d12bf0efe3:0x865192eaff00f882","https://lh3.googleusercontent.com/gps-cs-s/AC9h4noBF3HbcrMm6CUtVgYUFGSR5MGm14j-dL8wXxc_JjOwX4Besc4yuXMDNjHbmU4DImy5kN8MxBtyW_z1DWnp9Ji2812h4h1hkKGURYKcH451F4GvfwrLE-niMXxcrb3iK2kkOXZl=w426-h240-k-no","false","false","en","0","-12.4316104","130.8446143","Dhruv Patel",,,"false","ChIJ4-_wK9GTwCwRgvgA_-qSUYY","0804",,"2 months ago","2025-07-14T08:37:54.339Z",,,,"Ci9DQUlRQUNvZENodHljRjlvT2xGQ1lVSlRaVXhJZEVob2MyODBSRlJoTmt0VlNIYxAB",,,,,,,,,,,,,,,,,,,,,,,,,,,,,,,,,,"Google","https://www.google.com/maps/reviews/data=!4m8!14m7!1m6!2m5!1sCi9DQUlRQUNvZENodHljRjlvT2xGQ1lVSlRaVXhJZEVob2MyODBSRlJoTmt0VlNIYxAB!2m1!1s0x0:0x865192eaff00f882!3m1!1s2@1:CAIQACodChtycF9oOlFCYUJTZUxIdEhoc280RFRhNktVSHc%7C%7C?hl=en","102438031269961421685","2","https://lh3.googleusercontent.com/a-/ALV-UjVwETCnIOGR5QQGYBbxHmsA3xUYo0o6FxngWiolVCI-wXC-1P7F=s1920-c-rp-mo-br100","https://www.google.com/maps/contrib/102438031269961421685?hl=en","1917","2025-09-22T03:42:20.195Z","Direct Detail URL: https://www.google.com/maps/place/Parap+Village+Markets/@-12.4316104,130.8420394,17z/data=!3m1!4b1!4m6!3m5!1s0x2cc093d12bf0efe3:0x865192eaff00f882!8m2!3d-12.4316104!4d130.8446143!16s%2Fg%2F1wjwxy8h?entry=ttu&g_ep=EgoyMDI1MDkxNy4wIKXMDSoASAFQAw%3D%3D","5","Northern Territory","3/3 Vickers St","false",,,"Parap Village Markets","4.5",,"https://www.google.com/maps/search/?api=1&query=Parap%20Village%20Markets&query_place_id=ChIJ4-_wK9GTwCwRgvgA_-qSUYY",
"3/3 Vickers St, Parap NT 0804, Australia","Farmers' market","Clothing store","Craft store","Food court","Fruit and vegetable store","Market","Massage therapist","Tourist attraction","Farmers' market","9678678612194162818","Parap","AU","0x2cc093d12bf0efe3:0x865192eaff00f882","https://lh3.googleusercontent.com/gps-cs-s/AC9h4noBF3HbcrMm6CUtVgYUFGSR5MGm14j-dL8wXxc_JjOwX4Besc4yuXMDNjHbmU4DImy5kN8MxBtyW_z1DWnp9Ji2812h4h1hkKGURYKcH451F4GvfwrLE-niMXxcrb3iK2kkOXZl=w426-h240-k-no","false","true","en","0","-12.4316104","130.8446143","Kathy McMorrow",,,"false","ChIJ4-_wK9GTwCwRgvgA_-qSUYY","0804",,"2 months ago","2025-07-13T11:12:59.900Z",,,,"Ci9DQUlRQUNvZENodHljRjlvT200dFpITlVNalYzZDNScGFFVk5Wbk5HYTA4NVVYYxAB",,,,,,,,,,,,,,,,,,,,,,,,,,,,,,,,,,"Google","https://www.google.com/maps/reviews/data=!4m8!14m7!1m6!2m5!1sCi9DQUlRQUNvZENodHljRjlvT200dFpITlVNalYzZDNScGFFVk5Wbk5HYTA4NVVYYxAB!2m1!1s0x0:0x865192eaff00f882!3m1!1s2@1:CAIQACodChtycF9oOm4tZHNUMjV3d3RpaEVNVnNGa085UXc%7C%7C?hl=en","111892360171892153038","19","https://lh3.googleusercontent.com/a/ACg8ocIPHMZKd4iySgr1_q2kpxz88qt6e_JRQ-iNugGib8WeE1kb9Q=s1920-c-rp-mo-ba3-br100","https://www.google.com/maps/contrib/111892360171892153038?hl=en","1917","2025-09-22T03:42:20.195Z","Direct Detail URL: https://www.google.com/maps/place/Parap+Village+Markets/@-12.4316104,130.8420394,17z/data=!3m1!4b1!4m6!3m5!1s0x2cc093d12bf0efe3:0x865192eaff00f882!8m2!3d-12.4316104!4d130.8446143!16s%2Fg%2F1wjwxy8h?entry=ttu&g_ep=EgoyMDI1MDkxNy4wIKXMDSoASAFQAw%3D%3D","5","Northern Territory","3/3 Vickers St","false",,,"Parap Village Markets","4.5",,"https://www.google.com/maps/search/?api=1&query=Parap%20Village%20Markets&query_place_id=ChIJ4-_wK9GTwCwRgvgA_-qSUYY",
"3/3 Vickers St, Parap NT 0804, Australia","Farmers' market","Clothing store","Craft store","Food court","Fruit and vegetable store","Market","Massage therapist","Tourist attraction","Farmers' market","9678678612194162818","Parap","AU","0x2cc093d12bf0efe3:0x865192eaff00f882","https://lh3.googleusercontent.com/gps-cs-s/AC9h4noBF3HbcrMm6CUtVgYUFGSR5MGm14j-dL8wXxc_JjOwX4Besc4yuXMDNjHbmU4DImy5kN8MxBtyW_z1DWnp9Ji2812h4h1hkKGURYKcH451F4GvfwrLE-niMXxcrb3iK2kkOXZl=w426-h240-k-no","false","true","en","0","-12.4316104","130.8446143","Sal Williams",,,"false","ChIJ4-_wK9GTwCwRgvgA_-qSUYY","0804",,"2 months ago","2025-07-13T08:30:44.418Z",,,,"Ci9DQUlRQUNvZENodHljRjlvT21kVWMwZHZXVmxJYmtzd2J6SnVkMjFEZDBrdGRVRRAB",,,,,,,,,,,,,,,,,,,,,,,,,,,,,,,,,,"Google","https://www.google.com/maps/reviews/data=!4m8!14m7!1m6!2m5!1sCi9DQUlRQUNvZENodHljRjlvT21kVWMwZHZXVmxJYmtzd2J6SnVkMjFEZDBrdGRVRRAB!2m1!1s0x0:0x865192eaff00f882!3m1!1s2@1:CAIQACodChtycF9oOmdUc0dvWVlIbkswbzJud21Dd0ktdUE%7C%7C?hl=en","113910828072092576842","7","https://lh3.googleusercontent.com/a-/ALV-UjUYPmnbchCkMBg1bujTEM7NIRaCSTu89Cgx_MFXqR9KN8TPht4=s1920-c-rp-mo-ba3-br100","https://www.google.com/maps/contrib/113910828072092576842?hl=en","1917","2025-09-22T03:42:20.195Z","Direct Detail URL: https://www.google.com/maps/place/Parap+Village+Markets/@-12.4316104,130.8420394,17z/data=!3m1!4b1!4m6!3m5!1s0x2cc093d12bf0efe3:0x865192eaff00f882!8m2!3d-12.4316104!4d130.8446143!16s%2Fg%2F1wjwxy8h?entry=ttu&g_ep=EgoyMDI1MDkxNy4wIKXMDSoASAFQAw%3D%3D","5","Northern Territory","3/3 Vickers St","false",,,"Parap Village Markets","4.5",,"https://www.google.com/maps/search/?api=1&query=Parap%20Village%20Markets&query_place_id=ChIJ4-_wK9GTwCwRgvgA_-qSUYY",
"3/3 Vickers St, Parap NT 0804, Australia","Farmers' market","Clothing store","Craft store","Food court","Fruit and vegetable store","Market","Massage therapist","Tourist attraction","Farmers' market","9678678612194162818","Parap","AU","0x2cc093d12bf0efe3:0x865192eaff00f882","https://lh3.googleusercontent.com/gps-cs-s/AC9h4noBF3HbcrMm6CUtVgYUFGSR5MGm14j-dL8wXxc_JjOwX4Besc4yuXMDNjHbmU4DImy5kN8MxBtyW_z1DWnp9Ji2812h4h1hkKGURYKcH451F4GvfwrLE-niMXxcrb3iK2kkOXZl=w426-h240-k-no","false","false","en","0","-12.4316104","130.8446143","June Ma",,"en","false","ChIJ4-_wK9GTwCwRgvgA_-qSUYY","0804",,"2 months ago","2025-07-12T07:22:15.484Z",,,,"Ci9DQUlRQUNvZENodHljRjlvT21aa1VqWXpRVE5QUm5KM2RFNVZNRTlvWkZkUVpFRRAB",,,,,,,,,,,,,,,,,,,,,,,,,,,,,,,,,,"Google","https://www.google.com/maps/reviews/data=!4m8!14m7!1m6!2m5!1sCi9DQUlRQUNvZENodHljRjlvT21aa1VqWXpRVE5QUm5KM2RFNVZNRTlvWkZkUVpFRRAB!2m1!1s0x0:0x865192eaff00f882!3m1!1s2@1:CAIQACodChtycF9oOmZkUjYzQTNPRnJ3dE5VME9oZFdQZEE%7C%7C?hl=en","110699831785991073239","5","https://lh3.googleusercontent.com/a-/ALV-UjXzzB8B70gPDdYXR4ta12XgiTOcUUOnK3wbLXysqoGx21zTLcrv=s1920-c-rp-mo-br100","https://www.google.com/maps/contrib/110699831785991073239?hl=en","1917","2025-09-22T03:42:20.195Z","Direct Detail URL: https://www.google.com/maps/place/Parap+Village+Markets/@-12.4316104,130.8420394,17z/data=!3m1!4b1!4m6!3m5!1s0x2cc093d12bf0efe3:0x865192eaff00f882!8m2!3d-12.4316104!4d130.8446143!16s%2Fg%2F1wjwxy8h?entry=ttu&g_ep=EgoyMDI1MDkxNy4wIKXMDSoASAFQAw%3D%3D","5","Northern Territory","3/3 Vickers St","false","A wonderful,  unexpected surprise. Forget Mindil Markets and go to Parap Village Markets instead!!! Vibrant community atmosphere.  A vast array of delicious,  international dishes, good coffee and drinks. Arts and crafts, seasonal fresh fruits and veggies make Parap Markets one very satisfying Darwin experience.",,"Parap Village Markets","4.5",,"https://www.google.com/maps/search/?api=1&query=Parap%20Village%20Markets&query_place_id=ChIJ4-_wK9GTwCwRgvgA_-qSUYY",
"3/3 Vickers St, Parap NT 0804, Australia","Farmers' market","Clothing store","Craft store","Food court","Fruit and vegetable store","Market","Massage therapist","Tourist attraction","Farmers' market","9678678612194162818","Parap","AU","0x2cc093d12bf0efe3:0x865192eaff00f882","https://lh3.googleusercontent.com/gps-cs-s/AC9h4noBF3HbcrMm6CUtVgYUFGSR5MGm14j-dL8wXxc_JjOwX4Besc4yuXMDNjHbmU4DImy5kN8MxBtyW_z1DWnp9Ji2812h4h1hkKGURYKcH451F4GvfwrLE-niMXxcrb3iK2kkOXZl=w426-h240-k-no","false","false","en","0","-12.4316104","130.8446143","Lorna Drake",,,"false","ChIJ4-_wK9GTwCwRgvgA_-qSUYY","0804",,"2 months ago","2025-07-12T03:52:11.719Z",,,,"Ci9DQUlRQUNvZENodHljRjlvT2pSUWRIQmpVV1pLYjNkSVRIUTRSR3QzWDJWeFZGRRAB",,,,,,,,,,,,,,,,,,,,,,,,,,,,,,,,,,"Google","https://www.google.com/maps/reviews/data=!4m8!14m7!1m6!2m5!1sCi9DQUlRQUNvZENodHljRjlvT2pSUWRIQmpVV1pLYjNkSVRIUTRSR3QzWDJWeFZGRRAB!2m1!1s0x0:0x865192eaff00f882!3m1!1s2@1:CAIQACodChtycF9oOjRQdHBjUWZKb3dITHQ4RGt3X2VxVFE%7C%7C?hl=en","112335218068123734401","4","https://lh3.googleusercontent.com/a/ACg8ocKcJzJjrS0uyyZtgikqdmPXatvp8g8x7pxvWbXu0dLp8NAsBg=s1920-c-rp-mo-br100","https://www.google.com/maps/contrib/112335218068123734401?hl=en","1917","2025-09-22T03:42:20.195Z","Direct Detail URL: https://www.google.com/maps/place/Parap+Village+Markets/@-12.4316104,130.8420394,17z/data=!3m1!4b1!4m6!3m5!1s0x2cc093d12bf0efe3:0x865192eaff00f882!8m2!3d-12.4316104!4d130.8446143!16s%2Fg%2F1wjwxy8h?entry=ttu&g_ep=EgoyMDI1MDkxNy4wIKXMDSoASAFQAw%3D%3D","5","Northern Territory","3/3 Vickers St","false",,,"Parap Village Markets","4.5",,"https://www.google.com/maps/search/?api=1&query=Parap%20Village%20Markets&query_place_id=ChIJ4-_wK9GTwCwRgvgA_-qSUYY",
"3/3 Vickers St, Parap NT 0804, Australia","Farmers' market","Clothing store","Craft store","Food court","Fruit and vegetable store","Market","Massage therapist","Tourist attraction","Farmers' market","9678678612194162818","Parap","AU","0x2cc093d12bf0efe3:0x865192eaff00f882","https://lh3.googleusercontent.com/gps-cs-s/AC9h4noBF3HbcrMm6CUtVgYUFGSR5MGm14j-dL8wXxc_JjOwX4Besc4yuXMDNjHbmU4DImy5kN8MxBtyW_z1DWnp9Ji2812h4h1hkKGURYKcH451F4GvfwrLE-niMXxcrb3iK2kkOXZl=w426-h240-k-no","false","true","en","0","-12.4316104","130.8446143","Kerry Clayton",,,"false","ChIJ4-_wK9GTwCwRgvgA_-qSUYY","0804",,"2 months ago","2025-07-11T11:33:02.067Z",,,,"Ci9DQUlRQUNvZENodHljRjlvT25jM1ZscDNSVEZHTjBJNFExRndlbmN4TTBwMGFGRRAB",,,,,,,,,,,,,,,,,,,,,,,,,,,,,,,,,,"Google","https://www.google.com/maps/reviews/data=!4m8!14m7!1m6!2m5!1sCi9DQUlRQUNvZENodHljRjlvT25jM1ZscDNSVEZHTjBJNFExRndlbmN4TTBwMGFGRRAB!2m1!1s0x0:0x865192eaff00f882!3m1!1s2@1:CAIQACodChtycF9oOnc3Vlp3RTFGN0I4Q1FwencxM0p0aFE%7C%7C?hl=en","104812065932743880238","30","https://lh3.googleusercontent.com/a/ACg8ocLHB2RMSPpKFz1Z1b2CffyHB6mgkm4aAngcp6H7j7UxoA4C8w=s1920-c-rp-mo-ba4-br100","https://www.google.com/maps/contrib/104812065932743880238?hl=en","1917","2025-09-22T03:42:20.195Z","Direct Detail URL: https://www.google.com/maps/place/Parap+Village+Markets/@-12.4316104,130.8420394,17z/data=!3m1!4b1!4m6!3m5!1s0x2cc093d12bf0efe3:0x865192eaff00f882!8m2!3d-12.4316104!4d130.8446143!16s%2Fg%2F1wjwxy8h?entry=ttu&g_ep=EgoyMDI1MDkxNy4wIKXMDSoASAFQAw%3D%3D","5","Northern Territory","3/3 Vickers St","false",,,"Parap Village Markets","4.5",,"https://www.google.com/maps/search/?api=1&query=Parap%20Village%20Markets&query_place_id=ChIJ4-_wK9GTwCwRgvgA_-qSUYY",
"3/3 Vickers St, Parap NT 0804, Australia","Farmers' market","Clothing store","Craft store","Food court","Fruit and vegetable store","Market","Massage therapist","Tourist attraction","Farmers' market","9678678612194162818","Parap","AU","0x2cc093d12bf0efe3:0x865192eaff00f882","https://lh3.googleusercontent.com/gps-cs-s/AC9h4noBF3HbcrMm6CUtVgYUFGSR5MGm14j-dL8wXxc_JjOwX4Besc4yuXMDNjHbmU4DImy5kN8MxBtyW_z1DWnp9Ji2812h4h1hkKGURYKcH451F4GvfwrLE-niMXxcrb3iK2kkOXZl=w426-h240-k-no","false","false","en","0","-12.4316104","130.8446143","Jess Corones",,,"false","ChIJ4-_wK9GTwCwRgvgA_-qSUYY","0804",,"2 months ago","2025-07-11T02:34:04.542Z",,,,"Ci9DQUlRQUNvZENodHljRjlvT2pFM1RIZFlRMk5KUjJaeE9FdHRjVTlTYURGTmVHYxAB",,,,,,,,,,,,,,,,,,,,,,,,,,,,,,,,,,"Google","https://www.google.com/maps/reviews/data=!4m8!14m7!1m6!2m5!1sCi9DQUlRQUNvZENodHljRjlvT2pFM1RIZFlRMk5KUjJaeE9FdHRjVTlTYURGTmVHYxAB!2m1!1s0x0:0x865192eaff00f882!3m1!1s2@1:CAIQACodChtycF9oOjE3THdYQ2NJR2ZxOEttcU9SaDFNeGc%7C%7C?hl=en","107677752406580970637","0","https://lh3.googleusercontent.com/a-/ALV-UjUs0Ad7LAi1DWuonR0EW77zsQJgw8xDT5j1SMNiLCEtpqjM19yl=s1920-c-rp-mo-br100","https://www.google.com/maps/contrib/107677752406580970637?hl=en","1917","2025-09-22T03:42:20.195Z","Direct Detail URL: https://www.google.com/maps/place/Parap+Village+Markets/@-12.4316104,130.8420394,17z/data=!3m1!4b1!4m6!3m5!1s0x2cc093d12bf0efe3:0x865192eaff00f882!8m2!3d-12.4316104!4d130.8446143!16s%2Fg%2F1wjwxy8h?entry=ttu&g_ep=EgoyMDI1MDkxNy4wIKXMDSoASAFQAw%3D%3D","3","Northern Territory","3/3 Vickers St","false",,,"Parap Village Markets","4.5",,"https://www.google.com/maps/search/?api=1&query=Parap%20Village%20Markets&query_place_id=ChIJ4-_wK9GTwCwRgvgA_-qSUYY",
"3/3 Vickers St, Parap NT 0804, Australia","Farmers' market","Clothing store","Craft store","Food court","Fruit and vegetable store","Market","Massage therapist","Tourist attraction","Farmers' market","9678678612194162818","Parap","AU","0x2cc093d12bf0efe3:0x865192eaff00f882","https://lh3.googleusercontent.com/gps-cs-s/AC9h4noBF3HbcrMm6CUtVgYUFGSR5MGm14j-dL8wXxc_JjOwX4Besc4yuXMDNjHbmU4DImy5kN8MxBtyW_z1DWnp9Ji2812h4h1hkKGURYKcH451F4GvfwrLE-niMXxcrb3iK2kkOXZl=w426-h240-k-no","false","true","en","0","-12.4316104","130.8446143","Jimmy & Jessica",,,"false","ChIJ4-_wK9GTwCwRgvgA_-qSUYY","0804",,"2 months ago","2025-07-10T05:27:33.252Z",,,,"Ci9DQUlRQUNvZENodHljRjlvT25wdVUwWTFkVEpGVW1oM1MwazJZVlprZWxoRlFXYxAB",,,,,,,,,,,,,,,,,,,,,,,,,,,,,,,,,,"Google","https://www.google.com/maps/reviews/data=!4m8!14m7!1m6!2m5!1sCi9DQUlRQUNvZENodHljRjlvT25wdVUwWTFkVEpGVW1oM1MwazJZVlprZWxoRlFXYxAB!2m1!1s0x0:0x865192eaff00f882!3m1!1s2@1:CAIQACodChtycF9oOnpuU0Y1dTJFUmh3S0k2YVZkelhFQWc%7C%7C?hl=en","102440991000836325706","9","https://lh3.googleusercontent.com/a/ACg8ocK7uRe8i93s-IxuE5ReuDjrjUm8Z479pbONA57zB7M1Er8lyw=s1920-c-rp-mo-ba2-br100","https://www.google.com/maps/contrib/102440991000836325706?hl=en","1917","2025-09-22T03:42:20.195Z","Direct Detail URL: https://www.google.com/maps/place/Parap+Village+Markets/@-12.4316104,130.8420394,17z/data=!3m1!4b1!4m6!3m5!1s0x2cc093d12bf0efe3:0x865192eaff00f882!8m2!3d-12.4316104!4d130.8446143!16s%2Fg%2F1wjwxy8h?entry=ttu&g_ep=EgoyMDI1MDkxNy4wIKXMDSoASAFQAw%3D%3D","5","Northern Territory","3/3 Vickers St","false",,,"Parap Village Markets","4.5",,"https://www.google.com/maps/search/?api=1&query=Parap%20Village%20Markets&query_place_id=ChIJ4-_wK9GTwCwRgvgA_-qSUYY",
"3/3 Vickers St, Parap NT 0804, Australia","Farmers' market","Clothing store","Craft store","Food court","Fruit and vegetable store","Market","Massage therapist","Tourist attraction","Farmers' market","9678678612194162818","Parap","AU","0x2cc093d12bf0efe3:0x865192eaff00f882","https://lh3.googleusercontent.com/gps-cs-s/AC9h4noBF3HbcrMm6CUtVgYUFGSR5MGm14j-dL8wXxc_JjOwX4Besc4yuXMDNjHbmU4DImy5kN8MxBtyW_z1DWnp9Ji2812h4h1hkKGURYKcH451F4GvfwrLE-niMXxcrb3iK2kkOXZl=w426-h240-k-no","false","false","en","0","-12.4316104","130.8446143","Katie Lockey",,,"false","ChIJ4-_wK9GTwCwRgvgA_-qSUYY","0804",,"2 months ago","2025-07-10T04:03:10.952Z",,,,"Ci9DQUlRQUNvZENodHljRjlvT21vdGNUUkVPWGRVVW1KU1pEQlpkemRCVVZObE1WRRAB",,,,,,,,,,,,,,,,,,,,,,,,,,,,,,,,,,"Google","https://www.google.com/maps/reviews/data=!4m8!14m7!1m6!2m5!1sCi9DQUlRQUNvZENodHljRjlvT21vdGNUUkVPWGRVVW1KU1pEQlpkemRCVVZObE1WRRAB!2m1!1s0x0:0x865192eaff00f882!3m1!1s2@1:CAIQACodChtycF9oOmotcTREOXdUUmJSZDBZdzdBUVNlMVE%7C%7C?hl=en","107129489169691519939","7","https://lh3.googleusercontent.com/a-/ALV-UjVAct3PuY7eFW2eiQWj2AkyHwpIjJblmMD1rL6trUsJpDXWVtMU=s1920-c-rp-mo-br100","https://www.google.com/maps/contrib/107129489169691519939?hl=en","1917","2025-09-22T03:42:20.195Z","Direct Detail URL: https://www.google.com/maps/place/Parap+Village+Markets/@-12.4316104,130.8420394,17z/data=!3m1!4b1!4m6!3m5!1s0x2cc093d12bf0efe3:0x865192eaff00f882!8m2!3d-12.4316104!4d130.8446143!16s%2Fg%2F1wjwxy8h?entry=ttu&g_ep=EgoyMDI1MDkxNy4wIKXMDSoASAFQAw%3D%3D","5","Northern Territory","3/3 Vickers St","false",,,"Parap Village Markets","4.5",,"https://www.google.com/maps/search/?api=1&query=Parap%20Village%20Markets&query_place_id=ChIJ4-_wK9GTwCwRgvgA_-qSUYY",
"3/3 Vickers St, Parap NT 0804, Australia","Farmers' market","Clothing store","Craft store","Food court","Fruit and vegetable store","Market","Massage therapist","Tourist attraction","Farmers' market","9678678612194162818","Parap","AU","0x2cc093d12bf0efe3:0x865192eaff00f882","https://lh3.googleusercontent.com/gps-cs-s/AC9h4noBF3HbcrMm6CUtVgYUFGSR5MGm14j-dL8wXxc_JjOwX4Besc4yuXMDNjHbmU4DImy5kN8MxBtyW_z1DWnp9Ji2812h4h1hkKGURYKcH451F4GvfwrLE-niMXxcrb3iK2kkOXZl=w426-h240-k-no","false","true","en","0","-12.4316104","130.8446143","Verna Saunders",,"en","false","ChIJ4-_wK9GTwCwRgvgA_-qSUYY","0804",,"Edited 2 months ago","2025-07-09T08:52:13.724Z",,,,"Ci9DQUlRQUNvZENodHljRjlvT2xCeWEzWTNSVnBWVFVwbVVFOXlWMWQyYkVaR2NIYxAB","https://lh3.googleusercontent.com/geougc-cs/AB3l90CMKV7snFGKqMULK_GIcQ9US10pUOQCGtOvcO0-tYP75aGEELDZVOoO2V8ASgVzIxRFBGZlQ5fuUvKPxh2seg-WaJbxRiGhciHcJ-2ZaqMxOWXH3RBmWyywDJMUeYsHafTwKnWGuY-iLrZs","https://lh3.googleusercontent.com/geougc-cs/AB3l90DHbnYZp3L99TzAzLoipab5pyaxgh1ufSs7wygrG7n7BY_ZBfKDj2OxdjbkKucZCQzKW_sn4B0dK3nDiFjYYIBmtQ7pEswztwBg5aqTMjGqLMGb-DRkiz38vZosznOWlDYKOgFXeethqLM","https://lh3.googleusercontent.com/geougc-cs/AB3l90AdLpLiCvjiV_yXpkdKZ1bVn9-f-WmYXoJAj9nxYvDSeuQ6_4hDVvroz2YLsBqscexDm-0NJ_wNcfY--Q0Ny81Z4vWb75XYMOoPWQDXeDmut7mCAYxd8i4tLwm7PmSEMevacbKajqyXmWE",,,,,,,,,,,,,,,,,,,,,,,,,,,,,,,"Google","https://www.google.com/maps/reviews/data=!4m8!14m7!1m6!2m5!1sCi9DQUlRQUNvZENodHljRjlvT2xCeWEzWTNSVnBWVFVwbVVFOXlWMWQyYkVaR2NIYxAB!2m1!1s0x0:0x865192eaff00f882!3m1!1s2@1:CAIQACodChtycF9oOlBya3Y3RVpVTUpmUE9yV1d2bEZGcHc%7C%7C?hl=en","116572403335091339309","10","https://lh3.googleusercontent.com/a/ACg8ocId6kn_blqV08iYPubVbl-6m5dvpqb9UsFoKz2LDfrsuwTJkQ=s1920-c-rp-mo-ba2-br100","https://www.google.com/maps/contrib/116572403335091339309?hl=en","1917","2025-09-22T03:42:20.195Z","Direct Detail URL: https://www.google.com/maps/place/Parap+Village+Markets/@-12.4316104,130.8420394,17z/data=!3m1!4b1!4m6!3m5!1s0x2cc093d12bf0efe3:0x865192eaff00f882!8m2!3d-12.4316104!4d130.8446143!16s%2Fg%2F1wjwxy8h?entry=ttu&g_ep=EgoyMDI1MDkxNy4wIKXMDSoASAFQAw%3D%3D","4","Northern Territory","3/3 Vickers St","false","very busy market specialising in great Asian food",,"Parap Village Markets","4.5",,"https://www.google.com/maps/search/?api=1&query=Parap%20Village%20Markets&query_place_id=ChIJ4-_wK9GTwCwRgvgA_-qSUYY",
"3/3 Vickers St, Parap NT 0804, Australia","Farmers' market","Clothing store","Craft store","Food court","Fruit and vegetable store","Market","Massage therapist","Tourist attraction","Farmers' market","9678678612194162818","Parap","AU","0x2cc093d12bf0efe3:0x865192eaff00f882","https://lh3.googleusercontent.com/gps-cs-s/AC9h4noBF3HbcrMm6CUtVgYUFGSR5MGm14j-dL8wXxc_JjOwX4Besc4yuXMDNjHbmU4DImy5kN8MxBtyW_z1DWnp9Ji2812h4h1hkKGURYKcH451F4GvfwrLE-niMXxcrb3iK2kkOXZl=w426-h240-k-no","false","true","en","0","-12.4316104","130.8446143","Chantelle",,,"false","ChIJ4-_wK9GTwCwRgvgA_-qSUYY","0804",,"2 months ago","2025-07-06T06:23:34.572Z",,,,"Ci9DQUlRQUNvZENodHljRjlvT2tab05WVnBSbE4wVVVaV1lYWmZNVzVVT1hKclpYYxAB",,,,,,,,,,,,,,,,,,,,,,,,,,,,,,,,,,"Google","https://www.google.com/maps/reviews/data=!4m8!14m7!1m6!2m5!1sCi9DQUlRQUNvZENodHljRjlvT2tab05WVnBSbE4wVVVaV1lYWmZNVzVVT1hKclpYYxAB!2m1!1s0x0:0x865192eaff00f882!3m1!1s2@1:CAIQACodChtycF9oOkZoNVVpRlN0UUZWYXZfMW5UOXJrZXc%7C%7C?hl=en","110969864195471923813","13","https://lh3.googleusercontent.com/a-/ALV-UjXx0ylXAYST5SS3ybynjWTD-Bm-TL-de8H99h5oQqlwU02v2VF-=s1920-c-rp-mo-ba4-br100","https://www.google.com/maps/contrib/110969864195471923813?hl=en","1917","2025-09-22T03:42:20.195Z","Direct Detail URL: https://www.google.com/maps/place/Parap+Village+Markets/@-12.4316104,130.8420394,17z/data=!3m1!4b1!4m6!3m5!1s0x2cc093d12bf0efe3:0x865192eaff00f882!8m2!3d-12.4316104!4d130.8446143!16s%2Fg%2F1wjwxy8h?entry=ttu&g_ep=EgoyMDI1MDkxNy4wIKXMDSoASAFQAw%3D%3D","5","Northern Territory","3/3 Vickers St","false",,,"Parap Village Markets","4.5",,"https://www.google.com/maps/search/?api=1&query=Parap%20Village%20Markets&query_place_id=ChIJ4-_wK9GTwCwRgvgA_-qSUYY",
"3/3 Vickers St, Parap NT 0804, Australia","Farmers' market","Clothing store","Craft store","Food court","Fruit and vegetable store","Market","Massage therapist","Tourist attraction","Farmers' market","9678678612194162818","Parap","AU","0x2cc093d12bf0efe3:0x865192eaff00f882","https://lh3.googleusercontent.com/gps-cs-s/AC9h4noBF3HbcrMm6CUtVgYUFGSR5MGm14j-dL8wXxc_JjOwX4Besc4yuXMDNjHbmU4DImy5kN8MxBtyW_z1DWnp9Ji2812h4h1hkKGURYKcH451F4GvfwrLE-niMXxcrb3iK2kkOXZl=w426-h240-k-no","false","true","en","0","-12.4316104","130.8446143","Lachie Stevens",,,"false","ChIJ4-_wK9GTwCwRgvgA_-qSUYY","0804",,"2 months ago","2025-07-06T06:06:09.444Z",,,,"Ci9DQUlRQUNvZENodHljRjlvT201bWVsbFdZakJ0U1RSWmIwVklWUzFsZG10bVVWRRAB",,,,,,,,,,,,,,,,,,,,,,,,,,,,,,,,,,"Google","https://www.google.com/maps/reviews/data=!4m8!14m7!1m6!2m5!1sCi9DQUlRQUNvZENodHljRjlvT201bWVsbFdZakJ0U1RSWmIwVklWUzFsZG10bVVWRRAB!2m1!1s0x0:0x865192eaff00f882!3m1!1s2@1:CAIQACodChtycF9oOm5mellWYjBtSTRZb0VIVS1ldmtmUVE%7C%7C?hl=en","102055105441634962896","7","https://lh3.googleusercontent.com/a/ACg8ocLreXSojPl-tAAUtF0lBZmSijvMXmerg2eRC8GPb7VrYl9Qfw=s1920-c-rp-mo-ba3-br100","https://www.google.com/maps/contrib/102055105441634962896?hl=en","1917","2025-09-22T03:42:20.195Z","Direct Detail URL: https://www.google.com/maps/place/Parap+Village+Markets/@-12.4316104,130.8420394,17z/data=!3m1!4b1!4m6!3m5!1s0x2cc093d12bf0efe3:0x865192eaff00f882!8m2!3d-12.4316104!4d130.8446143!16s%2Fg%2F1wjwxy8h?entry=ttu&g_ep=EgoyMDI1MDkxNy4wIKXMDSoASAFQAw%3D%3D","5","Northern Territory","3/3 Vickers St","false",,,"Parap Village Markets","4.5",,"https://www.google.com/maps/search/?api=1&query=Parap%20Village%20Markets&query_place_id=ChIJ4-_wK9GTwCwRgvgA_-qSUYY",
"3/3 Vickers St, Parap NT 0804, Australia","Farmers' market","Clothing store","Craft store","Food court","Fruit and vegetable store","Market","Massage therapist","Tourist attraction","Farmers' market","9678678612194162818","Parap","AU","0x2cc093d12bf0efe3:0x865192eaff00f882","https://lh3.googleusercontent.com/gps-cs-s/AC9h4noBF3HbcrMm6CUtVgYUFGSR5MGm14j-dL8wXxc_JjOwX4Besc4yuXMDNjHbmU4DImy5kN8MxBtyW_z1DWnp9Ji2812h4h1hkKGURYKcH451F4GvfwrLE-niMXxcrb3iK2kkOXZl=w426-h240-k-no","false","true","en","0","-12.4316104","130.8446143","Konrad Lenzinger",,"en","false","ChIJ4-_wK9GTwCwRgvgA_-qSUYY","0804",,"2 months ago","2025-07-06T03:20:51.959Z",,,,"Ci9DQUlRQUNvZENodHljRjlvT21sck1FcFRZV1ZVWm1VeGJqaEtabGhVYWtScU1sRRAB",,,,,,,,,,,,,,,,,,,,,,,,,,,,,,,,,,"Google","https://www.google.com/maps/reviews/data=!4m8!14m7!1m6!2m5!1sCi9DQUlRQUNvZENodHljRjlvT21sck1FcFRZV1ZVWm1VeGJqaEtabGhVYWtScU1sRRAB!2m1!1s0x0:0x865192eaff00f882!3m1!1s2@1:CAIQACodChtycF9oOmlrMEpTYWVUZmUxbjhKZlhUakRqMlE%7C%7C?hl=en","111870465290956414732","170","https://lh3.googleusercontent.com/a-/ALV-UjWuFG6eNnkgWWAkN7wvJcg33djgn_0Stm2QhfNjG5ZP0SQjqNJMZw=s1920-c-rp-mo-ba5-br100","https://www.google.com/maps/contrib/111870465290956414732?hl=en","1917","2025-09-22T03:42:20.195Z","Direct Detail URL: https://www.google.com/maps/place/Parap+Village+Markets/@-12.4316104,130.8420394,17z/data=!3m1!4b1!4m6!3m5!1s0x2cc093d12bf0efe3:0x865192eaff00f882!8m2!3d-12.4316104!4d130.8446143!16s%2Fg%2F1wjwxy8h?entry=ttu&g_ep=EgoyMDI1MDkxNy4wIKXMDSoASAFQAw%3D%3D","5","Northern Territory","3/3 Vickers St","false","Enjoyed the markets, great variety of traders, lots of fresh vegetables, extensive choice of cooked/hot food, friendly people and nice smells.",,"Parap Village Markets","4.5",,"https://www.google.com/maps/search/?api=1&query=Parap%20Village%20Markets&query_place_id=ChIJ4-_wK9GTwCwRgvgA_-qSUYY",
"3/3 Vickers St, Parap NT 0804, Australia","Farmers' market","Clothing store","Craft store","Food court","Fruit and vegetable store","Market","Massage therapist","Tourist attraction","Farmers' market","9678678612194162818","Parap","AU","0x2cc093d12bf0efe3:0x865192eaff00f882","https://lh3.googleusercontent.com/gps-cs-s/AC9h4noBF3HbcrMm6CUtVgYUFGSR5MGm14j-dL8wXxc_JjOwX4Besc4yuXMDNjHbmU4DImy5kN8MxBtyW_z1DWnp9Ji2812h4h1hkKGURYKcH451F4GvfwrLE-niMXxcrb3iK2kkOXZl=w426-h240-k-no","false","true","en","0","-12.4316104","130.8446143","Maurizio Cirrincione",,"en","false","ChIJ4-_wK9GTwCwRgvgA_-qSUYY","0804",,"2 months ago","2025-07-05T23:04:41.139Z",,,,"Ci9DQUlRQUNvZENodHljRjlvT2psQk1YZERkMHBOUTA1NVdGSTFlbHBDUmxKYVZFRRAB",,,,,,,,,,,,,,,,,,,,,,,,,,,,,,,,,,"Google","https://www.google.com/maps/reviews/data=!4m8!14m7!1m6!2m5!1sCi9DQUlRQUNvZENodHljRjlvT2psQk1YZERkMHBOUTA1NVdGSTFlbHBDUmxKYVZFRRAB!2m1!1s0x0:0x865192eaff00f882!3m1!1s2@1:CAIQACodChtycF9oOjlBMXdDd0pNQ055WFI1elpCRlJaVEE%7C%7C?hl=en","100748006619417901225","139","https://lh3.googleusercontent.com/a/ACg8ocL1Of-YEtdl-sxNx4uBS2ggC6TXcUKdp8lgweRHwrVywxnp0w=s1920-c-rp-mo-ba4-br100","https://www.google.com/maps/contrib/100748006619417901225?hl=en","1917","2025-09-22T03:42:20.195Z","Direct Detail URL: https://www.google.com/maps/place/Parap+Village+Markets/@-12.4316104,130.8420394,17z/data=!3m1!4b1!4m6!3m5!1s0x2cc093d12bf0efe3:0x865192eaff00f882!8m2!3d-12.4316104!4d130.8446143!16s%2Fg%2F1wjwxy8h?entry=ttu&g_ep=EgoyMDI1MDkxNy4wIKXMDSoASAFQAw%3D%3D","4","Northern Territory","3/3 Vickers St","false","very charming and of NT flavor",,"Parap Village Markets","4.5",,"https://www.google.com/maps/search/?api=1&query=Parap%20Village%20Markets&query_place_id=ChIJ4-_wK9GTwCwRgvgA_-qSUYY",
"3/3 Vickers St, Parap NT 0804, Australia","Farmers' market","Clothing store","Craft store","Food court","Fruit and vegetable store","Market","Massage therapist","Tourist attraction","Farmers' market","9678678612194162818","Parap","AU","0x2cc093d12bf0efe3:0x865192eaff00f882","https://lh3.googleusercontent.com/gps-cs-s/AC9h4noBF3HbcrMm6CUtVgYUFGSR5MGm14j-dL8wXxc_JjOwX4Besc4yuXMDNjHbmU4DImy5kN8MxBtyW_z1DWnp9Ji2812h4h1hkKGURYKcH451F4GvfwrLE-niMXxcrb3iK2kkOXZl=w426-h240-k-no","false","true","en","0","-12.4316104","130.8446143","Tevita Lolomanaia",,"en","false","ChIJ4-_wK9GTwCwRgvgA_-qSUYY","0804",,"2 months ago","2025-07-05T01:47:00.278Z",,,,"Ci9DQUlRQUNvZENodHljRjlvT25oUE1GOU9lR2xTVTFwdGJWRmxUMkZpTlRCa01VRRAB",,,,,,,,,,,,,,,,,,,,,,,,,,,,,,,,,,"Google","https://www.google.com/maps/reviews/data=!4m8!14m7!1m6!2m5!1sCi9DQUlRQUNvZENodHljRjlvT25oUE1GOU9lR2xTVTFwdGJWRmxUMkZpTlRCa01VRRAB!2m1!1s0x0:0x865192eaff00f882!3m1!1s2@1:CAIQACodChtycF9oOnhPMF9OeGlSU1ptbVFlT2FiNTBkMUE%7C%7C?hl=en","110885649361952828384","61","https://lh3.googleusercontent.com/a-/ALV-UjVFF9GmryuVfdckw_INhhwjeF0Vsl2W1ynjjBJODnZ9-CvmnNMl=s1920-c-rp-mo-ba3-br100","https://www.google.com/maps/contrib/110885649361952828384?hl=en","1917","2025-09-22T03:42:20.195Z","Direct Detail URL: https://www.google.com/maps/place/Parap+Village+Markets/@-12.4316104,130.8420394,17z/data=!3m1!4b1!4m6!3m5!1s0x2cc093d12bf0efe3:0x865192eaff00f882!8m2!3d-12.4316104!4d130.8446143!16s%2Fg%2F1wjwxy8h?entry=ttu&g_ep=EgoyMDI1MDkxNy4wIKXMDSoASAFQAw%3D%3D","5","Northern Territory","3/3 Vickers St","false","Beautiful Saturday morning in this village market. A large variety of takeaway foods in stalls from asian to indian cuisines plus many more.. Arts and crafts to Meat jerky 😁. We had fruit & vegetables for sale that looked fresh. I personally bought some cabbage and banana's. Met some friends from work there as well. Nice friendly vibes. Path ways in between stalls are a bit narrow (heads up)",,"Parap Village Markets","4.5",,"https://www.google.com/maps/search/?api=1&query=Parap%20Village%20Markets&query_place_id=ChIJ4-_wK9GTwCwRgvgA_-qSUYY",
"3/3 Vickers St, Parap NT 0804, Australia","Farmers' market","Clothing store","Craft store","Food court","Fruit and vegetable store","Market","Massage therapist","Tourist attraction","Farmers' market","9678678612194162818","Parap","AU","0x2cc093d12bf0efe3:0x865192eaff00f882","https://lh3.googleusercontent.com/gps-cs-s/AC9h4noBF3HbcrMm6CUtVgYUFGSR5MGm14j-dL8wXxc_JjOwX4Besc4yuXMDNjHbmU4DImy5kN8MxBtyW_z1DWnp9Ji2812h4h1hkKGURYKcH451F4GvfwrLE-niMXxcrb3iK2kkOXZl=w426-h240-k-no","false","true","en","0","-12.4316104","130.8446143","Albert Chan",,,"false","ChIJ4-_wK9GTwCwRgvgA_-qSUYY","0804",,"2 months ago","2025-06-30T07:23:55.033Z",,,,"Ci9DQUlRQUNvZENodHljRjlvT2pWd1lrMUlOeTF2Wm5GMVJtMUZWUzF5YzFWak0zYxAB",,,,,,,,,,,,,,,,,,,,,,,,,,,,,,,,,,"Google","https://www.google.com/maps/reviews/data=!4m8!14m7!1m6!2m5!1sCi9DQUlRQUNvZENodHljRjlvT2pWd1lrMUlOeTF2Wm5GMVJtMUZWUzF5YzFWak0zYxAB!2m1!1s0x0:0x865192eaff00f882!3m1!1s2@1:CAIQACodChtycF9oOjVwYk1INy1vZnF1Rm1FVS1yc1VjM3c%7C%7C?hl=en","112226103596331528618","14","https://lh3.googleusercontent.com/a-/ALV-UjXjwuBz4pexW9WcZpw6SEB7FiqiuFt81aOIgermLSccT7kAeIg=s1920-c-rp-mo-ba4-br100","https://www.google.com/maps/contrib/112226103596331528618?hl=en","1917","2025-09-22T03:42:20.195Z","Direct Detail URL: https://www.google.com/maps/place/Parap+Village+Markets/@-12.4316104,130.8420394,17z/data=!3m1!4b1!4m6!3m5!1s0x2cc093d12bf0efe3:0x865192eaff00f882!8m2!3d-12.4316104!4d130.8446143!16s%2Fg%2F1wjwxy8h?entry=ttu&g_ep=EgoyMDI1MDkxNy4wIKXMDSoASAFQAw%3D%3D","5","Northern Territory","3/3 Vickers St","false",,,"Parap Village Markets","4.5",,"https://www.google.com/maps/search/?api=1&query=Parap%20Village%20Markets&query_place_id=ChIJ4-_wK9GTwCwRgvgA_-qSUYY",
"3/3 Vickers St, Parap NT 0804, Australia","Farmers' market","Clothing store","Craft store","Food court","Fruit and vegetable store","Market","Massage therapist","Tourist attraction","Farmers' market","9678678612194162818","Parap","AU","0x2cc093d12bf0efe3:0x865192eaff00f882","https://lh3.googleusercontent.com/gps-cs-s/AC9h4noBF3HbcrMm6CUtVgYUFGSR5MGm14j-dL8wXxc_JjOwX4Besc4yuXMDNjHbmU4DImy5kN8MxBtyW_z1DWnp9Ji2812h4h1hkKGURYKcH451F4GvfwrLE-niMXxcrb3iK2kkOXZl=w426-h240-k-no","false","true","en","0","-12.4316104","130.8446143","nick Krul",,,"false","ChIJ4-_wK9GTwCwRgvgA_-qSUYY","0804",,"2 months ago","2025-06-29T07:31:59.818Z",,,,"Ci9DQUlRQUNvZENodHljRjlvT2tFMlFuUkxOV2s1WVhRNVRVSkZXamsxWlRSbFoyYxAB",,,,,,,,,,,,,,,,,,,,,,,,,,,,,,,,,,"Google","https://www.google.com/maps/reviews/data=!4m8!14m7!1m6!2m5!1sCi9DQUlRQUNvZENodHljRjlvT2tFMlFuUkxOV2s1WVhRNVRVSkZXamsxWlRSbFoyYxAB!2m1!1s0x0:0x865192eaff00f882!3m1!1s2@1:CAIQACodChtycF9oOkE2QnRLNWk5YXQ5TUJFWjk1ZTRlZ2c%7C%7C?hl=en","117457659348602955190","105","https://lh3.googleusercontent.com/a-/ALV-UjXmdpmBBAqzGiXl0WW__RWaWoOJmrtBXVElzJnbzDxli7OE-iOw=s1920-c-rp-mo-ba4-br100","https://www.google.com/maps/contrib/117457659348602955190?hl=en","1917","2025-09-22T03:42:20.195Z","Direct Detail URL: https://www.google.com/maps/place/Parap+Village+Markets/@-12.4316104,130.8420394,17z/data=!3m1!4b1!4m6!3m5!1s0x2cc093d12bf0efe3:0x865192eaff00f882!8m2!3d-12.4316104!4d130.8446143!16s%2Fg%2F1wjwxy8h?entry=ttu&g_ep=EgoyMDI1MDkxNy4wIKXMDSoASAFQAw%3D%3D","4","Northern Territory","3/3 Vickers St","false",,,"Parap Village Markets","4.5",,"https://www.google.com/maps/search/?api=1&query=Parap%20Village%20Markets&query_place_id=ChIJ4-_wK9GTwCwRgvgA_-qSUYY",
"3/3 Vickers St, Parap NT 0804, Australia","Farmers' market","Clothing store","Craft store","Food court","Fruit and vegetable store","Market","Massage therapist","Tourist attraction","Farmers' market","9678678612194162818","Parap","AU","0x2cc093d12bf0efe3:0x865192eaff00f882","https://lh3.googleusercontent.com/gps-cs-s/AC9h4noBF3HbcrMm6CUtVgYUFGSR5MGm14j-dL8wXxc_JjOwX4Besc4yuXMDNjHbmU4DImy5kN8MxBtyW_z1DWnp9Ji2812h4h1hkKGURYKcH451F4GvfwrLE-niMXxcrb3iK2kkOXZl=w426-h240-k-no","false","true","en","0","-12.4316104","130.8446143","Sam Stiglec",,,"false","ChIJ4-_wK9GTwCwRgvgA_-qSUYY","0804",,"2 months ago","2025-06-29T01:19:21.561Z",,,,"Ci9DQUlRQUNvZENodHljRjlvT2xoQmJteGphRW96WTFodWEySnJYMlk0YUVKMWNVRRAB",,,,,,,,,,,,,,,,,,,,,,,,,,,,,,,,,,"Google","https://www.google.com/maps/reviews/data=!4m8!14m7!1m6!2m5!1sCi9DQUlRQUNvZENodHljRjlvT2xoQmJteGphRW96WTFodWEySnJYMlk0YUVKMWNVRRAB!2m1!1s0x0:0x865192eaff00f882!3m1!1s2@1:CAIQACodChtycF9oOlhBbmxjaEozY1hua2JrX2Y4aEJ1cUE%7C%7C?hl=en","103610025905604255573","76","https://lh3.googleusercontent.com/a-/ALV-UjULkZCxwwJO1o6hTmiITLQY7-8g7AdnSoDoXC_qIjEXW-P7-veq=s1920-c-rp-mo-ba3-br100","https://www.google.com/maps/contrib/103610025905604255573?hl=en","1917","2025-09-22T03:42:20.195Z","Direct Detail URL: https://www.google.com/maps/place/Parap+Village+Markets/@-12.4316104,130.8420394,17z/data=!3m1!4b1!4m6!3m5!1s0x2cc093d12bf0efe3:0x865192eaff00f882!8m2!3d-12.4316104!4d130.8446143!16s%2Fg%2F1wjwxy8h?entry=ttu&g_ep=EgoyMDI1MDkxNy4wIKXMDSoASAFQAw%3D%3D","5","Northern Territory","3/3 Vickers St","false",,,"Parap Village Markets","4.5",,"https://www.google.com/maps/search/?api=1&query=Parap%20Village%20Markets&query_place_id=ChIJ4-_wK9GTwCwRgvgA_-qSUYY",
"3/3 Vickers St, Parap NT 0804, Australia","Farmers' market","Clothing store","Craft store","Food court","Fruit and vegetable store","Market","Massage therapist","Tourist attraction","Farmers' market","9678678612194162818","Parap","AU","0x2cc093d12bf0efe3:0x865192eaff00f882","https://lh3.googleusercontent.com/gps-cs-s/AC9h4noBF3HbcrMm6CUtVgYUFGSR5MGm14j-dL8wXxc_JjOwX4Besc4yuXMDNjHbmU4DImy5kN8MxBtyW_z1DWnp9Ji2812h4h1hkKGURYKcH451F4GvfwrLE-niMXxcrb3iK2kkOXZl=w426-h240-k-no","false","true","en","0","-12.4316104","130.8446143","Kelly Rai",,"en","false","ChIJ4-_wK9GTwCwRgvgA_-qSUYY","0804",,"2 months ago","2025-06-27T16:35:31.672Z",,,,"Ci9DQUlRQUNvZENodHljRjlvT2xWeE9YQkpOMjAxU1ZSUlZGQkJaSE5CVlRGSGRuYxAB","https://lh3.googleusercontent.com/geougc-cs/AB3l90CQrhmDoq34DwMHDiQiilEtRWpZm_Nl0SYhMUOY8kvnaHpD8idFfGtXWCm9TaQaIeqVM-G_84axMXkE410DGhlMhkFpRLe4a_8X6brGA0_l0kFqubF7q3IuTRb00naUX2gV5zKbNkeC0uI","https://lh3.googleusercontent.com/geougc-cs/AB3l90CqgIpkTRe9iDp_m3orj1zIaxFyYKjy_6NLTJaSjAliEkkSCiFcnblJG-VMve4Tzq8hHCvilV5dur7U44aPVlEll5nOYUW8rdwxCahI8ujaD48bcRKsupE9g8UmvAXtWrrmbDeACr8DjdRR",,,,,,,,,,,,,,,,,,,,,,,,,,,,,,,,"Google","https://www.google.com/maps/reviews/data=!4m8!14m7!1m6!2m5!1sCi9DQUlRQUNvZENodHljRjlvT2xWeE9YQkpOMjAxU1ZSUlZGQkJaSE5CVlRGSGRuYxAB!2m1!1s0x0:0x865192eaff00f882!3m1!1s2@1:CAIQACodChtycF9oOlVxOXBJN201SVRRVFBBZHNBVTFHdnc%7C%7C?hl=en","103383160054646393070","40","https://lh3.googleusercontent.com/a/ACg8ocKPAGHWE3XyNv9ZYEGPsb7MxcOJGfEl-nfTTLyJ0y_4crglTaiR=s1920-c-rp-mo-ba3-br100","https://www.google.com/maps/contrib/103383160054646393070?hl=en","1917","2025-09-22T03:42:20.195Z","Direct Detail URL: https://www.google.com/maps/place/Parap+Village+Markets/@-12.4316104,130.8420394,17z/data=!3m1!4b1!4m6!3m5!1s0x2cc093d12bf0efe3:0x865192eaff00f882!8m2!3d-12.4316104!4d130.8446143!16s%2Fg%2F1wjwxy8h?entry=ttu&g_ep=EgoyMDI1MDkxNy4wIKXMDSoASAFQAw%3D%3D","5","Northern Territory","3/3 Vickers St","false","TAKE CASH so that you can buy whatever you want :)

Highly recommend- Mary’s laksa. One of the best laksa I had in Australia. Also, very affordable!  Yes, the queue is long but it’s quick anyways.
This market had a lot of Asian food stalls which I appreciate! :)",,"Parap Village Markets","4.5",,"https://www.google.com/maps/search/?api=1&query=Parap%20Village%20Markets&query_place_id=ChIJ4-_wK9GTwCwRgvgA_-qSUYY",
"3/3 Vickers St, Parap NT 0804, Australia","Farmers' market","Clothing store","Craft store","Food court","Fruit and vegetable store","Market","Massage therapist","Tourist attraction","Farmers' market","9678678612194162818","Parap","AU","0x2cc093d12bf0efe3:0x865192eaff00f882","https://lh3.googleusercontent.com/gps-cs-s/AC9h4noBF3HbcrMm6CUtVgYUFGSR5MGm14j-dL8wXxc_JjOwX4Besc4yuXMDNjHbmU4DImy5kN8MxBtyW_z1DWnp9Ji2812h4h1hkKGURYKcH451F4GvfwrLE-niMXxcrb3iK2kkOXZl=w426-h240-k-no","false","false","en","0","-12.4316104","130.8446143","Karuna Gautam",,,"false","ChIJ4-_wK9GTwCwRgvgA_-qSUYY","0804",,"2 months ago","2025-06-26T13:45:09.519Z",,,,"Ci9DQUlRQUNvZENodHljRjlvT201TlIzaElaV2d4ZFVST1pHRjFiR2hJTTJsYVptYxAB",,,,,,,,,,,,,,,,,,,,,,,,,,,,,,,,,,"Google","https://www.google.com/maps/reviews/data=!4m8!14m7!1m6!2m5!1sCi9DQUlRQUNvZENodHljRjlvT201TlIzaElaV2d4ZFVST1pHRjFiR2hJTTJsYVptYxAB!2m1!1s0x0:0x865192eaff00f882!3m1!1s2@1:CAIQACodChtycF9oOm5NR3hIZWgxdUROZGF1bGhIM2laZmc%7C%7C?hl=en","111178893820801503568","7","https://lh3.googleusercontent.com/a/ACg8ocJ_5uwsQyUUtRoTZh2k1SMDFh5z780blG1sq9Z0UHJ_t5S8cw=s1920-c-rp-mo-br100","https://www.google.com/maps/contrib/111178893820801503568?hl=en","1917","2025-09-22T03:42:20.195Z","Direct Detail URL: https://www.google.com/maps/place/Parap+Village+Markets/@-12.4316104,130.8420394,17z/data=!3m1!4b1!4m6!3m5!1s0x2cc093d12bf0efe3:0x865192eaff00f882!8m2!3d-12.4316104!4d130.8446143!16s%2Fg%2F1wjwxy8h?entry=ttu&g_ep=EgoyMDI1MDkxNy4wIKXMDSoASAFQAw%3D%3D","4","Northern Territory","3/3 Vickers St","false",,,"Parap Village Markets","4.5",,"https://www.google.com/maps/search/?api=1&query=Parap%20Village%20Markets&query_place_id=ChIJ4-_wK9GTwCwRgvgA_-qSUYY",
"3/3 Vickers St, Parap NT 0804, Australia","Farmers' market","Clothing store","Craft store","Food court","Fruit and vegetable store","Market","Massage therapist","Tourist attraction","Farmers' market","9678678612194162818","Parap","AU","0x2cc093d12bf0efe3:0x865192eaff00f882","https://lh3.googleusercontent.com/gps-cs-s/AC9h4noBF3HbcrMm6CUtVgYUFGSR5MGm14j-dL8wXxc_JjOwX4Besc4yuXMDNjHbmU4DImy5kN8MxBtyW_z1DWnp9Ji2812h4h1hkKGURYKcH451F4GvfwrLE-niMXxcrb3iK2kkOXZl=w426-h240-k-no","false","false","en","0","-12.4316104","130.8446143","Bill Ahern",,,"false","ChIJ4-_wK9GTwCwRgvgA_-qSUYY","0804",,"2 months ago","2025-06-25T03:02:09.990Z",,,,"Ci9DQUlRQUNvZENodHljRjlvT2xoV2NtSlFlSFoxWmpNeWJVcHZTMVIyVFVZemRHYxAB",,,,,,,,,,,,,,,,,,,,,,,,,,,,,,,,,,"Google","https://www.google.com/maps/reviews/data=!4m8!14m7!1m6!2m5!1sCi9DQUlRQUNvZENodHljRjlvT2xoV2NtSlFlSFoxWmpNeWJVcHZTMVIyVFVZemRHYxAB!2m1!1s0x0:0x865192eaff00f882!3m1!1s2@1:CAIQACodChtycF9oOlhWcmJQeHZ1ZjMybUpvS1R2TUYzdGc%7C%7C?hl=en","101709167987931507592","5","https://lh3.googleusercontent.com/a/ACg8ocIMPda9pT9jcC-rTJp8e9WTnOGTCFpHK6Jl0qVrHPoOhx9pZg=s1920-c-rp-mo-br100","https://www.google.com/maps/contrib/101709167987931507592?hl=en","1917","2025-09-22T03:42:20.195Z","Direct Detail URL: https://www.google.com/maps/place/Parap+Village+Markets/@-12.4316104,130.8420394,17z/data=!3m1!4b1!4m6!3m5!1s0x2cc093d12bf0efe3:0x865192eaff00f882!8m2!3d-12.4316104!4d130.8446143!16s%2Fg%2F1wjwxy8h?entry=ttu&g_ep=EgoyMDI1MDkxNy4wIKXMDSoASAFQAw%3D%3D","5","Northern Territory","3/3 Vickers St","false",,,"Parap Village Markets","4.5",,"https://www.google.com/maps/search/?api=1&query=Parap%20Village%20Markets&query_place_id=ChIJ4-_wK9GTwCwRgvgA_-qSUYY",
"3/3 Vickers St, Parap NT 0804, Australia","Farmers' market","Clothing store","Craft store","Food court","Fruit and vegetable store","Market","Massage therapist","Tourist attraction","Farmers' market","9678678612194162818","Parap","AU","0x2cc093d12bf0efe3:0x865192eaff00f882","https://lh3.googleusercontent.com/gps-cs-s/AC9h4noBF3HbcrMm6CUtVgYUFGSR5MGm14j-dL8wXxc_JjOwX4Besc4yuXMDNjHbmU4DImy5kN8MxBtyW_z1DWnp9Ji2812h4h1hkKGURYKcH451F4GvfwrLE-niMXxcrb3iK2kkOXZl=w426-h240-k-no","false","true","en","0","-12.4316104","130.8446143","Dominique Noire",,,"false","ChIJ4-_wK9GTwCwRgvgA_-qSUYY","0804",,"2 months ago","2025-06-22T10:39:29.183Z",,,,"Ci9DQUlRQUNvZENodHljRjlvT201dWJUWkVSbXROZURoVGNUQndkVVJPTjFwalpYYxAB",,,,,,,,,,,,,,,,,,,,,,,,,,,,,,,,,,"Google","https://www.google.com/maps/reviews/data=!4m8!14m7!1m6!2m5!1sCi9DQUlRQUNvZENodHljRjlvT201dWJUWkVSbXROZURoVGNUQndkVVJPTjFwalpYYxAB!2m1!1s0x0:0x865192eaff00f882!3m1!1s2@1:CAIQACodChtycF9oOm5ubTZERmtNeDhTcTBwdURON1pjZXc%7C%7C?hl=en","100892507586208795529","40","https://lh3.googleusercontent.com/a-/ALV-UjXlVCgjQSqbd3sPm4jv27FxvVu3xThhhkv6we-ashC8mbFytcE=s1920-c-rp-mo-ba4-br100","https://www.google.com/maps/contrib/100892507586208795529?hl=en","1917","2025-09-22T03:42:20.195Z","Direct Detail URL: https://www.google.com/maps/place/Parap+Village+Markets/@-12.4316104,130.8420394,17z/data=!3m1!4b1!4m6!3m5!1s0x2cc093d12bf0efe3:0x865192eaff00f882!8m2!3d-12.4316104!4d130.8446143!16s%2Fg%2F1wjwxy8h?entry=ttu&g_ep=EgoyMDI1MDkxNy4wIKXMDSoASAFQAw%3D%3D","4","Northern Territory","3/3 Vickers St","false",,,"Parap Village Markets","4.5",,"https://www.google.com/maps/search/?api=1&query=Parap%20Village%20Markets&query_place_id=ChIJ4-_wK9GTwCwRgvgA_-qSUYY",
"3/3 Vickers St, Parap NT 0804, Australia","Farmers' market","Clothing store","Craft store","Food court","Fruit and vegetable store","Market","Massage therapist","Tourist attraction","Farmers' market","9678678612194162818","Parap","AU","0x2cc093d12bf0efe3:0x865192eaff00f882","https://lh3.googleusercontent.com/gps-cs-s/AC9h4noBF3HbcrMm6CUtVgYUFGSR5MGm14j-dL8wXxc_JjOwX4Besc4yuXMDNjHbmU4DImy5kN8MxBtyW_z1DWnp9Ji2812h4h1hkKGURYKcH451F4GvfwrLE-niMXxcrb3iK2kkOXZl=w426-h240-k-no","false","true","en","0","-12.4316104","130.8446143","Kah Lun Leong",,"en","false","ChIJ4-_wK9GTwCwRgvgA_-qSUYY","0804",,"3 months ago","2025-06-21T06:33:47.631Z",,,,"Ci9DQUlRQUNvZENodHljRjlvT2twSmJUTlFRVkpzVkhBNGFrUTJkM0pwZEhCRFNGRRAB","https://lh3.googleusercontent.com/geougc-cs/AB3l90BqNXL0y-wxNbzwKnv0mIi9UBXmN_Hi5XHZGwIjIB-tZkpruL7KdkBLPVTo1SSJyVbHIgKEMos2qARKS4VTBuwSe6tgwNJwytQQhHkB8sQqb4pcsi5YJuxTF-zXw3f2U1euJxGqriDE9PMQ","https://lh3.googleusercontent.com/geougc-cs/AB3l90AMI9fExuu7xWJWqosdbyFiM1n4Ak0vSJkZ_BAjgLv8vLTEQksHMU4JAQFWe9JuAaEKRqCEwXYS6H6E7pJUMYyJzMvcD83aiATsYb0Is-IVxLempuL5ZFrJ5oRCSYXiGnQzkVjQpxQR50__","https://lh3.googleusercontent.com/geougc-cs/AB3l90Dc8UsPi2uKr1If34s7APoJNo-7nZJkKqn6WaCb49OfkU29dcQ92654TlOyL_r1OyymR3mMu-IflNM06cOLcf-Fw3-ucyhAkX_LcJ2MOKXYbYxv0j0BQVSSXa-0atJUmRPCk5CdtZj3Zek",,,,,,,,,,,,,,,,,,,,,,,,,,,,,,,"Google","https://www.google.com/maps/reviews/data=!4m8!14m7!1m6!2m5!1sCi9DQUlRQUNvZENodHljRjlvT2twSmJUTlFRVkpzVkhBNGFrUTJkM0pwZEhCRFNGRRAB!2m1!1s0x0:0x865192eaff00f882!3m1!1s2@1:CAIQACodChtycF9oOkpJbTNQQVJsVHA4akQ2d3JpdHBDSFE%7C%7C?hl=en","100720969046336689504","81","https://lh3.googleusercontent.com/a/ACg8ocLGtNSK11t40Kcm4iCb8ChpbjVpgImOK5W5qA_sXadtlvQuFg=s1920-c-rp-mo-ba4-br100","https://www.google.com/maps/contrib/100720969046336689504?hl=en","1917","2025-09-22T03:42:20.195Z","Direct Detail URL: https://www.google.com/maps/place/Parap+Village+Markets/@-12.4316104,130.8420394,17z/data=!3m1!4b1!4m6!3m5!1s0x2cc093d12bf0efe3:0x865192eaff00f882!8m2!3d-12.4316104!4d130.8446143!16s%2Fg%2F1wjwxy8h?entry=ttu&g_ep=EgoyMDI1MDkxNy4wIKXMDSoASAFQAw%3D%3D","4","Northern Territory","3/3 Vickers St","false","Mainly Asian food. Thailand, Cambodian, Vietnam, Korean, south East Asian laksa",,"Parap Village Markets","4.5",,"https://www.google.com/maps/search/?api=1&query=Parap%20Village%20Markets&query_place_id=ChIJ4-_wK9GTwCwRgvgA_-qSUYY",
"3/3 Vickers St, Parap NT 0804, Australia","Farmers' market","Clothing store","Craft store","Food court","Fruit and vegetable store","Market","Massage therapist","Tourist attraction","Farmers' market","9678678612194162818","Parap","AU","0x2cc093d12bf0efe3:0x865192eaff00f882","https://lh3.googleusercontent.com/gps-cs-s/AC9h4noBF3HbcrMm6CUtVgYUFGSR5MGm14j-dL8wXxc_JjOwX4Besc4yuXMDNjHbmU4DImy5kN8MxBtyW_z1DWnp9Ji2812h4h1hkKGURYKcH451F4GvfwrLE-niMXxcrb3iK2kkOXZl=w426-h240-k-no","false","true","en","0","-12.4316104","130.8446143","Casey Allen-Murray",,,"false","ChIJ4-_wK9GTwCwRgvgA_-qSUYY","0804",,"3 months ago","2025-06-19T05:15:28.033Z",,,,"Ci9DQUlRQUNvZENodHljRjlvT2xCclkybERRV2RuVG1Zd05tOWxORmg2ZUdNMlFVRRAB",,,,,,,,,,,,,,,,,,,,,,,,,,,,,,,,,,"Google","https://www.google.com/maps/reviews/data=!4m8!14m7!1m6!2m5!1sCi9DQUlRQUNvZENodHljRjlvT2xCclkybERRV2RuVG1Zd05tOWxORmg2ZUdNMlFVRRAB!2m1!1s0x0:0x865192eaff00f882!3m1!1s2@1:CAIQACodChtycF9oOlBrY2lDQWdnTmYwNm9lNFh6eGM2QUE%7C%7C?hl=en","108400295892566069828","12","https://lh3.googleusercontent.com/a-/ALV-UjXi0t5ggrhNXl9VTT2e6oLoZxIF873sOEis5FsSaFxGnEfB8JSm=s1920-c-rp-mo-ba2-br100","https://www.google.com/maps/contrib/108400295892566069828?hl=en","1917","2025-09-22T03:42:20.195Z","Direct Detail URL: https://www.google.com/maps/place/Parap+Village+Markets/@-12.4316104,130.8420394,17z/data=!3m1!4b1!4m6!3m5!1s0x2cc093d12bf0efe3:0x865192eaff00f882!8m2!3d-12.4316104!4d130.8446143!16s%2Fg%2F1wjwxy8h?entry=ttu&g_ep=EgoyMDI1MDkxNy4wIKXMDSoASAFQAw%3D%3D","5","Northern Territory","3/3 Vickers St","false",,,"Parap Village Markets","4.5",,"https://www.google.com/maps/search/?api=1&query=Parap%20Village%20Markets&query_place_id=ChIJ4-_wK9GTwCwRgvgA_-qSUYY",
"3/3 Vickers St, Parap NT 0804, Australia","Farmers' market","Clothing store","Craft store","Food court","Fruit and vegetable store","Market","Massage therapist","Tourist attraction","Farmers' market","9678678612194162818","Parap","AU","0x2cc093d12bf0efe3:0x865192eaff00f882","https://lh3.googleusercontent.com/gps-cs-s/AC9h4noBF3HbcrMm6CUtVgYUFGSR5MGm14j-dL8wXxc_JjOwX4Besc4yuXMDNjHbmU4DImy5kN8MxBtyW_z1DWnp9Ji2812h4h1hkKGURYKcH451F4GvfwrLE-niMXxcrb3iK2kkOXZl=w426-h240-k-no","false","false","en","0","-12.4316104","130.8446143","chirag patel",,,"false","ChIJ4-_wK9GTwCwRgvgA_-qSUYY","0804",,"3 months ago","2025-06-18T07:49:14.751Z",,,,"Ci9DQUlRQUNvZENodHljRjlvT2poME5VWXpXRmcyYUVsTWNERkxUMk5YTkdkemRFRRAB",,,,,,,,,,,,,,,,,,,,,,,,,,,,,,,,,,"Google","https://www.google.com/maps/reviews/data=!4m8!14m7!1m6!2m5!1sCi9DQUlRQUNvZENodHljRjlvT2poME5VWXpXRmcyYUVsTWNERkxUMk5YTkdkemRFRRAB!2m1!1s0x0:0x865192eaff00f882!3m1!1s2@1:CAIQACodChtycF9oOjh0NUYzWFg2aElMcDFLT2NXNGdzdEE%7C%7C?hl=en","116216525712536369042","2","https://lh3.googleusercontent.com/a-/ALV-UjVg9fY63XfcxI7rpdB6htwDuyZkcXXHkuYXp1o4qdaXQKWNgu4=s1920-c-rp-mo-br100","https://www.google.com/maps/contrib/116216525712536369042?hl=en","1917","2025-09-22T03:42:20.195Z","Direct Detail URL: https://www.google.com/maps/place/Parap+Village+Markets/@-12.4316104,130.8420394,17z/data=!3m1!4b1!4m6!3m5!1s0x2cc093d12bf0efe3:0x865192eaff00f882!8m2!3d-12.4316104!4d130.8446143!16s%2Fg%2F1wjwxy8h?entry=ttu&g_ep=EgoyMDI1MDkxNy4wIKXMDSoASAFQAw%3D%3D","5","Northern Territory","3/3 Vickers St","false",,,"Parap Village Markets","4.5",,"https://www.google.com/maps/search/?api=1&query=Parap%20Village%20Markets&query_place_id=ChIJ4-_wK9GTwCwRgvgA_-qSUYY",
"3/3 Vickers St, Parap NT 0804, Australia","Farmers' market","Clothing store","Craft store","Food court","Fruit and vegetable store","Market","Massage therapist","Tourist attraction","Farmers' market","9678678612194162818","Parap","AU","0x2cc093d12bf0efe3:0x865192eaff00f882","https://lh3.googleusercontent.com/gps-cs-s/AC9h4noBF3HbcrMm6CUtVgYUFGSR5MGm14j-dL8wXxc_JjOwX4Besc4yuXMDNjHbmU4DImy5kN8MxBtyW_z1DWnp9Ji2812h4h1hkKGURYKcH451F4GvfwrLE-niMXxcrb3iK2kkOXZl=w426-h240-k-no","false","true","en","0","-12.4316104","130.8446143","Phillip Martin",,,"false","ChIJ4-_wK9GTwCwRgvgA_-qSUYY","0804",,"3 months ago","2025-06-16T12:53:12.816Z",,,,"Ci9DQUlRQUNvZENodHljRjlvT25Kek1FUlBjMUF0VlVGU1dVbDVUMUp6Tm1kYVdWRRAB",,,,,,,,,,,,,,,,,,,,,,,,,,,,,,,,,,"Google","https://www.google.com/maps/reviews/data=!4m8!14m7!1m6!2m5!1sCi9DQUlRQUNvZENodHljRjlvT25Kek1FUlBjMUF0VlVGU1dVbDVUMUp6Tm1kYVdWRRAB!2m1!1s0x0:0x865192eaff00f882!3m1!1s2@1:CAIQACodChtycF9oOnJzMERPc1AtVUFSWUl5T1JzNmdaWVE%7C%7C?hl=en","108494193820253813234","42","https://lh3.googleusercontent.com/a/ACg8ocJottBBHeYB6aZcIInKPrHhuEU1gIPNXFq_CNxoqg83MnIkUg=s1920-c-rp-mo-ba4-br100","https://www.google.com/maps/contrib/108494193820253813234?hl=en","1917","2025-09-22T03:42:20.195Z","Direct Detail URL: https://www.google.com/maps/place/Parap+Village+Markets/@-12.4316104,130.8420394,17z/data=!3m1!4b1!4m6!3m5!1s0x2cc093d12bf0efe3:0x865192eaff00f882!8m2!3d-12.4316104!4d130.8446143!16s%2Fg%2F1wjwxy8h?entry=ttu&g_ep=EgoyMDI1MDkxNy4wIKXMDSoASAFQAw%3D%3D","3","Northern Territory","3/3 Vickers St","false",,,"Parap Village Markets","4.5",,"https://www.google.com/maps/search/?api=1&query=Parap%20Village%20Markets&query_place_id=ChIJ4-_wK9GTwCwRgvgA_-qSUYY",
"3/3 Vickers St, Parap NT 0804, Australia","Farmers' market","Clothing store","Craft store","Food court","Fruit and vegetable store","Market","Massage therapist","Tourist attraction","Farmers' market","9678678612194162818","Parap","AU","0x2cc093d12bf0efe3:0x865192eaff00f882","https://lh3.googleusercontent.com/gps-cs-s/AC9h4noBF3HbcrMm6CUtVgYUFGSR5MGm14j-dL8wXxc_JjOwX4Besc4yuXMDNjHbmU4DImy5kN8MxBtyW_z1DWnp9Ji2812h4h1hkKGURYKcH451F4GvfwrLE-niMXxcrb3iK2kkOXZl=w426-h240-k-no","false","true","en","0","-12.4316104","130.8446143","Lois Cameron",,"en","false","ChIJ4-_wK9GTwCwRgvgA_-qSUYY","0804",,"3 months ago","2025-06-13T11:16:57.565Z",,,,"Ci9DQUlRQUNvZENodHljRjlvT21aUlYzQlRNMDFrYkdaUU5qVjRielp1ZURCV1ZVRRAB",,,,,,,,,,,,,,,,,,,,,,,,,,,,,,,,,,"Google","https://www.google.com/maps/reviews/data=!4m8!14m7!1m6!2m5!1sCi9DQUlRQUNvZENodHljRjlvT21aUlYzQlRNMDFrYkdaUU5qVjRielp1ZURCV1ZVRRAB!2m1!1s0x0:0x865192eaff00f882!3m1!1s2@1:CAIQACodChtycF9oOmZRV3BTM01kbGZQNjV4bzZueDBWVUE%7C%7C?hl=en","112521118149695001469","6","https://lh3.googleusercontent.com/a/ACg8ocLOyBVyrNiwHFvsk7XKd9CPTvSCr9-9cSG_2NE0Fu_SNOAiHA=s1920-c-rp-mo-ba3-br100","https://www.google.com/maps/contrib/112521118149695001469?hl=en","1917","2025-09-22T03:42:20.195Z","Direct Detail URL: https://www.google.com/maps/place/Parap+Village+Markets/@-12.4316104,130.8420394,17z/data=!3m1!4b1!4m6!3m5!1s0x2cc093d12bf0efe3:0x865192eaff00f882!8m2!3d-12.4316104!4d130.8446143!16s%2Fg%2F1wjwxy8h?entry=ttu&g_ep=EgoyMDI1MDkxNy4wIKXMDSoASAFQAw%3D%3D","5","Northern Territory","3/3 Vickers St","false","Great market to pick up fresh fruit and vegetables and enjoy a wide variety of food stalls on offer. Lots of stalls with craft and gifts available.",,"Parap Village Markets","4.5",,"https://www.google.com/maps/search/?api=1&query=Parap%20Village%20Markets&query_place_id=ChIJ4-_wK9GTwCwRgvgA_-qSUYY",
"3/3 Vickers St, Parap NT 0804, Australia","Farmers' market","Clothing store","Craft store","Food court","Fruit and vegetable store","Market","Massage therapist","Tourist attraction","Farmers' market","9678678612194162818","Parap","AU","0x2cc093d12bf0efe3:0x865192eaff00f882","https://lh3.googleusercontent.com/gps-cs-s/AC9h4noBF3HbcrMm6CUtVgYUFGSR5MGm14j-dL8wXxc_JjOwX4Besc4yuXMDNjHbmU4DImy5kN8MxBtyW_z1DWnp9Ji2812h4h1hkKGURYKcH451F4GvfwrLE-niMXxcrb3iK2kkOXZl=w426-h240-k-no","false","true","en","0","-12.4316104","130.8446143","Winnie Pasquale",,,"false","ChIJ4-_wK9GTwCwRgvgA_-qSUYY","0804",,"3 months ago","2025-06-13T07:28:15.925Z",,,,"Ci9DQUlRQUNvZENodHljRjlvT2pKeWEzaHBXSEJwTkZGaGQzVnNhR1l3TkU5bGVFRRAB",,,,,,,,,,,,,,,,,,,,,,,,,,,,,,,,,,"Google","https://www.google.com/maps/reviews/data=!4m8!14m7!1m6!2m5!1sCi9DQUlRQUNvZENodHljRjlvT2pKeWEzaHBXSEJwTkZGaGQzVnNhR1l3TkU5bGVFRRAB!2m1!1s0x0:0x865192eaff00f882!3m1!1s2@1:CAIQACodChtycF9oOjJya3hpWHBpNFFhd3VsaGYwNE9leEE%7C%7C?hl=en","108786281529612439734","8","https://lh3.googleusercontent.com/a/ACg8ocIODy63g2xCKTcG2KMgVBn8Fkfur-_Ut-sXPfF_s2pUzGX5Aw=s1920-c-rp-mo-ba2-br100","https://www.google.com/maps/contrib/108786281529612439734?hl=en","1917","2025-09-22T03:42:20.195Z","Direct Detail URL: https://www.google.com/maps/place/Parap+Village+Markets/@-12.4316104,130.8420394,17z/data=!3m1!4b1!4m6!3m5!1s0x2cc093d12bf0efe3:0x865192eaff00f882!8m2!3d-12.4316104!4d130.8446143!16s%2Fg%2F1wjwxy8h?entry=ttu&g_ep=EgoyMDI1MDkxNy4wIKXMDSoASAFQAw%3D%3D","5","Northern Territory","3/3 Vickers St","false",,,"Parap Village Markets","4.5",,"https://www.google.com/maps/search/?api=1&query=Parap%20Village%20Markets&query_place_id=ChIJ4-_wK9GTwCwRgvgA_-qSUYY",
"3/3 Vickers St, Parap NT 0804, Australia","Farmers' market","Clothing store","Craft store","Food court","Fruit and vegetable store","Market","Massage therapist","Tourist attraction","Farmers' market","9678678612194162818","Parap","AU","0x2cc093d12bf0efe3:0x865192eaff00f882","https://lh3.googleusercontent.com/gps-cs-s/AC9h4noBF3HbcrMm6CUtVgYUFGSR5MGm14j-dL8wXxc_JjOwX4Besc4yuXMDNjHbmU4DImy5kN8MxBtyW_z1DWnp9Ji2812h4h1hkKGURYKcH451F4GvfwrLE-niMXxcrb3iK2kkOXZl=w426-h240-k-no","false","false","en","0","-12.4316104","130.8446143","Trevor Blair Watkins",,"en","false","ChIJ4-_wK9GTwCwRgvgA_-qSUYY","0804",,"3 months ago","2025-06-12T16:46:32.862Z",,,,"Ci9DQUlRQUNvZENodHljRjlvT21aRGFXVTJNMmhMU1hWeE9WTmZTbWhEZWpVeVVIYxAB",,,,,,,,,,,,,,,,,,,,,,,,,,,,,,,,,,"Google","https://www.google.com/maps/reviews/data=!4m8!14m7!1m6!2m5!1sCi9DQUlRQUNvZENodHljRjlvT21aRGFXVTJNMmhMU1hWeE9WTmZTbWhEZWpVeVVIYxAB!2m1!1s0x0:0x865192eaff00f882!3m1!1s2@1:CAIQACodChtycF9oOmZDaWU2M2hLSXVxOVNfSmhDejUyUHc%7C%7C?hl=en","104671366806170816476","12","https://lh3.googleusercontent.com/a/ACg8ocKrB_HLgrtbJTB1bdNmgx97x6Ii8hwW4a-4UmkjVx0yQzQofg=s1920-c-rp-mo-br100","https://www.google.com/maps/contrib/104671366806170816476?hl=en","1917","2025-09-22T03:42:20.195Z","Direct Detail URL: https://www.google.com/maps/place/Parap+Village+Markets/@-12.4316104,130.8420394,17z/data=!3m1!4b1!4m6!3m5!1s0x2cc093d12bf0efe3:0x865192eaff00f882!8m2!3d-12.4316104!4d130.8446143!16s%2Fg%2F1wjwxy8h?entry=ttu&g_ep=EgoyMDI1MDkxNy4wIKXMDSoASAFQAw%3D%3D","5","Northern Territory","3/3 Vickers St","false","Fantastic food and reasonable fresh",,"Parap Village Markets","4.5",,"https://www.google.com/maps/search/?api=1&query=Parap%20Village%20Markets&query_place_id=ChIJ4-_wK9GTwCwRgvgA_-qSUYY",
"3/3 Vickers St, Parap NT 0804, Australia","Farmers' market","Clothing store","Craft store","Food court","Fruit and vegetable store","Market","Massage therapist","Tourist attraction","Farmers' market","9678678612194162818","Parap","AU","0x2cc093d12bf0efe3:0x865192eaff00f882","https://lh3.googleusercontent.com/gps-cs-s/AC9h4noBF3HbcrMm6CUtVgYUFGSR5MGm14j-dL8wXxc_JjOwX4Besc4yuXMDNjHbmU4DImy5kN8MxBtyW_z1DWnp9Ji2812h4h1hkKGURYKcH451F4GvfwrLE-niMXxcrb3iK2kkOXZl=w426-h240-k-no","false","true","en","0","-12.4316104","130.8446143","Vicki Ryan",,"en","false","ChIJ4-_wK9GTwCwRgvgA_-qSUYY","0804",,"3 months ago","2025-06-11T06:21:42.013Z",,,,"Ci9DQUlRQUNvZENodHljRjlvT21RM1QwcERPR3BUYVdob2FWQkhObHBFVEVkeVkwRRAB",,,,,,,,,,,,,,,,,,,,,,,,,,,,,,,,,,"Google","https://www.google.com/maps/reviews/data=!4m8!14m7!1m6!2m5!1sCi9DQUlRQUNvZENodHljRjlvT21RM1QwcERPR3BUYVdob2FWQkhObHBFVEVkeVkwRRAB!2m1!1s0x0:0x865192eaff00f882!3m1!1s2@1:CAIQACodChtycF9oOmQ3T0pDOGpTaWhoaVBHNlpETEdyY0E%7C%7C?hl=en","113179561084488221481","122","https://lh3.googleusercontent.com/a/ACg8ocJa7NY0sTwWLqua05xnG643leGZTxtMQcr0p0h2t_HEDumZnQ=s1920-c-rp-mo-ba4-br100","https://www.google.com/maps/contrib/113179561084488221481?hl=en","1917","2025-09-22T03:42:20.195Z","Direct Detail URL: https://www.google.com/maps/place/Parap+Village+Markets/@-12.4316104,130.8420394,17z/data=!3m1!4b1!4m6!3m5!1s0x2cc093d12bf0efe3:0x865192eaff00f882!8m2!3d-12.4316104!4d130.8446143!16s%2Fg%2F1wjwxy8h?entry=ttu&g_ep=EgoyMDI1MDkxNy4wIKXMDSoASAFQAw%3D%3D","5","Northern Territory","3/3 Vickers St","false","Was here 13 years ago... nothing has changed its still an amazing place to go for breakfast or brunch",,"Parap Village Markets","4.5",,"https://www.google.com/maps/search/?api=1&query=Parap%20Village%20Markets&query_place_id=ChIJ4-_wK9GTwCwRgvgA_-qSUYY",
"3/3 Vickers St, Parap NT 0804, Australia","Farmers' market","Clothing store","Craft store","Food court","Fruit and vegetable store","Market","Massage therapist","Tourist attraction","Farmers' market","9678678612194162818","Parap","AU","0x2cc093d12bf0efe3:0x865192eaff00f882","https://lh3.googleusercontent.com/gps-cs-s/AC9h4noBF3HbcrMm6CUtVgYUFGSR5MGm14j-dL8wXxc_JjOwX4Besc4yuXMDNjHbmU4DImy5kN8MxBtyW_z1DWnp9Ji2812h4h1hkKGURYKcH451F4GvfwrLE-niMXxcrb3iK2kkOXZl=w426-h240-k-no","false","true","en","0","-12.4316104","130.8446143","Jean Frappier",,"en","false","ChIJ4-_wK9GTwCwRgvgA_-qSUYY","0804",,"3 months ago","2025-06-10T10:17:40.311Z",,,,"ChZDSUhNMG9nS0VPSFY0SV8xc01EY2JBEAE",,,,,,,,,,,,,,,,,,,,,,,,,,,,,,,,,,"Google","https://www.google.com/maps/reviews/data=!4m8!14m7!1m6!2m5!1sChZDSUhNMG9nS0VPSFY0SV8xc01EY2JBEAE!2m1!1s0x0:0x865192eaff00f882!3m1!1s2@1:CIHM0ogKEOHV4I_1sMDcbA%7C%7C?hl=en","109145861259848070481","32","https://lh3.googleusercontent.com/a-/ALV-UjVyJZHq54jgOsmGH7_e1_9Nywi4DPrmP8aqrb40hQMPJ7776NLV=s1920-c-rp-mo-ba4-br100","https://www.google.com/maps/contrib/109145861259848070481?hl=en","1917","2025-09-22T03:42:20.195Z","Direct Detail URL: https://www.google.com/maps/place/Parap+Village+Markets/@-12.4316104,130.8420394,17z/data=!3m1!4b1!4m6!3m5!1s0x2cc093d12bf0efe3:0x865192eaff00f882!8m2!3d-12.4316104!4d130.8446143!16s%2Fg%2F1wjwxy8h?entry=ttu&g_ep=EgoyMDI1MDkxNy4wIKXMDSoASAFQAw%3D%3D","5","Northern Territory","3/3 Vickers St","false","Nice  place for all different food of all migrainte  in Darwin",,"Parap Village Markets","4.5",,"https://www.google.com/maps/search/?api=1&query=Parap%20Village%20Markets&query_place_id=ChIJ4-_wK9GTwCwRgvgA_-qSUYY",
"3/3 Vickers St, Parap NT 0804, Australia","Farmers' market","Clothing store","Craft store","Food court","Fruit and vegetable store","Market","Massage therapist","Tourist attraction","Farmers' market","9678678612194162818","Parap","AU","0x2cc093d12bf0efe3:0x865192eaff00f882","https://lh3.googleusercontent.com/gps-cs-s/AC9h4noBF3HbcrMm6CUtVgYUFGSR5MGm14j-dL8wXxc_JjOwX4Besc4yuXMDNjHbmU4DImy5kN8MxBtyW_z1DWnp9Ji2812h4h1hkKGURYKcH451F4GvfwrLE-niMXxcrb3iK2kkOXZl=w426-h240-k-no","false","true","en","0","-12.4316104","130.8446143","Kerrie Corcoran",,"en","false","ChIJ4-_wK9GTwCwRgvgA_-qSUYY","0804",,"3 months ago","2025-06-08T22:51:30.507Z",,,,"ChdDSUhNMG9nS0VJVEc1TURJNl9iTHBRRRAB",,,,,,,,,,,,,,,,,,,,,,,,,,,,,,,,,,"Google","https://www.google.com/maps/reviews/data=!4m8!14m7!1m6!2m5!1sChdDSUhNMG9nS0VJVEc1TURJNl9iTHBRRRAB!2m1!1s0x0:0x865192eaff00f882!3m1!1s2@1:CIHM0ogKEITG5MDI6_bLpQE%7C%7C?hl=en","103174219461469429485","54","https://lh3.googleusercontent.com/a-/ALV-UjWm0d7U0ypyRag5sbk3UYVEnxYiT1lRvXWb0uNEF-U95JXQ4Q=s1920-c-rp-mo-ba4-br100","https://www.google.com/maps/contrib/103174219461469429485?hl=en","1917","2025-09-22T03:42:20.195Z","Direct Detail URL: https://www.google.com/maps/place/Parap+Village+Markets/@-12.4316104,130.8420394,17z/data=!3m1!4b1!4m6!3m5!1s0x2cc093d12bf0efe3:0x865192eaff00f882!8m2!3d-12.4316104!4d130.8446143!16s%2Fg%2F1wjwxy8h?entry=ttu&g_ep=EgoyMDI1MDkxNy4wIKXMDSoASAFQAw%3D%3D","3","Northern Territory","3/3 Vickers St","false","Nice, small shopping area. Great sandwich place, though a bit expensive.",,"Parap Village Markets","4.5",,"https://www.google.com/maps/search/?api=1&query=Parap%20Village%20Markets&query_place_id=ChIJ4-_wK9GTwCwRgvgA_-qSUYY",
"3/3 Vickers St, Parap NT 0804, Australia","Farmers' market","Clothing store","Craft store","Food court","Fruit and vegetable store","Market","Massage therapist","Tourist attraction","Farmers' market","9678678612194162818","Parap","AU","0x2cc093d12bf0efe3:0x865192eaff00f882","https://lh3.googleusercontent.com/gps-cs-s/AC9h4noBF3HbcrMm6CUtVgYUFGSR5MGm14j-dL8wXxc_JjOwX4Besc4yuXMDNjHbmU4DImy5kN8MxBtyW_z1DWnp9Ji2812h4h1hkKGURYKcH451F4GvfwrLE-niMXxcrb3iK2kkOXZl=w426-h240-k-no","false","false","en","0","-12.4316104","130.8446143","Bruce Graham",,,"false","ChIJ4-_wK9GTwCwRgvgA_-qSUYY","0804",,"3 months ago","2025-06-08T07:55:58.202Z",,,,"ChZDSUhNMG9nS0VKeWp3SjZ0ckx6M0V3EAE",,,,,,,,,,,,,,,,,,,,,,,,,,,,,,,,,,"Google","https://www.google.com/maps/reviews/data=!4m8!14m7!1m6!2m5!1sChZDSUhNMG9nS0VKeWp3SjZ0ckx6M0V3EAE!2m1!1s0x0:0x865192eaff00f882!3m1!1s2@1:CIHM0ogKEJyjwJ6trLz3Ew%7C%7C?hl=en","111280631949502579484","3","https://lh3.googleusercontent.com/a/ACg8ocLdCptYY_8SYSZFjlLCZ5J9VaH2TRzJIM4_66b1S3WLjX2ivA=s1920-c-rp-mo-br100","https://www.google.com/maps/contrib/111280631949502579484?hl=en","1917","2025-09-22T03:42:20.195Z","Direct Detail URL: https://www.google.com/maps/place/Parap+Village+Markets/@-12.4316104,130.8420394,17z/data=!3m1!4b1!4m6!3m5!1s0x2cc093d12bf0efe3:0x865192eaff00f882!8m2!3d-12.4316104!4d130.8446143!16s%2Fg%2F1wjwxy8h?entry=ttu&g_ep=EgoyMDI1MDkxNy4wIKXMDSoASAFQAw%3D%3D","1","Northern Territory","3/3 Vickers St","false",,,"Parap Village Markets","4.5",,"https://www.google.com/maps/search/?api=1&query=Parap%20Village%20Markets&query_place_id=ChIJ4-_wK9GTwCwRgvgA_-qSUYY",
"3/3 Vickers St, Parap NT 0804, Australia","Farmers' market","Clothing store","Craft store","Food court","Fruit and vegetable store","Market","Massage therapist","Tourist attraction","Farmers' market","9678678612194162818","Parap","AU","0x2cc093d12bf0efe3:0x865192eaff00f882","https://lh3.googleusercontent.com/gps-cs-s/AC9h4noBF3HbcrMm6CUtVgYUFGSR5MGm14j-dL8wXxc_JjOwX4Besc4yuXMDNjHbmU4DImy5kN8MxBtyW_z1DWnp9Ji2812h4h1hkKGURYKcH451F4GvfwrLE-niMXxcrb3iK2kkOXZl=w426-h240-k-no","false","true","en","0","-12.4316104","130.8446143","Liam Spurr",,,"false","ChIJ4-_wK9GTwCwRgvgA_-qSUYY","0804",,"3 months ago","2025-06-05T09:52:22.887Z",,,,"ChdDSUhNMG9nS0VON3p6UHo3NWQ2M3FnRRAB",,,,,,,,,,,,,,,,,,,,,,,,,,,,,,,,,,"Google","https://www.google.com/maps/reviews/data=!4m8!14m7!1m6!2m5!1sChdDSUhNMG9nS0VON3p6UHo3NWQ2M3FnRRAB!2m1!1s0x0:0x865192eaff00f882!3m1!1s2@1:CIHM0ogKEN7zzPz75d63qgE%7C%7C?hl=en","106998529931754402324","58","https://lh3.googleusercontent.com/a-/ALV-UjXhxfLZOhsZOAke94-wAA0HtMxJLz5GNwT_7qPB-E6sp1I_cP7D=s1920-c-rp-mo-ba4-br100","https://www.google.com/maps/contrib/106998529931754402324?hl=en","1917","2025-09-22T03:42:20.195Z","Direct Detail URL: https://www.google.com/maps/place/Parap+Village+Markets/@-12.4316104,130.8420394,17z/data=!3m1!4b1!4m6!3m5!1s0x2cc093d12bf0efe3:0x865192eaff00f882!8m2!3d-12.4316104!4d130.8446143!16s%2Fg%2F1wjwxy8h?entry=ttu&g_ep=EgoyMDI1MDkxNy4wIKXMDSoASAFQAw%3D%3D","5","Northern Territory","3/3 Vickers St","false",,,"Parap Village Markets","4.5",,"https://www.google.com/maps/search/?api=1&query=Parap%20Village%20Markets&query_place_id=ChIJ4-_wK9GTwCwRgvgA_-qSUYY",
"3/3 Vickers St, Parap NT 0804, Australia","Farmers' market","Clothing store","Craft store","Food court","Fruit and vegetable store","Market","Massage therapist","Tourist attraction","Farmers' market","9678678612194162818","Parap","AU","0x2cc093d12bf0efe3:0x865192eaff00f882","https://lh3.googleusercontent.com/gps-cs-s/AC9h4noBF3HbcrMm6CUtVgYUFGSR5MGm14j-dL8wXxc_JjOwX4Besc4yuXMDNjHbmU4DImy5kN8MxBtyW_z1DWnp9Ji2812h4h1hkKGURYKcH451F4GvfwrLE-niMXxcrb3iK2kkOXZl=w426-h240-k-no","false","true","en","0","-12.4316104","130.8446143","Leslie DeSilva",,"en","false","ChIJ4-_wK9GTwCwRgvgA_-qSUYY","0804",,"3 months ago","2025-06-04T03:45:28.699Z",,,,"ChdDSUhNMG9nS0VMUDU4OHZ1X2JIRThRRRAB",,,,,,,,,,,,,,,,,,,,,,,,,,,,,,,,,,"Google","https://www.google.com/maps/reviews/data=!4m8!14m7!1m6!2m5!1sChdDSUhNMG9nS0VMUDU4OHZ1X2JIRThRRRAB!2m1!1s0x0:0x865192eaff00f882!3m1!1s2@1:CIHM0ogKELP588vu_bHE8QE%7C%7C?hl=en","116277822465064685909","315","https://lh3.googleusercontent.com/a-/ALV-UjX34wF-WlDBrfxn4W1GMheqGB8dzY7pxper185GKgpg0-cEQhZU=s1920-c-rp-mo-ba5-br100","https://www.google.com/maps/contrib/116277822465064685909?hl=en","1917","2025-09-22T03:42:20.195Z","Direct Detail URL: https://www.google.com/maps/place/Parap+Village+Markets/@-12.4316104,130.8420394,17z/data=!3m1!4b1!4m6!3m5!1s0x2cc093d12bf0efe3:0x865192eaff00f882!8m2!3d-12.4316104!4d130.8446143!16s%2Fg%2F1wjwxy8h?entry=ttu&g_ep=EgoyMDI1MDkxNy4wIKXMDSoASAFQAw%3D%3D","5","Northern Territory","3/3 Vickers St","false","Great first day experience",,"Parap Village Markets","4.5",,"https://www.google.com/maps/search/?api=1&query=Parap%20Village%20Markets&query_place_id=ChIJ4-_wK9GTwCwRgvgA_-qSUYY",
"3/3 Vickers St, Parap NT 0804, Australia","Farmers' market","Clothing store","Craft store","Food court","Fruit and vegetable store","Market","Massage therapist","Tourist attraction","Farmers' market","9678678612194162818","Parap","AU","0x2cc093d12bf0efe3:0x865192eaff00f882","https://lh3.googleusercontent.com/gps-cs-s/AC9h4noBF3HbcrMm6CUtVgYUFGSR5MGm14j-dL8wXxc_JjOwX4Besc4yuXMDNjHbmU4DImy5kN8MxBtyW_z1DWnp9Ji2812h4h1hkKGURYKcH451F4GvfwrLE-niMXxcrb3iK2kkOXZl=w426-h240-k-no","false","true","en","0","-12.4316104","130.8446143","Elena P",,,"false","ChIJ4-_wK9GTwCwRgvgA_-qSUYY","0804",,"3 months ago","2025-05-31T10:35:50.471Z",,,,"ChZDSUhNMG9nS0VPYlktY18wLS1YNFZREAE",,,,,,,,,,,,,,,,,,,,,,,,,,,,,,,,,,"Google","https://www.google.com/maps/reviews/data=!4m8!14m7!1m6!2m5!1sChZDSUhNMG9nS0VPYlktY18wLS1YNFZREAE!2m1!1s0x0:0x865192eaff00f882!3m1!1s2@1:CIHM0ogKEObY-c_0--X4VQ%7C%7C?hl=en","104690873758666817396","38","https://lh3.googleusercontent.com/a/ACg8ocKkydEvSBjC7vAyvgeZwmECd5LzQPYoUETYyX1l2RDyIG2GiGs=s1920-c-rp-mo-ba4-br100","https://www.google.com/maps/contrib/104690873758666817396?hl=en","1917","2025-09-22T03:42:20.195Z","Direct Detail URL: https://www.google.com/maps/place/Parap+Village+Markets/@-12.4316104,130.8420394,17z/data=!3m1!4b1!4m6!3m5!1s0x2cc093d12bf0efe3:0x865192eaff00f882!8m2!3d-12.4316104!4d130.8446143!16s%2Fg%2F1wjwxy8h?entry=ttu&g_ep=EgoyMDI1MDkxNy4wIKXMDSoASAFQAw%3D%3D","4","Northern Territory","3/3 Vickers St","false",,,"Parap Village Markets","4.5",,"https://www.google.com/maps/search/?api=1&query=Parap%20Village%20Markets&query_place_id=ChIJ4-_wK9GTwCwRgvgA_-qSUYY",
"3/3 Vickers St, Parap NT 0804, Australia","Farmers' market","Clothing store","Craft store","Food court","Fruit and vegetable store","Market","Massage therapist","Tourist attraction","Farmers' market","9678678612194162818","Parap","AU","0x2cc093d12bf0efe3:0x865192eaff00f882","https://lh3.googleusercontent.com/gps-cs-s/AC9h4noBF3HbcrMm6CUtVgYUFGSR5MGm14j-dL8wXxc_JjOwX4Besc4yuXMDNjHbmU4DImy5kN8MxBtyW_z1DWnp9Ji2812h4h1hkKGURYKcH451F4GvfwrLE-niMXxcrb3iK2kkOXZl=w426-h240-k-no","false","true","en","0","-12.4316104","130.8446143","Sheri Stav",,"en","false","ChIJ4-_wK9GTwCwRgvgA_-qSUYY","0804",,"3 months ago","2025-05-26T06:38:45.123Z",,,,"ChZDSUhNMG9nS0VMbmM3X1dJX3NqUWNREAE",,,,,,,,,,,,,,,,,,,,,,,,,,,,,,,,,,"Google","https://www.google.com/maps/reviews/data=!4m8!14m7!1m6!2m5!1sChZDSUhNMG9nS0VMbmM3X1dJX3NqUWNREAE!2m1!1s0x0:0x865192eaff00f882!3m1!1s2@1:CIHM0ogKELnc7_WI_sjQcQ%7C%7C?hl=en","103548010716527779168","41","https://lh3.googleusercontent.com/a-/ALV-UjVyBF-TfIrTtPWY9FCm4NLWHEO4jwTF9l9bOyzIjCb2cokkHUUAkg=s1920-c-rp-mo-ba3-br100","https://www.google.com/maps/contrib/103548010716527779168?hl=en","1917","2025-09-22T03:42:20.195Z","Direct Detail URL: https://www.google.com/maps/place/Parap+Village+Markets/@-12.4316104,130.8420394,17z/data=!3m1!4b1!4m6!3m5!1s0x2cc093d12bf0efe3:0x865192eaff00f882!8m2!3d-12.4316104!4d130.8446143!16s%2Fg%2F1wjwxy8h?entry=ttu&g_ep=EgoyMDI1MDkxNy4wIKXMDSoASAFQAw%3D%3D","5","Northern Territory","3/3 Vickers St","false","If you are visiting Darwin you definitely need to check out the Parap Markets. Yummy food and drink options!",,"Parap Village Markets","4.5",,"https://www.google.com/maps/search/?api=1&query=Parap%20Village%20Markets&query_place_id=ChIJ4-_wK9GTwCwRgvgA_-qSUYY",
"3/3 Vickers St, Parap NT 0804, Australia","Farmers' market","Clothing store","Craft store","Food court","Fruit and vegetable store","Market","Massage therapist","Tourist attraction","Farmers' market","9678678612194162818","Parap","AU","0x2cc093d12bf0efe3:0x865192eaff00f882","https://lh3.googleusercontent.com/gps-cs-s/AC9h4noBF3HbcrMm6CUtVgYUFGSR5MGm14j-dL8wXxc_JjOwX4Besc4yuXMDNjHbmU4DImy5kN8MxBtyW_z1DWnp9Ji2812h4h1hkKGURYKcH451F4GvfwrLE-niMXxcrb3iK2kkOXZl=w426-h240-k-no","false","true","en","0","-12.4316104","130.8446143","Mrs Bish",,"en","false","ChIJ4-_wK9GTwCwRgvgA_-qSUYY","0804",,"Edited 3 months ago","2025-05-25T14:44:46.058Z",,,,"ChZDSUhNMG9nS0VNTDQ1TC01dWRydWZBEAE","https://lh3.googleusercontent.com/geougc-cs/AB3l90D9dwT4w40bsQphVFCzynFKoZkv41P3EJyCrOjspVjvSBZawzOAloGPWTvj_Opk6Lu9yMzKvsAYxxjzBuVMzBRzJyWwiI_KA0udlkHNAsJSflg78JvkQ1_hyd3CmRXcPvG4TjmY","https://lh3.googleusercontent.com/geougc-cs/AB3l90Dsw3mD68S1CnSOz1L7Y1_av1AjI3M93AVGh1CKJrOjuIjVvIxT0T2ImwYzX3BMfqhzjPNWjvuX3nBzZkD_cLxgAnNOj7Nnl0hlAD6q_bglEAZ7TH-eu3SVM-ZwE7jCTUErTDER",,,,,,,,,,,,,,,,,,,,,,,,,,,,,,,,"Google","https://www.google.com/maps/reviews/data=!4m8!14m7!1m6!2m5!1sChZDSUhNMG9nS0VNTDQ1TC01dWRydWZBEAE!2m1!1s0x0:0x865192eaff00f882!3m1!1s2@1:CIHM0ogKEML45L-5udrufA%7C%7C?hl=en","112786117201837926148","417","https://lh3.googleusercontent.com/a/ACg8ocIWmspXwhMjmXH9ebW61zNTwvRtOXr0dUaIf6YFxpxOozqG=s1920-c-rp-mo-ba6-br100","https://www.google.com/maps/contrib/112786117201837926148?hl=en","1917","2025-09-22T03:42:20.195Z","Direct Detail URL: https://www.google.com/maps/place/Parap+Village+Markets/@-12.4316104,130.8420394,17z/data=!3m1!4b1!4m6!3m5!1s0x2cc093d12bf0efe3:0x865192eaff00f882!8m2!3d-12.4316104!4d130.8446143!16s%2Fg%2F1wjwxy8h?entry=ttu&g_ep=EgoyMDI1MDkxNy4wIKXMDSoASAFQAw%3D%3D","5","Northern Territory","3/3 Vickers St","false","It has been 11 years since I left Darwin, and the only food I was craving was market food, and Greek food.
Parap Markets was one of my favourite places to visit on a Saturday morning.
So many fond memories.
This market has the most delicious authentic food.
From the fresh juices, to the famous laksas and papaya salads, there is something for everyone.
I highly recommend visiting these markets.",,"Parap Village Markets","4.5",,"https://www.google.com/maps/search/?api=1&query=Parap%20Village%20Markets&query_place_id=ChIJ4-_wK9GTwCwRgvgA_-qSUYY",
"3/3 Vickers St, Parap NT 0804, Australia","Farmers' market","Clothing store","Craft store","Food court","Fruit and vegetable store","Market","Massage therapist","Tourist attraction","Farmers' market","9678678612194162818","Parap","AU","0x2cc093d12bf0efe3:0x865192eaff00f882","https://lh3.googleusercontent.com/gps-cs-s/AC9h4noBF3HbcrMm6CUtVgYUFGSR5MGm14j-dL8wXxc_JjOwX4Besc4yuXMDNjHbmU4DImy5kN8MxBtyW_z1DWnp9Ji2812h4h1hkKGURYKcH451F4GvfwrLE-niMXxcrb3iK2kkOXZl=w426-h240-k-no","false","true","en","0","-12.4316104","130.8446143","Nguyen Truong An",,,"false","ChIJ4-_wK9GTwCwRgvgA_-qSUYY","0804",,"3 months ago","2025-05-24T06:54:45.372Z",,,,"ChdDSUhNMG9nS0VNR2pfOFc3aE9XZXpnRRAB","https://lh3.googleusercontent.com/geougc-cs/AB3l90AUhRWHVqsqEVBto2162TCvPKPrEGJ3uM0sWBh_syPkWdzhSxAUf0gD0gMNQ9UYWhMwWFeuaIlgA_O6RoiRa91ag_ge6nrLjkTSjsEqMDR6NDHDUQ-CXGhk_S4xmnKMYPtc_8_T","https://lh3.googleusercontent.com/geougc-cs/AB3l90B2Bw10adkp65Pi0G_cvynKxCEEt_272AZp3C5avbUUVRQdzdMWidAo8xgbfalth1hESL7JIiQ38zoWwbnB1Mj6cjOu4GRIxshlN-S4oGRsnLlpcOEVLqK9Vccn4L-j0SAbuqu08w",,,,,,,,,,,,,,,,,,,,,,,,,,,,,,,,"Google","https://www.google.com/maps/reviews/data=!4m8!14m7!1m6!2m5!1sChdDSUhNMG9nS0VNR2pfOFc3aE9XZXpnRRAB!2m1!1s0x0:0x865192eaff00f882!3m1!1s2@1:CIHM0ogKEMGj_8W7hOWezgE%7C%7C?hl=en","102685878400186639236","288","https://lh3.googleusercontent.com/a-/ALV-UjUXbbbhPCxzBBcgRk_JaaOEgqMwebmhnzMoKwuSO3aSnUov4qm_=s1920-c-rp-mo-ba5-br100","https://www.google.com/maps/contrib/102685878400186639236?hl=en","1917","2025-09-22T03:42:20.195Z","Direct Detail URL: https://www.google.com/maps/place/Parap+Village+Markets/@-12.4316104,130.8420394,17z/data=!3m1!4b1!4m6!3m5!1s0x2cc093d12bf0efe3:0x865192eaff00f882!8m2!3d-12.4316104!4d130.8446143!16s%2Fg%2F1wjwxy8h?entry=ttu&g_ep=EgoyMDI1MDkxNy4wIKXMDSoASAFQAw%3D%3D","5","Northern Territory","3/3 Vickers St","false",,,"Parap Village Markets","4.5",,"https://www.google.com/maps/search/?api=1&query=Parap%20Village%20Markets&query_place_id=ChIJ4-_wK9GTwCwRgvgA_-qSUYY",
"3/3 Vickers St, Parap NT 0804, Australia","Farmers' market","Clothing store","Craft store","Food court","Fruit and vegetable store","Market","Massage therapist","Tourist attraction","Farmers' market","9678678612194162818","Parap","AU","0x2cc093d12bf0efe3:0x865192eaff00f882","https://lh3.googleusercontent.com/gps-cs-s/AC9h4noBF3HbcrMm6CUtVgYUFGSR5MGm14j-dL8wXxc_JjOwX4Besc4yuXMDNjHbmU4DImy5kN8MxBtyW_z1DWnp9Ji2812h4h1hkKGURYKcH451F4GvfwrLE-niMXxcrb3iK2kkOXZl=w426-h240-k-no","false","true","en","0","-12.4316104","130.8446143","Noodle E. String",,"en","false","ChIJ4-_wK9GTwCwRgvgA_-qSUYY","0804",,"3 months ago","2025-05-22T07:37:28.294Z",,,,"ChZDSUhNMG9nS0VMWDd0Ykx4d3NIYmR3EAE",,,,,,,,,,,,,,,,,,,,,,,,,,,,,,,,,,"Google","https://www.google.com/maps/reviews/data=!4m8!14m7!1m6!2m5!1sChZDSUhNMG9nS0VMWDd0Ykx4d3NIYmR3EAE!2m1!1s0x0:0x865192eaff00f882!3m1!1s2@1:CIHM0ogKELX7tbLxwsHbdw%7C%7C?hl=en","117026336616795265009","128","https://lh3.googleusercontent.com/a-/ALV-UjX4CioGAzoWKd0PJ-b5TzXyqTdAUCm8RcmZS-Ts_VLWk8K-8tYR=s1920-c-rp-mo-ba4-br100","https://www.google.com/maps/contrib/117026336616795265009?hl=en","1917","2025-09-22T03:42:20.195Z","Direct Detail URL: https://www.google.com/maps/place/Parap+Village+Markets/@-12.4316104,130.8420394,17z/data=!3m1!4b1!4m6!3m5!1s0x2cc093d12bf0efe3:0x865192eaff00f882!8m2!3d-12.4316104!4d130.8446143!16s%2Fg%2F1wjwxy8h?entry=ttu&g_ep=EgoyMDI1MDkxNy4wIKXMDSoASAFQAw%3D%3D","5","Northern Territory","3/3 Vickers St","false","One of if not the best market in Darwin.  The best laksa in the Top End is served here and there's also many other traditional tropical dishes and fruits found here.",,"Parap Village Markets","4.5",,"https://www.google.com/maps/search/?api=1&query=Parap%20Village%20Markets&query_place_id=ChIJ4-_wK9GTwCwRgvgA_-qSUYY",
"3/3 Vickers St, Parap NT 0804, Australia","Farmers' market","Clothing store","Craft store","Food court","Fruit and vegetable store","Market","Massage therapist","Tourist attraction","Farmers' market","9678678612194162818","Parap","AU","0x2cc093d12bf0efe3:0x865192eaff00f882","https://lh3.googleusercontent.com/gps-cs-s/AC9h4noBF3HbcrMm6CUtVgYUFGSR5MGm14j-dL8wXxc_JjOwX4Besc4yuXMDNjHbmU4DImy5kN8MxBtyW_z1DWnp9Ji2812h4h1hkKGURYKcH451F4GvfwrLE-niMXxcrb3iK2kkOXZl=w426-h240-k-no","false","true","en","0","-12.4316104","130.8446143","Andy Hird",,"en","false","ChIJ4-_wK9GTwCwRgvgA_-qSUYY","0804",,"4 months ago","2025-05-20T04:34:28.550Z",,,,"ChdDSUhNMG9nS0VNdV9qTVNobDhDT3hBRRAB",,,,,,,,,,,,,,,,,,,,,,,,,,,,,,,,,,"Google","https://www.google.com/maps/reviews/data=!4m8!14m7!1m6!2m5!1sChdDSUhNMG9nS0VNdV9qTVNobDhDT3hBRRAB!2m1!1s0x0:0x865192eaff00f882!3m1!1s2@1:CIHM0ogKEMu_jMShl8COxAE%7C%7C?hl=en","102050608524794953631","30","https://lh3.googleusercontent.com/a-/ALV-UjWgU-lByE5vSGX_LRAKWbOUdW1VEsQxwSpPsYRzgxc5zbFPjnQ=s1920-c-rp-mo-ba3-br100","https://www.google.com/maps/contrib/102050608524794953631?hl=en","1917","2025-09-22T03:42:20.195Z","Direct Detail URL: https://www.google.com/maps/place/Parap+Village+Markets/@-12.4316104,130.8420394,17z/data=!3m1!4b1!4m6!3m5!1s0x2cc093d12bf0efe3:0x865192eaff00f882!8m2!3d-12.4316104!4d130.8446143!16s%2Fg%2F1wjwxy8h?entry=ttu&g_ep=EgoyMDI1MDkxNy4wIKXMDSoASAFQAw%3D%3D","5","Northern Territory","3/3 Vickers St","false","Awesome market great mix of food and drinks great atmosphere",,"Parap Village Markets","4.5",,"https://www.google.com/maps/search/?api=1&query=Parap%20Village%20Markets&query_place_id=ChIJ4-_wK9GTwCwRgvgA_-qSUYY",
"3/3 Vickers St, Parap NT 0804, Australia","Farmers' market","Clothing store","Craft store","Food court","Fruit and vegetable store","Market","Massage therapist","Tourist attraction","Farmers' market","9678678612194162818","Parap","AU","0x2cc093d12bf0efe3:0x865192eaff00f882","https://lh3.googleusercontent.com/gps-cs-s/AC9h4noBF3HbcrMm6CUtVgYUFGSR5MGm14j-dL8wXxc_JjOwX4Besc4yuXMDNjHbmU4DImy5kN8MxBtyW_z1DWnp9Ji2812h4h1hkKGURYKcH451F4GvfwrLE-niMXxcrb3iK2kkOXZl=w426-h240-k-no","false","true","en","0","-12.4316104","130.8446143","Stephen K Vurobaravu",,"en","false","ChIJ4-_wK9GTwCwRgvgA_-qSUYY","0804",,"4 months ago","2025-05-18T11:03:27.002Z",,,,"ChdDSUhNMG9nS0VONkZ6T3ZILTgycS13RRAB",,,,,,,,,,,,,,,,,,,,,,,,,,,,,,,,,,"Google","https://www.google.com/maps/reviews/data=!4m8!14m7!1m6!2m5!1sChdDSUhNMG9nS0VONkZ6T3ZILTgycS13RRAB!2m1!1s0x0:0x865192eaff00f882!3m1!1s2@1:CIHM0ogKEN6FzOvH-82q-wE%7C%7C?hl=en","115888078822939115505","17","https://lh3.googleusercontent.com/a-/ALV-UjXINTxHWaHx1umhdumue63muXxWxgNev3_7CkTcCO24ysB9Z31Q=s1920-c-rp-mo-ba2-br100","https://www.google.com/maps/contrib/115888078822939115505?hl=en","1917","2025-09-22T03:42:20.195Z","Direct Detail URL: https://www.google.com/maps/place/Parap+Village+Markets/@-12.4316104,130.8420394,17z/data=!3m1!4b1!4m6!3m5!1s0x2cc093d12bf0efe3:0x865192eaff00f882!8m2!3d-12.4316104!4d130.8446143!16s%2Fg%2F1wjwxy8h?entry=ttu&g_ep=EgoyMDI1MDkxNy4wIKXMDSoASAFQAw%3D%3D","5","Northern Territory","3/3 Vickers St","false","Love it.  Great location, easy access, and plenty of food to choose from.",,"Parap Village Markets","4.5",,"https://www.google.com/maps/search/?api=1&query=Parap%20Village%20Markets&query_place_id=ChIJ4-_wK9GTwCwRgvgA_-qSUYY",
"3/3 Vickers St, Parap NT 0804, Australia","Farmers' market","Clothing store","Craft store","Food court","Fruit and vegetable store","Market","Massage therapist","Tourist attraction","Farmers' market","9678678612194162818","Parap","AU","0x2cc093d12bf0efe3:0x865192eaff00f882","https://lh3.googleusercontent.com/gps-cs-s/AC9h4noBF3HbcrMm6CUtVgYUFGSR5MGm14j-dL8wXxc_JjOwX4Besc4yuXMDNjHbmU4DImy5kN8MxBtyW_z1DWnp9Ji2812h4h1hkKGURYKcH451F4GvfwrLE-niMXxcrb3iK2kkOXZl=w426-h240-k-no","false","true","en","0","-12.4316104","130.8446143","Lincoln McCann",,,"false","ChIJ4-_wK9GTwCwRgvgA_-qSUYY","0804",,"4 months ago","2025-05-18T09:41:50.616Z",,,,"ChdDSUhNMG9nS0VLNnE5TS1jdEtlWDlnRRAB",,,,,,,,,,,,,,,,,,,,,,,,,,,,,,,,,,"Google","https://www.google.com/maps/reviews/data=!4m8!14m7!1m6!2m5!1sChdDSUhNMG9nS0VLNnE5TS1jdEtlWDlnRRAB!2m1!1s0x0:0x865192eaff00f882!3m1!1s2@1:CIHM0ogKEK6q9M-ctKeX9gE%7C%7C?hl=en","109564017412565436527","37","https://lh3.googleusercontent.com/a-/ALV-UjU8p4wzS1ZFE_6AsPEeImee_4vgZq-idWiwNXrZ60yHZ_ou1hhz=s1920-c-rp-mo-ba3-br100","https://www.google.com/maps/contrib/109564017412565436527?hl=en","1917","2025-09-22T03:42:20.195Z","Direct Detail URL: https://www.google.com/maps/place/Parap+Village+Markets/@-12.4316104,130.8420394,17z/data=!3m1!4b1!4m6!3m5!1s0x2cc093d12bf0efe3:0x865192eaff00f882!8m2!3d-12.4316104!4d130.8446143!16s%2Fg%2F1wjwxy8h?entry=ttu&g_ep=EgoyMDI1MDkxNy4wIKXMDSoASAFQAw%3D%3D","4","Northern Territory","3/3 Vickers St","false",,,"Parap Village Markets","4.5",,"https://www.google.com/maps/search/?api=1&query=Parap%20Village%20Markets&query_place_id=ChIJ4-_wK9GTwCwRgvgA_-qSUYY",
"3/3 Vickers St, Parap NT 0804, Australia","Farmers' market","Clothing store","Craft store","Food court","Fruit and vegetable store","Market","Massage therapist","Tourist attraction","Farmers' market","9678678612194162818","Parap","AU","0x2cc093d12bf0efe3:0x865192eaff00f882","https://lh3.googleusercontent.com/gps-cs-s/AC9h4noBF3HbcrMm6CUtVgYUFGSR5MGm14j-dL8wXxc_JjOwX4Besc4yuXMDNjHbmU4DImy5kN8MxBtyW_z1DWnp9Ji2812h4h1hkKGURYKcH451F4GvfwrLE-niMXxcrb3iK2kkOXZl=w426-h240-k-no","false","false","en","0","-12.4316104","130.8446143","annabel goward",,"en","false","ChIJ4-_wK9GTwCwRgvgA_-qSUYY","0804",,"4 months ago","2025-05-17T20:03:22.103Z",,,,"ChdDSUhNMG9nS0VMaTg2X3IwamVtTWp3RRAB",,,,,,,,,,,,,,,,,,,,,,,,,,,,,,,,,,"Google","https://www.google.com/maps/reviews/data=!4m8!14m7!1m6!2m5!1sChdDSUhNMG9nS0VMaTg2X3IwamVtTWp3RRAB!2m1!1s0x0:0x865192eaff00f882!3m1!1s2@1:CIHM0ogKELi86_r0jemMjwE%7C%7C?hl=en","114011730394903064836","12","https://lh3.googleusercontent.com/a/ACg8ocL86RtGTg6SHbpsIv-k73uMl8S4xSmaCoZuLP11LchCzcU1Xg=s1920-c-rp-mo-br100","https://www.google.com/maps/contrib/114011730394903064836?hl=en","1917","2025-09-22T03:42:20.195Z","Direct Detail URL: https://www.google.com/maps/place/Parap+Village+Markets/@-12.4316104,130.8420394,17z/data=!3m1!4b1!4m6!3m5!1s0x2cc093d12bf0efe3:0x865192eaff00f882!8m2!3d-12.4316104!4d130.8446143!16s%2Fg%2F1wjwxy8h?entry=ttu&g_ep=EgoyMDI1MDkxNy4wIKXMDSoASAFQAw%3D%3D","4","Northern Territory","3/3 Vickers St","false","Art, food, fresh fruit and vegetables, massage, clothes, jewellery, very friendly stall holders. Be sure to seek out Tracey at the tanamu oil stand. Unfortunately the council has not been innovative in regards to green waste disposal. The toilets leave a lot to be desired.",,"Parap Village Markets","4.5",,"https://www.google.com/maps/search/?api=1&query=Parap%20Village%20Markets&query_place_id=ChIJ4-_wK9GTwCwRgvgA_-qSUYY",
"3/3 Vickers St, Parap NT 0804, Australia","Farmers' market","Clothing store","Craft store","Food court","Fruit and vegetable store","Market","Massage therapist","Tourist attraction","Farmers' market","9678678612194162818","Parap","AU","0x2cc093d12bf0efe3:0x865192eaff00f882","https://lh3.googleusercontent.com/gps-cs-s/AC9h4noBF3HbcrMm6CUtVgYUFGSR5MGm14j-dL8wXxc_JjOwX4Besc4yuXMDNjHbmU4DImy5kN8MxBtyW_z1DWnp9Ji2812h4h1hkKGURYKcH451F4GvfwrLE-niMXxcrb3iK2kkOXZl=w426-h240-k-no","false","true","en","0","-12.4316104","130.8446143","Ross La Rosa",,,"false","ChIJ4-_wK9GTwCwRgvgA_-qSUYY","0804",,"4 months ago","2025-05-17T11:01:13.816Z",,,,"ChdDSUhNMG9nS0VKeXlsY1NRaHVlSy1RRRAB",,,,,,,,,,,,,,,,,,,,,,,,,,,,,,,,,,"Google","https://www.google.com/maps/reviews/data=!4m8!14m7!1m6!2m5!1sChdDSUhNMG9nS0VKeXlsY1NRaHVlSy1RRRAB!2m1!1s0x0:0x865192eaff00f882!3m1!1s2@1:CIHM0ogKEJyylcSQhueK-QE%7C%7C?hl=en","117972029870709038353","6","https://lh3.googleusercontent.com/a/ACg8ocLgCCPENY-Ecqw6KlG6Y_dbzqpgScisj-UCXArpiGXDzxRvyQ=s1920-c-rp-mo-ba2-br100","https://www.google.com/maps/contrib/117972029870709038353?hl=en","1917","2025-09-22T03:42:20.195Z","Direct Detail URL: https://www.google.com/maps/place/Parap+Village+Markets/@-12.4316104,130.8420394,17z/data=!3m1!4b1!4m6!3m5!1s0x2cc093d12bf0efe3:0x865192eaff00f882!8m2!3d-12.4316104!4d130.8446143!16s%2Fg%2F1wjwxy8h?entry=ttu&g_ep=EgoyMDI1MDkxNy4wIKXMDSoASAFQAw%3D%3D","5","Northern Territory","3/3 Vickers St","false",,,"Parap Village Markets","4.5",,"https://www.google.com/maps/search/?api=1&query=Parap%20Village%20Markets&query_place_id=ChIJ4-_wK9GTwCwRgvgA_-qSUYY",
