"address","categories/0","categories/1","categoryName","cid","city","countryCode","fid","imageUrl","isAdvertisement","isLocalGuide","language","likesCount","location/lat","location/lng","name","neighborhood","originalLanguage","permanentlyClosed","placeId","postalCode","price","publishAt","publishedAtDate","rating","responseFromOwnerDate","responseFromOwnerText","reviewContext/Dog-friendliness","reviewContext/Picnic area","reviewContext/Playground","reviewContext/Restrooms","reviewId","reviewImageUrls/0","reviewImageUrls/1","reviewImageUrls/2","reviewImageUrls/3","reviewImageUrls/4","reviewImageUrls/5","reviewImageUrls/6","reviewImageUrls/7","reviewImageUrls/8","reviewImageUrls/9","reviewOrigin","reviewUrl","reviewerId","reviewerNumberOfReviews","reviewerPhotoUrl","reviewerUrl","reviewsCount","scrapedAt","searchString","stars","state","street","temporarilyClosed","text","textTranslated","title","totalScore","translatedLanguage","url","visitedIn"
"Tiger Brennan Dr, Charles Darwin NT 0820, Australia","National park","Tourist attraction","National park","1081452875368951648","Charles Darwin","AU","0x2cc091357c650a31:0xf0217a90db0ef60","https://lh3.googleusercontent.com/gps-cs-s/AC9h4nqtMDSGYEvu225Uc_UqSN1iT6if1yR-aAZ5qJcw-WS3V9jbOtAKrfM89T4L4V0RGrEpLDWRGbst70TMJGljIhLdziGKVguV6nzGQYSfjC0rv2ucDhlHuV5CSkHfly9ybKP4rrM=w408-h307-k-no","false","true","en","0","-12.4493913","130.875155","Lisa Bishop",,,"false","ChIJMQplfDWRwCwRYO-wDakXAg8","0820",,"4 weeks ago","2025-08-23T07:02:29.280Z",,,,,,,,"Ci9DQUlRQUNvZENodHljRjlvT2s0d1VFMDBUMjFRYVZaMlJGVnNNalU1WkVrNE9HYxAB",,,,,,,,,,,"Google","https://www.google.com/maps/reviews/data=!4m8!14m7!1m6!2m5!1sCi9DQUlRQUNvZENodHljRjlvT2s0d1VFMDBUMjFRYVZaMlJGVnNNalU1WkVrNE9HYxAB!2m1!1s0x0:0xf0217a90db0ef60!3m1!1s2@1:CAIQACodChtycF9oOk4wUE00T21QaVZ2RFVsMjU5ZEk4OGc%7C%7C?hl=en","118158493361914973320","11","https://lh3.googleusercontent.com/a/ACg8ocLc0cp_TcM7me3gufgD5Yl32fy6x4H4KJz8PvHapHFOvuuK5A=s1920-c-rp-mo-ba2-br100","https://www.google.com/maps/contrib/118158493361914973320?hl=en","302","2025-09-21T15:21:46.147Z","Direct Detail URL: https://www.google.com/maps/place/Charles+Darwin+National+Park/@-12.449386,130.8725801,17z/data=!4m8!3m7!1s0x2cc091357c650a31:0xf0217a90db0ef60!8m2!3d-12.4493913!4d130.875155!9m1!1b1!16zL20vMHBzYzk?entry=ttu&g_ep=EgoyMDI1MDkxNy4wIKXMDSoASAFQAw%3D%3D","5","Northern Territory","Tiger Brennan Dr","false",,,"Charles Darwin National Park","4.2",,"https://www.google.com/maps/search/?api=1&query=Charles%20Darwin%20National%20Park&query_place_id=ChIJMQplfDWRwCwRYO-wDakXAg8",
"Tiger Brennan Dr, Charles Darwin NT 0820, Australia","National park","Tourist attraction","National park","1081452875368951648","Charles Darwin","AU","0x2cc091357c650a31:0xf0217a90db0ef60","https://lh3.googleusercontent.com/gps-cs-s/AC9h4nqtMDSGYEvu225Uc_UqSN1iT6if1yR-aAZ5qJcw-WS3V9jbOtAKrfM89T4L4V0RGrEpLDWRGbst70TMJGljIhLdziGKVguV6nzGQYSfjC0rv2ucDhlHuV5CSkHfly9ybKP4rrM=w408-h307-k-no","false","true","en","0","-12.4493913","130.875155","Harry Hoogendoorn",,"en","false","ChIJMQplfDWRwCwRYO-wDakXAg8","0820",,"a month ago","2025-08-19T22:33:03.874Z",,,,"Maybe","Excellent variety of under cover and seating","Nil","Clean and convenient","Ci9DQUlRQUNvZENodHljRjlvT25oWWFFa3lOVkF0YTJOVlRuSlBTekZXTUd4U1FVRRAB","https://lh3.googleusercontent.com/geougc-cs/AB3l90DWbmAl08WMF7FzMB0o-0fXo_tr7LMg-cdUvT4RtJ327OQn3D1TOnYvT9kRrelSGJunJpRZy7HKgp4Q5rpmncc8j18C3MkbLr0p-PkjBk10-nCNIDOTrdFlUPpyJRIkDN2YiDHB7-t9AxSf","https://lh3.googleusercontent.com/geougc-cs/AB3l90DoLqhfmOB5iXtfFFBL453w0AnOptDlxZxrDUaAFMPeK75fIbo897k9JGTeC-PG7UGjiJRAT27b4FSQsi68dWuB1Dv5vhwXh4F_2PVBIwi037qh6l0GweqRYbQ7eNV9DOxGDRx6HpodkY1A","https://lh3.googleusercontent.com/geougc-cs/AB3l90A4MPsFjKGKx9IMKFoF7Bsf06BwOipH_VYuUvhC7IdrSecmGmeCrhVv4i8ZZLfX5w9eglyK00uc5vgodamahdg98avd_J05HwUNvDGIUJlpxz6aWinhtdx5K_tuUZJn5_GERi9l2HA2VMMT","https://lh3.googleusercontent.com/geougc-cs/AB3l90Bj-mFPnvFxUyo_Xp_fnXa2zfrWcjDSAnwgeIgOE3ih8Cj6vWla8WJqtAtj04AV-KB-k9PhW5sSlvhYDqcTYQ6dmrjNgGdMF4E_3He11th23mMqUU2T4lV191soPuOe0LwT85E-06309tnP","https://lh3.googleusercontent.com/geougc-cs/AB3l90DKFeelKjj2r7iUOroj-HYB1W3gqrgrnRxzscMC5yhzLlmlkkjLfRfFd_CdaUFqBnayC0ZXXmW93eF44ZE3c8xB4dHzUQJ612oJVaHLsfG_q7rvelcF_VGRpeQhL0Uc4xtn1-bqM3s2kRI","https://lh3.googleusercontent.com/geougc-cs/AB3l90BsL3a9Miu1KjR1VGgKQMGmy4FIH9Pfig3miixworWULRNjallZ_Whf4x7lvupz1oWsjU-JIMdejJrfanani09-PjK5H9UcX5vXgtSJNvDWZ55eMCoMS9IHthSsRS_AVDzdU5mNth6ROGGB","https://lh3.googleusercontent.com/geougc-cs/AB3l90DJnStd7MJdrX8oD9umG2W1QUzNtLGb6BUEe387EojKYh1Hg1AlVCVkf8sv1q22qKXg-kfNXW9Zt2rQg7oA81o21N00UeRAFMYpk8K4xPJ3LLMFIpPkqpRv0xV5B91V15jAPWPlqeF3pnK3","https://lh3.googleusercontent.com/geougc-cs/AB3l90AX_SshISURKlSZde7-ooowDhh3SHUPu4uAELy-rlpsC6aD_G2A07WRKVBEXxx0hwtvHm_CjUrTkr4FTa7_LroYhLgDlag3xACtR2USUBxPYhAm0qAg0dWovuKIo_mE0a_8BhqObX1QS4ED","https://lh3.googleusercontent.com/geougc-cs/AB3l90DsK0cG8vAQShB1cq4UrYtGA5wT0kG8ZbGbdd52Ne-fZROTNJf7Ra9wMwf4ROxtz-OrwktBSF1UwBO-7-1PRdKqGOfOHtHaAJu4xII0FU7M7rzfp8WaN4S45R-K0B-DGSAkM5Ef5hpULCp4","https://lh3.googleusercontent.com/geougc-cs/AB3l90D76szZxeJeVPxv71IrEf9zrglsFShhzWkI1hn1YtrBZIa99EgdTealog-PFgcZsp9yZzVbDk6jsK10D7wF_Y9aTR91XEizaFrg2iJM3RJ221NK6jK8uapPf5yfo_Tw9vkkNurD4CUSGkc","Google","https://www.google.com/maps/reviews/data=!4m8!14m7!1m6!2m5!1sCi9DQUlRQUNvZENodHljRjlvT25oWWFFa3lOVkF0YTJOVlRuSlBTekZXTUd4U1FVRRAB!2m1!1s0x0:0xf0217a90db0ef60!3m1!1s2@1:CAIQACodChtycF9oOnhYaEkyNVAta2NVTnJPSzFWMGxSQUE%7C%7C?hl=en","117341520093316751823","96","https://lh3.googleusercontent.com/a-/ALV-UjUkPjtJVS-rfvHw7DrF0K0stbirXal_u5PqBQYZSqwkeCtEIiLt=s1920-c-rp-mo-ba6-br100","https://www.google.com/maps/contrib/117341520093316751823?hl=en","302","2025-09-21T15:21:46.147Z","Direct Detail URL: https://www.google.com/maps/place/Charles+Darwin+National+Park/@-12.449386,130.8725801,17z/data=!4m8!3m7!1s0x2cc091357c650a31:0xf0217a90db0ef60!8m2!3d-12.4493913!4d130.875155!9m1!1b1!16zL20vMHBzYzk?entry=ttu&g_ep=EgoyMDI1MDkxNy4wIKXMDSoASAFQAw%3D%3D","4","Northern Territory","Tiger Brennan Dr","false","Fantastic for mountain bike trail riding",,"Charles Darwin National Park","4.2",,"https://www.google.com/maps/search/?api=1&query=Charles%20Darwin%20National%20Park&query_place_id=ChIJMQplfDWRwCwRYO-wDakXAg8",
"Tiger Brennan Dr, Charles Darwin NT 0820, Australia","National park","Tourist attraction","National park","1081452875368951648","Charles Darwin","AU","0x2cc091357c650a31:0xf0217a90db0ef60","https://lh3.googleusercontent.com/gps-cs-s/AC9h4nqtMDSGYEvu225Uc_UqSN1iT6if1yR-aAZ5qJcw-WS3V9jbOtAKrfM89T4L4V0RGrEpLDWRGbst70TMJGljIhLdziGKVguV6nzGQYSfjC0rv2ucDhlHuV5CSkHfly9ybKP4rrM=w408-h307-k-no","false","false","en","0","-12.4493913","130.875155","Kathy Peters",,"en","false","ChIJMQplfDWRwCwRYO-wDakXAg8","0820",,"a month ago","2025-08-18T14:23:27.409Z",,,,,,,,"Ci9DQUlRQUNvZENodHljRjlvT25GVVdqRXpYM0JzZVhKRVRHdHJhekpCV1VGNk1FRRAB",,,,,,,,,,,"Google","https://www.google.com/maps/reviews/data=!4m8!14m7!1m6!2m5!1sCi9DQUlRQUNvZENodHljRjlvT25GVVdqRXpYM0JzZVhKRVRHdHJhekpCV1VGNk1FRRAB!2m1!1s0x0:0xf0217a90db0ef60!3m1!1s2@1:CAIQACodChtycF9oOnFUWjEzX3BseXJETGtrazJBWUF6MEE%7C%7C?hl=en","101010565172834032471","8","https://lh3.googleusercontent.com/a/ACg8ocKjhgCo9SH2L1-61Zup01EOSKQ9vWGKvkumILA-A82BopPutA=s1920-c-rp-mo-br100","https://www.google.com/maps/contrib/101010565172834032471?hl=en","302","2025-09-21T15:21:46.147Z","Direct Detail URL: https://www.google.com/maps/place/Charles+Darwin+National+Park/@-12.449386,130.8725801,17z/data=!4m8!3m7!1s0x2cc091357c650a31:0xf0217a90db0ef60!8m2!3d-12.4493913!4d130.875155!9m1!1b1!16zL20vMHBzYzk?entry=ttu&g_ep=EgoyMDI1MDkxNy4wIKXMDSoASAFQAw%3D%3D","3","Northern Territory","Tiger Brennan Dr","false","Do not go without bug spray!!!!",,"Charles Darwin National Park","4.2",,"https://www.google.com/maps/search/?api=1&query=Charles%20Darwin%20National%20Park&query_place_id=ChIJMQplfDWRwCwRYO-wDakXAg8",
"Tiger Brennan Dr, Charles Darwin NT 0820, Australia","National park","Tourist attraction","National park","1081452875368951648","Charles Darwin","AU","0x2cc091357c650a31:0xf0217a90db0ef60","https://lh3.googleusercontent.com/gps-cs-s/AC9h4nqtMDSGYEvu225Uc_UqSN1iT6if1yR-aAZ5qJcw-WS3V9jbOtAKrfM89T4L4V0RGrEpLDWRGbst70TMJGljIhLdziGKVguV6nzGQYSfjC0rv2ucDhlHuV5CSkHfly9ybKP4rrM=w408-h307-k-no","false","true","en","0","-12.4493913","130.875155","The Melbie",,"en","false","ChIJMQplfDWRwCwRYO-wDakXAg8","0820",,"a month ago","2025-08-07T12:46:09.702Z",,,,,,,,"Ci9DQUlRQUNvZENodHljRjlvT2s5VlVWRlZhR3hzV0VkUFJYVXlZM2MzYm5Oa1ptYxAB","https://lh3.googleusercontent.com/geougc-cs/AB3l90DoDkzBrk-sKh8u5GzZbvSthXQE1_SmHOJVJAxw5XcDEg1ZhJzUEOJ2YF6qrZ_rv06GnlNE6b9DF3-_QSS0NTQ-JfA9eAzgy1s2hn-4LZLCRzOY4fIaVhNjmG63ZSieu4zOdMZxj-cOoY0","https://lh3.googleusercontent.com/geougc-cs/AB3l90DveI3Ka65DDu9tNAm_dcUybjmuEz3t-tRQFuNs600QSiyDScep4i1MF_H0YeD5pbpJ7feNEnRStsHTxqgw7_mke-4Fmfr-2w0EQ_5myUikEF3K6tgUTDq2h8YaKVOC1QwWTkzXKyE9WKoC","https://lh3.googleusercontent.com/geougc-cs/AB3l90CMSlILst7t7a8868FlzZOp2-tliA4FZhhLgvy50Y5ATA3U223a2siXyBQGOyEGG15zgXAIzhRrgUpGLZ-G2PP531BVvxE1QKAxbUbWd22VQcXnxp-RmJZPJI929iP2brxYpfyy2W87hYQ","https://lh3.googleusercontent.com/geougc-cs/AB3l90As7xfRooL2ROqJ__n0Op4lEy5r6vaLlhx8Gl6Gu3tdRBcwGQYNDRv--16_P6UCfwSKD5hGh4txGqzRElI0pG3JBp6jtsF6q2jxZkqPAa8WARQ6rfnGHI6azLBhy-XD5ArxQG8ujsIkuKk","https://lh3.googleusercontent.com/geougc-cs/AB3l90A-ZiXJ5N5oWEqRvUY7Mw3FfJnsXolcn5K6RTr6b0sDeGsnqg_E_h9KureOKOP_T3inSqiS6hDHp1YjB1no7Kr7lNpzjDhmcYL5w4BbNSULiWwb7Rt26F9bKeSoEhd6rsPmGYum4OGBJDMk","https://lh3.googleusercontent.com/geougc-cs/AB3l90BmznxCyJoQzy15NFhMs8cgUMTPpeQW8vqZmdQWcuQX8ANo_tRU1Wcp3OBw5sSP001HxlHcMPd1IuV0z1Cii1cnGLpiPsWWM_5Ik8YyZdXLp6JqzpM3ms3ghb6MSscFCHzHDJfotovomnU","https://lh3.googleusercontent.com/geougc-cs/AB3l90C4uJ7-QREAA26ILhVeD3l9CupqJK18Aa_dxjcHfrTQmLadCv6mmLN_Dlsv7HPLoi7pvN32HeZhPgq-trmBMmnLFt8owHN0vrnslKM2W1s00v8OYl9zA8fBGGKJwcGiHL0HJixykYT37XQf",,,,"Google","https://www.google.com/maps/reviews/data=!4m8!14m7!1m6!2m5!1sCi9DQUlRQUNvZENodHljRjlvT2s5VlVWRlZhR3hzV0VkUFJYVXlZM2MzYm5Oa1ptYxAB!2m1!1s0x0:0xf0217a90db0ef60!3m1!1s2@1:CAIQACodChtycF9oOk9VUVFVaGxsWEdPRXUyY3c3bnNkZmc%7C%7C?hl=en","111860277045314789961","471","https://lh3.googleusercontent.com/a/ACg8ocI2gEH7LaeWTvy61utgFQoxRVCMr9SKy6tWVCyORKkdrbFmiw=s1920-c-rp-mo-ba6-br100","https://www.google.com/maps/contrib/111860277045314789961?hl=en","302","2025-09-21T15:21:46.147Z","Direct Detail URL: https://www.google.com/maps/place/Charles+Darwin+National+Park/@-12.449386,130.8725801,17z/data=!4m8!3m7!1s0x2cc091357c650a31:0xf0217a90db0ef60!8m2!3d-12.4493913!4d130.875155!9m1!1b1!16zL20vMHBzYzk?entry=ttu&g_ep=EgoyMDI1MDkxNy4wIKXMDSoASAFQAw%3D%3D","5","Northern Territory","Tiger Brennan Dr","false","Why indeed Charles Darwin again? The reknowned man & naturalist never set foot in Darwin. The city, the University & this park & God knows what else is named after him...Kinda scratching my head that the thriving heart of indigenous Australia is in NT - that so many places still have colonial hangover names. Global iconic places & cities have rebadged themselves after being historically known for centuries by a different name...Sorry - I digress... This free entry smaller park is historically significant & close to city of Darwin, with cycling & walking trails, BBQ & picnic facilities & toilets near the city views Lookout (& possibly elsewhere) with hidden WW2 bunkers for ammunition & provisions scattered around. It is still used for artillery practice by sounds of gunfire fairly close by on the day of our drive through 26/7/25 guided Tour with short stopovers. Dry season - park is rather browned off but green in certain parts. Hopefully you have sprayed yourself with insect repellant before visiting!",,"Charles Darwin National Park","4.2",,"https://www.google.com/maps/search/?api=1&query=Charles%20Darwin%20National%20Park&query_place_id=ChIJMQplfDWRwCwRYO-wDakXAg8",
"Tiger Brennan Dr, Charles Darwin NT 0820, Australia","National park","Tourist attraction","National park","1081452875368951648","Charles Darwin","AU","0x2cc091357c650a31:0xf0217a90db0ef60","https://lh3.googleusercontent.com/gps-cs-s/AC9h4nqtMDSGYEvu225Uc_UqSN1iT6if1yR-aAZ5qJcw-WS3V9jbOtAKrfM89T4L4V0RGrEpLDWRGbst70TMJGljIhLdziGKVguV6nzGQYSfjC0rv2ucDhlHuV5CSkHfly9ybKP4rrM=w408-h307-k-no","false","true","en","0","-12.4493913","130.875155","Helen's Limestone Sculptures",,"en","false","ChIJMQplfDWRwCwRYO-wDakXAg8","0820",,"a month ago","2025-07-24T11:54:56.542Z",,,,,,,,"Ci9DQUlRQUNvZENodHljRjlvT2pSaUxYZEpWblZZTFdneU1rbENTbU56TTJ0dk5YYxAB",,,,,,,,,,,"Google","https://www.google.com/maps/reviews/data=!4m8!14m7!1m6!2m5!1sCi9DQUlRQUNvZENodHljRjlvT2pSaUxYZEpWblZZTFdneU1rbENTbU56TTJ0dk5YYxAB!2m1!1s0x0:0xf0217a90db0ef60!3m1!1s2@1:CAIQACodChtycF9oOjRiLXdJVnVYLWgyMklCSmNzM2tvNXc%7C%7C?hl=en","112432183671689162125","115","https://lh3.googleusercontent.com/a-/ALV-UjWW4dXuoMRBMbr7XC_H3OD1Shh-Qu4w636ldja8O8elZ554pZE=s1920-c-rp-mo-ba4-br100","https://www.google.com/maps/contrib/112432183671689162125?hl=en","302","2025-09-21T15:21:46.147Z","Direct Detail URL: https://www.google.com/maps/place/Charles+Darwin+National+Park/@-12.449386,130.8725801,17z/data=!4m8!3m7!1s0x2cc091357c650a31:0xf0217a90db0ef60!8m2!3d-12.4493913!4d130.875155!9m1!1b1!16zL20vMHBzYzk?entry=ttu&g_ep=EgoyMDI1MDkxNy4wIKXMDSoASAFQAw%3D%3D","3","Northern Territory","Tiger Brennan Dr","false","Sand flies wear bug spray",,"Charles Darwin National Park","4.2",,"https://www.google.com/maps/search/?api=1&query=Charles%20Darwin%20National%20Park&query_place_id=ChIJMQplfDWRwCwRYO-wDakXAg8",
"Tiger Brennan Dr, Charles Darwin NT 0820, Australia","National park","Tourist attraction","National park","1081452875368951648","Charles Darwin","AU","0x2cc091357c650a31:0xf0217a90db0ef60","https://lh3.googleusercontent.com/gps-cs-s/AC9h4nqtMDSGYEvu225Uc_UqSN1iT6if1yR-aAZ5qJcw-WS3V9jbOtAKrfM89T4L4V0RGrEpLDWRGbst70TMJGljIhLdziGKVguV6nzGQYSfjC0rv2ucDhlHuV5CSkHfly9ybKP4rrM=w408-h307-k-no","false","true","en","0","-12.4493913","130.875155","Stephen Ranck",,"en","false","ChIJMQplfDWRwCwRYO-wDakXAg8","0820",,"2 months ago","2025-07-13T11:27:22.976Z",,,,,"Covered area but bring insect repellant for mozzies.",,"Reasonable amenity.","Ci9DQUlRQUNvZENodHljRjlvT2poUWNsUnNXSEJKU205V1VWUjFRemxxYldOc2JYYxAB",,,,,,,,,,,"Google","https://www.google.com/maps/reviews/data=!4m8!14m7!1m6!2m5!1sCi9DQUlRQUNvZENodHljRjlvT2poUWNsUnNXSEJKU205V1VWUjFRemxxYldOc2JYYxAB!2m1!1s0x0:0xf0217a90db0ef60!3m1!1s2@1:CAIQACodChtycF9oOjhQclRsWHBJSm9WUVR1QzlqbWNsbXc%7C%7C?hl=en","104818625206495733270","55","https://lh3.googleusercontent.com/a-/ALV-UjWDECngaLGoMRdirj2onCQ9NZsvFVEkh7o3FeoJTF2-8PChfBcN=s1920-c-rp-mo-ba3-br100","https://www.google.com/maps/contrib/104818625206495733270?hl=en","302","2025-09-21T15:21:46.147Z","Direct Detail URL: https://www.google.com/maps/place/Charles+Darwin+National+Park/@-12.449386,130.8725801,17z/data=!4m8!3m7!1s0x2cc091357c650a31:0xf0217a90db0ef60!8m2!3d-12.4493913!4d130.875155!9m1!1b1!16zL20vMHBzYzk?entry=ttu&g_ep=EgoyMDI1MDkxNy4wIKXMDSoASAFQAw%3D%3D","4","Northern Territory","Tiger Brennan Dr","false","Interesting walking track: best in cooler times of day.",,"Charles Darwin National Park","4.2",,"https://www.google.com/maps/search/?api=1&query=Charles%20Darwin%20National%20Park&query_place_id=ChIJMQplfDWRwCwRYO-wDakXAg8",
"Tiger Brennan Dr, Charles Darwin NT 0820, Australia","National park","Tourist attraction","National park","1081452875368951648","Charles Darwin","AU","0x2cc091357c650a31:0xf0217a90db0ef60","https://lh3.googleusercontent.com/gps-cs-s/AC9h4nqtMDSGYEvu225Uc_UqSN1iT6if1yR-aAZ5qJcw-WS3V9jbOtAKrfM89T4L4V0RGrEpLDWRGbst70TMJGljIhLdziGKVguV6nzGQYSfjC0rv2ucDhlHuV5CSkHfly9ybKP4rrM=w408-h307-k-no","false","true","en","0","-12.4493913","130.875155","EHMS",,,"false","ChIJMQplfDWRwCwRYO-wDakXAg8","0820",,"2 months ago","2025-07-08T23:50:59.485Z",,,,,,,,"Ci9DQUlRQUNvZENodHljRjlvT2psQk0wVlBkVVZCVVdzNU1sbE5WMGxhYUhaZmRFRRAB",,,,,,,,,,,"Google","https://www.google.com/maps/reviews/data=!4m8!14m7!1m6!2m5!1sCi9DQUlRQUNvZENodHljRjlvT2psQk0wVlBkVVZCVVdzNU1sbE5WMGxhYUhaZmRFRRAB!2m1!1s0x0:0xf0217a90db0ef60!3m1!1s2@1:CAIQACodChtycF9oOjlBM0VPdUVBUWs5MllNV0laaHZfdEE%7C%7C?hl=en","103327141763885574730","36","https://lh3.googleusercontent.com/a/ACg8ocJjfYGYUhQLm7AQVibvlfR8Q4zEpSdf8Jqar1x7KB3aoVt8OA=s1920-c-rp-mo-ba3-br100","https://www.google.com/maps/contrib/103327141763885574730?hl=en","302","2025-09-21T15:21:46.147Z","Direct Detail URL: https://www.google.com/maps/place/Charles+Darwin+National+Park/@-12.449386,130.8725801,17z/data=!4m8!3m7!1s0x2cc091357c650a31:0xf0217a90db0ef60!8m2!3d-12.4493913!4d130.875155!9m1!1b1!16zL20vMHBzYzk?entry=ttu&g_ep=EgoyMDI1MDkxNy4wIKXMDSoASAFQAw%3D%3D","4","Northern Territory","Tiger Brennan Dr","false",,,"Charles Darwin National Park","4.2",,"https://www.google.com/maps/search/?api=1&query=Charles%20Darwin%20National%20Park&query_place_id=ChIJMQplfDWRwCwRYO-wDakXAg8",
"Tiger Brennan Dr, Charles Darwin NT 0820, Australia","National park","Tourist attraction","National park","1081452875368951648","Charles Darwin","AU","0x2cc091357c650a31:0xf0217a90db0ef60","https://lh3.googleusercontent.com/gps-cs-s/AC9h4nqtMDSGYEvu225Uc_UqSN1iT6if1yR-aAZ5qJcw-WS3V9jbOtAKrfM89T4L4V0RGrEpLDWRGbst70TMJGljIhLdziGKVguV6nzGQYSfjC0rv2ucDhlHuV5CSkHfly9ybKP4rrM=w408-h307-k-no","false","true","en","0","-12.4493913","130.875155","Anthony Merriott",,"en","false","ChIJMQplfDWRwCwRYO-wDakXAg8","0820",,"3 months ago","2025-06-15T00:28:20.279Z",,,,,,,,"ChdDSUhNMG9nS0VKdlhrTVNuazdyOXJnRRAB",,,,,,,,,,,"Google","https://www.google.com/maps/reviews/data=!4m8!14m7!1m6!2m5!1sChdDSUhNMG9nS0VKdlhrTVNuazdyOXJnRRAB!2m1!1s0x0:0xf0217a90db0ef60!3m1!1s2@1:CIHM0ogKEJvXkMSnk7r9rgE%7C%7C?hl=en","111941326218753613702","352","https://lh3.googleusercontent.com/a/ACg8ocLIhgmTIpO1f0gsHfyqCmui1nrYtwfOeuwOHjaObFHI7O-gGQ=s1920-c-rp-mo-ba5-br100","https://www.google.com/maps/contrib/111941326218753613702?hl=en","302","2025-09-21T15:21:46.147Z","Direct Detail URL: https://www.google.com/maps/place/Charles+Darwin+National+Park/@-12.449386,130.8725801,17z/data=!4m8!3m7!1s0x2cc091357c650a31:0xf0217a90db0ef60!8m2!3d-12.4493913!4d130.875155!9m1!1b1!16zL20vMHBzYzk?entry=ttu&g_ep=EgoyMDI1MDkxNy4wIKXMDSoASAFQAw%3D%3D","5","Northern Territory","Tiger Brennan Dr","false","WW2 exhibits are interesting but not much else to offer",,"Charles Darwin National Park","4.2",,"https://www.google.com/maps/search/?api=1&query=Charles%20Darwin%20National%20Park&query_place_id=ChIJMQplfDWRwCwRYO-wDakXAg8",
"Tiger Brennan Dr, Charles Darwin NT 0820, Australia","National park","Tourist attraction","National park","1081452875368951648","Charles Darwin","AU","0x2cc091357c650a31:0xf0217a90db0ef60","https://lh3.googleusercontent.com/gps-cs-s/AC9h4nqtMDSGYEvu225Uc_UqSN1iT6if1yR-aAZ5qJcw-WS3V9jbOtAKrfM89T4L4V0RGrEpLDWRGbst70TMJGljIhLdziGKVguV6nzGQYSfjC0rv2ucDhlHuV5CSkHfly9ybKP4rrM=w408-h307-k-no","false","true","en","0","-12.4493913","130.875155","Jessica Mantel",,,"false","ChIJMQplfDWRwCwRYO-wDakXAg8","0820",,"4 months ago","2025-05-06T07:41:00.262Z",,,,,,,,"ChZDSUhNMG9nS0VNMlZxS08tNTZyclRBEAE",,,,,,,,,,,"Google","https://www.google.com/maps/reviews/data=!4m8!14m7!1m6!2m5!1sChZDSUhNMG9nS0VNMlZxS08tNTZyclRBEAE!2m1!1s0x0:0xf0217a90db0ef60!3m1!1s2@1:CIHM0ogKEM2VqKO-56rrTA%7C%7C?hl=en","106833895863108669621","61","https://lh3.googleusercontent.com/a-/ALV-UjUqkiu5D45sY1E-fCo6AQcBbmOt73vxldsRMGkeJOvFKG45bh9yQw=s1920-c-rp-mo-ba4-br100","https://www.google.com/maps/contrib/106833895863108669621?hl=en","302","2025-09-21T15:21:46.147Z","Direct Detail URL: https://www.google.com/maps/place/Charles+Darwin+National+Park/@-12.449386,130.8725801,17z/data=!4m8!3m7!1s0x2cc091357c650a31:0xf0217a90db0ef60!8m2!3d-12.4493913!4d130.875155!9m1!1b1!16zL20vMHBzYzk?entry=ttu&g_ep=EgoyMDI1MDkxNy4wIKXMDSoASAFQAw%3D%3D","3","Northern Territory","Tiger Brennan Dr","false",,,"Charles Darwin National Park","4.2",,"https://www.google.com/maps/search/?api=1&query=Charles%20Darwin%20National%20Park&query_place_id=ChIJMQplfDWRwCwRYO-wDakXAg8",
"Tiger Brennan Dr, Charles Darwin NT 0820, Australia","National park","Tourist attraction","National park","1081452875368951648","Charles Darwin","AU","0x2cc091357c650a31:0xf0217a90db0ef60","https://lh3.googleusercontent.com/gps-cs-s/AC9h4nqtMDSGYEvu225Uc_UqSN1iT6if1yR-aAZ5qJcw-WS3V9jbOtAKrfM89T4L4V0RGrEpLDWRGbst70TMJGljIhLdziGKVguV6nzGQYSfjC0rv2ucDhlHuV5CSkHfly9ybKP4rrM=w408-h307-k-no","false","true","en","0","-12.4493913","130.875155","cecile gray",,"en","false","ChIJMQplfDWRwCwRYO-wDakXAg8","0820",,"4 months ago","2025-05-01T02:26:59.066Z",,,,,,,,"ChZDSUhNMG9nS0VJQ0FnTUNZMktDSFlREAE","https://lh3.googleusercontent.com/geougc-cs/AB3l90A1t4emsTjvcihgRSoE0F9Tnquv9h_umy-g__vT39EgQAdZwpZ7UBRcdgjHULqp-5CcY02xom5Wutv3LmV5K4MHSuOSiFwCTgZNkMIlNLsWp5GjqYfMz-OhIwJ0l-6K_m4oUM8E",,,,,,,,,,"Google","https://www.google.com/maps/reviews/data=!4m8!14m7!1m6!2m5!1sChZDSUhNMG9nS0VJQ0FnTUNZMktDSFlREAE!2m1!1s0x0:0xf0217a90db0ef60!3m1!1s2@1:CIHM0ogKEICAgMCY2KCHYQ%7C%7C?hl=en","106386619079328374487","50","https://lh3.googleusercontent.com/a-/ALV-UjXUZBwowuBZ_2UOZs4bIS5BwzoQEK4rre2ngXRR89RiL0ANKlY=s1920-c-rp-mo-ba3-br100","https://www.google.com/maps/contrib/106386619079328374487?hl=en","302","2025-09-21T15:21:46.147Z","Direct Detail URL: https://www.google.com/maps/place/Charles+Darwin+National+Park/@-12.449386,130.8725801,17z/data=!4m8!3m7!1s0x2cc091357c650a31:0xf0217a90db0ef60!8m2!3d-12.4493913!4d130.875155!9m1!1b1!16zL20vMHBzYzk?entry=ttu&g_ep=EgoyMDI1MDkxNy4wIKXMDSoASAFQAw%3D%3D","5","Northern Territory","Tiger Brennan Dr","false","Quite interesting, great views back to Darwin city, some interesting war history. Do not go to this park without bug spray!",,"Charles Darwin National Park","4.2",,"https://www.google.com/maps/search/?api=1&query=Charles%20Darwin%20National%20Park&query_place_id=ChIJMQplfDWRwCwRYO-wDakXAg8",
"Tiger Brennan Dr, Charles Darwin NT 0820, Australia","National park","Tourist attraction","National park","1081452875368951648","Charles Darwin","AU","0x2cc091357c650a31:0xf0217a90db0ef60","https://lh3.googleusercontent.com/gps-cs-s/AC9h4nqtMDSGYEvu225Uc_UqSN1iT6if1yR-aAZ5qJcw-WS3V9jbOtAKrfM89T4L4V0RGrEpLDWRGbst70TMJGljIhLdziGKVguV6nzGQYSfjC0rv2ucDhlHuV5CSkHfly9ybKP4rrM=w408-h307-k-no","false","true","en","0","-12.4493913","130.875155","Article EightySix",,"en","false","ChIJMQplfDWRwCwRYO-wDakXAg8","0820",,"5 months ago","2025-04-20T01:32:30.959Z",,,,,,,,"ChdDSUhNMG9nS0VJQ0FnTUNvcV8yQm13RRAB",,,,,,,,,,,"Google","https://www.google.com/maps/reviews/data=!4m8!14m7!1m6!2m5!1sChdDSUhNMG9nS0VJQ0FnTUNvcV8yQm13RRAB!2m1!1s0x0:0xf0217a90db0ef60!3m1!1s2@1:CIHM0ogKEICAgMCoq_2BmwE%7C%7C?hl=en","110865944261060641899","79","https://lh3.googleusercontent.com/a-/ALV-UjVkMCR_ERbYWxNxo87TW79Z3O72SqyIzpQAHdhad5TDj9Od5RaVpg=s1920-c-rp-mo-ba4-br100","https://www.google.com/maps/contrib/110865944261060641899?hl=en","302","2025-09-21T15:21:46.147Z","Direct Detail URL: https://www.google.com/maps/place/Charles+Darwin+National+Park/@-12.449386,130.8725801,17z/data=!4m8!3m7!1s0x2cc091357c650a31:0xf0217a90db0ef60!8m2!3d-12.4493913!4d130.875155!9m1!1b1!16zL20vMHBzYzk?entry=ttu&g_ep=EgoyMDI1MDkxNy4wIKXMDSoASAFQAw%3D%3D","5","Northern Territory","Tiger Brennan Dr","false","Extraordinary historical site.",,"Charles Darwin National Park","4.2",,"https://www.google.com/maps/search/?api=1&query=Charles%20Darwin%20National%20Park&query_place_id=ChIJMQplfDWRwCwRYO-wDakXAg8",
"Tiger Brennan Dr, Charles Darwin NT 0820, Australia","National park","Tourist attraction","National park","1081452875368951648","Charles Darwin","AU","0x2cc091357c650a31:0xf0217a90db0ef60","https://lh3.googleusercontent.com/gps-cs-s/AC9h4nqtMDSGYEvu225Uc_UqSN1iT6if1yR-aAZ5qJcw-WS3V9jbOtAKrfM89T4L4V0RGrEpLDWRGbst70TMJGljIhLdziGKVguV6nzGQYSfjC0rv2ucDhlHuV5CSkHfly9ybKP4rrM=w408-h307-k-no","false","true","en","0","-12.4493913","130.875155","Stephen Hibberd",,"en","false","ChIJMQplfDWRwCwRYO-wDakXAg8","0820",,"5 months ago","2025-03-27T04:52:58.041Z",,,,,,,,"ChdDSUhNMG9nS0VJQ0FnTUR3eFlfNDh3RRAB","https://lh3.googleusercontent.com/geougc-cs/AB3l90Db-GMuoMb99LHs9wBE9bTRrAZPl4N3kdeav8yxbi_0hl1tCAw09_-8xc_GBYRkHAwAZ0WbQW255HAqiQ4jf4H3e_VSTGkIecN6kbDFHn0cAs-WneGRmebUwQYiVCpTsAvExGb2","https://lh3.googleusercontent.com/geougc-cs/AB3l90CqZzA6plse_htBLgTljyKoKiQ-Z4oS-ObkVG9WFCY-GWVWyQxUQoEefNR4bgCUiWdltarbBxYd4X9UpvdfQh9KUFnxESe5tTLJateOSq7y93EQ1iVQ4Okx7Ayvrk0dy-S4U4n-","https://lh3.googleusercontent.com/geougc-cs/AB3l90BrLTVIejHBumqqKdK951S44XruZ-Qb6mOnq_oYtefmEAIDy4wwNIQJdsy-pBlAGEL-zdrGhNFGnUvTgrk7FZumFy-rhkKTXE4LtLpUPoLEDcKUfR5CqymE1YZRipKo_chh66FI","https://lh3.googleusercontent.com/geougc-cs/AB3l90AiQESs_oQBVc2Lq6EtyXhnFGYAR32JjeMkgS6oak5k1RPMgsyKPfbL8XBw0us-cnSgZB4JgK58HPsmaz8B_xZSUsoazGjsri7Yk-lbwrKVNn4McGxZdJAaNXswcv-fr5KKq5FUJg","https://lh3.googleusercontent.com/geougc-cs/AB3l90AI0QbQToLIx7AZymCEwXWWXYz3nswYTa611zCp4BopN9K27UYhn7Qsr6G6XGs87kO5udAkHv5-5rClOXfA8bo9K_CuV4G9rJbO_9qOl6hwBWWNbutuHBo7-xfCBJOC4nxs-DU","https://lh3.googleusercontent.com/geougc-cs/AB3l90CurkLF5eG4YvQ8J1QVcGujqpMmWHMcfQ4J-alzEkfBpUoe0uz9wp9pPucKKzyBcQrum4LpmYZbsj8oOwZzLGiuHDbJWot3qiRCP_B56BKYeGPTiDwHbtXmkh8HADu2HiMbcvLv8A",,,,,"Google","https://www.google.com/maps/reviews/data=!4m8!14m7!1m6!2m5!1sChdDSUhNMG9nS0VJQ0FnTUR3eFlfNDh3RRAB!2m1!1s0x0:0xf0217a90db0ef60!3m1!1s2@1:CIHM0ogKEICAgMDwxY_48wE%7C%7C?hl=en","108861058107115293618","132","https://lh3.googleusercontent.com/a/ACg8ocIQ4djZbZLPGENXhTqR_Luhp30ViXdE6zW5Z37zlh8B0XHRIg=s1920-c-rp-mo-ba4-br100","https://www.google.com/maps/contrib/108861058107115293618?hl=en","302","2025-09-21T15:21:46.147Z","Direct Detail URL: https://www.google.com/maps/place/Charles+Darwin+National+Park/@-12.449386,130.8725801,17z/data=!4m8!3m7!1s0x2cc091357c650a31:0xf0217a90db0ef60!8m2!3d-12.4493913!4d130.875155!9m1!1b1!16zL20vMHBzYzk?entry=ttu&g_ep=EgoyMDI1MDkxNy4wIKXMDSoASAFQAw%3D%3D","4","Northern Territory","Tiger Brennan Dr","false","Great pk for a day out with views to Darwin city",,"Charles Darwin National Park","4.2",,"https://www.google.com/maps/search/?api=1&query=Charles%20Darwin%20National%20Park&query_place_id=ChIJMQplfDWRwCwRYO-wDakXAg8",
"Tiger Brennan Dr, Charles Darwin NT 0820, Australia","National park","Tourist attraction","National park","1081452875368951648","Charles Darwin","AU","0x2cc091357c650a31:0xf0217a90db0ef60","https://lh3.googleusercontent.com/gps-cs-s/AC9h4nqtMDSGYEvu225Uc_UqSN1iT6if1yR-aAZ5qJcw-WS3V9jbOtAKrfM89T4L4V0RGrEpLDWRGbst70TMJGljIhLdziGKVguV6nzGQYSfjC0rv2ucDhlHuV5CSkHfly9ybKP4rrM=w408-h307-k-no","false","true","en","0","-12.4493913","130.875155","Rhine",,,"false","ChIJMQplfDWRwCwRYO-wDakXAg8","0820",,"8 months ago","2025-01-06T23:24:50.155Z",,,,,,,,"ChdDSUhNMG9nS0VJQ0FnSURmM3MtcXdBRRAB",,,,,,,,,,,"Google","https://www.google.com/maps/reviews/data=!4m8!14m7!1m6!2m5!1sChdDSUhNMG9nS0VJQ0FnSURmM3MtcXdBRRAB!2m1!1s0x0:0xf0217a90db0ef60!3m1!1s2@1:CIHM0ogKEICAgIDf3s-qwAE%7C%7C?hl=en","106444665196527891943","17","https://lh3.googleusercontent.com/a-/ALV-UjWhtN4m7ojo2GIS1PDzVqEjTZ_TLfBSqTkFYvPgHqL0CNsx8xQH=s1920-c-rp-mo-ba3-br100","https://www.google.com/maps/contrib/106444665196527891943?hl=en","302","2025-09-21T15:21:46.147Z","Direct Detail URL: https://www.google.com/maps/place/Charles+Darwin+National+Park/@-12.449386,130.8725801,17z/data=!4m8!3m7!1s0x2cc091357c650a31:0xf0217a90db0ef60!8m2!3d-12.4493913!4d130.875155!9m1!1b1!16zL20vMHBzYzk?entry=ttu&g_ep=EgoyMDI1MDkxNy4wIKXMDSoASAFQAw%3D%3D","5","Northern Territory","Tiger Brennan Dr","false",,,"Charles Darwin National Park","4.2",,"https://www.google.com/maps/search/?api=1&query=Charles%20Darwin%20National%20Park&query_place_id=ChIJMQplfDWRwCwRYO-wDakXAg8",
"Tiger Brennan Dr, Charles Darwin NT 0820, Australia","National park","Tourist attraction","National park","1081452875368951648","Charles Darwin","AU","0x2cc091357c650a31:0xf0217a90db0ef60","https://lh3.googleusercontent.com/gps-cs-s/AC9h4nqtMDSGYEvu225Uc_UqSN1iT6if1yR-aAZ5qJcw-WS3V9jbOtAKrfM89T4L4V0RGrEpLDWRGbst70TMJGljIhLdziGKVguV6nzGQYSfjC0rv2ucDhlHuV5CSkHfly9ybKP4rrM=w408-h307-k-no","false","true","en","0","-12.4493913","130.875155","Hélène Lassaire",,,"false","ChIJMQplfDWRwCwRYO-wDakXAg8","0820",,"10 months ago","2024-10-28T02:00:33.743Z",,,,,,,,"ChZDSUhNMG9nS0VJQ0FnSURYd2RpVEN3EAE",,,,,,,,,,,"Google","https://www.google.com/maps/reviews/data=!4m8!14m7!1m6!2m5!1sChZDSUhNMG9nS0VJQ0FnSURYd2RpVEN3EAE!2m1!1s0x0:0xf0217a90db0ef60!3m1!1s2@1:CIHM0ogKEICAgIDXwdiTCw%7C%7C?hl=en","110578949727834782861","8","https://lh3.googleusercontent.com/a-/ALV-UjVD5l-FM9W6GeP14x73fnnxRzw2sVzHypMlQwOGHLsaVoc5sROK=s1920-c-rp-mo-ba2-br100","https://www.google.com/maps/contrib/110578949727834782861?hl=en","302","2025-09-21T15:21:46.147Z","Direct Detail URL: https://www.google.com/maps/place/Charles+Darwin+National+Park/@-12.449386,130.8725801,17z/data=!4m8!3m7!1s0x2cc091357c650a31:0xf0217a90db0ef60!8m2!3d-12.4493913!4d130.875155!9m1!1b1!16zL20vMHBzYzk?entry=ttu&g_ep=EgoyMDI1MDkxNy4wIKXMDSoASAFQAw%3D%3D","3","Northern Territory","Tiger Brennan Dr","false",,,"Charles Darwin National Park","4.2",,"https://www.google.com/maps/search/?api=1&query=Charles%20Darwin%20National%20Park&query_place_id=ChIJMQplfDWRwCwRYO-wDakXAg8",
"Tiger Brennan Dr, Charles Darwin NT 0820, Australia","National park","Tourist attraction","National park","1081452875368951648","Charles Darwin","AU","0x2cc091357c650a31:0xf0217a90db0ef60","https://lh3.googleusercontent.com/gps-cs-s/AC9h4nqtMDSGYEvu225Uc_UqSN1iT6if1yR-aAZ5qJcw-WS3V9jbOtAKrfM89T4L4V0RGrEpLDWRGbst70TMJGljIhLdziGKVguV6nzGQYSfjC0rv2ucDhlHuV5CSkHfly9ybKP4rrM=w408-h307-k-no","false","true","en","0","-12.4493913","130.875155","Les Curtis",,"en","false","ChIJMQplfDWRwCwRYO-wDakXAg8","0820",,"10 months ago","2024-10-26T11:40:35.755Z",,,,,,,,"ChZDSUhNMG9nS0VJQ0FnSURYdXFHZUNBEAE",,,,,,,,,,,"Google","https://www.google.com/maps/reviews/data=!4m8!14m7!1m6!2m5!1sChZDSUhNMG9nS0VJQ0FnSURYdXFHZUNBEAE!2m1!1s0x0:0xf0217a90db0ef60!3m1!1s2@1:CIHM0ogKEICAgIDXuqGeCA%7C%7C?hl=en","111195389625010656124","316","https://lh3.googleusercontent.com/a/ACg8ocJiWXrlVa02TizPQiEDmBKx_YxSyo2inQCJRSqIUuH11ODCQflm=s1920-c-rp-mo-ba5-br100","https://www.google.com/maps/contrib/111195389625010656124?hl=en","302","2025-09-21T15:21:46.147Z","Direct Detail URL: https://www.google.com/maps/place/Charles+Darwin+National+Park/@-12.449386,130.8725801,17z/data=!4m8!3m7!1s0x2cc091357c650a31:0xf0217a90db0ef60!8m2!3d-12.4493913!4d130.875155!9m1!1b1!16zL20vMHBzYzk?entry=ttu&g_ep=EgoyMDI1MDkxNy4wIKXMDSoASAFQAw%3D%3D","5","Northern Territory","Tiger Brennan Dr","false","Brilliant place. Beautiful flowers and great landscaping, some of the trees were amazing. We also loved the Dragon and the giant crocodile.",,"Charles Darwin National Park","4.2",,"https://www.google.com/maps/search/?api=1&query=Charles%20Darwin%20National%20Park&query_place_id=ChIJMQplfDWRwCwRYO-wDakXAg8",
"Tiger Brennan Dr, Charles Darwin NT 0820, Australia","National park","Tourist attraction","National park","1081452875368951648","Charles Darwin","AU","0x2cc091357c650a31:0xf0217a90db0ef60","https://lh3.googleusercontent.com/gps-cs-s/AC9h4nqtMDSGYEvu225Uc_UqSN1iT6if1yR-aAZ5qJcw-WS3V9jbOtAKrfM89T4L4V0RGrEpLDWRGbst70TMJGljIhLdziGKVguV6nzGQYSfjC0rv2ucDhlHuV5CSkHfly9ybKP4rrM=w408-h307-k-no","false","true","en","0","-12.4493913","130.875155","Darel Burns",,"en","false","ChIJMQplfDWRwCwRYO-wDakXAg8","0820",,"11 months ago","2024-10-13T11:14:29.731Z",,,,,"Plenty of grass and shelter",,"Has toilets","ChZDSUhNMG9nS0VJQ0FnSUNYcElMRWNREAE",,,,,,,,,,,"Google","https://www.google.com/maps/reviews/data=!4m8!14m7!1m6!2m5!1sChZDSUhNMG9nS0VJQ0FnSUNYcElMRWNREAE!2m1!1s0x0:0xf0217a90db0ef60!3m1!1s2@1:CIHM0ogKEICAgICXpILEcQ%7C%7C?hl=en","101080692952594391659","19","https://lh3.googleusercontent.com/a/ACg8ocJrLSv5-8sE-uUlvLNlzU7d2xSlLVBZvlb3gZLAk6xJuIUeog=s1920-c-rp-mo-ba4-br100","https://www.google.com/maps/contrib/101080692952594391659?hl=en","302","2025-09-21T15:21:46.147Z","Direct Detail URL: https://www.google.com/maps/place/Charles+Darwin+National+Park/@-12.449386,130.8725801,17z/data=!4m8!3m7!1s0x2cc091357c650a31:0xf0217a90db0ef60!8m2!3d-12.4493913!4d130.875155!9m1!1b1!16zL20vMHBzYzk?entry=ttu&g_ep=EgoyMDI1MDkxNy4wIKXMDSoASAFQAw%3D%3D","5","Northern Territory","Tiger Brennan Dr","false",,,"Charles Darwin National Park","4.2",,"https://www.google.com/maps/search/?api=1&query=Charles%20Darwin%20National%20Park&query_place_id=ChIJMQplfDWRwCwRYO-wDakXAg8",
"Tiger Brennan Dr, Charles Darwin NT 0820, Australia","National park","Tourist attraction","National park","1081452875368951648","Charles Darwin","AU","0x2cc091357c650a31:0xf0217a90db0ef60","https://lh3.googleusercontent.com/gps-cs-s/AC9h4nqtMDSGYEvu225Uc_UqSN1iT6if1yR-aAZ5qJcw-WS3V9jbOtAKrfM89T4L4V0RGrEpLDWRGbst70TMJGljIhLdziGKVguV6nzGQYSfjC0rv2ucDhlHuV5CSkHfly9ybKP4rrM=w408-h307-k-no","false","true","en","0","-12.4493913","130.875155","warren beattie",,,"false","ChIJMQplfDWRwCwRYO-wDakXAg8","0820",,"11 months ago","2024-09-25T22:31:08.571Z",,,,,,,,"ChZDSUhNMG9nS0VJQ0FnSUNuOXVUcEh3EAE",,,,,,,,,,,"Google","https://www.google.com/maps/reviews/data=!4m8!14m7!1m6!2m5!1sChZDSUhNMG9nS0VJQ0FnSUNuOXVUcEh3EAE!2m1!1s0x0:0xf0217a90db0ef60!3m1!1s2@1:CIHM0ogKEICAgICn9uTpHw%7C%7C?hl=en","102184805558966867978","21","https://lh3.googleusercontent.com/a-/ALV-UjX6OFUUTvPFWRfMLC9QXIXOfd5vVmPqou7M_HonQl2i_X4pY6I9=s1920-c-rp-mo-ba4-br100","https://www.google.com/maps/contrib/102184805558966867978?hl=en","302","2025-09-21T15:21:46.147Z","Direct Detail URL: https://www.google.com/maps/place/Charles+Darwin+National+Park/@-12.449386,130.8725801,17z/data=!4m8!3m7!1s0x2cc091357c650a31:0xf0217a90db0ef60!8m2!3d-12.4493913!4d130.875155!9m1!1b1!16zL20vMHBzYzk?entry=ttu&g_ep=EgoyMDI1MDkxNy4wIKXMDSoASAFQAw%3D%3D","3","Northern Territory","Tiger Brennan Dr","false",,,"Charles Darwin National Park","4.2",,"https://www.google.com/maps/search/?api=1&query=Charles%20Darwin%20National%20Park&query_place_id=ChIJMQplfDWRwCwRYO-wDakXAg8",
"Tiger Brennan Dr, Charles Darwin NT 0820, Australia","National park","Tourist attraction","National park","1081452875368951648","Charles Darwin","AU","0x2cc091357c650a31:0xf0217a90db0ef60","https://lh3.googleusercontent.com/gps-cs-s/AC9h4nqtMDSGYEvu225Uc_UqSN1iT6if1yR-aAZ5qJcw-WS3V9jbOtAKrfM89T4L4V0RGrEpLDWRGbst70TMJGljIhLdziGKVguV6nzGQYSfjC0rv2ucDhlHuV5CSkHfly9ybKP4rrM=w408-h307-k-no","false","true","en","0","-12.4493913","130.875155","cheryl dunlop",,"en","false","ChIJMQplfDWRwCwRYO-wDakXAg8","0820",,"Edited a year ago","2024-08-06T06:49:36.120Z",,,,,,,,"ChZDSUhNMG9nS0VJQ0FnSURib0syMFh3EAE",,,,,,,,,,,"Google","https://www.google.com/maps/reviews/data=!4m8!14m7!1m6!2m5!1sChZDSUhNMG9nS0VJQ0FnSURib0syMFh3EAE!2m1!1s0x0:0xf0217a90db0ef60!3m1!1s2@1:CIHM0ogKEICAgIDboK20Xw%7C%7C?hl=en","105624302422557209977","331","https://lh3.googleusercontent.com/a-/ALV-UjUlC2f11RsdfVp5hFRzjijglNd6xvKlBxxaKN6yWDAyDjv9yUXEVg=s1920-c-rp-mo-ba5-br100","https://www.google.com/maps/contrib/105624302422557209977?hl=en","302","2025-09-21T15:21:46.147Z","Direct Detail URL: https://www.google.com/maps/place/Charles+Darwin+National+Park/@-12.449386,130.8725801,17z/data=!4m8!3m7!1s0x2cc091357c650a31:0xf0217a90db0ef60!8m2!3d-12.4493913!4d130.875155!9m1!1b1!16zL20vMHBzYzk?entry=ttu&g_ep=EgoyMDI1MDkxNy4wIKXMDSoASAFQAw%3D%3D","5","Northern Territory","Tiger Brennan Dr","false","Beautiful place to visit",,"Charles Darwin National Park","4.2",,"https://www.google.com/maps/search/?api=1&query=Charles%20Darwin%20National%20Park&query_place_id=ChIJMQplfDWRwCwRYO-wDakXAg8",
"Tiger Brennan Dr, Charles Darwin NT 0820, Australia","National park","Tourist attraction","National park","1081452875368951648","Charles Darwin","AU","0x2cc091357c650a31:0xf0217a90db0ef60","https://lh3.googleusercontent.com/gps-cs-s/AC9h4nqtMDSGYEvu225Uc_UqSN1iT6if1yR-aAZ5qJcw-WS3V9jbOtAKrfM89T4L4V0RGrEpLDWRGbst70TMJGljIhLdziGKVguV6nzGQYSfjC0rv2ucDhlHuV5CSkHfly9ybKP4rrM=w408-h307-k-no","false","true","en","0","-12.4493913","130.875155","Malcolm Henness",,"en","false","ChIJMQplfDWRwCwRYO-wDakXAg8","0820",,"a year ago","2024-07-09T13:36:20.777Z",,,,,,,,"ChZDSUhNMG9nS0VJQ0FnSUNyNVpUX0d3EAE",,,,,,,,,,,"Google","https://www.google.com/maps/reviews/data=!4m8!14m7!1m6!2m5!1sChZDSUhNMG9nS0VJQ0FnSUNyNVpUX0d3EAE!2m1!1s0x0:0xf0217a90db0ef60!3m1!1s2@1:CIHM0ogKEICAgICr5ZT_Gw%7C%7C?hl=en","109127411446860379660","55","https://lh3.googleusercontent.com/a-/ALV-UjW_1TAI8RsQGn9uo8B_YYo4Xe5GaAclGyhb5OVBvt9-a0427Io=s1920-c-rp-mo-ba4-br100","https://www.google.com/maps/contrib/109127411446860379660?hl=en","302","2025-09-21T15:21:46.147Z","Direct Detail URL: https://www.google.com/maps/place/Charles+Darwin+National+Park/@-12.449386,130.8725801,17z/data=!4m8!3m7!1s0x2cc091357c650a31:0xf0217a90db0ef60!8m2!3d-12.4493913!4d130.875155!9m1!1b1!16zL20vMHBzYzk?entry=ttu&g_ep=EgoyMDI1MDkxNy4wIKXMDSoASAFQAw%3D%3D","3","Northern Territory","Tiger Brennan Dr","false","Great close to buffalo beach my home, dorm rooms, also cruising",,"Charles Darwin National Park","4.2",,"https://www.google.com/maps/search/?api=1&query=Charles%20Darwin%20National%20Park&query_place_id=ChIJMQplfDWRwCwRYO-wDakXAg8",
"Tiger Brennan Dr, Charles Darwin NT 0820, Australia","National park","Tourist attraction","National park","1081452875368951648","Charles Darwin","AU","0x2cc091357c650a31:0xf0217a90db0ef60","https://lh3.googleusercontent.com/gps-cs-s/AC9h4nqtMDSGYEvu225Uc_UqSN1iT6if1yR-aAZ5qJcw-WS3V9jbOtAKrfM89T4L4V0RGrEpLDWRGbst70TMJGljIhLdziGKVguV6nzGQYSfjC0rv2ucDhlHuV5CSkHfly9ybKP4rrM=w408-h307-k-no","false","false","en","0","-12.4493913","130.875155","Louie",,,"false","ChIJMQplfDWRwCwRYO-wDakXAg8","0820",,"a year ago","2024-07-03T08:57:38.079Z",,,,,,,,"ChdDSUhNMG9nS0VJQ0FnSUNyMExySTRRRRAB",,,,,,,,,,,"Google","https://www.google.com/maps/reviews/data=!4m8!14m7!1m6!2m5!1sChdDSUhNMG9nS0VJQ0FnSUNyMExySTRRRRAB!2m1!1s0x0:0xf0217a90db0ef60!3m1!1s2@1:CIHM0ogKEICAgICr0LrI4QE%7C%7C?hl=en","107680269407676229692","6","https://lh3.googleusercontent.com/a-/ALV-UjXoxmgp9RRYt5pBfOiYGQne4K7OZ2OhBhRhSo06pZjgUUxvOv3q=s1920-c-rp-mo-br100","https://www.google.com/maps/contrib/107680269407676229692?hl=en","302","2025-09-21T15:21:46.147Z","Direct Detail URL: https://www.google.com/maps/place/Charles+Darwin+National+Park/@-12.449386,130.8725801,17z/data=!4m8!3m7!1s0x2cc091357c650a31:0xf0217a90db0ef60!8m2!3d-12.4493913!4d130.875155!9m1!1b1!16zL20vMHBzYzk?entry=ttu&g_ep=EgoyMDI1MDkxNy4wIKXMDSoASAFQAw%3D%3D","1","Northern Territory","Tiger Brennan Dr","false",,,"Charles Darwin National Park","4.2",,"https://www.google.com/maps/search/?api=1&query=Charles%20Darwin%20National%20Park&query_place_id=ChIJMQplfDWRwCwRYO-wDakXAg8",
"Tiger Brennan Dr, Charles Darwin NT 0820, Australia","National park","Tourist attraction","National park","1081452875368951648","Charles Darwin","AU","0x2cc091357c650a31:0xf0217a90db0ef60","https://lh3.googleusercontent.com/gps-cs-s/AC9h4nqtMDSGYEvu225Uc_UqSN1iT6if1yR-aAZ5qJcw-WS3V9jbOtAKrfM89T4L4V0RGrEpLDWRGbst70TMJGljIhLdziGKVguV6nzGQYSfjC0rv2ucDhlHuV5CSkHfly9ybKP4rrM=w408-h307-k-no","false","true","en","0","-12.4493913","130.875155","Raj Sharma",,"en","false","ChIJMQplfDWRwCwRYO-wDakXAg8","0820",,"a year ago","2024-07-02T12:16:53.949Z",,,,,,,,"ChdDSUhNMG9nS0VJQ0FnSURMcjVqSzN3RRAB",,,,,,,,,,,"Google","https://www.google.com/maps/reviews/data=!4m8!14m7!1m6!2m5!1sChdDSUhNMG9nS0VJQ0FnSURMcjVqSzN3RRAB!2m1!1s0x0:0xf0217a90db0ef60!3m1!1s2@1:CIHM0ogKEICAgIDLr5jK3wE%7C%7C?hl=en","115073418933014605241","33","https://lh3.googleusercontent.com/a-/ALV-UjVfjqRGiTArMBY8vKmyCgiXVsVBFtVtgpR4G3Qn-7dZjI9Js_wFMQ=s1920-c-rp-mo-ba4-br100","https://www.google.com/maps/contrib/115073418933014605241?hl=en","302","2025-09-21T15:21:46.147Z","Direct Detail URL: https://www.google.com/maps/place/Charles+Darwin+National+Park/@-12.449386,130.8725801,17z/data=!4m8!3m7!1s0x2cc091357c650a31:0xf0217a90db0ef60!8m2!3d-12.4493913!4d130.875155!9m1!1b1!16zL20vMHBzYzk?entry=ttu&g_ep=EgoyMDI1MDkxNy4wIKXMDSoASAFQAw%3D%3D","5","Northern Territory","Tiger Brennan Dr","false","Great views",,"Charles Darwin National Park","4.2",,"https://www.google.com/maps/search/?api=1&query=Charles%20Darwin%20National%20Park&query_place_id=ChIJMQplfDWRwCwRYO-wDakXAg8",
"Tiger Brennan Dr, Charles Darwin NT 0820, Australia","National park","Tourist attraction","National park","1081452875368951648","Charles Darwin","AU","0x2cc091357c650a31:0xf0217a90db0ef60","https://lh3.googleusercontent.com/gps-cs-s/AC9h4nqtMDSGYEvu225Uc_UqSN1iT6if1yR-aAZ5qJcw-WS3V9jbOtAKrfM89T4L4V0RGrEpLDWRGbst70TMJGljIhLdziGKVguV6nzGQYSfjC0rv2ucDhlHuV5CSkHfly9ybKP4rrM=w408-h307-k-no","false","true","en","0","-12.4493913","130.875155","Lachlan Walker",,,"false","ChIJMQplfDWRwCwRYO-wDakXAg8","0820",,"a year ago","2024-07-01T13:38:38.392Z",,,,,,,,"ChZDSUhNMG9nS0VJQ0FnSURMLV91cEFnEAE",,,,,,,,,,,"Google","https://www.google.com/maps/reviews/data=!4m8!14m7!1m6!2m5!1sChZDSUhNMG9nS0VJQ0FnSURMLV91cEFnEAE!2m1!1s0x0:0xf0217a90db0ef60!3m1!1s2@1:CIHM0ogKEICAgIDL-_upAg%7C%7C?hl=en","117330433432451448598","8","https://lh3.googleusercontent.com/a-/ALV-UjV8Ojq_gZ4zpEgvb-X6LC9hRYB82QwkK4qUoVPor3C4Zv2vZbNMJw=s1920-c-rp-mo-ba5-br100","https://www.google.com/maps/contrib/117330433432451448598?hl=en","302","2025-09-21T15:21:46.147Z","Direct Detail URL: https://www.google.com/maps/place/Charles+Darwin+National+Park/@-12.449386,130.8725801,17z/data=!4m8!3m7!1s0x2cc091357c650a31:0xf0217a90db0ef60!8m2!3d-12.4493913!4d130.875155!9m1!1b1!16zL20vMHBzYzk?entry=ttu&g_ep=EgoyMDI1MDkxNy4wIKXMDSoASAFQAw%3D%3D","2","Northern Territory","Tiger Brennan Dr","false",,,"Charles Darwin National Park","4.2",,"https://www.google.com/maps/search/?api=1&query=Charles%20Darwin%20National%20Park&query_place_id=ChIJMQplfDWRwCwRYO-wDakXAg8",
"Tiger Brennan Dr, Charles Darwin NT 0820, Australia","National park","Tourist attraction","National park","1081452875368951648","Charles Darwin","AU","0x2cc091357c650a31:0xf0217a90db0ef60","https://lh3.googleusercontent.com/gps-cs-s/AC9h4nqtMDSGYEvu225Uc_UqSN1iT6if1yR-aAZ5qJcw-WS3V9jbOtAKrfM89T4L4V0RGrEpLDWRGbst70TMJGljIhLdziGKVguV6nzGQYSfjC0rv2ucDhlHuV5CSkHfly9ybKP4rrM=w408-h307-k-no","false","false","en","0","-12.4493913","130.875155","Marion Kelly",,,"false","ChIJMQplfDWRwCwRYO-wDakXAg8","0820",,"a year ago","2024-06-22T00:21:53.454Z",,,,,,,,"ChZDSUhNMG9nS0VJQ0FnSUNMMVlmeVFnEAE",,,,,,,,,,,"Google","https://www.google.com/maps/reviews/data=!4m8!14m7!1m6!2m5!1sChZDSUhNMG9nS0VJQ0FnSUNMMVlmeVFnEAE!2m1!1s0x0:0xf0217a90db0ef60!3m1!1s2@1:CIHM0ogKEICAgICL1YfyQg%7C%7C?hl=en","107820418969247315377","13","https://lh3.googleusercontent.com/a/ACg8ocKaTW2X6DXXaKDEn-EGwXV0j-WcsspVW4BB37BXJx021NmZsw=s1920-c-rp-mo-br100","https://www.google.com/maps/contrib/107820418969247315377?hl=en","302","2025-09-21T15:21:46.147Z","Direct Detail URL: https://www.google.com/maps/place/Charles+Darwin+National+Park/@-12.449386,130.8725801,17z/data=!4m8!3m7!1s0x2cc091357c650a31:0xf0217a90db0ef60!8m2!3d-12.4493913!4d130.875155!9m1!1b1!16zL20vMHBzYzk?entry=ttu&g_ep=EgoyMDI1MDkxNy4wIKXMDSoASAFQAw%3D%3D","5","Northern Territory","Tiger Brennan Dr","false",,,"Charles Darwin National Park","4.2",,"https://www.google.com/maps/search/?api=1&query=Charles%20Darwin%20National%20Park&query_place_id=ChIJMQplfDWRwCwRYO-wDakXAg8",
"Tiger Brennan Dr, Charles Darwin NT 0820, Australia","National park","Tourist attraction","National park","1081452875368951648","Charles Darwin","AU","0x2cc091357c650a31:0xf0217a90db0ef60","https://lh3.googleusercontent.com/gps-cs-s/AC9h4nqtMDSGYEvu225Uc_UqSN1iT6if1yR-aAZ5qJcw-WS3V9jbOtAKrfM89T4L4V0RGrEpLDWRGbst70TMJGljIhLdziGKVguV6nzGQYSfjC0rv2ucDhlHuV5CSkHfly9ybKP4rrM=w408-h307-k-no","false","false","en","0","-12.4493913","130.875155","Michele Langley",,"en","false","ChIJMQplfDWRwCwRYO-wDakXAg8","0820",,"a year ago","2024-06-07T03:32:58.359Z",,,,,,,,"ChRDSUhNMG9nS0VJQ0FnSUR6aUp3MRAB",,,,,,,,,,,"Google","https://www.google.com/maps/reviews/data=!4m8!14m7!1m6!2m5!1sChRDSUhNMG9nS0VJQ0FnSUR6aUp3MRAB!2m1!1s0x0:0xf0217a90db0ef60!3m1!1s2@1:CIHM0ogKEICAgIDziJw1%7C%7C?hl=en","111303726927685661605","5","https://lh3.googleusercontent.com/a-/ALV-UjUI7TN73HibG_kQ1YFWkZJ4qPYsSPrnaEFkIPaohNEnjGIXkQo=s1920-c-rp-mo-br100","https://www.google.com/maps/contrib/111303726927685661605?hl=en","302","2025-09-21T15:21:46.147Z","Direct Detail URL: https://www.google.com/maps/place/Charles+Darwin+National+Park/@-12.449386,130.8725801,17z/data=!4m8!3m7!1s0x2cc091357c650a31:0xf0217a90db0ef60!8m2!3d-12.4493913!4d130.875155!9m1!1b1!16zL20vMHBzYzk?entry=ttu&g_ep=EgoyMDI1MDkxNy4wIKXMDSoASAFQAw%3D%3D","5","Northern Territory","Tiger Brennan Dr","false","Loved it",,"Charles Darwin National Park","4.2",,"https://www.google.com/maps/search/?api=1&query=Charles%20Darwin%20National%20Park&query_place_id=ChIJMQplfDWRwCwRYO-wDakXAg8",
"Tiger Brennan Dr, Charles Darwin NT 0820, Australia","National park","Tourist attraction","National park","1081452875368951648","Charles Darwin","AU","0x2cc091357c650a31:0xf0217a90db0ef60","https://lh3.googleusercontent.com/gps-cs-s/AC9h4nqtMDSGYEvu225Uc_UqSN1iT6if1yR-aAZ5qJcw-WS3V9jbOtAKrfM89T4L4V0RGrEpLDWRGbst70TMJGljIhLdziGKVguV6nzGQYSfjC0rv2ucDhlHuV5CSkHfly9ybKP4rrM=w408-h307-k-no","false","true","en","0","-12.4493913","130.875155","Shantanu Barua",,,"false","ChIJMQplfDWRwCwRYO-wDakXAg8","0820",,"a year ago","2024-05-14T06:18:37.932Z",,,,,,,,"ChdDSUhNMG9nS0VJQ0FnSUNUcHZMSnZBRRAB",,,,,,,,,,,"Google","https://www.google.com/maps/reviews/data=!4m8!14m7!1m6!2m5!1sChdDSUhNMG9nS0VJQ0FnSUNUcHZMSnZBRRAB!2m1!1s0x0:0xf0217a90db0ef60!3m1!1s2@1:CIHM0ogKEICAgICTpvLJvAE%7C%7C?hl=en","101025882749931710692","154","https://lh3.googleusercontent.com/a-/ALV-UjV0jXyxSvLE6ISrvfbccUCudXkn8seXmV_v4SeF8iEALsACHyrY=s1920-c-rp-mo-ba4-br100","https://www.google.com/maps/contrib/101025882749931710692?hl=en","302","2025-09-21T15:21:46.147Z","Direct Detail URL: https://www.google.com/maps/place/Charles+Darwin+National+Park/@-12.449386,130.8725801,17z/data=!4m8!3m7!1s0x2cc091357c650a31:0xf0217a90db0ef60!8m2!3d-12.4493913!4d130.875155!9m1!1b1!16zL20vMHBzYzk?entry=ttu&g_ep=EgoyMDI1MDkxNy4wIKXMDSoASAFQAw%3D%3D","4","Northern Territory","Tiger Brennan Dr","false",,,"Charles Darwin National Park","4.2",,"https://www.google.com/maps/search/?api=1&query=Charles%20Darwin%20National%20Park&query_place_id=ChIJMQplfDWRwCwRYO-wDakXAg8",
"Tiger Brennan Dr, Charles Darwin NT 0820, Australia","National park","Tourist attraction","National park","1081452875368951648","Charles Darwin","AU","0x2cc091357c650a31:0xf0217a90db0ef60","https://lh3.googleusercontent.com/gps-cs-s/AC9h4nqtMDSGYEvu225Uc_UqSN1iT6if1yR-aAZ5qJcw-WS3V9jbOtAKrfM89T4L4V0RGrEpLDWRGbst70TMJGljIhLdziGKVguV6nzGQYSfjC0rv2ucDhlHuV5CSkHfly9ybKP4rrM=w408-h307-k-no","false","true","en","0","-12.4493913","130.875155","gasgasLex",,"en","false","ChIJMQplfDWRwCwRYO-wDakXAg8","0820",,"a year ago","2024-05-06T23:04:04.997Z",,,,,,"The whole place is a outdoor playground but i didnt see any kids playground",,"ChZDSUhNMG9nS0VJQ0FnSURqdzdqd1h3EAE",,,,,,,,,,,"Google","https://www.google.com/maps/reviews/data=!4m8!14m7!1m6!2m5!1sChZDSUhNMG9nS0VJQ0FnSURqdzdqd1h3EAE!2m1!1s0x0:0xf0217a90db0ef60!3m1!1s2@1:CIHM0ogKEICAgIDjw7jwXw%7C%7C?hl=en","101362737170138825820","970","https://lh3.googleusercontent.com/a-/ALV-UjWGFkzEAGsKsI_4lGbwlquy_1Pbz7Eb4GS_os6MJgsV9j3vTHpuxA=s1920-c-rp-mo-ba7-br100","https://www.google.com/maps/contrib/101362737170138825820?hl=en","302","2025-09-21T15:21:46.147Z","Direct Detail URL: https://www.google.com/maps/place/Charles+Darwin+National+Park/@-12.449386,130.8725801,17z/data=!4m8!3m7!1s0x2cc091357c650a31:0xf0217a90db0ef60!8m2!3d-12.4493913!4d130.875155!9m1!1b1!16zL20vMHBzYzk?entry=ttu&g_ep=EgoyMDI1MDkxNy4wIKXMDSoASAFQAw%3D%3D","5","Northern Territory","Tiger Brennan Dr","false","Beautiful outdoor nature reserve right on the edge of Darwin city with great views of Darwin. Ww2 munition bunkers lay scattered around with information signage. Great spot for outdoor health activities. All free for the visitors.",,"Charles Darwin National Park","4.2",,"https://www.google.com/maps/search/?api=1&query=Charles%20Darwin%20National%20Park&query_place_id=ChIJMQplfDWRwCwRYO-wDakXAg8",
"Tiger Brennan Dr, Charles Darwin NT 0820, Australia","National park","Tourist attraction","National park","1081452875368951648","Charles Darwin","AU","0x2cc091357c650a31:0xf0217a90db0ef60","https://lh3.googleusercontent.com/gps-cs-s/AC9h4nqtMDSGYEvu225Uc_UqSN1iT6if1yR-aAZ5qJcw-WS3V9jbOtAKrfM89T4L4V0RGrEpLDWRGbst70TMJGljIhLdziGKVguV6nzGQYSfjC0rv2ucDhlHuV5CSkHfly9ybKP4rrM=w408-h307-k-no","false","true","en","0","-12.4493913","130.875155","Greg G",,,"false","ChIJMQplfDWRwCwRYO-wDakXAg8","0820",,"Edited a year ago","2024-04-02T08:22:48.141Z",,,,,,,,"ChZDSUhNMG9nS0VJQ0FnSUNEazh6REdREAE",,,,,,,,,,,"Google","https://www.google.com/maps/reviews/data=!4m8!14m7!1m6!2m5!1sChZDSUhNMG9nS0VJQ0FnSUNEazh6REdREAE!2m1!1s0x0:0xf0217a90db0ef60!3m1!1s2@1:CIHM0ogKEICAgICDk8zDGQ%7C%7C?hl=en","112571981459597022563","540","https://lh3.googleusercontent.com/a/ACg8ocI0S8TaBFG4h9_B1A_WGHLyqeucIaGbagD7t1WdK46OtZZTWg=s1920-c-rp-mo-ba6-br100","https://www.google.com/maps/contrib/112571981459597022563?hl=en","302","2025-09-21T15:21:46.147Z","Direct Detail URL: https://www.google.com/maps/place/Charles+Darwin+National+Park/@-12.449386,130.8725801,17z/data=!4m8!3m7!1s0x2cc091357c650a31:0xf0217a90db0ef60!8m2!3d-12.4493913!4d130.875155!9m1!1b1!16zL20vMHBzYzk?entry=ttu&g_ep=EgoyMDI1MDkxNy4wIKXMDSoASAFQAw%3D%3D","4","Northern Territory","Tiger Brennan Dr","false",,,"Charles Darwin National Park","4.2",,"https://www.google.com/maps/search/?api=1&query=Charles%20Darwin%20National%20Park&query_place_id=ChIJMQplfDWRwCwRYO-wDakXAg8",
"Tiger Brennan Dr, Charles Darwin NT 0820, Australia","National park","Tourist attraction","National park","1081452875368951648","Charles Darwin","AU","0x2cc091357c650a31:0xf0217a90db0ef60","https://lh3.googleusercontent.com/gps-cs-s/AC9h4nqtMDSGYEvu225Uc_UqSN1iT6if1yR-aAZ5qJcw-WS3V9jbOtAKrfM89T4L4V0RGrEpLDWRGbst70TMJGljIhLdziGKVguV6nzGQYSfjC0rv2ucDhlHuV5CSkHfly9ybKP4rrM=w408-h307-k-no","false","false","en","0","-12.4493913","130.875155","devan pillay",,,"false","ChIJMQplfDWRwCwRYO-wDakXAg8","0820",,"a year ago","2024-03-04T09:40:37.233Z",,,,,,,,"ChdDSUhNMG9nS0VJQ0FnSUM5dkszd2d3RRAB",,,,,,,,,,,"Google","https://www.google.com/maps/reviews/data=!4m8!14m7!1m6!2m5!1sChdDSUhNMG9nS0VJQ0FnSUM5dkszd2d3RRAB!2m1!1s0x0:0xf0217a90db0ef60!3m1!1s2@1:CIHM0ogKEICAgIC9vK3wgwE%7C%7C?hl=en","105564015759946388254","7","https://lh3.googleusercontent.com/a/ACg8ocKcgncltHPQGcKUaz7HttyLrCtZw8-fxUXpCjwtOpVKOX6iJA=s1920-c-rp-mo-br100","https://www.google.com/maps/contrib/105564015759946388254?hl=en","302","2025-09-21T15:21:46.147Z","Direct Detail URL: https://www.google.com/maps/place/Charles+Darwin+National+Park/@-12.449386,130.8725801,17z/data=!4m8!3m7!1s0x2cc091357c650a31:0xf0217a90db0ef60!8m2!3d-12.4493913!4d130.875155!9m1!1b1!16zL20vMHBzYzk?entry=ttu&g_ep=EgoyMDI1MDkxNy4wIKXMDSoASAFQAw%3D%3D","4","Northern Territory","Tiger Brennan Dr","false",,,"Charles Darwin National Park","4.2",,"https://www.google.com/maps/search/?api=1&query=Charles%20Darwin%20National%20Park&query_place_id=ChIJMQplfDWRwCwRYO-wDakXAg8",
"Tiger Brennan Dr, Charles Darwin NT 0820, Australia","National park","Tourist attraction","National park","1081452875368951648","Charles Darwin","AU","0x2cc091357c650a31:0xf0217a90db0ef60","https://lh3.googleusercontent.com/gps-cs-s/AC9h4nqtMDSGYEvu225Uc_UqSN1iT6if1yR-aAZ5qJcw-WS3V9jbOtAKrfM89T4L4V0RGrEpLDWRGbst70TMJGljIhLdziGKVguV6nzGQYSfjC0rv2ucDhlHuV5CSkHfly9ybKP4rrM=w408-h307-k-no","false","true","en","0","-12.4493913","130.875155","Bren Harp",,"en","false","ChIJMQplfDWRwCwRYO-wDakXAg8","0820",,"a year ago","2024-03-04T06:00:12.671Z",,,,,,,,"ChdDSUhNMG9nS0VJQ0FnSUM5bkpHQnd3RRAB",,,,,,,,,,,"Google","https://www.google.com/maps/reviews/data=!4m8!14m7!1m6!2m5!1sChdDSUhNMG9nS0VJQ0FnSUM5bkpHQnd3RRAB!2m1!1s0x0:0xf0217a90db0ef60!3m1!1s2@1:CIHM0ogKEICAgIC9nJGBwwE%7C%7C?hl=en","115122279717586315288","35","https://lh3.googleusercontent.com/a-/ALV-UjVbXZVmSisvQ_qwdS1-dvKwZavuBGRNSd8msNIR4MfxO3dDwyA=s1920-c-rp-mo-ba3-br100","https://www.google.com/maps/contrib/115122279717586315288?hl=en","302","2025-09-21T15:21:46.147Z","Direct Detail URL: https://www.google.com/maps/place/Charles+Darwin+National+Park/@-12.449386,130.8725801,17z/data=!4m8!3m7!1s0x2cc091357c650a31:0xf0217a90db0ef60!8m2!3d-12.4493913!4d130.875155!9m1!1b1!16zL20vMHBzYzk?entry=ttu&g_ep=EgoyMDI1MDkxNy4wIKXMDSoASAFQAw%3D%3D","5","Northern Territory","Tiger Brennan Dr","false","Awesome place to adventure hike. Great War history",,"Charles Darwin National Park","4.2",,"https://www.google.com/maps/search/?api=1&query=Charles%20Darwin%20National%20Park&query_place_id=ChIJMQplfDWRwCwRYO-wDakXAg8",
"Tiger Brennan Dr, Charles Darwin NT 0820, Australia","National park","Tourist attraction","National park","1081452875368951648","Charles Darwin","AU","0x2cc091357c650a31:0xf0217a90db0ef60","https://lh3.googleusercontent.com/gps-cs-s/AC9h4nqtMDSGYEvu225Uc_UqSN1iT6if1yR-aAZ5qJcw-WS3V9jbOtAKrfM89T4L4V0RGrEpLDWRGbst70TMJGljIhLdziGKVguV6nzGQYSfjC0rv2ucDhlHuV5CSkHfly9ybKP4rrM=w408-h307-k-no","false","true","en","0","-12.4493913","130.875155","Md Taraqual Islam Bhuiya",,"en","false","ChIJMQplfDWRwCwRYO-wDakXAg8","0820",,"a year ago","2024-01-08T09:24:01.547Z",,,,,,,,"ChZDSUhNMG9nS0VJQ0FnSUQxNmQzb0tnEAE",,,,,,,,,,,"Google","https://www.google.com/maps/reviews/data=!4m8!14m7!1m6!2m5!1sChZDSUhNMG9nS0VJQ0FnSUQxNmQzb0tnEAE!2m1!1s0x0:0xf0217a90db0ef60!3m1!1s2@1:CIHM0ogKEICAgID16d3oKg%7C%7C?hl=en","116672783546884160476","83","https://lh3.googleusercontent.com/a-/ALV-UjUJibnacVnbb5c2C6nr10wOIXvf-GZfk7Cff1HG0bjZL38krn0=s1920-c-rp-mo-ba4-br100","https://www.google.com/maps/contrib/116672783546884160476?hl=en","302","2025-09-21T15:21:46.147Z","Direct Detail URL: https://www.google.com/maps/place/Charles+Darwin+National+Park/@-12.449386,130.8725801,17z/data=!4m8!3m7!1s0x2cc091357c650a31:0xf0217a90db0ef60!8m2!3d-12.4493913!4d130.875155!9m1!1b1!16zL20vMHBzYzk?entry=ttu&g_ep=EgoyMDI1MDkxNy4wIKXMDSoASAFQAw%3D%3D","5","Northern Territory","Tiger Brennan Dr","false","Imaizing city view. Quite and resources full",,"Charles Darwin National Park","4.2",,"https://www.google.com/maps/search/?api=1&query=Charles%20Darwin%20National%20Park&query_place_id=ChIJMQplfDWRwCwRYO-wDakXAg8",
"Tiger Brennan Dr, Charles Darwin NT 0820, Australia","National park","Tourist attraction","National park","1081452875368951648","Charles Darwin","AU","0x2cc091357c650a31:0xf0217a90db0ef60","https://lh3.googleusercontent.com/gps-cs-s/AC9h4nqtMDSGYEvu225Uc_UqSN1iT6if1yR-aAZ5qJcw-WS3V9jbOtAKrfM89T4L4V0RGrEpLDWRGbst70TMJGljIhLdziGKVguV6nzGQYSfjC0rv2ucDhlHuV5CSkHfly9ybKP4rrM=w408-h307-k-no","false","true","en","0","-12.4493913","130.875155","Sir Cheung",,"en","false","ChIJMQplfDWRwCwRYO-wDakXAg8","0820",,"a year ago","2023-12-13T02:01:57.777Z",,,,,,,,"ChZDSUhNMG9nS0VJQ0FnSURWenBLQWVnEAE",,,,,,,,,,,"Google","https://www.google.com/maps/reviews/data=!4m8!14m7!1m6!2m5!1sChZDSUhNMG9nS0VJQ0FnSURWenBLQWVnEAE!2m1!1s0x0:0xf0217a90db0ef60!3m1!1s2@1:CIHM0ogKEICAgIDVzpKAeg%7C%7C?hl=en","104418825590369419093","29","https://lh3.googleusercontent.com/a-/ALV-UjWmJ4Wcg8nKI24_dK1Yg4aokWgqZZ4WrIPi7t2X7UY4uyDBr9ds=s1920-c-rp-mo-ba3-br100","https://www.google.com/maps/contrib/104418825590369419093?hl=en","302","2025-09-21T15:21:46.147Z","Direct Detail URL: https://www.google.com/maps/place/Charles+Darwin+National+Park/@-12.449386,130.8725801,17z/data=!4m8!3m7!1s0x2cc091357c650a31:0xf0217a90db0ef60!8m2!3d-12.4493913!4d130.875155!9m1!1b1!16zL20vMHBzYzk?entry=ttu&g_ep=EgoyMDI1MDkxNy4wIKXMDSoASAFQAw%3D%3D","3","Northern Territory","Tiger Brennan Dr","false","A comparatively small national park. There is a small war museum on the way uphill. Some parking lots at the destination and picnicking facilities. There is a great view of the city from there.",,"Charles Darwin National Park","4.2",,"https://www.google.com/maps/search/?api=1&query=Charles%20Darwin%20National%20Park&query_place_id=ChIJMQplfDWRwCwRYO-wDakXAg8",
"Tiger Brennan Dr, Charles Darwin NT 0820, Australia","National park","Tourist attraction","National park","1081452875368951648","Charles Darwin","AU","0x2cc091357c650a31:0xf0217a90db0ef60","https://lh3.googleusercontent.com/gps-cs-s/AC9h4nqtMDSGYEvu225Uc_UqSN1iT6if1yR-aAZ5qJcw-WS3V9jbOtAKrfM89T4L4V0RGrEpLDWRGbst70TMJGljIhLdziGKVguV6nzGQYSfjC0rv2ucDhlHuV5CSkHfly9ybKP4rrM=w408-h307-k-no","false","false","en","0","-12.4493913","130.875155","Stephen Prague",,,"false","ChIJMQplfDWRwCwRYO-wDakXAg8","0820",,"a year ago","2023-12-09T08:30:29.055Z",,,,,,,,"ChdDSUhNMG9nS0VJQ0FnSUNWODhLOS1RRRAB",,,,,,,,,,,"Google","https://www.google.com/maps/reviews/data=!4m8!14m7!1m6!2m5!1sChdDSUhNMG9nS0VJQ0FnSUNWODhLOS1RRRAB!2m1!1s0x0:0xf0217a90db0ef60!3m1!1s2@1:CIHM0ogKEICAgICV88K9-QE%7C%7C?hl=en","113937585947116985750","16","https://lh3.googleusercontent.com/a-/ALV-UjVMIuXBAYMYk7JgmtibzFzCzx72tbkWrcd5y2dsMfLvPiWRfmrw=s1920-c-rp-mo-br100","https://www.google.com/maps/contrib/113937585947116985750?hl=en","302","2025-09-21T15:21:46.147Z","Direct Detail URL: https://www.google.com/maps/place/Charles+Darwin+National+Park/@-12.449386,130.8725801,17z/data=!4m8!3m7!1s0x2cc091357c650a31:0xf0217a90db0ef60!8m2!3d-12.4493913!4d130.875155!9m1!1b1!16zL20vMHBzYzk?entry=ttu&g_ep=EgoyMDI1MDkxNy4wIKXMDSoASAFQAw%3D%3D","4","Northern Territory","Tiger Brennan Dr","false",,,"Charles Darwin National Park","4.2",,"https://www.google.com/maps/search/?api=1&query=Charles%20Darwin%20National%20Park&query_place_id=ChIJMQplfDWRwCwRYO-wDakXAg8",
"Tiger Brennan Dr, Charles Darwin NT 0820, Australia","National park","Tourist attraction","National park","1081452875368951648","Charles Darwin","AU","0x2cc091357c650a31:0xf0217a90db0ef60","https://lh3.googleusercontent.com/gps-cs-s/AC9h4nqtMDSGYEvu225Uc_UqSN1iT6if1yR-aAZ5qJcw-WS3V9jbOtAKrfM89T4L4V0RGrEpLDWRGbst70TMJGljIhLdziGKVguV6nzGQYSfjC0rv2ucDhlHuV5CSkHfly9ybKP4rrM=w408-h307-k-no","false","true","en","0","-12.4493913","130.875155","bert mclaine",,,"false","ChIJMQplfDWRwCwRYO-wDakXAg8","0820",,"a year ago","2023-11-17T03:25:05.091Z",,,,,,,,"ChZDSUhNMG9nS0VJQ0FnSUNsaHFhRVFBEAE",,,,,,,,,,,"Google","https://www.google.com/maps/reviews/data=!4m8!14m7!1m6!2m5!1sChZDSUhNMG9nS0VJQ0FnSUNsaHFhRVFBEAE!2m1!1s0x0:0xf0217a90db0ef60!3m1!1s2@1:CIHM0ogKEICAgIClhqaEQA%7C%7C?hl=en","113780493664486373026","66","https://lh3.googleusercontent.com/a-/ALV-UjW5g9zfO58ILrcJJNM_WkD1d5IpxmdIVzbraziYv480ln3LDT5l=s1920-c-rp-mo-ba4-br100","https://www.google.com/maps/contrib/113780493664486373026?hl=en","302","2025-09-21T15:21:46.147Z","Direct Detail URL: https://www.google.com/maps/place/Charles+Darwin+National+Park/@-12.449386,130.8725801,17z/data=!4m8!3m7!1s0x2cc091357c650a31:0xf0217a90db0ef60!8m2!3d-12.4493913!4d130.875155!9m1!1b1!16zL20vMHBzYzk?entry=ttu&g_ep=EgoyMDI1MDkxNy4wIKXMDSoASAFQAw%3D%3D","5","Northern Territory","Tiger Brennan Dr","false",,,"Charles Darwin National Park","4.2",,"https://www.google.com/maps/search/?api=1&query=Charles%20Darwin%20National%20Park&query_place_id=ChIJMQplfDWRwCwRYO-wDakXAg8",
"Tiger Brennan Dr, Charles Darwin NT 0820, Australia","National park","Tourist attraction","National park","1081452875368951648","Charles Darwin","AU","0x2cc091357c650a31:0xf0217a90db0ef60","https://lh3.googleusercontent.com/gps-cs-s/AC9h4nqtMDSGYEvu225Uc_UqSN1iT6if1yR-aAZ5qJcw-WS3V9jbOtAKrfM89T4L4V0RGrEpLDWRGbst70TMJGljIhLdziGKVguV6nzGQYSfjC0rv2ucDhlHuV5CSkHfly9ybKP4rrM=w408-h307-k-no","false","true","en","0","-12.4493913","130.875155","Bryan McGlade",,"en","false","ChIJMQplfDWRwCwRYO-wDakXAg8","0820",,"2 years ago","2023-09-19T01:43:02.827Z",,,,,,,"Pretty good. Not stinky.","ChdDSUhNMG9nS0VJQ0FnSUNadTRHQ2lBRRAB",,,,,,,,,,,"Google","https://www.google.com/maps/reviews/data=!4m8!14m7!1m6!2m5!1sChdDSUhNMG9nS0VJQ0FnSUNadTRHQ2lBRRAB!2m1!1s0x0:0xf0217a90db0ef60!3m1!1s2@1:CIHM0ogKEICAgICZu4GCiAE%7C%7C?hl=en","107207368707109721644","902","https://lh3.googleusercontent.com/a-/ALV-UjWvdGvf4nH7FZZyUCwzqBxqC4UyiO4MQLEKPfK_2gvv8QYs5fsr0Q=s1920-c-rp-mo-ba7-br100","https://www.google.com/maps/contrib/107207368707109721644?hl=en","302","2025-09-21T15:21:46.147Z","Direct Detail URL: https://www.google.com/maps/place/Charles+Darwin+National+Park/@-12.449386,130.8725801,17z/data=!4m8!3m7!1s0x2cc091357c650a31:0xf0217a90db0ef60!8m2!3d-12.4493913!4d130.875155!9m1!1b1!16zL20vMHBzYzk?entry=ttu&g_ep=EgoyMDI1MDkxNy4wIKXMDSoASAFQAw%3D%3D","4","Northern Territory","Tiger Brennan Dr","false","A mountain biking park near the centre of Darwin. Quite the surprise. Very dry, good views of the city. Interesting 2nd world war history. I reckon one of the best displays we saw around Darwin and it's free of course. The place felt very quiet like people didn't think it was worth visiting. I reckon it is a great place for a picnic. Green grass, places to sit. No one else around. Lovely",,"Charles Darwin National Park","4.2",,"https://www.google.com/maps/search/?api=1&query=Charles%20Darwin%20National%20Park&query_place_id=ChIJMQplfDWRwCwRYO-wDakXAg8",
"Tiger Brennan Dr, Charles Darwin NT 0820, Australia","National park","Tourist attraction","National park","1081452875368951648","Charles Darwin","AU","0x2cc091357c650a31:0xf0217a90db0ef60","https://lh3.googleusercontent.com/gps-cs-s/AC9h4nqtMDSGYEvu225Uc_UqSN1iT6if1yR-aAZ5qJcw-WS3V9jbOtAKrfM89T4L4V0RGrEpLDWRGbst70TMJGljIhLdziGKVguV6nzGQYSfjC0rv2ucDhlHuV5CSkHfly9ybKP4rrM=w408-h307-k-no","false","true","en","0","-12.4493913","130.875155","H M",,"en","false","ChIJMQplfDWRwCwRYO-wDakXAg8","0820",,"2 years ago","2023-09-09T11:39:18.139Z",,,,,,,"Very clean","ChZDSUhNMG9nS0VJQ0FnSUNaaHJfR0l3EAE",,,,,,,,,,,"Google","https://www.google.com/maps/reviews/data=!4m8!14m7!1m6!2m5!1sChZDSUhNMG9nS0VJQ0FnSUNaaHJfR0l3EAE!2m1!1s0x0:0xf0217a90db0ef60!3m1!1s2@1:CIHM0ogKEICAgICZhr_GIw%7C%7C?hl=en","106542055697437994606","785","https://lh3.googleusercontent.com/a/ACg8ocJqVV3rDyfLz5EyMBRcvvT3lSIltIv_VZ_B-JzmWoBeDXgbbHK5=s1920-c-rp-mo-ba6-br100","https://www.google.com/maps/contrib/106542055697437994606?hl=en","302","2025-09-21T15:21:46.147Z","Direct Detail URL: https://www.google.com/maps/place/Charles+Darwin+National+Park/@-12.449386,130.8725801,17z/data=!4m8!3m7!1s0x2cc091357c650a31:0xf0217a90db0ef60!8m2!3d-12.4493913!4d130.875155!9m1!1b1!16zL20vMHBzYzk?entry=ttu&g_ep=EgoyMDI1MDkxNy4wIKXMDSoASAFQAw%3D%3D","3","Northern Territory","Tiger Brennan Dr","false","Not a great deal to see and paths poorly signposted",,"Charles Darwin National Park","4.2",,"https://www.google.com/maps/search/?api=1&query=Charles%20Darwin%20National%20Park&query_place_id=ChIJMQplfDWRwCwRYO-wDakXAg8",
"Tiger Brennan Dr, Charles Darwin NT 0820, Australia","National park","Tourist attraction","National park","1081452875368951648","Charles Darwin","AU","0x2cc091357c650a31:0xf0217a90db0ef60","https://lh3.googleusercontent.com/gps-cs-s/AC9h4nqtMDSGYEvu225Uc_UqSN1iT6if1yR-aAZ5qJcw-WS3V9jbOtAKrfM89T4L4V0RGrEpLDWRGbst70TMJGljIhLdziGKVguV6nzGQYSfjC0rv2ucDhlHuV5CSkHfly9ybKP4rrM=w408-h307-k-no","false","true","en","0","-12.4493913","130.875155","Xiang “Ken” Y.",,"en","false","ChIJMQplfDWRwCwRYO-wDakXAg8","0820",,"2 years ago","2023-09-07T12:16:30.902Z",,,,,,,,"ChZDSUhNMG9nS0VJQ0FnSUNaa3NPa1F3EAE","https://lh3.googleusercontent.com/geougc-cs/AB3l90DJITwT3yPahnIlgYkk0ChYKpSMp7jdKAU_KLRvGUad3nFJT0SR25d82byuIr8fyPaSqms2x4yVCtJRH-tXkt_jDNQKAtD66j3d34tQv__rJQYm18NGVLKDR5woBhMMP59qf66ZbA","https://lh3.googleusercontent.com/geougc-cs/AB3l90DRfeZE4x5qWZycjITkfVMC5yfJH1vy9DpPonB3ixVkJ1l7sV404wtiKdwS5Kzfl313bIXRuQLsIlyp95u2HanFIOfyRJXTU-otZe_RhNEGwS4scHASMnvPfU-hcoE7SWZe7w0","https://lh3.googleusercontent.com/geougc-cs/AB3l90DJxP1GQrJulJWFHPiquB6bTdCNJyYkK_S9764ptKZMBeoPaDn1Qw7YAZlrq_FFnq9V5JZI1tRpQBN4cxtvRRybicACM4SvGOYNR17aTVJisaOELrXKIInNcUykPji5PdbwmXtp","https://lh3.googleusercontent.com/geougc-cs/AB3l90AXvZVHbZrpuJ43udq7C9DbjB94MEhRdsVxc17JMQjL4OVLEgByqt-npMCnYU_6rWLhctt4fcq1fp25LL-p2qsDWIK1_sXPwVFR8abhB-T83io_TjwtEDmiFjisFFj9qIPs-Pw","https://lh3.googleusercontent.com/geougc-cs/AB3l90AfZgJHkuFsnPcrJ93HdJqEwNik2MF2ArkquJLjOMqk0LVQtgI2Y5CMuARXvZ5RoPmzQJ0ed4FsGO7xkzucr6KceI5M_IE2whyePAgeJWSH8WR1LJQcDUz8qMbLEPYCA2gr7hS15g",,,,,,"Google","https://www.google.com/maps/reviews/data=!4m8!14m7!1m6!2m5!1sChZDSUhNMG9nS0VJQ0FnSUNaa3NPa1F3EAE!2m1!1s0x0:0xf0217a90db0ef60!3m1!1s2@1:CIHM0ogKEICAgICZksOkQw%7C%7C?hl=en","107818139884002881758","738","https://lh3.googleusercontent.com/a-/ALV-UjXBP10XaMU-v3QMQZldeegEMkRw1ELxusrc0eVM2BKzzZOut-XY9w=s1920-c-rp-mo-ba6-br100","https://www.google.com/maps/contrib/107818139884002881758?hl=en","302","2025-09-21T15:21:46.147Z","Direct Detail URL: https://www.google.com/maps/place/Charles+Darwin+National+Park/@-12.449386,130.8725801,17z/data=!4m8!3m7!1s0x2cc091357c650a31:0xf0217a90db0ef60!8m2!3d-12.4493913!4d130.875155!9m1!1b1!16zL20vMHBzYzk?entry=ttu&g_ep=EgoyMDI1MDkxNy4wIKXMDSoASAFQAw%3D%3D","5","Northern Territory","Tiger Brennan Dr","false","City lookout",,"Charles Darwin National Park","4.2",,"https://www.google.com/maps/search/?api=1&query=Charles%20Darwin%20National%20Park&query_place_id=ChIJMQplfDWRwCwRYO-wDakXAg8",
"Tiger Brennan Dr, Charles Darwin NT 0820, Australia","National park","Tourist attraction","National park","1081452875368951648","Charles Darwin","AU","0x2cc091357c650a31:0xf0217a90db0ef60","https://lh3.googleusercontent.com/gps-cs-s/AC9h4nqtMDSGYEvu225Uc_UqSN1iT6if1yR-aAZ5qJcw-WS3V9jbOtAKrfM89T4L4V0RGrEpLDWRGbst70TMJGljIhLdziGKVguV6nzGQYSfjC0rv2ucDhlHuV5CSkHfly9ybKP4rrM=w408-h307-k-no","false","true","en","0","-12.4493913","130.875155","Andazi",,"en","false","ChIJMQplfDWRwCwRYO-wDakXAg8","0820",,"Edited 2 years ago","2023-08-30T01:29:35.941Z",,,,,,,,"ChZDSUhNMG9nS0VJQ0FnSUNLaU9hRmZnEAE",,,,,,,,,,,"Google","https://www.google.com/maps/reviews/data=!4m8!14m7!1m6!2m5!1sChZDSUhNMG9nS0VJQ0FnSUNLaU9hRmZnEAE!2m1!1s0x0:0xf0217a90db0ef60!3m1!1s2@1:CIHM0ogKEICAgICKiOaFfg%7C%7C?hl=en","105758445550163472121","63","https://lh3.googleusercontent.com/a-/ALV-UjUBjNXHJDfBkHXnTVN4AMjL49E3EQ8BKVJRSq3mSUt_sZIk4WqX=s1920-c-rp-mo-ba5-br100","https://www.google.com/maps/contrib/105758445550163472121?hl=en","302","2025-09-21T15:21:46.147Z","Direct Detail URL: https://www.google.com/maps/place/Charles+Darwin+National+Park/@-12.449386,130.8725801,17z/data=!4m8!3m7!1s0x2cc091357c650a31:0xf0217a90db0ef60!8m2!3d-12.4493913!4d130.875155!9m1!1b1!16zL20vMHBzYzk?entry=ttu&g_ep=EgoyMDI1MDkxNy4wIKXMDSoASAFQAw%3D%3D","4","Northern Territory","Tiger Brennan Dr","false","A fantastic destination to explore World War II history, soak in panoramic views of Darwin, and indulge your cycling passion. The area offers a walking trail for brief bush walks, perfect for enthusiasts. If you haven't been, consider planning a visit to the national park – the experience is truly invaluable.",,"Charles Darwin National Park","4.2",,"https://www.google.com/maps/search/?api=1&query=Charles%20Darwin%20National%20Park&query_place_id=ChIJMQplfDWRwCwRYO-wDakXAg8",
"Tiger Brennan Dr, Charles Darwin NT 0820, Australia","National park","Tourist attraction","National park","1081452875368951648","Charles Darwin","AU","0x2cc091357c650a31:0xf0217a90db0ef60","https://lh3.googleusercontent.com/gps-cs-s/AC9h4nqtMDSGYEvu225Uc_UqSN1iT6if1yR-aAZ5qJcw-WS3V9jbOtAKrfM89T4L4V0RGrEpLDWRGbst70TMJGljIhLdziGKVguV6nzGQYSfjC0rv2ucDhlHuV5CSkHfly9ybKP4rrM=w408-h307-k-no","false","true","en","0","-12.4493913","130.875155","Shannon L",,"en","false","ChIJMQplfDWRwCwRYO-wDakXAg8","0820",,"2 years ago","2023-08-27T01:41:16.227Z",,,,,,,,"ChdDSUhNMG9nS0VJQ0FnSURwN2RDUjBRRRAB","https://lh3.googleusercontent.com/geougc-cs/AB3l90DOGO0HXveEzrR0OQ7jNiCtMCQmaDYZXrIsuhLjsa2PJCOHVgo6oRNKSuXyOdCyxHRfy8HiRlE4F2ljZtcpcL0f9BBrd2oeRmlmPDYVZ4YHu-16BY_6k-r5RDG0qc3BcAlQ7Fbi","https://lh3.googleusercontent.com/geougc-cs/AB3l90DhEcQlXObAP_iufnKxo8KVm5hJdfm3nRBHXFPZyNbJ_1YuRia3PNKxY663LRIJw0RkhlCryK_Xs_udZRgRvYas8H1GnKX4uDsN46UhCJ5Vp9eDrsW-s9zzkiwrtWr-KWtPAt2_","https://lh3.googleusercontent.com/geougc-cs/AB3l90B8uYxQiiwvjVmpV9IxwkI9jIlhjN55dwSG1guqsIUo5Tr6o6zkcbaIVdGQcOps_jEKRl0RxJdY3m4m378KDaSxeRdmChgKGmlm6I-FVEa0oDpTnhxzwKv6i9rVXvtdCYLR31Dg",,,,,,,,"Google","https://www.google.com/maps/reviews/data=!4m8!14m7!1m6!2m5!1sChdDSUhNMG9nS0VJQ0FnSURwN2RDUjBRRRAB!2m1!1s0x0:0xf0217a90db0ef60!3m1!1s2@1:CIHM0ogKEICAgIDp7dCR0QE%7C%7C?hl=en","102310654737287180673","17","https://lh3.googleusercontent.com/a/ACg8ocLDpWx_8GdDYHW8Fkn2BMJBTWwYU87voWjlw4ePwCu5dSCiPGY=s1920-c-rp-mo-ba3-br100","https://www.google.com/maps/contrib/102310654737287180673?hl=en","302","2025-09-21T15:21:46.147Z","Direct Detail URL: https://www.google.com/maps/place/Charles+Darwin+National+Park/@-12.449386,130.8725801,17z/data=!4m8!3m7!1s0x2cc091357c650a31:0xf0217a90db0ef60!8m2!3d-12.4493913!4d130.875155!9m1!1b1!16zL20vMHBzYzk?entry=ttu&g_ep=EgoyMDI1MDkxNy4wIKXMDSoASAFQAw%3D%3D","5","Northern Territory","Tiger Brennan Dr","false","Went mountain biking here. Was very beginner friendly with some more advanced options. Was lucky enough to get a tour from a local group.",,"Charles Darwin National Park","4.2",,"https://www.google.com/maps/search/?api=1&query=Charles%20Darwin%20National%20Park&query_place_id=ChIJMQplfDWRwCwRYO-wDakXAg8",
"Tiger Brennan Dr, Charles Darwin NT 0820, Australia","National park","Tourist attraction","National park","1081452875368951648","Charles Darwin","AU","0x2cc091357c650a31:0xf0217a90db0ef60","https://lh3.googleusercontent.com/gps-cs-s/AC9h4nqtMDSGYEvu225Uc_UqSN1iT6if1yR-aAZ5qJcw-WS3V9jbOtAKrfM89T4L4V0RGrEpLDWRGbst70TMJGljIhLdziGKVguV6nzGQYSfjC0rv2ucDhlHuV5CSkHfly9ybKP4rrM=w408-h307-k-no","false","true","en","0","-12.4493913","130.875155","Martin Finn",,"en","false","ChIJMQplfDWRwCwRYO-wDakXAg8","0820",,"2 years ago","2023-08-24T05:33:19.775Z",,,,,,,,"ChdDSUhNMG9nS0VJQ0FnSURwOFk2bjF3RRAB",,,,,,,,,,,"Google","https://www.google.com/maps/reviews/data=!4m8!14m7!1m6!2m5!1sChdDSUhNMG9nS0VJQ0FnSURwOFk2bjF3RRAB!2m1!1s0x0:0xf0217a90db0ef60!3m1!1s2@1:CIHM0ogKEICAgIDp8Y6n1wE%7C%7C?hl=en","114875710046808173438","292","https://lh3.googleusercontent.com/a-/ALV-UjUdO08pUb0TMycF75uLdu2TdvWDYgSILuJofVNrLsY_6titQ6Dx=s1920-c-rp-mo-ba5-br100","https://www.google.com/maps/contrib/114875710046808173438?hl=en","302","2025-09-21T15:21:46.147Z","Direct Detail URL: https://www.google.com/maps/place/Charles+Darwin+National+Park/@-12.449386,130.8725801,17z/data=!4m8!3m7!1s0x2cc091357c650a31:0xf0217a90db0ef60!8m2!3d-12.4493913!4d130.875155!9m1!1b1!16zL20vMHBzYzk?entry=ttu&g_ep=EgoyMDI1MDkxNy4wIKXMDSoASAFQAw%3D%3D","5","Northern Territory","Tiger Brennan Dr","false","Educational.",,"Charles Darwin National Park","4.2",,"https://www.google.com/maps/search/?api=1&query=Charles%20Darwin%20National%20Park&query_place_id=ChIJMQplfDWRwCwRYO-wDakXAg8",
"Tiger Brennan Dr, Charles Darwin NT 0820, Australia","National park","Tourist attraction","National park","1081452875368951648","Charles Darwin","AU","0x2cc091357c650a31:0xf0217a90db0ef60","https://lh3.googleusercontent.com/gps-cs-s/AC9h4nqtMDSGYEvu225Uc_UqSN1iT6if1yR-aAZ5qJcw-WS3V9jbOtAKrfM89T4L4V0RGrEpLDWRGbst70TMJGljIhLdziGKVguV6nzGQYSfjC0rv2ucDhlHuV5CSkHfly9ybKP4rrM=w408-h307-k-no","false","true","en","0","-12.4493913","130.875155","S C",,,"false","ChIJMQplfDWRwCwRYO-wDakXAg8","0820",,"2 years ago","2023-08-16T12:00:41.549Z",,,,,,,,"ChZDSUhNMG9nS0VJQ0FnSURwcE5Ld1NnEAE",,,,,,,,,,,"Google","https://www.google.com/maps/reviews/data=!4m8!14m7!1m6!2m5!1sChZDSUhNMG9nS0VJQ0FnSURwcE5Ld1NnEAE!2m1!1s0x0:0xf0217a90db0ef60!3m1!1s2@1:CIHM0ogKEICAgIDppNKwSg%7C%7C?hl=en","117648674990875511346","14","https://lh3.googleusercontent.com/a-/ALV-UjWaF_4nerAG6zYqOl2deWnrewRQOtZA6qm7VCOWo8GzecSL0P8k=s1920-c-rp-mo-ba4-br100","https://www.google.com/maps/contrib/117648674990875511346?hl=en","302","2025-09-21T15:21:46.147Z","Direct Detail URL: https://www.google.com/maps/place/Charles+Darwin+National+Park/@-12.449386,130.8725801,17z/data=!4m8!3m7!1s0x2cc091357c650a31:0xf0217a90db0ef60!8m2!3d-12.4493913!4d130.875155!9m1!1b1!16zL20vMHBzYzk?entry=ttu&g_ep=EgoyMDI1MDkxNy4wIKXMDSoASAFQAw%3D%3D","3","Northern Territory","Tiger Brennan Dr","false",,,"Charles Darwin National Park","4.2",,"https://www.google.com/maps/search/?api=1&query=Charles%20Darwin%20National%20Park&query_place_id=ChIJMQplfDWRwCwRYO-wDakXAg8",
"Tiger Brennan Dr, Charles Darwin NT 0820, Australia","National park","Tourist attraction","National park","1081452875368951648","Charles Darwin","AU","0x2cc091357c650a31:0xf0217a90db0ef60","https://lh3.googleusercontent.com/gps-cs-s/AC9h4nqtMDSGYEvu225Uc_UqSN1iT6if1yR-aAZ5qJcw-WS3V9jbOtAKrfM89T4L4V0RGrEpLDWRGbst70TMJGljIhLdziGKVguV6nzGQYSfjC0rv2ucDhlHuV5CSkHfly9ybKP4rrM=w408-h307-k-no","false","true","en","0","-12.4493913","130.875155","Adven Tour Aus",,"en","false","ChIJMQplfDWRwCwRYO-wDakXAg8","0820",,"2 years ago","2023-08-14T11:02:57.419Z",,,,,,,,"ChdDSUhNMG9nS0VJQ0FnSURwNEszeXl3RRAB",,,,,,,,,,,"Google","https://www.google.com/maps/reviews/data=!4m8!14m7!1m6!2m5!1sChdDSUhNMG9nS0VJQ0FnSURwNEszeXl3RRAB!2m1!1s0x0:0xf0217a90db0ef60!3m1!1s2@1:CIHM0ogKEICAgIDp4K3yywE%7C%7C?hl=en","116136806660920461306","35","https://lh3.googleusercontent.com/a-/ALV-UjX4Oo9tFP-VooBLF2ZTD_piEP3NAHcW50pgf2iFvyd2joayxL0=s1920-c-rp-mo-ba3-br100","https://www.google.com/maps/contrib/116136806660920461306?hl=en","302","2025-09-21T15:21:46.147Z","Direct Detail URL: https://www.google.com/maps/place/Charles+Darwin+National+Park/@-12.449386,130.8725801,17z/data=!4m8!3m7!1s0x2cc091357c650a31:0xf0217a90db0ef60!8m2!3d-12.4493913!4d130.875155!9m1!1b1!16zL20vMHBzYzk?entry=ttu&g_ep=EgoyMDI1MDkxNy4wIKXMDSoASAFQAw%3D%3D","4","Northern Territory","Tiger Brennan Dr","false","Not bad parklands, good views, all the old military bunkers on the trails",,"Charles Darwin National Park","4.2",,"https://www.google.com/maps/search/?api=1&query=Charles%20Darwin%20National%20Park&query_place_id=ChIJMQplfDWRwCwRYO-wDakXAg8",
"Tiger Brennan Dr, Charles Darwin NT 0820, Australia","National park","Tourist attraction","National park","1081452875368951648","Charles Darwin","AU","0x2cc091357c650a31:0xf0217a90db0ef60","https://lh3.googleusercontent.com/gps-cs-s/AC9h4nqtMDSGYEvu225Uc_UqSN1iT6if1yR-aAZ5qJcw-WS3V9jbOtAKrfM89T4L4V0RGrEpLDWRGbst70TMJGljIhLdziGKVguV6nzGQYSfjC0rv2ucDhlHuV5CSkHfly9ybKP4rrM=w408-h307-k-no","false","true","en","0","-12.4493913","130.875155","sudheer bandaru",,"en","false","ChIJMQplfDWRwCwRYO-wDakXAg8","0820",,"2 years ago","2023-07-25T06:15:07.753Z",,,,"Yes it is a dog friendly zone.","A well maintained picnic area with a brilliant view. However beware of insects.",,"Toilet available fo both men nd women","ChZDSUhNMG9nS0VJQ0FnSURKal83WVl3EAE","https://lh3.googleusercontent.com/geougc-cs/AB3l90A7QXJ9MYCiblat_7Y5dqoq5mY9n15hvQHzMMJl8lrbX_zHfuW7Y9L6AoAuYGUqlcdR3AKQ7qXgk_opfXboI-1izxXpOZohfgD2VkdR058P4eyLlwQdmCBr_j5eIKZSVQIZQSlB","https://lh3.googleusercontent.com/geougc-cs/AB3l90Cl9ZBzlndO6HCFF3hqRPaQzU0uOBDQONjiq2hjrNaNzC9ivqWlcwajkOUUwB30uVQOrdH_Bj1jxHQlVK42QPVNx51rH_Dvvu5dBnVv4a3uVO4Jcwz1nkf8ovtO3BJx_CO2aPnf","https://lh3.googleusercontent.com/geougc-cs/AB3l90Cd3FT7dwFdf_9PZgOyTJ2IEDR6VaJNWlkTnJ19JCG2dB-uMrhbvkPfcHO3oPEm9BYCSc9qQcQEioPNEg_8aDcZBDpUIcUzw8Bi9Ce8UBaFeb26tz4txSwCQh4aymu4bYm2Xix9nQ",,,,,,,,"Google","https://www.google.com/maps/reviews/data=!4m8!14m7!1m6!2m5!1sChZDSUhNMG9nS0VJQ0FnSURKal83WVl3EAE!2m1!1s0x0:0xf0217a90db0ef60!3m1!1s2@1:CIHM0ogKEICAgIDJj_7YYw%7C%7C?hl=en","115504700919773609566","139","https://lh3.googleusercontent.com/a-/ALV-UjVRLIr4xGt9_iYLeMaBPiF9Z4HSewF5hiHw7G0jYVNkCrHmBc65=s1920-c-rp-mo-ba5-br100","https://www.google.com/maps/contrib/115504700919773609566?hl=en","302","2025-09-21T15:21:46.147Z","Direct Detail URL: https://www.google.com/maps/place/Charles+Darwin+National+Park/@-12.449386,130.8725801,17z/data=!4m8!3m7!1s0x2cc091357c650a31:0xf0217a90db0ef60!8m2!3d-12.4493913!4d130.875155!9m1!1b1!16zL20vMHBzYzk?entry=ttu&g_ep=EgoyMDI1MDkxNy4wIKXMDSoASAFQAw%3D%3D","5","Northern Territory","Tiger Brennan Dr","false",,,"Charles Darwin National Park","4.2",,"https://www.google.com/maps/search/?api=1&query=Charles%20Darwin%20National%20Park&query_place_id=ChIJMQplfDWRwCwRYO-wDakXAg8",
"Tiger Brennan Dr, Charles Darwin NT 0820, Australia","National park","Tourist attraction","National park","1081452875368951648","Charles Darwin","AU","0x2cc091357c650a31:0xf0217a90db0ef60","https://lh3.googleusercontent.com/gps-cs-s/AC9h4nqtMDSGYEvu225Uc_UqSN1iT6if1yR-aAZ5qJcw-WS3V9jbOtAKrfM89T4L4V0RGrEpLDWRGbst70TMJGljIhLdziGKVguV6nzGQYSfjC0rv2ucDhlHuV5CSkHfly9ybKP4rrM=w408-h307-k-no","false","true","en","0","-12.4493913","130.875155","Brandon Lee",,"en","false","ChIJMQplfDWRwCwRYO-wDakXAg8","0820",,"2 years ago","2023-07-24T21:37:20.827Z",,,,,,,,"ChZDSUhNMG9nS0VJQ0FnSURKdDlHTERnEAE",,,,,,,,,,,"Google","https://www.google.com/maps/reviews/data=!4m8!14m7!1m6!2m5!1sChZDSUhNMG9nS0VJQ0FnSURKdDlHTERnEAE!2m1!1s0x0:0xf0217a90db0ef60!3m1!1s2@1:CIHM0ogKEICAgIDJt9GLDg%7C%7C?hl=en","104176849612341623477","29","https://lh3.googleusercontent.com/a-/ALV-UjWuFn_z0l_Z6MI6x4SaQJYWsTNMRq-KOetNUBKsx0DihHzDHYBosw=s1920-c-rp-mo-ba3-br100","https://www.google.com/maps/contrib/104176849612341623477?hl=en","302","2025-09-21T15:21:46.147Z","Direct Detail URL: https://www.google.com/maps/place/Charles+Darwin+National+Park/@-12.449386,130.8725801,17z/data=!4m8!3m7!1s0x2cc091357c650a31:0xf0217a90db0ef60!8m2!3d-12.4493913!4d130.875155!9m1!1b1!16zL20vMHBzYzk?entry=ttu&g_ep=EgoyMDI1MDkxNy4wIKXMDSoASAFQAw%3D%3D","5","Northern Territory","Tiger Brennan Dr","false","Only a short drive from the CBD, and yet it feels quite away from everything once you're there, a very informative WW2 display along with historical building. Further up the hill, you will find a perfect picnic or event spot with a few undercover areas with toilets nearby, plenty of parking and coupled together with a look that beautifully overlooks lush flora  and presents a wonderful panoramic view of the city itself. I would recommend this place for anyone who either wants somewhere nice for an event or just that place for a piece of mind and respite.

Charles Darwin National Park is also generally quiet or empty most times, so if you or someone you know have sensory issues, social anxiety, or any other issue, and want to go to a park but fear being over stimulated or overwhelmed, this place is perfect for you to be able to have piece of mind that you can go and relax without the worry of the previously mentioned situation.",,"Charles Darwin National Park","4.2",,"https://www.google.com/maps/search/?api=1&query=Charles%20Darwin%20National%20Park&query_place_id=ChIJMQplfDWRwCwRYO-wDakXAg8",
"Tiger Brennan Dr, Charles Darwin NT 0820, Australia","National park","Tourist attraction","National park","1081452875368951648","Charles Darwin","AU","0x2cc091357c650a31:0xf0217a90db0ef60","https://lh3.googleusercontent.com/gps-cs-s/AC9h4nqtMDSGYEvu225Uc_UqSN1iT6if1yR-aAZ5qJcw-WS3V9jbOtAKrfM89T4L4V0RGrEpLDWRGbst70TMJGljIhLdziGKVguV6nzGQYSfjC0rv2ucDhlHuV5CSkHfly9ybKP4rrM=w408-h307-k-no","false","true","en","0","-12.4493913","130.875155","Sarah",,,"false","ChIJMQplfDWRwCwRYO-wDakXAg8","0820",,"2 years ago","2023-07-19T07:17:47.271Z",,,,,,,,"ChdDSUhNMG9nS0VJQ0FnSURKOGVIeXd3RRAB",,,,,,,,,,,"Google","https://www.google.com/maps/reviews/data=!4m8!14m7!1m6!2m5!1sChdDSUhNMG9nS0VJQ0FnSURKOGVIeXd3RRAB!2m1!1s0x0:0xf0217a90db0ef60!3m1!1s2@1:CIHM0ogKEICAgIDJ8eHywwE%7C%7C?hl=en","106263391878512229245","265","https://lh3.googleusercontent.com/a-/ALV-UjUlogpuvhvE_3ox9wjGtwtZOX8im7ARZxEh5GpUWwdJpx1jwCfp0w=s1920-c-rp-mo-ba7-br100","https://www.google.com/maps/contrib/106263391878512229245?hl=en","302","2025-09-21T15:21:46.147Z","Direct Detail URL: https://www.google.com/maps/place/Charles+Darwin+National+Park/@-12.449386,130.8725801,17z/data=!4m8!3m7!1s0x2cc091357c650a31:0xf0217a90db0ef60!8m2!3d-12.4493913!4d130.875155!9m1!1b1!16zL20vMHBzYzk?entry=ttu&g_ep=EgoyMDI1MDkxNy4wIKXMDSoASAFQAw%3D%3D","5","Northern Territory","Tiger Brennan Dr","false",,,"Charles Darwin National Park","4.2",,"https://www.google.com/maps/search/?api=1&query=Charles%20Darwin%20National%20Park&query_place_id=ChIJMQplfDWRwCwRYO-wDakXAg8",
"Tiger Brennan Dr, Charles Darwin NT 0820, Australia","National park","Tourist attraction","National park","1081452875368951648","Charles Darwin","AU","0x2cc091357c650a31:0xf0217a90db0ef60","https://lh3.googleusercontent.com/gps-cs-s/AC9h4nqtMDSGYEvu225Uc_UqSN1iT6if1yR-aAZ5qJcw-WS3V9jbOtAKrfM89T4L4V0RGrEpLDWRGbst70TMJGljIhLdziGKVguV6nzGQYSfjC0rv2ucDhlHuV5CSkHfly9ybKP4rrM=w408-h307-k-no","false","true","en","0","-12.4493913","130.875155","Ian McLean",,"en","false","ChIJMQplfDWRwCwRYO-wDakXAg8","0820",,"2 years ago","2023-07-18T23:17:55.859Z",,,,,,,,"ChZDSUhNMG9nS0VJQ0FnSURKMGJmaEZ3EAE","https://lh3.googleusercontent.com/geougc-cs/AB3l90CKETJ3j8bOqWWlGFx9-xSyQPohjqYv2LV87zjWKRtzXh60WSMgbm2vy7ckD4t7UKqc6EsfVUTDFQlm9FZUwsI7brIfCt7eU-_3evrevo7J8SV1_GWGCVBb6ZV5QPHrXZzo6KggqQ","https://lh3.googleusercontent.com/geougc-cs/AB3l90AdhD4nyu9GLxTlW1VeXUrBP3HInNn9n-ifQDB-LgJgonjf6F6AAqm7M5a2fhOO31euz-vWd0GEIY3uAUBsd2QWeV4zeysQXF_KQVNQJ6JPG5lxZVc3hyIiPB6Y8JMoQ9lQjhb6","https://lh3.googleusercontent.com/geougc-cs/AB3l90BPzyihItTfVyQPWOcUW3JAyJIDZv8gye0BOxacTmurCT_Ekghj6ebH4dRnbHpPrz_ZHd9eTT8IJzOFBGXE3qvp6XMEhzc6xvfqJCD1aboGBbXwPv3p-P2MnWRVbGAzAgPabttNBQ","https://lh3.googleusercontent.com/geougc-cs/AB3l90AT68FjwPQ7ytiLbd3kiLQHf2FrASKoZ8tAvJ1DmhlwKXCAQI0y7UCpt3pdD-_1iufbdYmJStAZkPzVCrf3AhMcdDfTamoVNMQUxHpFkg34JJXHW2vOUearue1Nao8oLBqeLtk",,,,,,,"Google","https://www.google.com/maps/reviews/data=!4m8!14m7!1m6!2m5!1sChZDSUhNMG9nS0VJQ0FnSURKMGJmaEZ3EAE!2m1!1s0x0:0xf0217a90db0ef60!3m1!1s2@1:CIHM0ogKEICAgIDJ0bfhFw%7C%7C?hl=en","108490798279273015021","106","https://lh3.googleusercontent.com/a/ACg8ocKpzJLYzibdsYPa3Rc_nQb06LapzHZiWWaAyWk9Iab5VQ2dNw=s1920-c-rp-mo-ba4-br100","https://www.google.com/maps/contrib/108490798279273015021?hl=en","302","2025-09-21T15:21:46.147Z","Direct Detail URL: https://www.google.com/maps/place/Charles+Darwin+National+Park/@-12.449386,130.8725801,17z/data=!4m8!3m7!1s0x2cc091357c650a31:0xf0217a90db0ef60!8m2!3d-12.4493913!4d130.875155!9m1!1b1!16zL20vMHBzYzk?entry=ttu&g_ep=EgoyMDI1MDkxNy4wIKXMDSoASAFQAw%3D%3D","5","Northern Territory","Tiger Brennan Dr","false","Close to Darwin but not developed for tourism. Great walking and biking trails of almost any length. WWII historical site, with an information bunker. Picnic area with water, toilets and viewpoint over the mangrove forest that is the key feature of the park.",,"Charles Darwin National Park","4.2",,"https://www.google.com/maps/search/?api=1&query=Charles%20Darwin%20National%20Park&query_place_id=ChIJMQplfDWRwCwRYO-wDakXAg8",
"Tiger Brennan Dr, Charles Darwin NT 0820, Australia","National park","Tourist attraction","National park","1081452875368951648","Charles Darwin","AU","0x2cc091357c650a31:0xf0217a90db0ef60","https://lh3.googleusercontent.com/gps-cs-s/AC9h4nqtMDSGYEvu225Uc_UqSN1iT6if1yR-aAZ5qJcw-WS3V9jbOtAKrfM89T4L4V0RGrEpLDWRGbst70TMJGljIhLdziGKVguV6nzGQYSfjC0rv2ucDhlHuV5CSkHfly9ybKP4rrM=w408-h307-k-no","false","true","en","0","-12.4493913","130.875155","Flo Morcom",,"en","false","ChIJMQplfDWRwCwRYO-wDakXAg8","0820",,"2 years ago","2023-07-11T18:48:33.949Z",,,,,,,,"ChdDSUhNMG9nS0VJQ0FnSURKdE42al9BRRAB","https://lh3.googleusercontent.com/geougc-cs/AB3l90CS-O83AAs5fIJ0Wwcgd_drnSr2gbqFJvrs1OmXjlQ6CjvoVTtmTkr4M5-5RNeYqVSWjxj7jEOn_oKBmXeggMbQisuGulmOPjq-IuKHlqS__Kj7ohsQLPA8W0W-E6vpkm1LsKqFcA","https://lh3.googleusercontent.com/geougc-cs/AB3l90DOX0yDqMU8-gNk6D5gJKzctsw8AS50lZroFJKvaZtLdCszvRdI3HXsHtwcza61JLgMI73LgnVo3TpPbtIBeQPdUtjnE_6sxYqO-wOAdgVEJGSABsX4Z0c7EWZleF9jNT07c2m8","https://lh3.googleusercontent.com/geougc-cs/AB3l90Ay_SBUzaWauLsY-WAv87eqAULccC3Syz-1gZy25mOHW1EsM4eW9-EdAtcBluwE_gOD22rMUHLinzf-EFBVm7qOpNNybb6PKWl53P8glP1E8TiAo9fknTjt3_N7KOYXRUKHr1IU","https://lh3.googleusercontent.com/geougc-cs/AB3l90DHyCYjrIy2E82j7PAtRfGllunVCZDX--iFUxgRmERJfyUDJXJK7nycLMrUzkq9Y4orGZSEiS1kXLjNlSb-hNTZuO_Et5OlyXynSrIXovyg-1LBx3kYfyjNOftYZdWmR2KdL1fe",,,,,,,"Google","https://www.google.com/maps/reviews/data=!4m8!14m7!1m6!2m5!1sChdDSUhNMG9nS0VJQ0FnSURKdE42al9BRRAB!2m1!1s0x0:0xf0217a90db0ef60!3m1!1s2@1:CIHM0ogKEICAgIDJtN6j_AE%7C%7C?hl=en","113925326516696630700","207","https://lh3.googleusercontent.com/a-/ALV-UjWZHgEY_3E9_j7w3Xu82jdqWhZvZ9_URowREvaiOLM1Wq5iMII6WA=s1920-c-rp-mo-ba5-br100","https://www.google.com/maps/contrib/113925326516696630700?hl=en","302","2025-09-21T15:21:46.147Z","Direct Detail URL: https://www.google.com/maps/place/Charles+Darwin+National+Park/@-12.449386,130.8725801,17z/data=!4m8!3m7!1s0x2cc091357c650a31:0xf0217a90db0ef60!8m2!3d-12.4493913!4d130.875155!9m1!1b1!16zL20vMHBzYzk?entry=ttu&g_ep=EgoyMDI1MDkxNy4wIKXMDSoASAFQAw%3D%3D","5","Northern Territory","Tiger Brennan Dr","false","Beautiful view of the city. Great historical sites.",,"Charles Darwin National Park","4.2",,"https://www.google.com/maps/search/?api=1&query=Charles%20Darwin%20National%20Park&query_place_id=ChIJMQplfDWRwCwRYO-wDakXAg8",
"Tiger Brennan Dr, Charles Darwin NT 0820, Australia","National park","Tourist attraction","National park","1081452875368951648","Charles Darwin","AU","0x2cc091357c650a31:0xf0217a90db0ef60","https://lh3.googleusercontent.com/gps-cs-s/AC9h4nqtMDSGYEvu225Uc_UqSN1iT6if1yR-aAZ5qJcw-WS3V9jbOtAKrfM89T4L4V0RGrEpLDWRGbst70TMJGljIhLdziGKVguV6nzGQYSfjC0rv2ucDhlHuV5CSkHfly9ybKP4rrM=w408-h307-k-no","false","true","en","0","-12.4493913","130.875155","Maryna Demeyer",,"en","false","ChIJMQplfDWRwCwRYO-wDakXAg8","0820",,"2 years ago","2023-07-11T05:52:19.401Z",,,,,,,,"ChdDSUhNMG9nS0VJQ0FnSURKcElqcHh3RRAB",,,,,,,,,,,"Google","https://www.google.com/maps/reviews/data=!4m8!14m7!1m6!2m5!1sChdDSUhNMG9nS0VJQ0FnSURKcElqcHh3RRAB!2m1!1s0x0:0xf0217a90db0ef60!3m1!1s2@1:CIHM0ogKEICAgIDJpIjpxwE%7C%7C?hl=en","104996017370630205121","51","https://lh3.googleusercontent.com/a-/ALV-UjWF1RU1XGK0sTwYc-CkXsxmwCCs4E5eyyMZ-wM25WbNYNV_wYxv=s1920-c-rp-mo-ba4-br100","https://www.google.com/maps/contrib/104996017370630205121?hl=en","302","2025-09-21T15:21:46.147Z","Direct Detail URL: https://www.google.com/maps/place/Charles+Darwin+National+Park/@-12.449386,130.8725801,17z/data=!4m8!3m7!1s0x2cc091357c650a31:0xf0217a90db0ef60!8m2!3d-12.4493913!4d130.875155!9m1!1b1!16zL20vMHBzYzk?entry=ttu&g_ep=EgoyMDI1MDkxNy4wIKXMDSoASAFQAw%3D%3D","5","Northern Territory","Tiger Brennan Dr","false","Interesting visit!
WWll memorials",,"Charles Darwin National Park","4.2",,"https://www.google.com/maps/search/?api=1&query=Charles%20Darwin%20National%20Park&query_place_id=ChIJMQplfDWRwCwRYO-wDakXAg8",
"Tiger Brennan Dr, Charles Darwin NT 0820, Australia","National park","Tourist attraction","National park","1081452875368951648","Charles Darwin","AU","0x2cc091357c650a31:0xf0217a90db0ef60","https://lh3.googleusercontent.com/gps-cs-s/AC9h4nqtMDSGYEvu225Uc_UqSN1iT6if1yR-aAZ5qJcw-WS3V9jbOtAKrfM89T4L4V0RGrEpLDWRGbst70TMJGljIhLdziGKVguV6nzGQYSfjC0rv2ucDhlHuV5CSkHfly9ybKP4rrM=w408-h307-k-no","false","false","en","0","-12.4493913","130.875155","rafed alhbaby",,,"false","ChIJMQplfDWRwCwRYO-wDakXAg8","0820",,"2 years ago","2023-07-07T08:22:14.240Z",,,,,,,,"ChZDSUhNMG9nS0VJQ0FnSUNKai1pMkl3EAE","https://lh3.googleusercontent.com/geougc-cs/AB3l90CHD67zl74rEWyJOY2M-q0DYWmNwGnM0Jy-vIzLRMtPQSMkpg6Jj3ZLAxuma20kFl3YNoN4fzxfUZxWuvEvp1QBZkb5qEGCh0yClrMmku78OS3xE4BjGI50CyFrm5L5wPtaKRya",,,,,,,,,,"Google","https://www.google.com/maps/reviews/data=!4m8!14m7!1m6!2m5!1sChZDSUhNMG9nS0VJQ0FnSUNKai1pMkl3EAE!2m1!1s0x0:0xf0217a90db0ef60!3m1!1s2@1:CIHM0ogKEICAgICJj-i2Iw%7C%7C?hl=en","103921144472825237071","6","https://lh3.googleusercontent.com/a-/ALV-UjXYzFpV0ZRZa3eIR2eXY_rVNr-99Z8zzFvLUHXELYbT20MsVSw=s1920-c-rp-mo-br100","https://www.google.com/maps/contrib/103921144472825237071?hl=en","302","2025-09-21T15:21:46.147Z","Direct Detail URL: https://www.google.com/maps/place/Charles+Darwin+National+Park/@-12.449386,130.8725801,17z/data=!4m8!3m7!1s0x2cc091357c650a31:0xf0217a90db0ef60!8m2!3d-12.4493913!4d130.875155!9m1!1b1!16zL20vMHBzYzk?entry=ttu&g_ep=EgoyMDI1MDkxNy4wIKXMDSoASAFQAw%3D%3D","5","Northern Territory","Tiger Brennan Dr","false",,,"Charles Darwin National Park","4.2",,"https://www.google.com/maps/search/?api=1&query=Charles%20Darwin%20National%20Park&query_place_id=ChIJMQplfDWRwCwRYO-wDakXAg8",
"Tiger Brennan Dr, Charles Darwin NT 0820, Australia","National park","Tourist attraction","National park","1081452875368951648","Charles Darwin","AU","0x2cc091357c650a31:0xf0217a90db0ef60","https://lh3.googleusercontent.com/gps-cs-s/AC9h4nqtMDSGYEvu225Uc_UqSN1iT6if1yR-aAZ5qJcw-WS3V9jbOtAKrfM89T4L4V0RGrEpLDWRGbst70TMJGljIhLdziGKVguV6nzGQYSfjC0rv2ucDhlHuV5CSkHfly9ybKP4rrM=w408-h307-k-no","false","true","en","0","-12.4493913","130.875155","Madyson",,"en","false","ChIJMQplfDWRwCwRYO-wDakXAg8","0820",,"2 years ago","2023-06-28T09:56:19.765Z",,,,,,,,"ChdDSUhNMG9nS0VJQ0FnSUNKX3NiSzRRRRAB",,,,,,,,,,,"Google","https://www.google.com/maps/reviews/data=!4m8!14m7!1m6!2m5!1sChdDSUhNMG9nS0VJQ0FnSUNKX3NiSzRRRRAB!2m1!1s0x0:0xf0217a90db0ef60!3m1!1s2@1:CIHM0ogKEICAgICJ_sbK4QE%7C%7C?hl=en","115632579507649748997","74","https://lh3.googleusercontent.com/a-/ALV-UjVk38DkwCDC3flpmZl-mZbRElLAf9pQjGP8HNnBMFMi0YIeTBOVkg=s1920-c-rp-mo-ba4-br100","https://www.google.com/maps/contrib/115632579507649748997?hl=en","302","2025-09-21T15:21:46.147Z","Direct Detail URL: https://www.google.com/maps/place/Charles+Darwin+National+Park/@-12.449386,130.8725801,17z/data=!4m8!3m7!1s0x2cc091357c650a31:0xf0217a90db0ef60!8m2!3d-12.4493913!4d130.875155!9m1!1b1!16zL20vMHBzYzk?entry=ttu&g_ep=EgoyMDI1MDkxNy4wIKXMDSoASAFQAw%3D%3D","4","Northern Territory","Tiger Brennan Dr","false","It was cool to look around.",,"Charles Darwin National Park","4.2",,"https://www.google.com/maps/search/?api=1&query=Charles%20Darwin%20National%20Park&query_place_id=ChIJMQplfDWRwCwRYO-wDakXAg8",
"Tiger Brennan Dr, Charles Darwin NT 0820, Australia","National park","Tourist attraction","National park","1081452875368951648","Charles Darwin","AU","0x2cc091357c650a31:0xf0217a90db0ef60","https://lh3.googleusercontent.com/gps-cs-s/AC9h4nqtMDSGYEvu225Uc_UqSN1iT6if1yR-aAZ5qJcw-WS3V9jbOtAKrfM89T4L4V0RGrEpLDWRGbst70TMJGljIhLdziGKVguV6nzGQYSfjC0rv2ucDhlHuV5CSkHfly9ybKP4rrM=w408-h307-k-no","false","true","en","0","-12.4493913","130.875155","Ares RS",,"en","false","ChIJMQplfDWRwCwRYO-wDakXAg8","0820",,"2 years ago","2023-06-15T22:23:11.347Z",,,,,,,,"ChZDSUhNMG9nS0VJQ0FnSUR4LTd1T2JnEAE",,,,,,,,,,,"Google","https://www.google.com/maps/reviews/data=!4m8!14m7!1m6!2m5!1sChZDSUhNMG9nS0VJQ0FnSUR4LTd1T2JnEAE!2m1!1s0x0:0xf0217a90db0ef60!3m1!1s2@1:CIHM0ogKEICAgIDx-7uObg%7C%7C?hl=en","107534479015891087230","398","https://lh3.googleusercontent.com/a-/ALV-UjXcsGOAWZMv6GZmwv1w5HYzQWyg5Gy4wtDY_DMT-LKgDsschsiH=s1920-c-rp-mo-ba6-br100","https://www.google.com/maps/contrib/107534479015891087230?hl=en","302","2025-09-21T15:21:46.147Z","Direct Detail URL: https://www.google.com/maps/place/Charles+Darwin+National+Park/@-12.449386,130.8725801,17z/data=!4m8!3m7!1s0x2cc091357c650a31:0xf0217a90db0ef60!8m2!3d-12.4493913!4d130.875155!9m1!1b1!16zL20vMHBzYzk?entry=ttu&g_ep=EgoyMDI1MDkxNy4wIKXMDSoASAFQAw%3D%3D","4","Northern Territory","Tiger Brennan Dr","false","Charles Darwin National Park is a significant protected area located in the Northern Territory of Australia. Named after the renowned British naturalist Charles Darwin, this national park encompasses diverse ecosystems and showcases the region's unique wildlife and natural beauty. It is situated approximately 4 kilometers southeast of the city of Darwin, the capital of the Northern Territory.

The park covers an area of over 1,400 hectares and comprises a variety of habitats, including monsoon forests, woodlands, and coastal environments. This diversity of landscapes fosters a rich array of flora and fauna, making it an excellent destination for nature enthusiasts and researchers alike.

One of the key features of Charles Darwin National Park is its cultural heritage. The area holds great significance for the local Larrakia Aboriginal people, who have a deep connection to the land and its resources. The park is home to several sacred sites and ancient Aboriginal rock art, which serve as a testament to the rich cultural history of the area.

The park provides visitors with a range of recreational activities and experiences. There are numerous walking trails that wind through the park, offering opportunities for visitors to explore the different habitats and appreciate the diverse plant and animal life. The park is particularly popular for birdwatching, with over 120 species of birds recorded in the area. Visitors may also encounter reptiles, mammals, and a variety of plant species during their explorations.

In addition to its natural and cultural significance, Charles Darwin National Park offers panoramic views of the city of Darwin, its harbor, and the surrounding landscapes. The park's lookout points provide breathtaking vistas and photo opportunities, especially during sunrise and sunset.

To ensure the preservation of the park's ecosystems and heritage, the management of Charles Darwin National Park focuses on conservation and education. Efforts are made to protect the native flora and fauna, control invasive species, and maintain the delicate balance of the ecosystems within the park.

Overall, Charles Darwin National Park serves as a gateway to the natural wonders and cultural heritage of the Northern Territory. Its proximity to the city of Darwin makes it easily accessible for visitors seeking to immerse themselves in the beauty and diversity of Australia's unique landscapes, while also gaining insights into the region's rich indigenous culture.",,"Charles Darwin National Park","4.2",,"https://www.google.com/maps/search/?api=1&query=Charles%20Darwin%20National%20Park&query_place_id=ChIJMQplfDWRwCwRYO-wDakXAg8",
"Tiger Brennan Dr, Charles Darwin NT 0820, Australia","National park","Tourist attraction","National park","1081452875368951648","Charles Darwin","AU","0x2cc091357c650a31:0xf0217a90db0ef60","https://lh3.googleusercontent.com/gps-cs-s/AC9h4nqtMDSGYEvu225Uc_UqSN1iT6if1yR-aAZ5qJcw-WS3V9jbOtAKrfM89T4L4V0RGrEpLDWRGbst70TMJGljIhLdziGKVguV6nzGQYSfjC0rv2ucDhlHuV5CSkHfly9ybKP4rrM=w408-h307-k-no","false","true","en","0","-12.4493913","130.875155","Brian Fox",,"en","false","ChIJMQplfDWRwCwRYO-wDakXAg8","0820",,"2 years ago","2023-06-03T03:23:26.970Z",,,,,,,,"ChZDSUhNMG9nS0VJQ0FnSUR4akpIX2F3EAE","https://lh3.googleusercontent.com/geougc-cs/AB3l90DG9UrSyq80uR2JT9D9P2gPg8y_FPoZ2T052uUs_SzMWdqNwGc0e-5ce8n01L1u5h0GzOqBWIawmQA5udpcRlCfYD5IqyGfld6YmvuVbR4Z0v58Zq4t6zOYVNr85FMBuPh2PJddkw",,,,,,,,,,"Google","https://www.google.com/maps/reviews/data=!4m8!14m7!1m6!2m5!1sChZDSUhNMG9nS0VJQ0FnSUR4akpIX2F3EAE!2m1!1s0x0:0xf0217a90db0ef60!3m1!1s2@1:CIHM0ogKEICAgIDxjJH_aw%7C%7C?hl=en","112634359335961295285","131","https://lh3.googleusercontent.com/a-/ALV-UjU45DQu57cJCATcSIlrWP940jK3PB00ySSKUYE-12CqrBzJfGo=s1920-c-rp-mo-ba5-br100","https://www.google.com/maps/contrib/112634359335961295285?hl=en","302","2025-09-21T15:21:46.147Z","Direct Detail URL: https://www.google.com/maps/place/Charles+Darwin+National+Park/@-12.449386,130.8725801,17z/data=!4m8!3m7!1s0x2cc091357c650a31:0xf0217a90db0ef60!8m2!3d-12.4493913!4d130.875155!9m1!1b1!16zL20vMHBzYzk?entry=ttu&g_ep=EgoyMDI1MDkxNy4wIKXMDSoASAFQAw%3D%3D","2","Northern Territory","Tiger Brennan Dr","false","Very few people there when we went",,"Charles Darwin National Park","4.2",,"https://www.google.com/maps/search/?api=1&query=Charles%20Darwin%20National%20Park&query_place_id=ChIJMQplfDWRwCwRYO-wDakXAg8",
"Tiger Brennan Dr, Charles Darwin NT 0820, Australia","National park","Tourist attraction","National park","1081452875368951648","Charles Darwin","AU","0x2cc091357c650a31:0xf0217a90db0ef60","https://lh3.googleusercontent.com/gps-cs-s/AC9h4nqtMDSGYEvu225Uc_UqSN1iT6if1yR-aAZ5qJcw-WS3V9jbOtAKrfM89T4L4V0RGrEpLDWRGbst70TMJGljIhLdziGKVguV6nzGQYSfjC0rv2ucDhlHuV5CSkHfly9ybKP4rrM=w408-h307-k-no","false","true","en","0","-12.4493913","130.875155","David Brummelen",,"en","false","ChIJMQplfDWRwCwRYO-wDakXAg8","0820",,"2 years ago","2023-05-30T11:10:03.248Z",,,,,,,,"ChdDSUhNMG9nS0VJQ0FnSUR4d05fdDZRRRAB","https://lh3.googleusercontent.com/geougc-cs/AB3l90CfRJYcaZLVJoJyvgEuqMX3Ft8pF3a2mFJmUbxRoinMrJ5O7aii9q4lLq-H7yKTMQH5Xy8B15i_fd-6Dik655kh4FLs5ZI2jugLc9URiU0hV2mgFTkuJOh0PJxDibCwK6Bjj_5H","https://lh3.googleusercontent.com/geougc-cs/AB3l90Cs8wDafMQiqveNZsmtuh8715bngo6giHSHPTHZGfuEQLG5Yy_Le4Sy9dugsNuReZMl0YATqKOqLo8Ou6q5KW0rNIX43rObYPQXYVvMSV2IBcUvuYEP83V6IPSP7IdNKp5Ds3daTQ","https://lh3.googleusercontent.com/geougc-cs/AB3l90DQpfnook11FIvAH2L1_LOxN1xz3lBS8689DJbCIXFvtwi6H963S4HoZbpe7HmP7UIYrVQJSlNNz5B8M3GSYOHr9ZCcnKwyQTe5aBJWWwgXNNXlkfWPmwd9b704LIYmdXlpMBo","https://lh3.googleusercontent.com/geougc-cs/AB3l90A-t6rPtDIteX3P8v4NStQsD9Cfy95LSDdzXE1SDBSUvCyIeVbLDZxJIYmjXXOaAm0YCEV4zBo_cM4ZmaOsDIWagsZbwvHpV3qpfxGQ3Kb5cFJptDnikEdy9i-NUDcZY0nCPMm5Mw","https://lh3.googleusercontent.com/geougc-cs/AB3l90CFqXAc2F6Mr4fLsS7U92AixGEDQpGzMB4SLcw31Y_B-I8Mx2AHSORWa7JiccCjRTL55cS6_EwJGEXUM8Fsv0nIHFjVCEH_PQpKE0clDJE_mi-tJJAmUYJPL5k37mZvtSbN6zMX","https://lh3.googleusercontent.com/geougc-cs/AB3l90BVDPSHtqQSflIoQ8fouXBbhXG9NPScKvf1Z25nx4FaEeEFSrx8RpLuM58xGR8KDMxjJ33jCKTKcZFuMXWSP3hnqvspksSxCzvQRGGP7kzfS9MeislldulL3EfB-IenEbqe6W_x4A","https://lh3.googleusercontent.com/geougc-cs/AB3l90BOM1RvxpQrPkJag5mwRfH0QQvNE4Mylt3k_LBJUBYoFnKNOVf8whrut4w-noE1L-1_ebaobWLsRXLhND4cB1kiaXlytKtAo-0L9PT0Y29pifim9-HTljNw6G1wgR6Niw4bKsXC","https://lh3.googleusercontent.com/geougc-cs/AB3l90CaQ3OI9eW4IZwHgNTKJfIBcf_Z47v3WPGV4YmH_Jg-XnaebsZaFtPg00geYbehhiRXnTC6W78GqJr0Gp2d1tMHaRkOf5_0fiduCAZa75h4zpIRZ3r2_aayU_xFA1ojasB9PPqE",,,"Google","https://www.google.com/maps/reviews/data=!4m8!14m7!1m6!2m5!1sChdDSUhNMG9nS0VJQ0FnSUR4d05fdDZRRRAB!2m1!1s0x0:0xf0217a90db0ef60!3m1!1s2@1:CIHM0ogKEICAgIDxwN_t6QE%7C%7C?hl=en","109140268356372450370","61","https://lh3.googleusercontent.com/a-/ALV-UjX4YjFctFIpXVod3kFKXo3s8jlGqqkRIhTBKmzmmyXhfqBU6aKI4Q=s1920-c-rp-mo-ba5-br100","https://www.google.com/maps/contrib/109140268356372450370?hl=en","302","2025-09-21T15:21:46.147Z","Direct Detail URL: https://www.google.com/maps/place/Charles+Darwin+National+Park/@-12.449386,130.8725801,17z/data=!4m8!3m7!1s0x2cc091357c650a31:0xf0217a90db0ef60!8m2!3d-12.4493913!4d130.875155!9m1!1b1!16zL20vMHBzYzk?entry=ttu&g_ep=EgoyMDI1MDkxNy4wIKXMDSoASAFQAw%3D%3D","5","Northern Territory","Tiger Brennan Dr","false","Well presented and preserved",,"Charles Darwin National Park","4.2",,"https://www.google.com/maps/search/?api=1&query=Charles%20Darwin%20National%20Park&query_place_id=ChIJMQplfDWRwCwRYO-wDakXAg8",
"Tiger Brennan Dr, Charles Darwin NT 0820, Australia","National park","Tourist attraction","National park","1081452875368951648","Charles Darwin","AU","0x2cc091357c650a31:0xf0217a90db0ef60","https://lh3.googleusercontent.com/gps-cs-s/AC9h4nqtMDSGYEvu225Uc_UqSN1iT6if1yR-aAZ5qJcw-WS3V9jbOtAKrfM89T4L4V0RGrEpLDWRGbst70TMJGljIhLdziGKVguV6nzGQYSfjC0rv2ucDhlHuV5CSkHfly9ybKP4rrM=w408-h307-k-no","false","true","en","0","-12.4493913","130.875155","Lộc Hứa",,"en","false","ChIJMQplfDWRwCwRYO-wDakXAg8","0820",,"2 years ago","2023-05-28T10:46:32.126Z",,,,,,,,"ChZDSUhNMG9nS0VJQ0FnSUN4MTluLVhnEAE",,,,,,,,,,,"Google","https://www.google.com/maps/reviews/data=!4m8!14m7!1m6!2m5!1sChZDSUhNMG9nS0VJQ0FnSUN4MTluLVhnEAE!2m1!1s0x0:0xf0217a90db0ef60!3m1!1s2@1:CIHM0ogKEICAgICx19n-Xg%7C%7C?hl=en","116805643283564670515","112","https://lh3.googleusercontent.com/a-/ALV-UjXm4FxP36neHk5koLU6_pm8ky8RPPCyxo3tUeyWIwciuuR_CXQ=s1920-c-rp-mo-ba5-br100","https://www.google.com/maps/contrib/116805643283564670515?hl=en","302","2025-09-21T15:21:46.147Z","Direct Detail URL: https://www.google.com/maps/place/Charles+Darwin+National+Park/@-12.449386,130.8725801,17z/data=!4m8!3m7!1s0x2cc091357c650a31:0xf0217a90db0ef60!8m2!3d-12.4493913!4d130.875155!9m1!1b1!16zL20vMHBzYzk?entry=ttu&g_ep=EgoyMDI1MDkxNy4wIKXMDSoASAFQAw%3D%3D","5","Northern Territory","Tiger Brennan Dr","false","Charles Darwin National Park is a small gem close to the centre of Darwin.

The park has national significance for its ecological diversity and Aboriginal and World War II history.

It also protects part of the Port Darwin wetland, one of Australia's most important wetlands.

In the park are 36 of the Territory's 51 mangrove species.

Mountain bike riders can enjoy Darwin's best network of tracks and access the many fire break paths through the bushland.

The lookout platform has sweeping views of Darwin's ever developing skyline.

Historic sites are scattered through the park and there's a World War II display where you can learn about Darwin's role in the Pacific War.

Shell middens in the park suggest the Larrakia people have used this land for many thousands of years.

Remember to wear protective clothing and apply insect repellent.

Travel along Tiger Brennan Drive. Entry is at Winnellie, opposite Bowen Road.

Follow the one-way road signs in the park.

The park is only 5.5km from the city and an easy ride for cyclists.",,"Charles Darwin National Park","4.2",,"https://www.google.com/maps/search/?api=1&query=Charles%20Darwin%20National%20Park&query_place_id=ChIJMQplfDWRwCwRYO-wDakXAg8",
"Tiger Brennan Dr, Charles Darwin NT 0820, Australia","National park","Tourist attraction","National park","1081452875368951648","Charles Darwin","AU","0x2cc091357c650a31:0xf0217a90db0ef60","https://lh3.googleusercontent.com/gps-cs-s/AC9h4nqtMDSGYEvu225Uc_UqSN1iT6if1yR-aAZ5qJcw-WS3V9jbOtAKrfM89T4L4V0RGrEpLDWRGbst70TMJGljIhLdziGKVguV6nzGQYSfjC0rv2ucDhlHuV5CSkHfly9ybKP4rrM=w408-h307-k-no","false","true","en","0","-12.4493913","130.875155","Elbek",,,"false","ChIJMQplfDWRwCwRYO-wDakXAg8","0820",,"2 years ago","2023-05-10T13:32:55.915Z",,,,,,,,"ChdDSUhNMG9nS0VJQ0FnSUN4LU8td3NRRRAB",,,,,,,,,,,"Google","https://www.google.com/maps/reviews/data=!4m8!14m7!1m6!2m5!1sChdDSUhNMG9nS0VJQ0FnSUN4LU8td3NRRRAB!2m1!1s0x0:0xf0217a90db0ef60!3m1!1s2@1:CIHM0ogKEICAgICx-O-wsQE%7C%7C?hl=en","115697608671738517841","2","https://lh3.googleusercontent.com/a-/ALV-UjVVCAE1m57eyr_h9MzK52k-tZ8DK3zkBZaDFSE5eYVMeBYd6NT7=s1920-c-rp-mo-ba2-br100","https://www.google.com/maps/contrib/115697608671738517841?hl=en","302","2025-09-21T15:21:46.147Z","Direct Detail URL: https://www.google.com/maps/place/Charles+Darwin+National+Park/@-12.449386,130.8725801,17z/data=!4m8!3m7!1s0x2cc091357c650a31:0xf0217a90db0ef60!8m2!3d-12.4493913!4d130.875155!9m1!1b1!16zL20vMHBzYzk?entry=ttu&g_ep=EgoyMDI1MDkxNy4wIKXMDSoASAFQAw%3D%3D","5","Northern Territory","Tiger Brennan Dr","false",,,"Charles Darwin National Park","4.2",,"https://www.google.com/maps/search/?api=1&query=Charles%20Darwin%20National%20Park&query_place_id=ChIJMQplfDWRwCwRYO-wDakXAg8",
"Tiger Brennan Dr, Charles Darwin NT 0820, Australia","National park","Tourist attraction","National park","1081452875368951648","Charles Darwin","AU","0x2cc091357c650a31:0xf0217a90db0ef60","https://lh3.googleusercontent.com/gps-cs-s/AC9h4nqtMDSGYEvu225Uc_UqSN1iT6if1yR-aAZ5qJcw-WS3V9jbOtAKrfM89T4L4V0RGrEpLDWRGbst70TMJGljIhLdziGKVguV6nzGQYSfjC0rv2ucDhlHuV5CSkHfly9ybKP4rrM=w408-h307-k-no","false","true","en","0","-12.4493913","130.875155","Milan Patel",,,"false","ChIJMQplfDWRwCwRYO-wDakXAg8","0820",,"2 years ago","2023-04-11T07:40:26.010Z",,,,,,,,"ChdDSUhNMG9nS0VJQ0FnSUNSNl92M3l3RRAB",,,,,,,,,,,"Google","https://www.google.com/maps/reviews/data=!4m8!14m7!1m6!2m5!1sChdDSUhNMG9nS0VJQ0FnSUNSNl92M3l3RRAB!2m1!1s0x0:0xf0217a90db0ef60!3m1!1s2@1:CIHM0ogKEICAgICR6_v3ywE%7C%7C?hl=en","112202733341029311146","43","https://lh3.googleusercontent.com/a-/ALV-UjVhl_yM7tP7-hFpAF4hkVwrYlWADvSWpNLSBZaK1GePoVpPzBu1mg=s1920-c-rp-mo-ba3-br100","https://www.google.com/maps/contrib/112202733341029311146?hl=en","302","2025-09-21T15:21:46.147Z","Direct Detail URL: https://www.google.com/maps/place/Charles+Darwin+National+Park/@-12.449386,130.8725801,17z/data=!4m8!3m7!1s0x2cc091357c650a31:0xf0217a90db0ef60!8m2!3d-12.4493913!4d130.875155!9m1!1b1!16zL20vMHBzYzk?entry=ttu&g_ep=EgoyMDI1MDkxNy4wIKXMDSoASAFQAw%3D%3D","5","Northern Territory","Tiger Brennan Dr","false",,,"Charles Darwin National Park","4.2",,"https://www.google.com/maps/search/?api=1&query=Charles%20Darwin%20National%20Park&query_place_id=ChIJMQplfDWRwCwRYO-wDakXAg8",
"Tiger Brennan Dr, Charles Darwin NT 0820, Australia","National park","Tourist attraction","National park","1081452875368951648","Charles Darwin","AU","0x2cc091357c650a31:0xf0217a90db0ef60","https://lh3.googleusercontent.com/gps-cs-s/AC9h4nqtMDSGYEvu225Uc_UqSN1iT6if1yR-aAZ5qJcw-WS3V9jbOtAKrfM89T4L4V0RGrEpLDWRGbst70TMJGljIhLdziGKVguV6nzGQYSfjC0rv2ucDhlHuV5CSkHfly9ybKP4rrM=w408-h307-k-no","false","true","en","0","-12.4493913","130.875155","Eshad Ekram",,"en","false","ChIJMQplfDWRwCwRYO-wDakXAg8","0820",,"Edited 2 years ago","2023-04-03T03:06:02.278Z",,,,,,,,"ChZDSUhNMG9nS0VJQ0FnSUQ4MThpRVN3EAE",,,,,,,,,,,"Google","https://www.google.com/maps/reviews/data=!4m8!14m7!1m6!2m5!1sChZDSUhNMG9nS0VJQ0FnSUQ4MThpRVN3EAE!2m1!1s0x0:0xf0217a90db0ef60!3m1!1s2@1:CIHM0ogKEICAgID818iESw%7C%7C?hl=en","104785201625024226155","74","https://lh3.googleusercontent.com/a-/ALV-UjXEbV7U93eQNlNPATBaOINXOS6EPHo4X1NrtalPThC6KXp23rYoOg=s1920-c-rp-mo-ba5-br100","https://www.google.com/maps/contrib/104785201625024226155?hl=en","302","2025-09-21T15:21:46.147Z","Direct Detail URL: https://www.google.com/maps/place/Charles+Darwin+National+Park/@-12.449386,130.8725801,17z/data=!4m8!3m7!1s0x2cc091357c650a31:0xf0217a90db0ef60!8m2!3d-12.4493913!4d130.875155!9m1!1b1!16zL20vMHBzYzk?entry=ttu&g_ep=EgoyMDI1MDkxNy4wIKXMDSoASAFQAw%3D%3D","1","Northern Territory","Tiger Brennan Dr","false","Do not go here if you don't want to be eaten alive by bugs.

There are bugs everywhere, especially mosquitos and flies that bite you.

There is a beautiful view of Darwin City at the end of the park but it was tough to enjoy it.",,"Charles Darwin National Park","4.2",,"https://www.google.com/maps/search/?api=1&query=Charles%20Darwin%20National%20Park&query_place_id=ChIJMQplfDWRwCwRYO-wDakXAg8",
"Tiger Brennan Dr, Charles Darwin NT 0820, Australia","National park","Tourist attraction","National park","1081452875368951648","Charles Darwin","AU","0x2cc091357c650a31:0xf0217a90db0ef60","https://lh3.googleusercontent.com/gps-cs-s/AC9h4nqtMDSGYEvu225Uc_UqSN1iT6if1yR-aAZ5qJcw-WS3V9jbOtAKrfM89T4L4V0RGrEpLDWRGbst70TMJGljIhLdziGKVguV6nzGQYSfjC0rv2ucDhlHuV5CSkHfly9ybKP4rrM=w408-h307-k-no","false","false","en","0","-12.4493913","130.875155","Brad MARTIN",,,"false","ChIJMQplfDWRwCwRYO-wDakXAg8","0820",,"2 years ago","2023-03-26T14:01:16.723Z",,,,,,,,"ChdDSUhNMG9nS0VJQ0FnSUNSOVBpcnFnRRAB",,,,,,,,,,,"Google","https://www.google.com/maps/reviews/data=!4m8!14m7!1m6!2m5!1sChdDSUhNMG9nS0VJQ0FnSUNSOVBpcnFnRRAB!2m1!1s0x0:0xf0217a90db0ef60!3m1!1s2@1:CIHM0ogKEICAgICR9PirqgE%7C%7C?hl=en","111431924647828433333","20","https://lh3.googleusercontent.com/a/ACg8ocKU4KUyY5iVAlfWZt5f61ylV1uidGKur-eaO9_KiBoz7rU9WA=s1920-c-rp-mo-br100","https://www.google.com/maps/contrib/111431924647828433333?hl=en","302","2025-09-21T15:21:46.147Z","Direct Detail URL: https://www.google.com/maps/place/Charles+Darwin+National+Park/@-12.449386,130.8725801,17z/data=!4m8!3m7!1s0x2cc091357c650a31:0xf0217a90db0ef60!8m2!3d-12.4493913!4d130.875155!9m1!1b1!16zL20vMHBzYzk?entry=ttu&g_ep=EgoyMDI1MDkxNy4wIKXMDSoASAFQAw%3D%3D","4","Northern Territory","Tiger Brennan Dr","false",,,"Charles Darwin National Park","4.2",,"https://www.google.com/maps/search/?api=1&query=Charles%20Darwin%20National%20Park&query_place_id=ChIJMQplfDWRwCwRYO-wDakXAg8",
"Tiger Brennan Dr, Charles Darwin NT 0820, Australia","National park","Tourist attraction","National park","1081452875368951648","Charles Darwin","AU","0x2cc091357c650a31:0xf0217a90db0ef60","https://lh3.googleusercontent.com/gps-cs-s/AC9h4nqtMDSGYEvu225Uc_UqSN1iT6if1yR-aAZ5qJcw-WS3V9jbOtAKrfM89T4L4V0RGrEpLDWRGbst70TMJGljIhLdziGKVguV6nzGQYSfjC0rv2ucDhlHuV5CSkHfly9ybKP4rrM=w408-h307-k-no","false","false","en","0","-12.4493913","130.875155","Ken Tagg",,,"false","ChIJMQplfDWRwCwRYO-wDakXAg8","0820",,"2 years ago","2023-03-09T09:00:43.007Z",,,,,,,,"ChZDSUhNMG9nS0VJQ0FnSURoN3FUYUh3EAE",,,,,,,,,,,"Google","https://www.google.com/maps/reviews/data=!4m8!14m7!1m6!2m5!1sChZDSUhNMG9nS0VJQ0FnSURoN3FUYUh3EAE!2m1!1s0x0:0xf0217a90db0ef60!3m1!1s2@1:CIHM0ogKEICAgIDh7qTaHw%7C%7C?hl=en","109641750635067799352","113","https://lh3.googleusercontent.com/a-/ALV-UjVt0pZwZzj6xL_aP0QJ7iL7810jO8nCEVV6IWm8jKCWXz_Rrrp5=s1920-c-rp-mo-br100","https://www.google.com/maps/contrib/109641750635067799352?hl=en","302","2025-09-21T15:21:46.147Z","Direct Detail URL: https://www.google.com/maps/place/Charles+Darwin+National+Park/@-12.449386,130.8725801,17z/data=!4m8!3m7!1s0x2cc091357c650a31:0xf0217a90db0ef60!8m2!3d-12.4493913!4d130.875155!9m1!1b1!16zL20vMHBzYzk?entry=ttu&g_ep=EgoyMDI1MDkxNy4wIKXMDSoASAFQAw%3D%3D","5","Northern Territory","Tiger Brennan Dr","false",,,"Charles Darwin National Park","4.2",,"https://www.google.com/maps/search/?api=1&query=Charles%20Darwin%20National%20Park&query_place_id=ChIJMQplfDWRwCwRYO-wDakXAg8",
"Tiger Brennan Dr, Charles Darwin NT 0820, Australia","National park","Tourist attraction","National park","1081452875368951648","Charles Darwin","AU","0x2cc091357c650a31:0xf0217a90db0ef60","https://lh3.googleusercontent.com/gps-cs-s/AC9h4nqtMDSGYEvu225Uc_UqSN1iT6if1yR-aAZ5qJcw-WS3V9jbOtAKrfM89T4L4V0RGrEpLDWRGbst70TMJGljIhLdziGKVguV6nzGQYSfjC0rv2ucDhlHuV5CSkHfly9ybKP4rrM=w408-h307-k-no","false","false","en","0","-12.4493913","130.875155","Christina Tagg",,"en","false","ChIJMQplfDWRwCwRYO-wDakXAg8","0820",,"2 years ago","2023-03-06T00:40:34.531Z",,,,"Not sure",,,"Clean and respectable","ChdDSUhNMG9nS0VJQ0FnSURoaXFyNDVnRRAB",,,,,,,,,,,"Google","https://www.google.com/maps/reviews/data=!4m8!14m7!1m6!2m5!1sChdDSUhNMG9nS0VJQ0FnSURoaXFyNDVnRRAB!2m1!1s0x0:0xf0217a90db0ef60!3m1!1s2@1:CIHM0ogKEICAgIDhiqr45gE%7C%7C?hl=en","105018781984042642533","148","https://lh3.googleusercontent.com/a/ACg8ocIYLikGq0HuUuc1jbFmt-XF0O6q2z2C1I0xEwoDJZwbfWUtWQ=s1920-c-rp-mo-br100","https://www.google.com/maps/contrib/105018781984042642533?hl=en","302","2025-09-21T15:21:46.147Z","Direct Detail URL: https://www.google.com/maps/place/Charles+Darwin+National+Park/@-12.449386,130.8725801,17z/data=!4m8!3m7!1s0x2cc091357c650a31:0xf0217a90db0ef60!8m2!3d-12.4493913!4d130.875155!9m1!1b1!16zL20vMHBzYzk?entry=ttu&g_ep=EgoyMDI1MDkxNy4wIKXMDSoASAFQAw%3D%3D","5","Northern Territory","Tiger Brennan Dr","false","Worth the effort",,"Charles Darwin National Park","4.2",,"https://www.google.com/maps/search/?api=1&query=Charles%20Darwin%20National%20Park&query_place_id=ChIJMQplfDWRwCwRYO-wDakXAg8",
"Tiger Brennan Dr, Charles Darwin NT 0820, Australia","National park","Tourist attraction","National park","1081452875368951648","Charles Darwin","AU","0x2cc091357c650a31:0xf0217a90db0ef60","https://lh3.googleusercontent.com/gps-cs-s/AC9h4nqtMDSGYEvu225Uc_UqSN1iT6if1yR-aAZ5qJcw-WS3V9jbOtAKrfM89T4L4V0RGrEpLDWRGbst70TMJGljIhLdziGKVguV6nzGQYSfjC0rv2ucDhlHuV5CSkHfly9ybKP4rrM=w408-h307-k-no","false","true","en","0","-12.4493913","130.875155","Ken Tagg",,"en","false","ChIJMQplfDWRwCwRYO-wDakXAg8","0820",,"2 years ago","2023-03-05T04:39:55.545Z",,,,,"Great picnic area",,"Clean and respectful","ChZDSUhNMG9nS0VJQ0FnSURoNHRYS2ZBEAE",,,,,,,,,,,"Google","https://www.google.com/maps/reviews/data=!4m8!14m7!1m6!2m5!1sChZDSUhNMG9nS0VJQ0FnSURoNHRYS2ZBEAE!2m1!1s0x0:0xf0217a90db0ef60!3m1!1s2@1:CIHM0ogKEICAgIDh4tXKfA%7C%7C?hl=en","101298909700835537218","252","https://lh3.googleusercontent.com/a-/ALV-UjUxzQM2eSAMLPcLfTULzhAx6yAnqX6nkcVjUzAQZqSl6jGRNRXt=s1920-c-rp-mo-ba4-br100","https://www.google.com/maps/contrib/101298909700835537218?hl=en","302","2025-09-21T15:21:46.147Z","Direct Detail URL: https://www.google.com/maps/place/Charles+Darwin+National+Park/@-12.449386,130.8725801,17z/data=!4m8!3m7!1s0x2cc091357c650a31:0xf0217a90db0ef60!8m2!3d-12.4493913!4d130.875155!9m1!1b1!16zL20vMHBzYzk?entry=ttu&g_ep=EgoyMDI1MDkxNy4wIKXMDSoASAFQAw%3D%3D","5","Northern Territory","Tiger Brennan Dr","false","Well worth the visit",,"Charles Darwin National Park","4.2",,"https://www.google.com/maps/search/?api=1&query=Charles%20Darwin%20National%20Park&query_place_id=ChIJMQplfDWRwCwRYO-wDakXAg8",
"Tiger Brennan Dr, Charles Darwin NT 0820, Australia","National park","Tourist attraction","National park","1081452875368951648","Charles Darwin","AU","0x2cc091357c650a31:0xf0217a90db0ef60","https://lh3.googleusercontent.com/gps-cs-s/AC9h4nqtMDSGYEvu225Uc_UqSN1iT6if1yR-aAZ5qJcw-WS3V9jbOtAKrfM89T4L4V0RGrEpLDWRGbst70TMJGljIhLdziGKVguV6nzGQYSfjC0rv2ucDhlHuV5CSkHfly9ybKP4rrM=w408-h307-k-no","false","true","en","0","-12.4493913","130.875155","Lachlan Jacka",,"en","false","ChIJMQplfDWRwCwRYO-wDakXAg8","0820",,"2 years ago","2023-02-28T02:27:05.164Z",,,,,,,,"ChZDSUhNMG9nS0VJQ0FnSURoaU8yQlVBEAE",,,,,,,,,,,"Google","https://www.google.com/maps/reviews/data=!4m8!14m7!1m6!2m5!1sChZDSUhNMG9nS0VJQ0FnSURoaU8yQlVBEAE!2m1!1s0x0:0xf0217a90db0ef60!3m1!1s2@1:CIHM0ogKEICAgIDhiO2BUA%7C%7C?hl=en","100127640226516006922","21","https://lh3.googleusercontent.com/a-/ALV-UjVBM7nmcnsS6Hgv6-LpBDE_gs7B0KNYMGPFXMQVlBcAuR8cbvBjAA=s1920-c-rp-mo-ba2-br100","https://www.google.com/maps/contrib/100127640226516006922?hl=en","302","2025-09-21T15:21:46.147Z","Direct Detail URL: https://www.google.com/maps/place/Charles+Darwin+National+Park/@-12.449386,130.8725801,17z/data=!4m8!3m7!1s0x2cc091357c650a31:0xf0217a90db0ef60!8m2!3d-12.4493913!4d130.875155!9m1!1b1!16zL20vMHBzYzk?entry=ttu&g_ep=EgoyMDI1MDkxNy4wIKXMDSoASAFQAw%3D%3D","5","Northern Territory","Tiger Brennan Dr","false","Plenty too see. Wildlife everywhere. Old bombing shelters are a cool touch",,"Charles Darwin National Park","4.2",,"https://www.google.com/maps/search/?api=1&query=Charles%20Darwin%20National%20Park&query_place_id=ChIJMQplfDWRwCwRYO-wDakXAg8",
"Tiger Brennan Dr, Charles Darwin NT 0820, Australia","National park","Tourist attraction","National park","1081452875368951648","Charles Darwin","AU","0x2cc091357c650a31:0xf0217a90db0ef60","https://lh3.googleusercontent.com/gps-cs-s/AC9h4nqtMDSGYEvu225Uc_UqSN1iT6if1yR-aAZ5qJcw-WS3V9jbOtAKrfM89T4L4V0RGrEpLDWRGbst70TMJGljIhLdziGKVguV6nzGQYSfjC0rv2ucDhlHuV5CSkHfly9ybKP4rrM=w408-h307-k-no","false","true","en","0","-12.4493913","130.875155","Marco Benedet",,"it","false","ChIJMQplfDWRwCwRYO-wDakXAg8","0820",,"Edited 2 years ago","2023-02-08T03:01:56.666Z",,,,,,,,"ChZDSUhNMG9nS0VJQ0FnSURCeHNfQkNnEAE",,,,,,,,,,,"Google","https://www.google.com/maps/reviews/data=!4m8!14m7!1m6!2m5!1sChZDSUhNMG9nS0VJQ0FnSURCeHNfQkNnEAE!2m1!1s0x0:0xf0217a90db0ef60!3m1!1s2@1:CIHM0ogKEICAgIDBxs_BCg%7C%7C?hl=en","102250138838253178032","718","https://lh3.googleusercontent.com/a-/ALV-UjX8PjyQukzU3zjszKN7O-0jLrKy_76XcYhNTBpMcnGDbrAZ4KU=s1920-c-rp-mo-ba6-br100","https://www.google.com/maps/contrib/102250138838253178032?hl=en","302","2025-09-21T15:21:46.147Z","Direct Detail URL: https://www.google.com/maps/place/Charles+Darwin+National+Park/@-12.449386,130.8725801,17z/data=!4m8!3m7!1s0x2cc091357c650a31:0xf0217a90db0ef60!8m2!3d-12.4493913!4d130.875155!9m1!1b1!16zL20vMHBzYzk?entry=ttu&g_ep=EgoyMDI1MDkxNy4wIKXMDSoASAFQAw%3D%3D","4","Northern Territory","Tiger Brennan Dr","false","Ampio e suggestivo parco nazionale. Potete vagare per ore e incontrare tanta natura e animali incredibili. Portatevi il costume e godetevi le pozze d'acqua facendo attenzione ai coccodrilli.
Peccato il tanto alluminio delle strutture ricettive come pergole e panchine che poco legano con l'ambiente.
Chi vuol fare escursioni in questo parco è bene che tenga conto che ampie zone dello stesso sono prive di segnale telefonico o connessione internet. Oltretutto, in caso di emergenza, non esistono centri di assistenza o modi per segnalare incidenti. Fate attenzione!","Large and suggestive national park. You can wander for hours and encounter so much nature and incredible animals. Bring your swimsuit and enjoy the pools of water, being careful of crocodiles.
It's a shame that there is so much aluminum in the accommodation facilities such as pergolas and benches that do not connect well with the environment.
Those who want to go on excursions in this park should take into account that large areas of it have no telephone signal or internet connection. Furthermore, in case of emergency, there are no assistance centers or ways to report accidents. Be careful!","Charles Darwin National Park","4.2","en","https://www.google.com/maps/search/?api=1&query=Charles%20Darwin%20National%20Park&query_place_id=ChIJMQplfDWRwCwRYO-wDakXAg8",
"Tiger Brennan Dr, Charles Darwin NT 0820, Australia","National park","Tourist attraction","National park","1081452875368951648","Charles Darwin","AU","0x2cc091357c650a31:0xf0217a90db0ef60","https://lh3.googleusercontent.com/gps-cs-s/AC9h4nqtMDSGYEvu225Uc_UqSN1iT6if1yR-aAZ5qJcw-WS3V9jbOtAKrfM89T4L4V0RGrEpLDWRGbst70TMJGljIhLdziGKVguV6nzGQYSfjC0rv2ucDhlHuV5CSkHfly9ybKP4rrM=w408-h307-k-no","false","false","en","0","-12.4493913","130.875155","Prasant Kumar Nayak",,"en","false","ChIJMQplfDWRwCwRYO-wDakXAg8","0820",,"2 years ago","2023-01-23T06:08:53.690Z",,,,,,,,"ChZDSUhNMG9nS0VJQ0FnSURCcWVfTk9REAE",,,,,,,,,,,"Google","https://www.google.com/maps/reviews/data=!4m8!14m7!1m6!2m5!1sChZDSUhNMG9nS0VJQ0FnSURCcWVfTk9REAE!2m1!1s0x0:0xf0217a90db0ef60!3m1!1s2@1:CIHM0ogKEICAgIDBqe_NOQ%7C%7C?hl=en","106955182545720738174","2","https://lh3.googleusercontent.com/a-/ALV-UjU4SHDO1IgOEYgqZKeaiKYKwObic_BPMDlDpykdLNShv7cMQwYJ=s1920-c-rp-mo-br100","https://www.google.com/maps/contrib/106955182545720738174?hl=en","302","2025-09-21T15:21:46.147Z","Direct Detail URL: https://www.google.com/maps/place/Charles+Darwin+National+Park/@-12.449386,130.8725801,17z/data=!4m8!3m7!1s0x2cc091357c650a31:0xf0217a90db0ef60!8m2!3d-12.4493913!4d130.875155!9m1!1b1!16zL20vMHBzYzk?entry=ttu&g_ep=EgoyMDI1MDkxNy4wIKXMDSoASAFQAw%3D%3D","5","Northern Territory","Tiger Brennan Dr","false","nice",,"Charles Darwin National Park","4.2",,"https://www.google.com/maps/search/?api=1&query=Charles%20Darwin%20National%20Park&query_place_id=ChIJMQplfDWRwCwRYO-wDakXAg8",
"Tiger Brennan Dr, Charles Darwin NT 0820, Australia","National park","Tourist attraction","National park","1081452875368951648","Charles Darwin","AU","0x2cc091357c650a31:0xf0217a90db0ef60","https://lh3.googleusercontent.com/gps-cs-s/AC9h4nqtMDSGYEvu225Uc_UqSN1iT6if1yR-aAZ5qJcw-WS3V9jbOtAKrfM89T4L4V0RGrEpLDWRGbst70TMJGljIhLdziGKVguV6nzGQYSfjC0rv2ucDhlHuV5CSkHfly9ybKP4rrM=w408-h307-k-no","false","true","en","0","-12.4493913","130.875155","Joseph Cannon",,"en","false","ChIJMQplfDWRwCwRYO-wDakXAg8","0820",,"2 years ago","2023-01-18T06:40:34.166Z",,,,,,,,"ChZDSUhNMG9nS0VJQ0FnSURCcHVENklREAE",,,,,,,,,,,"Google","https://www.google.com/maps/reviews/data=!4m8!14m7!1m6!2m5!1sChZDSUhNMG9nS0VJQ0FnSURCcHVENklREAE!2m1!1s0x0:0xf0217a90db0ef60!3m1!1s2@1:CIHM0ogKEICAgIDBpuD6IQ%7C%7C?hl=en","113453437108519446298","16","https://lh3.googleusercontent.com/a-/ALV-UjWCe8v0c5A8_6zbhzuqppdhIi_m1tOeSSO7129W1tMHd7hiqxo=s1920-c-rp-mo-ba3-br100","https://www.google.com/maps/contrib/113453437108519446298?hl=en","302","2025-09-21T15:21:46.147Z","Direct Detail URL: https://www.google.com/maps/place/Charles+Darwin+National+Park/@-12.449386,130.8725801,17z/data=!4m8!3m7!1s0x2cc091357c650a31:0xf0217a90db0ef60!8m2!3d-12.4493913!4d130.875155!9m1!1b1!16zL20vMHBzYzk?entry=ttu&g_ep=EgoyMDI1MDkxNy4wIKXMDSoASAFQAw%3D%3D","5","Northern Territory","Tiger Brennan Dr","false","Beautiful bushland view to use as a backdrop for my subject photography",,"Charles Darwin National Park","4.2",,"https://www.google.com/maps/search/?api=1&query=Charles%20Darwin%20National%20Park&query_place_id=ChIJMQplfDWRwCwRYO-wDakXAg8",
"Tiger Brennan Dr, Charles Darwin NT 0820, Australia","National park","Tourist attraction","National park","1081452875368951648","Charles Darwin","AU","0x2cc091357c650a31:0xf0217a90db0ef60","https://lh3.googleusercontent.com/gps-cs-s/AC9h4nqtMDSGYEvu225Uc_UqSN1iT6if1yR-aAZ5qJcw-WS3V9jbOtAKrfM89T4L4V0RGrEpLDWRGbst70TMJGljIhLdziGKVguV6nzGQYSfjC0rv2ucDhlHuV5CSkHfly9ybKP4rrM=w408-h307-k-no","false","true","en","0","-12.4493913","130.875155","Adrian Roos",,"en","false","ChIJMQplfDWRwCwRYO-wDakXAg8","0820",,"2 years ago","2022-12-16T22:01:37.738Z",,,,,,,,"ChZDSUhNMG9nS0VJQ0FnSUNCLU5pZUx3EAE",,,,,,,,,,,"Google","https://www.google.com/maps/reviews/data=!4m8!14m7!1m6!2m5!1sChZDSUhNMG9nS0VJQ0FnSUNCLU5pZUx3EAE!2m1!1s0x0:0xf0217a90db0ef60!3m1!1s2@1:CIHM0ogKEICAgICB-NieLw%7C%7C?hl=en","108838652087536597034","290","https://lh3.googleusercontent.com/a-/ALV-UjXAyIKjUaV5WImU4Rse55S3QSTInPNboVKpDn7cmGUIW4hhLCc9=s1920-c-rp-mo-ba6-br100","https://www.google.com/maps/contrib/108838652087536597034?hl=en","302","2025-09-21T15:21:46.147Z","Direct Detail URL: https://www.google.com/maps/place/Charles+Darwin+National+Park/@-12.449386,130.8725801,17z/data=!4m8!3m7!1s0x2cc091357c650a31:0xf0217a90db0ef60!8m2!3d-12.4493913!4d130.875155!9m1!1b1!16zL20vMHBzYzk?entry=ttu&g_ep=EgoyMDI1MDkxNy4wIKXMDSoASAFQAw%3D%3D","5","Northern Territory","Tiger Brennan Dr","false","Beautiful park in Darwin.",,"Charles Darwin National Park","4.2",,"https://www.google.com/maps/search/?api=1&query=Charles%20Darwin%20National%20Park&query_place_id=ChIJMQplfDWRwCwRYO-wDakXAg8",
"Tiger Brennan Dr, Charles Darwin NT 0820, Australia","National park","Tourist attraction","National park","1081452875368951648","Charles Darwin","AU","0x2cc091357c650a31:0xf0217a90db0ef60","https://lh3.googleusercontent.com/gps-cs-s/AC9h4nqtMDSGYEvu225Uc_UqSN1iT6if1yR-aAZ5qJcw-WS3V9jbOtAKrfM89T4L4V0RGrEpLDWRGbst70TMJGljIhLdziGKVguV6nzGQYSfjC0rv2ucDhlHuV5CSkHfly9ybKP4rrM=w408-h307-k-no","false","true","en","0","-12.4493913","130.875155","Gypsyduo",,,"false","ChIJMQplfDWRwCwRYO-wDakXAg8","0820",,"2 years ago","2022-11-22T06:58:27.444Z",,,,,,,,"ChZDSUhNMG9nS0VJQ0FnSUQtbFAzcWNBEAE",,,,,,,,,,,"Google","https://www.google.com/maps/reviews/data=!4m8!14m7!1m6!2m5!1sChZDSUhNMG9nS0VJQ0FnSUQtbFAzcWNBEAE!2m1!1s0x0:0xf0217a90db0ef60!3m1!1s2@1:CIHM0ogKEICAgID-lP3qcA%7C%7C?hl=en","111358227161043106615","625","https://lh3.googleusercontent.com/a/ACg8ocJqqgM7xDTf66BbVUXFSvyvRD4t0vtuIJ5DUBO050QrKm9zHg=s1920-c-rp-mo-ba5-br100","https://www.google.com/maps/contrib/111358227161043106615?hl=en","302","2025-09-21T15:21:46.147Z","Direct Detail URL: https://www.google.com/maps/place/Charles+Darwin+National+Park/@-12.449386,130.8725801,17z/data=!4m8!3m7!1s0x2cc091357c650a31:0xf0217a90db0ef60!8m2!3d-12.4493913!4d130.875155!9m1!1b1!16zL20vMHBzYzk?entry=ttu&g_ep=EgoyMDI1MDkxNy4wIKXMDSoASAFQAw%3D%3D","4","Northern Territory","Tiger Brennan Dr","false",,,"Charles Darwin National Park","4.2",,"https://www.google.com/maps/search/?api=1&query=Charles%20Darwin%20National%20Park&query_place_id=ChIJMQplfDWRwCwRYO-wDakXAg8",
"Tiger Brennan Dr, Charles Darwin NT 0820, Australia","National park","Tourist attraction","National park","1081452875368951648","Charles Darwin","AU","0x2cc091357c650a31:0xf0217a90db0ef60","https://lh3.googleusercontent.com/gps-cs-s/AC9h4nqtMDSGYEvu225Uc_UqSN1iT6if1yR-aAZ5qJcw-WS3V9jbOtAKrfM89T4L4V0RGrEpLDWRGbst70TMJGljIhLdziGKVguV6nzGQYSfjC0rv2ucDhlHuV5CSkHfly9ybKP4rrM=w408-h307-k-no","false","true","en","0","-12.4493913","130.875155","Keith Francis",,"en","false","ChIJMQplfDWRwCwRYO-wDakXAg8","0820",,"2 years ago","2022-10-30T09:37:26.741Z",,,,,,,,"ChZDSUhNMG9nS0VJQ0FnSUMtZ3N2aUVREAE","https://lh3.googleusercontent.com/geougc-cs/AB3l90DpuleAY1AOPmZ8pBgGmweVIfv0SJ8AkAf6V3dniS9JHnA7L3ItBwKhvo6OBQuKjrmywOca-6jmNMF7anxEfrIwAjM9chKeeTumcYKhpFHTKGX538iH_5y5BQ5DTZaUnR77dU0","https://lh3.googleusercontent.com/geougc-cs/AB3l90DxuA36VyZZHMXe8HJZnRKrF1N8h41E6ctwPjDwjxxEIlUbfS5-znqOI_7S6WFN9wX7DQWtSoRchdtp_QW9YuWyjeYUgcl9JXmW99LusCzntfpTN5AJ6PNkzl_Khl6fTnpk9IR-","https://lh3.googleusercontent.com/geougc-cs/AB3l90Dfg_g0sVrnBvI4pbmSu5uL6HeyD4UVnuHIkJnH48-BuDWklR4vKPrsWZwlvpfIkbu8jRR4H1480gENla6Ir0F25-yU3VMR2e-Xm-u-Hi-hCYE_1KOpfNgFFRlyHqR9UI1ClZE",,,,,,,,"Google","https://www.google.com/maps/reviews/data=!4m8!14m7!1m6!2m5!1sChZDSUhNMG9nS0VJQ0FnSUMtZ3N2aUVREAE!2m1!1s0x0:0xf0217a90db0ef60!3m1!1s2@1:CIHM0ogKEICAgIC-gsviEQ%7C%7C?hl=en","111274449140393763445","66","https://lh3.googleusercontent.com/a-/ALV-UjUvCjxGsxSkApuSeX3tdmevO7klGofHqvzNALHa3WYT9OTSLB0=s1920-c-rp-mo-ba4-br100","https://www.google.com/maps/contrib/111274449140393763445?hl=en","302","2025-09-21T15:21:46.147Z","Direct Detail URL: https://www.google.com/maps/place/Charles+Darwin+National+Park/@-12.449386,130.8725801,17z/data=!4m8!3m7!1s0x2cc091357c650a31:0xf0217a90db0ef60!8m2!3d-12.4493913!4d130.875155!9m1!1b1!16zL20vMHBzYzk?entry=ttu&g_ep=EgoyMDI1MDkxNy4wIKXMDSoASAFQAw%3D%3D","5","Northern Territory","Tiger Brennan Dr","false","A great park, well maintained and interesting history",,"Charles Darwin National Park","4.2",,"https://www.google.com/maps/search/?api=1&query=Charles%20Darwin%20National%20Park&query_place_id=ChIJMQplfDWRwCwRYO-wDakXAg8",
"Tiger Brennan Dr, Charles Darwin NT 0820, Australia","National park","Tourist attraction","National park","1081452875368951648","Charles Darwin","AU","0x2cc091357c650a31:0xf0217a90db0ef60","https://lh3.googleusercontent.com/gps-cs-s/AC9h4nqtMDSGYEvu225Uc_UqSN1iT6if1yR-aAZ5qJcw-WS3V9jbOtAKrfM89T4L4V0RGrEpLDWRGbst70TMJGljIhLdziGKVguV6nzGQYSfjC0rv2ucDhlHuV5CSkHfly9ybKP4rrM=w408-h307-k-no","false","true","en","0","-12.4493913","130.875155","Rajesh Shapkota",,"en","false","ChIJMQplfDWRwCwRYO-wDakXAg8","0820",,"2 years ago","2022-10-14T05:06:13.098Z",,,,,,,,"ChZDSUhNMG9nS0VJQ0FnSURlbWR2d1VnEAE","https://lh3.googleusercontent.com/geougc-cs/AB3l90Cx6gw3LzVMdWmm2iNmYZSFAo-et3mr3Qltgwq04DOezBqDSfuuWKBjd07ovUI-lGDeygNlCUvCmXMmdeIDeYZaTzcTBk4i1V6pzE5iifYRH2F41Xnqb641XD4CqdTydf7tftFIVg","https://lh3.googleusercontent.com/geougc-cs/AB3l90C-ZhQKkXLyLxIzZdKX26DL6qAKUtjLWfUPMCk6Bx8zHLnTnPMHzqOqB-Wz23vbHt5iDDG4xCFopzujmTuuS4ByoCEf7a438-N_R40S9rVTlAPu_6j2cGNzkUivGcnYX5mkjQb6",,,,,,,,,"Google","https://www.google.com/maps/reviews/data=!4m8!14m7!1m6!2m5!1sChZDSUhNMG9nS0VJQ0FnSURlbWR2d1VnEAE!2m1!1s0x0:0xf0217a90db0ef60!3m1!1s2@1:CIHM0ogKEICAgIDemdvwUg%7C%7C?hl=en","116655542055731069995","50","https://lh3.googleusercontent.com/a-/ALV-UjWrnjFn_fviQLS-5oTwSx35iv6DLNoQVyHaUeyj5HBWWCYX6Lc6=s1920-c-rp-mo-ba3-br100","https://www.google.com/maps/contrib/116655542055731069995?hl=en","302","2025-09-21T15:21:46.147Z","Direct Detail URL: https://www.google.com/maps/place/Charles+Darwin+National+Park/@-12.449386,130.8725801,17z/data=!4m8!3m7!1s0x2cc091357c650a31:0xf0217a90db0ef60!8m2!3d-12.4493913!4d130.875155!9m1!1b1!16zL20vMHBzYzk?entry=ttu&g_ep=EgoyMDI1MDkxNy4wIKXMDSoASAFQAw%3D%3D","5","Northern Territory","Tiger Brennan Dr","false","Great place for day picnic and lookout Darwin.",,"Charles Darwin National Park","4.2",,"https://www.google.com/maps/search/?api=1&query=Charles%20Darwin%20National%20Park&query_place_id=ChIJMQplfDWRwCwRYO-wDakXAg8",
"Tiger Brennan Dr, Charles Darwin NT 0820, Australia","National park","Tourist attraction","National park","1081452875368951648","Charles Darwin","AU","0x2cc091357c650a31:0xf0217a90db0ef60","https://lh3.googleusercontent.com/gps-cs-s/AC9h4nqtMDSGYEvu225Uc_UqSN1iT6if1yR-aAZ5qJcw-WS3V9jbOtAKrfM89T4L4V0RGrEpLDWRGbst70TMJGljIhLdziGKVguV6nzGQYSfjC0rv2ucDhlHuV5CSkHfly9ybKP4rrM=w408-h307-k-no","false","true","en","0","-12.4493913","130.875155","Sze Mei NG",,"en","false","ChIJMQplfDWRwCwRYO-wDakXAg8","0820",,"2 years ago","2022-10-03T05:56:33.687Z",,,,,,,,"ChdDSUhNMG9nS0VJQ0FnSURlMU5EaHBRRRAB","https://lh3.googleusercontent.com/geougc-cs/AB3l90CZbfy_JRj5y5GWXqd-tPFTPk7Z99C8LfcSt9k-3WuSCFgR6DwQFNIto6SxTl9EpMMgnysuCeiLPrm0I-5UGnk9Lr3_LZVX7A4by3aOBMYbK-i5mERDVDmPUDqks-UvJeeyVgDfuw","https://lh3.googleusercontent.com/geougc-cs/AB3l90A9mGKcnBg3lJNxv2AGbl42Zv9CXgmqLnZF0lR1JZzGJkh2juRCwsRIlYqwMPfkq_hajylTUtdEb0UKBmBRDqHxC8fl1FdgGL_Ya-fynAb6n1_2KcThsWT7Icjua8fdtwaJQq0","https://lh3.googleusercontent.com/geougc-cs/AB3l90Ah8YR0GruaVUfUiJ-3zsiHHMeAADLLwfQGui3DMqn4G8S-1OnUtHWFaLopPLakWotbkl728rvtWct8zncNRBM9uW5sQUcelDMdGZGro6vLTp6lp16WfnieWnsyfJCgtZKU3EjI","https://lh3.googleusercontent.com/geougc-cs/AB3l90DQR4ikYn5pzF0JCogKuenJW1_PR1N0Cp778Mo43uAf8OzOzwEriC4lv-E1bQy8DoZdk07NQ7TpMjjDI-ts--SCkAW6tmfncj4gwzHWuwnwF_FFwiJbQNiyvaVMqjNyKAHo7nTi","https://lh3.googleusercontent.com/geougc-cs/AB3l90B-ilFOuAFFlh6Fqwq67xOBU3u4hpnNGM_fPhF4MWMcc6AFYQDnLHYjJNRuSYUhx2pb3OqfYM-4kX-X3y5ROLaukOPh6KgtVV5M-wokryplSeB82uvAobLemW-oEojMSBKdAyXYdA",,,,,,"Google","https://www.google.com/maps/reviews/data=!4m8!14m7!1m6!2m5!1sChdDSUhNMG9nS0VJQ0FnSURlMU5EaHBRRRAB!2m1!1s0x0:0xf0217a90db0ef60!3m1!1s2@1:CIHM0ogKEICAgIDe1NDhpQE%7C%7C?hl=en","110691822088620237996","1007","https://lh3.googleusercontent.com/a/ACg8ocJ2tFTVB9FZquZudejFEwbjrqcwLNQov7zOp6MiKlqtEEpBsw=s1920-c-rp-mo-ba8-br100","https://www.google.com/maps/contrib/110691822088620237996?hl=en","302","2025-09-21T15:21:46.147Z","Direct Detail URL: https://www.google.com/maps/place/Charles+Darwin+National+Park/@-12.449386,130.8725801,17z/data=!4m8!3m7!1s0x2cc091357c650a31:0xf0217a90db0ef60!8m2!3d-12.4493913!4d130.875155!9m1!1b1!16zL20vMHBzYzk?entry=ttu&g_ep=EgoyMDI1MDkxNy4wIKXMDSoASAFQAw%3D%3D","4","Northern Territory","Tiger Brennan Dr","false","3.5 stars.
The WWII Explosive Storages are located in the park. One exhibition is just located near the entrance. Free of charge. No security guard.
Go a bit futher, it's the park with BBQ/Picnic area. Enough carparks. There is an outlook - looking the city ot Darwin by using binoculars.
Have bike trails and  3 levels of walking trails.
Beware of insects.",,"Charles Darwin National Park","4.2",,"https://www.google.com/maps/search/?api=1&query=Charles%20Darwin%20National%20Park&query_place_id=ChIJMQplfDWRwCwRYO-wDakXAg8",
"Tiger Brennan Dr, Charles Darwin NT 0820, Australia","National park","Tourist attraction","National park","1081452875368951648","Charles Darwin","AU","0x2cc091357c650a31:0xf0217a90db0ef60","https://lh3.googleusercontent.com/gps-cs-s/AC9h4nqtMDSGYEvu225Uc_UqSN1iT6if1yR-aAZ5qJcw-WS3V9jbOtAKrfM89T4L4V0RGrEpLDWRGbst70TMJGljIhLdziGKVguV6nzGQYSfjC0rv2ucDhlHuV5CSkHfly9ybKP4rrM=w408-h307-k-no","false","false","en","0","-12.4493913","130.875155","Steve Mitchell",,"en","false","ChIJMQplfDWRwCwRYO-wDakXAg8","0820",,"2 years ago","2022-09-25T09:58:40.090Z",,,,,,,,"ChdDSUhNMG9nS0VJQ0FnSUNlaDd6dmt3RRAB",,,,,,,,,,,"Google","https://www.google.com/maps/reviews/data=!4m8!14m7!1m6!2m5!1sChdDSUhNMG9nS0VJQ0FnSUNlaDd6dmt3RRAB!2m1!1s0x0:0xf0217a90db0ef60!3m1!1s2@1:CIHM0ogKEICAgICeh7zvkwE%7C%7C?hl=en","113036252554424496212","329","https://lh3.googleusercontent.com/a-/ALV-UjUcY9yMgGXkatuC8sDMXGm7nqnTCwuicvus_0e6cTvUzfjJfug=s1920-c-rp-mo-br100","https://www.google.com/maps/contrib/113036252554424496212?hl=en","302","2025-09-21T15:21:46.147Z","Direct Detail URL: https://www.google.com/maps/place/Charles+Darwin+National+Park/@-12.449386,130.8725801,17z/data=!4m8!3m7!1s0x2cc091357c650a31:0xf0217a90db0ef60!8m2!3d-12.4493913!4d130.875155!9m1!1b1!16zL20vMHBzYzk?entry=ttu&g_ep=EgoyMDI1MDkxNy4wIKXMDSoASAFQAw%3D%3D","4","Northern Territory","Tiger Brennan Dr","false","Lovely views and well set up for walks, bikes etc. Well worth a visit",,"Charles Darwin National Park","4.2",,"https://www.google.com/maps/search/?api=1&query=Charles%20Darwin%20National%20Park&query_place_id=ChIJMQplfDWRwCwRYO-wDakXAg8",
"Tiger Brennan Dr, Charles Darwin NT 0820, Australia","National park","Tourist attraction","National park","1081452875368951648","Charles Darwin","AU","0x2cc091357c650a31:0xf0217a90db0ef60","https://lh3.googleusercontent.com/gps-cs-s/AC9h4nqtMDSGYEvu225Uc_UqSN1iT6if1yR-aAZ5qJcw-WS3V9jbOtAKrfM89T4L4V0RGrEpLDWRGbst70TMJGljIhLdziGKVguV6nzGQYSfjC0rv2ucDhlHuV5CSkHfly9ybKP4rrM=w408-h307-k-no","false","true","en","0","-12.4493913","130.875155","Budi Hardjo Sarwono",,,"false","ChIJMQplfDWRwCwRYO-wDakXAg8","0820",,"3 years ago","2022-08-26T03:15:26.343Z",,,,,,,,"ChZDSUhNMG9nS0VJQ0FnSUR1dGV6LWV3EAE",,,,,,,,,,,"Google","https://www.google.com/maps/reviews/data=!4m8!14m7!1m6!2m5!1sChZDSUhNMG9nS0VJQ0FnSUR1dGV6LWV3EAE!2m1!1s0x0:0xf0217a90db0ef60!3m1!1s2@1:CIHM0ogKEICAgIDutez-ew%7C%7C?hl=en","105008388109828428142","25","https://lh3.googleusercontent.com/a/ACg8ocLROx5mydPFWD4_MG_Jdm-3btpcTbrhomLSvibyGBm6KULjAQ=s1920-c-rp-mo-ba3-br100","https://www.google.com/maps/contrib/105008388109828428142?hl=en","302","2025-09-21T15:21:46.147Z","Direct Detail URL: https://www.google.com/maps/place/Charles+Darwin+National+Park/@-12.449386,130.8725801,17z/data=!4m8!3m7!1s0x2cc091357c650a31:0xf0217a90db0ef60!8m2!3d-12.4493913!4d130.875155!9m1!1b1!16zL20vMHBzYzk?entry=ttu&g_ep=EgoyMDI1MDkxNy4wIKXMDSoASAFQAw%3D%3D","4","Northern Territory","Tiger Brennan Dr","false",,,"Charles Darwin National Park","4.2",,"https://www.google.com/maps/search/?api=1&query=Charles%20Darwin%20National%20Park&query_place_id=ChIJMQplfDWRwCwRYO-wDakXAg8",
"Tiger Brennan Dr, Charles Darwin NT 0820, Australia","National park","Tourist attraction","National park","1081452875368951648","Charles Darwin","AU","0x2cc091357c650a31:0xf0217a90db0ef60","https://lh3.googleusercontent.com/gps-cs-s/AC9h4nqtMDSGYEvu225Uc_UqSN1iT6if1yR-aAZ5qJcw-WS3V9jbOtAKrfM89T4L4V0RGrEpLDWRGbst70TMJGljIhLdziGKVguV6nzGQYSfjC0rv2ucDhlHuV5CSkHfly9ybKP4rrM=w408-h307-k-no","false","true","en","0","-12.4493913","130.875155","Koelsche Jung",,,"false","ChIJMQplfDWRwCwRYO-wDakXAg8","0820",,"3 years ago","2022-08-22T03:41:28.195Z",,,,,,,,"ChdDSUhNMG9nS0VJQ0FnSUR1X3FMMjhBRRAB",,,,,,,,,,,"Google","https://www.google.com/maps/reviews/data=!4m8!14m7!1m6!2m5!1sChdDSUhNMG9nS0VJQ0FnSUR1X3FMMjhBRRAB!2m1!1s0x0:0xf0217a90db0ef60!3m1!1s2@1:CIHM0ogKEICAgIDu_qL28AE%7C%7C?hl=en","108478473953806340254","42","https://lh3.googleusercontent.com/a-/ALV-UjXngSBO9JcQWRNCdOmwUP8NOmDSo65vtBC3jtcNd5oPJCS6LKts=s1920-c-rp-mo-ba4-br100","https://www.google.com/maps/contrib/108478473953806340254?hl=en","302","2025-09-21T15:21:46.147Z","Direct Detail URL: https://www.google.com/maps/place/Charles+Darwin+National+Park/@-12.449386,130.8725801,17z/data=!4m8!3m7!1s0x2cc091357c650a31:0xf0217a90db0ef60!8m2!3d-12.4493913!4d130.875155!9m1!1b1!16zL20vMHBzYzk?entry=ttu&g_ep=EgoyMDI1MDkxNy4wIKXMDSoASAFQAw%3D%3D","5","Northern Territory","Tiger Brennan Dr","false",,,"Charles Darwin National Park","4.2",,"https://www.google.com/maps/search/?api=1&query=Charles%20Darwin%20National%20Park&query_place_id=ChIJMQplfDWRwCwRYO-wDakXAg8",
"Tiger Brennan Dr, Charles Darwin NT 0820, Australia","National park","Tourist attraction","National park","1081452875368951648","Charles Darwin","AU","0x2cc091357c650a31:0xf0217a90db0ef60","https://lh3.googleusercontent.com/gps-cs-s/AC9h4nqtMDSGYEvu225Uc_UqSN1iT6if1yR-aAZ5qJcw-WS3V9jbOtAKrfM89T4L4V0RGrEpLDWRGbst70TMJGljIhLdziGKVguV6nzGQYSfjC0rv2ucDhlHuV5CSkHfly9ybKP4rrM=w408-h307-k-no","false","true","en","0","-12.4493913","130.875155","Michael Popp",,"en","false","ChIJMQplfDWRwCwRYO-wDakXAg8","0820",,"3 years ago","2022-08-08T22:24:38.601Z",,,,,,,,"ChdDSUhNMG9nS0VJQ0FnSUN1OTdtNW5nRRAB",,,,,,,,,,,"Google","https://www.google.com/maps/reviews/data=!4m8!14m7!1m6!2m5!1sChdDSUhNMG9nS0VJQ0FnSUN1OTdtNW5nRRAB!2m1!1s0x0:0xf0217a90db0ef60!3m1!1s2@1:CIHM0ogKEICAgICu97m5ngE%7C%7C?hl=en","109392931985026149659","32","https://lh3.googleusercontent.com/a-/ALV-UjXeiHp4vs_C3TB4F2jPJq1c4b3bpKy0UiJYv0AB8L7DjBJUGmhh=s1920-c-rp-mo-ba2-br100","https://www.google.com/maps/contrib/109392931985026149659?hl=en","302","2025-09-21T15:21:46.147Z","Direct Detail URL: https://www.google.com/maps/place/Charles+Darwin+National+Park/@-12.449386,130.8725801,17z/data=!4m8!3m7!1s0x2cc091357c650a31:0xf0217a90db0ef60!8m2!3d-12.4493913!4d130.875155!9m1!1b1!16zL20vMHBzYzk?entry=ttu&g_ep=EgoyMDI1MDkxNy4wIKXMDSoASAFQAw%3D%3D","5","Northern Territory","Tiger Brennan Dr","false","Great place for mozzies. It's a nature venue. So it's lovely. Just take the mozzie repellent. Boys riding bikes through the venue. The same boys I bought pizza for.",,"Charles Darwin National Park","4.2",,"https://www.google.com/maps/search/?api=1&query=Charles%20Darwin%20National%20Park&query_place_id=ChIJMQplfDWRwCwRYO-wDakXAg8",
"Tiger Brennan Dr, Charles Darwin NT 0820, Australia","National park","Tourist attraction","National park","1081452875368951648","Charles Darwin","AU","0x2cc091357c650a31:0xf0217a90db0ef60","https://lh3.googleusercontent.com/gps-cs-s/AC9h4nqtMDSGYEvu225Uc_UqSN1iT6if1yR-aAZ5qJcw-WS3V9jbOtAKrfM89T4L4V0RGrEpLDWRGbst70TMJGljIhLdziGKVguV6nzGQYSfjC0rv2ucDhlHuV5CSkHfly9ybKP4rrM=w408-h307-k-no","false","true","en","0","-12.4493913","130.875155","Glenn Powell",,"en","false","ChIJMQplfDWRwCwRYO-wDakXAg8","0820",,"3 years ago","2022-08-07T09:32:32.341Z",,,,,,,,"ChZDSUhNMG9nS0VJQ0FnSUN1dTdyaFRnEAE",,,,,,,,,,,"Google","https://www.google.com/maps/reviews/data=!4m8!14m7!1m6!2m5!1sChZDSUhNMG9nS0VJQ0FnSUN1dTdyaFRnEAE!2m1!1s0x0:0xf0217a90db0ef60!3m1!1s2@1:CIHM0ogKEICAgICuu7rhTg%7C%7C?hl=en","108853407771165664980","56","https://lh3.googleusercontent.com/a-/ALV-UjVRYbhcPbPVYN5sGMyLNe0Kj4kXhvzjvNrrCQibb3orj0V1jv96=s1920-c-rp-mo-ba3-br100","https://www.google.com/maps/contrib/108853407771165664980?hl=en","302","2025-09-21T15:21:46.147Z","Direct Detail URL: https://www.google.com/maps/place/Charles+Darwin+National+Park/@-12.449386,130.8725801,17z/data=!4m8!3m7!1s0x2cc091357c650a31:0xf0217a90db0ef60!8m2!3d-12.4493913!4d130.875155!9m1!1b1!16zL20vMHBzYzk?entry=ttu&g_ep=EgoyMDI1MDkxNy4wIKXMDSoASAFQAw%3D%3D","4","Northern Territory","Tiger Brennan Dr","false","Very interesting look back at our history",,"Charles Darwin National Park","4.2",,"https://www.google.com/maps/search/?api=1&query=Charles%20Darwin%20National%20Park&query_place_id=ChIJMQplfDWRwCwRYO-wDakXAg8",
"Tiger Brennan Dr, Charles Darwin NT 0820, Australia","National park","Tourist attraction","National park","1081452875368951648","Charles Darwin","AU","0x2cc091357c650a31:0xf0217a90db0ef60","https://lh3.googleusercontent.com/gps-cs-s/AC9h4nqtMDSGYEvu225Uc_UqSN1iT6if1yR-aAZ5qJcw-WS3V9jbOtAKrfM89T4L4V0RGrEpLDWRGbst70TMJGljIhLdziGKVguV6nzGQYSfjC0rv2ucDhlHuV5CSkHfly9ybKP4rrM=w408-h307-k-no","false","true","en","0","-12.4493913","130.875155","Gunasegeran Sellappan",,"en","false","ChIJMQplfDWRwCwRYO-wDakXAg8","0820",,"3 years ago","2022-07-27T10:29:49.229Z",,,,,,,,"ChZDSUhNMG9nS0VJQ0FnSUN1cHJ2UUp3EAE","https://lh3.googleusercontent.com/geougc-cs/AB3l90DiuPCaAJF4zOGRNvdppHjAeHdT7-1qUi1JDJg8hMomCTZrKGR1gqVbo-G9WnMi6rirs8zl4OV7tUaLIZu_wDHdO8goA3e8wjfWZ-BGNkBanLPEF8Ls215X0326we5gy_h9nHXv","https://lh3.googleusercontent.com/geougc-cs/AB3l90DyiYxrntscuCfCcg-Rg5p2Cxfeina7yvcemaW2qUWFuEtzXQotYxiVCFrertKVJcVlRvkbWs-okmAtIN3wmqk1LjnCGtIRM-DYTYTvBX3JIRax_u7Mh2V665qOYbUqMAkVoVsQPg",,,,,,,,,"Google","https://www.google.com/maps/reviews/data=!4m8!14m7!1m6!2m5!1sChZDSUhNMG9nS0VJQ0FnSUN1cHJ2UUp3EAE!2m1!1s0x0:0xf0217a90db0ef60!3m1!1s2@1:CIHM0ogKEICAgICuprvQJw%7C%7C?hl=en","116136664705421581162","1483","https://lh3.googleusercontent.com/a/ACg8ocKqJoVR0dbI5jtPfovKceMAviNWhX1e-K6xY0-cq8yaQCv756tV=s1920-c-rp-mo-ba8-br100","https://www.google.com/maps/contrib/116136664705421581162?hl=en","302","2025-09-21T15:21:46.147Z","Direct Detail URL: https://www.google.com/maps/place/Charles+Darwin+National+Park/@-12.449386,130.8725801,17z/data=!4m8!3m7!1s0x2cc091357c650a31:0xf0217a90db0ef60!8m2!3d-12.4493913!4d130.875155!9m1!1b1!16zL20vMHBzYzk?entry=ttu&g_ep=EgoyMDI1MDkxNy4wIKXMDSoASAFQAw%3D%3D","5","Northern Territory","Tiger Brennan Dr","false","A great place for mountain biking, walking and birding. I saw the Varied Lorikeets and Mangrove Robin here.",,"Charles Darwin National Park","4.2",,"https://www.google.com/maps/search/?api=1&query=Charles%20Darwin%20National%20Park&query_place_id=ChIJMQplfDWRwCwRYO-wDakXAg8",
"Tiger Brennan Dr, Charles Darwin NT 0820, Australia","National park","Tourist attraction","National park","1081452875368951648","Charles Darwin","AU","0x2cc091357c650a31:0xf0217a90db0ef60","https://lh3.googleusercontent.com/gps-cs-s/AC9h4nqtMDSGYEvu225Uc_UqSN1iT6if1yR-aAZ5qJcw-WS3V9jbOtAKrfM89T4L4V0RGrEpLDWRGbst70TMJGljIhLdziGKVguV6nzGQYSfjC0rv2ucDhlHuV5CSkHfly9ybKP4rrM=w408-h307-k-no","false","true","en","0","-12.4493913","130.875155","Dallas Clarke",,"en","false","ChIJMQplfDWRwCwRYO-wDakXAg8","0820",,"3 years ago","2022-07-23T08:17:00.412Z",,,,,,,,"ChZDSUhNMG9nS0VJQ0FnSUN1bktXbGNnEAE","https://lh3.googleusercontent.com/geougc-cs/AB3l90BGUM-QrTsjTkel2KENgcCnS5bM1Lq2tb5mJM817d8oAO-i2ytsRmM2pFziDj4uTYCpvpTqLZHPDqliHjTWLrI9w6baxH_KLms8Lb28RRF0HEmsGak-x1aJ675-aPdcxzVY9aRoBg","https://lh3.googleusercontent.com/geougc-cs/AB3l90Cf1ZqPBTTuE8svl9MI5QzVqodIMYoBL1H0w6j31EgL5qBWQWjsV8B-7GRvp2VHjyAhtF9SFfPi3ruFDwn1FZnKpSfSw6hf6YpCzl1j8cDrrMr3qq1moyQGhSkSjNeixYkS4jaH","https://lh3.googleusercontent.com/geougc-cs/AB3l90Dhywv7TtpHnzsxxPEj4z5q_XlJ6By9sxvKMEpvVmzZAsXXjLgATYzMR6Ggdv6ePBGh1N1grrzkc8r3bK5o6vXRWPZM2ss-ism756meAvJL970o2w9UM6lbVTeg74DYGur0BjIFEQ","https://lh3.googleusercontent.com/geougc-cs/AB3l90DGhGJrHeFh_Ut6vTMoEnQjCXdEuok4ojNgEp_xHJiy7DNrwO2PDx0Bl896LzOGSwSa82q6o5PbZqRBCUEj3WgRRuXt1GPKCJ2SDCCyrE9Nv3DpjbK1WbHtPx7M6WJgdBcr4lfR","https://lh3.googleusercontent.com/geougc-cs/AB3l90A2pQhYmO-kBQQQUv0ZsedjpqIMIJsnBX9dkA7RldYVrSdudlXrpGyLttEg9SXlOEr_PuGXJU7S2AZjaq1rSGQL9_vuWtqOtNHxnTcg31j6aAEe8lJi3QbHyGrN6CKKwcBREiWGeQ","https://lh3.googleusercontent.com/geougc-cs/AB3l90BzsJm8Iz6Ok6j6aPMZ_tugx3lqMlvtpmfYnxQLs_xa844h6aTVH6KCtvot2gqIofFRgKuysGbEqym1HpFw_1rSSEcD-FJxF83I68dRsKtV6ReWKJ4JHnMRACBvYcoEIH2yjX1K","https://lh3.googleusercontent.com/geougc-cs/AB3l90DHrRbi7HumQpnL7n0tUrf4DxITaUKzMKCg8Mw3HcRwUySQOUeqR0e6MSSKAk6f3VyHnC3UVqn5s9pgcsFGq_v4_OxbFgaok9eyIp6HH6FvnAoWNHG_bNugCBoj-dBk1OwD9QWWEA","https://lh3.googleusercontent.com/geougc-cs/AB3l90DKk7PSlv4KBDHIzut-o7ogk1h0Fc13cQXMBUJZ54FMKwy1Y0bs79C5flFWt6ouX8mkAFRb3uGrR8zVgQ3G1zE2dymOa0O7ptzbdgWrm6HJCl8Ks8AMzPWmtc7iVkqf-PURF-uL","https://lh3.googleusercontent.com/geougc-cs/AB3l90BXvtokJOI5--aDXdm3IUwqpgJ6oEin20bkRMfSESwM_Q1EcUWizaccQryW1CXFI8dT9SrVVbZ8vXlgTG0KW8-Q82SX_dqVScmk-0eYdMjy-KlXkXMSCojZHRj10KOZq4eMLfmnlQ","https://lh3.googleusercontent.com/geougc-cs/AB3l90D702P4MiyWuvPaQT5AjYQ3YCQoxKqKnVNxt9oMYumJCeaN4tQXXSa12mcVihxQ5T04CCAVAFV78aDSfKoK9OsoqTE8maWvhDgPLDnVOdpW9-fAHlYtOR8D8kB-vWS_088myoQ","Google","https://www.google.com/maps/reviews/data=!4m8!14m7!1m6!2m5!1sChZDSUhNMG9nS0VJQ0FnSUN1bktXbGNnEAE!2m1!1s0x0:0xf0217a90db0ef60!3m1!1s2@1:CIHM0ogKEICAgICunKWlcg%7C%7C?hl=en","100051077692686947591","509","https://lh3.googleusercontent.com/a-/ALV-UjWPFfVsNvmqYsV8JH3m-jxfmVQoxrSJhZ74IsjTKatz1xWSHStL=s1920-c-rp-mo-ba6-br100","https://www.google.com/maps/contrib/100051077692686947591?hl=en","302","2025-09-21T15:21:46.147Z","Direct Detail URL: https://www.google.com/maps/place/Charles+Darwin+National+Park/@-12.449386,130.8725801,17z/data=!4m8!3m7!1s0x2cc091357c650a31:0xf0217a90db0ef60!8m2!3d-12.4493913!4d130.875155!9m1!1b1!16zL20vMHBzYzk?entry=ttu&g_ep=EgoyMDI1MDkxNy4wIKXMDSoASAFQAw%3D%3D","4","Northern Territory","Tiger Brennan Dr","false","I liked the bomb storage exhibit. I bit different from other national parks.",,"Charles Darwin National Park","4.2",,"https://www.google.com/maps/search/?api=1&query=Charles%20Darwin%20National%20Park&query_place_id=ChIJMQplfDWRwCwRYO-wDakXAg8",
"Tiger Brennan Dr, Charles Darwin NT 0820, Australia","National park","Tourist attraction","National park","1081452875368951648","Charles Darwin","AU","0x2cc091357c650a31:0xf0217a90db0ef60","https://lh3.googleusercontent.com/gps-cs-s/AC9h4nqtMDSGYEvu225Uc_UqSN1iT6if1yR-aAZ5qJcw-WS3V9jbOtAKrfM89T4L4V0RGrEpLDWRGbst70TMJGljIhLdziGKVguV6nzGQYSfjC0rv2ucDhlHuV5CSkHfly9ybKP4rrM=w408-h307-k-no","false","true","en","0","-12.4493913","130.875155","IJR",,"en","false","ChIJMQplfDWRwCwRYO-wDakXAg8","0820",,"3 years ago","2022-07-17T11:02:29.396Z",,,,,,,,"ChZDSUhNMG9nS0VJQ0FnSURPcjlXcVNBEAE",,,,,,,,,,,"Google","https://www.google.com/maps/reviews/data=!4m8!14m7!1m6!2m5!1sChZDSUhNMG9nS0VJQ0FnSURPcjlXcVNBEAE!2m1!1s0x0:0xf0217a90db0ef60!3m1!1s2@1:CIHM0ogKEICAgIDOr9WqSA%7C%7C?hl=en","108528532834249902053","63","https://lh3.googleusercontent.com/a-/ALV-UjVoBdn2CTKcr2VOCSe3ailDhI04zCEuWZ8sFDUdQJC8MW7pGxQ=s1920-c-rp-mo-ba3-br100","https://www.google.com/maps/contrib/108528532834249902053?hl=en","302","2025-09-21T15:21:46.147Z","Direct Detail URL: https://www.google.com/maps/place/Charles+Darwin+National+Park/@-12.449386,130.8725801,17z/data=!4m8!3m7!1s0x2cc091357c650a31:0xf0217a90db0ef60!8m2!3d-12.4493913!4d130.875155!9m1!1b1!16zL20vMHBzYzk?entry=ttu&g_ep=EgoyMDI1MDkxNy4wIKXMDSoASAFQAw%3D%3D","5","Northern Territory","Tiger Brennan Dr","false","Great park for cycling. Try go during the morning when its cooler",,"Charles Darwin National Park","4.2",,"https://www.google.com/maps/search/?api=1&query=Charles%20Darwin%20National%20Park&query_place_id=ChIJMQplfDWRwCwRYO-wDakXAg8",
"Tiger Brennan Dr, Charles Darwin NT 0820, Australia","National park","Tourist attraction","National park","1081452875368951648","Charles Darwin","AU","0x2cc091357c650a31:0xf0217a90db0ef60","https://lh3.googleusercontent.com/gps-cs-s/AC9h4nqtMDSGYEvu225Uc_UqSN1iT6if1yR-aAZ5qJcw-WS3V9jbOtAKrfM89T4L4V0RGrEpLDWRGbst70TMJGljIhLdziGKVguV6nzGQYSfjC0rv2ucDhlHuV5CSkHfly9ybKP4rrM=w408-h307-k-no","false","true","en","0","-12.4493913","130.875155","Amanda Barker",,"en","false","ChIJMQplfDWRwCwRYO-wDakXAg8","0820",,"3 years ago","2022-07-01T08:34:30.091Z",,,,,,,,"ChdDSUhNMG9nS0VJQ0FnSURPNHJuSDhBRRAB",,,,,,,,,,,"Google","https://www.google.com/maps/reviews/data=!4m8!14m7!1m6!2m5!1sChdDSUhNMG9nS0VJQ0FnSURPNHJuSDhBRRAB!2m1!1s0x0:0xf0217a90db0ef60!3m1!1s2@1:CIHM0ogKEICAgIDO4rnH8AE%7C%7C?hl=en","117979145060066979640","40","https://lh3.googleusercontent.com/a-/ALV-UjWTdw5MduVn5VJTCXRYSAE_dFYJsuXLZjhugVpfML1_pCbSKDKclg=s1920-c-rp-mo-ba3-br100","https://www.google.com/maps/contrib/117979145060066979640?hl=en","302","2025-09-21T15:21:46.147Z","Direct Detail URL: https://www.google.com/maps/place/Charles+Darwin+National+Park/@-12.449386,130.8725801,17z/data=!4m8!3m7!1s0x2cc091357c650a31:0xf0217a90db0ef60!8m2!3d-12.4493913!4d130.875155!9m1!1b1!16zL20vMHBzYzk?entry=ttu&g_ep=EgoyMDI1MDkxNy4wIKXMDSoASAFQAw%3D%3D","5","Northern Territory","Tiger Brennan Dr","false","Lovely view back over the city of Darwin.",,"Charles Darwin National Park","4.2",,"https://www.google.com/maps/search/?api=1&query=Charles%20Darwin%20National%20Park&query_place_id=ChIJMQplfDWRwCwRYO-wDakXAg8",
"Tiger Brennan Dr, Charles Darwin NT 0820, Australia","National park","Tourist attraction","National park","1081452875368951648","Charles Darwin","AU","0x2cc091357c650a31:0xf0217a90db0ef60","https://lh3.googleusercontent.com/gps-cs-s/AC9h4nqtMDSGYEvu225Uc_UqSN1iT6if1yR-aAZ5qJcw-WS3V9jbOtAKrfM89T4L4V0RGrEpLDWRGbst70TMJGljIhLdziGKVguV6nzGQYSfjC0rv2ucDhlHuV5CSkHfly9ybKP4rrM=w408-h307-k-no","false","false","en","0","-12.4493913","130.875155","Lawrence “Larry” Prior",,,"false","ChIJMQplfDWRwCwRYO-wDakXAg8","0820",,"3 years ago","2022-06-27T07:59:22.477Z",,,,,,,,"ChdDSUhNMG9nS0VJQ0FnSURPdUtMdTh3RRAB",,,,,,,,,,,"Google","https://www.google.com/maps/reviews/data=!4m8!14m7!1m6!2m5!1sChdDSUhNMG9nS0VJQ0FnSURPdUtMdTh3RRAB!2m1!1s0x0:0xf0217a90db0ef60!3m1!1s2@1:CIHM0ogKEICAgIDOuKLu8wE%7C%7C?hl=en","102930475903797841194","184","https://lh3.googleusercontent.com/a/ACg8ocKfytVAyyDAW2oRc5OMyi7WXWZ3n_phH44ZhJ9cytTO7A3EkA=s1920-c-rp-mo-br100","https://www.google.com/maps/contrib/102930475903797841194?hl=en","302","2025-09-21T15:21:46.147Z","Direct Detail URL: https://www.google.com/maps/place/Charles+Darwin+National+Park/@-12.449386,130.8725801,17z/data=!4m8!3m7!1s0x2cc091357c650a31:0xf0217a90db0ef60!8m2!3d-12.4493913!4d130.875155!9m1!1b1!16zL20vMHBzYzk?entry=ttu&g_ep=EgoyMDI1MDkxNy4wIKXMDSoASAFQAw%3D%3D","5","Northern Territory","Tiger Brennan Dr","false",,,"Charles Darwin National Park","4.2",,"https://www.google.com/maps/search/?api=1&query=Charles%20Darwin%20National%20Park&query_place_id=ChIJMQplfDWRwCwRYO-wDakXAg8",
"Tiger Brennan Dr, Charles Darwin NT 0820, Australia","National park","Tourist attraction","National park","1081452875368951648","Charles Darwin","AU","0x2cc091357c650a31:0xf0217a90db0ef60","https://lh3.googleusercontent.com/gps-cs-s/AC9h4nqtMDSGYEvu225Uc_UqSN1iT6if1yR-aAZ5qJcw-WS3V9jbOtAKrfM89T4L4V0RGrEpLDWRGbst70TMJGljIhLdziGKVguV6nzGQYSfjC0rv2ucDhlHuV5CSkHfly9ybKP4rrM=w408-h307-k-no","false","false","en","0","-12.4493913","130.875155","Nell lucas",,"en","false","ChIJMQplfDWRwCwRYO-wDakXAg8","0820",,"3 years ago","2022-06-26T03:26:44.241Z",,,,,,,,"ChZDSUhNMG9nS0VJQ0FnSURPaUwyc0pREAE",,,,,,,,,,,"Google","https://www.google.com/maps/reviews/data=!4m8!14m7!1m6!2m5!1sChZDSUhNMG9nS0VJQ0FnSURPaUwyc0pREAE!2m1!1s0x0:0xf0217a90db0ef60!3m1!1s2@1:CIHM0ogKEICAgIDOiL2sJQ%7C%7C?hl=en","112493830113711704925","75","https://lh3.googleusercontent.com/a/ACg8ocKO-6bVav6gTuD6j5VgwYZCqFHq5qmyGWHiomzoLXfbADOWjw=s1920-c-rp-mo-br100","https://www.google.com/maps/contrib/112493830113711704925?hl=en","302","2025-09-21T15:21:46.147Z","Direct Detail URL: https://www.google.com/maps/place/Charles+Darwin+National+Park/@-12.449386,130.8725801,17z/data=!4m8!3m7!1s0x2cc091357c650a31:0xf0217a90db0ef60!8m2!3d-12.4493913!4d130.875155!9m1!1b1!16zL20vMHBzYzk?entry=ttu&g_ep=EgoyMDI1MDkxNy4wIKXMDSoASAFQAw%3D%3D","4","Northern Territory","Tiger Brennan Dr","false","Ideal place for a family event or just a picnic",,"Charles Darwin National Park","4.2",,"https://www.google.com/maps/search/?api=1&query=Charles%20Darwin%20National%20Park&query_place_id=ChIJMQplfDWRwCwRYO-wDakXAg8",
"Tiger Brennan Dr, Charles Darwin NT 0820, Australia","National park","Tourist attraction","National park","1081452875368951648","Charles Darwin","AU","0x2cc091357c650a31:0xf0217a90db0ef60","https://lh3.googleusercontent.com/gps-cs-s/AC9h4nqtMDSGYEvu225Uc_UqSN1iT6if1yR-aAZ5qJcw-WS3V9jbOtAKrfM89T4L4V0RGrEpLDWRGbst70TMJGljIhLdziGKVguV6nzGQYSfjC0rv2ucDhlHuV5CSkHfly9ybKP4rrM=w408-h307-k-no","false","true","en","0","-12.4493913","130.875155","Rocky Fazzolari",,"en","false","ChIJMQplfDWRwCwRYO-wDakXAg8","0820",,"Edited 3 years ago","2022-06-11T05:42:04.253Z",,,,,,,,"ChZDSUhNMG9nS0VJQ0FnSUNPenVqVElREAE","https://lh3.googleusercontent.com/geougc-cs/AB3l90BnHVjELa2LXeAepxAsnomBqSdNfpRCud5NHpRLxrvLTQ1rcbJFRaDUX6KkE6mJ9ScXIwIJ9k1d66mGrerIDfZGzGpOHyo_uozlE4kfZcoRK42L66jlG0joUeKpuaLpTp4pDQIv","https://lh3.googleusercontent.com/geougc-cs/AB3l90BLPdrCV0h6a4x4w-iEJM1Woy704VBxlaTsOqZe6fQNIgApaJ50waHLC2CtkyYGrFQnCaNwRCoGv5Gj8MqflaqHXHlzFNeTC_aM9WZ2Im4vLOdELp_qPCumA7C1OFWvUtQbkGW5sg",,,,,,,,,"Google","https://www.google.com/maps/reviews/data=!4m8!14m7!1m6!2m5!1sChZDSUhNMG9nS0VJQ0FnSUNPenVqVElREAE!2m1!1s0x0:0xf0217a90db0ef60!3m1!1s2@1:CIHM0ogKEICAgICOzujTIQ%7C%7C?hl=en","117927507787019357887","254","https://lh3.googleusercontent.com/a-/ALV-UjXz25Vz5cVRfKKsD33yLHQHY-HJD0UMFhmxvVNdClgNT7NVVT4=s1920-c-rp-mo-ba5-br100","https://www.google.com/maps/contrib/117927507787019357887?hl=en","302","2025-09-21T15:21:46.147Z","Direct Detail URL: https://www.google.com/maps/place/Charles+Darwin+National+Park/@-12.449386,130.8725801,17z/data=!4m8!3m7!1s0x2cc091357c650a31:0xf0217a90db0ef60!8m2!3d-12.4493913!4d130.875155!9m1!1b1!16zL20vMHBzYzk?entry=ttu&g_ep=EgoyMDI1MDkxNy4wIKXMDSoASAFQAw%3D%3D","3","Northern Territory","Tiger Brennan Dr","false","Good walking tracks.",,"Charles Darwin National Park","4.2",,"https://www.google.com/maps/search/?api=1&query=Charles%20Darwin%20National%20Park&query_place_id=ChIJMQplfDWRwCwRYO-wDakXAg8",
"Tiger Brennan Dr, Charles Darwin NT 0820, Australia","National park","Tourist attraction","National park","1081452875368951648","Charles Darwin","AU","0x2cc091357c650a31:0xf0217a90db0ef60","https://lh3.googleusercontent.com/gps-cs-s/AC9h4nqtMDSGYEvu225Uc_UqSN1iT6if1yR-aAZ5qJcw-WS3V9jbOtAKrfM89T4L4V0RGrEpLDWRGbst70TMJGljIhLdziGKVguV6nzGQYSfjC0rv2ucDhlHuV5CSkHfly9ybKP4rrM=w408-h307-k-no","false","true","en","0","-12.4493913","130.875155","Somchay Vouthisisombath",,,"false","ChIJMQplfDWRwCwRYO-wDakXAg8","0820",,"3 years ago","2022-05-27T10:11:48.869Z",,,,,,,,"ChZDSUhNMG9nS0VJQ0FnSUQyNThYNkh3EAE",,,,,,,,,,,"Google","https://www.google.com/maps/reviews/data=!4m8!14m7!1m6!2m5!1sChZDSUhNMG9nS0VJQ0FnSUQyNThYNkh3EAE!2m1!1s0x0:0xf0217a90db0ef60!3m1!1s2@1:CIHM0ogKEICAgID258X6Hw%7C%7C?hl=en","112648291671721395823","20","https://lh3.googleusercontent.com/a-/ALV-UjXX3tsE0sA0hhvzROEutm7XrqxVx7E-Sjo-ESTv7wpH6VmyPRJ9=s1920-c-rp-mo-ba4-br100","https://www.google.com/maps/contrib/112648291671721395823?hl=en","302","2025-09-21T15:21:46.147Z","Direct Detail URL: https://www.google.com/maps/place/Charles+Darwin+National+Park/@-12.449386,130.8725801,17z/data=!4m8!3m7!1s0x2cc091357c650a31:0xf0217a90db0ef60!8m2!3d-12.4493913!4d130.875155!9m1!1b1!16zL20vMHBzYzk?entry=ttu&g_ep=EgoyMDI1MDkxNy4wIKXMDSoASAFQAw%3D%3D","5","Northern Territory","Tiger Brennan Dr","false",,,"Charles Darwin National Park","4.2",,"https://www.google.com/maps/search/?api=1&query=Charles%20Darwin%20National%20Park&query_place_id=ChIJMQplfDWRwCwRYO-wDakXAg8",
"Tiger Brennan Dr, Charles Darwin NT 0820, Australia","National park","Tourist attraction","National park","1081452875368951648","Charles Darwin","AU","0x2cc091357c650a31:0xf0217a90db0ef60","https://lh3.googleusercontent.com/gps-cs-s/AC9h4nqtMDSGYEvu225Uc_UqSN1iT6if1yR-aAZ5qJcw-WS3V9jbOtAKrfM89T4L4V0RGrEpLDWRGbst70TMJGljIhLdziGKVguV6nzGQYSfjC0rv2ucDhlHuV5CSkHfly9ybKP4rrM=w408-h307-k-no","false","true","en","0","-12.4493913","130.875155","TKW Adventures",,"en","false","ChIJMQplfDWRwCwRYO-wDakXAg8","0820",,"3 years ago","2022-05-10T11:09:52.161Z",,,,,,,,"ChdDSUhNMG9nS0VJQ0FnSUQyNG9tQnBnRRAB",,,,,,,,,,,"Google","https://www.google.com/maps/reviews/data=!4m8!14m7!1m6!2m5!1sChdDSUhNMG9nS0VJQ0FnSUQyNG9tQnBnRRAB!2m1!1s0x0:0xf0217a90db0ef60!3m1!1s2@1:CIHM0ogKEICAgID24omBpgE%7C%7C?hl=en","114960610726253720976","64","https://lh3.googleusercontent.com/a-/ALV-UjVkEu6lF6vFaQeHlCNssC6u9sOL8pJ2FlMUYmhHFU2jsSQY0HA=s1920-c-rp-mo-ba3-br100","https://www.google.com/maps/contrib/114960610726253720976?hl=en","302","2025-09-21T15:21:46.147Z","Direct Detail URL: https://www.google.com/maps/place/Charles+Darwin+National+Park/@-12.449386,130.8725801,17z/data=!4m8!3m7!1s0x2cc091357c650a31:0xf0217a90db0ef60!8m2!3d-12.4493913!4d130.875155!9m1!1b1!16zL20vMHBzYzk?entry=ttu&g_ep=EgoyMDI1MDkxNy4wIKXMDSoASAFQAw%3D%3D","5","Northern Territory","Tiger Brennan Dr","false","Wow the history you see here and the feeling is hard to explain",,"Charles Darwin National Park","4.2",,"https://www.google.com/maps/search/?api=1&query=Charles%20Darwin%20National%20Park&query_place_id=ChIJMQplfDWRwCwRYO-wDakXAg8",
"Tiger Brennan Dr, Charles Darwin NT 0820, Australia","National park","Tourist attraction","National park","1081452875368951648","Charles Darwin","AU","0x2cc091357c650a31:0xf0217a90db0ef60","https://lh3.googleusercontent.com/gps-cs-s/AC9h4nqtMDSGYEvu225Uc_UqSN1iT6if1yR-aAZ5qJcw-WS3V9jbOtAKrfM89T4L4V0RGrEpLDWRGbst70TMJGljIhLdziGKVguV6nzGQYSfjC0rv2ucDhlHuV5CSkHfly9ybKP4rrM=w408-h307-k-no","false","true","en","0","-12.4493913","130.875155","Rich",,"en","false","ChIJMQplfDWRwCwRYO-wDakXAg8","0820",,"3 years ago","2022-02-20T09:02:02.144Z",,,,,,,,"ChdDSUhNMG9nS0VJQ0FnSUNXN0xLSzB3RRAB","https://lh3.googleusercontent.com/geougc-cs/AB3l90CV82XNXWkqxX3pwP9sGxIoqkFKCSJOsAMZ3parUt8dA6hfMnp97ceu8CbDiJwiN537QFG4wPYbrq1r799F_ug5MtzZlsUVjEXfJXHqRuiCX3XSxx9isRFmSDEGIwuIT2yUSLdt",,,,,,,,,,"Google","https://www.google.com/maps/reviews/data=!4m8!14m7!1m6!2m5!1sChdDSUhNMG9nS0VJQ0FnSUNXN0xLSzB3RRAB!2m1!1s0x0:0xf0217a90db0ef60!3m1!1s2@1:CIHM0ogKEICAgICW7LKK0wE%7C%7C?hl=en","104184575016094982578","192","https://lh3.googleusercontent.com/a-/ALV-UjWMf9OrhPsmKwkFXNva4_XmXO2yZRdZsiNulkHxuRzIc1it6cJT=s1920-c-rp-mo-ba4-br100","https://www.google.com/maps/contrib/104184575016094982578?hl=en","302","2025-09-21T15:21:46.147Z","Direct Detail URL: https://www.google.com/maps/place/Charles+Darwin+National+Park/@-12.449386,130.8725801,17z/data=!4m8!3m7!1s0x2cc091357c650a31:0xf0217a90db0ef60!8m2!3d-12.4493913!4d130.875155!9m1!1b1!16zL20vMHBzYzk?entry=ttu&g_ep=EgoyMDI1MDkxNy4wIKXMDSoASAFQAw%3D%3D","5","Northern Territory","Tiger Brennan Dr","false","Nicely maintained park, beautiful landscape view of Darwin.
Awsome forest for walking/cycling or quad bikes",,"Charles Darwin National Park","4.2",,"https://www.google.com/maps/search/?api=1&query=Charles%20Darwin%20National%20Park&query_place_id=ChIJMQplfDWRwCwRYO-wDakXAg8",
"Tiger Brennan Dr, Charles Darwin NT 0820, Australia","National park","Tourist attraction","National park","1081452875368951648","Charles Darwin","AU","0x2cc091357c650a31:0xf0217a90db0ef60","https://lh3.googleusercontent.com/gps-cs-s/AC9h4nqtMDSGYEvu225Uc_UqSN1iT6if1yR-aAZ5qJcw-WS3V9jbOtAKrfM89T4L4V0RGrEpLDWRGbst70TMJGljIhLdziGKVguV6nzGQYSfjC0rv2ucDhlHuV5CSkHfly9ybKP4rrM=w408-h307-k-no","false","true","en","0","-12.4493913","130.875155","Adie Klein",,"en","false","ChIJMQplfDWRwCwRYO-wDakXAg8","0820",,"3 years ago","2022-02-12T08:05:25.515Z",,,,,,,,"ChdDSUhNMG9nS0VJQ0FnSURtdDhqTDJ3RRAB","https://lh3.googleusercontent.com/geougc-cs/AB3l90DBTGpPgRWX-vjhcTeurrFgFQSqJq68OSwWW5ZcDzA6CyDDPuWVQ3EWD9iNUA4-7VYpcWgS558FjE0RqLHeXGcd4tr2Ceewug8t9eSQmZs6dRofBEck0DPfQNpeSgtA80G0F6wm","https://lh3.googleusercontent.com/geougc-cs/AB3l90CdJgnfzZ9dL91UK7CXs5_ExAH4YuunrA6Dcu4veXyOGm183jn99FW_jdFz--WhwSObLmbxHk2wRC0niMkPSXYaiPZiK6CJAqZXxIdTnKXFj0sOP4K7F54dpeGGhVj1wjKy4HUe","https://lh3.googleusercontent.com/geougc-cs/AB3l90CzgDt1PGssCz5QpjJZ4Sdcyw6Ph3EexGmW2btEo1d2eWnOyf4kd1p6byq1k8h7ue97WTRWSXDnBXEFNU_kxCxLnSY8Mwj37DJPArYzskg2WmSHID5oRkJbefBL6Nhb0clCAivXMA","https://lh3.googleusercontent.com/geougc-cs/AB3l90Dq2zsfUm8vIcrJC9lMBD7WiH-SD_dr3wYzfeNLnio8iZs-BvwAjgf_IvQ4cPE5qY8w3aeHLIeIpWShQ2xxKBJ4EYAmZBzpGK0-qIubEGBisENlf94mCIc6fbCdOZpzZkEv4o_g",,,,,,,"Google","https://www.google.com/maps/reviews/data=!4m8!14m7!1m6!2m5!1sChdDSUhNMG9nS0VJQ0FnSURtdDhqTDJ3RRAB!2m1!1s0x0:0xf0217a90db0ef60!3m1!1s2@1:CIHM0ogKEICAgIDmt8jL2wE%7C%7C?hl=en","103190560065830536269","505","https://lh3.googleusercontent.com/a-/ALV-UjVvo0c2PL0lF-EBJatEtwRW4MCh1yIqINemB26g2WvMhxJNwAyZ=s1920-c-rp-mo-ba6-br100","https://www.google.com/maps/contrib/103190560065830536269?hl=en","302","2025-09-21T15:21:46.147Z","Direct Detail URL: https://www.google.com/maps/place/Charles+Darwin+National+Park/@-12.449386,130.8725801,17z/data=!4m8!3m7!1s0x2cc091357c650a31:0xf0217a90db0ef60!8m2!3d-12.4493913!4d130.875155!9m1!1b1!16zL20vMHBzYzk?entry=ttu&g_ep=EgoyMDI1MDkxNy4wIKXMDSoASAFQAw%3D%3D","4","Northern Territory","Tiger Brennan Dr","false","If you are interested in the military history of Darwin, then this National Park offers a look at the WW2 ammunition bunkers.
Inside one of these bunkers is a exhibit showing the history of the area.
Further in the park is a lookout overlooking Darwin",,"Charles Darwin National Park","4.2",,"https://www.google.com/maps/search/?api=1&query=Charles%20Darwin%20National%20Park&query_place_id=ChIJMQplfDWRwCwRYO-wDakXAg8",
"Tiger Brennan Dr, Charles Darwin NT 0820, Australia","National park","Tourist attraction","National park","1081452875368951648","Charles Darwin","AU","0x2cc091357c650a31:0xf0217a90db0ef60","https://lh3.googleusercontent.com/gps-cs-s/AC9h4nqtMDSGYEvu225Uc_UqSN1iT6if1yR-aAZ5qJcw-WS3V9jbOtAKrfM89T4L4V0RGrEpLDWRGbst70TMJGljIhLdziGKVguV6nzGQYSfjC0rv2ucDhlHuV5CSkHfly9ybKP4rrM=w408-h307-k-no","false","true","en","0","-12.4493913","130.875155","Mark Dutton",,"en","false","ChIJMQplfDWRwCwRYO-wDakXAg8","0820",,"3 years ago","2022-01-19T09:55:22.499Z",,,,,,,,"ChZDSUhNMG9nS0VJQ0FnSURtcE1tbUVBEAE",,,,,,,,,,,"Google","https://www.google.com/maps/reviews/data=!4m8!14m7!1m6!2m5!1sChZDSUhNMG9nS0VJQ0FnSURtcE1tbUVBEAE!2m1!1s0x0:0xf0217a90db0ef60!3m1!1s2@1:CIHM0ogKEICAgIDmpMmmEA%7C%7C?hl=en","111500769796001083686","61","https://lh3.googleusercontent.com/a/ACg8ocLoq7z5l1ZaXeLOzwuE96SrpQoMhfYVODf5OP1n3aGnS7oLgQ=s1920-c-rp-mo-ba3-br100","https://www.google.com/maps/contrib/111500769796001083686?hl=en","302","2025-09-21T15:21:46.147Z","Direct Detail URL: https://www.google.com/maps/place/Charles+Darwin+National+Park/@-12.449386,130.8725801,17z/data=!4m8!3m7!1s0x2cc091357c650a31:0xf0217a90db0ef60!8m2!3d-12.4493913!4d130.875155!9m1!1b1!16zL20vMHBzYzk?entry=ttu&g_ep=EgoyMDI1MDkxNy4wIKXMDSoASAFQAw%3D%3D","5","Northern Territory","Tiger Brennan Dr","false","Nothing short of epic. Belt around through the mud and jump over hills in these amazing buggies. DONT MISS OUT",,"Charles Darwin National Park","4.2",,"https://www.google.com/maps/search/?api=1&query=Charles%20Darwin%20National%20Park&query_place_id=ChIJMQplfDWRwCwRYO-wDakXAg8",
"Tiger Brennan Dr, Charles Darwin NT 0820, Australia","National park","Tourist attraction","National park","1081452875368951648","Charles Darwin","AU","0x2cc091357c650a31:0xf0217a90db0ef60","https://lh3.googleusercontent.com/gps-cs-s/AC9h4nqtMDSGYEvu225Uc_UqSN1iT6if1yR-aAZ5qJcw-WS3V9jbOtAKrfM89T4L4V0RGrEpLDWRGbst70TMJGljIhLdziGKVguV6nzGQYSfjC0rv2ucDhlHuV5CSkHfly9ybKP4rrM=w408-h307-k-no","false","true","en","0","-12.4493913","130.875155","Janelle Fletcher",,"en","false","ChIJMQplfDWRwCwRYO-wDakXAg8","0820",,"3 years ago","2021-12-31T11:40:06.574Z",,,,,,,,"ChZDSUhNMG9nS0VJQ0FnSUNta1phNmVBEAE","https://lh3.googleusercontent.com/geougc-cs/AB3l90BK0bFSHRKIi8Y-HFIIdoxA62Xs1bySCWD061rskD7cQcTwLYtuvUB67Kfe3D8NCeTX-WcsWYqmzAayByKwPP0eKc745kB1AhfpZCHyBK4eZJJToAxBLAdgSHXhwXkIqpgkMW3U","https://lh3.googleusercontent.com/geougc-cs/AB3l90BBijf_48epjNwQuyMKWbn85YG9DzXobkRTHQO6jeLKGZr8802MUHuaBZd_MXhib0IxIZL4hQuM_Lj4tf-cRYGri2yFOp_vTMcts2ubzWj6lfL55sZ7PurtWoaPruFpa4vOB-o",,,,,,,,,"Google","https://www.google.com/maps/reviews/data=!4m8!14m7!1m6!2m5!1sChZDSUhNMG9nS0VJQ0FnSUNta1phNmVBEAE!2m1!1s0x0:0xf0217a90db0ef60!3m1!1s2@1:CIHM0ogKEICAgICmkZa6eA%7C%7C?hl=en","110693611229634511874","176","https://lh3.googleusercontent.com/a/ACg8ocK8CZPKVI1v10O-LM99ayCVFFNR8-0vAoB1PIEpOeGq836cNA=s1920-c-rp-mo-ba5-br100","https://www.google.com/maps/contrib/110693611229634511874?hl=en","302","2025-09-21T15:21:46.147Z","Direct Detail URL: https://www.google.com/maps/place/Charles+Darwin+National+Park/@-12.449386,130.8725801,17z/data=!4m8!3m7!1s0x2cc091357c650a31:0xf0217a90db0ef60!8m2!3d-12.4493913!4d130.875155!9m1!1b1!16zL20vMHBzYzk?entry=ttu&g_ep=EgoyMDI1MDkxNy4wIKXMDSoASAFQAw%3D%3D","5","Northern Territory","Tiger Brennan Dr","false","Great spot for birdwatching, bush walking or mountain biking. Make sure to cover up or take insect repellent - the park has mangroves bordering, and the midgies/mosquitoes can be quite bad at times. Excellent picnic area close to the carpark with a viewing platform of the city skyline.",,"Charles Darwin National Park","4.2",,"https://www.google.com/maps/search/?api=1&query=Charles%20Darwin%20National%20Park&query_place_id=ChIJMQplfDWRwCwRYO-wDakXAg8",
"Tiger Brennan Dr, Charles Darwin NT 0820, Australia","National park","Tourist attraction","National park","1081452875368951648","Charles Darwin","AU","0x2cc091357c650a31:0xf0217a90db0ef60","https://lh3.googleusercontent.com/gps-cs-s/AC9h4nqtMDSGYEvu225Uc_UqSN1iT6if1yR-aAZ5qJcw-WS3V9jbOtAKrfM89T4L4V0RGrEpLDWRGbst70TMJGljIhLdziGKVguV6nzGQYSfjC0rv2ucDhlHuV5CSkHfly9ybKP4rrM=w408-h307-k-no","false","true","en","0","-12.4493913","130.875155","hamish McDonald",,,"false","ChIJMQplfDWRwCwRYO-wDakXAg8","0820",,"3 years ago","2021-09-29T16:52:31.143Z",,,,,,,,"ChZDSUhNMG9nS0VJQ0FnSUQ2enVEdlZnEAE",,,,,,,,,,,"Google","https://www.google.com/maps/reviews/data=!4m8!14m7!1m6!2m5!1sChZDSUhNMG9nS0VJQ0FnSUQ2enVEdlZnEAE!2m1!1s0x0:0xf0217a90db0ef60!3m1!1s2@1:CIHM0ogKEICAgID6zuDvVg%7C%7C?hl=en","101174458249351759659","29","https://lh3.googleusercontent.com/a/ACg8ocIapNiN1FYpD3XjdyPQsXAXSCQIIBT5Pez9cNnEZD0oZr5_DA=s1920-c-rp-mo-ba5-br100","https://www.google.com/maps/contrib/101174458249351759659?hl=en","302","2025-09-21T15:21:46.147Z","Direct Detail URL: https://www.google.com/maps/place/Charles+Darwin+National+Park/@-12.449386,130.8725801,17z/data=!4m8!3m7!1s0x2cc091357c650a31:0xf0217a90db0ef60!8m2!3d-12.4493913!4d130.875155!9m1!1b1!16zL20vMHBzYzk?entry=ttu&g_ep=EgoyMDI1MDkxNy4wIKXMDSoASAFQAw%3D%3D","4","Northern Territory","Tiger Brennan Dr","false",,,"Charles Darwin National Park","4.2",,"https://www.google.com/maps/search/?api=1&query=Charles%20Darwin%20National%20Park&query_place_id=ChIJMQplfDWRwCwRYO-wDakXAg8",
"Tiger Brennan Dr, Charles Darwin NT 0820, Australia","National park","Tourist attraction","National park","1081452875368951648","Charles Darwin","AU","0x2cc091357c650a31:0xf0217a90db0ef60","https://lh3.googleusercontent.com/gps-cs-s/AC9h4nqtMDSGYEvu225Uc_UqSN1iT6if1yR-aAZ5qJcw-WS3V9jbOtAKrfM89T4L4V0RGrEpLDWRGbst70TMJGljIhLdziGKVguV6nzGQYSfjC0rv2ucDhlHuV5CSkHfly9ybKP4rrM=w408-h307-k-no","false","true","en","0","-12.4493913","130.875155","Jane Giliam",,"en","false","ChIJMQplfDWRwCwRYO-wDakXAg8","0820",,"3 years ago","2021-09-26T03:15:58.346Z",,,,,,,,"ChZDSUhNMG9nS0VJQ0FnSUQ2aXVfZ1ZnEAE",,,,,,,,,,,"Google","https://www.google.com/maps/reviews/data=!4m8!14m7!1m6!2m5!1sChZDSUhNMG9nS0VJQ0FnSUQ2aXVfZ1ZnEAE!2m1!1s0x0:0xf0217a90db0ef60!3m1!1s2@1:CIHM0ogKEICAgID6iu_gVg%7C%7C?hl=en","116568081681436558201","103","https://lh3.googleusercontent.com/a-/ALV-UjULt2dW9zYD9B7YKgg05Gj4wVXZAjrN8ggz0iOGylvk6eWNeLY=s1920-c-rp-mo-ba4-br100","https://www.google.com/maps/contrib/116568081681436558201?hl=en","302","2025-09-21T15:21:46.147Z","Direct Detail URL: https://www.google.com/maps/place/Charles+Darwin+National+Park/@-12.449386,130.8725801,17z/data=!4m8!3m7!1s0x2cc091357c650a31:0xf0217a90db0ef60!8m2!3d-12.4493913!4d130.875155!9m1!1b1!16zL20vMHBzYzk?entry=ttu&g_ep=EgoyMDI1MDkxNy4wIKXMDSoASAFQAw%3D%3D","5","Northern Territory","Tiger Brennan Dr","false","Magnificent. Peaceful. Well worth a visit.",,"Charles Darwin National Park","4.2",,"https://www.google.com/maps/search/?api=1&query=Charles%20Darwin%20National%20Park&query_place_id=ChIJMQplfDWRwCwRYO-wDakXAg8",
"Tiger Brennan Dr, Charles Darwin NT 0820, Australia","National park","Tourist attraction","National park","1081452875368951648","Charles Darwin","AU","0x2cc091357c650a31:0xf0217a90db0ef60","https://lh3.googleusercontent.com/gps-cs-s/AC9h4nqtMDSGYEvu225Uc_UqSN1iT6if1yR-aAZ5qJcw-WS3V9jbOtAKrfM89T4L4V0RGrEpLDWRGbst70TMJGljIhLdziGKVguV6nzGQYSfjC0rv2ucDhlHuV5CSkHfly9ybKP4rrM=w408-h307-k-no","false","true","en","0","-12.4493913","130.875155","andrew merkl",,,"false","ChIJMQplfDWRwCwRYO-wDakXAg8","0820",,"3 years ago","2021-09-23T05:01:31.351Z",,,,,,,,"ChdDSUhNMG9nS0VJQ0FnSUQ2bk1pMDhnRRAB",,,,,,,,,,,"Google","https://www.google.com/maps/reviews/data=!4m8!14m7!1m6!2m5!1sChdDSUhNMG9nS0VJQ0FnSUQ2bk1pMDhnRRAB!2m1!1s0x0:0xf0217a90db0ef60!3m1!1s2@1:CIHM0ogKEICAgID6nMi08gE%7C%7C?hl=en","115682500401510747203","32","https://lh3.googleusercontent.com/a-/ALV-UjXgBZ_uJzr6J_fxLxCW07XprQFtOoE1qItQYic4B6xoKzuYLI4=s1920-c-rp-mo-ba3-br100","https://www.google.com/maps/contrib/115682500401510747203?hl=en","302","2025-09-21T15:21:46.147Z","Direct Detail URL: https://www.google.com/maps/place/Charles+Darwin+National+Park/@-12.449386,130.8725801,17z/data=!4m8!3m7!1s0x2cc091357c650a31:0xf0217a90db0ef60!8m2!3d-12.4493913!4d130.875155!9m1!1b1!16zL20vMHBzYzk?entry=ttu&g_ep=EgoyMDI1MDkxNy4wIKXMDSoASAFQAw%3D%3D","5","Northern Territory","Tiger Brennan Dr","false",,,"Charles Darwin National Park","4.2",,"https://www.google.com/maps/search/?api=1&query=Charles%20Darwin%20National%20Park&query_place_id=ChIJMQplfDWRwCwRYO-wDakXAg8",
"Tiger Brennan Dr, Charles Darwin NT 0820, Australia","National park","Tourist attraction","National park","1081452875368951648","Charles Darwin","AU","0x2cc091357c650a31:0xf0217a90db0ef60","https://lh3.googleusercontent.com/gps-cs-s/AC9h4nqtMDSGYEvu225Uc_UqSN1iT6if1yR-aAZ5qJcw-WS3V9jbOtAKrfM89T4L4V0RGrEpLDWRGbst70TMJGljIhLdziGKVguV6nzGQYSfjC0rv2ucDhlHuV5CSkHfly9ybKP4rrM=w408-h307-k-no","false","true","en","0","-12.4493913","130.875155","James Nelson",,"en","false","ChIJMQplfDWRwCwRYO-wDakXAg8","0820",,"4 years ago","2021-08-31T07:53:01.502Z",,,,,,,,"ChZDSUhNMG9nS0VJQ0FnSUM2MUpLaVd3EAE","https://lh3.googleusercontent.com/geougc-cs/AB3l90AjrnFF5-29GgcXbsDTVv0KIeyg_5kVOPXj-pSiQf7JKrBZtRUXoUMLm56PN8XZsEyj_ssbAihjL2ukjem7boJjVMJ_LkovAnOsz18oI0WRbep0UKIe3OWHbqPFlif1SQCrcv8",,,,,,,,,,"Google","https://www.google.com/maps/reviews/data=!4m8!14m7!1m6!2m5!1sChZDSUhNMG9nS0VJQ0FnSUM2MUpLaVd3EAE!2m1!1s0x0:0xf0217a90db0ef60!3m1!1s2@1:CIHM0ogKEICAgIC61JKiWw%7C%7C?hl=en","108125030238436696890","107","https://lh3.googleusercontent.com/a-/ALV-UjVFQWLjBigF5wDkGFiK8yFx4OoVK7KRulIPQDUZUAWSm1X-sFRMqw=s1920-c-rp-mo-ba4-br100","https://www.google.com/maps/contrib/108125030238436696890?hl=en","302","2025-09-21T15:21:46.147Z","Direct Detail URL: https://www.google.com/maps/place/Charles+Darwin+National+Park/@-12.449386,130.8725801,17z/data=!4m8!3m7!1s0x2cc091357c650a31:0xf0217a90db0ef60!8m2!3d-12.4493913!4d130.875155!9m1!1b1!16zL20vMHBzYzk?entry=ttu&g_ep=EgoyMDI1MDkxNy4wIKXMDSoASAFQAw%3D%3D","4","Northern Territory","Tiger Brennan Dr","false","Good facilities to lunch and WWII history. No crazy entry fees. Be warned its hot and midgees are a plenty so take insect repellent if your the type that seems to attract insects.",,"Charles Darwin National Park","4.2",,"https://www.google.com/maps/search/?api=1&query=Charles%20Darwin%20National%20Park&query_place_id=ChIJMQplfDWRwCwRYO-wDakXAg8",
"Tiger Brennan Dr, Charles Darwin NT 0820, Australia","National park","Tourist attraction","National park","1081452875368951648","Charles Darwin","AU","0x2cc091357c650a31:0xf0217a90db0ef60","https://lh3.googleusercontent.com/gps-cs-s/AC9h4nqtMDSGYEvu225Uc_UqSN1iT6if1yR-aAZ5qJcw-WS3V9jbOtAKrfM89T4L4V0RGrEpLDWRGbst70TMJGljIhLdziGKVguV6nzGQYSfjC0rv2ucDhlHuV5CSkHfly9ybKP4rrM=w408-h307-k-no","false","false","en","0","-12.4493913","130.875155","Eileen Jones",,,"false","ChIJMQplfDWRwCwRYO-wDakXAg8","0820",,"4 years ago","2021-08-27T01:12:28.245Z",,,,,,,,"ChdDSUhNMG9nS0VJQ0FnSURhXzZuVGxBRRAB",,,,,,,,,,,"Google","https://www.google.com/maps/reviews/data=!4m8!14m7!1m6!2m5!1sChdDSUhNMG9nS0VJQ0FnSURhXzZuVGxBRRAB!2m1!1s0x0:0xf0217a90db0ef60!3m1!1s2@1:CIHM0ogKEICAgIDa_6nTlAE%7C%7C?hl=en","111831352950728029259","19","https://lh3.googleusercontent.com/a/ACg8ocLUH-3mjz1lsxr0JkerXvKAN1e1MJb8TFkzFi9iguFWhTefUA=s1920-c-rp-mo-br100","https://www.google.com/maps/contrib/111831352950728029259?hl=en","302","2025-09-21T15:21:46.147Z","Direct Detail URL: https://www.google.com/maps/place/Charles+Darwin+National+Park/@-12.449386,130.8725801,17z/data=!4m8!3m7!1s0x2cc091357c650a31:0xf0217a90db0ef60!8m2!3d-12.4493913!4d130.875155!9m1!1b1!16zL20vMHBzYzk?entry=ttu&g_ep=EgoyMDI1MDkxNy4wIKXMDSoASAFQAw%3D%3D","3","Northern Territory","Tiger Brennan Dr","false",,,"Charles Darwin National Park","4.2",,"https://www.google.com/maps/search/?api=1&query=Charles%20Darwin%20National%20Park&query_place_id=ChIJMQplfDWRwCwRYO-wDakXAg8",
"Tiger Brennan Dr, Charles Darwin NT 0820, Australia","National park","Tourist attraction","National park","1081452875368951648","Charles Darwin","AU","0x2cc091357c650a31:0xf0217a90db0ef60","https://lh3.googleusercontent.com/gps-cs-s/AC9h4nqtMDSGYEvu225Uc_UqSN1iT6if1yR-aAZ5qJcw-WS3V9jbOtAKrfM89T4L4V0RGrEpLDWRGbst70TMJGljIhLdziGKVguV6nzGQYSfjC0rv2ucDhlHuV5CSkHfly9ybKP4rrM=w408-h307-k-no","false","true","en","0","-12.4493913","130.875155","Jonique Life",,"en","false","ChIJMQplfDWRwCwRYO-wDakXAg8","0820",,"4 years ago","2021-08-18T07:21:23.768Z",,,,,,,,"ChdDSUhNMG9nS0VJQ0FnSURhc29Yb3lRRRAB","https://lh3.googleusercontent.com/geougc-cs/AB3l90ChV2p0TZdFMJnr2vKvORS7KFRJeJEu08OFQB8H3ozfTZr8Md0onVU1gwkYTDLpWa_q8A4vjURFA4449-53w4N0N0WCQW3QLAN3EALAK_c8QloJdPBz1vdo01XaW3TboBTk_0WI","https://lh3.googleusercontent.com/geougc-cs/AB3l90BDYHHSin2cULxGGQ3C4hzRk4oh4JWfbpp778wI4smTI-1x_DVpvTkgvLuilJERHl1TCq73GUBoa-2nIhRqWbXUdbQbvTzmeDMrHL-U2UW3eKvpA66XEJUvRaMSyFExgkNufFdo",,,,,,,,,"Google","https://www.google.com/maps/reviews/data=!4m8!14m7!1m6!2m5!1sChdDSUhNMG9nS0VJQ0FnSURhc29Yb3lRRRAB!2m1!1s0x0:0xf0217a90db0ef60!3m1!1s2@1:CIHM0ogKEICAgIDasoXoyQE%7C%7C?hl=en","104182626609647625419","571","https://lh3.googleusercontent.com/a-/ALV-UjXTr0f3ixEFdiYPkW3CanEtH81XStal7RQzfHC06fGfi0oVlGi6=s1920-c-rp-mo-ba7-br100","https://www.google.com/maps/contrib/104182626609647625419?hl=en","302","2025-09-21T15:21:46.147Z","Direct Detail URL: https://www.google.com/maps/place/Charles+Darwin+National+Park/@-12.449386,130.8725801,17z/data=!4m8!3m7!1s0x2cc091357c650a31:0xf0217a90db0ef60!8m2!3d-12.4493913!4d130.875155!9m1!1b1!16zL20vMHBzYzk?entry=ttu&g_ep=EgoyMDI1MDkxNy4wIKXMDSoASAFQAw%3D%3D","5","Northern Territory","Tiger Brennan Dr","false","This national park was amazing but please wear long sleeves and spray insect repellant as there is signage saying to do so for good reason, we came out and could feel the midges biting us, the next day we flared up. It’s a great stop over though, with so much thorough history where you can walk into different bunkers to read some history and the views from the lookout were awesome. There is a lot of MTB tracks and walking tracks to enjoy and find hidden places.

“Jonique Life”
Follow our journey around Australia on Facebook, Instagram, Tik Tok and YouTube as we highlight wonderful experiences and magical places you can add to your ever growing bucket list.",,"Charles Darwin National Park","4.2",,"https://www.google.com/maps/search/?api=1&query=Charles%20Darwin%20National%20Park&query_place_id=ChIJMQplfDWRwCwRYO-wDakXAg8",
"Tiger Brennan Dr, Charles Darwin NT 0820, Australia","National park","Tourist attraction","National park","1081452875368951648","Charles Darwin","AU","0x2cc091357c650a31:0xf0217a90db0ef60","https://lh3.googleusercontent.com/gps-cs-s/AC9h4nqtMDSGYEvu225Uc_UqSN1iT6if1yR-aAZ5qJcw-WS3V9jbOtAKrfM89T4L4V0RGrEpLDWRGbst70TMJGljIhLdziGKVguV6nzGQYSfjC0rv2ucDhlHuV5CSkHfly9ybKP4rrM=w408-h307-k-no","false","true","en","0","-12.4493913","130.875155","Alex Todorovic",,,"false","ChIJMQplfDWRwCwRYO-wDakXAg8","0820",,"4 years ago","2021-08-12T09:55:54.408Z",,,,,,,,"ChZDSUhNMG9nS0VJQ0FnSUNhX19iTUJ3EAE",,,,,,,,,,,"Google","https://www.google.com/maps/reviews/data=!4m8!14m7!1m6!2m5!1sChZDSUhNMG9nS0VJQ0FnSUNhX19iTUJ3EAE!2m1!1s0x0:0xf0217a90db0ef60!3m1!1s2@1:CIHM0ogKEICAgICa__bMBw%7C%7C?hl=en","111125308844143367429","211","https://lh3.googleusercontent.com/a-/ALV-UjVcfoePgAj9NsWVJy6nZIoMTAMd-9mMv5XiFbrtZ5VeHlpT5DVoLg=s1920-c-rp-mo-ba5-br100","https://www.google.com/maps/contrib/111125308844143367429?hl=en","302","2025-09-21T15:21:46.147Z","Direct Detail URL: https://www.google.com/maps/place/Charles+Darwin+National+Park/@-12.449386,130.8725801,17z/data=!4m8!3m7!1s0x2cc091357c650a31:0xf0217a90db0ef60!8m2!3d-12.4493913!4d130.875155!9m1!1b1!16zL20vMHBzYzk?entry=ttu&g_ep=EgoyMDI1MDkxNy4wIKXMDSoASAFQAw%3D%3D","5","Northern Territory","Tiger Brennan Dr","false",,,"Charles Darwin National Park","4.2",,"https://www.google.com/maps/search/?api=1&query=Charles%20Darwin%20National%20Park&query_place_id=ChIJMQplfDWRwCwRYO-wDakXAg8",
"Tiger Brennan Dr, Charles Darwin NT 0820, Australia","National park","Tourist attraction","National park","1081452875368951648","Charles Darwin","AU","0x2cc091357c650a31:0xf0217a90db0ef60","https://lh3.googleusercontent.com/gps-cs-s/AC9h4nqtMDSGYEvu225Uc_UqSN1iT6if1yR-aAZ5qJcw-WS3V9jbOtAKrfM89T4L4V0RGrEpLDWRGbst70TMJGljIhLdziGKVguV6nzGQYSfjC0rv2ucDhlHuV5CSkHfly9ybKP4rrM=w408-h307-k-no","false","true","en","0","-12.4493913","130.875155","Luigi Hynes (Louis)",,"en","false","ChIJMQplfDWRwCwRYO-wDakXAg8","0820",,"4 years ago","2021-08-08T01:17:24.714Z",,,,,,,,"ChdDSUhNMG9nS0VJQ0FnSUNhZzdUSmdRRRAB",,,,,,,,,,,"Google","https://www.google.com/maps/reviews/data=!4m8!14m7!1m6!2m5!1sChdDSUhNMG9nS0VJQ0FnSUNhZzdUSmdRRRAB!2m1!1s0x0:0xf0217a90db0ef60!3m1!1s2@1:CIHM0ogKEICAgICag7TJgQE%7C%7C?hl=en","112622867284821824608","27","https://lh3.googleusercontent.com/a-/ALV-UjXwMKSs3XALUiUqaPTVdKWEuv4gUM1f8b0qHBmxmxR9tTLzINoyJQ=s1920-c-rp-mo-ba3-br100","https://www.google.com/maps/contrib/112622867284821824608?hl=en","302","2025-09-21T15:21:46.147Z","Direct Detail URL: https://www.google.com/maps/place/Charles+Darwin+National+Park/@-12.449386,130.8725801,17z/data=!4m8!3m7!1s0x2cc091357c650a31:0xf0217a90db0ef60!8m2!3d-12.4493913!4d130.875155!9m1!1b1!16zL20vMHBzYzk?entry=ttu&g_ep=EgoyMDI1MDkxNy4wIKXMDSoASAFQAw%3D%3D","3","Northern Territory","Tiger Brennan Dr","false","average",,"Charles Darwin National Park","4.2",,"https://www.google.com/maps/search/?api=1&query=Charles%20Darwin%20National%20Park&query_place_id=ChIJMQplfDWRwCwRYO-wDakXAg8",
"Tiger Brennan Dr, Charles Darwin NT 0820, Australia","National park","Tourist attraction","National park","1081452875368951648","Charles Darwin","AU","0x2cc091357c650a31:0xf0217a90db0ef60","https://lh3.googleusercontent.com/gps-cs-s/AC9h4nqtMDSGYEvu225Uc_UqSN1iT6if1yR-aAZ5qJcw-WS3V9jbOtAKrfM89T4L4V0RGrEpLDWRGbst70TMJGljIhLdziGKVguV6nzGQYSfjC0rv2ucDhlHuV5CSkHfly9ybKP4rrM=w408-h307-k-no","false","true","en","0","-12.4493913","130.875155","Adrian Down",,,"false","ChIJMQplfDWRwCwRYO-wDakXAg8","0820",,"Edited 4 years ago","2021-07-17T05:36:07.725Z",,,,,,,,"ChZDSUhNMG9nS0VJQ0FnSURTaGUyWUt3EAE",,,,,,,,,,,"Google","https://www.google.com/maps/reviews/data=!4m8!14m7!1m6!2m5!1sChZDSUhNMG9nS0VJQ0FnSURTaGUyWUt3EAE!2m1!1s0x0:0xf0217a90db0ef60!3m1!1s2@1:CIHM0ogKEICAgIDShe2YKw%7C%7C?hl=en","118025099094690940121","2","https://lh3.googleusercontent.com/a-/ALV-UjVe6h1p6xgLZPLoUEQhZvG5kuMJtRfLbBvQkxO1hNXQlNeqOZsvQA=s1920-c-rp-mo-ba5-br100","https://www.google.com/maps/contrib/118025099094690940121?hl=en","302","2025-09-21T15:21:46.147Z","Direct Detail URL: https://www.google.com/maps/place/Charles+Darwin+National+Park/@-12.449386,130.8725801,17z/data=!4m8!3m7!1s0x2cc091357c650a31:0xf0217a90db0ef60!8m2!3d-12.4493913!4d130.875155!9m1!1b1!16zL20vMHBzYzk?entry=ttu&g_ep=EgoyMDI1MDkxNy4wIKXMDSoASAFQAw%3D%3D","4","Northern Territory","Tiger Brennan Dr","false",,,"Charles Darwin National Park","4.2",,"https://www.google.com/maps/search/?api=1&query=Charles%20Darwin%20National%20Park&query_place_id=ChIJMQplfDWRwCwRYO-wDakXAg8",
"Tiger Brennan Dr, Charles Darwin NT 0820, Australia","National park","Tourist attraction","National park","1081452875368951648","Charles Darwin","AU","0x2cc091357c650a31:0xf0217a90db0ef60","https://lh3.googleusercontent.com/gps-cs-s/AC9h4nqtMDSGYEvu225Uc_UqSN1iT6if1yR-aAZ5qJcw-WS3V9jbOtAKrfM89T4L4V0RGrEpLDWRGbst70TMJGljIhLdziGKVguV6nzGQYSfjC0rv2ucDhlHuV5CSkHfly9ybKP4rrM=w408-h307-k-no","false","true","en","0","-12.4493913","130.875155","Brendan Moon",,"en","false","ChIJMQplfDWRwCwRYO-wDakXAg8","0820",,"4 years ago","2021-07-16T22:50:25.325Z",,,,,,,,"ChdDSUhNMG9nS0VJQ0FnSURxaDhTXzFBRRAB",,,,,,,,,,,"Google","https://www.google.com/maps/reviews/data=!4m8!14m7!1m6!2m5!1sChdDSUhNMG9nS0VJQ0FnSURxaDhTXzFBRRAB!2m1!1s0x0:0xf0217a90db0ef60!3m1!1s2@1:CIHM0ogKEICAgIDqh8S_1AE%7C%7C?hl=en","114492826427067583068","83","https://lh3.googleusercontent.com/a-/ALV-UjX8qN9HeD5fXDI7fKeWBWpcuDil8RGxhRWIrQhrqwEhn8PtcVnJ8A=s1920-c-rp-mo-ba4-br100","https://www.google.com/maps/contrib/114492826427067583068?hl=en","302","2025-09-21T15:21:46.147Z","Direct Detail URL: https://www.google.com/maps/place/Charles+Darwin+National+Park/@-12.449386,130.8725801,17z/data=!4m8!3m7!1s0x2cc091357c650a31:0xf0217a90db0ef60!8m2!3d-12.4493913!4d130.875155!9m1!1b1!16zL20vMHBzYzk?entry=ttu&g_ep=EgoyMDI1MDkxNy4wIKXMDSoASAFQAw%3D%3D","3","Northern Territory","Tiger Brennan Dr","false","Nice view and history. Don't expect a theme park with a carousel.",,"Charles Darwin National Park","4.2",,"https://www.google.com/maps/search/?api=1&query=Charles%20Darwin%20National%20Park&query_place_id=ChIJMQplfDWRwCwRYO-wDakXAg8",
"Tiger Brennan Dr, Charles Darwin NT 0820, Australia","National park","Tourist attraction","National park","1081452875368951648","Charles Darwin","AU","0x2cc091357c650a31:0xf0217a90db0ef60","https://lh3.googleusercontent.com/gps-cs-s/AC9h4nqtMDSGYEvu225Uc_UqSN1iT6if1yR-aAZ5qJcw-WS3V9jbOtAKrfM89T4L4V0RGrEpLDWRGbst70TMJGljIhLdziGKVguV6nzGQYSfjC0rv2ucDhlHuV5CSkHfly9ybKP4rrM=w408-h307-k-no","false","true","en","0","-12.4493913","130.875155","Theresa Joel",,,"false","ChIJMQplfDWRwCwRYO-wDakXAg8","0820",,"4 years ago","2021-07-09T00:53:02.349Z",,,,,,,,"ChZDSUhNMG9nS0VJQ0FnSURxcnRMNlpnEAE",,,,,,,,,,,"Google","https://www.google.com/maps/reviews/data=!4m8!14m7!1m6!2m5!1sChZDSUhNMG9nS0VJQ0FnSURxcnRMNlpnEAE!2m1!1s0x0:0xf0217a90db0ef60!3m1!1s2@1:CIHM0ogKEICAgIDqrtL6Zg%7C%7C?hl=en","114675659605253321267","49","https://lh3.googleusercontent.com/a-/ALV-UjUJBXOS_4V-ouCAFJO7Uuv6yMNTUfCjqETB79G8dPQAw843eicm0w=s1920-c-rp-mo-ba4-br100","https://www.google.com/maps/contrib/114675659605253321267?hl=en","302","2025-09-21T15:21:46.147Z","Direct Detail URL: https://www.google.com/maps/place/Charles+Darwin+National+Park/@-12.449386,130.8725801,17z/data=!4m8!3m7!1s0x2cc091357c650a31:0xf0217a90db0ef60!8m2!3d-12.4493913!4d130.875155!9m1!1b1!16zL20vMHBzYzk?entry=ttu&g_ep=EgoyMDI1MDkxNy4wIKXMDSoASAFQAw%3D%3D","5","Northern Territory","Tiger Brennan Dr","false",,,"Charles Darwin National Park","4.2",,"https://www.google.com/maps/search/?api=1&query=Charles%20Darwin%20National%20Park&query_place_id=ChIJMQplfDWRwCwRYO-wDakXAg8",
"Tiger Brennan Dr, Charles Darwin NT 0820, Australia","National park","Tourist attraction","National park","1081452875368951648","Charles Darwin","AU","0x2cc091357c650a31:0xf0217a90db0ef60","https://lh3.googleusercontent.com/gps-cs-s/AC9h4nqtMDSGYEvu225Uc_UqSN1iT6if1yR-aAZ5qJcw-WS3V9jbOtAKrfM89T4L4V0RGrEpLDWRGbst70TMJGljIhLdziGKVguV6nzGQYSfjC0rv2ucDhlHuV5CSkHfly9ybKP4rrM=w408-h307-k-no","false","false","en","0","-12.4493913","130.875155","Jim Chen",,,"false","ChIJMQplfDWRwCwRYO-wDakXAg8","0820",,"4 years ago","2021-07-08T02:56:32.791Z",,,,,,,,"ChdDSUhNMG9nS0VJQ0FnSURxdG9LRW1nRRAB",,,,,,,,,,,"Google","https://www.google.com/maps/reviews/data=!4m8!14m7!1m6!2m5!1sChdDSUhNMG9nS0VJQ0FnSURxdG9LRW1nRRAB!2m1!1s0x0:0xf0217a90db0ef60!3m1!1s2@1:CIHM0ogKEICAgIDqtoKEmgE%7C%7C?hl=en","110137459115122955462","1","https://lh3.googleusercontent.com/a/ACg8ocKqpfUUISoqESXYpBliP9Ba6yCGP__pYMD1u8pSKDj64CrTKQ=s1920-c-rp-mo-br100","https://www.google.com/maps/contrib/110137459115122955462?hl=en","302","2025-09-21T15:21:46.147Z","Direct Detail URL: https://www.google.com/maps/place/Charles+Darwin+National+Park/@-12.449386,130.8725801,17z/data=!4m8!3m7!1s0x2cc091357c650a31:0xf0217a90db0ef60!8m2!3d-12.4493913!4d130.875155!9m1!1b1!16zL20vMHBzYzk?entry=ttu&g_ep=EgoyMDI1MDkxNy4wIKXMDSoASAFQAw%3D%3D","3","Northern Territory","Tiger Brennan Dr","false",,,"Charles Darwin National Park","4.2",,"https://www.google.com/maps/search/?api=1&query=Charles%20Darwin%20National%20Park&query_place_id=ChIJMQplfDWRwCwRYO-wDakXAg8",
"Tiger Brennan Dr, Charles Darwin NT 0820, Australia","National park","Tourist attraction","National park","1081452875368951648","Charles Darwin","AU","0x2cc091357c650a31:0xf0217a90db0ef60","https://lh3.googleusercontent.com/gps-cs-s/AC9h4nqtMDSGYEvu225Uc_UqSN1iT6if1yR-aAZ5qJcw-WS3V9jbOtAKrfM89T4L4V0RGrEpLDWRGbst70TMJGljIhLdziGKVguV6nzGQYSfjC0rv2ucDhlHuV5CSkHfly9ybKP4rrM=w408-h307-k-no","false","true","en","0","-12.4493913","130.875155","Krykitt",,"en","false","ChIJMQplfDWRwCwRYO-wDakXAg8","0820",,"4 years ago","2021-07-03T21:57:22.036Z",,,,,,,,"ChZDSUhNMG9nS0VJQ0FnSURxMHYzZWJnEAE",,,,,,,,,,,"Google","https://www.google.com/maps/reviews/data=!4m8!14m7!1m6!2m5!1sChZDSUhNMG9nS0VJQ0FnSURxMHYzZWJnEAE!2m1!1s0x0:0xf0217a90db0ef60!3m1!1s2@1:CIHM0ogKEICAgIDq0v3ebg%7C%7C?hl=en","117109262552220260167","119","https://lh3.googleusercontent.com/a-/ALV-UjVCMn8siNRzte2Q6m4HOu0WH70LhLH_iidtohFDSlLmVdLjid_6TQ=s1920-c-rp-mo-ba4-br100","https://www.google.com/maps/contrib/117109262552220260167?hl=en","302","2025-09-21T15:21:46.147Z","Direct Detail URL: https://www.google.com/maps/place/Charles+Darwin+National+Park/@-12.449386,130.8725801,17z/data=!4m8!3m7!1s0x2cc091357c650a31:0xf0217a90db0ef60!8m2!3d-12.4493913!4d130.875155!9m1!1b1!16zL20vMHBzYzk?entry=ttu&g_ep=EgoyMDI1MDkxNy4wIKXMDSoASAFQAw%3D%3D","2","Northern Territory","Tiger Brennan Dr","false","Take bug spray as there are a lot of midges in the park.  The view is not that great.",,"Charles Darwin National Park","4.2",,"https://www.google.com/maps/search/?api=1&query=Charles%20Darwin%20National%20Park&query_place_id=ChIJMQplfDWRwCwRYO-wDakXAg8",
