"address","categories/0","categories/1","categoryName","cid","city","countryCode","fid","imageUrl","isAdvertisement","isLocalGuide","language","likesCount","location/lat","location/lng","name","neighborhood","originalLanguage","permanentlyClosed","placeId","postalCode","price","publishAt","publishedAtDate","rating","responseFromOwnerDate","responseFromOwnerText","reviewContext/Dog-friendliness","reviewContext/Picnic area","reviewContext/Playground","reviewContext/Restrooms","reviewId","reviewImageUrls/0","reviewImageUrls/1","reviewImageUrls/2","reviewImageUrls/3","reviewImageUrls/4","reviewImageUrls/5","reviewImageUrls/6","reviewImageUrls/7","reviewImageUrls/8","reviewImageUrls/9","reviewImageUrls/10","reviewImageUrls/11","reviewImageUrls/12","reviewImageUrls/13","reviewImageUrls/14","reviewImageUrls/15","reviewImageUrls/16","reviewImageUrls/17","reviewImageUrls/18","reviewImageUrls/19","reviewImageUrls/20","reviewOrigin","reviewUrl","reviewerId","reviewerNumberOfReviews","reviewerPhotoUrl","reviewerUrl","reviewsCount","scrapedAt","searchString","stars","state","street","temporarilyClosed","text","textTranslated","title","totalScore","translatedLanguage","url","visitedIn"
"Lasseter Hwy, Uluru NT 0872, Australia","National park","Tourist attraction","National park","15792583259963595492","Uluru","AU","0x2b236c2c7ed3b881:0xdb2a86cd5fe91ae4","https://lh3.googleusercontent.com/gps-cs-s/AC9h4np7S9xkuA34HblM4n_s-YBACR-wXhUjXYEYaqqccZkTV4ieal3VCKzlYSZw4_YO0a_d1XboFH8M9P36L0LZXdhQEwDNks0TRleE-39VVx_-jEbYM4RxCVyu3PjaUOgVkGTBCklE=w408-h306-k-no","false","false","en","0","-25.3437797","131.0346514","vic Tony",,,"false","ChIJgbjTfixsIysR5BrpX82GKts","0872",,"4 days ago","2025-09-17T03:20:15.305Z",,,,,,,,"Ci9DQUlRQUNvZENodHljRjlvT2tWNVNHNU5WMVExYjNnNU1VWlRhMDFLVGpOelkzYxAB",,,,,,,,,,,,,,,,,,,,,,"Google","https://www.google.com/maps/reviews/data=!4m8!14m7!1m6!2m5!1sCi9DQUlRQUNvZENodHljRjlvT2tWNVNHNU5WMVExYjNnNU1VWlRhMDFLVGpOelkzYxAB!2m1!1s0x0:0xdb2a86cd5fe91ae4!3m1!1s2@1:CAIQACodChtycF9oOkV5SG5NV1Q1b3g5MUZTa01KTjNzY3c%7C%7C?hl=en","107495362482934992040","2","https://lh3.googleusercontent.com/a-/ALV-UjV9daGXs6n2BGn4zMrORKu4dVZeeJH1or4CD5usngym1oKWfxoL=s1920-c-rp-mo-br100","https://www.google.com/maps/contrib/107495362482934992040?hl=en","3635","2025-09-21T15:14:49.809Z","Direct Detail URL: https://www.google.com/maps/place/Ulu%E1%B9%9Fu-Kata+Tju%E1%B9%AFa+National+Park/@-25.3116912,130.6926882,10z/data=!4m8!3m7!1s0x2b236c2c7ed3b881:0xdb2a86cd5fe91ae4!8m2!3d-25.3437797!4d131.0346514!9m1!1b1!16zL20vMHBzamM?entry=ttu&g_ep=EgoyMDI1MDkxNy4wIKXMDSoASAFQAw%3D%3D","5","Northern Territory","Lasseter Hwy","false",,,"Uluṟu-Kata Tjuṯa National Park","4.8",,"https://www.google.com/maps/search/?api=1&query=Ulu%E1%B9%9Fu-Kata%20Tju%E1%B9%AFa%20National%20Park&query_place_id=ChIJgbjTfixsIysR5BrpX82GKts",
"Lasseter Hwy, Uluru NT 0872, Australia","National park","Tourist attraction","National park","15792583259963595492","Uluru","AU","0x2b236c2c7ed3b881:0xdb2a86cd5fe91ae4","https://lh3.googleusercontent.com/gps-cs-s/AC9h4np7S9xkuA34HblM4n_s-YBACR-wXhUjXYEYaqqccZkTV4ieal3VCKzlYSZw4_YO0a_d1XboFH8M9P36L0LZXdhQEwDNks0TRleE-39VVx_-jEbYM4RxCVyu3PjaUOgVkGTBCklE=w408-h306-k-no","false","true","en","0","-25.3437797","131.0346514","@ Raj",,"en","false","ChIJgbjTfixsIysR5BrpX82GKts","0872",,"5 days ago","2025-09-16T10:55:47.749Z",,,,,,,,"Ci9DQUlRQUNvZENodHljRjlvT25saWVrTXlORGxhY2twWFgyOVhWSHBMTVdVMlRFRRAB","https://lh3.googleusercontent.com/geougc-cs/AB3l90Cxp-Azzkasg6SQOHhg3zADt_PM3bR0H0iTIU9omUrCHNR-hLdxH3EAV9b_JSG_vgDerxbGyRlvcnWTi016bkiw3E7x_X8kmHD0HnZ0rSMQAxwOcSo28ugmzJdmSYOo8wdgvfAwiVz1MxSA","https://lh3.googleusercontent.com/geougc-cs/AB3l90BGNVW1QKfHvsd0NZ17EkbH1CfG3DOkqi4Hsfh1rbXRapsTeabBV6EPJAxVIkXD0B4IvLUjaBK6fYYU5DedT30qKbVKgIzPgmM_z5G_2cFQfwLdaLgiLyceCH7QRLvNy9d_RV4yNBhZXJg",,,,,,,,,,,,,,,,,,,,"Google","https://www.google.com/maps/reviews/data=!4m8!14m7!1m6!2m5!1sCi9DQUlRQUNvZENodHljRjlvT25saWVrTXlORGxhY2twWFgyOVhWSHBMTVdVMlRFRRAB!2m1!1s0x0:0xdb2a86cd5fe91ae4!3m1!1s2@1:CAIQACodChtycF9oOnliekMyNDlackpXX29XVHpLMWU2TEE%7C%7C?hl=en","100734929472692801194","141","https://lh3.googleusercontent.com/a/ACg8ocKwZnUWMGjCEIOs3asM07fHUmdWCxNezgNZuyyOzQn9Bw-lDg=s1920-c-rp-mo-ba4-br100","https://www.google.com/maps/contrib/100734929472692801194?hl=en","3635","2025-09-21T15:14:49.809Z","Direct Detail URL: https://www.google.com/maps/place/Ulu%E1%B9%9Fu-Kata+Tju%E1%B9%AFa+National+Park/@-25.3116912,130.6926882,10z/data=!4m8!3m7!1s0x2b236c2c7ed3b881:0xdb2a86cd5fe91ae4!8m2!3d-25.3437797!4d131.0346514!9m1!1b1!16zL20vMHBzamM?entry=ttu&g_ep=EgoyMDI1MDkxNy4wIKXMDSoASAFQAw%3D%3D","5","Northern Territory","Lasseter Hwy","false","Uluru: Where the rock's red glow steals the show and the outback's heart beats bold. #Outback #Adventure #Australia 🇦🇺🦘☕️",,"Uluṟu-Kata Tjuṯa National Park","4.8",,"https://www.google.com/maps/search/?api=1&query=Ulu%E1%B9%9Fu-Kata%20Tju%E1%B9%AFa%20National%20Park&query_place_id=ChIJgbjTfixsIysR5BrpX82GKts",
"Lasseter Hwy, Uluru NT 0872, Australia","National park","Tourist attraction","National park","15792583259963595492","Uluru","AU","0x2b236c2c7ed3b881:0xdb2a86cd5fe91ae4","https://lh3.googleusercontent.com/gps-cs-s/AC9h4np7S9xkuA34HblM4n_s-YBACR-wXhUjXYEYaqqccZkTV4ieal3VCKzlYSZw4_YO0a_d1XboFH8M9P36L0LZXdhQEwDNks0TRleE-39VVx_-jEbYM4RxCVyu3PjaUOgVkGTBCklE=w408-h306-k-no","false","true","en","0","-25.3437797","131.0346514","Sharon Chapman",,"en","false","ChIJgbjTfixsIysR5BrpX82GKts","0872",,"a week ago","2025-09-11T22:24:26.091Z",,,,,,,"Clean","Ci9DQUlRQUNvZENodHljRjlvT213d1VHaHRaVTlWT0ZWV2JHTkljeTFXY2sxS1dWRRAB",,,,,,,,,,,,,,,,,,,,,,"Google","https://www.google.com/maps/reviews/data=!4m8!14m7!1m6!2m5!1sCi9DQUlRQUNvZENodHljRjlvT213d1VHaHRaVTlWT0ZWV2JHTkljeTFXY2sxS1dWRRAB!2m1!1s0x0:0xdb2a86cd5fe91ae4!3m1!1s2@1:CAIQACodChtycF9oOmwwUGhtZU9VOFVWbGNIcy1Wck1KWVE%7C%7C?hl=en","100796690566028388948","54","https://lh3.googleusercontent.com/a-/ALV-UjX2WsGQHOOuG2wvuVDgffJN29wzf8Adk6bk76VajxFoUuNvPsshXw=s1920-c-rp-mo-ba5-br100","https://www.google.com/maps/contrib/100796690566028388948?hl=en","3635","2025-09-21T15:14:49.809Z","Direct Detail URL: https://www.google.com/maps/place/Ulu%E1%B9%9Fu-Kata+Tju%E1%B9%AFa+National+Park/@-25.3116912,130.6926882,10z/data=!4m8!3m7!1s0x2b236c2c7ed3b881:0xdb2a86cd5fe91ae4!8m2!3d-25.3437797!4d131.0346514!9m1!1b1!16zL20vMHBzamM?entry=ttu&g_ep=EgoyMDI1MDkxNy4wIKXMDSoASAFQAw%3D%3D","5","Northern Territory","Lasseter Hwy","false","Beautiful",,"Uluṟu-Kata Tjuṯa National Park","4.8",,"https://www.google.com/maps/search/?api=1&query=Ulu%E1%B9%9Fu-Kata%20Tju%E1%B9%AFa%20National%20Park&query_place_id=ChIJgbjTfixsIysR5BrpX82GKts",
"Lasseter Hwy, Uluru NT 0872, Australia","National park","Tourist attraction","National park","15792583259963595492","Uluru","AU","0x2b236c2c7ed3b881:0xdb2a86cd5fe91ae4","https://lh3.googleusercontent.com/gps-cs-s/AC9h4np7S9xkuA34HblM4n_s-YBACR-wXhUjXYEYaqqccZkTV4ieal3VCKzlYSZw4_YO0a_d1XboFH8M9P36L0LZXdhQEwDNks0TRleE-39VVx_-jEbYM4RxCVyu3PjaUOgVkGTBCklE=w408-h306-k-no","false","true","en","0","-25.3437797","131.0346514","John Bell",,"en","false","ChIJgbjTfixsIysR5BrpX82GKts","0872",,"a week ago","2025-09-11T12:26:46.613Z",,,,,,,,"Ci9DQUlRQUNvZENodHljRjlvT2xCUGRucDZOMUowU1U1aFVGOVJXbTFwUVhScVFsRRAB",,,,,,,,,,,,,,,,,,,,,,"Google","https://www.google.com/maps/reviews/data=!4m8!14m7!1m6!2m5!1sCi9DQUlRQUNvZENodHljRjlvT2xCUGRucDZOMUowU1U1aFVGOVJXbTFwUVhScVFsRRAB!2m1!1s0x0:0xdb2a86cd5fe91ae4!3m1!1s2@1:CAIQACodChtycF9oOlBPdnp6N1J0SU5hUF9RWm1pQXRqQlE%7C%7C?hl=en","114622341056923556986","29","https://lh3.googleusercontent.com/a/ACg8ocLPAS01RlNgBBQYcvwgsYkbzmemVF790pZtovN8Ift34aA_RA=s1920-c-rp-mo-ba2-br100","https://www.google.com/maps/contrib/114622341056923556986?hl=en","3635","2025-09-21T15:14:49.809Z","Direct Detail URL: https://www.google.com/maps/place/Ulu%E1%B9%9Fu-Kata+Tju%E1%B9%AFa+National+Park/@-25.3116912,130.6926882,10z/data=!4m8!3m7!1s0x2b236c2c7ed3b881:0xdb2a86cd5fe91ae4!8m2!3d-25.3437797!4d131.0346514!9m1!1b1!16zL20vMHBzamM?entry=ttu&g_ep=EgoyMDI1MDkxNy4wIKXMDSoASAFQAw%3D%3D","5","Northern Territory","Lasseter Hwy","false","Lots to see, so much first nation culture. 👌👌",,"Uluṟu-Kata Tjuṯa National Park","4.8",,"https://www.google.com/maps/search/?api=1&query=Ulu%E1%B9%9Fu-Kata%20Tju%E1%B9%AFa%20National%20Park&query_place_id=ChIJgbjTfixsIysR5BrpX82GKts",
"Lasseter Hwy, Uluru NT 0872, Australia","National park","Tourist attraction","National park","15792583259963595492","Uluru","AU","0x2b236c2c7ed3b881:0xdb2a86cd5fe91ae4","https://lh3.googleusercontent.com/gps-cs-s/AC9h4np7S9xkuA34HblM4n_s-YBACR-wXhUjXYEYaqqccZkTV4ieal3VCKzlYSZw4_YO0a_d1XboFH8M9P36L0LZXdhQEwDNks0TRleE-39VVx_-jEbYM4RxCVyu3PjaUOgVkGTBCklE=w408-h306-k-no","false","true","en","0","-25.3437797","131.0346514","Vincenzo",,"it","false","ChIJgbjTfixsIysR5BrpX82GKts","0872",,"a week ago","2025-09-09T07:30:40.609Z",,,,,,,,"Ci9DQUlRQUNvZENodHljRjlvT2xCTFdubEVVVzVyUW5OTlIweE1NbEZxT1dSM04xRRAB",,,,,,,,,,,,,,,,,,,,,,"Google","https://www.google.com/maps/reviews/data=!4m8!14m7!1m6!2m5!1sCi9DQUlRQUNvZENodHljRjlvT2xCTFdubEVVVzVyUW5OTlIweE1NbEZxT1dSM04xRRAB!2m1!1s0x0:0xdb2a86cd5fe91ae4!3m1!1s2@1:CAIQACodChtycF9oOlBLWnlEUW5rQnNNR0xMMlFqOWR3N1E%7C%7C?hl=en","102247880873557905819","35","https://lh3.googleusercontent.com/a/ACg8ocI5FXty0RN6VFfahejhVQNI_YMa4lmP38ZKA1b-eRdR7muQVQ=s1920-c-rp-mo-ba3-br100","https://www.google.com/maps/contrib/102247880873557905819?hl=en","3635","2025-09-21T15:14:49.809Z","Direct Detail URL: https://www.google.com/maps/place/Ulu%E1%B9%9Fu-Kata+Tju%E1%B9%AFa+National+Park/@-25.3116912,130.6926882,10z/data=!4m8!3m7!1s0x2b236c2c7ed3b881:0xdb2a86cd5fe91ae4!8m2!3d-25.3437797!4d131.0346514!9m1!1b1!16zL20vMHBzamM?entry=ttu&g_ep=EgoyMDI1MDkxNy4wIKXMDSoASAFQAw%3D%3D","5","Northern Territory","Lasseter Hwy","false","Obiettivamente è un posto molto pubblicizzato, esistono siti naturali altrettanto belli (anche di più) molto meno conosciuti. Tuttavia mi sono lasciato trascinare dalle leggende, dalla magia di questa enorme pietra,  e per questo ho vissuto un'esperienza suggestiva. Se non siete disposti a lasciarvi prendere dal mito esoterico che avvolge Uluru, non è una tappa obbligata!!!","It's a highly publicized place; there are equally beautiful (or even more so) natural sites that are much less well-known. However, I was captivated by the legends and the magic of this enormous rock, and for that, I had a truly captivating experience. If you're not willing to be captivated by the esoteric myth surrounding Uluru, it's not a must-see!","Uluṟu-Kata Tjuṯa National Park","4.8","en","https://www.google.com/maps/search/?api=1&query=Ulu%E1%B9%9Fu-Kata%20Tju%E1%B9%AFa%20National%20Park&query_place_id=ChIJgbjTfixsIysR5BrpX82GKts",
"Lasseter Hwy, Uluru NT 0872, Australia","National park","Tourist attraction","National park","15792583259963595492","Uluru","AU","0x2b236c2c7ed3b881:0xdb2a86cd5fe91ae4","https://lh3.googleusercontent.com/gps-cs-s/AC9h4np7S9xkuA34HblM4n_s-YBACR-wXhUjXYEYaqqccZkTV4ieal3VCKzlYSZw4_YO0a_d1XboFH8M9P36L0LZXdhQEwDNks0TRleE-39VVx_-jEbYM4RxCVyu3PjaUOgVkGTBCklE=w408-h306-k-no","false","false","en","0","-25.3437797","131.0346514","annique van Son",,"nl","false","ChIJgbjTfixsIysR5BrpX82GKts","0872",,"a week ago","2025-09-08T05:18:50.859Z",,,,,,,,"Ci9DQUlRQUNvZENodHljRjlvT210SE0ydGZPVXRSYWt4MmJXNWtVM0ZQTWpWMlJrRRAB",,,,,,,,,,,,,,,,,,,,,,"Google","https://www.google.com/maps/reviews/data=!4m8!14m7!1m6!2m5!1sCi9DQUlRQUNvZENodHljRjlvT210SE0ydGZPVXRSYWt4MmJXNWtVM0ZQTWpWMlJrRRAB!2m1!1s0x0:0xdb2a86cd5fe91ae4!3m1!1s2@1:CAIQACodChtycF9oOmtHM2tfOUtRakx2bW5kU3FPMjV2RkE%7C%7C?hl=en","105638374242009530407","6","https://lh3.googleusercontent.com/a/ACg8ocKAGgLywumEkzwkaz2BtL7X6P-wELBV4oTZUDQJ3XlGphP9cQ=s1920-c-rp-mo-br100","https://www.google.com/maps/contrib/105638374242009530407?hl=en","3635","2025-09-21T15:14:49.809Z","Direct Detail URL: https://www.google.com/maps/place/Ulu%E1%B9%9Fu-Kata+Tju%E1%B9%AFa+National+Park/@-25.3116912,130.6926882,10z/data=!4m8!3m7!1s0x2b236c2c7ed3b881:0xdb2a86cd5fe91ae4!8m2!3d-25.3437797!4d131.0346514!9m1!1b1!16zL20vMHBzamM?entry=ttu&g_ep=EgoyMDI1MDkxNy4wIKXMDSoASAFQAw%3D%3D","5","Northern Territory","Lasseter Hwy","false","Geweldig mooi!","Very beautiful!","Uluṟu-Kata Tjuṯa National Park","4.8","en","https://www.google.com/maps/search/?api=1&query=Ulu%E1%B9%9Fu-Kata%20Tju%E1%B9%AFa%20National%20Park&query_place_id=ChIJgbjTfixsIysR5BrpX82GKts",
"Lasseter Hwy, Uluru NT 0872, Australia","National park","Tourist attraction","National park","15792583259963595492","Uluru","AU","0x2b236c2c7ed3b881:0xdb2a86cd5fe91ae4","https://lh3.googleusercontent.com/gps-cs-s/AC9h4np7S9xkuA34HblM4n_s-YBACR-wXhUjXYEYaqqccZkTV4ieal3VCKzlYSZw4_YO0a_d1XboFH8M9P36L0LZXdhQEwDNks0TRleE-39VVx_-jEbYM4RxCVyu3PjaUOgVkGTBCklE=w408-h306-k-no","false","true","en","0","-25.3437797","131.0346514","Anne & Mark",,"en","false","ChIJgbjTfixsIysR5BrpX82GKts","0872",,"a week ago","2025-09-08T00:59:54.094Z",,,,,,,,"Ci9DQUlRQUNvZENodHljRjlvT21GaE4yTjFObWhRWmxkNlVIRlpVVzFqTURaUFRFRRAB","https://lh3.googleusercontent.com/geougc-cs/AB3l90DELvDK6KO-ZtOoKJydOzpzHEjoN6lUxrHRCMsmf5OcGEfPoUtRvkep1QCU5o_2GO4ky-wFZi8FlQwqijp0O7Fujvi1RfFM1yZHO6cAAgZHh3bxcFr691b5PxfH49u86zgiAX5p8RorFlY","https://lh3.googleusercontent.com/geougc-cs/AB3l90DjztFGkwpa-y8mZEelO8WcL0FYhH5P0qDiibXsfidXIMPE6Zerl9BDYldvq4BfSmtuAbhT8Z0znDwQzubpEvhK0LuzkYs9tollSg5Ll_cPI27ksn3KAyw3fZllTWReS3X_APNKDsKMkO_0","https://lh3.googleusercontent.com/geougc-cs/AB3l90CPtoRQMlKkzulO2pkR5H93Ra3NopL34fq1JRSVWT1ncMGRndjOHTk9YbCUlEn_U41hn5PkInBUBSBZVWq5iCDZIXYamfgFwmgLF-hDJnTyp_U8kb-eIEzGl4f0hTPp45nu-zgjZrZ7TCtt","https://lh3.googleusercontent.com/geougc-cs/AB3l90CERm-it97l4-903pm55WCCmLpWSDWdY4lvWj-aTVuLPLAgKMYwcFIAOMTBi6b8L1szKElM9bsAr4tHu7G6F7NU9nQqnkcG9JN_vqpMTBUOQqNmgkLq6OeBJEH2JFgxdNCr0muYXfXaNgjq","https://lh3.googleusercontent.com/geougc-cs/AB3l90Cx4XiI8kybDnR7t7hSHJFYRlOYu6Y49u2PYAqFAweqlGIbDfYYmLorTWNBcqqB2OMMm_YnqgjARP-wYyJdD0EXegmgzyK2JZyrHES5soXx1Iaxxr-WMMY5GX6jzfd8A9UzTyU6GoojVo6P","https://lh3.googleusercontent.com/geougc-cs/AB3l90BTkI2xW9mxg3dW5UfkXdGnkdhpq4QAasPbrbUMKh8WhJheRNpOlMZ_hkPl5ImO30BraPbDMHnHVsBLw8nz1kPuNGJX5d7PuAXAwFUk4b-HGzCHtW4yR8qfp6cgTSv4K-0dbmKs_vB6pt5o","https://lh3.googleusercontent.com/geougc-cs/AB3l90B2c1E0UUT_pIfgJR1UMj-o5zNIkys03MxdbhiTKFv5QhSArdbtA9uBjVknueKmBkSj8tKglR89JqqwLJ50PY0DN2U2OKgicSMMnbMTnh2it89hmlI_NgdAQJ5SSGjH3OEuxg4908Q2x5qm","https://lh3.googleusercontent.com/geougc-cs/AB3l90DL9x3ki2tE3y324xa_JVDVE74Vw1cdWJW6-6WZAapqjbX5K2_HXx1QEzLqpkjgAEToQGgVR1rHHkTAhNQniA7s4150KORWQ7noUk9pajcGRyx5TFSni3UzdBpwmd1UmE23WwXiKerkwQc","https://lh3.googleusercontent.com/geougc-cs/AB3l90A6b8-9fg6Fw7TVQzCtNSvd2M8Zp07Dpr3KGbpZwkHEiVnS4odkUNRW7AgDNs-jpcVbUERpi4J0LmagTVKnF0THPBTtm3i_ypuU62mTrzbHnY8txzp_4NbQYu6v1DERZMl08mmqZATQoQ4","https://lh3.googleusercontent.com/geougc-cs/AB3l90D00f2p9h6sXKDwaobjENjcNbHw0t4-UWC8xwCDalVnpcUz8qSI818fqsX5eUMIz6fPnmT6lUQ4-mbiXheXqrEP2J04ZfGOa6jlKIAAZUQ0lsdD5wuwxarZfnCgUQL7YU5jRDFxI3ei9cqf","https://lh3.googleusercontent.com/geougc-cs/AB3l90BV9bjapJQ2baUxC1VyCfbAkvjjDn5u7s5LTht23rhK0X9bjmKBRssyAg_ZRllKSwdalY7K45lvdQnmUHXZ86iCVffD1P4ZInymAcXdGBwPRx-q07omqdlA7flYQrquNSPH7vI1eSXhEnbb","https://lh3.googleusercontent.com/geougc-cs/AB3l90C9suciadRJtXwXlsUCM8mUqDiQ_xOoFg5huh4IamjNWUSKrp5opoW_IImUVQZQlN3yIViP-abdPmjqkR8PB-HfuP_efwK0V9TUCsDGSG0hSYaRMXkIVTfSIyB7B_JuaAY9clfczPok8HxG","https://lh3.googleusercontent.com/geougc-cs/AB3l90B8dvCdGA58KoFXGlWg-4q6RV2wdbWT_UY3Ng6CvC7nPsPMP8fV0rTt-Q_GqDU0D1FFoi_qDJ5TBOxT5fpxRsS4HKXc4Sxzwcrl6Q7bKhEcECTo0HBgkTqQPYrlhbLl_i_hl0o864w6G0Ul","https://lh3.googleusercontent.com/geougc-cs/AB3l90Cw_WWCiCDwk4OaoM7dEVD7Ydbqc8bQ8jrd8XJPftOBbJXlr30nlZDuSDwEJgg7Bia0_6PWbg3LAy6Z1rStpX8z4hA_ARuBkuhOcETaD9ZSUnIoJxVPoKU4TriusGdGkwKlk-0zNTqbA9HS","https://lh3.googleusercontent.com/geougc-cs/AB3l90ABJ7hoS8sOw1NUoAfPBzh1EQibJxDa9O3d8vooaUViYoP0pFhWU9m87YIW2Fb0u7BRSJtVurjBQ8osSzraW02inCyGHWJAUZUPPogxk4bY4dBEKNtYqBLwW-WQOlTPa3Y2vtk25ARVka4","https://lh3.googleusercontent.com/geougc-cs/AB3l90AvO0dmTFMhbwjPwXEccxHdyXWoC3yTkv-uA1D5M2qTZ6NeNfKWp558BSlsrhkyPK6-74C9e4Y-wNsvQVggRZsSw3i70_EYLzhTTz4AVppuDPpsAKmzy5Hulew1Hw4_ZJvgkFW0DVZxHvk","https://lh3.googleusercontent.com/geougc-cs/AB3l90CfuFA82cn34kyalyXvyHLEXIeXJ3wcqUi5dQcp5iVlUiIfAoNrh_x4aCqdZEZDeaYO9jEKCcduHGDcS255hiViIZCT3AsNsUKrzjw8ERyzPVUGyRIZprqsSJNmVXeHvPyjlOuaBpvXWdE","https://lh3.googleusercontent.com/geougc-cs/AB3l90D2atTgUvaiFPJsaCn1kxhBqOkwlxN3w5cC1ecTfpO2EmI9I0aIJOYelI6lY-cAzukZNmjRrxKnS60PAsqwxqEgcCiN-1cA4RddhEyl1QvfE87hHLBVpzzRbEaXt889234L7pgdGCOP6kp4","https://lh3.googleusercontent.com/geougc-cs/AB3l90DtwXa2NE4qu4tZVxstJXA-DaCBLR1Ei1bXuPDIOWyd6S5ju0oFcnRxuDYH2RN-W_g32K00l-JE5awyw_4nHHCxB7U24QtiN72KNKrxzA3U7EBrvPr1n9P6TL08UOkI11mexxFfLLPBwCAz",,,"Google","https://www.google.com/maps/reviews/data=!4m8!14m7!1m6!2m5!1sCi9DQUlRQUNvZENodHljRjlvT21GaE4yTjFObWhRWmxkNlVIRlpVVzFqTURaUFRFRRAB!2m1!1s0x0:0xdb2a86cd5fe91ae4!3m1!1s2@1:CAIQACodChtycF9oOmFhN2N1NmhQZld6UHFZUW1jMDZPTEE%7C%7C?hl=en","110925291200759694074","40","https://lh3.googleusercontent.com/a-/ALV-UjW6c2hGv1cguDIgxATTKr6BlFZb7vK3_BDWMWwm9HrBTMQPj4PC=s1920-c-rp-mo-ba4-br100","https://www.google.com/maps/contrib/110925291200759694074?hl=en","3635","2025-09-21T15:14:49.809Z","Direct Detail URL: https://www.google.com/maps/place/Ulu%E1%B9%9Fu-Kata+Tju%E1%B9%AFa+National+Park/@-25.3116912,130.6926882,10z/data=!4m8!3m7!1s0x2b236c2c7ed3b881:0xdb2a86cd5fe91ae4!8m2!3d-25.3437797!4d131.0346514!9m1!1b1!16zL20vMHBzamM?entry=ttu&g_ep=EgoyMDI1MDkxNy4wIKXMDSoASAFQAw%3D%3D","5","Northern Territory","Lasseter Hwy","false","📌 Uluru
🌄 Uluru – Where the Earth Speaks in Stories
Standing before Uluru (Ayers Rock), my husband and I were absolutely in awe — not just by its sheer size or its striking red glow at sunset, but by the deep, spiritual presence it holds. 💫
This UNESCO World Heritage site isn’t just a rock — it's a sacred site for the Anangu people, rich with ancient stories passed down through generations. Stories that teach, inspire, and guide — serving as role models for those yet to come.
💬 Every crevice, every color shift tells a tale.
And let’s be honest... photos don’t do it justice — you feel Uluru more than you see it.
(Pro tip: pack extra memory cards... and maybe some tissues — it’s that moving 😅)
Grateful for this experience, and humbled by the history etched into this land.",,"Uluṟu-Kata Tjuṯa National Park","4.8",,"https://www.google.com/maps/search/?api=1&query=Ulu%E1%B9%9Fu-Kata%20Tju%E1%B9%AFa%20National%20Park&query_place_id=ChIJgbjTfixsIysR5BrpX82GKts",
"Lasseter Hwy, Uluru NT 0872, Australia","National park","Tourist attraction","National park","15792583259963595492","Uluru","AU","0x2b236c2c7ed3b881:0xdb2a86cd5fe91ae4","https://lh3.googleusercontent.com/gps-cs-s/AC9h4np7S9xkuA34HblM4n_s-YBACR-wXhUjXYEYaqqccZkTV4ieal3VCKzlYSZw4_YO0a_d1XboFH8M9P36L0LZXdhQEwDNks0TRleE-39VVx_-jEbYM4RxCVyu3PjaUOgVkGTBCklE=w408-h306-k-no","false","true","en","0","-25.3437797","131.0346514","marcello grantini",,"it","false","ChIJgbjTfixsIysR5BrpX82GKts","0872",,"a week ago","2025-09-07T15:51:52.316Z",,,,,,,,"Ci9DQUlRQUNvZENodHljRjlvT2pSSWRHRm9WSFF0VlcxUVNVWkNjWFEwWnpRMU5IYxAB","https://lh3.googleusercontent.com/geougc-cs/AB3l90D1MDpg5u-5l-VXdPCkpK77lUbYN1h3c_SgZ6fyql2EkmsX2ttbyHZdsqdOLx2lKnXrY0-fScxVGy5GjvD_SWrj5TETyeoN3ZeRNH8_BYlQbrWuf6lJL3v-UIVovgzBLLzvQKWIa2Bxfvzv","https://lh3.googleusercontent.com/geougc-cs/AB3l90Bg49npPK4NhPQRqBGtI5CMByaIkR-q1M0DX82gcUQSZFcAV63HbV3_4O9mHbUpnDCgBQaqStFGgqWjxMPcNADyoWnuIUiWyAMVxrvGVoy16RxPT78FCFjjnD5yWtnMU5dLHqv0VQmaS-SQ","https://lh3.googleusercontent.com/geougc-cs/AB3l90AJhNMToNdaz6bkHlY3-5RQPjE_rd4mx26C0IRyjmMpBmm6519GyeG_oqDWAbKcwZf6DjRZ1fXRf_7TC3Wsb2oPILOC7O1i-p_AYSUqvSdE9pAXe0bGeK2jHsvOvjkcInX-V7B8rC4Xie6M","https://lh3.googleusercontent.com/geougc-cs/AB3l90DhW-fLQyRdqypDg_n98h00w0eWoC_SVmOADAFbkkWa_zouzSwEs84xRqYZwWDsVH1lbZ9V_m7cw7LlBW4wEk91aibcH-Op5sBbiLtdBkX_Zat1vFtF9EMisrhj-Vcj2c5kiD0_z-dqxaQ","https://lh3.googleusercontent.com/geougc-cs/AB3l90D9OQoHmjY7-kwY3HCa3HiPqQ5U6VXA-W5BUkYxav2ugiBuOqxES3j0ZdIYJ8SU-sUaABZwy2kvpGlEJ5T-DGFQ2Tw2bZjDgLfSCk2UFM5uadhvxgRf3LiZZyAczP8hMykOggPdB5Np-xMf","https://lh3.googleusercontent.com/geougc-cs/AB3l90DAjW4xDuLATKXFHp_-joCXRsQSxqxglvNrlvL8p3Afhrw0BsK8ndGUBNB67jc5EXAaH75zxoaEJLmTXSiVO_uyB5JqClILer-suErIiitgVuY3xqhwRcUyqxNwY4Rk3AWEjGKpjcgxy31r","https://lh3.googleusercontent.com/geougc-cs/AB3l90DV0GNqcsqVB_2In8P8sxg106k64sEuGV1_KtbXY5xxtEz6rbJzU2Y3Qwi5hRSGhYElM16SV8zaGYWjooZOWfO397Yjp8O_dWxcBgGR02pXdx2qnJzM3jneB-KuOhvGv4qUQ8guwosCNCY","https://lh3.googleusercontent.com/geougc-cs/AB3l90DS4Dfp81SDI43oxnWyZhdmimG3E_spNuzEhZ24SZ1heDEZH4UQ8l3JdebiLfzsEqgojiQtqGsqqXg3j15YKrR1Nb2Yw-XWtEJGTrO35M1Izz1yGjerPGimglTJf620vvSYY_QYcqto6k0","https://lh3.googleusercontent.com/geougc-cs/AB3l90BqbXYLbfzN-FxsMzSlC4M0l66OST4RALDaSba-4ewC5n4IFx79iuyANP3TbrQgiMdNr8c_nH3QOqB2yIRh6nirmQoFZJBAe1sYisAsn4jIIS9gOrSA9vMj2T9KWS3QEBRMgGQrH08iaYg","https://lh3.googleusercontent.com/geougc-cs/AB3l90CtgmsJbFDL_6DT7byAQYi8nkDlY-mbKvQaAyuV9JICT6qs7li0XuhGDESg231RbAiZYz6i-8oaFa_vHiWECIVqaK7eQdHSiV-XqAcexAWA39Y-VMl62HZuSjZW8wfr3gvZ6LSoolw7Jj8","https://lh3.googleusercontent.com/geougc-cs/AB3l90CwcjaXhWHIU5-VZhvlbcJNSUvED-EiLEuB7S2rk8gZpV09b2DhC5Ycg-Se3MP6SMJz31csKSZUT58sAHG_nIKLO-UqvRudW8QQreRyNXQjq3Xu5OcGDR2_kxQtQTb7-Ya_bQX0lsfndKo","https://lh3.googleusercontent.com/geougc-cs/AB3l90C8HC3tBpiIuownO5n0XGGDMz4br-VWYY2r5UI7j8QMmNYoTwLJl7aC4i6DoWZTPsVGxYp_dJU1Tt3NDOyrDl84-j1RLnKBlNQ-KV6RrRBe7jQFHinwkwMjLbFVFa9RmQGW4ZQNPrLbB13E","https://lh3.googleusercontent.com/geougc-cs/AB3l90ATRCYwqixK5PCeXmgcHTWHRbKSyioendm9SIY4wPaR1pbLjGwKaNVwskNFZbjmnaxgcuD-r3jPvNdIA0tWjZBjcjnbDkwNHsISxvo2c-EQGKh7xmwTD1wgX2JyuFQ_0pzB-wn-VAB6tRjU","https://lh3.googleusercontent.com/geougc-cs/AB3l90CLfI6tu17ni4S4olMdNIwHQCKNhk5wqAsp7wgzF9RaxnPwv5i67i-p6P93a1dpxxYLptxOTQ0HuMNpdIWfn4tat3nzGUgoDwbuMfYVqZ56012UauTo-9rHWfbXq-QAoib7DZgGyKlssm8","https://lh3.googleusercontent.com/geougc-cs/AB3l90AivnuXN1zhVIM5HuV1Pz0VJXlvjywkP0UQIRu3kAdqwdqNz08XBgCQnPLuwth1saEVf4BgkTsiomVumixyn2_vilUF1US06bfp_vMA7Wo2LrXjcIkltW1wHZ17V2lDR5wveeQBL5x2Qzvn","https://lh3.googleusercontent.com/geougc-cs/AB3l90C4f6Xk78yRL1ZlcrMRL9Q1HkZHJsUK88SmjOwehaeeiyoFGdyjX3rdYHdoS7Id5YlQ0_WmGKIGMMD7Aohhr5RDQst6ivLkwm7TjzzCjYuTsetGKGaP9jaGt6bY21ImqjIDoh1FaaxQLwSy","https://lh3.googleusercontent.com/geougc-cs/AB3l90BfWu--zi1UJdOt4HuUllpFqzVShk-rIFra4wcehmxXSjAdGh8ErzFWa0f_qyZ6PyZolAa9MbrNeV893fS4aRvpXls9AZrFIcXLYr0kxmskMSBU1E7k-qQq-cxM8cN6P9JN9zcu8NW3JDU","https://lh3.googleusercontent.com/geougc-cs/AB3l90AmOseM70KNfogMxpS6o_b1YMa4DaapAw3nkwuV1CmdjgJRTpLOfyJgg358toiDtbvhnQ-J3uBrEp3MMqfyfjKptbzrDBbZ3n6osqhJQ_Y0l_mjncHnG2T1Rkxt38C1H1gnPWaAzBTwppcs","https://lh3.googleusercontent.com/geougc-cs/AB3l90Bp4pdbDNfCKsct5cQQf--h5FecYvUL8tVZN2PeiCkPDO26q4-nh_WeEURwp7HmMgQ6AWkmM7Xs2V79LqkRflCvAGKv1lOwGm72SUiul55zRvjKNOMiiQVbF0xb426EvPUR5-RTaSwTZLzu","https://lh3.googleusercontent.com/geougc-cs/AB3l90AXBwtFDfYO-ceoqLYeQsK7j2a5DALNrXKx6GwOV7o8L8_w0axT5PmO-1tcRtZ_5B6FDLczKzTZM6PpQfMdU5yK2qWiYlc-v12EmL-qwBIthaDteQYbaItWZaO9LdP0_zGiHycMC6LTfpFU","https://lh3.googleusercontent.com/geougc-cs/AB3l90DGAjy-QnH8AWemhYW_99pwtgfXtvnIAfr9pNVRwYJKI9QfEG0ZJOZcv8sbz-N4KyCCvLBZEU3ojdtPPCY8fif6YP-EfG9Bj2a1_fvsMvf0pwtm4FA9UkjFdeoC0IAEcLaoGt5SVy5u_GFP","Google","https://www.google.com/maps/reviews/data=!4m8!14m7!1m6!2m5!1sCi9DQUlRQUNvZENodHljRjlvT2pSSWRHRm9WSFF0VlcxUVNVWkNjWFEwWnpRMU5IYxAB!2m1!1s0x0:0xdb2a86cd5fe91ae4!3m1!1s2@1:CAIQACodChtycF9oOjRIdGFoVHQtVW1QSUZCcXQ0ZzQ1NHc%7C%7C?hl=en","104342431121093255260","1428","https://lh3.googleusercontent.com/a-/ALV-UjVvAqaYPfSYcrASCAssemiKM5sglPR6-dNjivmJ0VFUiF6qtsDA=s1920-c-rp-mo-ba8-br100","https://www.google.com/maps/contrib/104342431121093255260?hl=en","3635","2025-09-21T15:14:49.809Z","Direct Detail URL: https://www.google.com/maps/place/Ulu%E1%B9%9Fu-Kata+Tju%E1%B9%AFa+National+Park/@-25.3116912,130.6926882,10z/data=!4m8!3m7!1s0x2b236c2c7ed3b881:0xdb2a86cd5fe91ae4!8m2!3d-25.3437797!4d131.0346514!9m1!1b1!16zL20vMHBzamM?entry=ttu&g_ep=EgoyMDI1MDkxNy4wIKXMDSoASAFQAw%3D%3D","5","Northern Territory","Lasseter Hwy","false","Uno spettacolo della natura da assaporare in tutti i suoi aspetti.
L'entrata al parco è vincolata dall'acquisto online di un biglietto di accesso.
Vale la pena.
Poi potrete girare attorno ad Uluru, camminare lungo i suoi sentieri.
Poi rivolgetevi ai monti Kata Tjuta e, anche lì, organizzatevi per un trekking nella gola dei venti, fino alle sue parti interne, assaporando i venti che vi soffiano e la cultura e religiosità aborgena di cui sono impregnati.","A natural spectacle to savor in all its facets.
Entrance to the park requires purchasing an online ticket.
It's worth it.
Then you can wander around Uluru, walking along its trails.
Then head to the Kata Tjuta mountains and, there too, organize a trek into the Gorge of the Winds, deep into its interior, savoring the winds that blow there and the Aboriginal culture and religion with which they are steeped.","Uluṟu-Kata Tjuṯa National Park","4.8","en","https://www.google.com/maps/search/?api=1&query=Ulu%E1%B9%9Fu-Kata%20Tju%E1%B9%AFa%20National%20Park&query_place_id=ChIJgbjTfixsIysR5BrpX82GKts",
"Lasseter Hwy, Uluru NT 0872, Australia","National park","Tourist attraction","National park","15792583259963595492","Uluru","AU","0x2b236c2c7ed3b881:0xdb2a86cd5fe91ae4","https://lh3.googleusercontent.com/gps-cs-s/AC9h4np7S9xkuA34HblM4n_s-YBACR-wXhUjXYEYaqqccZkTV4ieal3VCKzlYSZw4_YO0a_d1XboFH8M9P36L0LZXdhQEwDNks0TRleE-39VVx_-jEbYM4RxCVyu3PjaUOgVkGTBCklE=w408-h306-k-no","false","true","en","0","-25.3437797","131.0346514","Shang Nan",,"zh","false","ChIJgbjTfixsIysR5BrpX82GKts","0872",,"2 weeks ago","2025-09-07T08:48:31.067Z",,,,,,,,"Ci9DQUlRQUNvZENodHljRjlvT25oSWRsY3hWbUZrTm1GUFMzWjNMV1kxYlVOSFRrRRAB","https://lh3.googleusercontent.com/geougc-cs/AB3l90CjHQMw-RQkWLglJ51Qg4SH6ktCSwtsm06lCB_E1WyKBCzq8WWaZAqL_aubQhCGwXSlBjG8gR3XK4wLZCoPEoXsgDgUk0M7D_zTuA6l4WGParsujlUpswRKBaLCDNB4RsP3RHN47591EitO","https://lh3.googleusercontent.com/geougc-cs/AB3l90ATdQdqz9YbEV4YbHkfI8lCCEUvaPh_BKi-mWVpPGZZCG-ND7uBSyCJjT-GkJwZB1R8vp6rVFbsqA7kFT3e4AKRkq2_pSqwAiMgDtmtTfFXoib-Na7VXB1F-NzdwkjqeTL-n0uWUO3s8L0h","https://lh3.googleusercontent.com/geougc-cs/AB3l90D3SyeqdJlFgqoYlK5X0nx6qVkT3TYMcbgrhGKVz7-mGcwOvVa-nwK82WnNMTJN4MRtQdI00mB3sHMurfuWmnduqJUf5jZW1f6r9GeMf42KALNifyDjz8nGOybIPPAzA4hGKKsLBTL-XRs","https://lh3.googleusercontent.com/geougc-cs/AB3l90BpD4fvp_3qgKeEc6Cn83mmG4fg4_ZeZz2z9lhI5QbloaTQfxtcQBUL91hO-hWQx4_mPvfnwmZHN13WUhiTeHaXmVdfLUH-RFlLedt9PzFlS2RdOiL4v7mNE9aoP8nHTJ7m4eSQJZbw6qQ","https://lh3.googleusercontent.com/geougc-cs/AB3l90AZMH9RZTXrEqPP1drbgJAZxcx4x8RpVWOlGichAWm3kosDDpb-jqf7h1NyMpuCFkT62zPR9TpFYVwzxoiHVRSUen0n_Hr7s1zRhk1JeLQyCXG58cgvnMX8UliXsZM2RdD3fbDdMtndqQhf","https://lh3.googleusercontent.com/geougc-cs/AB3l90Cs-wx340IS0_u93M4MiX8C1t3BQvK5KwuNhMEI2tXA3NFitTOhPUbnuSE64Uf2prtJbb3eMGp1f7uRnJzZNbTmNHzYr4ax1QQFxN6BgUosUz2snaBoOkp4twHcp__FmAD4gig3nhLjyEqB","https://lh3.googleusercontent.com/geougc-cs/AB3l90DIIB7PQ-Ld1dOaTulqNTgNVf0KI2ncEQFr11OjrV7D4DHbfQZpQlGwxD6DF5NxtDuXlqHi-LhElygcevtaVGHcFAhaq1pa44kGip8XmW2kpU-W3UTlukT-MsEeaOhe7dzucBi9rRYzNz0","https://lh3.googleusercontent.com/geougc-cs/AB3l90A9FvjCzLiVd5J2cIv8DbLWSlFhqroOg9wB_yZm7TMcisVkkFhgu8G4eBElCkMmKaT4kOg5EkLBlNtLtrg_5fuARs2CaNdG8i3nTSMP40fviO0O6A802UcNny9safPdmU7_gCT6HLU13hM_","https://lh3.googleusercontent.com/geougc-cs/AB3l90BgWEF5bjtvM3lKquNcF5rFxli_Zp4sYC3sYjE7_CiiKIG0i6r1buo5MOxv5oZvOAKAz7A8rrspLx4bjfWocoER0qNiLUuf1OtLtGLKGLsSOmUDMKQxOk83PQCTZr58o_SWWjnWKPjfSi0","https://lh3.googleusercontent.com/geougc-cs/AB3l90CSn76L3C4eww0ikG3lmf93V243ujmXw6lUNanwaaHa3o7w9cRwAtxQHUY3X4apFxHjM1z3q5xHPGZ2i_9nAosYW2RZZuE3KJhrKqYwfYdwe8drKX7s5aQcBEYnoxSLwOclNi9JxuG5sxc","https://lh3.googleusercontent.com/geougc-cs/AB3l90BWN7dUwd4lkZUDXjVXyU15Vfgt7soyeIZdTNWRocE0ggm3p8fsto9uDDZ0EV1Kdg5lDb4h5VxbAXbOjD__7TgrOWqCXbGaha99tOxfSEVjaZkYaPnLIpw9kY9hGzJJ6z-XSXJoeCO1xJlU",,,,,,,,,,,"Google","https://www.google.com/maps/reviews/data=!4m8!14m7!1m6!2m5!1sCi9DQUlRQUNvZENodHljRjlvT25oSWRsY3hWbUZrTm1GUFMzWjNMV1kxYlVOSFRrRRAB!2m1!1s0x0:0xdb2a86cd5fe91ae4!3m1!1s2@1:CAIQACodChtycF9oOnhIdlcxVmFkNmFPS3Z3LWY1bUNHTkE%7C%7C?hl=en","104441695220480325532","11","https://lh3.googleusercontent.com/a-/ALV-UjU4FaCzU-v8H2KB6PpgXmS0Xkk-6iV6ZMlNzzuZ-06mBphwzf7H=s1920-c-rp-mo-ba3-br100","https://www.google.com/maps/contrib/104441695220480325532?hl=en","3635","2025-09-21T15:14:49.809Z","Direct Detail URL: https://www.google.com/maps/place/Ulu%E1%B9%9Fu-Kata+Tju%E1%B9%AFa+National+Park/@-25.3116912,130.6926882,10z/data=!4m8!3m7!1s0x2b236c2c7ed3b881:0xdb2a86cd5fe91ae4!8m2!3d-25.3437797!4d131.0346514!9m1!1b1!16zL20vMHBzamM?entry=ttu&g_ep=EgoyMDI1MDkxNy4wIKXMDSoASAFQAw%3D%3D","5","Northern Territory","Lasseter Hwy","false","Uluṟu-Kata Tjuṯa National Park is a protected area in the Northern Territory of Australia. The park is home to both Uluru and Kata Tjuta. It is located 1,943 kilometres (1,207 mi) south of Darwin by road and 440 kilometres (270 mi) south-west of Alice Springs along the Stuart and Lasseter Highways. The park covers 1,326 square kilometres (512 sq mi) and includes the features it is named after: Uluru and, 40 kilometres (25 mi) to its west, Kata Tjuta. The location is listed as a UNESCO World Heritage Site for natural and cultural landscape.

Uluru/Ayers Rock is considered one of Australia's most recognisable landmarks, and has become a focal point for Australia and the world's acknowledgement of Australian indigenous culture. It is made up of a group of 36 conglomerate rock domes that date back 500 million years.

This park features spectacular geological formations that dominate the vast red sandy plain of central Australia. Uluru, an immense monolith, and Kata Tjuta, the rock domes located west of Uluru, form part of the traditional belief system of one of the oldest human societies in the world. The traditional owners of Uluru-Kata Tjuta are the Anangu Aboriginal people.🌏🇦🇺🪨

乌鲁鲁-卡塔丘塔国家公园是澳大利亚北领地的一个保护区。公园内有乌鲁鲁和卡塔丘塔。公园位于达尔文以南1,943公里（1,207英里）处，沿斯图尔特公路和拉塞特公路向南440公里（270英里），距爱丽丝泉西南方向。公园占地1,326平方公里（512平方英里），包括以其命名的地貌：乌鲁鲁和其西边40公里（25英里）的卡塔丘塔。该地因其自然和文化景观而被列为联合国教科文组织世界遗产。

乌鲁鲁/艾尔斯岩被认为是澳大利亚最具辨识度的地标之一，并已成为澳大利亚乃至世界对澳大利亚原住民文化的认可的焦点。它由一组36个砾岩穹丘组成，其历史可追溯到5亿年前。

这座公园拥有壮观的地质构造，主宰着澳大利亚中部广阔的红色沙质平原。乌鲁鲁，一块巨大的巨石，以及位于乌鲁鲁西侧的岩石穹丘卡塔丘塔，构成了世界上最古老的人类社会之一的传统信仰体系的一部分。乌鲁鲁-卡塔丘塔的传统主人是阿南古族原住民。🌏🇦🇺🪨","Uluṟu-Kata Tjuṯa National Park is a protected area in the Northern Territory of Australia. The park is home to both Uluru and Kata Tjuta. It is located 1,943 kilometres (1,207 mi) south of Darwin by road and 440 kilometres (270 mi) south-west of Alice Springs along the Stuart and Lasseter Highways. The park covers 1,326 square kilometres (512 sq mi) and includes the features it is named after: Uluru and, 40 kilometres (25 mi) to its west, Kata Tjuta. The location is listed as a UNESCO World Heritage Site for natural and cultural landscape.

Uluru/Ayers Rock is considered one of Australia's most recognisable landmarks, and has become a focal point for Australia and the world's acknowledgment of Australian indigenous culture. It is made up of a group of 36 conglomerate Rock domes that date back 500 million years.

This park features spectacular geological formations that dominate the vast red sandy plain of central Australia. Uluru, an immense monolith, and Kata Tjuta, the rock domes located west of Uluru, form part of the traditional belief system of one of the oldest human societies in the world. The traditional owners of Uluru-Kata Tjuta are the Anangu Aboriginal people.🌏🇦🇺🪨

Uluru-Kata Tjuta National Park is a protected area in Australia's Northern Territory. The park contains Uluru and Kata Tjuta. The park is located 1,943 kilometres (1,207 mi) south of Darwin, 440 kilometres (270 mi) south along the Stuart and Lasseter Highways, and southwest of Alice Springs. The park covers 1,326 square kilometers (512 square miles) and includes the eponymous formations: Uluru and Kata Tjuta, 40 kilometers (25 miles) to the west. The area is a UNESCO World Heritage Site for its natural and cultural attractions.

Uluru/Ayers Rock is considered one of Australia's most recognizable landmarks and has become a focal point for recognition of Aboriginal culture in Australia and around the world. It comprises a group of 36 conglomerate domes dating back 500 million years.

The park boasts spectacular geological formations dominating the vast red sandy plains of central Australia. Uluru, a massive monolith, and Kata Tjuta, a rock dome to its west, form part of the traditional belief system of one of the world's oldest human societies. The traditional owners of Uluru-Kata Tjuta are the Anangu people. 🌏🇦🇺🪨","Uluṟu-Kata Tjuṯa National Park","4.8","en","https://www.google.com/maps/search/?api=1&query=Ulu%E1%B9%9Fu-Kata%20Tju%E1%B9%AFa%20National%20Park&query_place_id=ChIJgbjTfixsIysR5BrpX82GKts",
"Lasseter Hwy, Uluru NT 0872, Australia","National park","Tourist attraction","National park","15792583259963595492","Uluru","AU","0x2b236c2c7ed3b881:0xdb2a86cd5fe91ae4","https://lh3.googleusercontent.com/gps-cs-s/AC9h4np7S9xkuA34HblM4n_s-YBACR-wXhUjXYEYaqqccZkTV4ieal3VCKzlYSZw4_YO0a_d1XboFH8M9P36L0LZXdhQEwDNks0TRleE-39VVx_-jEbYM4RxCVyu3PjaUOgVkGTBCklE=w408-h306-k-no","false","true","en","0","-25.3437797","131.0346514","Jun H",,"ko","false","ChIJgbjTfixsIysR5BrpX82GKts","0872",,"2 weeks ago","2025-09-04T14:14:08.496Z",,,,,,,,"Ci9DQUlRQUNvZENodHljRjlvT21abFpGUm9ObXR2WHpkSFYwRmtiMWRaTkY5VGVIYxAB","https://lh3.googleusercontent.com/geougc-cs/AB3l90AFN3eavD3Eae8Z-gQ8ZQ0uFPwUVKwt-VnF8IlY34rh67yAmJ8eLA7addUfANeG2cnUn9DNZLW9B-j7kIJUmREs39YHyG11vEhPPJmCwa3YBGLXGUwj0qs_zQjW-C9D7mfv5MzWwlBM8dQb",,,,,,,,,,,,,,,,,,,,,"Google","https://www.google.com/maps/reviews/data=!4m8!14m7!1m6!2m5!1sCi9DQUlRQUNvZENodHljRjlvT21abFpGUm9ObXR2WHpkSFYwRmtiMWRaTkY5VGVIYxAB!2m1!1s0x0:0xdb2a86cd5fe91ae4!3m1!1s2@1:CAIQACodChtycF9oOmZlZFRoNmtvXzdHV0Fkb1dZNF9TeHc%7C%7C?hl=en","105688167143215071254","591","https://lh3.googleusercontent.com/a-/ALV-UjXdwCmXh9aVnBlG1seNB68qrF02ek7JhbFYQlfUkEzBcpIzM8e-Mg=s1920-c-rp-mo-ba6-br100","https://www.google.com/maps/contrib/105688167143215071254?hl=en","3635","2025-09-21T15:14:49.809Z","Direct Detail URL: https://www.google.com/maps/place/Ulu%E1%B9%9Fu-Kata+Tju%E1%B9%AFa+National+Park/@-25.3116912,130.6926882,10z/data=!4m8!3m7!1s0x2b236c2c7ed3b881:0xdb2a86cd5fe91ae4!8m2!3d-25.3437797!4d131.0346514!9m1!1b1!16zL20vMHBzamM?entry=ttu&g_ep=EgoyMDI1MDkxNy4wIKXMDSoASAFQAw%3D%3D","5","Northern Territory","Lasseter Hwy","false","정말 그야말로 경이로움 그 자체입니다","It's truly a wonder in itself.","Uluṟu-Kata Tjuṯa National Park","4.8","en","https://www.google.com/maps/search/?api=1&query=Ulu%E1%B9%9Fu-Kata%20Tju%E1%B9%AFa%20National%20Park&query_place_id=ChIJgbjTfixsIysR5BrpX82GKts",
"Lasseter Hwy, Uluru NT 0872, Australia","National park","Tourist attraction","National park","15792583259963595492","Uluru","AU","0x2b236c2c7ed3b881:0xdb2a86cd5fe91ae4","https://lh3.googleusercontent.com/gps-cs-s/AC9h4np7S9xkuA34HblM4n_s-YBACR-wXhUjXYEYaqqccZkTV4ieal3VCKzlYSZw4_YO0a_d1XboFH8M9P36L0LZXdhQEwDNks0TRleE-39VVx_-jEbYM4RxCVyu3PjaUOgVkGTBCklE=w408-h306-k-no","false","true","en","0","-25.3437797","131.0346514","Paloma Enebral",,"es","false","ChIJgbjTfixsIysR5BrpX82GKts","0872",,"2 weeks ago","2025-09-02T15:11:24.346Z",,,,,,,,"Ci9DQUlRQUNvZENodHljRjlvT2t3d1ZtcFFlR0pSWlMxd1lYSllMWE5zTkV0RFJsRRAB",,,,,,,,,,,,,,,,,,,,,,"Google","https://www.google.com/maps/reviews/data=!4m8!14m7!1m6!2m5!1sCi9DQUlRQUNvZENodHljRjlvT2t3d1ZtcFFlR0pSWlMxd1lYSllMWE5zTkV0RFJsRRAB!2m1!1s0x0:0xdb2a86cd5fe91ae4!3m1!1s2@1:CAIQACodChtycF9oOkwwVmpQeGJRZS1wYXJYLXNsNEtDRlE%7C%7C?hl=en","104541599940441848657","216","https://lh3.googleusercontent.com/a-/ALV-UjVYHxFl3IorNJkHPRBpswgY2S77scNO2beo5zXCJipa_Asm55CDBg=s1920-c-rp-mo-ba5-br100","https://www.google.com/maps/contrib/104541599940441848657?hl=en","3635","2025-09-21T15:14:49.809Z","Direct Detail URL: https://www.google.com/maps/place/Ulu%E1%B9%9Fu-Kata+Tju%E1%B9%AFa+National+Park/@-25.3116912,130.6926882,10z/data=!4m8!3m7!1s0x2b236c2c7ed3b881:0xdb2a86cd5fe91ae4!8m2!3d-25.3437797!4d131.0346514!9m1!1b1!16zL20vMHBzamM?entry=ttu&g_ep=EgoyMDI1MDkxNy4wIKXMDSoASAFQAw%3D%3D","5","Northern Territory","Lasseter Hwy","false","Es un lugar mágico.  Un viaje largo desde cualquier punto de Australia, pero merece la pena
Es un viaje de calado espiritual","It's a magical place. A long drive from anywhere in Australia, but worth it.
It's a spiritually profound journey.","Uluṟu-Kata Tjuṯa National Park","4.8","en","https://www.google.com/maps/search/?api=1&query=Ulu%E1%B9%9Fu-Kata%20Tju%E1%B9%AFa%20National%20Park&query_place_id=ChIJgbjTfixsIysR5BrpX82GKts",
"Lasseter Hwy, Uluru NT 0872, Australia","National park","Tourist attraction","National park","15792583259963595492","Uluru","AU","0x2b236c2c7ed3b881:0xdb2a86cd5fe91ae4","https://lh3.googleusercontent.com/gps-cs-s/AC9h4np7S9xkuA34HblM4n_s-YBACR-wXhUjXYEYaqqccZkTV4ieal3VCKzlYSZw4_YO0a_d1XboFH8M9P36L0LZXdhQEwDNks0TRleE-39VVx_-jEbYM4RxCVyu3PjaUOgVkGTBCklE=w408-h306-k-no","false","true","en","0","-25.3437797","131.0346514","Bob Allen",,"en","false","ChIJgbjTfixsIysR5BrpX82GKts","0872",,"3 weeks ago","2025-08-31T05:27:59.634Z",,,,,,,,"Ci9DQUlRQUNvZENodHljRjlvT25KMmExWmFhMDFPUVhaZlpEWlBhakUyVkdaeU0zYxAB",,,,,,,,,,,,,,,,,,,,,,"Google","https://www.google.com/maps/reviews/data=!4m8!14m7!1m6!2m5!1sCi9DQUlRQUNvZENodHljRjlvT25KMmExWmFhMDFPUVhaZlpEWlBhakUyVkdaeU0zYxAB!2m1!1s0x0:0xdb2a86cd5fe91ae4!3m1!1s2@1:CAIQACodChtycF9oOnJ2a1Zaa01OQXZfZDZPajE2VGZyM3c%7C%7C?hl=en","108335103619457128635","356","https://lh3.googleusercontent.com/a-/ALV-UjWGfw1ULNQIHmGI6g9Lwb2byGs7mcu4IcwOB3tA82lAR3XLG5A=s1920-c-rp-mo-ba5-br100","https://www.google.com/maps/contrib/108335103619457128635?hl=en","3635","2025-09-21T15:14:49.809Z","Direct Detail URL: https://www.google.com/maps/place/Ulu%E1%B9%9Fu-Kata+Tju%E1%B9%AFa+National+Park/@-25.3116912,130.6926882,10z/data=!4m8!3m7!1s0x2b236c2c7ed3b881:0xdb2a86cd5fe91ae4!8m2!3d-25.3437797!4d131.0346514!9m1!1b1!16zL20vMHBzamM?entry=ttu&g_ep=EgoyMDI1MDkxNy4wIKXMDSoASAFQAw%3D%3D","5","Northern Territory","Lasseter Hwy","false","All Australians should visit this place at least once if possible",,"Uluṟu-Kata Tjuṯa National Park","4.8",,"https://www.google.com/maps/search/?api=1&query=Ulu%E1%B9%9Fu-Kata%20Tju%E1%B9%AFa%20National%20Park&query_place_id=ChIJgbjTfixsIysR5BrpX82GKts",
"Lasseter Hwy, Uluru NT 0872, Australia","National park","Tourist attraction","National park","15792583259963595492","Uluru","AU","0x2b236c2c7ed3b881:0xdb2a86cd5fe91ae4","https://lh3.googleusercontent.com/gps-cs-s/AC9h4np7S9xkuA34HblM4n_s-YBACR-wXhUjXYEYaqqccZkTV4ieal3VCKzlYSZw4_YO0a_d1XboFH8M9P36L0LZXdhQEwDNks0TRleE-39VVx_-jEbYM4RxCVyu3PjaUOgVkGTBCklE=w408-h306-k-no","false","true","en","0","-25.3437797","131.0346514","Andrew Grazier",,,"false","ChIJgbjTfixsIysR5BrpX82GKts","0872",,"3 weeks ago","2025-08-29T21:46:34.904Z",,,,,,,,"Ci9DQUlRQUNvZENodHljRjlvT25wU09DMUZabkJMV1doamJYaENUVlpOVFcxS2NGRRAB",,,,,,,,,,,,,,,,,,,,,,"Google","https://www.google.com/maps/reviews/data=!4m8!14m7!1m6!2m5!1sCi9DQUlRQUNvZENodHljRjlvT25wU09DMUZabkJMV1doamJYaENUVlpOVFcxS2NGRRAB!2m1!1s0x0:0xdb2a86cd5fe91ae4!3m1!1s2@1:CAIQACodChtycF9oOnpSOC1FZnBLWWhjbXhCTVZNTW1KcFE%7C%7C?hl=en","100618764359287044765","12","https://lh3.googleusercontent.com/a/ACg8ocJYQNbPpJIuIi8usEZuubUaKoa7ybJU-gqYbJoVNe_FJ1tMhA=s1920-c-rp-mo-ba2-br100","https://www.google.com/maps/contrib/100618764359287044765?hl=en","3635","2025-09-21T15:14:49.809Z","Direct Detail URL: https://www.google.com/maps/place/Ulu%E1%B9%9Fu-Kata+Tju%E1%B9%AFa+National+Park/@-25.3116912,130.6926882,10z/data=!4m8!3m7!1s0x2b236c2c7ed3b881:0xdb2a86cd5fe91ae4!8m2!3d-25.3437797!4d131.0346514!9m1!1b1!16zL20vMHBzamM?entry=ttu&g_ep=EgoyMDI1MDkxNy4wIKXMDSoASAFQAw%3D%3D","1","Northern Territory","Lasseter Hwy","false",,,"Uluṟu-Kata Tjuṯa National Park","4.8",,"https://www.google.com/maps/search/?api=1&query=Ulu%E1%B9%9Fu-Kata%20Tju%E1%B9%AFa%20National%20Park&query_place_id=ChIJgbjTfixsIysR5BrpX82GKts",
"Lasseter Hwy, Uluru NT 0872, Australia","National park","Tourist attraction","National park","15792583259963595492","Uluru","AU","0x2b236c2c7ed3b881:0xdb2a86cd5fe91ae4","https://lh3.googleusercontent.com/gps-cs-s/AC9h4np7S9xkuA34HblM4n_s-YBACR-wXhUjXYEYaqqccZkTV4ieal3VCKzlYSZw4_YO0a_d1XboFH8M9P36L0LZXdhQEwDNks0TRleE-39VVx_-jEbYM4RxCVyu3PjaUOgVkGTBCklE=w408-h306-k-no","false","false","en","0","-25.3437797","131.0346514","Vincent Zong Stone",,,"false","ChIJgbjTfixsIysR5BrpX82GKts","0872",,"3 weeks ago","2025-08-26T22:02:56.006Z",,,,,,,,"Ci9DQUlRQUNvZENodHljRjlvT2paUFZtdENWVUZwU0hWWFdIbElhSE5EWDJzemVIYxAB",,,,,,,,,,,,,,,,,,,,,,"Google","https://www.google.com/maps/reviews/data=!4m8!14m7!1m6!2m5!1sCi9DQUlRQUNvZENodHljRjlvT2paUFZtdENWVUZwU0hWWFdIbElhSE5EWDJzemVIYxAB!2m1!1s0x0:0xdb2a86cd5fe91ae4!3m1!1s2@1:CAIQACodChtycF9oOjZPVmtCVUFpSHVXWHlIaHNDX2szeHc%7C%7C?hl=en","104571665767584580339","8","https://lh3.googleusercontent.com/a-/ALV-UjVFb2iu_MfiLgAhMix-oZ5rlnhXd4XGuHPXGTT9GHXMmn80YAU=s1920-c-rp-mo-br100","https://www.google.com/maps/contrib/104571665767584580339?hl=en","3635","2025-09-21T15:14:49.809Z","Direct Detail URL: https://www.google.com/maps/place/Ulu%E1%B9%9Fu-Kata+Tju%E1%B9%AFa+National+Park/@-25.3116912,130.6926882,10z/data=!4m8!3m7!1s0x2b236c2c7ed3b881:0xdb2a86cd5fe91ae4!8m2!3d-25.3437797!4d131.0346514!9m1!1b1!16zL20vMHBzamM?entry=ttu&g_ep=EgoyMDI1MDkxNy4wIKXMDSoASAFQAw%3D%3D","5","Northern Territory","Lasseter Hwy","false",,,"Uluṟu-Kata Tjuṯa National Park","4.8",,"https://www.google.com/maps/search/?api=1&query=Ulu%E1%B9%9Fu-Kata%20Tju%E1%B9%AFa%20National%20Park&query_place_id=ChIJgbjTfixsIysR5BrpX82GKts",
"Lasseter Hwy, Uluru NT 0872, Australia","National park","Tourist attraction","National park","15792583259963595492","Uluru","AU","0x2b236c2c7ed3b881:0xdb2a86cd5fe91ae4","https://lh3.googleusercontent.com/gps-cs-s/AC9h4np7S9xkuA34HblM4n_s-YBACR-wXhUjXYEYaqqccZkTV4ieal3VCKzlYSZw4_YO0a_d1XboFH8M9P36L0LZXdhQEwDNks0TRleE-39VVx_-jEbYM4RxCVyu3PjaUOgVkGTBCklE=w408-h306-k-no","false","true","en","0","-25.3437797","131.0346514","Cristian Falgari",,"en","false","ChIJgbjTfixsIysR5BrpX82GKts","0872",,"4 weeks ago","2025-08-24T08:46:59.316Z",,,,,,,"Toilets are available in the cultural center which is located inside the park.","Ci9DQUlRQUNvZENodHljRjlvT214UWVrTmxZbTFDYkROdWNDMWlhMTlOWDJKSVkzYxAB","https://lh3.googleusercontent.com/geougc-cs/AB3l90Btj20WEXHchF4MGjoRCiBRgb4Vc-Q40hOrRZtnQrq4FKtv_4wVb2HJ5GxNHT3kLIVIZtn153dn0IosbARN6dKLO2g8YEW79ODvoqA0xckQfgb5KPmMNHkohRGbhf8AnmVULjNWxwmh_KVR","https://lh3.googleusercontent.com/geougc-cs/AB3l90B50-n9XahC2ndOq0cFudqKPK8i6vqfufxQscI_gvawCY8Xj_ACS4GbKoxsXrPqcD6b5K4qCUVgi_aXvg8HA9CgB0fAjGAuMnBeFfw9KX726M6PxpnVu-gUkjtzF8fN5wsEgxjoWevFrO8","https://lh3.googleusercontent.com/geougc-cs/AB3l90BcS6_nYH1dBE2SbbWA6ds0YutlZWts7iMuH4uHjfOqwuWPgp4WTvwtR6e3UrAmeyuVw4e9QCThKFOGozfurram_ypxrb3x1TBxB4TlLVdFLBiiQghYEV8fYzCeZL5hopyvNEosCw9fAII",,,,,,,,,,,,,,,,,,,"Google","https://www.google.com/maps/reviews/data=!4m8!14m7!1m6!2m5!1sCi9DQUlRQUNvZENodHljRjlvT214UWVrTmxZbTFDYkROdWNDMWlhMTlOWDJKSVkzYxAB!2m1!1s0x0:0xdb2a86cd5fe91ae4!3m1!1s2@1:CAIQACodChtycF9oOmxQekNlYm1CbDNucC1ia19NX2JIY3c%7C%7C?hl=en","111662341729278947402","65","https://lh3.googleusercontent.com/a-/ALV-UjXH36niU4U6tUmTFyKT1oIzXRFcvHIahVY8XhjdkQ9nOKDInqyu=s1920-c-rp-mo-ba4-br100","https://www.google.com/maps/contrib/111662341729278947402?hl=en","3635","2025-09-21T15:14:49.809Z","Direct Detail URL: https://www.google.com/maps/place/Ulu%E1%B9%9Fu-Kata+Tju%E1%B9%AFa+National+Park/@-25.3116912,130.6926882,10z/data=!4m8!3m7!1s0x2b236c2c7ed3b881:0xdb2a86cd5fe91ae4!8m2!3d-25.3437797!4d131.0346514!9m1!1b1!16zL20vMHBzamM?entry=ttu&g_ep=EgoyMDI1MDkxNy4wIKXMDSoASAFQAw%3D%3D","5","Northern Territory","Lasseter Hwy","false","One of the most iconic places in Australia and just as I expected it did not disappointed me.
This famous rock is bigger than I expected, 2,5km long and 350m height.
From every corner of this rock you can admire its particular shapes levigated by rain and wind and its different colors in a shadow and sun light play.
We reached it from Alice Spring after 5 hours by bus but it’s worth it every minute we spent on long straight desert roads.",,"Uluṟu-Kata Tjuṯa National Park","4.8",,"https://www.google.com/maps/search/?api=1&query=Ulu%E1%B9%9Fu-Kata%20Tju%E1%B9%AFa%20National%20Park&query_place_id=ChIJgbjTfixsIysR5BrpX82GKts",
"Lasseter Hwy, Uluru NT 0872, Australia","National park","Tourist attraction","National park","15792583259963595492","Uluru","AU","0x2b236c2c7ed3b881:0xdb2a86cd5fe91ae4","https://lh3.googleusercontent.com/gps-cs-s/AC9h4np7S9xkuA34HblM4n_s-YBACR-wXhUjXYEYaqqccZkTV4ieal3VCKzlYSZw4_YO0a_d1XboFH8M9P36L0LZXdhQEwDNks0TRleE-39VVx_-jEbYM4RxCVyu3PjaUOgVkGTBCklE=w408-h306-k-no","false","true","en","0","-25.3437797","131.0346514","J H",,,"false","ChIJgbjTfixsIysR5BrpX82GKts","0872",,"4 weeks ago","2025-08-22T05:37:55.738Z",,,,,,,,"Ci9DQUlRQUNvZENodHljRjlvT2xSeWNuQTFhaTFNTjB0bWFtMXBlbFJMZW5BMlJWRRAB",,,,,,,,,,,,,,,,,,,,,,"Google","https://www.google.com/maps/reviews/data=!4m8!14m7!1m6!2m5!1sCi9DQUlRQUNvZENodHljRjlvT2xSeWNuQTFhaTFNTjB0bWFtMXBlbFJMZW5BMlJWRRAB!2m1!1s0x0:0xdb2a86cd5fe91ae4!3m1!1s2@1:CAIQACodChtycF9oOlRycnA1ai1MN0tmam1pelRLenA2RVE%7C%7C?hl=en","117732946891467927903","37","https://lh3.googleusercontent.com/a-/ALV-UjUitIhkNaRgJ6EFgxZcOi3TNkOA10KvkVR5JrXfSTtNn36y17I=s1920-c-rp-mo-ba3-br100","https://www.google.com/maps/contrib/117732946891467927903?hl=en","3635","2025-09-21T15:14:49.809Z","Direct Detail URL: https://www.google.com/maps/place/Ulu%E1%B9%9Fu-Kata+Tju%E1%B9%AFa+National+Park/@-25.3116912,130.6926882,10z/data=!4m8!3m7!1s0x2b236c2c7ed3b881:0xdb2a86cd5fe91ae4!8m2!3d-25.3437797!4d131.0346514!9m1!1b1!16zL20vMHBzamM?entry=ttu&g_ep=EgoyMDI1MDkxNy4wIKXMDSoASAFQAw%3D%3D","5","Northern Territory","Lasseter Hwy","false",,,"Uluṟu-Kata Tjuṯa National Park","4.8",,"https://www.google.com/maps/search/?api=1&query=Ulu%E1%B9%9Fu-Kata%20Tju%E1%B9%AFa%20National%20Park&query_place_id=ChIJgbjTfixsIysR5BrpX82GKts",
"Lasseter Hwy, Uluru NT 0872, Australia","National park","Tourist attraction","National park","15792583259963595492","Uluru","AU","0x2b236c2c7ed3b881:0xdb2a86cd5fe91ae4","https://lh3.googleusercontent.com/gps-cs-s/AC9h4np7S9xkuA34HblM4n_s-YBACR-wXhUjXYEYaqqccZkTV4ieal3VCKzlYSZw4_YO0a_d1XboFH8M9P36L0LZXdhQEwDNks0TRleE-39VVx_-jEbYM4RxCVyu3PjaUOgVkGTBCklE=w408-h306-k-no","false","true","en","0","-25.3437797","131.0346514","C J Whitney",,,"false","ChIJgbjTfixsIysR5BrpX82GKts","0872",,"a month ago","2025-08-19T21:57:18.118Z",,,,,,,,"Ci9DQUlRQUNvZENodHljRjlvT2kxd1RsSmpTV0psUm05NVZHTkNNVTA0WVZselMxRRAB",,,,,,,,,,,,,,,,,,,,,,"Google","https://www.google.com/maps/reviews/data=!4m8!14m7!1m6!2m5!1sCi9DQUlRQUNvZENodHljRjlvT2kxd1RsSmpTV0psUm05NVZHTkNNVTA0WVZselMxRRAB!2m1!1s0x0:0xdb2a86cd5fe91ae4!3m1!1s2@1:CAIQACodChtycF9oOi1wTlJjSWJlRm95VGNCMU04YVlzS1E%7C%7C?hl=en","113195444362754642226","31","https://lh3.googleusercontent.com/a-/ALV-UjUhrii3VnqYcrOW-rQOIjWk5NbEWIC64oa68st0Xo7f_tskAP6Oag=s1920-c-rp-mo-ba4-br100","https://www.google.com/maps/contrib/113195444362754642226?hl=en","3635","2025-09-21T15:14:49.809Z","Direct Detail URL: https://www.google.com/maps/place/Ulu%E1%B9%9Fu-Kata+Tju%E1%B9%AFa+National+Park/@-25.3116912,130.6926882,10z/data=!4m8!3m7!1s0x2b236c2c7ed3b881:0xdb2a86cd5fe91ae4!8m2!3d-25.3437797!4d131.0346514!9m1!1b1!16zL20vMHBzamM?entry=ttu&g_ep=EgoyMDI1MDkxNy4wIKXMDSoASAFQAw%3D%3D","5","Northern Territory","Lasseter Hwy","false",,,"Uluṟu-Kata Tjuṯa National Park","4.8",,"https://www.google.com/maps/search/?api=1&query=Ulu%E1%B9%9Fu-Kata%20Tju%E1%B9%AFa%20National%20Park&query_place_id=ChIJgbjTfixsIysR5BrpX82GKts",
"Lasseter Hwy, Uluru NT 0872, Australia","National park","Tourist attraction","National park","15792583259963595492","Uluru","AU","0x2b236c2c7ed3b881:0xdb2a86cd5fe91ae4","https://lh3.googleusercontent.com/gps-cs-s/AC9h4np7S9xkuA34HblM4n_s-YBACR-wXhUjXYEYaqqccZkTV4ieal3VCKzlYSZw4_YO0a_d1XboFH8M9P36L0LZXdhQEwDNks0TRleE-39VVx_-jEbYM4RxCVyu3PjaUOgVkGTBCklE=w408-h306-k-no","false","true","en","0","-25.3437797","131.0346514","니니",,"ko","false","ChIJgbjTfixsIysR5BrpX82GKts","0872",,"a month ago","2025-08-16T20:39:56.246Z",,,,,,,,"Ci9DQUlRQUNvZENodHljRjlvT2pCU2FVOUdSVE5uYlVWb1JXZzRabEpFU2pCc09IYxAB",,,,,,,,,,,,,,,,,,,,,,"Google","https://www.google.com/maps/reviews/data=!4m8!14m7!1m6!2m5!1sCi9DQUlRQUNvZENodHljRjlvT2pCU2FVOUdSVE5uYlVWb1JXZzRabEpFU2pCc09IYxAB!2m1!1s0x0:0xdb2a86cd5fe91ae4!3m1!1s2@1:CAIQACodChtycF9oOjBSaU9GRTNnbUVoRWg4ZlJESjBsOHc%7C%7C?hl=en","117561092356570522132","154","https://lh3.googleusercontent.com/a-/ALV-UjW9hDcgxtPuBTrTXuuXXbM-pNlp9ObDhlwK7mY7i1JHeCIRoAPgSA=s1920-c-rp-mo-ba4-br100","https://www.google.com/maps/contrib/117561092356570522132?hl=en","3635","2025-09-21T15:14:49.809Z","Direct Detail URL: https://www.google.com/maps/place/Ulu%E1%B9%9Fu-Kata+Tju%E1%B9%AFa+National+Park/@-25.3116912,130.6926882,10z/data=!4m8!3m7!1s0x2b236c2c7ed3b881:0xdb2a86cd5fe91ae4!8m2!3d-25.3437797!4d131.0346514!9m1!1b1!16zL20vMHBzamM?entry=ttu&g_ep=EgoyMDI1MDkxNy4wIKXMDSoASAFQAw%3D%3D","5","Northern Territory","Lasseter Hwy","false","호주 현지인들도 많이 못가본 신비한 곳입니다.
시티들 방문도 좋지만 죽기전에 한번쯤 이곳도 방문하길 추천 드립니다.
2박3일 일정이 가장 좋을거 같고, 울루루의 라이징 선셋 모두 보세요!!!!  호주를 방문했으나 아프리카에 온 느낌도 받으실수 있습니다.
밤엔 별 관찰도 하세요 너무쉽게 은하수를 볼 수 있습니다.","This is a mysterious place that even many locals haven't visited.
While visiting the cities is great, I highly recommend visiting this place at least once before you die.
A three-day, two-night itinerary would be ideal, and be sure to see Uluru's rising sunset! You'll feel like you're in Africa even though you're in Australia.
At night, go stargazing. You can easily see the Milky Way.","Uluṟu-Kata Tjuṯa National Park","4.8","en","https://www.google.com/maps/search/?api=1&query=Ulu%E1%B9%9Fu-Kata%20Tju%E1%B9%AFa%20National%20Park&query_place_id=ChIJgbjTfixsIysR5BrpX82GKts",
"Lasseter Hwy, Uluru NT 0872, Australia","National park","Tourist attraction","National park","15792583259963595492","Uluru","AU","0x2b236c2c7ed3b881:0xdb2a86cd5fe91ae4","https://lh3.googleusercontent.com/gps-cs-s/AC9h4np7S9xkuA34HblM4n_s-YBACR-wXhUjXYEYaqqccZkTV4ieal3VCKzlYSZw4_YO0a_d1XboFH8M9P36L0LZXdhQEwDNks0TRleE-39VVx_-jEbYM4RxCVyu3PjaUOgVkGTBCklE=w408-h306-k-no","false","true","en","0","-25.3437797","131.0346514","Deven CHEN",,,"false","ChIJgbjTfixsIysR5BrpX82GKts","0872",,"a month ago","2025-08-15T10:18:48.097Z",,,,,,,,"Ci9DQUlRQUNvZENodHljRjlvT2xvMGNIWmpNSEprUWtOcFQwazVPRWx1VldORllXYxAB",,,,,,,,,,,,,,,,,,,,,,"Google","https://www.google.com/maps/reviews/data=!4m8!14m7!1m6!2m5!1sCi9DQUlRQUNvZENodHljRjlvT2xvMGNIWmpNSEprUWtOcFQwazVPRWx1VldORllXYxAB!2m1!1s0x0:0xdb2a86cd5fe91ae4!3m1!1s2@1:CAIQACodChtycF9oOlo0cHZjMHJkQkNpT0k5OEluVWNFYWc%7C%7C?hl=en","114100936945635501705","34","https://lh3.googleusercontent.com/a-/ALV-UjUmFd6m4bTYZFTXSmLU7cCgkynFXmVGYrvTQAY593kBUDBsLoV3=s1920-c-rp-mo-ba4-br100","https://www.google.com/maps/contrib/114100936945635501705?hl=en","3635","2025-09-21T15:14:49.809Z","Direct Detail URL: https://www.google.com/maps/place/Ulu%E1%B9%9Fu-Kata+Tju%E1%B9%AFa+National+Park/@-25.3116912,130.6926882,10z/data=!4m8!3m7!1s0x2b236c2c7ed3b881:0xdb2a86cd5fe91ae4!8m2!3d-25.3437797!4d131.0346514!9m1!1b1!16zL20vMHBzamM?entry=ttu&g_ep=EgoyMDI1MDkxNy4wIKXMDSoASAFQAw%3D%3D","5","Northern Territory","Lasseter Hwy","false",,,"Uluṟu-Kata Tjuṯa National Park","4.8",,"https://www.google.com/maps/search/?api=1&query=Ulu%E1%B9%9Fu-Kata%20Tju%E1%B9%AFa%20National%20Park&query_place_id=ChIJgbjTfixsIysR5BrpX82GKts",
"Lasseter Hwy, Uluru NT 0872, Australia","National park","Tourist attraction","National park","15792583259963595492","Uluru","AU","0x2b236c2c7ed3b881:0xdb2a86cd5fe91ae4","https://lh3.googleusercontent.com/gps-cs-s/AC9h4np7S9xkuA34HblM4n_s-YBACR-wXhUjXYEYaqqccZkTV4ieal3VCKzlYSZw4_YO0a_d1XboFH8M9P36L0LZXdhQEwDNks0TRleE-39VVx_-jEbYM4RxCVyu3PjaUOgVkGTBCklE=w408-h306-k-no","false","true","en","0","-25.3437797","131.0346514","Djanaya Hampton",,"en","false","ChIJgbjTfixsIysR5BrpX82GKts","0872",,"a month ago","2025-08-15T01:33:50.743Z",,,,,,,,"Ci9DQUlRQUNvZENodHljRjlvT2psS2NqRldTSEE0VWtoeGQydGtNRXhFYmxCek1uYxAB","https://lh3.googleusercontent.com/geougc-cs/AB3l90DscGTTxRzIEd5q_9GgoK0SnjI2GK3K-zMMlzmCEDOvM1Dpi1Pq-JsJPj1kS1bywKyitZtxT9DlQJD5n0IDdzQs65Xzyy3xc3FRgWcvtnJdyJYrw-32SnW5_SJqjgLZTG5Gcs2wzrBcDj8I",,,,,,,,,,,,,,,,,,,,,"Google","https://www.google.com/maps/reviews/data=!4m8!14m7!1m6!2m5!1sCi9DQUlRQUNvZENodHljRjlvT2psS2NqRldTSEE0VWtoeGQydGtNRXhFYmxCek1uYxAB!2m1!1s0x0:0xdb2a86cd5fe91ae4!3m1!1s2@1:CAIQACodChtycF9oOjlKcjFWSHA4Ukhxd2tkMExEblBzMnc%7C%7C?hl=en","112245142076462600009","61","https://lh3.googleusercontent.com/a-/ALV-UjVLdt_WTA1WMMQYdGLF1nOekFXo1raHqMN9Qu9R7VrtL4s24ps=s1920-c-rp-mo-ba3-br100","https://www.google.com/maps/contrib/112245142076462600009?hl=en","3635","2025-09-21T15:14:49.809Z","Direct Detail URL: https://www.google.com/maps/place/Ulu%E1%B9%9Fu-Kata+Tju%E1%B9%AFa+National+Park/@-25.3116912,130.6926882,10z/data=!4m8!3m7!1s0x2b236c2c7ed3b881:0xdb2a86cd5fe91ae4!8m2!3d-25.3437797!4d131.0346514!9m1!1b1!16zL20vMHBzamM?entry=ttu&g_ep=EgoyMDI1MDkxNy4wIKXMDSoASAFQAw%3D%3D","5","Northern Territory","Lasseter Hwy","false","Amazing spiritual place 1000% recommend !",,"Uluṟu-Kata Tjuṯa National Park","4.8",,"https://www.google.com/maps/search/?api=1&query=Ulu%E1%B9%9Fu-Kata%20Tju%E1%B9%AFa%20National%20Park&query_place_id=ChIJgbjTfixsIysR5BrpX82GKts",
"Lasseter Hwy, Uluru NT 0872, Australia","National park","Tourist attraction","National park","15792583259963595492","Uluru","AU","0x2b236c2c7ed3b881:0xdb2a86cd5fe91ae4","https://lh3.googleusercontent.com/gps-cs-s/AC9h4np7S9xkuA34HblM4n_s-YBACR-wXhUjXYEYaqqccZkTV4ieal3VCKzlYSZw4_YO0a_d1XboFH8M9P36L0LZXdhQEwDNks0TRleE-39VVx_-jEbYM4RxCVyu3PjaUOgVkGTBCklE=w408-h306-k-no","false","true","en","0","-25.3437797","131.0346514","fabien dousse",,"fr","false","ChIJgbjTfixsIysR5BrpX82GKts","0872",,"a month ago","2025-08-14T08:43:49.652Z",,,,,,,,"Ci9DQUlRQUNvZENodHljRjlvT2tOSlVIRXhNVGhqZWs5dmNqUmFNREE1WXkxUFJYYxAB","https://lh3.googleusercontent.com/geougc-cs/AB3l90BIaglsRAP22Td98PxwjXYgFUVXB_Q9q2BXJV5VVPa6_73kYPYZ8YVGZ8l621Ze-cEAskXjfqeZ01mKuxxu_u70r88TNWLr51V-iYofS7V60jMB92KFQu9bOGUdChy68WE1UVIg2YSzJm8","https://lh3.googleusercontent.com/geougc-cs/AB3l90DUWErN6sZ7TaaPWbcg9FUj3da7wfkgAEpDStRZsvvBDdDL7BdpXBk5l0UnUQw37KsW92oPf3q8fvLCzM7fwxIR3yYuyAKqY9aSmApuOSbeGoXJ45y_dGc1ARr2KKlyoPQtE3FCeKqodfo","https://lh3.googleusercontent.com/geougc-cs/AB3l90D7YNrSv6urFh94I1Q52pF_yMWlIAh5zRQvz0eLF62NqZpM0BjKnzLsNPDquUMchG_aLycspT7fuN5zxFFv6k4-xG1hGcasRmXs6dSqRuu7h2DwHOpsac27TgqXLrDSH5daLcQblmnIkR4","https://lh3.googleusercontent.com/geougc-cs/AB3l90Cnrox4gAnqtA1m1DCrGezY-5nstK-5RhSneSHQl_ur1iojLRCofXlUUSk1bGEcENuJpKRAfIaRTEQSTIvORGKlBaQm4Mn0pwBsHVosXTUlGsuDFB-99J9fAj8RGQBx3BUF1hg6qESl-CU","https://lh3.googleusercontent.com/geougc-cs/AB3l90CN2ii3iBeIPMX7jqDCVA5n7wcQxEW_lP-GQJ6VR1L3Skb7dVgs8NVMiktWnSktPfs8-BYGX-jrCTl_Qzj0n_glD1aHPMw0T2m247o2bztByd4jLS5pzOk-_8OwDQ-ckNQUsSliDlMyekkE","https://lh3.googleusercontent.com/geougc-cs/AB3l90CPYNZYiLLCsywm2jMypzfOc_3ATgTp48FxpL_iLqrBo7hy7zwa6Xqaxc9W2dpeeMLZpBSzQHCmGYFClC7VH_YQNqPZ0ULeiHTtKfPcabXCVmF0YbnMWOSG2hlKTmgKPfep1Ld9FDxVgAan","https://lh3.googleusercontent.com/geougc-cs/AB3l90C0Dj1zBG6vbjJNW1gE3of184t_RbbYDvkJRVzbhwXdgYPfVE_BunXDfqAwFBCl35AfItbMdVMdF5fQaMMoWv3-tx7XFT9Ah1oiEIL-VuspNqZ2vtYVUhH36E0Ruag4qA1lYjVCl-fcKxUI",,,,,,,,,,,,,,,"Google","https://www.google.com/maps/reviews/data=!4m8!14m7!1m6!2m5!1sCi9DQUlRQUNvZENodHljRjlvT2tOSlVIRXhNVGhqZWs5dmNqUmFNREE1WXkxUFJYYxAB!2m1!1s0x0:0xdb2a86cd5fe91ae4!3m1!1s2@1:CAIQACodChtycF9oOkNJUHExMThjek9vcjRaMDA5Yy1PRXc%7C%7C?hl=en","102695637868866243639","182","https://lh3.googleusercontent.com/a-/ALV-UjUwNJ677iIY6XagVJEsMH4PQkjIkFURRQ5uSGf8xugTnC7SbTNU=s1920-c-rp-mo-ba5-br100","https://www.google.com/maps/contrib/102695637868866243639?hl=en","3635","2025-09-21T15:14:49.809Z","Direct Detail URL: https://www.google.com/maps/place/Ulu%E1%B9%9Fu-Kata+Tju%E1%B9%AFa+National+Park/@-25.3116912,130.6926882,10z/data=!4m8!3m7!1s0x2b236c2c7ed3b881:0xdb2a86cd5fe91ae4!8m2!3d-25.3437797!4d131.0346514!9m1!1b1!16zL20vMHBzamM?entry=ttu&g_ep=EgoyMDI1MDkxNy4wIKXMDSoASAFQAw%3D%3D","5","Northern Territory","Lasseter Hwy","false","Uluru (Ayers Rock) + KataTjuta deux sites magnifiques et incontournables lorsque l'on visite l'Outback. Aux 2 endroits il y a des randonnées faciles à mettre en oeuvre et très bien balisées.
Et bien entendu, assister au coucher du soleil est un must.","Uluru (Ayers Rock) and Kata Tjuta are two magnificent and unmissable sites when visiting the Outback. Both locations offer easy and well-marked hikes.
And of course, watching the sunset is a must.","Uluṟu-Kata Tjuṯa National Park","4.8","en","https://www.google.com/maps/search/?api=1&query=Ulu%E1%B9%9Fu-Kata%20Tju%E1%B9%AFa%20National%20Park&query_place_id=ChIJgbjTfixsIysR5BrpX82GKts",
"Lasseter Hwy, Uluru NT 0872, Australia","National park","Tourist attraction","National park","15792583259963595492","Uluru","AU","0x2b236c2c7ed3b881:0xdb2a86cd5fe91ae4","https://lh3.googleusercontent.com/gps-cs-s/AC9h4np7S9xkuA34HblM4n_s-YBACR-wXhUjXYEYaqqccZkTV4ieal3VCKzlYSZw4_YO0a_d1XboFH8M9P36L0LZXdhQEwDNks0TRleE-39VVx_-jEbYM4RxCVyu3PjaUOgVkGTBCklE=w408-h306-k-no","false","true","en","0","-25.3437797","131.0346514","Pascal Coynel",,"fr","false","ChIJgbjTfixsIysR5BrpX82GKts","0872",,"a month ago","2025-08-13T08:26:01.987Z",,,,,,,,"Ci9DQUlRQUNvZENodHljRjlvT2swNWMyWXllVzQ1WXpOelJ6bHZVRmRYVUhKVE1WRRAB",,,,,,,,,,,,,,,,,,,,,,"Google","https://www.google.com/maps/reviews/data=!4m8!14m7!1m6!2m5!1sCi9DQUlRQUNvZENodHljRjlvT2swNWMyWXllVzQ1WXpOelJ6bHZVRmRYVUhKVE1WRRAB!2m1!1s0x0:0xdb2a86cd5fe91ae4!3m1!1s2@1:CAIQACodChtycF9oOk05c2YyeW45YzNzRzlvUFdXUHJTMVE%7C%7C?hl=en","113456585408113257609","16","https://lh3.googleusercontent.com/a-/ALV-UjWJHtP4UTCEngpT0uhS4l-BQFyqJ-TTkhVoGgiA6yIbq9dIXl4=s1920-c-rp-mo-ba4-br100","https://www.google.com/maps/contrib/113456585408113257609?hl=en","3635","2025-09-21T15:14:49.809Z","Direct Detail URL: https://www.google.com/maps/place/Ulu%E1%B9%9Fu-Kata+Tju%E1%B9%AFa+National+Park/@-25.3116912,130.6926882,10z/data=!4m8!3m7!1s0x2b236c2c7ed3b881:0xdb2a86cd5fe91ae4!8m2!3d-25.3437797!4d131.0346514!9m1!1b1!16zL20vMHBzamM?entry=ttu&g_ep=EgoyMDI1MDkxNy4wIKXMDSoASAFQAw%3D%3D","5","Northern Territory","Lasseter Hwy","false","Un lieu magique !","A magical place!","Uluṟu-Kata Tjuṯa National Park","4.8","en","https://www.google.com/maps/search/?api=1&query=Ulu%E1%B9%9Fu-Kata%20Tju%E1%B9%AFa%20National%20Park&query_place_id=ChIJgbjTfixsIysR5BrpX82GKts",
"Lasseter Hwy, Uluru NT 0872, Australia","National park","Tourist attraction","National park","15792583259963595492","Uluru","AU","0x2b236c2c7ed3b881:0xdb2a86cd5fe91ae4","https://lh3.googleusercontent.com/gps-cs-s/AC9h4np7S9xkuA34HblM4n_s-YBACR-wXhUjXYEYaqqccZkTV4ieal3VCKzlYSZw4_YO0a_d1XboFH8M9P36L0LZXdhQEwDNks0TRleE-39VVx_-jEbYM4RxCVyu3PjaUOgVkGTBCklE=w408-h306-k-no","false","true","en","0","-25.3437797","131.0346514","Ugyen Dorji",,"en","false","ChIJgbjTfixsIysR5BrpX82GKts","0872",,"a month ago","2025-08-13T02:24:33.583Z",,,,,,,,"Ci9DQUlRQUNvZENodHljRjlvT21KRWFWUlRNR3hpYnkwMmJrSkdaazV1V0c1S1QxRRAB","https://lh3.googleusercontent.com/geougc-cs/AB3l90B6i7AEDSEXrg7uJWhiqXrFY0ujQLXCNCcTD-eHjxObHx2IpnW1u_VNap2M1qQ092IOlHG273itCtrTV2_BVE1wQzXyfnp-DZFKvnjQH837WIErKbA78T6n5o0mG-y26Pjkfi31z52CFlP6","https://lh3.googleusercontent.com/geougc-cs/AB3l90DAXh7jR0Ebzo5gDhDm7eomZWqdf0wxC6rzJXLocxr8d6LlziWgJh9mte6rsrCUBjAI9bkKvybH80tvbjBD0OtRjehc5TN8Fc-LF5Qi96IRIV4mYSJFCttLDVyR8Tr0aH7FiVdF-x5TFvMr",,,,,,,,,,,,,,,,,,,,"Google","https://www.google.com/maps/reviews/data=!4m8!14m7!1m6!2m5!1sCi9DQUlRQUNvZENodHljRjlvT21KRWFWUlRNR3hpYnkwMmJrSkdaazV1V0c1S1QxRRAB!2m1!1s0x0:0xdb2a86cd5fe91ae4!3m1!1s2@1:CAIQACodChtycF9oOmJEaVRTMGxiby02bkJGZk5uWG5KT1E%7C%7C?hl=en","102609085305069919257","44","https://lh3.googleusercontent.com/a-/ALV-UjXsLxSvZeofkZF411twwP-2BEJ0bh4UC_LA_Y87McGseedi2Pep=s1920-c-rp-mo-ba4-br100","https://www.google.com/maps/contrib/102609085305069919257?hl=en","3635","2025-09-21T15:14:49.809Z","Direct Detail URL: https://www.google.com/maps/place/Ulu%E1%B9%9Fu-Kata+Tju%E1%B9%AFa+National+Park/@-25.3116912,130.6926882,10z/data=!4m8!3m7!1s0x2b236c2c7ed3b881:0xdb2a86cd5fe91ae4!8m2!3d-25.3437797!4d131.0346514!9m1!1b1!16zL20vMHBzamM?entry=ttu&g_ep=EgoyMDI1MDkxNy4wIKXMDSoASAFQAw%3D%3D","5","Northern Territory","Lasseter Hwy","false","Sacred and amazing place",,"Uluṟu-Kata Tjuṯa National Park","4.8",,"https://www.google.com/maps/search/?api=1&query=Ulu%E1%B9%9Fu-Kata%20Tju%E1%B9%AFa%20National%20Park&query_place_id=ChIJgbjTfixsIysR5BrpX82GKts",
"Lasseter Hwy, Uluru NT 0872, Australia","National park","Tourist attraction","National park","15792583259963595492","Uluru","AU","0x2b236c2c7ed3b881:0xdb2a86cd5fe91ae4","https://lh3.googleusercontent.com/gps-cs-s/AC9h4np7S9xkuA34HblM4n_s-YBACR-wXhUjXYEYaqqccZkTV4ieal3VCKzlYSZw4_YO0a_d1XboFH8M9P36L0LZXdhQEwDNks0TRleE-39VVx_-jEbYM4RxCVyu3PjaUOgVkGTBCklE=w408-h306-k-no","false","true","en","0","-25.3437797","131.0346514","Goon",,"en","false","ChIJgbjTfixsIysR5BrpX82GKts","0872",,"a month ago","2025-08-13T01:51:07.296Z",,,,,,,,"Ci9DQUlRQUNvZENodHljRjlvT2toMkxWcEZNM2haU0ZwcldVcENlRzUxU25kd2FrRRAB",,,,,,,,,,,,,,,,,,,,,,"Google","https://www.google.com/maps/reviews/data=!4m8!14m7!1m6!2m5!1sCi9DQUlRQUNvZENodHljRjlvT2toMkxWcEZNM2haU0ZwcldVcENlRzUxU25kd2FrRRAB!2m1!1s0x0:0xdb2a86cd5fe91ae4!3m1!1s2@1:CAIQACodChtycF9oOkh2LVpFM3hZSFprWUpCeG51SndwakE%7C%7C?hl=en","112573695515546766141","38","https://lh3.googleusercontent.com/a/ACg8ocIKK9ZNsGEOkqQd6RVokTk6IK8wQErmjf-pa7u61MX-XAysKsI=s1920-c-rp-mo-ba3-br100","https://www.google.com/maps/contrib/112573695515546766141?hl=en","3635","2025-09-21T15:14:49.809Z","Direct Detail URL: https://www.google.com/maps/place/Ulu%E1%B9%9Fu-Kata+Tju%E1%B9%AFa+National+Park/@-25.3116912,130.6926882,10z/data=!4m8!3m7!1s0x2b236c2c7ed3b881:0xdb2a86cd5fe91ae4!8m2!3d-25.3437797!4d131.0346514!9m1!1b1!16zL20vMHBzamM?entry=ttu&g_ep=EgoyMDI1MDkxNy4wIKXMDSoASAFQAw%3D%3D","5","Northern Territory","Lasseter Hwy","false","gorganids reference?",,"Uluṟu-Kata Tjuṯa National Park","4.8",,"https://www.google.com/maps/search/?api=1&query=Ulu%E1%B9%9Fu-Kata%20Tju%E1%B9%AFa%20National%20Park&query_place_id=ChIJgbjTfixsIysR5BrpX82GKts",
"Lasseter Hwy, Uluru NT 0872, Australia","National park","Tourist attraction","National park","15792583259963595492","Uluru","AU","0x2b236c2c7ed3b881:0xdb2a86cd5fe91ae4","https://lh3.googleusercontent.com/gps-cs-s/AC9h4np7S9xkuA34HblM4n_s-YBACR-wXhUjXYEYaqqccZkTV4ieal3VCKzlYSZw4_YO0a_d1XboFH8M9P36L0LZXdhQEwDNks0TRleE-39VVx_-jEbYM4RxCVyu3PjaUOgVkGTBCklE=w408-h306-k-no","false","false","en","0","-25.3437797","131.0346514","valdrin rexha",,"en","false","ChIJgbjTfixsIysR5BrpX82GKts","0872",,"a month ago","2025-08-11T23:42:45.415Z",,,,,,,,"Ci9DQUlRQUNvZENodHljRjlvT2tSNVoyVnVaVzlUTjJkRFltRmpjVGt0U21rd1gwRRAB",,,,,,,,,,,,,,,,,,,,,,"Google","https://www.google.com/maps/reviews/data=!4m8!14m7!1m6!2m5!1sCi9DQUlRQUNvZENodHljRjlvT2tSNVoyVnVaVzlUTjJkRFltRmpjVGt0U21rd1gwRRAB!2m1!1s0x0:0xdb2a86cd5fe91ae4!3m1!1s2@1:CAIQACodChtycF9oOkR5Z2VuZW9TN2dDYmFjcTktSmkwX0E%7C%7C?hl=en","100716734474146252003","3","https://lh3.googleusercontent.com/a-/ALV-UjVJn9HdMgRpbb928hsb28bIVZOJ68CVrzIyyX8s5MDTmcfS6kkW=s1920-c-rp-mo-br100","https://www.google.com/maps/contrib/100716734474146252003?hl=en","3635","2025-09-21T15:14:49.809Z","Direct Detail URL: https://www.google.com/maps/place/Ulu%E1%B9%9Fu-Kata+Tju%E1%B9%AFa+National+Park/@-25.3116912,130.6926882,10z/data=!4m8!3m7!1s0x2b236c2c7ed3b881:0xdb2a86cd5fe91ae4!8m2!3d-25.3437797!4d131.0346514!9m1!1b1!16zL20vMHBzamM?entry=ttu&g_ep=EgoyMDI1MDkxNy4wIKXMDSoASAFQAw%3D%3D","1","Northern Territory","Lasseter Hwy","false","it a rock but its not the rock",,"Uluṟu-Kata Tjuṯa National Park","4.8",,"https://www.google.com/maps/search/?api=1&query=Ulu%E1%B9%9Fu-Kata%20Tju%E1%B9%AFa%20National%20Park&query_place_id=ChIJgbjTfixsIysR5BrpX82GKts",
"Lasseter Hwy, Uluru NT 0872, Australia","National park","Tourist attraction","National park","15792583259963595492","Uluru","AU","0x2b236c2c7ed3b881:0xdb2a86cd5fe91ae4","https://lh3.googleusercontent.com/gps-cs-s/AC9h4np7S9xkuA34HblM4n_s-YBACR-wXhUjXYEYaqqccZkTV4ieal3VCKzlYSZw4_YO0a_d1XboFH8M9P36L0LZXdhQEwDNks0TRleE-39VVx_-jEbYM4RxCVyu3PjaUOgVkGTBCklE=w408-h306-k-no","false","true","en","0","-25.3437797","131.0346514","Aspen XU",,"en","false","ChIJgbjTfixsIysR5BrpX82GKts","0872",,"a month ago","2025-08-08T01:34:51.862Z",,,,,,,,"Ci9DQUlRQUNvZENodHljRjlvT2tGaWNtaHdaa2hXZVRGR1VHUXRURVpQWDJwSU5HYxAB","https://lh3.googleusercontent.com/geougc-cs/AB3l90C97aJF_fSMSMjEU_ggKTEBOgjq0hMbDEnhpOQAt3gy7qD81ETL0wnz5O4U_jW2VqHggblDqOTleg34qxmBCAIwpVa_dhAucixQhQIxk7X7XxdCxcwIHQmCjb9Myj0MqxshzoJ5HpkYs7yY","https://lh3.googleusercontent.com/geougc-cs/AB3l90BldD_e34kb07TDYHGTNelrsq5Zroh0_YtPLJlmmKM5yYj9RN7Haa_E8eA_Sb9MuYBsDft3KUqUuLxOcKCeDRigbP1l7I55FvUiWk7Q4Q_71TdMpDA5EdjVKNK0K4DicE87Jw0vINN30XWY","https://lh3.googleusercontent.com/geougc-cs/AB3l90C9dK4d2ns_NyFZ5uojWUQ36D_Nlgq3xkln1YakGXIki0_BZRuEvi9diBVDMKMAFLSVtGQrCagC8mroAIh3KWBBkxnmORQWVLqYDuAm19FFKxnWJ9z4YsrIRbSAVp6nZvZz1hjhOeleGeU","https://lh3.googleusercontent.com/geougc-cs/AB3l90BF-gHvAKpbWbA6HiigK38GrHRBm6nasmWZ76owhJHpfwI5rC0CypVkE4p_fT8Es0m0RstKJUbnoZyV6uorACLZquee6WoNzx_HdReoNwJh95srZIh9mcNePXi8jpA_nER3fdsnAVHXw98r","https://lh3.googleusercontent.com/geougc-cs/AB3l90C9YJ8jsr3TtYkT2wUQsK7iEVifYWd0CjxiX17WUWivCftRXNssYliHKMSGWNEShkYNQIag9MXjo2KLszF5QJV0ixcN3KT0TDLFNhyZO2C95IesW6dr6DUz14JtULpa3uIWYRY2QGs0dGaW","https://lh3.googleusercontent.com/geougc-cs/AB3l90AJ863EKszvS3yfmd17roMV7hiu3JFYv9tF-UfYd4pjb83HoppJAWMBKjErWobcN0qp2e1vU5byfR2C-JemNdoLGExR-XzCsL8PYRAVl5J6ZiKPL_npzrdVPQIV4jLDzTz98x5c9WJRqMFc","https://lh3.googleusercontent.com/geougc-cs/AB3l90BYDzgNMY_DR5-BRRS0mQaYoAzL1vXtphHyKZLVAk5IHxISo-P42MRZDef-sWPohvdSdRoStB1LplceX1OCVqNp76lrY4d83bnuRldTod9FCN9K9TLaEqceouMO7NKK9HdmfAOtLcnudMFK","https://lh3.googleusercontent.com/geougc-cs/AB3l90DJeWDDYS35AFPYr5PWhYTfPEgkUUtCCfkty2CqXe4IWiZSZSqpsShsboQPHrsdWe6RcJLfDPD9B4wreDHC3T9kh23S6UnK801j8x6o5q_9J9cXUcG9-BjMdlSRDggjvKBRofujjCo0kFu1",,,,,,,,,,,,,,"Google","https://www.google.com/maps/reviews/data=!4m8!14m7!1m6!2m5!1sCi9DQUlRQUNvZENodHljRjlvT2tGaWNtaHdaa2hXZVRGR1VHUXRURVpQWDJwSU5HYxAB!2m1!1s0x0:0xdb2a86cd5fe91ae4!3m1!1s2@1:CAIQACodChtycF9oOkFicmhwZkhWeTFGUGQtTEZPX2pINGc%7C%7C?hl=en","105743630251359430668","129","https://lh3.googleusercontent.com/a-/ALV-UjVj-NyfiBFDwLfInXvHlx6ZL7gNNJAb7KXMtWO3gtHJGDvIA_E=s1920-c-rp-mo-ba4-br100","https://www.google.com/maps/contrib/105743630251359430668?hl=en","3635","2025-09-21T15:14:49.809Z","Direct Detail URL: https://www.google.com/maps/place/Ulu%E1%B9%9Fu-Kata+Tju%E1%B9%AFa+National+Park/@-25.3116912,130.6926882,10z/data=!4m8!3m7!1s0x2b236c2c7ed3b881:0xdb2a86cd5fe91ae4!8m2!3d-25.3437797!4d131.0346514!9m1!1b1!16zL20vMHBzamM?entry=ttu&g_ep=EgoyMDI1MDkxNy4wIKXMDSoASAFQAw%3D%3D","5","Northern Territory","Lasseter Hwy","false","big nice rock!",,"Uluṟu-Kata Tjuṯa National Park","4.8",,"https://www.google.com/maps/search/?api=1&query=Ulu%E1%B9%9Fu-Kata%20Tju%E1%B9%AFa%20National%20Park&query_place_id=ChIJgbjTfixsIysR5BrpX82GKts",
"Lasseter Hwy, Uluru NT 0872, Australia","National park","Tourist attraction","National park","15792583259963595492","Uluru","AU","0x2b236c2c7ed3b881:0xdb2a86cd5fe91ae4","https://lh3.googleusercontent.com/gps-cs-s/AC9h4np7S9xkuA34HblM4n_s-YBACR-wXhUjXYEYaqqccZkTV4ieal3VCKzlYSZw4_YO0a_d1XboFH8M9P36L0LZXdhQEwDNks0TRleE-39VVx_-jEbYM4RxCVyu3PjaUOgVkGTBCklE=w408-h306-k-no","false","true","en","0","-25.3437797","131.0346514","Amie Ramsay",,,"false","ChIJgbjTfixsIysR5BrpX82GKts","0872",,"a month ago","2025-08-05T10:47:15.495Z",,,,,,,,"Ci9DQUlRQUNvZENodHljRjlvT205b1VHc3pZV014VEdaUVEyOUxNRkoyYzNWcmRsRRAB",,,,,,,,,,,,,,,,,,,,,,"Google","https://www.google.com/maps/reviews/data=!4m8!14m7!1m6!2m5!1sCi9DQUlRQUNvZENodHljRjlvT205b1VHc3pZV014VEdaUVEyOUxNRkoyYzNWcmRsRRAB!2m1!1s0x0:0xdb2a86cd5fe91ae4!3m1!1s2@1:CAIQACodChtycF9oOm9oUGszYWMxTGZQQ29LMFJ2c3VrdlE%7C%7C?hl=en","102318434383817777318","15","https://lh3.googleusercontent.com/a/ACg8ocKTFq2-VyGbjuHKn_0BFbyENAOv1fGE34zgxUEm57oxWCvsCM7i=s1920-c-rp-mo-ba4-br100","https://www.google.com/maps/contrib/102318434383817777318?hl=en","3635","2025-09-21T15:14:49.809Z","Direct Detail URL: https://www.google.com/maps/place/Ulu%E1%B9%9Fu-Kata+Tju%E1%B9%AFa+National+Park/@-25.3116912,130.6926882,10z/data=!4m8!3m7!1s0x2b236c2c7ed3b881:0xdb2a86cd5fe91ae4!8m2!3d-25.3437797!4d131.0346514!9m1!1b1!16zL20vMHBzamM?entry=ttu&g_ep=EgoyMDI1MDkxNy4wIKXMDSoASAFQAw%3D%3D","5","Northern Territory","Lasseter Hwy","false",,,"Uluṟu-Kata Tjuṯa National Park","4.8",,"https://www.google.com/maps/search/?api=1&query=Ulu%E1%B9%9Fu-Kata%20Tju%E1%B9%AFa%20National%20Park&query_place_id=ChIJgbjTfixsIysR5BrpX82GKts",
"Lasseter Hwy, Uluru NT 0872, Australia","National park","Tourist attraction","National park","15792583259963595492","Uluru","AU","0x2b236c2c7ed3b881:0xdb2a86cd5fe91ae4","https://lh3.googleusercontent.com/gps-cs-s/AC9h4np7S9xkuA34HblM4n_s-YBACR-wXhUjXYEYaqqccZkTV4ieal3VCKzlYSZw4_YO0a_d1XboFH8M9P36L0LZXdhQEwDNks0TRleE-39VVx_-jEbYM4RxCVyu3PjaUOgVkGTBCklE=w408-h306-k-no","false","true","en","0","-25.3437797","131.0346514","Hennie Van Der Merwe",,"en","false","ChIJgbjTfixsIysR5BrpX82GKts","0872",,"a month ago","2025-08-05T00:21:55.495Z",,,,,,,,"Ci9DQUlRQUNvZENodHljRjlvT2pKWVlpMXRVVmhXYmpOaFNVaG1ZVGRyTkhrM1kyYxAB",,,,,,,,,,,,,,,,,,,,,,"Google","https://www.google.com/maps/reviews/data=!4m8!14m7!1m6!2m5!1sCi9DQUlRQUNvZENodHljRjlvT2pKWVlpMXRVVmhXYmpOaFNVaG1ZVGRyTkhrM1kyYxAB!2m1!1s0x0:0xdb2a86cd5fe91ae4!3m1!1s2@1:CAIQACodChtycF9oOjJYYi1tUVhWbjNhSUhmYTdrNHk3Y2c%7C%7C?hl=en","102047528710254016862","79","https://lh3.googleusercontent.com/a/ACg8ocKSHu31AZnDg3WluGwJNubZdlT6jxWiOS5Ldd6w-HUEoeOySJdn=s1920-c-rp-mo-ba4-br100","https://www.google.com/maps/contrib/102047528710254016862?hl=en","3635","2025-09-21T15:14:49.809Z","Direct Detail URL: https://www.google.com/maps/place/Ulu%E1%B9%9Fu-Kata+Tju%E1%B9%AFa+National+Park/@-25.3116912,130.6926882,10z/data=!4m8!3m7!1s0x2b236c2c7ed3b881:0xdb2a86cd5fe91ae4!8m2!3d-25.3437797!4d131.0346514!9m1!1b1!16zL20vMHBzamM?entry=ttu&g_ep=EgoyMDI1MDkxNy4wIKXMDSoASAFQAw%3D%3D","5","Northern Territory","Lasseter Hwy","false","It is a very special experience to see and walk. While there also go and walk the Olga's",,"Uluṟu-Kata Tjuṯa National Park","4.8",,"https://www.google.com/maps/search/?api=1&query=Ulu%E1%B9%9Fu-Kata%20Tju%E1%B9%AFa%20National%20Park&query_place_id=ChIJgbjTfixsIysR5BrpX82GKts",
"Lasseter Hwy, Uluru NT 0872, Australia","National park","Tourist attraction","National park","15792583259963595492","Uluru","AU","0x2b236c2c7ed3b881:0xdb2a86cd5fe91ae4","https://lh3.googleusercontent.com/gps-cs-s/AC9h4np7S9xkuA34HblM4n_s-YBACR-wXhUjXYEYaqqccZkTV4ieal3VCKzlYSZw4_YO0a_d1XboFH8M9P36L0LZXdhQEwDNks0TRleE-39VVx_-jEbYM4RxCVyu3PjaUOgVkGTBCklE=w408-h306-k-no","false","false","en","0","-25.3437797","131.0346514","The Travel Junkie",,,"false","ChIJgbjTfixsIysR5BrpX82GKts","0872",,"a month ago","2025-08-04T22:15:34.144Z",,,,,,,,"Ci9DQUlRQUNvZENodHljRjlvT214dE1WbFlNSGR2TkZvNVRtRlFUR1o2TkRaSWNrRRAB",,,,,,,,,,,,,,,,,,,,,,"Google","https://www.google.com/maps/reviews/data=!4m8!14m7!1m6!2m5!1sCi9DQUlRQUNvZENodHljRjlvT214dE1WbFlNSGR2TkZvNVRtRlFUR1o2TkRaSWNrRRAB!2m1!1s0x0:0xdb2a86cd5fe91ae4!3m1!1s2@1:CAIQACodChtycF9oOmxtMVlYMHdvNFo5TmFQTGZ6NDZIckE%7C%7C?hl=en","115452637682563239635","118","https://lh3.googleusercontent.com/a-/ALV-UjWssBxZUjCGUaZh9zmHPX_nhLvFwZH5vV0vPhMBaOaLFpvFA8MJ=s1920-c-rp-mo-br100","https://www.google.com/maps/contrib/115452637682563239635?hl=en","3635","2025-09-21T15:14:49.809Z","Direct Detail URL: https://www.google.com/maps/place/Ulu%E1%B9%9Fu-Kata+Tju%E1%B9%AFa+National+Park/@-25.3116912,130.6926882,10z/data=!4m8!3m7!1s0x2b236c2c7ed3b881:0xdb2a86cd5fe91ae4!8m2!3d-25.3437797!4d131.0346514!9m1!1b1!16zL20vMHBzamM?entry=ttu&g_ep=EgoyMDI1MDkxNy4wIKXMDSoASAFQAw%3D%3D","5","Northern Territory","Lasseter Hwy","false",,,"Uluṟu-Kata Tjuṯa National Park","4.8",,"https://www.google.com/maps/search/?api=1&query=Ulu%E1%B9%9Fu-Kata%20Tju%E1%B9%AFa%20National%20Park&query_place_id=ChIJgbjTfixsIysR5BrpX82GKts",
"Lasseter Hwy, Uluru NT 0872, Australia","National park","Tourist attraction","National park","15792583259963595492","Uluru","AU","0x2b236c2c7ed3b881:0xdb2a86cd5fe91ae4","https://lh3.googleusercontent.com/gps-cs-s/AC9h4np7S9xkuA34HblM4n_s-YBACR-wXhUjXYEYaqqccZkTV4ieal3VCKzlYSZw4_YO0a_d1XboFH8M9P36L0LZXdhQEwDNks0TRleE-39VVx_-jEbYM4RxCVyu3PjaUOgVkGTBCklE=w408-h306-k-no","false","true","en","0","-25.3437797","131.0346514","j Griffo",,"en","false","ChIJgbjTfixsIysR5BrpX82GKts","0872",,"a month ago","2025-08-04T15:16:52.165Z",,,,,,,,"Ci9DQUlRQUNvZENodHljRjlvT25CaE5reExiRzV6VmtKR1JUVXpNMWczUkdsUWRVRRAB",,,,,,,,,,,,,,,,,,,,,,"Google","https://www.google.com/maps/reviews/data=!4m8!14m7!1m6!2m5!1sCi9DQUlRQUNvZENodHljRjlvT25CaE5reExiRzV6VmtKR1JUVXpNMWczUkdsUWRVRRAB!2m1!1s0x0:0xdb2a86cd5fe91ae4!3m1!1s2@1:CAIQACodChtycF9oOnBhNkxLbG5zVkJGRTUzM1g3RGlQdUE%7C%7C?hl=en","101949515979895043030","19","https://lh3.googleusercontent.com/a/ACg8ocLGUZX0vUjQDx-Czx3R3_fNFPjVI4we156kN3Wd00OMu0P2JQ=s1920-c-rp-mo-ba2-br100","https://www.google.com/maps/contrib/101949515979895043030?hl=en","3635","2025-09-21T15:14:49.809Z","Direct Detail URL: https://www.google.com/maps/place/Ulu%E1%B9%9Fu-Kata+Tju%E1%B9%AFa+National+Park/@-25.3116912,130.6926882,10z/data=!4m8!3m7!1s0x2b236c2c7ed3b881:0xdb2a86cd5fe91ae4!8m2!3d-25.3437797!4d131.0346514!9m1!1b1!16zL20vMHBzamM?entry=ttu&g_ep=EgoyMDI1MDkxNy4wIKXMDSoASAFQAw%3D%3D","5","Northern Territory","Lasseter Hwy","false","Great experience",,"Uluṟu-Kata Tjuṯa National Park","4.8",,"https://www.google.com/maps/search/?api=1&query=Ulu%E1%B9%9Fu-Kata%20Tju%E1%B9%AFa%20National%20Park&query_place_id=ChIJgbjTfixsIysR5BrpX82GKts",
"Lasseter Hwy, Uluru NT 0872, Australia","National park","Tourist attraction","National park","15792583259963595492","Uluru","AU","0x2b236c2c7ed3b881:0xdb2a86cd5fe91ae4","https://lh3.googleusercontent.com/gps-cs-s/AC9h4np7S9xkuA34HblM4n_s-YBACR-wXhUjXYEYaqqccZkTV4ieal3VCKzlYSZw4_YO0a_d1XboFH8M9P36L0LZXdhQEwDNks0TRleE-39VVx_-jEbYM4RxCVyu3PjaUOgVkGTBCklE=w408-h306-k-no","false","true","en","0","-25.3437797","131.0346514","Lyn",,"en","false","ChIJgbjTfixsIysR5BrpX82GKts","0872",,"Edited a month ago","2025-08-03T11:51:24.890Z",,,,,,,,"Ci9DQUlRQUNvZENodHljRjlvT205R1dqQkxObTh5Um1JeWJUUnFWVEJaUm0xc1VVRRAB","https://lh3.googleusercontent.com/geougc-cs/AB3l90Bg80dqyvCbjYKOTeNIRNtPPV3MYQknGc4ja208IpJl1wHT3ktifAoivY9LLaIq2puFL6HHpiVOFyYN3Et4Ud8COaPthW0TfvvHIk2cCh1DpBZEnZtQlsEF3z9SMPHsB7dJIOGKAreCYWtX","https://lh3.googleusercontent.com/geougc-cs/AB3l90BZsEyk2v6ScwR9nZfrRfVwM9nkwUzvWJGFaIsLLycS15B9iYrt2Uz2On8zjNZTUpFzNFDnHUA2VaZA_JGka8q8mrVF_gZHlx1aP5uWQNOhwCRXdaWhjnkd2qDN5-7eg0kXLy2cdMMdkY0","https://lh3.googleusercontent.com/geougc-cs/AB3l90DE2IuV5MYttOStR5zzd2xZDq8vGQmsPld14yGoGd1fjuYNLddqTvaliyPEZD16FEkb5J7yS1whTlll1NVF2Bmqd5BakXus54ShLEApwYOlpFY99Nf57CoA_WWyIwa2QqoLknT9H2Z814OO","https://lh3.googleusercontent.com/geougc-cs/AB3l90Anba8atXMgXE2dHrp6PuHfMTUxMhe8Q0Tbmggu5pVTxfpBFexlL6zrUmjejfM66qU1LTCMf_D4Jg_46qan9A0JnlP8Az12sK7lYA10lsADAwYxZPPbID42Xs1JBtQ-Zbnm990EM5oOKOJG",,,,,,,,,,,,,,,,,,"Google","https://www.google.com/maps/reviews/data=!4m8!14m7!1m6!2m5!1sCi9DQUlRQUNvZENodHljRjlvT205R1dqQkxObTh5Um1JeWJUUnFWVEJaUm0xc1VVRRAB!2m1!1s0x0:0xdb2a86cd5fe91ae4!3m1!1s2@1:CAIQACodChtycF9oOm9GWjBLNm8yRmIybTRqVTBZRm1sUUE%7C%7C?hl=en","113901569591872500500","348","https://lh3.googleusercontent.com/a-/ALV-UjUXg2caaLsfBZiH49ELesBZ4PlKjPrki23ySHoHvz6VudoiFqBv=s1920-c-rp-mo-ba6-br100","https://www.google.com/maps/contrib/113901569591872500500?hl=en","3635","2025-09-21T15:14:49.809Z","Direct Detail URL: https://www.google.com/maps/place/Ulu%E1%B9%9Fu-Kata+Tju%E1%B9%AFa+National+Park/@-25.3116912,130.6926882,10z/data=!4m8!3m7!1s0x2b236c2c7ed3b881:0xdb2a86cd5fe91ae4!8m2!3d-25.3437797!4d131.0346514!9m1!1b1!16zL20vMHBzamM?entry=ttu&g_ep=EgoyMDI1MDkxNy4wIKXMDSoASAFQAw%3D%3D","5","Northern Territory","Lasseter Hwy","false","Fantastic place to visit, walked all around the rock.  This is my 3 visit in my life.  💜",,"Uluṟu-Kata Tjuṯa National Park","4.8",,"https://www.google.com/maps/search/?api=1&query=Ulu%E1%B9%9Fu-Kata%20Tju%E1%B9%AFa%20National%20Park&query_place_id=ChIJgbjTfixsIysR5BrpX82GKts",
"Lasseter Hwy, Uluru NT 0872, Australia","National park","Tourist attraction","National park","15792583259963595492","Uluru","AU","0x2b236c2c7ed3b881:0xdb2a86cd5fe91ae4","https://lh3.googleusercontent.com/gps-cs-s/AC9h4np7S9xkuA34HblM4n_s-YBACR-wXhUjXYEYaqqccZkTV4ieal3VCKzlYSZw4_YO0a_d1XboFH8M9P36L0LZXdhQEwDNks0TRleE-39VVx_-jEbYM4RxCVyu3PjaUOgVkGTBCklE=w408-h306-k-no","false","false","en","0","-25.3437797","131.0346514","Michael McCristal",,"en","false","ChIJgbjTfixsIysR5BrpX82GKts","0872",,"a month ago","2025-08-02T03:19:07.802Z",,,,,,,,"Ci9DQUlRQUNvZENodHljRjlvT2tJM2EwMWxSMlp1YTJoaFMwSmpabTVaWHpaRWVXYxAB",,,,,,,,,,,,,,,,,,,,,,"Google","https://www.google.com/maps/reviews/data=!4m8!14m7!1m6!2m5!1sCi9DQUlRQUNvZENodHljRjlvT2tJM2EwMWxSMlp1YTJoaFMwSmpabTVaWHpaRWVXYxAB!2m1!1s0x0:0xdb2a86cd5fe91ae4!3m1!1s2@1:CAIQACodChtycF9oOkI3a01lR2Zua2hhS0JjZm5ZXzZEeWc%7C%7C?hl=en","102387725728655819386","9","https://lh3.googleusercontent.com/a-/ALV-UjW7jkI9KEMbFH2CAnIrnNRL1QmiqbNlwyPS3wYTq_I-8Q4fK8Xy=s1920-c-rp-mo-br100","https://www.google.com/maps/contrib/102387725728655819386?hl=en","3635","2025-09-21T15:14:49.809Z","Direct Detail URL: https://www.google.com/maps/place/Ulu%E1%B9%9Fu-Kata+Tju%E1%B9%AFa+National+Park/@-25.3116912,130.6926882,10z/data=!4m8!3m7!1s0x2b236c2c7ed3b881:0xdb2a86cd5fe91ae4!8m2!3d-25.3437797!4d131.0346514!9m1!1b1!16zL20vMHBzamM?entry=ttu&g_ep=EgoyMDI1MDkxNy4wIKXMDSoASAFQAw%3D%3D","5","Northern Territory","Lasseter Hwy","false","There is something quite spiritual there in The Red Centre. Especially Uluru and Kata Tjuṯa (The Olgas)",,"Uluṟu-Kata Tjuṯa National Park","4.8",,"https://www.google.com/maps/search/?api=1&query=Ulu%E1%B9%9Fu-Kata%20Tju%E1%B9%AFa%20National%20Park&query_place_id=ChIJgbjTfixsIysR5BrpX82GKts",
"Lasseter Hwy, Uluru NT 0872, Australia","National park","Tourist attraction","National park","15792583259963595492","Uluru","AU","0x2b236c2c7ed3b881:0xdb2a86cd5fe91ae4","https://lh3.googleusercontent.com/gps-cs-s/AC9h4np7S9xkuA34HblM4n_s-YBACR-wXhUjXYEYaqqccZkTV4ieal3VCKzlYSZw4_YO0a_d1XboFH8M9P36L0LZXdhQEwDNks0TRleE-39VVx_-jEbYM4RxCVyu3PjaUOgVkGTBCklE=w408-h306-k-no","false","false","en","0","-25.3437797","131.0346514","Clare Hickey",,"en","false","ChIJgbjTfixsIysR5BrpX82GKts","0872",,"Edited a month ago","2025-07-28T05:41:01.451Z",,,,,,,,"ChdDSUhNMG9nS0VJQ0FnSUMwaHJyUzl3RRAB",,,,,,,,,,,,,,,,,,,,,,"Google","https://www.google.com/maps/reviews/data=!4m8!14m7!1m6!2m5!1sChdDSUhNMG9nS0VJQ0FnSUMwaHJyUzl3RRAB!2m1!1s0x0:0xdb2a86cd5fe91ae4!3m1!1s2@1:CIHM0ogKEICAgIC0hrrS9wE%7C%7C?hl=en","107140676001179577335","5","https://lh3.googleusercontent.com/a/ACg8ocLhjhiuSBzwscRtjS9A50IbPi0R5FkX8MXOpHdsMWjTAHiaQA=s1920-c-rp-mo-br100","https://www.google.com/maps/contrib/107140676001179577335?hl=en","3635","2025-09-21T15:14:49.809Z","Direct Detail URL: https://www.google.com/maps/place/Ulu%E1%B9%9Fu-Kata+Tju%E1%B9%AFa+National+Park/@-25.3116912,130.6926882,10z/data=!4m8!3m7!1s0x2b236c2c7ed3b881:0xdb2a86cd5fe91ae4!8m2!3d-25.3437797!4d131.0346514!9m1!1b1!16zL20vMHBzamM?entry=ttu&g_ep=EgoyMDI1MDkxNy4wIKXMDSoASAFQAw%3D%3D","5","Northern Territory","Lasseter Hwy","false","Needs a toilet halfway around Uluru if you are walking. Otherwise very majestic and 5/5",,"Uluṟu-Kata Tjuṯa National Park","4.8",,"https://www.google.com/maps/search/?api=1&query=Ulu%E1%B9%9Fu-Kata%20Tju%E1%B9%AFa%20National%20Park&query_place_id=ChIJgbjTfixsIysR5BrpX82GKts",
"Lasseter Hwy, Uluru NT 0872, Australia","National park","Tourist attraction","National park","15792583259963595492","Uluru","AU","0x2b236c2c7ed3b881:0xdb2a86cd5fe91ae4","https://lh3.googleusercontent.com/gps-cs-s/AC9h4np7S9xkuA34HblM4n_s-YBACR-wXhUjXYEYaqqccZkTV4ieal3VCKzlYSZw4_YO0a_d1XboFH8M9P36L0LZXdhQEwDNks0TRleE-39VVx_-jEbYM4RxCVyu3PjaUOgVkGTBCklE=w408-h306-k-no","false","true","en","0","-25.3437797","131.0346514","Alex Springer",,"en","false","ChIJgbjTfixsIysR5BrpX82GKts","0872",,"a month ago","2025-07-25T22:26:14.888Z",,,,,,,,"Ci9DQUlRQUNvZENodHljRjlvT21sbU0zWm5SRXd3VFdWNmJVMXVlVFZsZFhCVFowRRAB","https://lh3.googleusercontent.com/geougc-cs/AB3l90Cej9qURzGPm_LMXe0qBodXN4LU6JGAp5ad2T_H_oqC2W6duHvoptHwfTxIxhnGpbMyn0TJx1vnsJCRmOqRZGHYBhTd-2Ncu_vbjcwpgWLCzFSCHznFvdFYaoN9s3pjavMaYDG3ZsxoG-kO","https://lh3.googleusercontent.com/geougc-cs/AB3l90DvnOD0l-J6eE_MwuoZ653q03pZ8Xq5CdACb1x2IqJangylgcoMshPvAwJXFLMee2o4ngZAIgoXkzsF88EVQEm_QrFJ_z3JxP_EhWraYhBKnb8-g_yOdG_uB4NzqCD95Yzsn_350igmQP0P","https://lh3.googleusercontent.com/geougc-cs/AB3l90DDyK22zJ9YlJN08Zq60BvxrYcUvEH38mzvzmrV_Pb1rx7W7Z-siMlonDtQkDlSBerDEXWSlzPitIdQ9s-H8hilTj1_vRLNUh_xsRe-suJHDC0w6w9Q6UVpEU2RzB8Vt472-Bgx1dkwomuQ","https://lh3.googleusercontent.com/geougc-cs/AB3l90DWh42A6isE0ygY05caa5iernIqumbZtFwDPCuBQ8sDQ5GhlbiNDKoVEoWoVdXQW98uZcIMILEj1GArZ430ogQkGS5I1OsaTcsXuW52a7VT3UgprJ-qZ7i71EvaRXelamA9XBY066R2hNEg","https://lh3.googleusercontent.com/geougc-cs/AB3l90BMHG1JE1-FCLil-Aso8_NSfUxxJK7rNsJ_nW7aNvJh-IG7Mbzz85cSwRIQRzibKbygjPMufqyNjtAfR_v_-cxsZvTVYiBYkqmLlkKkLJ_YcPCcJBoXJo8iR_LonzPWyiCe8T23jvtBAZs",,,,,,,,,,,,,,,,,"Google","https://www.google.com/maps/reviews/data=!4m8!14m7!1m6!2m5!1sCi9DQUlRQUNvZENodHljRjlvT21sbU0zWm5SRXd3VFdWNmJVMXVlVFZsZFhCVFowRRAB!2m1!1s0x0:0xdb2a86cd5fe91ae4!3m1!1s2@1:CAIQACodChtycF9oOmlmM3ZnREwwTWV6bU1ueTVldXBTZ0E%7C%7C?hl=en","108175154952861216587","110","https://lh3.googleusercontent.com/a-/ALV-UjWnF_ExjAW8MFTVBwZlaPHmT-sWrQ-N90G-9Ep742g_fV3J0lJM=s1920-c-rp-mo-ba4-br100","https://www.google.com/maps/contrib/108175154952861216587?hl=en","3635","2025-09-21T15:14:49.809Z","Direct Detail URL: https://www.google.com/maps/place/Ulu%E1%B9%9Fu-Kata+Tju%E1%B9%AFa+National+Park/@-25.3116912,130.6926882,10z/data=!4m8!3m7!1s0x2b236c2c7ed3b881:0xdb2a86cd5fe91ae4!8m2!3d-25.3437797!4d131.0346514!9m1!1b1!16zL20vMHBzamM?entry=ttu&g_ep=EgoyMDI1MDkxNy4wIKXMDSoASAFQAw%3D%3D","5","Northern Territory","Lasseter Hwy","false","Good to see",,"Uluṟu-Kata Tjuṯa National Park","4.8",,"https://www.google.com/maps/search/?api=1&query=Ulu%E1%B9%9Fu-Kata%20Tju%E1%B9%AFa%20National%20Park&query_place_id=ChIJgbjTfixsIysR5BrpX82GKts",
"Lasseter Hwy, Uluru NT 0872, Australia","National park","Tourist attraction","National park","15792583259963595492","Uluru","AU","0x2b236c2c7ed3b881:0xdb2a86cd5fe91ae4","https://lh3.googleusercontent.com/gps-cs-s/AC9h4np7S9xkuA34HblM4n_s-YBACR-wXhUjXYEYaqqccZkTV4ieal3VCKzlYSZw4_YO0a_d1XboFH8M9P36L0LZXdhQEwDNks0TRleE-39VVx_-jEbYM4RxCVyu3PjaUOgVkGTBCklE=w408-h306-k-no","false","true","en","0","-25.3437797","131.0346514","Doug Henry",,,"false","ChIJgbjTfixsIysR5BrpX82GKts","0872",,"a month ago","2025-07-25T11:40:05.140Z",,,,,,,,"Ci9DQUlRQUNvZENodHljRjlvT2psS1NqQnBUMXBmYVU5SmNuWmFjVGRpUzJWb1dIYxAB",,,,,,,,,,,,,,,,,,,,,,"Google","https://www.google.com/maps/reviews/data=!4m8!14m7!1m6!2m5!1sCi9DQUlRQUNvZENodHljRjlvT2psS1NqQnBUMXBmYVU5SmNuWmFjVGRpUzJWb1dIYxAB!2m1!1s0x0:0xdb2a86cd5fe91ae4!3m1!1s2@1:CAIQACodChtycF9oOjlKSjBpT1pfaU9JcnZacTdiS2VoWHc%7C%7C?hl=en","107079429183342300575","28","https://lh3.googleusercontent.com/a/ACg8ocJ9ZjOpRN7kgDuZMqXm231mPcRtKIU_IZlDcVygAZmuwqVm1w=s1920-c-rp-mo-ba3-br100","https://www.google.com/maps/contrib/107079429183342300575?hl=en","3635","2025-09-21T15:14:49.809Z","Direct Detail URL: https://www.google.com/maps/place/Ulu%E1%B9%9Fu-Kata+Tju%E1%B9%AFa+National+Park/@-25.3116912,130.6926882,10z/data=!4m8!3m7!1s0x2b236c2c7ed3b881:0xdb2a86cd5fe91ae4!8m2!3d-25.3437797!4d131.0346514!9m1!1b1!16zL20vMHBzamM?entry=ttu&g_ep=EgoyMDI1MDkxNy4wIKXMDSoASAFQAw%3D%3D","5","Northern Territory","Lasseter Hwy","false",,,"Uluṟu-Kata Tjuṯa National Park","4.8",,"https://www.google.com/maps/search/?api=1&query=Ulu%E1%B9%9Fu-Kata%20Tju%E1%B9%AFa%20National%20Park&query_place_id=ChIJgbjTfixsIysR5BrpX82GKts",
"Lasseter Hwy, Uluru NT 0872, Australia","National park","Tourist attraction","National park","15792583259963595492","Uluru","AU","0x2b236c2c7ed3b881:0xdb2a86cd5fe91ae4","https://lh3.googleusercontent.com/gps-cs-s/AC9h4np7S9xkuA34HblM4n_s-YBACR-wXhUjXYEYaqqccZkTV4ieal3VCKzlYSZw4_YO0a_d1XboFH8M9P36L0LZXdhQEwDNks0TRleE-39VVx_-jEbYM4RxCVyu3PjaUOgVkGTBCklE=w408-h306-k-no","false","true","en","0","-25.3437797","131.0346514","James Chen",,"en","false","ChIJgbjTfixsIysR5BrpX82GKts","0872",,"2 months ago","2025-07-20T20:19:53.734Z",,,,,,,,"Ci9DQUlRQUNvZENodHljRjlvT21wWFRqWXpOSGRwUTI0NGVVdE5jWFkzVGxwdU5VRRAB","https://lh3.googleusercontent.com/geougc-cs/AB3l90CNDfCZwSXIvMbIBrg7GXiwY1yji_sAgjM83rt5asdPInkMzUay3EbG3PVXueSzbc7Tc01QY2IdUPgGYojyRAW9WGnciwZC361OJv5MYew-ApYqwHFS7a3HWxoHcsP-ehs1UPu77sgPeL9M",,,,,,,,,,,,,,,,,,,,,"Google","https://www.google.com/maps/reviews/data=!4m8!14m7!1m6!2m5!1sCi9DQUlRQUNvZENodHljRjlvT21wWFRqWXpOSGRwUTI0NGVVdE5jWFkzVGxwdU5VRRAB!2m1!1s0x0:0xdb2a86cd5fe91ae4!3m1!1s2@1:CAIQACodChtycF9oOmpXTjYzNHdpQ244eUtNcXY3TlpuNUE%7C%7C?hl=en","113565549413819398607","177","https://lh3.googleusercontent.com/a/ACg8ocLKsLdadXMxcTbBHIJCjZdr7571BKw_zzb323fPSTl6Sgaxcg=s1920-c-rp-mo-ba4-br100","https://www.google.com/maps/contrib/113565549413819398607?hl=en","3635","2025-09-21T15:14:49.809Z","Direct Detail URL: https://www.google.com/maps/place/Ulu%E1%B9%9Fu-Kata+Tju%E1%B9%AFa+National+Park/@-25.3116912,130.6926882,10z/data=!4m8!3m7!1s0x2b236c2c7ed3b881:0xdb2a86cd5fe91ae4!8m2!3d-25.3437797!4d131.0346514!9m1!1b1!16zL20vMHBzamM?entry=ttu&g_ep=EgoyMDI1MDkxNy4wIKXMDSoASAFQAw%3D%3D","5","Northern Territory","Lasseter Hwy","false","A beautiful place to be!",,"Uluṟu-Kata Tjuṯa National Park","4.8",,"https://www.google.com/maps/search/?api=1&query=Ulu%E1%B9%9Fu-Kata%20Tju%E1%B9%AFa%20National%20Park&query_place_id=ChIJgbjTfixsIysR5BrpX82GKts",
"Lasseter Hwy, Uluru NT 0872, Australia","National park","Tourist attraction","National park","15792583259963595492","Uluru","AU","0x2b236c2c7ed3b881:0xdb2a86cd5fe91ae4","https://lh3.googleusercontent.com/gps-cs-s/AC9h4np7S9xkuA34HblM4n_s-YBACR-wXhUjXYEYaqqccZkTV4ieal3VCKzlYSZw4_YO0a_d1XboFH8M9P36L0LZXdhQEwDNks0TRleE-39VVx_-jEbYM4RxCVyu3PjaUOgVkGTBCklE=w408-h306-k-no","false","true","en","0","-25.3437797","131.0346514","Natalie Blanco",,"en","false","ChIJgbjTfixsIysR5BrpX82GKts","0872",,"2 months ago","2025-07-18T11:01:45.368Z",,,,,"Great.",,"A bit smelly but okay","Ci9DQUlRQUNvZENodHljRjlvT213NFV6UmplRFpZUVdkSE5YSldWbWt5Y0ZoRVdIYxAB",,,,,,,,,,,,,,,,,,,,,,"Google","https://www.google.com/maps/reviews/data=!4m8!14m7!1m6!2m5!1sCi9DQUlRQUNvZENodHljRjlvT213NFV6UmplRFpZUVdkSE5YSldWbWt5Y0ZoRVdIYxAB!2m1!1s0x0:0xdb2a86cd5fe91ae4!3m1!1s2@1:CAIQACodChtycF9oOmw4UzRjeDZYQWdHNXJWVmkycFhEWHc%7C%7C?hl=en","111299488868320805242","11","https://lh3.googleusercontent.com/a/ACg8ocLm0MQ4j6Va4uco0LM9sBgFs8GQJbLcne66S-wcKGWubLTfDg=s1920-c-rp-mo-ba2-br100","https://www.google.com/maps/contrib/111299488868320805242?hl=en","3635","2025-09-21T15:14:49.809Z","Direct Detail URL: https://www.google.com/maps/place/Ulu%E1%B9%9Fu-Kata+Tju%E1%B9%AFa+National+Park/@-25.3116912,130.6926882,10z/data=!4m8!3m7!1s0x2b236c2c7ed3b881:0xdb2a86cd5fe91ae4!8m2!3d-25.3437797!4d131.0346514!9m1!1b1!16zL20vMHBzamM?entry=ttu&g_ep=EgoyMDI1MDkxNy4wIKXMDSoASAFQAw%3D%3D","5","Northern Territory","Lasseter Hwy","false",,,"Uluṟu-Kata Tjuṯa National Park","4.8",,"https://www.google.com/maps/search/?api=1&query=Ulu%E1%B9%9Fu-Kata%20Tju%E1%B9%AFa%20National%20Park&query_place_id=ChIJgbjTfixsIysR5BrpX82GKts",
"Lasseter Hwy, Uluru NT 0872, Australia","National park","Tourist attraction","National park","15792583259963595492","Uluru","AU","0x2b236c2c7ed3b881:0xdb2a86cd5fe91ae4","https://lh3.googleusercontent.com/gps-cs-s/AC9h4np7S9xkuA34HblM4n_s-YBACR-wXhUjXYEYaqqccZkTV4ieal3VCKzlYSZw4_YO0a_d1XboFH8M9P36L0LZXdhQEwDNks0TRleE-39VVx_-jEbYM4RxCVyu3PjaUOgVkGTBCklE=w408-h306-k-no","false","true","en","0","-25.3437797","131.0346514","Robert R.",,"pl","false","ChIJgbjTfixsIysR5BrpX82GKts","0872",,"2 months ago","2025-07-16T21:10:52.952Z",,,,,,,,"Ci9DQUlRQUNvZENodHljRjlvT2xKelYxTTBVelJHUTJSclQwaHNWRXAyYmpGQ1JYYxAB",,,,,,,,,,,,,,,,,,,,,,"Google","https://www.google.com/maps/reviews/data=!4m8!14m7!1m6!2m5!1sCi9DQUlRQUNvZENodHljRjlvT2xKelYxTTBVelJHUTJSclQwaHNWRXAyYmpGQ1JYYxAB!2m1!1s0x0:0xdb2a86cd5fe91ae4!3m1!1s2@1:CAIQACodChtycF9oOlJzV1M0UzRGQ2RrT0hsVEp2bjFCRXc%7C%7C?hl=en","108100419564601594602","229","https://lh3.googleusercontent.com/a/ACg8ocIHJdPhj8PtKGhFNWtyfrj3-BhopyLdoMcQAM5h-guUyFyiaQ=s1920-c-rp-mo-ba5-br100","https://www.google.com/maps/contrib/108100419564601594602?hl=en","3635","2025-09-21T15:14:49.809Z","Direct Detail URL: https://www.google.com/maps/place/Ulu%E1%B9%9Fu-Kata+Tju%E1%B9%AFa+National+Park/@-25.3116912,130.6926882,10z/data=!4m8!3m7!1s0x2b236c2c7ed3b881:0xdb2a86cd5fe91ae4!8m2!3d-25.3437797!4d131.0346514!9m1!1b1!16zL20vMHBzamM?entry=ttu&g_ep=EgoyMDI1MDkxNy4wIKXMDSoASAFQAw%3D%3D","5","Northern Territory","Lasseter Hwy","false","Niesamowite krajobrazy.  Dobrze się trzeba zabezpieczyć przed upałem.","The landscapes are incredible. Be sure to protect yourself from the heat.","Uluṟu-Kata Tjuṯa National Park","4.8","en","https://www.google.com/maps/search/?api=1&query=Ulu%E1%B9%9Fu-Kata%20Tju%E1%B9%AFa%20National%20Park&query_place_id=ChIJgbjTfixsIysR5BrpX82GKts",
"Lasseter Hwy, Uluru NT 0872, Australia","National park","Tourist attraction","National park","15792583259963595492","Uluru","AU","0x2b236c2c7ed3b881:0xdb2a86cd5fe91ae4","https://lh3.googleusercontent.com/gps-cs-s/AC9h4np7S9xkuA34HblM4n_s-YBACR-wXhUjXYEYaqqccZkTV4ieal3VCKzlYSZw4_YO0a_d1XboFH8M9P36L0LZXdhQEwDNks0TRleE-39VVx_-jEbYM4RxCVyu3PjaUOgVkGTBCklE=w408-h306-k-no","false","false","en","0","-25.3437797","131.0346514","Maggie McQueen",,,"false","ChIJgbjTfixsIysR5BrpX82GKts","0872",,"2 months ago","2025-07-15T06:25:40.838Z",,,,,,,,"Ci9DQUlRQUNvZENodHljRjlvT2s5UVZVOHlSV3h0WVZaTU9FVk9jVVpwVUhFd1JVRRAB",,,,,,,,,,,,,,,,,,,,,,"Google","https://www.google.com/maps/reviews/data=!4m8!14m7!1m6!2m5!1sCi9DQUlRQUNvZENodHljRjlvT2s5UVZVOHlSV3h0WVZaTU9FVk9jVVpwVUhFd1JVRRAB!2m1!1s0x0:0xdb2a86cd5fe91ae4!3m1!1s2@1:CAIQACodChtycF9oOk9QVU8yRWxtYVZMOEVOcUZpUHEwRUE%7C%7C?hl=en","102761752925102579096","1","https://lh3.googleusercontent.com/a/ACg8ocJBlyy1ZJdJ5f8sSJddTfHZxCelxzufiVHK6XBVL5h3lxxb9-I=s1920-c-rp-mo-br100","https://www.google.com/maps/contrib/102761752925102579096?hl=en","3635","2025-09-21T15:14:49.809Z","Direct Detail URL: https://www.google.com/maps/place/Ulu%E1%B9%9Fu-Kata+Tju%E1%B9%AFa+National+Park/@-25.3116912,130.6926882,10z/data=!4m8!3m7!1s0x2b236c2c7ed3b881:0xdb2a86cd5fe91ae4!8m2!3d-25.3437797!4d131.0346514!9m1!1b1!16zL20vMHBzamM?entry=ttu&g_ep=EgoyMDI1MDkxNy4wIKXMDSoASAFQAw%3D%3D","5","Northern Territory","Lasseter Hwy","false",,,"Uluṟu-Kata Tjuṯa National Park","4.8",,"https://www.google.com/maps/search/?api=1&query=Ulu%E1%B9%9Fu-Kata%20Tju%E1%B9%AFa%20National%20Park&query_place_id=ChIJgbjTfixsIysR5BrpX82GKts",
"Lasseter Hwy, Uluru NT 0872, Australia","National park","Tourist attraction","National park","15792583259963595492","Uluru","AU","0x2b236c2c7ed3b881:0xdb2a86cd5fe91ae4","https://lh3.googleusercontent.com/gps-cs-s/AC9h4np7S9xkuA34HblM4n_s-YBACR-wXhUjXYEYaqqccZkTV4ieal3VCKzlYSZw4_YO0a_d1XboFH8M9P36L0LZXdhQEwDNks0TRleE-39VVx_-jEbYM4RxCVyu3PjaUOgVkGTBCklE=w408-h306-k-no","false","true","en","0","-25.3437797","131.0346514","Sha G",,"en","false","ChIJgbjTfixsIysR5BrpX82GKts","0872",,"2 months ago","2025-07-14T22:31:20.853Z",,,,,,,,"Ci9DQUlRQUNvZENodHljRjlvT2sxV2VXVjNSVGxuVFRaSlkwaFBPWEpEVlRCSGNXYxAB","https://lh3.googleusercontent.com/geougc-cs/AB3l90CxzeMAg9DVf9xNViRn2WcJhZMiq2Z-yTM_DRTaRLt_6eRyXO6h9fFPlQwCRllFOcA2bFFdo8a3CJIRPx1YlEqoHAL9Xx39JXrftdcG59fLmY1e182rNmk43naQh5ZdS4TCGWL1U4y4MSqq",,,,,,,,,,,,,,,,,,,,,"Google","https://www.google.com/maps/reviews/data=!4m8!14m7!1m6!2m5!1sCi9DQUlRQUNvZENodHljRjlvT2sxV2VXVjNSVGxuVFRaSlkwaFBPWEpEVlRCSGNXYxAB!2m1!1s0x0:0xdb2a86cd5fe91ae4!3m1!1s2@1:CAIQACodChtycF9oOk1WeWV3RTlnTTZJY0hPOXJDVTBHcWc%7C%7C?hl=en","105915525697536205531","96","https://lh3.googleusercontent.com/a-/ALV-UjXImxdDxnlv_al1-tRkyiSw11QCBIGRNYxGyb81dYf5t6vsfhz1=s1920-c-rp-mo-ba4-br100","https://www.google.com/maps/contrib/105915525697536205531?hl=en","3635","2025-09-21T15:14:49.809Z","Direct Detail URL: https://www.google.com/maps/place/Ulu%E1%B9%9Fu-Kata+Tju%E1%B9%AFa+National+Park/@-25.3116912,130.6926882,10z/data=!4m8!3m7!1s0x2b236c2c7ed3b881:0xdb2a86cd5fe91ae4!8m2!3d-25.3437797!4d131.0346514!9m1!1b1!16zL20vMHBzamM?entry=ttu&g_ep=EgoyMDI1MDkxNy4wIKXMDSoASAFQAw%3D%3D","5","Northern Territory","Lasseter Hwy","false","Magical.",,"Uluṟu-Kata Tjuṯa National Park","4.8",,"https://www.google.com/maps/search/?api=1&query=Ulu%E1%B9%9Fu-Kata%20Tju%E1%B9%AFa%20National%20Park&query_place_id=ChIJgbjTfixsIysR5BrpX82GKts",
"Lasseter Hwy, Uluru NT 0872, Australia","National park","Tourist attraction","National park","15792583259963595492","Uluru","AU","0x2b236c2c7ed3b881:0xdb2a86cd5fe91ae4","https://lh3.googleusercontent.com/gps-cs-s/AC9h4np7S9xkuA34HblM4n_s-YBACR-wXhUjXYEYaqqccZkTV4ieal3VCKzlYSZw4_YO0a_d1XboFH8M9P36L0LZXdhQEwDNks0TRleE-39VVx_-jEbYM4RxCVyu3PjaUOgVkGTBCklE=w408-h306-k-no","false","true","en","0","-25.3437797","131.0346514","Hunter Silman",,"en","false","ChIJgbjTfixsIysR5BrpX82GKts","0872",,"2 months ago","2025-07-14T07:43:25.804Z",,,,,,,,"Ci9DQUlRQUNvZENodHljRjlvT25WMlNsVTRVRk15VWw5WlZFcGtVRkpTU25vNFZrRRAB",,,,,,,,,,,,,,,,,,,,,,"Google","https://www.google.com/maps/reviews/data=!4m8!14m7!1m6!2m5!1sCi9DQUlRQUNvZENodHljRjlvT25WMlNsVTRVRk15VWw5WlZFcGtVRkpTU25vNFZrRRAB!2m1!1s0x0:0xdb2a86cd5fe91ae4!3m1!1s2@1:CAIQACodChtycF9oOnV2SlU4UFMyUl9ZVEpkUFJSSno4VkE%7C%7C?hl=en","113206515344630059154","16","https://lh3.googleusercontent.com/a-/ALV-UjWzcPAFhOJFhqD0ng8j9G28mu2_SFvMZ52kFR_jyl9oi1nNJFBP=s1920-c-rp-mo-ba2-br100","https://www.google.com/maps/contrib/113206515344630059154?hl=en","3635","2025-09-21T15:14:49.809Z","Direct Detail URL: https://www.google.com/maps/place/Ulu%E1%B9%9Fu-Kata+Tju%E1%B9%AFa+National+Park/@-25.3116912,130.6926882,10z/data=!4m8!3m7!1s0x2b236c2c7ed3b881:0xdb2a86cd5fe91ae4!8m2!3d-25.3437797!4d131.0346514!9m1!1b1!16zL20vMHBzamM?entry=ttu&g_ep=EgoyMDI1MDkxNy4wIKXMDSoASAFQAw%3D%3D","1","Northern Territory","Lasseter Hwy","false","You have to pay $80 bucks to enter when my taxes already pay for the upkeep, just to not be able to climb it, don’t even get me started on the fact that the hotels charge you extra, the rock it’s self yeah kinda good.",,"Uluṟu-Kata Tjuṯa National Park","4.8",,"https://www.google.com/maps/search/?api=1&query=Ulu%E1%B9%9Fu-Kata%20Tju%E1%B9%AFa%20National%20Park&query_place_id=ChIJgbjTfixsIysR5BrpX82GKts",
"Lasseter Hwy, Uluru NT 0872, Australia","National park","Tourist attraction","National park","15792583259963595492","Uluru","AU","0x2b236c2c7ed3b881:0xdb2a86cd5fe91ae4","https://lh3.googleusercontent.com/gps-cs-s/AC9h4np7S9xkuA34HblM4n_s-YBACR-wXhUjXYEYaqqccZkTV4ieal3VCKzlYSZw4_YO0a_d1XboFH8M9P36L0LZXdhQEwDNks0TRleE-39VVx_-jEbYM4RxCVyu3PjaUOgVkGTBCklE=w408-h306-k-no","false","false","en","0","-25.3437797","131.0346514","Josh Brownley",,"en","false","ChIJgbjTfixsIysR5BrpX82GKts","0872",,"2 months ago","2025-07-13T04:31:41.644Z",,,,,,,,"Ci9DQUlRQUNvZENodHljRjlvT21NeVJtWkVjVTVmVWtsNFRuSlRabE5zU21rMGMzYxAB","https://lh3.googleusercontent.com/geougc-cs/AB3l90BVt5bMIdFLyAiG_lzIcC4jlf3SHWXPKsrlyik_LejJSWK4iwvbnMDfeJbsF3BuJ07TCs84j5KCgh9se-EFPy2zZ-exi1kbxHAnKApoKl_avOTGxZ82farUsr6QbpxBFSmm5HQkFlDg_E5D","https://lh3.googleusercontent.com/geougc-cs/AB3l90BPnNngC6sd5U2oJKiEuOYGWJRzcr_kJZ3afgtIsBGmydPstUT1fQN9bK2hyrlRt_CC_NvKwH49cdYSYCxkY0bTahz82Xo3wnTBOPs94tLNCqvbhfxtWDejHR6vINdj26JTijqqEaKaJghz","https://lh3.googleusercontent.com/geougc-cs/AB3l90CSp88yepV2yLyDhlAd41zhn4Av9ylB9J6wuAhxcUEVYIRy14wPB1bTluKDOvCQ7y4CsUoDo-zKuHG6PP5EHuVOb5pC13LDYDhce5s7W0iQe_WTqiekPI4H_mMf854xGZmTAoxGKf8DXZVC","https://lh3.googleusercontent.com/geougc-cs/AB3l90Dnwhtpavy9EjRg60zLnsEmASZBrTy7Iiqjzu8A4p0JbQU1ieiqzAVpKZ6xsgSNTmCsAE0uv08nwIIXoA20YPnftnG_iMKRlO_aj7eoyQ1XRym06aXSUclD24wKUrg8QYBKOXziDonYlCk","https://lh3.googleusercontent.com/geougc-cs/AB3l90AS2kYmm_KrdIQCQK46dta6QQgN-6quXHC6oQI8cKaK_C5jYli92zjmxHllN6Bbr5UGJmzc3SsqFV9ZMXyi6GFc69TcOXnUdH7ZglEmKiQWwzeU1z69Ogrmt9Orha1LTo2nSZQQM2XUIr8",,,,,,,,,,,,,,,,,"Google","https://www.google.com/maps/reviews/data=!4m8!14m7!1m6!2m5!1sCi9DQUlRQUNvZENodHljRjlvT21NeVJtWkVjVTVmVWtsNFRuSlRabE5zU21rMGMzYxAB!2m1!1s0x0:0xdb2a86cd5fe91ae4!3m1!1s2@1:CAIQACodChtycF9oOmMyRmZEcU5fUkl4TnJTZlNsSmk0c3c%7C%7C?hl=en","102938730200377185385","5","https://lh3.googleusercontent.com/a-/ALV-UjW6nmRf9xDAfrmr-G5V6eTf8UUEMaTFsQC6sH8JrMUxb9n5b_4q=s1920-c-rp-mo-br100","https://www.google.com/maps/contrib/102938730200377185385?hl=en","3635","2025-09-21T15:14:49.809Z","Direct Detail URL: https://www.google.com/maps/place/Ulu%E1%B9%9Fu-Kata+Tju%E1%B9%AFa+National+Park/@-25.3116912,130.6926882,10z/data=!4m8!3m7!1s0x2b236c2c7ed3b881:0xdb2a86cd5fe91ae4!8m2!3d-25.3437797!4d131.0346514!9m1!1b1!16zL20vMHBzamM?entry=ttu&g_ep=EgoyMDI1MDkxNy4wIKXMDSoASAFQAw%3D%3D","5","Northern Territory","Lasseter Hwy","false","Lots of fun and enjoyable time here",,"Uluṟu-Kata Tjuṯa National Park","4.8",,"https://www.google.com/maps/search/?api=1&query=Ulu%E1%B9%9Fu-Kata%20Tju%E1%B9%AFa%20National%20Park&query_place_id=ChIJgbjTfixsIysR5BrpX82GKts",
"Lasseter Hwy, Uluru NT 0872, Australia","National park","Tourist attraction","National park","15792583259963595492","Uluru","AU","0x2b236c2c7ed3b881:0xdb2a86cd5fe91ae4","https://lh3.googleusercontent.com/gps-cs-s/AC9h4np7S9xkuA34HblM4n_s-YBACR-wXhUjXYEYaqqccZkTV4ieal3VCKzlYSZw4_YO0a_d1XboFH8M9P36L0LZXdhQEwDNks0TRleE-39VVx_-jEbYM4RxCVyu3PjaUOgVkGTBCklE=w408-h306-k-no","false","false","en","0","-25.3437797","131.0346514","Sushil Majumder",,"en","false","ChIJgbjTfixsIysR5BrpX82GKts","0872",,"2 months ago","2025-07-12T10:15:56.399Z",,,,,,,,"Ci9DQUlRQUNvZENodHljRjlvT214clNrNTZTWFpxVjBoa2FIUTVhWE52UTNwMWVFRRAB",,,,,,,,,,,,,,,,,,,,,,"Google","https://www.google.com/maps/reviews/data=!4m8!14m7!1m6!2m5!1sCi9DQUlRQUNvZENodHljRjlvT214clNrNTZTWFpxVjBoa2FIUTVhWE52UTNwMWVFRRAB!2m1!1s0x0:0xdb2a86cd5fe91ae4!3m1!1s2@1:CAIQACodChtycF9oOmxrSk56SXZqV0hkaHQ5aXNvQ3p1eEE%7C%7C?hl=en","109513619207398746083","6","https://lh3.googleusercontent.com/a/ACg8ocJuDmtolWXEE12seIFMVNWR-XEsNA60tq-pk03HO7KB4EZbgQ=s1920-c-rp-mo-br100","https://www.google.com/maps/contrib/109513619207398746083?hl=en","3635","2025-09-21T15:14:49.809Z","Direct Detail URL: https://www.google.com/maps/place/Ulu%E1%B9%9Fu-Kata+Tju%E1%B9%AFa+National+Park/@-25.3116912,130.6926882,10z/data=!4m8!3m7!1s0x2b236c2c7ed3b881:0xdb2a86cd5fe91ae4!8m2!3d-25.3437797!4d131.0346514!9m1!1b1!16zL20vMHBzamM?entry=ttu&g_ep=EgoyMDI1MDkxNy4wIKXMDSoASAFQAw%3D%3D","5","Northern Territory","Lasseter Hwy","false","Beautiful ✨ in sunset 🌅",,"Uluṟu-Kata Tjuṯa National Park","4.8",,"https://www.google.com/maps/search/?api=1&query=Ulu%E1%B9%9Fu-Kata%20Tju%E1%B9%AFa%20National%20Park&query_place_id=ChIJgbjTfixsIysR5BrpX82GKts",
"Lasseter Hwy, Uluru NT 0872, Australia","National park","Tourist attraction","National park","15792583259963595492","Uluru","AU","0x2b236c2c7ed3b881:0xdb2a86cd5fe91ae4","https://lh3.googleusercontent.com/gps-cs-s/AC9h4np7S9xkuA34HblM4n_s-YBACR-wXhUjXYEYaqqccZkTV4ieal3VCKzlYSZw4_YO0a_d1XboFH8M9P36L0LZXdhQEwDNks0TRleE-39VVx_-jEbYM4RxCVyu3PjaUOgVkGTBCklE=w408-h306-k-no","false","true","en","0","-25.3437797","131.0346514","Bernard Washer",,"en","false","ChIJgbjTfixsIysR5BrpX82GKts","0872",,"2 months ago","2025-07-10T09:52:00.652Z",,,,,,,,"Ci9DQUlRQUNvZENodHljRjlvT21GWk9GWlZWM1JZUlRCU1pUaDRWVTFzYW1OTldWRRAB",,,,,,,,,,,,,,,,,,,,,,"Google","https://www.google.com/maps/reviews/data=!4m8!14m7!1m6!2m5!1sCi9DQUlRQUNvZENodHljRjlvT21GWk9GWlZWM1JZUlRCU1pUaDRWVTFzYW1OTldWRRAB!2m1!1s0x0:0xdb2a86cd5fe91ae4!3m1!1s2@1:CAIQACodChtycF9oOmFZOFZVV3RYRTBSZTh4VU1samNNWVE%7C%7C?hl=en","102186126129648649718","114","https://lh3.googleusercontent.com/a-/ALV-UjUPvGN6T2k4h3l33L-xpSTW_ZDFGnlOjtb6P9E4Q4_kre2C9-5R=s1920-c-rp-mo-ba4-br100","https://www.google.com/maps/contrib/102186126129648649718?hl=en","3635","2025-09-21T15:14:49.809Z","Direct Detail URL: https://www.google.com/maps/place/Ulu%E1%B9%9Fu-Kata+Tju%E1%B9%AFa+National+Park/@-25.3116912,130.6926882,10z/data=!4m8!3m7!1s0x2b236c2c7ed3b881:0xdb2a86cd5fe91ae4!8m2!3d-25.3437797!4d131.0346514!9m1!1b1!16zL20vMHBzamM?entry=ttu&g_ep=EgoyMDI1MDkxNy4wIKXMDSoASAFQAw%3D%3D","4","Northern Territory","Lasseter Hwy","false","Well, it's a national icon. So a must see. However, the Olgas  and the Kings Canyon were more spectacular.",,"Uluṟu-Kata Tjuṯa National Park","4.8",,"https://www.google.com/maps/search/?api=1&query=Ulu%E1%B9%9Fu-Kata%20Tju%E1%B9%AFa%20National%20Park&query_place_id=ChIJgbjTfixsIysR5BrpX82GKts",
"Lasseter Hwy, Uluru NT 0872, Australia","National park","Tourist attraction","National park","15792583259963595492","Uluru","AU","0x2b236c2c7ed3b881:0xdb2a86cd5fe91ae4","https://lh3.googleusercontent.com/gps-cs-s/AC9h4np7S9xkuA34HblM4n_s-YBACR-wXhUjXYEYaqqccZkTV4ieal3VCKzlYSZw4_YO0a_d1XboFH8M9P36L0LZXdhQEwDNks0TRleE-39VVx_-jEbYM4RxCVyu3PjaUOgVkGTBCklE=w408-h306-k-no","false","true","en","0","-25.3437797","131.0346514","Andrew King",,"en","false","ChIJgbjTfixsIysR5BrpX82GKts","0872",,"2 months ago","2025-07-07T23:19:36.983Z",,,,,,,,"Ci9DQUlRQUNvZENodHljRjlvT25nNE5EVlRRblF3ZVdOMVMwaEpXbGRTYUdSaGNuYxAB","https://lh3.googleusercontent.com/geougc-cs/AB3l90BccnqGJAfAC1QkRlCtL02U91x7IjCeoOGQIh2pZ72ph2VB9knhUOg986_K2C8mO8TUHCR_c9q8-0ik4-lepqvvCUXbI7zBV3REY5QyGVLC8PSD10KcnKkhErvUtn8Ou5YHfdM-saFj9R6K","https://lh3.googleusercontent.com/geougc-cs/AB3l90Ce0d3FkpyIyzh0_NTA67-djMyl8tv5zvTi3fBXhWp-zKdqksHn9H8YI4j7AqXwp4cN7O2oyJ9QLuy9O6Pnle6BVNELD14W5TFsxJXBAIpb2VNzb0G5Vtwlajed7fSIDzvhXHgq8hYIsNU2","https://lh3.googleusercontent.com/geougc-cs/AB3l90BjhGQL4DxsNmWJprFX6cuc5fNk7YMbnmNFPo7ZbJJv7Czni76LnqfuJvYogh01FGqyFxppGDqXQ6xFWyB8qaPxT_reU_NzyST3AvqL8qgwv2Zfz35dyC0bnq9FFUOOeDn53kzGOUUKTOU","https://lh3.googleusercontent.com/geougc-cs/AB3l90BrjuyD9ZCCNuTgXcuZBbBvMRw0FcXbI6GeLxB1uva9gJAgFxcRVIz73JReUwJUfCKqso5fVy7Zt21JiYP-PbiMlE8XDzuDpKkAuZGQzRVTXuwHXRnA1ox39yrc809D__OlhX1m6VPV74_9",,,,,,,,,,,,,,,,,,"Google","https://www.google.com/maps/reviews/data=!4m8!14m7!1m6!2m5!1sCi9DQUlRQUNvZENodHljRjlvT25nNE5EVlRRblF3ZVdOMVMwaEpXbGRTYUdSaGNuYxAB!2m1!1s0x0:0xdb2a86cd5fe91ae4!3m1!1s2@1:CAIQACodChtycF9oOng4NDVTQnQweWN1S0hJWldSaGRhcnc%7C%7C?hl=en","105136008713983977623","104","https://lh3.googleusercontent.com/a-/ALV-UjXmGvpU22kQdjGnMc08KrE_G0dkOBzz4jPX_mOm_jWTVkuK894E1g=s1920-c-rp-mo-ba4-br100","https://www.google.com/maps/contrib/105136008713983977623?hl=en","3635","2025-09-21T15:14:49.809Z","Direct Detail URL: https://www.google.com/maps/place/Ulu%E1%B9%9Fu-Kata+Tju%E1%B9%AFa+National+Park/@-25.3116912,130.6926882,10z/data=!4m8!3m7!1s0x2b236c2c7ed3b881:0xdb2a86cd5fe91ae4!8m2!3d-25.3437797!4d131.0346514!9m1!1b1!16zL20vMHBzamM?entry=ttu&g_ep=EgoyMDI1MDkxNy4wIKXMDSoASAFQAw%3D%3D","5","Northern Territory","Lasseter Hwy","false","Out of this world, from the star gazing to both Uluru and Kata Tjuta rock formations.",,"Uluṟu-Kata Tjuṯa National Park","4.8",,"https://www.google.com/maps/search/?api=1&query=Ulu%E1%B9%9Fu-Kata%20Tju%E1%B9%AFa%20National%20Park&query_place_id=ChIJgbjTfixsIysR5BrpX82GKts",
"Lasseter Hwy, Uluru NT 0872, Australia","National park","Tourist attraction","National park","15792583259963595492","Uluru","AU","0x2b236c2c7ed3b881:0xdb2a86cd5fe91ae4","https://lh3.googleusercontent.com/gps-cs-s/AC9h4np7S9xkuA34HblM4n_s-YBACR-wXhUjXYEYaqqccZkTV4ieal3VCKzlYSZw4_YO0a_d1XboFH8M9P36L0LZXdhQEwDNks0TRleE-39VVx_-jEbYM4RxCVyu3PjaUOgVkGTBCklE=w408-h306-k-no","false","true","en","0","-25.3437797","131.0346514","Miša Peić",,,"false","ChIJgbjTfixsIysR5BrpX82GKts","0872",,"2 months ago","2025-07-05T12:39:42.405Z",,,,,,,,"Ci9DQUlRQUNvZENodHljRjlvT2trM2NIbzFRblpyVkZkU09YVlVOakUyTFRreU5FRRAB",,,,,,,,,,,,,,,,,,,,,,"Google","https://www.google.com/maps/reviews/data=!4m8!14m7!1m6!2m5!1sCi9DQUlRQUNvZENodHljRjlvT2trM2NIbzFRblpyVkZkU09YVlVOakUyTFRreU5FRRAB!2m1!1s0x0:0xdb2a86cd5fe91ae4!3m1!1s2@1:CAIQACodChtycF9oOkk3cHo1QnZrVFdSOXVUNjE2LTkyNEE%7C%7C?hl=en","106691204576995836433","0","https://lh3.googleusercontent.com/a-/ALV-UjWz07E3kgfKnzU49Mhsra1Js9vc6he7zv0IzIjdYXOcbbmOfxQ=s1920-c-rp-mo-ba4-br100","https://www.google.com/maps/contrib/106691204576995836433?hl=en","3635","2025-09-21T15:14:49.809Z","Direct Detail URL: https://www.google.com/maps/place/Ulu%E1%B9%9Fu-Kata+Tju%E1%B9%AFa+National+Park/@-25.3116912,130.6926882,10z/data=!4m8!3m7!1s0x2b236c2c7ed3b881:0xdb2a86cd5fe91ae4!8m2!3d-25.3437797!4d131.0346514!9m1!1b1!16zL20vMHBzamM?entry=ttu&g_ep=EgoyMDI1MDkxNy4wIKXMDSoASAFQAw%3D%3D","5","Northern Territory","Lasseter Hwy","false",,,"Uluṟu-Kata Tjuṯa National Park","4.8",,"https://www.google.com/maps/search/?api=1&query=Ulu%E1%B9%9Fu-Kata%20Tju%E1%B9%AFa%20National%20Park&query_place_id=ChIJgbjTfixsIysR5BrpX82GKts",
"Lasseter Hwy, Uluru NT 0872, Australia","National park","Tourist attraction","National park","15792583259963595492","Uluru","AU","0x2b236c2c7ed3b881:0xdb2a86cd5fe91ae4","https://lh3.googleusercontent.com/gps-cs-s/AC9h4np7S9xkuA34HblM4n_s-YBACR-wXhUjXYEYaqqccZkTV4ieal3VCKzlYSZw4_YO0a_d1XboFH8M9P36L0LZXdhQEwDNks0TRleE-39VVx_-jEbYM4RxCVyu3PjaUOgVkGTBCklE=w408-h306-k-no","false","true","en","0","-25.3437797","131.0346514","Beatrice Del Missier",,"en","false","ChIJgbjTfixsIysR5BrpX82GKts","0872",,"2 months ago","2025-07-05T07:28:29.214Z",,,,,,,,"Ci9DQUlRQUNvZENodHljRjlvT2xCVVUzTTVWM0pxWjBKWE5tUlNVMXBrWVY5cGIyYxAB","https://lh3.googleusercontent.com/geougc-cs/AB3l90CegNMzb5-hYs_ZIbr-k7k3buHByKwgjx1CajwqDE1w5DJRw6B-rGXjqtLsPkxJIn1HSADkuQYimafnbZDwiOjrgICGpXzOaBY9_HKMkSNlhZ3Wk8_TuoYhs198OJr4-aydxeqQ_RTOmHZi","https://lh3.googleusercontent.com/geougc-cs/AB3l90BZcnQkSO-3fEyOIvVPO21TdEpgA1Z_fbtXkJJONYyY1PoxRxWhRWkkBwe8ktI-CmJro3PitFEK_I3feap5qSkAZ9GMyn6HGFYYA39aTHzlLVw519bWaiRnuzF9gAxDuYB1NAlSBbGncs0","https://lh3.googleusercontent.com/geougc-cs/AB3l90ArpOVMDMYrcPpgcn73KbvodFh5HX8BivWmZA2pWJmKeKl0c-zLTGAQvAkIG4vW86yZepExsBVJ7Zou_d1qNmezEBOQYq0Uq1FdNleo_aPP7cldcT8CH4o-jorhFA4OD-_j34JCPon_DdXy","https://lh3.googleusercontent.com/geougc-cs/AB3l90Bd6e7wBwkb6lixR64p72Bek7wrWwVUYhKno3Gqczbkc73GPLMnCwoNJXsENk69izfyEWgDQ_OdEpnra1V2nsnwoT7b0nHzxfU5n_zPnNQtJkafGaX27GUdHdqGBBMmUkG80DvEWS_UvOyC","https://lh3.googleusercontent.com/geougc-cs/AB3l90BUCjcCOHD9ay8Hjh_aPkTrrnbsl5SRcvurkPA-zOoI7GxqeYk5Beux5AsELBuLWYxPjlrluW6nmy_TZFQ0ehsvvFzd5eJZj8a80tmJHk3Xz_i6p0u9fzZrTfM8H8HzasR1szrSJTTVIH8",,,,,,,,,,,,,,,,,"Google","https://www.google.com/maps/reviews/data=!4m8!14m7!1m6!2m5!1sCi9DQUlRQUNvZENodHljRjlvT2xCVVUzTTVWM0pxWjBKWE5tUlNVMXBrWVY5cGIyYxAB!2m1!1s0x0:0xdb2a86cd5fe91ae4!3m1!1s2@1:CAIQACodChtycF9oOlBUU3M5V3JqZ0JXNmRSU1pkYV9pb2c%7C%7C?hl=en","106049943082561620642","27","https://lh3.googleusercontent.com/a/ACg8ocJScSXJFbHBQ_jiLXNU8LaP0dE7aW3rFPnfOhmj5_Oiu9oqoQ=s1920-c-rp-mo-ba3-br100","https://www.google.com/maps/contrib/106049943082561620642?hl=en","3635","2025-09-21T15:14:49.809Z","Direct Detail URL: https://www.google.com/maps/place/Ulu%E1%B9%9Fu-Kata+Tju%E1%B9%AFa+National+Park/@-25.3116912,130.6926882,10z/data=!4m8!3m7!1s0x2b236c2c7ed3b881:0xdb2a86cd5fe91ae4!8m2!3d-25.3437797!4d131.0346514!9m1!1b1!16zL20vMHBzamM?entry=ttu&g_ep=EgoyMDI1MDkxNy4wIKXMDSoASAFQAw%3D%3D","5","Northern Territory","Lasseter Hwy","false","One of the best experiences I’ve ever had. This place is full of mystical vibes and Indigenous culture. Here you can really imagine how the Natives used to live in ancient times and how important this place has been for their culture. If you’re looking for a truly authentic experience in the Red Centre, this is exactly what you’re searching for",,"Uluṟu-Kata Tjuṯa National Park","4.8",,"https://www.google.com/maps/search/?api=1&query=Ulu%E1%B9%9Fu-Kata%20Tju%E1%B9%AFa%20National%20Park&query_place_id=ChIJgbjTfixsIysR5BrpX82GKts",
"Lasseter Hwy, Uluru NT 0872, Australia","National park","Tourist attraction","National park","15792583259963595492","Uluru","AU","0x2b236c2c7ed3b881:0xdb2a86cd5fe91ae4","https://lh3.googleusercontent.com/gps-cs-s/AC9h4np7S9xkuA34HblM4n_s-YBACR-wXhUjXYEYaqqccZkTV4ieal3VCKzlYSZw4_YO0a_d1XboFH8M9P36L0LZXdhQEwDNks0TRleE-39VVx_-jEbYM4RxCVyu3PjaUOgVkGTBCklE=w408-h306-k-no","false","true","en","0","-25.3437797","131.0346514","Florian Jourdhier",,"en","false","ChIJgbjTfixsIysR5BrpX82GKts","0872",,"2 months ago","2025-07-02T07:45:08.570Z",,,,,,,,"Ci9DQUlRQUNvZENodHljRjlvT2t0VGVrNWZjSFJsVUVaelJVRnpWMWhYTUhGeWVWRRAB","https://lh3.googleusercontent.com/geougc-cs/AB3l90BnzXKeolOssl4wfKKT9Sq8EQV-zEcqUuw8l3DbETFOGakPi1DEA9tY5Gwh8ROXFdXrnGlWL7EfjNqZokwxLJ4rD4UWrD3ckAEbgI-kuPzpzBisBYpzQc12GakIpXtwZd3wDfV6Fbs1x9TR","https://lh3.googleusercontent.com/geougc-cs/AB3l90Db5mZZCU9BHTRFnUcNByWnNFIH6g2BzOthBN4CkaTSm19vwex36WJNCHMWquhJ-qYxAkKcY9keW_VDEmBAUdVm0yRJPgayhB5rGG9E1CpnODRwASESxetffC6LSGchScjAi7OCeaqU2fQC","https://lh3.googleusercontent.com/geougc-cs/AB3l90AeAIr0HNraT6loUA1mXsVDXjmRj1hcaNNPYFT1NCFxwdH03F3g1oQu2ESjFxI7RXKJ50WVkJurtP2Gq60DLhYWLDvmBDjAcN8r6RxVUIS55lONT0cAiPoanxCfknxv2bQHKg0IwjzAEz8","https://lh3.googleusercontent.com/geougc-cs/AB3l90DxQLs1zneAxboLvFg9_R9_fJVYfWykEHz7Rgnr7jsOSvV9WqvFX31TbGK-wVGNVUT8FXy4exGOf7AE4fqaBs1hyDB6jZYkZG2ZSMrUf9Mps_S9CEZjnCk_DjXfgKWYMXA9ns_19MH0nonb","https://lh3.googleusercontent.com/geougc-cs/AB3l90BOwogu8sde9b8zDYp_P5yT-mVCmMc7ecXeA78KgJY1xmUDDUlS0Eq54I8MBEZ0P6K4AS8XQzYEgWvw7uOlpkjcy22hJj58MsgWoCo4-ZvvQZ-PsvW5K5TD1Z-IC2duJVOH9MF59Lsb3tmV","https://lh3.googleusercontent.com/geougc-cs/AB3l90D9wBbgsCUVWdzujGfoXg93fuxJAGHMECz3T0CMwz3OJ_Ol8UWoEG4iymtM6KWL4CdiDt7-Q8A7CfKgNp8s5p8nuS3SKYF6ZhiGpEdCtxAeT9ap8N2EDv7bG-tvgSfCFbQvdmIL85mVVAQb","https://lh3.googleusercontent.com/geougc-cs/AB3l90AuydNsk5fGp_FQy3RIItcJH94Sr3GG6o5Lu1GhGka6iN1WZxPqpsvSDyf9NPBHbHnEh3-n6M4CrShIWomF1BF0z8SroOvX3j4XCXJCg0i7aYbdA6jXzdWC0F20kXjkZVkxbqr8CPBmFVc-","https://lh3.googleusercontent.com/geougc-cs/AB3l90BmRsvqjb4SI09OpUdMVh6BqNy0DTa1HAHoeD6LOjHkEI2WciSBr_i4HnKGsJKVvjQuRjed5g3d267jRPs-ORu1wre5AqFyig1pdl3iQomfFQH2GpJ6jpfKmelbXySY3iBDea6upMvRTls","https://lh3.googleusercontent.com/geougc-cs/AB3l90D9euNqP63oIOK6DXeNWE6guKFRI-I1gierN1gfPmV2aDdHgrV9RZEsPWNoV06tA8moVBOU-gZaj_XyNxD51jUW4yOf7Y-2_fSsz1EDezON4yW-8sFXm4k9qB_4FyPjL_umJf1fVRd6a8jx","https://lh3.googleusercontent.com/geougc-cs/AB3l90B2Rzn1s3Vk7EHfnWGslYFyxneOfevNpT8smzvDvbQmPXlOfVgwBbxTO--RgMIMdvIidtj0lHX_qv54sLjpnK3VTUyEwbRx_1eOyzWh33gJfsH0KcxVgfkcG7_liNsDaprCuyVD9rC_mEU","https://lh3.googleusercontent.com/geougc-cs/AB3l90DqjZ_nH30Pa2FR7pJmQKxpiPFwFn2JOxF7dnCz_WZj6WCkMBTvSWdkkS-6R94Io9ppTcX5QzOfJXHA9Y2_YXKhfO0Uu6J3Kq6F7L3WA3wD9m6wW9DSQkWBjjZMNd3zO9AcYLlAarEvRl18","https://lh3.googleusercontent.com/geougc-cs/AB3l90Bk-uwzC8KjJkT02UM_ib41DP-USjmg2ve3KpESpmVRQX6gpgorTt5Fo62nNck3FqxOQ4fRgqQpgXiTuUHAHQM2ylU7WqYl4c_em79Q1oAyApbgfd-rwz6q2AK8CsZBY8hrdQtAqyAOyVmz","https://lh3.googleusercontent.com/geougc-cs/AB3l90AOPar_0MY7kg5AzEtDOl5-AWtedtoYDoIHAXi4dw1wzblv8P1ypH_Mqo0dF6ndXBnxniGp99lzTYpFKzhLrV7eWrsgZkhG9pV03BKTe7EJoyvowynT-gf3YLj6t-3PnbWN5TJXP0BDcS9s","https://lh3.googleusercontent.com/geougc-cs/AB3l90BEOvMyaqnLddjQkdFJvax_L-uUlz0AUJwss34N8Df8Bbkf2RAnsKyxXL1kJkU_HzsZJBL5yTSAOfjW8O5YYLOgNeIO1nO6WWBO1QkRTOx5InYm-XvXv53h1xEnr9RaGRI8P6Y_Y-Vcocpk","https://lh3.googleusercontent.com/geougc-cs/AB3l90DlCHlM3_7TuJYekkg4_KV4I3HrGSC2lQjPRzUM01qDwZa333dCPtN0kL9qY5HO7iv45aS73o2nx_5X7ae0JMoUXPpZI-PHeEpkSo8YVm8JFxtgB58W70I3S10mFLqzHiVrx34OnKiW5Awr","https://lh3.googleusercontent.com/geougc-cs/AB3l90BTHQe2M6MbY-4SGNy9KLdCFCIVjRGCYAwYTeW2EEEmRlVty3P4UyfYSMZPH6fCgsGagwog47pbHWjsv37H5_9JMZPCeEqwM39VUftc2LXZyg0FzaLSM-f_6bdr3IraWogjVyEQCYQFby8",,,,,,"Google","https://www.google.com/maps/reviews/data=!4m8!14m7!1m6!2m5!1sCi9DQUlRQUNvZENodHljRjlvT2t0VGVrNWZjSFJsVUVaelJVRnpWMWhYTUhGeWVWRRAB!2m1!1s0x0:0xdb2a86cd5fe91ae4!3m1!1s2@1:CAIQACodChtycF9oOktTek5fcHRlUEZzRUFzV1hXMHFyeVE%7C%7C?hl=en","107264385460058204559","111","https://lh3.googleusercontent.com/a-/ALV-UjVT2XLpwefCkynoqtEsK6kgOTbg1JrxzBZOLGFXY1OJGLeqSRVZ2A=s1920-c-rp-mo-ba4-br100","https://www.google.com/maps/contrib/107264385460058204559?hl=en","3635","2025-09-21T15:14:49.809Z","Direct Detail URL: https://www.google.com/maps/place/Ulu%E1%B9%9Fu-Kata+Tju%E1%B9%AFa+National+Park/@-25.3116912,130.6926882,10z/data=!4m8!3m7!1s0x2b236c2c7ed3b881:0xdb2a86cd5fe91ae4!8m2!3d-25.3437797!4d131.0346514!9m1!1b1!16zL20vMHBzamM?entry=ttu&g_ep=EgoyMDI1MDkxNy4wIKXMDSoASAFQAw%3D%3D","5","Northern Territory","Lasseter Hwy","false","Must be on your to do list if in Australia!
Simply splendid!
Enjoy",,"Uluṟu-Kata Tjuṯa National Park","4.8",,"https://www.google.com/maps/search/?api=1&query=Ulu%E1%B9%9Fu-Kata%20Tju%E1%B9%AFa%20National%20Park&query_place_id=ChIJgbjTfixsIysR5BrpX82GKts",
"Lasseter Hwy, Uluru NT 0872, Australia","National park","Tourist attraction","National park","15792583259963595492","Uluru","AU","0x2b236c2c7ed3b881:0xdb2a86cd5fe91ae4","https://lh3.googleusercontent.com/gps-cs-s/AC9h4np7S9xkuA34HblM4n_s-YBACR-wXhUjXYEYaqqccZkTV4ieal3VCKzlYSZw4_YO0a_d1XboFH8M9P36L0LZXdhQEwDNks0TRleE-39VVx_-jEbYM4RxCVyu3PjaUOgVkGTBCklE=w408-h306-k-no","false","true","en","0","-25.3437797","131.0346514","Tuan Tatt Khor",,"en","false","ChIJgbjTfixsIysR5BrpX82GKts","0872",,"2 months ago","2025-07-02T04:15:27.562Z",,,,,,,,"Ci9DQUlRQUNvZENodHljRjlvT25JeWNUbEVZM2x5WWpWbGJFWkdjV0l4V1djNVFsRRAB",,,,,,,,,,,,,,,,,,,,,,"Google","https://www.google.com/maps/reviews/data=!4m8!14m7!1m6!2m5!1sCi9DQUlRQUNvZENodHljRjlvT25JeWNUbEVZM2x5WWpWbGJFWkdjV0l4V1djNVFsRRAB!2m1!1s0x0:0xdb2a86cd5fe91ae4!3m1!1s2@1:CAIQACodChtycF9oOnIycTlEY3lyYjVlbEZGcWIxWWc5QlE%7C%7C?hl=en","111849369284024553664","3","https://lh3.googleusercontent.com/a/ACg8ocL7HiHgArl9mjfQGQyqyMhHjEr1atQYOOq5PA_DNLcUBddWuA=s1920-c-rp-mo-ba3-br100","https://www.google.com/maps/contrib/111849369284024553664?hl=en","3635","2025-09-21T15:14:49.809Z","Direct Detail URL: https://www.google.com/maps/place/Ulu%E1%B9%9Fu-Kata+Tju%E1%B9%AFa+National+Park/@-25.3116912,130.6926882,10z/data=!4m8!3m7!1s0x2b236c2c7ed3b881:0xdb2a86cd5fe91ae4!8m2!3d-25.3437797!4d131.0346514!9m1!1b1!16zL20vMHBzamM?entry=ttu&g_ep=EgoyMDI1MDkxNy4wIKXMDSoASAFQAw%3D%3D","5","Northern Territory","Lasseter Hwy","false","Clean with reasonable prices 1 stop bakery ingredients supplies",,"Uluṟu-Kata Tjuṯa National Park","4.8",,"https://www.google.com/maps/search/?api=1&query=Ulu%E1%B9%9Fu-Kata%20Tju%E1%B9%AFa%20National%20Park&query_place_id=ChIJgbjTfixsIysR5BrpX82GKts",
"Lasseter Hwy, Uluru NT 0872, Australia","National park","Tourist attraction","National park","15792583259963595492","Uluru","AU","0x2b236c2c7ed3b881:0xdb2a86cd5fe91ae4","https://lh3.googleusercontent.com/gps-cs-s/AC9h4np7S9xkuA34HblM4n_s-YBACR-wXhUjXYEYaqqccZkTV4ieal3VCKzlYSZw4_YO0a_d1XboFH8M9P36L0LZXdhQEwDNks0TRleE-39VVx_-jEbYM4RxCVyu3PjaUOgVkGTBCklE=w408-h306-k-no","false","true","en","0","-25.3437797","131.0346514","Michelle Windram",,,"false","ChIJgbjTfixsIysR5BrpX82GKts","0872",,"2 months ago","2025-07-01T07:26:35.672Z",,,,,,,,"Ci9DQUlRQUNvZENodHljRjlvT2xGUlRuZFRZazVCVTFGRVRuQk5ZVk5LVFdaSGRFRRAB",,,,,,,,,,,,,,,,,,,,,,"Google","https://www.google.com/maps/reviews/data=!4m8!14m7!1m6!2m5!1sCi9DQUlRQUNvZENodHljRjlvT2xGUlRuZFRZazVCVTFGRVRuQk5ZVk5LVFdaSGRFRRAB!2m1!1s0x0:0xdb2a86cd5fe91ae4!3m1!1s2@1:CAIQACodChtycF9oOlFRTndTYk5BU1FETnBNYVNKTWZHdEE%7C%7C?hl=en","100520450272937643916","116","https://lh3.googleusercontent.com/a-/ALV-UjUqEzk7zLm2kPBul44XzOBfQVm58pgBU2Swv6bVOK-n-zYZv9s4qw=s1920-c-rp-mo-ba5-br100","https://www.google.com/maps/contrib/100520450272937643916?hl=en","3635","2025-09-21T15:14:49.809Z","Direct Detail URL: https://www.google.com/maps/place/Ulu%E1%B9%9Fu-Kata+Tju%E1%B9%AFa+National+Park/@-25.3116912,130.6926882,10z/data=!4m8!3m7!1s0x2b236c2c7ed3b881:0xdb2a86cd5fe91ae4!8m2!3d-25.3437797!4d131.0346514!9m1!1b1!16zL20vMHBzamM?entry=ttu&g_ep=EgoyMDI1MDkxNy4wIKXMDSoASAFQAw%3D%3D","5","Northern Territory","Lasseter Hwy","false",,,"Uluṟu-Kata Tjuṯa National Park","4.8",,"https://www.google.com/maps/search/?api=1&query=Ulu%E1%B9%9Fu-Kata%20Tju%E1%B9%AFa%20National%20Park&query_place_id=ChIJgbjTfixsIysR5BrpX82GKts",
"Lasseter Hwy, Uluru NT 0872, Australia","National park","Tourist attraction","National park","15792583259963595492","Uluru","AU","0x2b236c2c7ed3b881:0xdb2a86cd5fe91ae4","https://lh3.googleusercontent.com/gps-cs-s/AC9h4np7S9xkuA34HblM4n_s-YBACR-wXhUjXYEYaqqccZkTV4ieal3VCKzlYSZw4_YO0a_d1XboFH8M9P36L0LZXdhQEwDNks0TRleE-39VVx_-jEbYM4RxCVyu3PjaUOgVkGTBCklE=w408-h306-k-no","false","true","en","0","-25.3437797","131.0346514","Davide",,,"false","ChIJgbjTfixsIysR5BrpX82GKts","0872",,"2 months ago","2025-07-01T00:22:51.160Z",,,,,,,,"Ci9DQUlRQUNvZENodHljRjlvT2tGamFUQTNXVXN4YzJWNFZHSTFPRlp0TFdkMVVtYxAB",,,,,,,,,,,,,,,,,,,,,,"Google","https://www.google.com/maps/reviews/data=!4m8!14m7!1m6!2m5!1sCi9DQUlRQUNvZENodHljRjlvT2tGamFUQTNXVXN4YzJWNFZHSTFPRlp0TFdkMVVtYxAB!2m1!1s0x0:0xdb2a86cd5fe91ae4!3m1!1s2@1:CAIQACodChtycF9oOkFjaTA3WUsxc2V4VGI1OFZtLWd1Umc%7C%7C?hl=en","112345297041517148761","26","https://lh3.googleusercontent.com/a-/ALV-UjXg_G6bmTU2BzPvIDTQ8aqXYSJUDbPZhbQxMO_oWMH0y0FZ3tYK=s1920-c-rp-mo-ba3-br100","https://www.google.com/maps/contrib/112345297041517148761?hl=en","3635","2025-09-21T15:14:49.809Z","Direct Detail URL: https://www.google.com/maps/place/Ulu%E1%B9%9Fu-Kata+Tju%E1%B9%AFa+National+Park/@-25.3116912,130.6926882,10z/data=!4m8!3m7!1s0x2b236c2c7ed3b881:0xdb2a86cd5fe91ae4!8m2!3d-25.3437797!4d131.0346514!9m1!1b1!16zL20vMHBzamM?entry=ttu&g_ep=EgoyMDI1MDkxNy4wIKXMDSoASAFQAw%3D%3D","5","Northern Territory","Lasseter Hwy","false",,,"Uluṟu-Kata Tjuṯa National Park","4.8",,"https://www.google.com/maps/search/?api=1&query=Ulu%E1%B9%9Fu-Kata%20Tju%E1%B9%AFa%20National%20Park&query_place_id=ChIJgbjTfixsIysR5BrpX82GKts",
"Lasseter Hwy, Uluru NT 0872, Australia","National park","Tourist attraction","National park","15792583259963595492","Uluru","AU","0x2b236c2c7ed3b881:0xdb2a86cd5fe91ae4","https://lh3.googleusercontent.com/gps-cs-s/AC9h4np7S9xkuA34HblM4n_s-YBACR-wXhUjXYEYaqqccZkTV4ieal3VCKzlYSZw4_YO0a_d1XboFH8M9P36L0LZXdhQEwDNks0TRleE-39VVx_-jEbYM4RxCVyu3PjaUOgVkGTBCklE=w408-h306-k-no","false","true","en","0","-25.3437797","131.0346514","Rom Spi",,"en","false","ChIJgbjTfixsIysR5BrpX82GKts","0872",,"2 months ago","2025-06-29T07:27:48.843Z",,,,,,,,"Ci9DQUlRQUNvZENodHljRjlvT20xbFVHbEtWbWxKU205VU0xRTVOV3RwT0hWUE5sRRAB",,,,,,,,,,,,,,,,,,,,,,"Google","https://www.google.com/maps/reviews/data=!4m8!14m7!1m6!2m5!1sCi9DQUlRQUNvZENodHljRjlvT20xbFVHbEtWbWxKU205VU0xRTVOV3RwT0hWUE5sRRAB!2m1!1s0x0:0xdb2a86cd5fe91ae4!3m1!1s2@1:CAIQACodChtycF9oOm1lUGlKVmlJSm9UM1E5NWtpOHVPNlE%7C%7C?hl=en","115519189407408099779","108","https://lh3.googleusercontent.com/a/ACg8ocLTuXHOuMxwsvIrBVbgdho9SJQngb4Fskacn4exlYTpcz03UQ=s1920-c-rp-mo-ba4-br100","https://www.google.com/maps/contrib/115519189407408099779?hl=en","3635","2025-09-21T15:14:49.809Z","Direct Detail URL: https://www.google.com/maps/place/Ulu%E1%B9%9Fu-Kata+Tju%E1%B9%AFa+National+Park/@-25.3116912,130.6926882,10z/data=!4m8!3m7!1s0x2b236c2c7ed3b881:0xdb2a86cd5fe91ae4!8m2!3d-25.3437797!4d131.0346514!9m1!1b1!16zL20vMHBzamM?entry=ttu&g_ep=EgoyMDI1MDkxNy4wIKXMDSoASAFQAw%3D%3D","3","Northern Territory","Lasseter Hwy","false","Great park, but doesn't offer 1 day passes! Only 3 day ones. Very inconvenient as most tour in this area are for 5-6 days which means you have to buy 2 passes, or if only coming thru for a day, you get overcharged. Offer more options!",,"Uluṟu-Kata Tjuṯa National Park","4.8",,"https://www.google.com/maps/search/?api=1&query=Ulu%E1%B9%9Fu-Kata%20Tju%E1%B9%AFa%20National%20Park&query_place_id=ChIJgbjTfixsIysR5BrpX82GKts",
"Lasseter Hwy, Uluru NT 0872, Australia","National park","Tourist attraction","National park","15792583259963595492","Uluru","AU","0x2b236c2c7ed3b881:0xdb2a86cd5fe91ae4","https://lh3.googleusercontent.com/gps-cs-s/AC9h4np7S9xkuA34HblM4n_s-YBACR-wXhUjXYEYaqqccZkTV4ieal3VCKzlYSZw4_YO0a_d1XboFH8M9P36L0LZXdhQEwDNks0TRleE-39VVx_-jEbYM4RxCVyu3PjaUOgVkGTBCklE=w408-h306-k-no","false","true","en","0","-25.3437797","131.0346514","Imr Fam",,,"false","ChIJgbjTfixsIysR5BrpX82GKts","0872",,"2 months ago","2025-06-28T11:41:15.538Z",,,,,,,,"Ci9DQUlRQUNvZENodHljRjlvT2paT00zVktMVnBvZUVOTU1HeHJia1JNYWtsdmNVRRAB",,,,,,,,,,,,,,,,,,,,,,"Google","https://www.google.com/maps/reviews/data=!4m8!14m7!1m6!2m5!1sCi9DQUlRQUNvZENodHljRjlvT2paT00zVktMVnBvZUVOTU1HeHJia1JNYWtsdmNVRRAB!2m1!1s0x0:0xdb2a86cd5fe91ae4!3m1!1s2@1:CAIQACodChtycF9oOjZOM3VKLVpoeENMMGxrbkRMaklvcUE%7C%7C?hl=en","116875135875376301952","2","https://lh3.googleusercontent.com/a/ACg8ocJWAEssl4RfjMMi8vbMykjBBeqKZEdQXa_utnOwOq4oxavbpA=s1920-c-rp-mo-ba3-br100","https://www.google.com/maps/contrib/116875135875376301952?hl=en","3635","2025-09-21T15:14:49.809Z","Direct Detail URL: https://www.google.com/maps/place/Ulu%E1%B9%9Fu-Kata+Tju%E1%B9%AFa+National+Park/@-25.3116912,130.6926882,10z/data=!4m8!3m7!1s0x2b236c2c7ed3b881:0xdb2a86cd5fe91ae4!8m2!3d-25.3437797!4d131.0346514!9m1!1b1!16zL20vMHBzamM?entry=ttu&g_ep=EgoyMDI1MDkxNy4wIKXMDSoASAFQAw%3D%3D","5","Northern Territory","Lasseter Hwy","false",,,"Uluṟu-Kata Tjuṯa National Park","4.8",,"https://www.google.com/maps/search/?api=1&query=Ulu%E1%B9%9Fu-Kata%20Tju%E1%B9%AFa%20National%20Park&query_place_id=ChIJgbjTfixsIysR5BrpX82GKts",
"Lasseter Hwy, Uluru NT 0872, Australia","National park","Tourist attraction","National park","15792583259963595492","Uluru","AU","0x2b236c2c7ed3b881:0xdb2a86cd5fe91ae4","https://lh3.googleusercontent.com/gps-cs-s/AC9h4np7S9xkuA34HblM4n_s-YBACR-wXhUjXYEYaqqccZkTV4ieal3VCKzlYSZw4_YO0a_d1XboFH8M9P36L0LZXdhQEwDNks0TRleE-39VVx_-jEbYM4RxCVyu3PjaUOgVkGTBCklE=w408-h306-k-no","false","true","en","0","-25.3437797","131.0346514","Dariu Szewski",,"en","false","ChIJgbjTfixsIysR5BrpX82GKts","0872",,"Edited 2 months ago","2025-06-27T10:27:12.153Z",,,,,,,,"Ci9DQUlRQUNvZENodHljRjlvT25GM05rSlNla1F6VjFsYVF6UkhabWw1VG0xRGRWRRAB","https://lh3.googleusercontent.com/geougc-cs/AB3l90DHQNP0gwyzcXHwGNtf9-1cXDbih2I8cpRaKKS4NHFruol5ZpO9FxYkW0iMztu0TBMAs--A29HMUD6EX_rZV9NktXmiMjx60d9P4UwjsB42XZQStxZtHJGClacZOWFeuYD-HITr1V12QL8",,,,,,,,,,,,,,,,,,,,,"Google","https://www.google.com/maps/reviews/data=!4m8!14m7!1m6!2m5!1sCi9DQUlRQUNvZENodHljRjlvT25GM05rSlNla1F6VjFsYVF6UkhabWw1VG0xRGRWRRAB!2m1!1s0x0:0xdb2a86cd5fe91ae4!3m1!1s2@1:CAIQACodChtycF9oOnF3NkJSekQzV1laQzRHZml5Tm1DdVE%7C%7C?hl=en","107795705589470650126","14","https://lh3.googleusercontent.com/a/ACg8ocJ3wONzEyAsjpygRe54gxB4nf1witUe0XomTm1QVo6kdDbdJw=s1920-c-rp-mo-ba2-br100","https://www.google.com/maps/contrib/107795705589470650126?hl=en","3635","2025-09-21T15:14:49.809Z","Direct Detail URL: https://www.google.com/maps/place/Ulu%E1%B9%9Fu-Kata+Tju%E1%B9%AFa+National+Park/@-25.3116912,130.6926882,10z/data=!4m8!3m7!1s0x2b236c2c7ed3b881:0xdb2a86cd5fe91ae4!8m2!3d-25.3437797!4d131.0346514!9m1!1b1!16zL20vMHBzamM?entry=ttu&g_ep=EgoyMDI1MDkxNy4wIKXMDSoASAFQAw%3D%3D","5","Northern Territory","Lasseter Hwy","false","Great place for a weekend. Sunset viewing is a must.",,"Uluṟu-Kata Tjuṯa National Park","4.8",,"https://www.google.com/maps/search/?api=1&query=Ulu%E1%B9%9Fu-Kata%20Tju%E1%B9%AFa%20National%20Park&query_place_id=ChIJgbjTfixsIysR5BrpX82GKts",
"Lasseter Hwy, Uluru NT 0872, Australia","National park","Tourist attraction","National park","15792583259963595492","Uluru","AU","0x2b236c2c7ed3b881:0xdb2a86cd5fe91ae4","https://lh3.googleusercontent.com/gps-cs-s/AC9h4np7S9xkuA34HblM4n_s-YBACR-wXhUjXYEYaqqccZkTV4ieal3VCKzlYSZw4_YO0a_d1XboFH8M9P36L0LZXdhQEwDNks0TRleE-39VVx_-jEbYM4RxCVyu3PjaUOgVkGTBCklE=w408-h306-k-no","false","true","en","0","-25.3437797","131.0346514","Jonathan Miller",,"en","false","ChIJgbjTfixsIysR5BrpX82GKts","0872",,"2 months ago","2025-06-24T18:59:24.753Z",,,,,,,,"Ci9DQUlRQUNvZENodHljRjlvT2pObk1FdDNiMjEwWlc1MGEweGxSVzlpWXpCTGNuYxAB",,,,,,,,,,,,,,,,,,,,,,"Google","https://www.google.com/maps/reviews/data=!4m8!14m7!1m6!2m5!1sCi9DQUlRQUNvZENodHljRjlvT2pObk1FdDNiMjEwWlc1MGEweGxSVzlpWXpCTGNuYxAB!2m1!1s0x0:0xdb2a86cd5fe91ae4!3m1!1s2@1:CAIQACodChtycF9oOjNnMEt3b210ZW50a0xlRW9iYzBLcnc%7C%7C?hl=en","116271784149195069919","27","https://lh3.googleusercontent.com/a-/ALV-UjVbjTNwyq1sPVHoSSK_4ItsCcYBzrzEs96gRxyCCGthvoOsqnF1=s1920-c-rp-mo-ba3-br100","https://www.google.com/maps/contrib/116271784149195069919?hl=en","3635","2025-09-21T15:14:49.809Z","Direct Detail URL: https://www.google.com/maps/place/Ulu%E1%B9%9Fu-Kata+Tju%E1%B9%AFa+National+Park/@-25.3116912,130.6926882,10z/data=!4m8!3m7!1s0x2b236c2c7ed3b881:0xdb2a86cd5fe91ae4!8m2!3d-25.3437797!4d131.0346514!9m1!1b1!16zL20vMHBzamM?entry=ttu&g_ep=EgoyMDI1MDkxNy4wIKXMDSoASAFQAw%3D%3D","3","Northern Territory","Lasseter Hwy","false","Is it iconic? Yeah. Was it a beautiful spot? Yes. Was is it a once in a lifetime experience? I guess. Was it the best thing to see in any trip to Australia? No. And this is where my point lies. Ayers Rock is not the reason to visit Australia: in a 3-week trip to this beautiful country, it was the least impressive thing we saw. And the most expensive. Think about it. Are you willing to pay $600 roundtrip tickets to Ayers Rock from Sydney and spend over $400 a night in a monopoly of hotels whose rooms are worse than motels and also deal with thousands of flies that swarm on your face and clothes when you try to go on a hike? The site may be beautiful, but it is overhyped and overblown for what it really is: one rock in the middle of the desert. Is it a nice rock? Yeah, but it's not worth the price and compared to other beautiful sites in Australia (Twelve Apostles, the Blue Mountains, Cradle Mountain, Great Barrier Reef, Mountains around Cairns, Mt. Wellington, Hobart) it is on the same level of beauty, but less enjoyable to visit. Another misconception is that Uluru is the only place in Australia to see kangaroos in the wild. That is not true- there are 50 million kangaroos in that country and Ayers Rock might be one of the only places you can't see them in the country because they don't like the grass there. Just on the drive to the 12 Apostles from Melbourne, we saw a flock of Kangaroos. Also, there are plenty of them within an hours drive of Sydney. Ayers Rock is nice, but simply not as beautiful as the rest of Australia. If you go, just stay one or two nights. But don't make this rock the  sole reason to visit Australia or you will be very disappointed.",,"Uluṟu-Kata Tjuṯa National Park","4.8",,"https://www.google.com/maps/search/?api=1&query=Ulu%E1%B9%9Fu-Kata%20Tju%E1%B9%AFa%20National%20Park&query_place_id=ChIJgbjTfixsIysR5BrpX82GKts",
"Lasseter Hwy, Uluru NT 0872, Australia","National park","Tourist attraction","National park","15792583259963595492","Uluru","AU","0x2b236c2c7ed3b881:0xdb2a86cd5fe91ae4","https://lh3.googleusercontent.com/gps-cs-s/AC9h4np7S9xkuA34HblM4n_s-YBACR-wXhUjXYEYaqqccZkTV4ieal3VCKzlYSZw4_YO0a_d1XboFH8M9P36L0LZXdhQEwDNks0TRleE-39VVx_-jEbYM4RxCVyu3PjaUOgVkGTBCklE=w408-h306-k-no","false","true","en","0","-25.3437797","131.0346514","G 2",,,"false","ChIJgbjTfixsIysR5BrpX82GKts","0872",,"3 months ago","2025-06-18T01:45:08.813Z",,,,,,,,"Ci9DQUlRQUNvZENodHljRjlvT2t4V1VVSktNVVEwV25wWWVEZHZTbWhVVW13dE4wRRAB","https://lh3.googleusercontent.com/geougc-cs/AB3l90B9kA5JnyxNMaH_LPqsrtQeuxtGDlDqOuIrgSFHw6JTxJ4-7GiVLPGbHtOSYKvcKpt_QxRjLW8OCDgvD2rPuEhIC2TydL7-jCe4DcCJO1GiPnTRWBev-x_FkTfWZ2nLW-FZKbMIDcgdRBFz",,,,,,,,,,,,,,,,,,,,,"Google","https://www.google.com/maps/reviews/data=!4m8!14m7!1m6!2m5!1sCi9DQUlRQUNvZENodHljRjlvT2t4V1VVSktNVVEwV25wWWVEZHZTbWhVVW13dE4wRRAB!2m1!1s0x0:0xdb2a86cd5fe91ae4!3m1!1s2@1:CAIQACodChtycF9oOkxWUUJKMUQ0WnpYeDdvSmhUUmwtN0E%7C%7C?hl=en","108132928698093074167","47","https://lh3.googleusercontent.com/a-/ALV-UjV8d6mDpxN_OqFm37b9XmRv1_l6iUV3onKZsKER1J6edvmdnHgrqw=s1920-c-rp-mo-ba5-br100","https://www.google.com/maps/contrib/108132928698093074167?hl=en","3635","2025-09-21T15:14:49.809Z","Direct Detail URL: https://www.google.com/maps/place/Ulu%E1%B9%9Fu-Kata+Tju%E1%B9%AFa+National+Park/@-25.3116912,130.6926882,10z/data=!4m8!3m7!1s0x2b236c2c7ed3b881:0xdb2a86cd5fe91ae4!8m2!3d-25.3437797!4d131.0346514!9m1!1b1!16zL20vMHBzamM?entry=ttu&g_ep=EgoyMDI1MDkxNy4wIKXMDSoASAFQAw%3D%3D","5","Northern Territory","Lasseter Hwy","false",,,"Uluṟu-Kata Tjuṯa National Park","4.8",,"https://www.google.com/maps/search/?api=1&query=Ulu%E1%B9%9Fu-Kata%20Tju%E1%B9%AFa%20National%20Park&query_place_id=ChIJgbjTfixsIysR5BrpX82GKts",
"Lasseter Hwy, Uluru NT 0872, Australia","National park","Tourist attraction","National park","15792583259963595492","Uluru","AU","0x2b236c2c7ed3b881:0xdb2a86cd5fe91ae4","https://lh3.googleusercontent.com/gps-cs-s/AC9h4np7S9xkuA34HblM4n_s-YBACR-wXhUjXYEYaqqccZkTV4ieal3VCKzlYSZw4_YO0a_d1XboFH8M9P36L0LZXdhQEwDNks0TRleE-39VVx_-jEbYM4RxCVyu3PjaUOgVkGTBCklE=w408-h306-k-no","false","true","en","0","-25.3437797","131.0346514","Enrydave Vale",,"en","false","ChIJgbjTfixsIysR5BrpX82GKts","0872",,"3 months ago","2025-06-16T23:34:33.898Z",,,,,,,,"Ci9DQUlRQUNvZENodHljRjlvT2taSVJGQTJjR1pJZFRkSFgyWTFNV0V5VEdaVWNFRRAB","https://lh3.googleusercontent.com/geougc-cs/AB3l90B_c_Ak6xDLa0O84t47fPMMMV59yaZ8eKOSQ752pxFNG33JbnRDuxpThB08QRJBmeezVkC_1JKmzbOEhuuV4pjTGOqSdrRbJpu73ICQzZ6mwciOqkkxOjDIb_tryPXWdDcTgSxUhI-CYPkL","https://lh3.googleusercontent.com/geougc-cs/AB3l90DXouw2dh9dLUx5eEkaxh5s0L0DpeDZkuFYXdzT7J0x_qrKwCsgE60b1j8ngfnXdcWBSzgfsqnuLyqVzhdy8dYhj-IAKGL31yRuhiIKuel7rfTCNbhw6Ld45adZTluUYLEwJrb4nusfODDQ","https://lh3.googleusercontent.com/geougc-cs/AB3l90AO8sulZZDaHjMsMriLZ2KbH9Z0dH2skb_cPjNY1rtgcRMZaHrlPCJaT_klw77Mz20NHG-6pjg50z8tJ2d8Q8F4b2oWi3C1k9CQMXJfeXxeAhuUoUyGk-_2ru181ke6fAyy3h_P_WfRCb-G",,,,,,,,,,,,,,,,,,,"Google","https://www.google.com/maps/reviews/data=!4m8!14m7!1m6!2m5!1sCi9DQUlRQUNvZENodHljRjlvT2taSVJGQTJjR1pJZFRkSFgyWTFNV0V5VEdaVWNFRRAB!2m1!1s0x0:0xdb2a86cd5fe91ae4!3m1!1s2@1:CAIQACodChtycF9oOkZIRFA2cGZIdTdHX2Y1MWEyTGZUcEE%7C%7C?hl=en","114922643931650577433","9","https://lh3.googleusercontent.com/a-/ALV-UjUOExCdovImhcKyqWIXSQrW7umDKCk_nb-_HRCtW3VlQcnxYHgT=s1920-c-rp-mo-ba2-br100","https://www.google.com/maps/contrib/114922643931650577433?hl=en","3635","2025-09-21T15:14:49.809Z","Direct Detail URL: https://www.google.com/maps/place/Ulu%E1%B9%9Fu-Kata+Tju%E1%B9%AFa+National+Park/@-25.3116912,130.6926882,10z/data=!4m8!3m7!1s0x2b236c2c7ed3b881:0xdb2a86cd5fe91ae4!8m2!3d-25.3437797!4d131.0346514!9m1!1b1!16zL20vMHBzamM?entry=ttu&g_ep=EgoyMDI1MDkxNy4wIKXMDSoASAFQAw%3D%3D","5","Northern Territory","Lasseter Hwy","false","Great experience",,"Uluṟu-Kata Tjuṯa National Park","4.8",,"https://www.google.com/maps/search/?api=1&query=Ulu%E1%B9%9Fu-Kata%20Tju%E1%B9%AFa%20National%20Park&query_place_id=ChIJgbjTfixsIysR5BrpX82GKts",
"Lasseter Hwy, Uluru NT 0872, Australia","National park","Tourist attraction","National park","15792583259963595492","Uluru","AU","0x2b236c2c7ed3b881:0xdb2a86cd5fe91ae4","https://lh3.googleusercontent.com/gps-cs-s/AC9h4np7S9xkuA34HblM4n_s-YBACR-wXhUjXYEYaqqccZkTV4ieal3VCKzlYSZw4_YO0a_d1XboFH8M9P36L0LZXdhQEwDNks0TRleE-39VVx_-jEbYM4RxCVyu3PjaUOgVkGTBCklE=w408-h306-k-no","false","true","en","0","-25.3437797","131.0346514","Anne Nitschke",,"en","false","ChIJgbjTfixsIysR5BrpX82GKts","0872",,"3 months ago","2025-06-16T07:26:10.440Z",,,,,,,,"Ci9DQUlRQUNvZENodHljRjlvT2s1MFRIQXRWSFpKYkdVd1RVUkJVRkZoT0VKcFpuYxAB","https://lh3.googleusercontent.com/geougc-cs/AB3l90AYxp-lc63AZ7fRv39cA-M-9Ra4giPXvWXHcxILv82VlYj69Q4yXXiC5-gXJgI7bENDHLsX24QiQr96MsQdRVXVOn6q_zABgL50mNlYXwfYmv7UwbI-o02cwlq5PkVuDRXu2BjAnpYMIEE",,,,,,,,,,,,,,,,,,,,,"Google","https://www.google.com/maps/reviews/data=!4m8!14m7!1m6!2m5!1sCi9DQUlRQUNvZENodHljRjlvT2s1MFRIQXRWSFpKYkdVd1RVUkJVRkZoT0VKcFpuYxAB!2m1!1s0x0:0xdb2a86cd5fe91ae4!3m1!1s2@1:CAIQACodChtycF9oOk50THAtVHZJbGUwTURBUFFhOEJpZnc%7C%7C?hl=en","100311929191654712479","15","https://lh3.googleusercontent.com/a-/ALV-UjVUJGdhsoJTdeV7KX3AA7F0ofmRKqW0KTsjkwq8Wx8T_inFSFy8=s1920-c-rp-mo-ba2-br100","https://www.google.com/maps/contrib/100311929191654712479?hl=en","3635","2025-09-21T15:14:49.809Z","Direct Detail URL: https://www.google.com/maps/place/Ulu%E1%B9%9Fu-Kata+Tju%E1%B9%AFa+National+Park/@-25.3116912,130.6926882,10z/data=!4m8!3m7!1s0x2b236c2c7ed3b881:0xdb2a86cd5fe91ae4!8m2!3d-25.3437797!4d131.0346514!9m1!1b1!16zL20vMHBzamM?entry=ttu&g_ep=EgoyMDI1MDkxNy4wIKXMDSoASAFQAw%3D%3D","5","Northern Territory","Lasseter Hwy","false","Since I’m a kid I’m dreaming of seeing the Uluru with my own eyes and it is extremely beautiful!",,"Uluṟu-Kata Tjuṯa National Park","4.8",,"https://www.google.com/maps/search/?api=1&query=Ulu%E1%B9%9Fu-Kata%20Tju%E1%B9%AFa%20National%20Park&query_place_id=ChIJgbjTfixsIysR5BrpX82GKts",
"Lasseter Hwy, Uluru NT 0872, Australia","National park","Tourist attraction","National park","15792583259963595492","Uluru","AU","0x2b236c2c7ed3b881:0xdb2a86cd5fe91ae4","https://lh3.googleusercontent.com/gps-cs-s/AC9h4np7S9xkuA34HblM4n_s-YBACR-wXhUjXYEYaqqccZkTV4ieal3VCKzlYSZw4_YO0a_d1XboFH8M9P36L0LZXdhQEwDNks0TRleE-39VVx_-jEbYM4RxCVyu3PjaUOgVkGTBCklE=w408-h306-k-no","false","false","en","0","-25.3437797","131.0346514","Esther Tang",,"en","false","ChIJgbjTfixsIysR5BrpX82GKts","0872",,"3 months ago","2025-06-16T01:58:06.260Z",,,,,,,,"ChdDSUhNMG9nS0VJdjRuT3UwenA2Ny13RRAB",,,,,,,,,,,,,,,,,,,,,,"Google","https://www.google.com/maps/reviews/data=!4m8!14m7!1m6!2m5!1sChdDSUhNMG9nS0VJdjRuT3UwenA2Ny13RRAB!2m1!1s0x0:0xdb2a86cd5fe91ae4!3m1!1s2@1:CIHM0ogKEIv4nOu0zp67-wE%7C%7C?hl=en","115472676591803135339","4","https://lh3.googleusercontent.com/a/ACg8ocLll3wM_P84gZE-n-cIWT5C2hiTUQdCnKVL5RYozl5qXvuDjw=s1920-c-rp-mo-br100","https://www.google.com/maps/contrib/115472676591803135339?hl=en","3635","2025-09-21T15:14:49.809Z","Direct Detail URL: https://www.google.com/maps/place/Ulu%E1%B9%9Fu-Kata+Tju%E1%B9%AFa+National+Park/@-25.3116912,130.6926882,10z/data=!4m8!3m7!1s0x2b236c2c7ed3b881:0xdb2a86cd5fe91ae4!8m2!3d-25.3437797!4d131.0346514!9m1!1b1!16zL20vMHBzamM?entry=ttu&g_ep=EgoyMDI1MDkxNy4wIKXMDSoASAFQAw%3D%3D","4","Northern Territory","Lasseter Hwy","false","My family and I were there at the start of June. The weather was nice, not too hot or too cold. However, just wanted to share - bring a face net!

There are flies / insects in the area (right from when we landed at the airport). Of course, there were places with more than others so preparing face nets will help with keeping them clear of your nose, mouth and ears. You can purchase the nets at the town centre but they are a bit more pricey (AUD 10-15 per net).

Putting that aside, Uluru is beautiful especially during sunset. The rock almost seemed like it is glowing fiery red.",,"Uluṟu-Kata Tjuṯa National Park","4.8",,"https://www.google.com/maps/search/?api=1&query=Ulu%E1%B9%9Fu-Kata%20Tju%E1%B9%AFa%20National%20Park&query_place_id=ChIJgbjTfixsIysR5BrpX82GKts",
"Lasseter Hwy, Uluru NT 0872, Australia","National park","Tourist attraction","National park","15792583259963595492","Uluru","AU","0x2b236c2c7ed3b881:0xdb2a86cd5fe91ae4","https://lh3.googleusercontent.com/gps-cs-s/AC9h4np7S9xkuA34HblM4n_s-YBACR-wXhUjXYEYaqqccZkTV4ieal3VCKzlYSZw4_YO0a_d1XboFH8M9P36L0LZXdhQEwDNks0TRleE-39VVx_-jEbYM4RxCVyu3PjaUOgVkGTBCklE=w408-h306-k-no","false","false","en","0","-25.3437797","131.0346514","Bianca Perkins",,"en","false","ChIJgbjTfixsIysR5BrpX82GKts","0872",,"3 months ago","2025-06-16T00:09:30.855Z",,,,,"Great picnic area with a barbeque",,"Great rest rooms with nice warm showers everytime","ChZDSUhNMG9nS0VNZlVqS2I5MnJxV0VnEAE","https://lh3.googleusercontent.com/geougc-cs/AB3l90CWqJUfjEQfwYrF8jQgCDmZXZthhIes9IXy-0-VjjvrG-xjjXZ9uA34jq6Q2V7Q4q-X5wg6_Foo28g4sworMQGzjfAZbUYLHq5KfJZ6h4ngXD0kGo0i2pqY7JIl7VtsGoDviZg","https://lh3.googleusercontent.com/geougc-cs/AB3l90C2K_ZnU1kOKH_VHzCNIuVTcCVcm1RTjzpiRDKDH1i_I7b-VLAkXS4HFcsjuiKq7U8InTmtevu5jpkrH1MdqAisaVGZE-rkRcVAQ423EufZcVPOwOAGluRwYWhk3oCoXnlAvAnl","https://lh3.googleusercontent.com/geougc-cs/AB3l90CX7loGLUtbV-UBeGFGIOVVhpU5kdvic0dbOVRhrDT-fdOxPUWZVL8i6eNJwBMCeIo5QbrA_NOSzh35236j0slV9JAFFYCse_2t1VDppVAPtlZtc9EizeCP4ZUbC-d9x7YFoN-img","https://lh3.googleusercontent.com/geougc-cs/AB3l90CFqiS8UdLX8997wwSUNYedhmXCO0ibMwwZUEW9Bi6BZXLn07iJEg_en52mg15PZ16CZJkZi16Ai8kHGBES9OA3YPQfUhX2PK_GanSLWnoF4Pv9jkA8II4tFw9sWfgcdAUeIIKk","https://lh3.googleusercontent.com/geougc-cs/AB3l90AvaKi4_0TT_A7P3lxt7b0NV3bIq2191v6AcSf8MA-sx4WpJP8ZlNAjGgq1mNwueLRdGaN-JWLMqTFakYhhMH5kXClYl6qlTWCo0MuQ5_Jt57uJCKCcQtMcfGD02jE5gRPsrQE","https://lh3.googleusercontent.com/geougc-cs/AB3l90CLdEl2Yhz85ZK37l2N1m0KFcxxcPkjx4J46soEvTLdX0FSeAVAiC-_Q0c5oGU_zOPVB1fIV2JUkz5ISUlEmd2IA4lrdlf6wCKh7FbEFzSrKZwl5A5Z9Gtm8e6Jaqb7GsI4wf0FbQ","https://lh3.googleusercontent.com/geougc-cs/AB3l90Co5ZnK_c6DyR867oeLHtVZXf3aCur8QUxCmsF56-34x4VdOW2hQSVwdxyADZffSf92MhKd2Q2RkuKq8HXoEp3VGyENpquPYKNDFkvkG94SOERLrFeQMNYPuEcH5kenYQh5pY5y3A",,,,,,,,,,,,,,,"Google","https://www.google.com/maps/reviews/data=!4m8!14m7!1m6!2m5!1sChZDSUhNMG9nS0VNZlVqS2I5MnJxV0VnEAE!2m1!1s0x0:0xdb2a86cd5fe91ae4!3m1!1s2@1:CIHM0ogKEMfUjKb92rqWEg%7C%7C?hl=en","101378094728087081617","3","https://lh3.googleusercontent.com/a-/ALV-UjUCD8PAUKWL_Cz-3ComF-jMJIO9MieDha2NFq-CLchS4zhTMI0=s1920-c-rp-mo-br100","https://www.google.com/maps/contrib/101378094728087081617?hl=en","3635","2025-09-21T15:14:49.809Z","Direct Detail URL: https://www.google.com/maps/place/Ulu%E1%B9%9Fu-Kata+Tju%E1%B9%AFa+National+Park/@-25.3116912,130.6926882,10z/data=!4m8!3m7!1s0x2b236c2c7ed3b881:0xdb2a86cd5fe91ae4!8m2!3d-25.3437797!4d131.0346514!9m1!1b1!16zL20vMHBzamM?entry=ttu&g_ep=EgoyMDI1MDkxNy4wIKXMDSoASAFQAw%3D%3D","5","Northern Territory","Lasseter Hwy","false",,,"Uluṟu-Kata Tjuṯa National Park","4.8",,"https://www.google.com/maps/search/?api=1&query=Ulu%E1%B9%9Fu-Kata%20Tju%E1%B9%AFa%20National%20Park&query_place_id=ChIJgbjTfixsIysR5BrpX82GKts",
"Lasseter Hwy, Uluru NT 0872, Australia","National park","Tourist attraction","National park","15792583259963595492","Uluru","AU","0x2b236c2c7ed3b881:0xdb2a86cd5fe91ae4","https://lh3.googleusercontent.com/gps-cs-s/AC9h4np7S9xkuA34HblM4n_s-YBACR-wXhUjXYEYaqqccZkTV4ieal3VCKzlYSZw4_YO0a_d1XboFH8M9P36L0LZXdhQEwDNks0TRleE-39VVx_-jEbYM4RxCVyu3PjaUOgVkGTBCklE=w408-h306-k-no","false","false","en","0","-25.3437797","131.0346514","Bianca Perkins",,"en","false","ChIJgbjTfixsIysR5BrpX82GKts","0872",,"3 months ago","2025-06-16T00:09:30.855Z",,,,,"Great picnic area with a barbeque",,"Great rest rooms with nice warm showers everytime","ChZDSUhNMG9nS0VNZlVqS2I5MnJxV0VnEAE","https://lh3.googleusercontent.com/geougc-cs/AB3l90CWqJUfjEQfwYrF8jQgCDmZXZthhIes9IXy-0-VjjvrG-xjjXZ9uA34jq6Q2V7Q4q-X5wg6_Foo28g4sworMQGzjfAZbUYLHq5KfJZ6h4ngXD0kGo0i2pqY7JIl7VtsGoDviZg","https://lh3.googleusercontent.com/geougc-cs/AB3l90C2K_ZnU1kOKH_VHzCNIuVTcCVcm1RTjzpiRDKDH1i_I7b-VLAkXS4HFcsjuiKq7U8InTmtevu5jpkrH1MdqAisaVGZE-rkRcVAQ423EufZcVPOwOAGluRwYWhk3oCoXnlAvAnl","https://lh3.googleusercontent.com/geougc-cs/AB3l90CX7loGLUtbV-UBeGFGIOVVhpU5kdvic0dbOVRhrDT-fdOxPUWZVL8i6eNJwBMCeIo5QbrA_NOSzh35236j0slV9JAFFYCse_2t1VDppVAPtlZtc9EizeCP4ZUbC-d9x7YFoN-img","https://lh3.googleusercontent.com/geougc-cs/AB3l90CFqiS8UdLX8997wwSUNYedhmXCO0ibMwwZUEW9Bi6BZXLn07iJEg_en52mg15PZ16CZJkZi16Ai8kHGBES9OA3YPQfUhX2PK_GanSLWnoF4Pv9jkA8II4tFw9sWfgcdAUeIIKk","https://lh3.googleusercontent.com/geougc-cs/AB3l90AvaKi4_0TT_A7P3lxt7b0NV3bIq2191v6AcSf8MA-sx4WpJP8ZlNAjGgq1mNwueLRdGaN-JWLMqTFakYhhMH5kXClYl6qlTWCo0MuQ5_Jt57uJCKCcQtMcfGD02jE5gRPsrQE","https://lh3.googleusercontent.com/geougc-cs/AB3l90CLdEl2Yhz85ZK37l2N1m0KFcxxcPkjx4J46soEvTLdX0FSeAVAiC-_Q0c5oGU_zOPVB1fIV2JUkz5ISUlEmd2IA4lrdlf6wCKh7FbEFzSrKZwl5A5Z9Gtm8e6Jaqb7GsI4wf0FbQ","https://lh3.googleusercontent.com/geougc-cs/AB3l90Co5ZnK_c6DyR867oeLHtVZXf3aCur8QUxCmsF56-34x4VdOW2hQSVwdxyADZffSf92MhKd2Q2RkuKq8HXoEp3VGyENpquPYKNDFkvkG94SOERLrFeQMNYPuEcH5kenYQh5pY5y3A",,,,,,,,,,,,,,,"Google","https://www.google.com/maps/reviews/data=!4m8!14m7!1m6!2m5!1sChZDSUhNMG9nS0VNZlVqS2I5MnJxV0VnEAE!2m1!1s0x0:0xdb2a86cd5fe91ae4!3m1!1s2@1:CIHM0ogKEMfUjKb92rqWEg%7C%7C?hl=en","101378094728087081617","3","https://lh3.googleusercontent.com/a-/ALV-UjUCD8PAUKWL_Cz-3ComF-jMJIO9MieDha2NFq-CLchS4zhTMI0=s1920-c-rp-mo-br100","https://www.google.com/maps/contrib/101378094728087081617?hl=en","3635","2025-09-21T15:14:49.809Z","Direct Detail URL: https://www.google.com/maps/place/Ulu%E1%B9%9Fu-Kata+Tju%E1%B9%AFa+National+Park/@-25.3116912,130.6926882,10z/data=!4m8!3m7!1s0x2b236c2c7ed3b881:0xdb2a86cd5fe91ae4!8m2!3d-25.3437797!4d131.0346514!9m1!1b1!16zL20vMHBzamM?entry=ttu&g_ep=EgoyMDI1MDkxNy4wIKXMDSoASAFQAw%3D%3D","5","Northern Territory","Lasseter Hwy","false",,,"Uluṟu-Kata Tjuṯa National Park","4.8",,"https://www.google.com/maps/search/?api=1&query=Ulu%E1%B9%9Fu-Kata%20Tju%E1%B9%AFa%20National%20Park&query_place_id=ChIJgbjTfixsIysR5BrpX82GKts",
"Lasseter Hwy, Uluru NT 0872, Australia","National park","Tourist attraction","National park","15792583259963595492","Uluru","AU","0x2b236c2c7ed3b881:0xdb2a86cd5fe91ae4","https://lh3.googleusercontent.com/gps-cs-s/AC9h4np7S9xkuA34HblM4n_s-YBACR-wXhUjXYEYaqqccZkTV4ieal3VCKzlYSZw4_YO0a_d1XboFH8M9P36L0LZXdhQEwDNks0TRleE-39VVx_-jEbYM4RxCVyu3PjaUOgVkGTBCklE=w408-h306-k-no","false","true","en","0","-25.3437797","131.0346514","Virginia L",,"en","false","ChIJgbjTfixsIysR5BrpX82GKts","0872",,"3 months ago","2025-06-14T08:51:41.232Z",,,,,,,,"ChZDSUhNMG9nS0VLbm9rY3k0bTlYakpnEAE","https://lh3.googleusercontent.com/geougc-cs/AB3l90AAOmOxNQ4n0hlcjRGqxAoQYgpFQ5pcM5FBWTzUjhA0mzeL5FN4fHFIPfJ7dw9slLgqz-EgbKl5ErdUNxq5lSxgwRMECfrtY3xWjBjB94Nr0P2GDDdlcpNVvFgaO8DqkNWaXRGq4w","https://lh3.googleusercontent.com/geougc-cs/AB3l90D5RupdWc2qO5iZie2vdpPjtroacLmW37GN6xs7xxBzjz3BNa6-Gf_RNDhDDuQC273HrzM1_7c_WRIDd0lblS_SNnBCR5bJl83X6vQu9hChB-r2rtIv2i6SX-J47p_5Ap4P8W4","https://lh3.googleusercontent.com/geougc-cs/AB3l90AJmJ-cpXf1TNilLQ_UdBPqywm6boxk1v1-UenliN_aZGsk4R9q5lv5tyrmqJUXVX86XoTxh-B7s2YI7gtDyopj0aLGCzwNv-ZhWjKJqHyl1b5ueY-dIZ5CyptkastUGrnZmZ4u","https://lh3.googleusercontent.com/geougc-cs/AB3l90CUk-28CKUuafQSIJeByYjxfPfQkrk9lk6W7tGPOMvT8HJO6KjlXmRVAKq_LChoJord7I3TQyxT7PqkQs1LqOc0G5Yj7iuttoheP82Ef7w2Rtuf03yg4MM8-Wg88bd7bg_40Ume","https://lh3.googleusercontent.com/geougc-cs/AB3l90A_jsdK40aqmaMCmi2bPwAD7E-_JA3O1eZco5jInGKeQ-TFlyrp7FMQUkbuzz6iLcIdMgeWx_qLCmkG25g1XAG_J99k75_77kw3sDQL4nkVHq0co_8z7aQA2z51o1cue00BpbY3","https://lh3.googleusercontent.com/geougc-cs/AB3l90BMvk1pufTSzgtQqTXTp36dev6CbDuPAXizzmeNlqnZHNJatG9IhUMauDJvG8DUCsXkgVxeV5NnIiiQ9a7B6GO3pddSGCwaZUFRmfb0v6fqCyPbnNxpXBZS4zV5IstQ5F2XMrqKdg","https://lh3.googleusercontent.com/geougc-cs/AB3l90CSQgk-bJxU7HaCW0UfBEq9Xvx-_UVXeG7BI1ID_JNkF1kd1bYWMpO7NM6uhGnjJW7nTRuJT0zzvKbaLVQHW62VnxsuDch4vM7DCEKHQnaiGPHdQNy0hiWkhA-RXssMUwlzAmOU","https://lh3.googleusercontent.com/geougc-cs/AB3l90CcLJGqD54MHU2ubKgwlq66eoq2iNdMkQf1yVu_0QQneEBcteMrziFxtH-bQrjHRHDsTRG6xOzwMcQDTXadGMNS92Vedl8Dski22k2_tlUCYwo8MKJo8daXCoJE8ow0YcF0wTRE","https://lh3.googleusercontent.com/geougc-cs/AB3l90Dre0vztBGcqxB2wuqebg5l2PzXFh8RA8nH4M4JwGhMzN22oS9PhY0MuO5tmt85LDUpP-qmgJPyGNJuwe8RaEMse0A8lz6kzoiSwg7AMHp1MRfryJQ3tK2FPA-Vk8zzz-uxrGH1","https://lh3.googleusercontent.com/geougc-cs/AB3l90BPwXmL5rWuHYQz8LvCuwZaluHHa2DQPkZl5bs8lrpbRt7V7rl5d4tFAdM8cWt07yr4_48-gFbG-FcYmgFbouz4Adatolvf5Hlg1RbYU9Nz9vqqOEpxOCbOkWaufHCrSI1Shu21","https://lh3.googleusercontent.com/geougc-cs/AB3l90C3zBWaGW2DfNaGtwCby7KLgCU7jX6Zmgjrtfm_mXJoVuWVGemldRnfOyDugsSLLlaL-4y2clqiRBO80wx9k2ANu1eTIBo937xkcc0na1KZN810K8FR4MXxeyE7gLWEVHZ20QbN","https://lh3.googleusercontent.com/geougc-cs/AB3l90Cv8r_i_-XBjAsB6qzDQpKFv9RloNRropcdZJDd0U098lZCnB68dW5_F5gP1K1SwUe4XAnKlpd47DUzcQpezPHIUKNjusThX-gy38Q1CS3LkpL3FDDfPHi3Yc-lN50w64XDYD9vmA","https://lh3.googleusercontent.com/geougc-cs/AB3l90DvcqySKSJddqC3qE0JNLEFlI3_vvmJw3I82jBqjDOGSykLEqNROBhjGBVZFZzgsQ1Bt3KUtPXm6-uGAo9inn_HimdclPwo6jhfuNN8S0pF7MnPc_RDsf279B6SSHllLTiiHpLZ9A","https://lh3.googleusercontent.com/geougc-cs/AB3l90A_TFxS5_KLhIx9XW5pOlWt_IsZUXZ6y28GJvlDwgaAQa_2_ralAFHSZUchlW6FD70FjNTFnsckKlUddJn1UEtE7Kd5q9XoQBz9rUeIfggK897pY4pX-nbVA-mtIcTzBoHA98gh","https://lh3.googleusercontent.com/geougc-cs/AB3l90DANHmA1UVJja0NRhG06PSdhmB6t17w8DIAB7I0N-8PnWZIL7vPU8ztpMAWsE3PzEUQFG70Ur-vym3UJ_LGw0_hUBUaEGRP4L6Esvy-q_JUEbx_keuXEXn8WJXoEtEkNETW2P9k","https://lh3.googleusercontent.com/geougc-cs/AB3l90Dpgx9Yzl-oy_uduLwVpc3rnvKw8kIkeWheTr7NQe7sQFTFrKUlNX7PpkGopHCO7zITmfPdId8RrBznqlOk2dWzB9-GnH3GuDeaW-r6qPvzLePGmO9Dlunuov6o1G5XrdXZM6zaKQ",,,,,,"Google","https://www.google.com/maps/reviews/data=!4m8!14m7!1m6!2m5!1sChZDSUhNMG9nS0VLbm9rY3k0bTlYakpnEAE!2m1!1s0x0:0xdb2a86cd5fe91ae4!3m1!1s2@1:CIHM0ogKEKnokcy4m9XjJg%7C%7C?hl=en","114512292400607647740","649","https://lh3.googleusercontent.com/a-/ALV-UjWqkmrzlASURUFZ0A2jzuqsTkSH9sy1z0KDZn4qhUcwlzvgx5GW=s1920-c-rp-mo-ba6-br100","https://www.google.com/maps/contrib/114512292400607647740?hl=en","3635","2025-09-21T15:14:49.809Z","Direct Detail URL: https://www.google.com/maps/place/Ulu%E1%B9%9Fu-Kata+Tju%E1%B9%AFa+National+Park/@-25.3116912,130.6926882,10z/data=!4m8!3m7!1s0x2b236c2c7ed3b881:0xdb2a86cd5fe91ae4!8m2!3d-25.3437797!4d131.0346514!9m1!1b1!16zL20vMHBzamM?entry=ttu&g_ep=EgoyMDI1MDkxNy4wIKXMDSoASAFQAw%3D%3D","5","Northern Territory","Lasseter Hwy","false","Amazing experience visiting. Get your tickets online and just scan at the entrance it is valid for three days. The park is very organized with many parking lots separated for buses and cars. Make sure to check it out the website for maps of trails and also sensitive areas. Don’t miss sunset/ sunrise both fantastic!",,"Uluṟu-Kata Tjuṯa National Park","4.8",,"https://www.google.com/maps/search/?api=1&query=Ulu%E1%B9%9Fu-Kata%20Tju%E1%B9%AFa%20National%20Park&query_place_id=ChIJgbjTfixsIysR5BrpX82GKts",
"Lasseter Hwy, Uluru NT 0872, Australia","National park","Tourist attraction","National park","15792583259963595492","Uluru","AU","0x2b236c2c7ed3b881:0xdb2a86cd5fe91ae4","https://lh3.googleusercontent.com/gps-cs-s/AC9h4np7S9xkuA34HblM4n_s-YBACR-wXhUjXYEYaqqccZkTV4ieal3VCKzlYSZw4_YO0a_d1XboFH8M9P36L0LZXdhQEwDNks0TRleE-39VVx_-jEbYM4RxCVyu3PjaUOgVkGTBCklE=w408-h306-k-no","false","true","en","0","-25.3437797","131.0346514","Ida’s Journey",,"en","false","ChIJgbjTfixsIysR5BrpX82GKts","0872",,"Edited 3 months ago","2025-06-13T01:56:26.361Z",,"2024-11-18T01:42:54.000Z","Hi Ida,
Thanks so much for leaving a review of Uluru-Kata Tjuta National Park. We're thrilled to hear you had such an amazing experience!
Thanks,
Parks Australia","Not sure. Never seen anyone bring.","Yes","Not sure","Yes","ChdDSUhNMG9nS0VJQ0FnSUQzenF1NjdnRRAB",,,,,,,,,,,,,,,,,,,,,,"Google","https://www.google.com/maps/reviews/data=!4m8!14m7!1m6!2m5!1sChdDSUhNMG9nS0VJQ0FnSUQzenF1NjdnRRAB!2m1!1s0x0:0xdb2a86cd5fe91ae4!3m1!1s2@1:CIHM0ogKEICAgID3zqu67gE%7C%7C?hl=en","114027569751575955218","97","https://lh3.googleusercontent.com/a-/ALV-UjX1R-4DgEwWC4GFA2Oo0c_6csRJV9CyRMmGEpw7DCKqHPNZrVJmMw=s1920-c-rp-mo-ba5-br100","https://www.google.com/maps/contrib/114027569751575955218?hl=en","3635","2025-09-21T15:14:49.809Z","Direct Detail URL: https://www.google.com/maps/place/Ulu%E1%B9%9Fu-Kata+Tju%E1%B9%AFa+National+Park/@-25.3116912,130.6926882,10z/data=!4m8!3m7!1s0x2b236c2c7ed3b881:0xdb2a86cd5fe91ae4!8m2!3d-25.3437797!4d131.0346514!9m1!1b1!16zL20vMHBzamM?entry=ttu&g_ep=EgoyMDI1MDkxNy4wIKXMDSoASAFQAw%3D%3D","5","Northern Territory","Lasseter Hwy","false","An amazing view. I can’t believe that I have been here but still don’t know how to express my feelings. I travel all the way from Melbourne and take few days driving on my own. Tired and exhausted but completely worth it. 3 days looking at this giant rock and walking 10km loop still not enough for me to explained how amazed I am. ‘How small I am in this world.’
I recommend this is the first place everyone should visit  in Australia.",,"Uluṟu-Kata Tjuṯa National Park","4.8",,"https://www.google.com/maps/search/?api=1&query=Ulu%E1%B9%9Fu-Kata%20Tju%E1%B9%AFa%20National%20Park&query_place_id=ChIJgbjTfixsIysR5BrpX82GKts",
"Lasseter Hwy, Uluru NT 0872, Australia","National park","Tourist attraction","National park","15792583259963595492","Uluru","AU","0x2b236c2c7ed3b881:0xdb2a86cd5fe91ae4","https://lh3.googleusercontent.com/gps-cs-s/AC9h4np7S9xkuA34HblM4n_s-YBACR-wXhUjXYEYaqqccZkTV4ieal3VCKzlYSZw4_YO0a_d1XboFH8M9P36L0LZXdhQEwDNks0TRleE-39VVx_-jEbYM4RxCVyu3PjaUOgVkGTBCklE=w408-h306-k-no","false","false","en","0","-25.3437797","131.0346514","Paul Mak",,,"false","ChIJgbjTfixsIysR5BrpX82GKts","0872",,"3 months ago","2025-06-11T06:08:30.921Z",,,,,,,,"Ci9DQUlRQUNvZENodHljRjlvT205aVQyUjNlRlpMUzFkM1YxRjJNQzFJWjBsU1EwRRAB",,,,,,,,,,,,,,,,,,,,,,"Google","https://www.google.com/maps/reviews/data=!4m8!14m7!1m6!2m5!1sCi9DQUlRQUNvZENodHljRjlvT205aVQyUjNlRlpMUzFkM1YxRjJNQzFJWjBsU1EwRRAB!2m1!1s0x0:0xdb2a86cd5fe91ae4!3m1!1s2@1:CAIQACodChtycF9oOm9iT2R3eFZLS1d3V1F2MC1IZ0lSQ0E%7C%7C?hl=en","114121665315125008536","12","https://lh3.googleusercontent.com/a-/ALV-UjUTbCX4zfST4YQZe01Qt52CEuqpgU_qW8AxMlQZD5xlEjPg9NJP=s1920-c-rp-mo-br100","https://www.google.com/maps/contrib/114121665315125008536?hl=en","3635","2025-09-21T15:14:49.809Z","Direct Detail URL: https://www.google.com/maps/place/Ulu%E1%B9%9Fu-Kata+Tju%E1%B9%AFa+National+Park/@-25.3116912,130.6926882,10z/data=!4m8!3m7!1s0x2b236c2c7ed3b881:0xdb2a86cd5fe91ae4!8m2!3d-25.3437797!4d131.0346514!9m1!1b1!16zL20vMHBzamM?entry=ttu&g_ep=EgoyMDI1MDkxNy4wIKXMDSoASAFQAw%3D%3D","5","Northern Territory","Lasseter Hwy","false",,,"Uluṟu-Kata Tjuṯa National Park","4.8",,"https://www.google.com/maps/search/?api=1&query=Ulu%E1%B9%9Fu-Kata%20Tju%E1%B9%AFa%20National%20Park&query_place_id=ChIJgbjTfixsIysR5BrpX82GKts",
"Lasseter Hwy, Uluru NT 0872, Australia","National park","Tourist attraction","National park","15792583259963595492","Uluru","AU","0x2b236c2c7ed3b881:0xdb2a86cd5fe91ae4","https://lh3.googleusercontent.com/gps-cs-s/AC9h4np7S9xkuA34HblM4n_s-YBACR-wXhUjXYEYaqqccZkTV4ieal3VCKzlYSZw4_YO0a_d1XboFH8M9P36L0LZXdhQEwDNks0TRleE-39VVx_-jEbYM4RxCVyu3PjaUOgVkGTBCklE=w408-h306-k-no","false","true","en","0","-25.3437797","131.0346514","dechen choden",,"en","false","ChIJgbjTfixsIysR5BrpX82GKts","0872",,"3 months ago","2025-06-09T03:17:46.447Z",,,,,,,,"ChZDSUhNMG9nS0VNN295dFhWOXFMYlhnEAE","https://lh3.googleusercontent.com/geougc-cs/AB3l90D802NV_HrzF2AFrRq7asR8SSsm8JPBUOGEXMzeGtbaLfytq3VGiIKmK1tg2s7LsR5jSKcEzdPhvIrklRGC8aRlDqzLFQ68bM8vkzRx6cxEDt4EmUDl6QxYZ6eMrXglbj9PHlH1nw",,,,,,,,,,,,,,,,,,,,,"Google","https://www.google.com/maps/reviews/data=!4m8!14m7!1m6!2m5!1sChZDSUhNMG9nS0VNN295dFhWOXFMYlhnEAE!2m1!1s0x0:0xdb2a86cd5fe91ae4!3m1!1s2@1:CIHM0ogKEM7oytXV9qLbXg%7C%7C?hl=en","110148543870448533510","7","https://lh3.googleusercontent.com/a/ACg8ocINVhzGT-EMZNZstvbwUOIla9kTCx_KHvMuycNbcd2ciJJdLg=s1920-c-rp-mo-ba2-br100","https://www.google.com/maps/contrib/110148543870448533510?hl=en","3635","2025-09-21T15:14:49.809Z","Direct Detail URL: https://www.google.com/maps/place/Ulu%E1%B9%9Fu-Kata+Tju%E1%B9%AFa+National+Park/@-25.3116912,130.6926882,10z/data=!4m8!3m7!1s0x2b236c2c7ed3b881:0xdb2a86cd5fe91ae4!8m2!3d-25.3437797!4d131.0346514!9m1!1b1!16zL20vMHBzamM?entry=ttu&g_ep=EgoyMDI1MDkxNy4wIKXMDSoASAFQAw%3D%3D","5","Northern Territory","Lasseter Hwy","false","The rock is Magnificent but too many flies!!! Best to have a fly net!",,"Uluṟu-Kata Tjuṯa National Park","4.8",,"https://www.google.com/maps/search/?api=1&query=Ulu%E1%B9%9Fu-Kata%20Tju%E1%B9%AFa%20National%20Park&query_place_id=ChIJgbjTfixsIysR5BrpX82GKts",
"Lasseter Hwy, Uluru NT 0872, Australia","National park","Tourist attraction","National park","15792583259963595492","Uluru","AU","0x2b236c2c7ed3b881:0xdb2a86cd5fe91ae4","https://lh3.googleusercontent.com/gps-cs-s/AC9h4np7S9xkuA34HblM4n_s-YBACR-wXhUjXYEYaqqccZkTV4ieal3VCKzlYSZw4_YO0a_d1XboFH8M9P36L0LZXdhQEwDNks0TRleE-39VVx_-jEbYM4RxCVyu3PjaUOgVkGTBCklE=w408-h306-k-no","false","true","en","0","-25.3437797","131.0346514","Talia Callus",,"en","false","ChIJgbjTfixsIysR5BrpX82GKts","0872",,"3 months ago","2025-06-08T22:46:59.254Z",,,,,,,,"ChdDSUhNMG9nS0VKT0Nsc1BObmR2VXdBRRAB","https://lh3.googleusercontent.com/geougc-cs/AB3l90DOLNDVD12v9JdbDxPkqRuUqQfSFD6fo8Pma5Z7Iq44Mz6ijGuO1URj0G-cj-ZWCcjX8uy_yOFRc1pzyeapF4oLWJuahC_LSQRf95xJnVZIajOje4WTpPX7oai0x0GGXEVaFw_N","https://lh3.googleusercontent.com/geougc-cs/AB3l90AT9h4jJWX39uFYIFnqQwbOEASocUBp3i9zJzFTXgam2gKQ_kOzYWuWZs6gqD1RZaBICkl1K5Ce5DxpT3vgj4fnxZK2KTqG-V2o-LgdaFE97NNesOmsbL5O0BJSk8AX0aN-Gyqs2A","https://lh3.googleusercontent.com/geougc-cs/AB3l90CWppoWbkRWZvzYtefSX31aXt8spgIPPB2WcngrWwb5lopszsgi_ErBDUagnUpcnDO5vbkaEUJWAIM1LE7e4JAemGOjbJeaLRdD2RjhmRb4E0DD0Jl9sLDdcdQ5HqesbylvqeAB8Q","https://lh3.googleusercontent.com/geougc-cs/AB3l90BbVqriQx7ZCfpuVYHSKTeSH4O7I2_mSLK73Pg8SoTaRNteZYcFMelkQtDAFMKcM8O-JW3t4PgqlpWTLwur6rYoo6In1PbpYfnLgCFFQTYiTgfe-G1M_YBWDH9X1lvG38h0EScmNA",,,,,,,,,,,,,,,,,,"Google","https://www.google.com/maps/reviews/data=!4m8!14m7!1m6!2m5!1sChdDSUhNMG9nS0VKT0Nsc1BObmR2VXdBRRAB!2m1!1s0x0:0xdb2a86cd5fe91ae4!3m1!1s2@1:CIHM0ogKEJOClsPNndvUwAE%7C%7C?hl=en","110129974700173152244","19","https://lh3.googleusercontent.com/a-/ALV-UjUGyPrVa70fBVUtSzZaTsNUv8kinXrrnDGJyQwub801Tz_7sW8G=s1920-c-rp-mo-ba2-br100","https://www.google.com/maps/contrib/110129974700173152244?hl=en","3635","2025-09-21T15:14:49.809Z","Direct Detail URL: https://www.google.com/maps/place/Ulu%E1%B9%9Fu-Kata+Tju%E1%B9%AFa+National+Park/@-25.3116912,130.6926882,10z/data=!4m8!3m7!1s0x2b236c2c7ed3b881:0xdb2a86cd5fe91ae4!8m2!3d-25.3437797!4d131.0346514!9m1!1b1!16zL20vMHBzamM?entry=ttu&g_ep=EgoyMDI1MDkxNy4wIKXMDSoASAFQAw%3D%3D","5","Northern Territory","Lasseter Hwy","false","As we are a tourist that travels around Australia this would have to be my top 5 favourite",,"Uluṟu-Kata Tjuṯa National Park","4.8",,"https://www.google.com/maps/search/?api=1&query=Ulu%E1%B9%9Fu-Kata%20Tju%E1%B9%AFa%20National%20Park&query_place_id=ChIJgbjTfixsIysR5BrpX82GKts",
"Lasseter Hwy, Uluru NT 0872, Australia","National park","Tourist attraction","National park","15792583259963595492","Uluru","AU","0x2b236c2c7ed3b881:0xdb2a86cd5fe91ae4","https://lh3.googleusercontent.com/gps-cs-s/AC9h4np7S9xkuA34HblM4n_s-YBACR-wXhUjXYEYaqqccZkTV4ieal3VCKzlYSZw4_YO0a_d1XboFH8M9P36L0LZXdhQEwDNks0TRleE-39VVx_-jEbYM4RxCVyu3PjaUOgVkGTBCklE=w408-h306-k-no","false","false","en","0","-25.3437797","131.0346514","青木翔汰",,,"false","ChIJgbjTfixsIysR5BrpX82GKts","0872",,"3 months ago","2025-06-04T01:56:46.783Z",,,,,,,,"ChZDSUhNMG9nS0VQamZydDdTaHNUM0h3EAE",,,,,,,,,,,,,,,,,,,,,,"Google","https://www.google.com/maps/reviews/data=!4m8!14m7!1m6!2m5!1sChZDSUhNMG9nS0VQamZydDdTaHNUM0h3EAE!2m1!1s0x0:0xdb2a86cd5fe91ae4!3m1!1s2@1:CIHM0ogKEPjfrt7ShsT3Hw%7C%7C?hl=en","101952249486728563565","2","https://lh3.googleusercontent.com/a/ACg8ocKf5JhyMI5cacXoQtWNLZyhYsG7Ysu75F39e9rLjFeitVvWoQ=s1920-c-rp-mo-br100","https://www.google.com/maps/contrib/101952249486728563565?hl=en","3635","2025-09-21T15:14:49.809Z","Direct Detail URL: https://www.google.com/maps/place/Ulu%E1%B9%9Fu-Kata+Tju%E1%B9%AFa+National+Park/@-25.3116912,130.6926882,10z/data=!4m8!3m7!1s0x2b236c2c7ed3b881:0xdb2a86cd5fe91ae4!8m2!3d-25.3437797!4d131.0346514!9m1!1b1!16zL20vMHBzamM?entry=ttu&g_ep=EgoyMDI1MDkxNy4wIKXMDSoASAFQAw%3D%3D","5","Northern Territory","Lasseter Hwy","false",,,"Uluṟu-Kata Tjuṯa National Park","4.8",,"https://www.google.com/maps/search/?api=1&query=Ulu%E1%B9%9Fu-Kata%20Tju%E1%B9%AFa%20National%20Park&query_place_id=ChIJgbjTfixsIysR5BrpX82GKts",
"Lasseter Hwy, Uluru NT 0872, Australia","National park","Tourist attraction","National park","15792583259963595492","Uluru","AU","0x2b236c2c7ed3b881:0xdb2a86cd5fe91ae4","https://lh3.googleusercontent.com/gps-cs-s/AC9h4np7S9xkuA34HblM4n_s-YBACR-wXhUjXYEYaqqccZkTV4ieal3VCKzlYSZw4_YO0a_d1XboFH8M9P36L0LZXdhQEwDNks0TRleE-39VVx_-jEbYM4RxCVyu3PjaUOgVkGTBCklE=w408-h306-k-no","false","true","en","0","-25.3437797","131.0346514","Sven",,"en","false","ChIJgbjTfixsIysR5BrpX82GKts","0872",,"3 months ago","2025-05-22T07:57:17.224Z",,,,,,,,"ChZDSUhNMG9nS0VOU24yZm44NkpTeFJBEAE",,,,,,,,,,,,,,,,,,,,,,"Google","https://www.google.com/maps/reviews/data=!4m8!14m7!1m6!2m5!1sChZDSUhNMG9nS0VOU24yZm44NkpTeFJBEAE!2m1!1s0x0:0xdb2a86cd5fe91ae4!3m1!1s2@1:CIHM0ogKENSn2fn86JSxRA%7C%7C?hl=en","104663238749893488697","11","https://lh3.googleusercontent.com/a-/ALV-UjU6jShlm4YiOhjekXJfONSmI6CGgi9xJRvxnvKNLcR21BWx_94=s1920-c-rp-mo-ba2-br100","https://www.google.com/maps/contrib/104663238749893488697?hl=en","3635","2025-09-21T15:14:49.809Z","Direct Detail URL: https://www.google.com/maps/place/Ulu%E1%B9%9Fu-Kata+Tju%E1%B9%AFa+National+Park/@-25.3116912,130.6926882,10z/data=!4m8!3m7!1s0x2b236c2c7ed3b881:0xdb2a86cd5fe91ae4!8m2!3d-25.3437797!4d131.0346514!9m1!1b1!16zL20vMHBzamM?entry=ttu&g_ep=EgoyMDI1MDkxNy4wIKXMDSoASAFQAw%3D%3D","5","Northern Territory","Lasseter Hwy","false","Being here was such a blessing i loved the walk around and hiking to the top was definitely worth it.",,"Uluṟu-Kata Tjuṯa National Park","4.8",,"https://www.google.com/maps/search/?api=1&query=Ulu%E1%B9%9Fu-Kata%20Tju%E1%B9%AFa%20National%20Park&query_place_id=ChIJgbjTfixsIysR5BrpX82GKts",
"Lasseter Hwy, Uluru NT 0872, Australia","National park","Tourist attraction","National park","15792583259963595492","Uluru","AU","0x2b236c2c7ed3b881:0xdb2a86cd5fe91ae4","https://lh3.googleusercontent.com/gps-cs-s/AC9h4np7S9xkuA34HblM4n_s-YBACR-wXhUjXYEYaqqccZkTV4ieal3VCKzlYSZw4_YO0a_d1XboFH8M9P36L0LZXdhQEwDNks0TRleE-39VVx_-jEbYM4RxCVyu3PjaUOgVkGTBCklE=w408-h306-k-no","false","true","en","0","-25.3437797","131.0346514","Ed sl",,"en","false","ChIJgbjTfixsIysR5BrpX82GKts","0872",,"4 months ago","2025-05-21T01:48:55.544Z",,,,,,,,"ChdDSUhNMG9nS0VNSzYwclg3OXFpWWhnRRAB","https://lh3.googleusercontent.com/geougc-cs/AB3l90DYJCaDwcNeSjQD1uT9qbjz695NrSKlaL-lHj8esK-GLftbx3g1QDlESlcR1euwcM4DSk7FTnTizJm2v3ckVnAquBuMa5SvuTyohwV8vEu9VS-PCrFPa2UNKgHPWZAuOJtCjs0q",,,,,,,,,,,,,,,,,,,,,"Google","https://www.google.com/maps/reviews/data=!4m8!14m7!1m6!2m5!1sChdDSUhNMG9nS0VNSzYwclg3OXFpWWhnRRAB!2m1!1s0x0:0xdb2a86cd5fe91ae4!3m1!1s2@1:CIHM0ogKEMK60rX79qiYhgE%7C%7C?hl=en","108528273291092771883","163","https://lh3.googleusercontent.com/a-/ALV-UjXKwOqO4x_PEeH4lzlQGYqQ_kWhha8a7-T6owHdeiQ0FkTppLauMg=s1920-c-rp-mo-ba4-br100","https://www.google.com/maps/contrib/108528273291092771883?hl=en","3635","2025-09-21T15:14:49.809Z","Direct Detail URL: https://www.google.com/maps/place/Ulu%E1%B9%9Fu-Kata+Tju%E1%B9%AFa+National+Park/@-25.3116912,130.6926882,10z/data=!4m8!3m7!1s0x2b236c2c7ed3b881:0xdb2a86cd5fe91ae4!8m2!3d-25.3437797!4d131.0346514!9m1!1b1!16zL20vMHBzamM?entry=ttu&g_ep=EgoyMDI1MDkxNy4wIKXMDSoASAFQAw%3D%3D","5","Northern Territory","Lasseter Hwy","false","What can I say? MAGIC!!!! Sunrise and sunset are a must",,"Uluṟu-Kata Tjuṯa National Park","4.8",,"https://www.google.com/maps/search/?api=1&query=Ulu%E1%B9%9Fu-Kata%20Tju%E1%B9%AFa%20National%20Park&query_place_id=ChIJgbjTfixsIysR5BrpX82GKts",
"Lasseter Hwy, Uluru NT 0872, Australia","National park","Tourist attraction","National park","15792583259963595492","Uluru","AU","0x2b236c2c7ed3b881:0xdb2a86cd5fe91ae4","https://lh3.googleusercontent.com/gps-cs-s/AC9h4np7S9xkuA34HblM4n_s-YBACR-wXhUjXYEYaqqccZkTV4ieal3VCKzlYSZw4_YO0a_d1XboFH8M9P36L0LZXdhQEwDNks0TRleE-39VVx_-jEbYM4RxCVyu3PjaUOgVkGTBCklE=w408-h306-k-no","false","true","en","0","-25.3437797","131.0346514","Hannah Sophie",,,"false","ChIJgbjTfixsIysR5BrpX82GKts","0872",,"4 months ago","2025-05-20T06:09:50.718Z",,,,,,,,"ChdDSUhNMG9nS0VMTGQ5SzdtcDY2SXlBRRAB",,,,,,,,,,,,,,,,,,,,,,"Google","https://www.google.com/maps/reviews/data=!4m8!14m7!1m6!2m5!1sChdDSUhNMG9nS0VMTGQ5SzdtcDY2SXlBRRAB!2m1!1s0x0:0xdb2a86cd5fe91ae4!3m1!1s2@1:CIHM0ogKELLd9K7mp66IyAE%7C%7C?hl=en","114659908699350535001","20","https://lh3.googleusercontent.com/a-/ALV-UjVBfYQbgRyNpSG4aC1qHwhfSG9adFUKbMXJ27LVY9nRB1an9rtn=s1920-c-rp-mo-ba2-br100","https://www.google.com/maps/contrib/114659908699350535001?hl=en","3635","2025-09-21T15:14:49.809Z","Direct Detail URL: https://www.google.com/maps/place/Ulu%E1%B9%9Fu-Kata+Tju%E1%B9%AFa+National+Park/@-25.3116912,130.6926882,10z/data=!4m8!3m7!1s0x2b236c2c7ed3b881:0xdb2a86cd5fe91ae4!8m2!3d-25.3437797!4d131.0346514!9m1!1b1!16zL20vMHBzamM?entry=ttu&g_ep=EgoyMDI1MDkxNy4wIKXMDSoASAFQAw%3D%3D","4","Northern Territory","Lasseter Hwy","false",,,"Uluṟu-Kata Tjuṯa National Park","4.8",,"https://www.google.com/maps/search/?api=1&query=Ulu%E1%B9%9Fu-Kata%20Tju%E1%B9%AFa%20National%20Park&query_place_id=ChIJgbjTfixsIysR5BrpX82GKts",
"Lasseter Hwy, Uluru NT 0872, Australia","National park","Tourist attraction","National park","15792583259963595492","Uluru","AU","0x2b236c2c7ed3b881:0xdb2a86cd5fe91ae4","https://lh3.googleusercontent.com/gps-cs-s/AC9h4np7S9xkuA34HblM4n_s-YBACR-wXhUjXYEYaqqccZkTV4ieal3VCKzlYSZw4_YO0a_d1XboFH8M9P36L0LZXdhQEwDNks0TRleE-39VVx_-jEbYM4RxCVyu3PjaUOgVkGTBCklE=w408-h306-k-no","false","true","en","0","-25.3437797","131.0346514","Sanket Thakare",,"en","false","ChIJgbjTfixsIysR5BrpX82GKts","0872",,"4 months ago","2025-05-18T06:33:07.752Z",,,,,,,,"ChZDSUhNMG9nS0VMM0Y1dm51bVB2OUdBEAE","https://lh3.googleusercontent.com/geougc-cs/AB3l90AiZMYDL2pA8scxsCXAeMs9g8OYbaYMCe7girA9b3Rkd8vHUEX3pw1-bTtQbzFoYWHxGOYvzPoYR23HCBRyKYHDS5oEKzN-R8icdYR5HM8fXQLvTcncxfbr-y4JItbHB8Idxs2E",,,,,,,,,,,,,,,,,,,,,"Google","https://www.google.com/maps/reviews/data=!4m8!14m7!1m6!2m5!1sChZDSUhNMG9nS0VMM0Y1dm51bVB2OUdBEAE!2m1!1s0x0:0xdb2a86cd5fe91ae4!3m1!1s2@1:CIHM0ogKEL3F5vnumPv9GA%7C%7C?hl=en","114151148027566577910","63","https://lh3.googleusercontent.com/a-/ALV-UjWwn3dFvqFvCXr_rmKz02-_-w-vqAitwFL_QdoBNTWmr39m2F4=s1920-c-rp-mo-ba3-br100","https://www.google.com/maps/contrib/114151148027566577910?hl=en","3635","2025-09-21T15:14:49.809Z","Direct Detail URL: https://www.google.com/maps/place/Ulu%E1%B9%9Fu-Kata+Tju%E1%B9%AFa+National+Park/@-25.3116912,130.6926882,10z/data=!4m8!3m7!1s0x2b236c2c7ed3b881:0xdb2a86cd5fe91ae4!8m2!3d-25.3437797!4d131.0346514!9m1!1b1!16zL20vMHBzamM?entry=ttu&g_ep=EgoyMDI1MDkxNy4wIKXMDSoASAFQAw%3D%3D","5","Northern Territory","Lasseter Hwy","false","Australian experience is incomplete without this place🙂.",,"Uluṟu-Kata Tjuṯa National Park","4.8",,"https://www.google.com/maps/search/?api=1&query=Ulu%E1%B9%9Fu-Kata%20Tju%E1%B9%AFa%20National%20Park&query_place_id=ChIJgbjTfixsIysR5BrpX82GKts",
"Lasseter Hwy, Uluru NT 0872, Australia","National park","Tourist attraction","National park","15792583259963595492","Uluru","AU","0x2b236c2c7ed3b881:0xdb2a86cd5fe91ae4","https://lh3.googleusercontent.com/gps-cs-s/AC9h4np7S9xkuA34HblM4n_s-YBACR-wXhUjXYEYaqqccZkTV4ieal3VCKzlYSZw4_YO0a_d1XboFH8M9P36L0LZXdhQEwDNks0TRleE-39VVx_-jEbYM4RxCVyu3PjaUOgVkGTBCklE=w408-h306-k-no","false","false","en","0","-25.3437797","131.0346514","Kaja Kokošin",,,"false","ChIJgbjTfixsIysR5BrpX82GKts","0872",,"4 months ago","2025-05-17T04:00:56.045Z",,,,,,,,"ChdDSUhNMG9nS0VMSGpyYXE1MFlmOS1nRRAB",,,,,,,,,,,,,,,,,,,,,,"Google","https://www.google.com/maps/reviews/data=!4m8!14m7!1m6!2m5!1sChdDSUhNMG9nS0VMSGpyYXE1MFlmOS1nRRAB!2m1!1s0x0:0xdb2a86cd5fe91ae4!3m1!1s2@1:CIHM0ogKELHjraq50Yf9-gE%7C%7C?hl=en","105051659800146539271","15","https://lh3.googleusercontent.com/a-/ALV-UjWAoBOIr9AK27gVYxEI1MuhnCeEouSwFkNdpdkMDkyFiP9_uN4=s1920-c-rp-mo-br100","https://www.google.com/maps/contrib/105051659800146539271?hl=en","3635","2025-09-21T15:14:49.809Z","Direct Detail URL: https://www.google.com/maps/place/Ulu%E1%B9%9Fu-Kata+Tju%E1%B9%AFa+National+Park/@-25.3116912,130.6926882,10z/data=!4m8!3m7!1s0x2b236c2c7ed3b881:0xdb2a86cd5fe91ae4!8m2!3d-25.3437797!4d131.0346514!9m1!1b1!16zL20vMHBzamM?entry=ttu&g_ep=EgoyMDI1MDkxNy4wIKXMDSoASAFQAw%3D%3D","5","Northern Territory","Lasseter Hwy","false",,,"Uluṟu-Kata Tjuṯa National Park","4.8",,"https://www.google.com/maps/search/?api=1&query=Ulu%E1%B9%9Fu-Kata%20Tju%E1%B9%AFa%20National%20Park&query_place_id=ChIJgbjTfixsIysR5BrpX82GKts",
"Lasseter Hwy, Uluru NT 0872, Australia","National park","Tourist attraction","National park","15792583259963595492","Uluru","AU","0x2b236c2c7ed3b881:0xdb2a86cd5fe91ae4","https://lh3.googleusercontent.com/gps-cs-s/AC9h4np7S9xkuA34HblM4n_s-YBACR-wXhUjXYEYaqqccZkTV4ieal3VCKzlYSZw4_YO0a_d1XboFH8M9P36L0LZXdhQEwDNks0TRleE-39VVx_-jEbYM4RxCVyu3PjaUOgVkGTBCklE=w408-h306-k-no","false","false","en","0","-25.3437797","131.0346514","Rully Febrian",,"en","false","ChIJgbjTfixsIysR5BrpX82GKts","0872",,"4 months ago","2025-05-16T10:41:52.005Z",,,,,,,,"ChdDSUhNMG9nS0VLSE1rb1NvbHNLMmt3RRAB","https://lh3.googleusercontent.com/geougc-cs/AB3l90DnaJW4IPsPShtC8Y7Kjn6lqiT25xPW0CHOlk1CDEXvNc0wd99wuV6tMBXAOa27A8xGNMZtVwOpseCG1i7L4ufd3ywQJecBXBFBb3RMxeMjpaSQB-TNAQDKdoY_uJPUmMTN39qPKw","https://lh3.googleusercontent.com/geougc-cs/AB3l90ARzTHP40D4GdJVB2MXfLhClAADIEsL8QxPRGpqJ7cOvDERj2r46abTdhcvQL8JPdDofFAmN72GHNE27wP7rpMksIkQn_7DmLCrliSO-dnTKMSzWftI2YeTE02Etyfbbg2VGhFoPg",,,,,,,,,,,,,,,,,,,,"Google","https://www.google.com/maps/reviews/data=!4m8!14m7!1m6!2m5!1sChdDSUhNMG9nS0VLSE1rb1NvbHNLMmt3RRAB!2m1!1s0x0:0xdb2a86cd5fe91ae4!3m1!1s2@1:CIHM0ogKEKHMkoSolsK2kwE%7C%7C?hl=en","107184826719550152754","7","https://lh3.googleusercontent.com/a/ACg8ocL-sA7RMUMfaS0drHDMMl9zdGMRtZU_Az1IoobgXzmftOrOAw=s1920-c-rp-mo-br100","https://www.google.com/maps/contrib/107184826719550152754?hl=en","3635","2025-09-21T15:14:49.809Z","Direct Detail URL: https://www.google.com/maps/place/Ulu%E1%B9%9Fu-Kata+Tju%E1%B9%AFa+National+Park/@-25.3116912,130.6926882,10z/data=!4m8!3m7!1s0x2b236c2c7ed3b881:0xdb2a86cd5fe91ae4!8m2!3d-25.3437797!4d131.0346514!9m1!1b1!16zL20vMHBzamM?entry=ttu&g_ep=EgoyMDI1MDkxNy4wIKXMDSoASAFQAw%3D%3D","4","Northern Territory","Lasseter Hwy","false","Just OK .. I hate it Flys",,"Uluṟu-Kata Tjuṯa National Park","4.8",,"https://www.google.com/maps/search/?api=1&query=Ulu%E1%B9%9Fu-Kata%20Tju%E1%B9%AFa%20National%20Park&query_place_id=ChIJgbjTfixsIysR5BrpX82GKts",
"Lasseter Hwy, Uluru NT 0872, Australia","National park","Tourist attraction","National park","15792583259963595492","Uluru","AU","0x2b236c2c7ed3b881:0xdb2a86cd5fe91ae4","https://lh3.googleusercontent.com/gps-cs-s/AC9h4np7S9xkuA34HblM4n_s-YBACR-wXhUjXYEYaqqccZkTV4ieal3VCKzlYSZw4_YO0a_d1XboFH8M9P36L0LZXdhQEwDNks0TRleE-39VVx_-jEbYM4RxCVyu3PjaUOgVkGTBCklE=w408-h306-k-no","false","false","en","0","-25.3437797","131.0346514","Riccardotikulin@gmail.com Tikulin",,,"false","ChIJgbjTfixsIysR5BrpX82GKts","0872",,"4 months ago","2025-05-16T08:58:36.339Z",,,,,,,,"ChZDSUhNMG9nS0VOT0c3OW5wcHF5TlF3EAE",,,,,,,,,,,,,,,,,,,,,,"Google","https://www.google.com/maps/reviews/data=!4m8!14m7!1m6!2m5!1sChZDSUhNMG9nS0VOT0c3OW5wcHF5TlF3EAE!2m1!1s0x0:0xdb2a86cd5fe91ae4!3m1!1s2@1:CIHM0ogKENOG79nppqyNQw%7C%7C?hl=en","117991132697131687964","0","https://lh3.googleusercontent.com/a/ACg8ocKztxnE6raiUCzB2rjn0qb0o8tXHJejofTx-mHRCDz6HChWFQ=s1920-c-rp-mo-br100","https://www.google.com/maps/contrib/117991132697131687964?hl=en","3635","2025-09-21T15:14:49.809Z","Direct Detail URL: https://www.google.com/maps/place/Ulu%E1%B9%9Fu-Kata+Tju%E1%B9%AFa+National+Park/@-25.3116912,130.6926882,10z/data=!4m8!3m7!1s0x2b236c2c7ed3b881:0xdb2a86cd5fe91ae4!8m2!3d-25.3437797!4d131.0346514!9m1!1b1!16zL20vMHBzamM?entry=ttu&g_ep=EgoyMDI1MDkxNy4wIKXMDSoASAFQAw%3D%3D","5","Northern Territory","Lasseter Hwy","false",,,"Uluṟu-Kata Tjuṯa National Park","4.8",,"https://www.google.com/maps/search/?api=1&query=Ulu%E1%B9%9Fu-Kata%20Tju%E1%B9%AFa%20National%20Park&query_place_id=ChIJgbjTfixsIysR5BrpX82GKts",
"Lasseter Hwy, Uluru NT 0872, Australia","National park","Tourist attraction","National park","15792583259963595492","Uluru","AU","0x2b236c2c7ed3b881:0xdb2a86cd5fe91ae4","https://lh3.googleusercontent.com/gps-cs-s/AC9h4np7S9xkuA34HblM4n_s-YBACR-wXhUjXYEYaqqccZkTV4ieal3VCKzlYSZw4_YO0a_d1XboFH8M9P36L0LZXdhQEwDNks0TRleE-39VVx_-jEbYM4RxCVyu3PjaUOgVkGTBCklE=w408-h306-k-no","false","true","en","0","-25.3437797","131.0346514","Kirk Tower",,"en","false","ChIJgbjTfixsIysR5BrpX82GKts","0872",,"4 months ago","2025-05-15T01:38:13.175Z",,,,,,,,"ChdDSUhNMG9nS0VKX280X205dXZMdTl3RRAB",,,,,,,,,,,,,,,,,,,,,,"Google","https://www.google.com/maps/reviews/data=!4m8!14m7!1m6!2m5!1sChdDSUhNMG9nS0VKX280X205dXZMdTl3RRAB!2m1!1s0x0:0xdb2a86cd5fe91ae4!3m1!1s2@1:CIHM0ogKEJ_o4_m9uvLu9wE%7C%7C?hl=en","107767483283098900878","402","https://lh3.googleusercontent.com/a-/ALV-UjWbyBOest2wRaat8TkIKsT5uqPMJ-g9oGOzFxzpdcimsOHWunUM=s1920-c-rp-mo-ba8-br100","https://www.google.com/maps/contrib/107767483283098900878?hl=en","3635","2025-09-21T15:14:49.809Z","Direct Detail URL: https://www.google.com/maps/place/Ulu%E1%B9%9Fu-Kata+Tju%E1%B9%AFa+National+Park/@-25.3116912,130.6926882,10z/data=!4m8!3m7!1s0x2b236c2c7ed3b881:0xdb2a86cd5fe91ae4!8m2!3d-25.3437797!4d131.0346514!9m1!1b1!16zL20vMHBzamM?entry=ttu&g_ep=EgoyMDI1MDkxNy4wIKXMDSoASAFQAw%3D%3D","5","Northern Territory","Lasseter Hwy","false","Unforgettable",,"Uluṟu-Kata Tjuṯa National Park","4.8",,"https://www.google.com/maps/search/?api=1&query=Ulu%E1%B9%9Fu-Kata%20Tju%E1%B9%AFa%20National%20Park&query_place_id=ChIJgbjTfixsIysR5BrpX82GKts",
"Lasseter Hwy, Uluru NT 0872, Australia","National park","Tourist attraction","National park","15792583259963595492","Uluru","AU","0x2b236c2c7ed3b881:0xdb2a86cd5fe91ae4","https://lh3.googleusercontent.com/gps-cs-s/AC9h4np7S9xkuA34HblM4n_s-YBACR-wXhUjXYEYaqqccZkTV4ieal3VCKzlYSZw4_YO0a_d1XboFH8M9P36L0LZXdhQEwDNks0TRleE-39VVx_-jEbYM4RxCVyu3PjaUOgVkGTBCklE=w408-h306-k-no","false","true","en","0","-25.3437797","131.0346514","Hurşit Davulcu",,,"false","ChIJgbjTfixsIysR5BrpX82GKts","0872",,"4 months ago","2025-05-14T03:40:27.484Z",,,,,,,,"ChZDSUhNMG9nS0VMS0RpT3Y2cS1YOEJBEAE",,,,,,,,,,,,,,,,,,,,,,"Google","https://www.google.com/maps/reviews/data=!4m8!14m7!1m6!2m5!1sChZDSUhNMG9nS0VMS0RpT3Y2cS1YOEJBEAE!2m1!1s0x0:0xdb2a86cd5fe91ae4!3m1!1s2@1:CIHM0ogKELKDiOv6q-X8BA%7C%7C?hl=en","118101152938583532513","22","https://lh3.googleusercontent.com/a-/ALV-UjVzglmhvGB0T_XElibDea-VQuEkFcd99_LE7O-p5Lxh384lHfBe=s1920-c-rp-mo-ba2-br100","https://www.google.com/maps/contrib/118101152938583532513?hl=en","3635","2025-09-21T15:14:49.809Z","Direct Detail URL: https://www.google.com/maps/place/Ulu%E1%B9%9Fu-Kata+Tju%E1%B9%AFa+National+Park/@-25.3116912,130.6926882,10z/data=!4m8!3m7!1s0x2b236c2c7ed3b881:0xdb2a86cd5fe91ae4!8m2!3d-25.3437797!4d131.0346514!9m1!1b1!16zL20vMHBzamM?entry=ttu&g_ep=EgoyMDI1MDkxNy4wIKXMDSoASAFQAw%3D%3D","5","Northern Territory","Lasseter Hwy","false",,,"Uluṟu-Kata Tjuṯa National Park","4.8",,"https://www.google.com/maps/search/?api=1&query=Ulu%E1%B9%9Fu-Kata%20Tju%E1%B9%AFa%20National%20Park&query_place_id=ChIJgbjTfixsIysR5BrpX82GKts",
"Lasseter Hwy, Uluru NT 0872, Australia","National park","Tourist attraction","National park","15792583259963595492","Uluru","AU","0x2b236c2c7ed3b881:0xdb2a86cd5fe91ae4","https://lh3.googleusercontent.com/gps-cs-s/AC9h4np7S9xkuA34HblM4n_s-YBACR-wXhUjXYEYaqqccZkTV4ieal3VCKzlYSZw4_YO0a_d1XboFH8M9P36L0LZXdhQEwDNks0TRleE-39VVx_-jEbYM4RxCVyu3PjaUOgVkGTBCklE=w408-h306-k-no","false","true","en","0","-25.3437797","131.0346514","karthik P",,,"false","ChIJgbjTfixsIysR5BrpX82GKts","0872",,"4 months ago","2025-05-13T22:03:28.942Z",,,,,,,,"ChdDSUhNMG9nS0VNelJoN2lIbktUNTRnRRAB",,,,,,,,,,,,,,,,,,,,,,"Google","https://www.google.com/maps/reviews/data=!4m8!14m7!1m6!2m5!1sChdDSUhNMG9nS0VNelJoN2lIbktUNTRnRRAB!2m1!1s0x0:0xdb2a86cd5fe91ae4!3m1!1s2@1:CIHM0ogKEMzRh7iHnKT54gE%7C%7C?hl=en","112961988850672378529","8","https://lh3.googleusercontent.com/a-/ALV-UjV4zgelm8OszvwNF5qGgJ6dv0VpJOXWo7r50HxvM2HZLmPfq32Wiw=s1920-c-rp-mo-ba3-br100","https://www.google.com/maps/contrib/112961988850672378529?hl=en","3635","2025-09-21T15:14:49.809Z","Direct Detail URL: https://www.google.com/maps/place/Ulu%E1%B9%9Fu-Kata+Tju%E1%B9%AFa+National+Park/@-25.3116912,130.6926882,10z/data=!4m8!3m7!1s0x2b236c2c7ed3b881:0xdb2a86cd5fe91ae4!8m2!3d-25.3437797!4d131.0346514!9m1!1b1!16zL20vMHBzamM?entry=ttu&g_ep=EgoyMDI1MDkxNy4wIKXMDSoASAFQAw%3D%3D","5","Northern Territory","Lasseter Hwy","false",,,"Uluṟu-Kata Tjuṯa National Park","4.8",,"https://www.google.com/maps/search/?api=1&query=Ulu%E1%B9%9Fu-Kata%20Tju%E1%B9%AFa%20National%20Park&query_place_id=ChIJgbjTfixsIysR5BrpX82GKts",
"Lasseter Hwy, Uluru NT 0872, Australia","National park","Tourist attraction","National park","15792583259963595492","Uluru","AU","0x2b236c2c7ed3b881:0xdb2a86cd5fe91ae4","https://lh3.googleusercontent.com/gps-cs-s/AC9h4np7S9xkuA34HblM4n_s-YBACR-wXhUjXYEYaqqccZkTV4ieal3VCKzlYSZw4_YO0a_d1XboFH8M9P36L0LZXdhQEwDNks0TRleE-39VVx_-jEbYM4RxCVyu3PjaUOgVkGTBCklE=w408-h306-k-no","false","true","en","0","-25.3437797","131.0346514","Josh Knight",,,"false","ChIJgbjTfixsIysR5BrpX82GKts","0872",,"4 months ago","2025-05-12T14:15:20.095Z",,,,,,,,"ChdDSUhNMG9nS0VNRExnTm1LaHFqRjhBRRAB",,,,,,,,,,,,,,,,,,,,,,"Google","https://www.google.com/maps/reviews/data=!4m8!14m7!1m6!2m5!1sChdDSUhNMG9nS0VNRExnTm1LaHFqRjhBRRAB!2m1!1s0x0:0xdb2a86cd5fe91ae4!3m1!1s2@1:CIHM0ogKEMDLgNmKhqjF8AE%7C%7C?hl=en","111181578266708332842","41","https://lh3.googleusercontent.com/a-/ALV-UjXKsQLCOmY6e9xoFK0aFfuE7tSMn0WIIapl0fEVHzxe9xhjuA3B=s1920-c-rp-mo-ba3-br100","https://www.google.com/maps/contrib/111181578266708332842?hl=en","3635","2025-09-21T15:14:49.809Z","Direct Detail URL: https://www.google.com/maps/place/Ulu%E1%B9%9Fu-Kata+Tju%E1%B9%AFa+National+Park/@-25.3116912,130.6926882,10z/data=!4m8!3m7!1s0x2b236c2c7ed3b881:0xdb2a86cd5fe91ae4!8m2!3d-25.3437797!4d131.0346514!9m1!1b1!16zL20vMHBzamM?entry=ttu&g_ep=EgoyMDI1MDkxNy4wIKXMDSoASAFQAw%3D%3D","1","Northern Territory","Lasseter Hwy","false",,,"Uluṟu-Kata Tjuṯa National Park","4.8",,"https://www.google.com/maps/search/?api=1&query=Ulu%E1%B9%9Fu-Kata%20Tju%E1%B9%AFa%20National%20Park&query_place_id=ChIJgbjTfixsIysR5BrpX82GKts",
"Lasseter Hwy, Uluru NT 0872, Australia","National park","Tourist attraction","National park","15792583259963595492","Uluru","AU","0x2b236c2c7ed3b881:0xdb2a86cd5fe91ae4","https://lh3.googleusercontent.com/gps-cs-s/AC9h4np7S9xkuA34HblM4n_s-YBACR-wXhUjXYEYaqqccZkTV4ieal3VCKzlYSZw4_YO0a_d1XboFH8M9P36L0LZXdhQEwDNks0TRleE-39VVx_-jEbYM4RxCVyu3PjaUOgVkGTBCklE=w408-h306-k-no","false","true","en","0","-25.3437797","131.0346514","sampath kumar",,,"false","ChIJgbjTfixsIysR5BrpX82GKts","0872",,"4 months ago","2025-05-05T06:42:39.524Z",,,,,,,,"ChdDSUhNMG9nS0VJQ0FnTUNZeVpDQXVRRRAB","https://lh3.googleusercontent.com/geougc-cs/AB3l90DYQvu_2yjjte3Lwa9e5jenswkpm0jlzMZLDu9zpM4iJk3m9XNQzN30J5xDJd__c-lBNRW9E5973jepAi0lc-c8zwCj-BI8PO04frHUeuHUJJdNWjIOfCLwQlj2nHyIG5kZMHkA","https://lh3.googleusercontent.com/geougc-cs/AB3l90AMb3pNZIaQYe7tiSveTGd_T__6JFOBjNVguXKTQdqio5J0Ca3dL_MJkwjIjgZh5b206b5YmqVL3lvz_TwVzDrgjaRCDEFYU4m4eChkkPMbYmB_AQrcC0QSTNAhHpSC4wMfl7P2","https://lh3.googleusercontent.com/geougc-cs/AB3l90DfVHMaLjag-EshPPHFsgeIHBw831UK6471bfkj4VwYr0EhbM1rdVGXl7TUI3eCJ_f8hLk6AbRhalqy-2jXmnoifWxbjfoGBsAmKaZ_3g_VVhJ1-I8wnPvFkIQRj6Fw1A-FDtqPqQ",,,,,,,,,,,,,,,,,,,"Google","https://www.google.com/maps/reviews/data=!4m8!14m7!1m6!2m5!1sChdDSUhNMG9nS0VJQ0FnTUNZeVpDQXVRRRAB!2m1!1s0x0:0xdb2a86cd5fe91ae4!3m1!1s2@1:CIHM0ogKEICAgMCYyZCAuQE%7C%7C?hl=en","110423506747502515477","19","https://lh3.googleusercontent.com/a-/ALV-UjWdYX4DUWciBwjohDafezpWShmPUBckLXCd1EBLC5ojH_-EphYqmg=s1920-c-rp-mo-ba3-br100","https://www.google.com/maps/contrib/110423506747502515477?hl=en","3635","2025-09-21T15:14:49.809Z","Direct Detail URL: https://www.google.com/maps/place/Ulu%E1%B9%9Fu-Kata+Tju%E1%B9%AFa+National+Park/@-25.3116912,130.6926882,10z/data=!4m8!3m7!1s0x2b236c2c7ed3b881:0xdb2a86cd5fe91ae4!8m2!3d-25.3437797!4d131.0346514!9m1!1b1!16zL20vMHBzamM?entry=ttu&g_ep=EgoyMDI1MDkxNy4wIKXMDSoASAFQAw%3D%3D","5","Northern Territory","Lasseter Hwy","false",,,"Uluṟu-Kata Tjuṯa National Park","4.8",,"https://www.google.com/maps/search/?api=1&query=Ulu%E1%B9%9Fu-Kata%20Tju%E1%B9%AFa%20National%20Park&query_place_id=ChIJgbjTfixsIysR5BrpX82GKts",
"Lasseter Hwy, Uluru NT 0872, Australia","National park","Tourist attraction","National park","15792583259963595492","Uluru","AU","0x2b236c2c7ed3b881:0xdb2a86cd5fe91ae4","https://lh3.googleusercontent.com/gps-cs-s/AC9h4np7S9xkuA34HblM4n_s-YBACR-wXhUjXYEYaqqccZkTV4ieal3VCKzlYSZw4_YO0a_d1XboFH8M9P36L0LZXdhQEwDNks0TRleE-39VVx_-jEbYM4RxCVyu3PjaUOgVkGTBCklE=w408-h306-k-no","false","false","en","0","-25.3437797","131.0346514","Andrew Preiss",,,"false","ChIJgbjTfixsIysR5BrpX82GKts","0872",,"4 months ago","2025-04-28T05:13:00.315Z",,,,,,,,"ChdDSUhNMG9nS0VJQ0FnTURvZzU2b2pBRRAB",,,,,,,,,,,,,,,,,,,,,,"Google","https://www.google.com/maps/reviews/data=!4m8!14m7!1m6!2m5!1sChdDSUhNMG9nS0VJQ0FnTURvZzU2b2pBRRAB!2m1!1s0x0:0xdb2a86cd5fe91ae4!3m1!1s2@1:CIHM0ogKEICAgMDog56ojAE%7C%7C?hl=en","114777603757004435779","9","https://lh3.googleusercontent.com/a-/ALV-UjXgC2Bgp-pPOIwhvEhJLq_QfFXDuQDlEYf_ok66TSpGx4CA1VBr=s1920-c-rp-mo-br100","https://www.google.com/maps/contrib/114777603757004435779?hl=en","3635","2025-09-21T15:14:49.809Z","Direct Detail URL: https://www.google.com/maps/place/Ulu%E1%B9%9Fu-Kata+Tju%E1%B9%AFa+National+Park/@-25.3116912,130.6926882,10z/data=!4m8!3m7!1s0x2b236c2c7ed3b881:0xdb2a86cd5fe91ae4!8m2!3d-25.3437797!4d131.0346514!9m1!1b1!16zL20vMHBzamM?entry=ttu&g_ep=EgoyMDI1MDkxNy4wIKXMDSoASAFQAw%3D%3D","5","Northern Territory","Lasseter Hwy","false",,,"Uluṟu-Kata Tjuṯa National Park","4.8",,"https://www.google.com/maps/search/?api=1&query=Ulu%E1%B9%9Fu-Kata%20Tju%E1%B9%AFa%20National%20Park&query_place_id=ChIJgbjTfixsIysR5BrpX82GKts",
"Lasseter Hwy, Uluru NT 0872, Australia","National park","Tourist attraction","National park","15792583259963595492","Uluru","AU","0x2b236c2c7ed3b881:0xdb2a86cd5fe91ae4","https://lh3.googleusercontent.com/gps-cs-s/AC9h4np7S9xkuA34HblM4n_s-YBACR-wXhUjXYEYaqqccZkTV4ieal3VCKzlYSZw4_YO0a_d1XboFH8M9P36L0LZXdhQEwDNks0TRleE-39VVx_-jEbYM4RxCVyu3PjaUOgVkGTBCklE=w408-h306-k-no","false","false","en","0","-25.3437797","131.0346514","nandita m",,"en","false","ChIJgbjTfixsIysR5BrpX82GKts","0872",,"4 months ago","2025-04-25T04:13:35.890Z",,,,,,,,"ChZDSUhNMG9nS0VJQ0FnTURvN3ZyaWJ3EAE","https://lh3.googleusercontent.com/geougc-cs/AB3l90BJXu46NC0PpSir27DY84nnpLU8-VPXfu0VprHsHW9cJI34s9qWzMB9Tdv_JqgH5RuzYBNzuO99yQQvVexQt4tcJTIaqYkActJQYx599J22g5nDEdJRuWtqf2OjvG-vObpMxH8lwQ",,,,,,,,,,,,,,,,,,,,,"Google","https://www.google.com/maps/reviews/data=!4m8!14m7!1m6!2m5!1sChZDSUhNMG9nS0VJQ0FnTURvN3ZyaWJ3EAE!2m1!1s0x0:0xdb2a86cd5fe91ae4!3m1!1s2@1:CIHM0ogKEICAgMDo7vribw%7C%7C?hl=en","116947734810597314426","14","https://lh3.googleusercontent.com/a/ACg8ocJLxlBX-8faxF3lp4TOsPXSxGi4AOBFa6PomVzo1rtXWACEPoFK=s1920-c-rp-mo-br100","https://www.google.com/maps/contrib/116947734810597314426?hl=en","3635","2025-09-21T15:14:49.809Z","Direct Detail URL: https://www.google.com/maps/place/Ulu%E1%B9%9Fu-Kata+Tju%E1%B9%AFa+National+Park/@-25.3116912,130.6926882,10z/data=!4m8!3m7!1s0x2b236c2c7ed3b881:0xdb2a86cd5fe91ae4!8m2!3d-25.3437797!4d131.0346514!9m1!1b1!16zL20vMHBzamM?entry=ttu&g_ep=EgoyMDI1MDkxNy4wIKXMDSoASAFQAw%3D%3D","5","Northern Territory","Lasseter Hwy","false","One of the best places to visit in Australia",,"Uluṟu-Kata Tjuṯa National Park","4.8",,"https://www.google.com/maps/search/?api=1&query=Ulu%E1%B9%9Fu-Kata%20Tju%E1%B9%AFa%20National%20Park&query_place_id=ChIJgbjTfixsIysR5BrpX82GKts",
"Lasseter Hwy, Uluru NT 0872, Australia","National park","Tourist attraction","National park","15792583259963595492","Uluru","AU","0x2b236c2c7ed3b881:0xdb2a86cd5fe91ae4","https://lh3.googleusercontent.com/gps-cs-s/AC9h4np7S9xkuA34HblM4n_s-YBACR-wXhUjXYEYaqqccZkTV4ieal3VCKzlYSZw4_YO0a_d1XboFH8M9P36L0LZXdhQEwDNks0TRleE-39VVx_-jEbYM4RxCVyu3PjaUOgVkGTBCklE=w408-h306-k-no","false","true","en","0","-25.3437797","131.0346514","Sebastian",,"de","false","ChIJgbjTfixsIysR5BrpX82GKts","0872",,"4 months ago","2025-04-22T14:26:43.429Z",,,,,,,,"ChZDSUhNMG9nS0VJQ0FnTURvek5fbGN3EAE","https://lh3.googleusercontent.com/geougc-cs/AB3l90AlWozL410yDAOVGZfZ_cddGOSIf-M7ircwlgL0IDXrzG68q9SYjdEZXcYWuR_enPTiXYek8-md-4EeIOwTCKm5X1PGtHBRHdfvIVZ6bFkPX0vYy9mcm9qm6w7XrTM1DNHqHfm7","https://lh3.googleusercontent.com/geougc-cs/AB3l90AseEqB1goqKqEZPcnEoslwkQJyGCVpTVqP6OcqHf-pWiPLfjGA8c2md2Aza06EIis8Rdr8-gUAtjRLjhzLUWnETUzBl2n6m0hA3YQJlwV5jnhVeP2IvuypoKbsEa1wOeI1ylI","https://lh3.googleusercontent.com/geougc-cs/AB3l90Doe1bKqqVNvgCoRtY32jCT4aHI5ktWQyBwV6UXHd8j6xrVQzv9g9r4uTHx043yFFsrvCKblTzMCoW9t8Rvxg-fxv8xGI5JoguDk0lEUmvQZ6fv4lOdLbaoxybvkXFzHuwhu8322w","https://lh3.googleusercontent.com/geougc-cs/AB3l90D0u7YDV1FEqJ8Kkbqq-KXS5Mp64eIbMqDMn4NDB_NhobNxxdE1_u9XsYwGwYx03dMnGOm5hxH4vy3RozbmdHSeBVODWL5P6AgvGiK5QC-33eyDWoydRhZyf-o1Wd4rA1y2cQKa","https://lh3.googleusercontent.com/geougc-cs/AB3l90Cw37nI-4kI901_zciwaMsekAK_SBl2BsitDelq9KpmnegZJMaMgypoaBsWHkf2-bREhdOqMGxRve32VkhYrBKnmIyiSVWlj1G6z1dPwB8Sn-kM2OcruQagmVy3ttd2tQluQOtdSw",,,,,,,,,,,,,,,,,"Google","https://www.google.com/maps/reviews/data=!4m8!14m7!1m6!2m5!1sChZDSUhNMG9nS0VJQ0FnTURvek5fbGN3EAE!2m1!1s0x0:0xdb2a86cd5fe91ae4!3m1!1s2@1:CIHM0ogKEICAgMDozN_lcw%7C%7C?hl=en","103140333562329661117","486","https://lh3.googleusercontent.com/a/ACg8ocLis4pkzILK9sYHRabxD87jVTRlbwy3AH8NEuE_SYrWYBrHGtg=s1920-c-rp-mo-ba5-br100","https://www.google.com/maps/contrib/103140333562329661117?hl=en","3635","2025-09-21T15:14:49.809Z","Direct Detail URL: https://www.google.com/maps/place/Ulu%E1%B9%9Fu-Kata+Tju%E1%B9%AFa+National+Park/@-25.3116912,130.6926882,10z/data=!4m8!3m7!1s0x2b236c2c7ed3b881:0xdb2a86cd5fe91ae4!8m2!3d-25.3437797!4d131.0346514!9m1!1b1!16zL20vMHBzamM?entry=ttu&g_ep=EgoyMDI1MDkxNy4wIKXMDSoASAFQAw%3D%3D","4","Northern Territory","Lasseter Hwy","false","Vorweg - es ist beeindruckend.
Würde ich eine Wanderung um den Felsen empfehlen? Nicht unbedingt.
Mir persönlich hat mehr der Eindruck aus der Ferne gefallen.
Fotos sind nicht von allen Stellen erlaubt bzw. erwünscht.
Sonnenaufgangswanderung ist nett, hat aber wenig mit der Sonne per se sondern mehr mit den besseren Temperaturen zu tun.
Im April eher unnötig.
UNBEDINGT fliegennetz mitnehmen und ausreichend zu trinken.","First of all - it's impressive.
Would I recommend a hike around the rock? Not necessarily.
Personally, I liked the impression from a distance more.
Photos are not permitted or desired from all locations.
Sunrise hike is nice, but has little to do with the sun per se and more to do with the better temperatures.
Rather unnecessary in April.
MUST take a fly net with you and drink enough water.","Uluṟu-Kata Tjuṯa National Park","4.8","en","https://www.google.com/maps/search/?api=1&query=Ulu%E1%B9%9Fu-Kata%20Tju%E1%B9%AFa%20National%20Park&query_place_id=ChIJgbjTfixsIysR5BrpX82GKts",
"Lasseter Hwy, Uluru NT 0872, Australia","National park","Tourist attraction","National park","15792583259963595492","Uluru","AU","0x2b236c2c7ed3b881:0xdb2a86cd5fe91ae4","https://lh3.googleusercontent.com/gps-cs-s/AC9h4np7S9xkuA34HblM4n_s-YBACR-wXhUjXYEYaqqccZkTV4ieal3VCKzlYSZw4_YO0a_d1XboFH8M9P36L0LZXdhQEwDNks0TRleE-39VVx_-jEbYM4RxCVyu3PjaUOgVkGTBCklE=w408-h306-k-no","false","false","en","0","-25.3437797","131.0346514","Stephanie Clowes",,,"false","ChIJgbjTfixsIysR5BrpX82GKts","0872",,"4 months ago","2025-04-21T17:19:51.235Z",,,,,,,,"ChZDSUhNMG9nS0VJQ0FnTURvNkptb0V3EAE",,,,,,,,,,,,,,,,,,,,,,"Google","https://www.google.com/maps/reviews/data=!4m8!14m7!1m6!2m5!1sChZDSUhNMG9nS0VJQ0FnTURvNkptb0V3EAE!2m1!1s0x0:0xdb2a86cd5fe91ae4!3m1!1s2@1:CIHM0ogKEICAgMDo6JmoEw%7C%7C?hl=en","104785885457453987970","0","https://lh3.googleusercontent.com/a-/ALV-UjV8E8VZahTrAmvK-hSTWZ0pa5p3ZZ_TC5yZB22JPfkFOaPDsl8=s1920-c-rp-mo-br100","https://www.google.com/maps/contrib/104785885457453987970?hl=en","3635","2025-09-21T15:14:49.809Z","Direct Detail URL: https://www.google.com/maps/place/Ulu%E1%B9%9Fu-Kata+Tju%E1%B9%AFa+National+Park/@-25.3116912,130.6926882,10z/data=!4m8!3m7!1s0x2b236c2c7ed3b881:0xdb2a86cd5fe91ae4!8m2!3d-25.3437797!4d131.0346514!9m1!1b1!16zL20vMHBzamM?entry=ttu&g_ep=EgoyMDI1MDkxNy4wIKXMDSoASAFQAw%3D%3D","5","Northern Territory","Lasseter Hwy","false",,,"Uluṟu-Kata Tjuṯa National Park","4.8",,"https://www.google.com/maps/search/?api=1&query=Ulu%E1%B9%9Fu-Kata%20Tju%E1%B9%AFa%20National%20Park&query_place_id=ChIJgbjTfixsIysR5BrpX82GKts",
"Lasseter Hwy, Uluru NT 0872, Australia","National park","Tourist attraction","National park","15792583259963595492","Uluru","AU","0x2b236c2c7ed3b881:0xdb2a86cd5fe91ae4","https://lh3.googleusercontent.com/gps-cs-s/AC9h4np7S9xkuA34HblM4n_s-YBACR-wXhUjXYEYaqqccZkTV4ieal3VCKzlYSZw4_YO0a_d1XboFH8M9P36L0LZXdhQEwDNks0TRleE-39VVx_-jEbYM4RxCVyu3PjaUOgVkGTBCklE=w408-h306-k-no","false","true","en","0","-25.3437797","131.0346514","J. Frederico Branco",,,"false","ChIJgbjTfixsIysR5BrpX82GKts","0872",,"5 months ago","2025-04-10T07:31:41.329Z",,,,,,,,"ChdDSUhNMG9nS0VJQ0FnTURJdnVuZmtnRRAB",,,,,,,,,,,,,,,,,,,,,,"Google","https://www.google.com/maps/reviews/data=!4m8!14m7!1m6!2m5!1sChdDSUhNMG9nS0VJQ0FnTURJdnVuZmtnRRAB!2m1!1s0x0:0xdb2a86cd5fe91ae4!3m1!1s2@1:CIHM0ogKEICAgMDIvunfkgE%7C%7C?hl=en","115965189753343444202","3","https://lh3.googleusercontent.com/a-/ALV-UjUDD2xn1TeUu7t1SK-LhL1tjersZu_sqC61Co3C2V8IIdkfJck=s1920-c-rp-mo-ba2-br100","https://www.google.com/maps/contrib/115965189753343444202?hl=en","3635","2025-09-21T15:14:49.809Z","Direct Detail URL: https://www.google.com/maps/place/Ulu%E1%B9%9Fu-Kata+Tju%E1%B9%AFa+National+Park/@-25.3116912,130.6926882,10z/data=!4m8!3m7!1s0x2b236c2c7ed3b881:0xdb2a86cd5fe91ae4!8m2!3d-25.3437797!4d131.0346514!9m1!1b1!16zL20vMHBzamM?entry=ttu&g_ep=EgoyMDI1MDkxNy4wIKXMDSoASAFQAw%3D%3D","5","Northern Territory","Lasseter Hwy","false",,,"Uluṟu-Kata Tjuṯa National Park","4.8",,"https://www.google.com/maps/search/?api=1&query=Ulu%E1%B9%9Fu-Kata%20Tju%E1%B9%AFa%20National%20Park&query_place_id=ChIJgbjTfixsIysR5BrpX82GKts",
"Lasseter Hwy, Uluru NT 0872, Australia","National park","Tourist attraction","National park","15792583259963595492","Uluru","AU","0x2b236c2c7ed3b881:0xdb2a86cd5fe91ae4","https://lh3.googleusercontent.com/gps-cs-s/AC9h4np7S9xkuA34HblM4n_s-YBACR-wXhUjXYEYaqqccZkTV4ieal3VCKzlYSZw4_YO0a_d1XboFH8M9P36L0LZXdhQEwDNks0TRleE-39VVx_-jEbYM4RxCVyu3PjaUOgVkGTBCklE=w408-h306-k-no","false","true","en","0","-25.3437797","131.0346514","Juan José Salazar Osorio (Refajus)",,"en","false","ChIJgbjTfixsIysR5BrpX82GKts","0872",,"5 months ago","2025-04-07T03:34:23.944Z",,,,,,,,"ChdDSUhNMG9nS0VJQ0FnTURJaE5yTG5nRRAB","https://lh3.googleusercontent.com/geougc-cs/AB3l90DkrvL8B_gS71uBpNWw9wIMFE-zSAWjUxDlCUbQFyGqdaOwNY8NyS5yz3hxgDqkAEdgzGdna9jez8DfQaPjGXeT47wFpi1YM98Npm9r9SvTW_DjPC1XbSYYNb_aSKXPZFJF_kaw",,,,,,,,,,,,,,,,,,,,,"Google","https://www.google.com/maps/reviews/data=!4m8!14m7!1m6!2m5!1sChdDSUhNMG9nS0VJQ0FnTURJaE5yTG5nRRAB!2m1!1s0x0:0xdb2a86cd5fe91ae4!3m1!1s2@1:CIHM0ogKEICAgMDIhNrLngE%7C%7C?hl=en","108156888201466965233","28","https://lh3.googleusercontent.com/a-/ALV-UjWm6c-1PJQM-cRg2rYKAukMPKNkL4mL8D8Wb7E7b7VmJBJxQ_Gs9Q=s1920-c-rp-mo-ba3-br100","https://www.google.com/maps/contrib/108156888201466965233?hl=en","3635","2025-09-21T15:14:49.809Z","Direct Detail URL: https://www.google.com/maps/place/Ulu%E1%B9%9Fu-Kata+Tju%E1%B9%AFa+National+Park/@-25.3116912,130.6926882,10z/data=!4m8!3m7!1s0x2b236c2c7ed3b881:0xdb2a86cd5fe91ae4!8m2!3d-25.3437797!4d131.0346514!9m1!1b1!16zL20vMHBzamM?entry=ttu&g_ep=EgoyMDI1MDkxNy4wIKXMDSoASAFQAw%3D%3D","5","Northern Territory","Lasseter Hwy","false","A dream came true",,"Uluṟu-Kata Tjuṯa National Park","4.8",,"https://www.google.com/maps/search/?api=1&query=Ulu%E1%B9%9Fu-Kata%20Tju%E1%B9%AFa%20National%20Park&query_place_id=ChIJgbjTfixsIysR5BrpX82GKts",
"Lasseter Hwy, Uluru NT 0872, Australia","National park","Tourist attraction","National park","15792583259963595492","Uluru","AU","0x2b236c2c7ed3b881:0xdb2a86cd5fe91ae4","https://lh3.googleusercontent.com/gps-cs-s/AC9h4np7S9xkuA34HblM4n_s-YBACR-wXhUjXYEYaqqccZkTV4ieal3VCKzlYSZw4_YO0a_d1XboFH8M9P36L0LZXdhQEwDNks0TRleE-39VVx_-jEbYM4RxCVyu3PjaUOgVkGTBCklE=w408-h306-k-no","false","true","en","0","-25.3437797","131.0346514","missavaaadivineXOXO",,"en","false","ChIJgbjTfixsIysR5BrpX82GKts","0872",,"5 months ago","2025-04-04T10:54:31.516Z",,,,,,,,"ChZDSUhNMG9nS0VJQ0FnTUNJNDdiM09nEAE",,,,,,,,,,,,,,,,,,,,,,"Google","https://www.google.com/maps/reviews/data=!4m8!14m7!1m6!2m5!1sChZDSUhNMG9nS0VJQ0FnTUNJNDdiM09nEAE!2m1!1s0x0:0xdb2a86cd5fe91ae4!3m1!1s2@1:CIHM0ogKEICAgMCI47b3Og%7C%7C?hl=en","117890127053527215650","75","https://lh3.googleusercontent.com/a-/ALV-UjWoaXiJ3Eqsn_67fnOokOqX0XHGyaXJgDKpOsVe0777ikwOk56g=s1920-c-rp-mo-ba4-br100","https://www.google.com/maps/contrib/117890127053527215650?hl=en","3635","2025-09-21T15:14:49.809Z","Direct Detail URL: https://www.google.com/maps/place/Ulu%E1%B9%9Fu-Kata+Tju%E1%B9%AFa+National+Park/@-25.3116912,130.6926882,10z/data=!4m8!3m7!1s0x2b236c2c7ed3b881:0xdb2a86cd5fe91ae4!8m2!3d-25.3437797!4d131.0346514!9m1!1b1!16zL20vMHBzamM?entry=ttu&g_ep=EgoyMDI1MDkxNy4wIKXMDSoASAFQAw%3D%3D","5","Northern Territory","Lasseter Hwy","false","i'm still yet to go over there but it's my absolute dream to go and visit beautiful Central Aus and especially Uluru and its surrounds as it's full of beautiful rich cultural heritage that's unmatched and incomparable to anywhere else in the world. such a rich beautiful place ✨️ 🙌🏻 ✨️ #alwayswasalwayswillbe🖤💛❤️",,"Uluṟu-Kata Tjuṯa National Park","4.8",,"https://www.google.com/maps/search/?api=1&query=Ulu%E1%B9%9Fu-Kata%20Tju%E1%B9%AFa%20National%20Park&query_place_id=ChIJgbjTfixsIysR5BrpX82GKts",
"Lasseter Hwy, Uluru NT 0872, Australia","National park","Tourist attraction","National park","15792583259963595492","Uluru","AU","0x2b236c2c7ed3b881:0xdb2a86cd5fe91ae4","https://lh3.googleusercontent.com/gps-cs-s/AC9h4np7S9xkuA34HblM4n_s-YBACR-wXhUjXYEYaqqccZkTV4ieal3VCKzlYSZw4_YO0a_d1XboFH8M9P36L0LZXdhQEwDNks0TRleE-39VVx_-jEbYM4RxCVyu3PjaUOgVkGTBCklE=w408-h306-k-no","false","true","en","0","-25.3437797","131.0346514","Mohammed El Fahar",,"en","false","ChIJgbjTfixsIysR5BrpX82GKts","0872",,"Edited 5 months ago","2025-04-02T10:43:06.934Z",,"2025-03-10T08:49:34.000Z","Hi Mohammed, thanks for giving us such a high rating! The team at Uluṟu-Kata Tjuṯa National Park works hard to make it an enjoyable destination for visitors and we’re thrilled you had such a great time.
Thanks,
Parks Australia
",,,,,"ChZDSUhNMG9nS0VJQ0FnTUNRejVhRUhnEAE",,,,,,,,,,,,,,,,,,,,,,"Google","https://www.google.com/maps/reviews/data=!4m8!14m7!1m6!2m5!1sChZDSUhNMG9nS0VJQ0FnTUNRejVhRUhnEAE!2m1!1s0x0:0xdb2a86cd5fe91ae4!3m1!1s2@1:CIHM0ogKEICAgMCQz5aEHg%7C%7C?hl=en","100798098601588776091","113","https://lh3.googleusercontent.com/a/ACg8ocLoV8anljNIMSBHqjOpW8l_d9QU3o5AzoQnP5BgsdUfnDFmGrj2=s1920-c-rp-mo-ba4-br100","https://www.google.com/maps/contrib/100798098601588776091?hl=en","3635","2025-09-21T15:14:49.809Z","Direct Detail URL: https://www.google.com/maps/place/Ulu%E1%B9%9Fu-Kata+Tju%E1%B9%AFa+National+Park/@-25.3116912,130.6926882,10z/data=!4m8!3m7!1s0x2b236c2c7ed3b881:0xdb2a86cd5fe91ae4!8m2!3d-25.3437797!4d131.0346514!9m1!1b1!16zL20vMHBzamM?entry=ttu&g_ep=EgoyMDI1MDkxNy4wIKXMDSoASAFQAw%3D%3D","5","Northern Territory","Lasseter Hwy","false","Amazing place",,"Uluṟu-Kata Tjuṯa National Park","4.8",,"https://www.google.com/maps/search/?api=1&query=Ulu%E1%B9%9Fu-Kata%20Tju%E1%B9%AFa%20National%20Park&query_place_id=ChIJgbjTfixsIysR5BrpX82GKts",
"Lasseter Hwy, Uluru NT 0872, Australia","National park","Tourist attraction","National park","15792583259963595492","Uluru","AU","0x2b236c2c7ed3b881:0xdb2a86cd5fe91ae4","https://lh3.googleusercontent.com/gps-cs-s/AC9h4np7S9xkuA34HblM4n_s-YBACR-wXhUjXYEYaqqccZkTV4ieal3VCKzlYSZw4_YO0a_d1XboFH8M9P36L0LZXdhQEwDNks0TRleE-39VVx_-jEbYM4RxCVyu3PjaUOgVkGTBCklE=w408-h306-k-no","false","true","en","0","-25.3437797","131.0346514","M",,"en","false","ChIJgbjTfixsIysR5BrpX82GKts","0872",,"5 months ago","2025-04-02T01:39:27.820Z",,,,,,,,"ChdDSUhNMG9nS0VJQ0FnTUNJcm9pLTNBRRAB",,,,,,,,,,,,,,,,,,,,,,"Google","https://www.google.com/maps/reviews/data=!4m8!14m7!1m6!2m5!1sChdDSUhNMG9nS0VJQ0FnTUNJcm9pLTNBRRAB!2m1!1s0x0:0xdb2a86cd5fe91ae4!3m1!1s2@1:CIHM0ogKEICAgMCIroi-3AE%7C%7C?hl=en","101126052149604669227","201","https://lh3.googleusercontent.com/a/ACg8ocIu5OLkH0me8FbC6HDJU7hvDMXFchTleNQrzThs_kKPm64t-g=s1920-c-rp-mo-ba4-br100","https://www.google.com/maps/contrib/101126052149604669227?hl=en","3635","2025-09-21T15:14:49.809Z","Direct Detail URL: https://www.google.com/maps/place/Ulu%E1%B9%9Fu-Kata+Tju%E1%B9%AFa+National+Park/@-25.3116912,130.6926882,10z/data=!4m8!3m7!1s0x2b236c2c7ed3b881:0xdb2a86cd5fe91ae4!8m2!3d-25.3437797!4d131.0346514!9m1!1b1!16zL20vMHBzamM?entry=ttu&g_ep=EgoyMDI1MDkxNy4wIKXMDSoASAFQAw%3D%3D","4","Northern Territory","Lasseter Hwy","false","It's really beautiful but I think more signs could be put up regarding photography allowed zones or having a media gallery. It was a bit confusing with different guides saying different things about photography being allowed in kata tjuta.",,"Uluṟu-Kata Tjuṯa National Park","4.8",,"https://www.google.com/maps/search/?api=1&query=Ulu%E1%B9%9Fu-Kata%20Tju%E1%B9%AFa%20National%20Park&query_place_id=ChIJgbjTfixsIysR5BrpX82GKts",
"Lasseter Hwy, Uluru NT 0872, Australia","National park","Tourist attraction","National park","15792583259963595492","Uluru","AU","0x2b236c2c7ed3b881:0xdb2a86cd5fe91ae4","https://lh3.googleusercontent.com/gps-cs-s/AC9h4np7S9xkuA34HblM4n_s-YBACR-wXhUjXYEYaqqccZkTV4ieal3VCKzlYSZw4_YO0a_d1XboFH8M9P36L0LZXdhQEwDNks0TRleE-39VVx_-jEbYM4RxCVyu3PjaUOgVkGTBCklE=w408-h306-k-no","false","true","en","0","-25.3437797","131.0346514","Yusuf Emad",,,"false","ChIJgbjTfixsIysR5BrpX82GKts","0872",,"5 months ago","2025-03-30T04:55:24.374Z",,,,,,,,"ChZDSUhNMG9nS0VJQ0FnTUNJdU5tdEpREAE",,,,,,,,,,,,,,,,,,,,,,"Google","https://www.google.com/maps/reviews/data=!4m8!14m7!1m6!2m5!1sChZDSUhNMG9nS0VJQ0FnTUNJdU5tdEpREAE!2m1!1s0x0:0xdb2a86cd5fe91ae4!3m1!1s2@1:CIHM0ogKEICAgMCIuNmtJQ%7C%7C?hl=en","115248202426023676518","0","https://lh3.googleusercontent.com/a-/ALV-UjUEQZ38i1bHjKcsiQk7Y8umT_w0sB_Gu_ZZhIPSiNBLuZlSN6v9=s1920-c-rp-mo-ba2-br100","https://www.google.com/maps/contrib/115248202426023676518?hl=en","3635","2025-09-21T15:14:49.809Z","Direct Detail URL: https://www.google.com/maps/place/Ulu%E1%B9%9Fu-Kata+Tju%E1%B9%AFa+National+Park/@-25.3116912,130.6926882,10z/data=!4m8!3m7!1s0x2b236c2c7ed3b881:0xdb2a86cd5fe91ae4!8m2!3d-25.3437797!4d131.0346514!9m1!1b1!16zL20vMHBzamM?entry=ttu&g_ep=EgoyMDI1MDkxNy4wIKXMDSoASAFQAw%3D%3D","5","Northern Territory","Lasseter Hwy","false",,,"Uluṟu-Kata Tjuṯa National Park","4.8",,"https://www.google.com/maps/search/?api=1&query=Ulu%E1%B9%9Fu-Kata%20Tju%E1%B9%AFa%20National%20Park&query_place_id=ChIJgbjTfixsIysR5BrpX82GKts",
"Lasseter Hwy, Uluru NT 0872, Australia","National park","Tourist attraction","National park","15792583259963595492","Uluru","AU","0x2b236c2c7ed3b881:0xdb2a86cd5fe91ae4","https://lh3.googleusercontent.com/gps-cs-s/AC9h4np7S9xkuA34HblM4n_s-YBACR-wXhUjXYEYaqqccZkTV4ieal3VCKzlYSZw4_YO0a_d1XboFH8M9P36L0LZXdhQEwDNks0TRleE-39VVx_-jEbYM4RxCVyu3PjaUOgVkGTBCklE=w408-h306-k-no","false","true","en","0","-25.3437797","131.0346514","Shane McMillan",,,"false","ChIJgbjTfixsIysR5BrpX82GKts","0872",,"5 months ago","2025-03-28T20:30:14.609Z",,,,,,,,"ChZDSUhNMG9nS0VJQ0FnTUR3bF9LU1hBEAE",,,,,,,,,,,,,,,,,,,,,,"Google","https://www.google.com/maps/reviews/data=!4m8!14m7!1m6!2m5!1sChZDSUhNMG9nS0VJQ0FnTUR3bF9LU1hBEAE!2m1!1s0x0:0xdb2a86cd5fe91ae4!3m1!1s2@1:CIHM0ogKEICAgMDwl_KSXA%7C%7C?hl=en","113243947197915059750","45","https://lh3.googleusercontent.com/a-/ALV-UjWJFeTnoCs6c_MwCDwCaMBEkSZyqX_-Kg9jwfKDedc5jL7wJgZY=s1920-c-rp-mo-ba5-br100","https://www.google.com/maps/contrib/113243947197915059750?hl=en","3635","2025-09-21T15:14:49.809Z","Direct Detail URL: https://www.google.com/maps/place/Ulu%E1%B9%9Fu-Kata+Tju%E1%B9%AFa+National+Park/@-25.3116912,130.6926882,10z/data=!4m8!3m7!1s0x2b236c2c7ed3b881:0xdb2a86cd5fe91ae4!8m2!3d-25.3437797!4d131.0346514!9m1!1b1!16zL20vMHBzamM?entry=ttu&g_ep=EgoyMDI1MDkxNy4wIKXMDSoASAFQAw%3D%3D","5","Northern Territory","Lasseter Hwy","false",,,"Uluṟu-Kata Tjuṯa National Park","4.8",,"https://www.google.com/maps/search/?api=1&query=Ulu%E1%B9%9Fu-Kata%20Tju%E1%B9%AFa%20National%20Park&query_place_id=ChIJgbjTfixsIysR5BrpX82GKts",
"Lasseter Hwy, Uluru NT 0872, Australia","National park","Tourist attraction","National park","15792583259963595492","Uluru","AU","0x2b236c2c7ed3b881:0xdb2a86cd5fe91ae4","https://lh3.googleusercontent.com/gps-cs-s/AC9h4np7S9xkuA34HblM4n_s-YBACR-wXhUjXYEYaqqccZkTV4ieal3VCKzlYSZw4_YO0a_d1XboFH8M9P36L0LZXdhQEwDNks0TRleE-39VVx_-jEbYM4RxCVyu3PjaUOgVkGTBCklE=w408-h306-k-no","false","true","en","0","-25.3437797","131.0346514","Joshua Cowell",,"en","false","ChIJgbjTfixsIysR5BrpX82GKts","0872",,"5 months ago","2025-03-27T21:58:03.926Z",,,,,,,,"ChZDSUhNMG9nS0VJQ0FnTUR3Zy1xYUNREAE","https://lh3.googleusercontent.com/geougc-cs/AB3l90DzBbo3hy9fe_Ap6OclXtNKZNL_YFScA__VzgpAwh22yfZDlPkGvffRLnyxmLQhrIs1bcJVVnX2FcPkDv8ehxHkw0r-I5KwjStZvR7i0vkMOKR5tlXY-QXHAWmTt-U3jkTaPxPJ","https://lh3.googleusercontent.com/geougc-cs/AB3l90AEPQuUPtNiu2hE_fssjgeEF_rlC_ev9inLtDFWztl6GB2Ex8VNABw2E9xV_pffrLjuOG5Tj5yDDykZS0pfQqHPSl-uP8Ql0CKU9L7qmdW-G2NkEyZDnoqIR8uqp90KLR9EH-MQ","https://lh3.googleusercontent.com/geougc-cs/AB3l90BTP7ZNwd6hI-_qeHG95tzw2OHyLSjZtVT9ORMQNhYikAnhh3eRbSam6wHVl5bSb-0nnjKvW6otLpBw9qZcw73bUWb1muX6R2frrJOxUOsAv1nFG8IkmEFliW3EAtQQFMgsXI1NLQ",,,,,,,,,,,,,,,,,,,"Google","https://www.google.com/maps/reviews/data=!4m8!14m7!1m6!2m5!1sChZDSUhNMG9nS0VJQ0FnTUR3Zy1xYUNREAE!2m1!1s0x0:0xdb2a86cd5fe91ae4!3m1!1s2@1:CIHM0ogKEICAgMDwg-qaCQ%7C%7C?hl=en","113158783281391912765","316","https://lh3.googleusercontent.com/a-/ALV-UjUvt4vMo9aZgXasoEF1FR3HcSHY-KCMR1NWwBtaBlu1mK67DvABVw=s1920-c-rp-mo-ba5-br100","https://www.google.com/maps/contrib/113158783281391912765?hl=en","3635","2025-09-21T15:14:49.809Z","Direct Detail URL: https://www.google.com/maps/place/Ulu%E1%B9%9Fu-Kata+Tju%E1%B9%AFa+National+Park/@-25.3116912,130.6926882,10z/data=!4m8!3m7!1s0x2b236c2c7ed3b881:0xdb2a86cd5fe91ae4!8m2!3d-25.3437797!4d131.0346514!9m1!1b1!16zL20vMHBzamM?entry=ttu&g_ep=EgoyMDI1MDkxNy4wIKXMDSoASAFQAw%3D%3D","5","Northern Territory","Lasseter Hwy","false","Amazing place to visit and appreciate with respect. Definitely bring a face net for relief from the flies! Don't attempt any walks without sufficient amounts of water, the central Australian heat can be brutal",,"Uluṟu-Kata Tjuṯa National Park","4.8",,"https://www.google.com/maps/search/?api=1&query=Ulu%E1%B9%9Fu-Kata%20Tju%E1%B9%AFa%20National%20Park&query_place_id=ChIJgbjTfixsIysR5BrpX82GKts",
"Lasseter Hwy, Uluru NT 0872, Australia","National park","Tourist attraction","National park","15792583259963595492","Uluru","AU","0x2b236c2c7ed3b881:0xdb2a86cd5fe91ae4","https://lh3.googleusercontent.com/gps-cs-s/AC9h4np7S9xkuA34HblM4n_s-YBACR-wXhUjXYEYaqqccZkTV4ieal3VCKzlYSZw4_YO0a_d1XboFH8M9P36L0LZXdhQEwDNks0TRleE-39VVx_-jEbYM4RxCVyu3PjaUOgVkGTBCklE=w408-h306-k-no","false","true","en","0","-25.3437797","131.0346514","Shantanu Halder",,"en","false","ChIJgbjTfixsIysR5BrpX82GKts","0872",,"5 months ago","2025-03-26T04:00:23.200Z",,,,,,,,"ChZDSUhNMG9nS0VJQ0FnTUR3dnR6OFV3EAE",,,,,,,,,,,,,,,,,,,,,,"Google","https://www.google.com/maps/reviews/data=!4m8!14m7!1m6!2m5!1sChZDSUhNMG9nS0VJQ0FnTUR3dnR6OFV3EAE!2m1!1s0x0:0xdb2a86cd5fe91ae4!3m1!1s2@1:CIHM0ogKEICAgMDwvtz8Uw%7C%7C?hl=en","113037722067188717322","7","https://lh3.googleusercontent.com/a-/ALV-UjVFkDYhG44XSCOP02-ECJjU8cJ12voBFuGWEwyvQxqIhAmtpMdlAQ=s1920-c-rp-mo-ba3-br100","https://www.google.com/maps/contrib/113037722067188717322?hl=en","3635","2025-09-21T15:14:49.809Z","Direct Detail URL: https://www.google.com/maps/place/Ulu%E1%B9%9Fu-Kata+Tju%E1%B9%AFa+National+Park/@-25.3116912,130.6926882,10z/data=!4m8!3m7!1s0x2b236c2c7ed3b881:0xdb2a86cd5fe91ae4!8m2!3d-25.3437797!4d131.0346514!9m1!1b1!16zL20vMHBzamM?entry=ttu&g_ep=EgoyMDI1MDkxNy4wIKXMDSoASAFQAw%3D%3D","5","Northern Territory","Lasseter Hwy","false","Great place to visit and for camping as well. Would be nice if the camping facilities were a bit more up-to-date. Can't wait to visit again. Would 100% recommend.",,"Uluṟu-Kata Tjuṯa National Park","4.8",,"https://www.google.com/maps/search/?api=1&query=Ulu%E1%B9%9Fu-Kata%20Tju%E1%B9%AFa%20National%20Park&query_place_id=ChIJgbjTfixsIysR5BrpX82GKts",
"Lasseter Hwy, Uluru NT 0872, Australia","National park","Tourist attraction","National park","15792583259963595492","Uluru","AU","0x2b236c2c7ed3b881:0xdb2a86cd5fe91ae4","https://lh3.googleusercontent.com/gps-cs-s/AC9h4np7S9xkuA34HblM4n_s-YBACR-wXhUjXYEYaqqccZkTV4ieal3VCKzlYSZw4_YO0a_d1XboFH8M9P36L0LZXdhQEwDNks0TRleE-39VVx_-jEbYM4RxCVyu3PjaUOgVkGTBCklE=w408-h306-k-no","false","false","en","0","-25.3437797","131.0346514","wickednasty",,"en","false","ChIJgbjTfixsIysR5BrpX82GKts","0872",,"5 months ago","2025-03-26T02:21:31.977Z",,,,,,,,"ChdDSUhNMG9nS0VJQ0FnTUR3bnAyZHlnRRAB",,,,,,,,,,,,,,,,,,,,,,"Google","https://www.google.com/maps/reviews/data=!4m8!14m7!1m6!2m5!1sChdDSUhNMG9nS0VJQ0FnTUR3bnAyZHlnRRAB!2m1!1s0x0:0xdb2a86cd5fe91ae4!3m1!1s2@1:CIHM0ogKEICAgMDwnp2dygE%7C%7C?hl=en","102146661205871196342","3","https://lh3.googleusercontent.com/a/ACg8ocKl1rYTaMEmGivBmayJIrhHVSRqt8VGT-YWbhQFaIW8dDUpfA=s1920-c-rp-mo-br100","https://www.google.com/maps/contrib/102146661205871196342?hl=en","3635","2025-09-21T15:14:49.809Z","Direct Detail URL: https://www.google.com/maps/place/Ulu%E1%B9%9Fu-Kata+Tju%E1%B9%AFa+National+Park/@-25.3116912,130.6926882,10z/data=!4m8!3m7!1s0x2b236c2c7ed3b881:0xdb2a86cd5fe91ae4!8m2!3d-25.3437797!4d131.0346514!9m1!1b1!16zL20vMHBzamM?entry=ttu&g_ep=EgoyMDI1MDkxNy4wIKXMDSoASAFQAw%3D%3D","2","Northern Territory","Lasseter Hwy","false","omg big rock so cool",,"Uluṟu-Kata Tjuṯa National Park","4.8",,"https://www.google.com/maps/search/?api=1&query=Ulu%E1%B9%9Fu-Kata%20Tju%E1%B9%AFa%20National%20Park&query_place_id=ChIJgbjTfixsIysR5BrpX82GKts",
"Lasseter Hwy, Uluru NT 0872, Australia","National park","Tourist attraction","National park","15792583259963595492","Uluru","AU","0x2b236c2c7ed3b881:0xdb2a86cd5fe91ae4","https://lh3.googleusercontent.com/gps-cs-s/AC9h4np7S9xkuA34HblM4n_s-YBACR-wXhUjXYEYaqqccZkTV4ieal3VCKzlYSZw4_YO0a_d1XboFH8M9P36L0LZXdhQEwDNks0TRleE-39VVx_-jEbYM4RxCVyu3PjaUOgVkGTBCklE=w408-h306-k-no","false","false","en","0","-25.3437797","131.0346514","Bibek poudel",,"en","false","ChIJgbjTfixsIysR5BrpX82GKts","0872",,"5 months ago","2025-03-25T04:15:35.720Z",,,,,,,,"ChZDSUhNMG9nS0VJQ0FnTUR3MHFfaEdREAE",,,,,,,,,,,,,,,,,,,,,,"Google","https://www.google.com/maps/reviews/data=!4m8!14m7!1m6!2m5!1sChZDSUhNMG9nS0VJQ0FnTUR3MHFfaEdREAE!2m1!1s0x0:0xdb2a86cd5fe91ae4!3m1!1s2@1:CIHM0ogKEICAgMDw0q_hGQ%7C%7C?hl=en","117106812092456211841","6","https://lh3.googleusercontent.com/a/ACg8ocKor3P6SHqkmF9Ay2oYySqD3bpv5Ocok86xY4C2zoAzgCa-zQ=s1920-c-rp-mo-br100","https://www.google.com/maps/contrib/117106812092456211841?hl=en","3635","2025-09-21T15:14:49.809Z","Direct Detail URL: https://www.google.com/maps/place/Ulu%E1%B9%9Fu-Kata+Tju%E1%B9%AFa+National+Park/@-25.3116912,130.6926882,10z/data=!4m8!3m7!1s0x2b236c2c7ed3b881:0xdb2a86cd5fe91ae4!8m2!3d-25.3437797!4d131.0346514!9m1!1b1!16zL20vMHBzamM?entry=ttu&g_ep=EgoyMDI1MDkxNy4wIKXMDSoASAFQAw%3D%3D","5","Northern Territory","Lasseter Hwy","false","Uluṟu-Kata Tjuṯa National Park is a must-visit for those wanting to experience Australia’s spiritual heart. The combination of natural beauty, Indigenous heritage, and unique landscapes makes it an unforgettable destination.",,"Uluṟu-Kata Tjuṯa National Park","4.8",,"https://www.google.com/maps/search/?api=1&query=Ulu%E1%B9%9Fu-Kata%20Tju%E1%B9%AFa%20National%20Park&query_place_id=ChIJgbjTfixsIysR5BrpX82GKts",
"Lasseter Hwy, Uluru NT 0872, Australia","National park","Tourist attraction","National park","15792583259963595492","Uluru","AU","0x2b236c2c7ed3b881:0xdb2a86cd5fe91ae4","https://lh3.googleusercontent.com/gps-cs-s/AC9h4np7S9xkuA34HblM4n_s-YBACR-wXhUjXYEYaqqccZkTV4ieal3VCKzlYSZw4_YO0a_d1XboFH8M9P36L0LZXdhQEwDNks0TRleE-39VVx_-jEbYM4RxCVyu3PjaUOgVkGTBCklE=w408-h306-k-no","false","false","en","0","-25.3437797","131.0346514","Jose Teodoro Santos",,,"false","ChIJgbjTfixsIysR5BrpX82GKts","0872",,"5 months ago","2025-03-24T13:05:02.123Z",,,,,,,,"ChdDSUhNMG9nS0VJQ0FnTUR3M0l2c2pRRRAB",,,,,,,,,,,,,,,,,,,,,,"Google","https://www.google.com/maps/reviews/data=!4m8!14m7!1m6!2m5!1sChdDSUhNMG9nS0VJQ0FnTUR3M0l2c2pRRRAB!2m1!1s0x0:0xdb2a86cd5fe91ae4!3m1!1s2@1:CIHM0ogKEICAgMDw3IvsjQE%7C%7C?hl=en","106779484845508060070","1","https://lh3.googleusercontent.com/a-/ALV-UjUxxGaHLZ0K1Pf_zmVPOU6b0iUXQbp2rC8q9MGnaJtRXkP-xtGx3Q=s1920-c-rp-mo-br100","https://www.google.com/maps/contrib/106779484845508060070?hl=en","3635","2025-09-21T15:14:49.809Z","Direct Detail URL: https://www.google.com/maps/place/Ulu%E1%B9%9Fu-Kata+Tju%E1%B9%AFa+National+Park/@-25.3116912,130.6926882,10z/data=!4m8!3m7!1s0x2b236c2c7ed3b881:0xdb2a86cd5fe91ae4!8m2!3d-25.3437797!4d131.0346514!9m1!1b1!16zL20vMHBzamM?entry=ttu&g_ep=EgoyMDI1MDkxNy4wIKXMDSoASAFQAw%3D%3D","5","Northern Territory","Lasseter Hwy","false",,,"Uluṟu-Kata Tjuṯa National Park","4.8",,"https://www.google.com/maps/search/?api=1&query=Ulu%E1%B9%9Fu-Kata%20Tju%E1%B9%AFa%20National%20Park&query_place_id=ChIJgbjTfixsIysR5BrpX82GKts",
"Lasseter Hwy, Uluru NT 0872, Australia","National park","Tourist attraction","National park","15792583259963595492","Uluru","AU","0x2b236c2c7ed3b881:0xdb2a86cd5fe91ae4","https://lh3.googleusercontent.com/gps-cs-s/AC9h4np7S9xkuA34HblM4n_s-YBACR-wXhUjXYEYaqqccZkTV4ieal3VCKzlYSZw4_YO0a_d1XboFH8M9P36L0LZXdhQEwDNks0TRleE-39VVx_-jEbYM4RxCVyu3PjaUOgVkGTBCklE=w408-h306-k-no","false","true","en","0","-25.3437797","131.0346514","オチトシ",,"ja","false","ChIJgbjTfixsIysR5BrpX82GKts","0872",,"5 months ago","2025-03-24T12:35:03.584Z",,,,,,,,"ChdDSUhNMG9nS0VJQ0FnTUR3M1A3T3VBRRAB","https://lh3.googleusercontent.com/geougc-cs/AB3l90DAAF8sd8l8jtKxCDcLcU6rixJfI0NXMxzq6rM57igvMqwSx20XZa9Tv4_Rny_dj_TLFT50Mfsa3rRozkoWj37gbXdWWcSx4G1BP-WoArk5TMhUmr5b2KH6P9RFDDjzF-KwebI","https://lh3.googleusercontent.com/geougc-cs/AB3l90AOLKqnXugs_sdA9i_rw5EE4AJXKWU-O-zxrx11ApvN-jVxFcA79d3s12WL9ldvjAuF5TxUFkTXsRhzOtK-Rc7fOZxdte2GTfMeMbUfJL-y0FUaHm2vhVYxM_Xr-ZaWCAoumFho5Q","https://lh3.googleusercontent.com/geougc-cs/AB3l90BAZNnePYJ0eIauk9cJ6ebXwWAgwB3F2mkaq-2YCViVebbzxEcqtE64jWuMZDWSiHWfo8KWOus7XFIzr2OQh-vidnpRyFRmLWXTOXwwinymWuVVR1tv-2Md4-JO2SmykfZmm48C","https://lh3.googleusercontent.com/geougc-cs/AB3l90CF54YIVWYqVo68hqk704AqpQAaiWuWPHC7wbsTeNOQrcTJA50QBGZFcRf-L-gB3pcjddCKB6r2PAj8O91Uy8SmDXAmUR6MqQ77y9rrK0UaAzIRw8WyXiWSgraj4HauHvlow0bYyQ","https://lh3.googleusercontent.com/geougc-cs/AB3l90AZTiL-vMpBz2KHxkit9LBYk1AcWJvtdsYqcAykiecjUg8fHlqiAaB5e3M4gGKFzwWiGumm_nMbTKUCSZM12e-V6R5BPXMFPlEdzxn0DLclL9CIkyQVRgw-XM2ZYeZ2lJk_2f10","https://lh3.googleusercontent.com/geougc-cs/AB3l90BPy6nZNKBTF1LM8lfLYkRHzIn24KdtzJBnzygC3DR4UyshhFOX0quQoZ6PhmtA45RxUzzDMEzPrPiNGPpNMM77i0qwojh3V8K9D-w3JVaunURdkUFlmqXQSgwFzTKM1iVUzjnR-A","https://lh3.googleusercontent.com/geougc-cs/AB3l90By2aK9JxtfrGlJYuyBo3MWla0pDHqW0uC6vgIgzrw9iQ4cAAmcNiIuD7r6OwX-bYPxEjgn5F1IC3v-7b70Lw7W3Juyhen0n7WQUJHQdSHtscXlOZMkYegdrk_VKnxpUZ6Ikfv0","https://lh3.googleusercontent.com/geougc-cs/AB3l90AsL2zuEH7nB_UqqrhvIMtDkzrpsuevzVYentfoyBfqj8RPVdd2mIPYfx34q84eWWk1MpehBfRE8jXFLx4jesCulnsWDI9u95n5DeXX0aumFEBGgKRhFNZG8qKUsbz3UOOkZhP4cA","https://lh3.googleusercontent.com/geougc-cs/AB3l90C3mcfZE3gz2RZQTmjifxGNVoJew-ZYvPaTe78DlFF05I4JTf9Hq-LCDQn3i0sTYp7XfmBNbLlrvdVKzKdlZiY39A56zbK9BYIV87CjM4whdK-2SJcwgNKxUsrZ6JWf-cibs2hq","https://lh3.googleusercontent.com/geougc-cs/AB3l90DUbA0vgZvByuejvRskil2DuNi_M3KRD_S0BebuJaXSrIvttN-LCIFUnDlCkngJ94mQnETsCNMH8pfwSFD9Wt-_efZr04vDPDkPjZfahaqutsJ3nW7al9r1OLqYvV7c0ok4SOttHA","https://lh3.googleusercontent.com/geougc-cs/AB3l90CqvZduf-QT_K8hytryQxuJzgRITNhkE1Z8X22G7cpA1Zz_FPqNkduaKe9PvTZGmvbXpydMtETiZpwplW7Rd4GCBcqoWKZ6-zdOzvmtbDv-uPWGXn6j0lKJFx5Jal9Ve3SlmtQx",,,,,,,,,,,"Google","https://www.google.com/maps/reviews/data=!4m8!14m7!1m6!2m5!1sChdDSUhNMG9nS0VJQ0FnTUR3M1A3T3VBRRAB!2m1!1s0x0:0xdb2a86cd5fe91ae4!3m1!1s2@1:CIHM0ogKEICAgMDw3P7OuAE%7C%7C?hl=en","105294599891793487834","87","https://lh3.googleusercontent.com/a/ACg8ocLbQasi-uAPUd78lPryNJdvLkCr9h1YPHfsMDUxcc3wHSBZ7Lf4=s1920-c-rp-mo-ba4-br100","https://www.google.com/maps/contrib/105294599891793487834?hl=en","3635","2025-09-21T15:14:49.809Z","Direct Detail URL: https://www.google.com/maps/place/Ulu%E1%B9%9Fu-Kata+Tju%E1%B9%AFa+National+Park/@-25.3116912,130.6926882,10z/data=!4m8!3m7!1s0x2b236c2c7ed3b881:0xdb2a86cd5fe91ae4!8m2!3d-25.3437797!4d131.0346514!9m1!1b1!16zL20vMHBzamM?entry=ttu&g_ep=EgoyMDI1MDkxNy4wIKXMDSoASAFQAw%3D%3D","5","Northern Territory","Lasseter Hwy","false","ウルル、カタジュタともに最高でした。少し暑くて還暦過ぎた私にはしんどく感じることもありましたが、AAT kingsのツアーに入ったお陰で楽しむことができました。
日本語ツアーのガイドのMさん、Yさん、お二人とも奥深い知識をもった、過去出会ったガイドさんの中で最高レベルの方だったと、心底思います。
大型バスを運転しながら、あれだけ長時間、的確に話せるのは並大抵のことではないと思います。本当にありがとうございました。","Both Uluru and Kata Tjuta were amazing. It was a little hot and a bit tiring for someone over 60, but thanks to the AAT Kings tour I was able to enjoy it.

Both of our Japanese tour guides, Ms. M and Ms. Y, had in-depth knowledge and I truly believe they were the best guides I've ever met.

It must be no easy feat to be able to speak so clearly for such a long time while driving a large bus. Thank you very much.","Uluṟu-Kata Tjuṯa National Park","4.8","en","https://www.google.com/maps/search/?api=1&query=Ulu%E1%B9%9Fu-Kata%20Tju%E1%B9%AFa%20National%20Park&query_place_id=ChIJgbjTfixsIysR5BrpX82GKts",
"Lasseter Hwy, Uluru NT 0872, Australia","National park","Tourist attraction","National park","15792583259963595492","Uluru","AU","0x2b236c2c7ed3b881:0xdb2a86cd5fe91ae4","https://lh3.googleusercontent.com/gps-cs-s/AC9h4np7S9xkuA34HblM4n_s-YBACR-wXhUjXYEYaqqccZkTV4ieal3VCKzlYSZw4_YO0a_d1XboFH8M9P36L0LZXdhQEwDNks0TRleE-39VVx_-jEbYM4RxCVyu3PjaUOgVkGTBCklE=w408-h306-k-no","false","true","en","0","-25.3437797","131.0346514","Anneke van der Wal",,"nl","false","ChIJgbjTfixsIysR5BrpX82GKts","0872",,"5 months ago","2025-03-23T04:46:42.890Z",,,,,,,"Als je er 1 ziet gelijk gebruik van maken.... wij hebben er maar 3 gev9nden in dat hele park","ChZDSUhNMG9nS0VJQ0FnTUR3cU4yclh3EAE",,,,,,,,,,,,,,,,,,,,,,"Google","https://www.google.com/maps/reviews/data=!4m8!14m7!1m6!2m5!1sChZDSUhNMG9nS0VJQ0FnTUR3cU4yclh3EAE!2m1!1s0x0:0xdb2a86cd5fe91ae4!3m1!1s2@1:CIHM0ogKEICAgMDwqN2rXw%7C%7C?hl=en","111835333621612659587","326","https://lh3.googleusercontent.com/a-/ALV-UjVnWFCVRVOFkUZoa6doGVG9T1WXgf247GfmQvhA8F3WjN5ZLbCNoQ=s1920-c-rp-mo-ba5-br100","https://www.google.com/maps/contrib/111835333621612659587?hl=en","3635","2025-09-21T15:14:49.809Z","Direct Detail URL: https://www.google.com/maps/place/Ulu%E1%B9%9Fu-Kata+Tju%E1%B9%AFa+National+Park/@-25.3116912,130.6926882,10z/data=!4m8!3m7!1s0x2b236c2c7ed3b881:0xdb2a86cd5fe91ae4!8m2!3d-25.3437797!4d131.0346514!9m1!1b1!16zL20vMHBzamM?entry=ttu&g_ep=EgoyMDI1MDkxNy4wIKXMDSoASAFQAw%3D%3D","4","Northern Territory","Lasseter Hwy","false","Vanaf een afstand echt enorm indrukwekkend helaas viel voor mij de wandeling erg tegen. Het mooiste was het waterbassin.","From a distance, it was truly impressive. Unfortunately, the walk was a bit disappointing for me. The most beautiful part was the water basin.","Uluṟu-Kata Tjuṯa National Park","4.8","en","https://www.google.com/maps/search/?api=1&query=Ulu%E1%B9%9Fu-Kata%20Tju%E1%B9%AFa%20National%20Park&query_place_id=ChIJgbjTfixsIysR5BrpX82GKts",
"Lasseter Hwy, Uluru NT 0872, Australia","National park","Tourist attraction","National park","15792583259963595492","Uluru","AU","0x2b236c2c7ed3b881:0xdb2a86cd5fe91ae4","https://lh3.googleusercontent.com/gps-cs-s/AC9h4np7S9xkuA34HblM4n_s-YBACR-wXhUjXYEYaqqccZkTV4ieal3VCKzlYSZw4_YO0a_d1XboFH8M9P36L0LZXdhQEwDNks0TRleE-39VVx_-jEbYM4RxCVyu3PjaUOgVkGTBCklE=w408-h306-k-no","false","true","en","0","-25.3437797","131.0346514","djaka dwiandi",,,"false","ChIJgbjTfixsIysR5BrpX82GKts","0872",,"5 months ago","2025-03-23T04:31:10.494Z",,,,,,,,"ChZDSUhNMG9nS0VJQ0FnTUR3cUtqU0JnEAE",,,,,,,,,,,,,,,,,,,,,,"Google","https://www.google.com/maps/reviews/data=!4m8!14m7!1m6!2m5!1sChZDSUhNMG9nS0VJQ0FnTUR3cUtqU0JnEAE!2m1!1s0x0:0xdb2a86cd5fe91ae4!3m1!1s2@1:CIHM0ogKEICAgMDwqKjSBg%7C%7C?hl=en","100616115049879960860","242","https://lh3.googleusercontent.com/a-/ALV-UjWWTY36w6mxE7wcR1XgVRv788iXrNC2Ncxauf5o6iLVeUZcVLk=s1920-c-rp-mo-ba6-br100","https://www.google.com/maps/contrib/100616115049879960860?hl=en","3635","2025-09-21T15:14:49.809Z","Direct Detail URL: https://www.google.com/maps/place/Ulu%E1%B9%9Fu-Kata+Tju%E1%B9%AFa+National+Park/@-25.3116912,130.6926882,10z/data=!4m8!3m7!1s0x2b236c2c7ed3b881:0xdb2a86cd5fe91ae4!8m2!3d-25.3437797!4d131.0346514!9m1!1b1!16zL20vMHBzamM?entry=ttu&g_ep=EgoyMDI1MDkxNy4wIKXMDSoASAFQAw%3D%3D","5","Northern Territory","Lasseter Hwy","false",,,"Uluṟu-Kata Tjuṯa National Park","4.8",,"https://www.google.com/maps/search/?api=1&query=Ulu%E1%B9%9Fu-Kata%20Tju%E1%B9%AFa%20National%20Park&query_place_id=ChIJgbjTfixsIysR5BrpX82GKts",
"Lasseter Hwy, Uluru NT 0872, Australia","National park","Tourist attraction","National park","15792583259963595492","Uluru","AU","0x2b236c2c7ed3b881:0xdb2a86cd5fe91ae4","https://lh3.googleusercontent.com/gps-cs-s/AC9h4np7S9xkuA34HblM4n_s-YBACR-wXhUjXYEYaqqccZkTV4ieal3VCKzlYSZw4_YO0a_d1XboFH8M9P36L0LZXdhQEwDNks0TRleE-39VVx_-jEbYM4RxCVyu3PjaUOgVkGTBCklE=w408-h306-k-no","false","false","en","0","-25.3437797","131.0346514","NATHALIE TUVERI",,"fr","false","ChIJgbjTfixsIysR5BrpX82GKts","0872",,"5 months ago","2025-03-22T20:13:43.139Z",,,,"Pas accessible aux animaux",,,,"ChZDSUhNMG9nS0VJQ0FnTUR3ME1yd0VREAE","https://lh3.googleusercontent.com/geougc-cs/AB3l90Bd6lguAKaM-JfdJ9BXoCrrmarfVSRws-2rfKzoYnYHEK3qgXUn_ScB_fyIa7iIEhqYwgS6HjQ_KJ0Eep3FuHfiX9rkFiXy40xbn7JmYNqvnxS7po3DdQVP21r6D6nzp1rx7JH67w",,,,,,,,,,,,,,,,,,,,,"Google","https://www.google.com/maps/reviews/data=!4m8!14m7!1m6!2m5!1sChZDSUhNMG9nS0VJQ0FnTUR3ME1yd0VREAE!2m1!1s0x0:0xdb2a86cd5fe91ae4!3m1!1s2@1:CIHM0ogKEICAgMDw0MrwEQ%7C%7C?hl=en","117758761993820114696","11","https://lh3.googleusercontent.com/a/ACg8ocL3fRCoJYNMKiy5MqYUsi2DHy8114EXgfJpR0DznBwmwlYygg=s1920-c-rp-mo-br100","https://www.google.com/maps/contrib/117758761993820114696?hl=en","3635","2025-09-21T15:14:49.809Z","Direct Detail URL: https://www.google.com/maps/place/Ulu%E1%B9%9Fu-Kata+Tju%E1%B9%AFa+National+Park/@-25.3116912,130.6926882,10z/data=!4m8!3m7!1s0x2b236c2c7ed3b881:0xdb2a86cd5fe91ae4!8m2!3d-25.3437797!4d131.0346514!9m1!1b1!16zL20vMHBzamM?entry=ttu&g_ep=EgoyMDI1MDkxNy4wIKXMDSoASAFQAw%3D%3D","5","Northern Territory","Lasseter Hwy","false","Majestueux. Il faut absolument voir ça une fois dans sa vie","Majestic. You absolutely have to see this once in your life.","Uluṟu-Kata Tjuṯa National Park","4.8","en","https://www.google.com/maps/search/?api=1&query=Ulu%E1%B9%9Fu-Kata%20Tju%E1%B9%AFa%20National%20Park&query_place_id=ChIJgbjTfixsIysR5BrpX82GKts",
"Lasseter Hwy, Uluru NT 0872, Australia","National park","Tourist attraction","National park","15792583259963595492","Uluru","AU","0x2b236c2c7ed3b881:0xdb2a86cd5fe91ae4","https://lh3.googleusercontent.com/gps-cs-s/AC9h4np7S9xkuA34HblM4n_s-YBACR-wXhUjXYEYaqqccZkTV4ieal3VCKzlYSZw4_YO0a_d1XboFH8M9P36L0LZXdhQEwDNks0TRleE-39VVx_-jEbYM4RxCVyu3PjaUOgVkGTBCklE=w408-h306-k-no","false","false","en","0","-25.3437797","131.0346514","Joseph Sosa",,"cy","false","ChIJgbjTfixsIysR5BrpX82GKts","0872",,"5 months ago","2025-03-21T19:13:14.346Z",,,,,,,,"ChZDSUhNMG9nS0VJQ0FnTUN3bDd6dVV3EAE",,,,,,,,,,,,,,,,,,,,,,"Google","https://www.google.com/maps/reviews/data=!4m8!14m7!1m6!2m5!1sChZDSUhNMG9nS0VJQ0FnTUN3bDd6dVV3EAE!2m1!1s0x0:0xdb2a86cd5fe91ae4!3m1!1s2@1:CIHM0ogKEICAgMCwl7zuUw%7C%7C?hl=en","105642869279732007168","8","https://lh3.googleusercontent.com/a-/ALV-UjWx2xB1WMTjrLBbYKdHvanP_QVB5yU-_EREZ_XLTrW7OvLHRvs=s1920-c-rp-mo-br100","https://www.google.com/maps/contrib/105642869279732007168?hl=en","3635","2025-09-21T15:14:49.809Z","Direct Detail URL: https://www.google.com/maps/place/Ulu%E1%B9%9Fu-Kata+Tju%E1%B9%AFa+National+Park/@-25.3116912,130.6926882,10z/data=!4m8!3m7!1s0x2b236c2c7ed3b881:0xdb2a86cd5fe91ae4!8m2!3d-25.3437797!4d131.0346514!9m1!1b1!16zL20vMHBzamM?entry=ttu&g_ep=EgoyMDI1MDkxNy4wIKXMDSoASAFQAw%3D%3D","5","Northern Territory","Lasseter Hwy","false","Yuup!!!","Yup!!!","Uluṟu-Kata Tjuṯa National Park","4.8","en","https://www.google.com/maps/search/?api=1&query=Ulu%E1%B9%9Fu-Kata%20Tju%E1%B9%AFa%20National%20Park&query_place_id=ChIJgbjTfixsIysR5BrpX82GKts",
