address,categories/0,categories/1,categoryName,cid,city,countryCode,fid,imageUrl,isAdvertisement,isLocalGuide,language,likesCount,location/lat,location/lng,name,neighborhood,originalLanguage,permanentlyClosed,placeId,postalCode,price,publishAt,publishedAtDate,rating,responseFromOwnerDate,responseFromOwnerText,reviewContext/Dog-friendliness,reviewContext/Picnic area,reviewContext/Restrooms,reviewId,reviewImageUrls/0,reviewImageUrls/1,reviewImageUrls/2,reviewImageUrls/3,reviewImageUrls/4,reviewImageUrls/5,reviewImageUrls/6,reviewImageUrls/7,reviewImageUrls/8,reviewImageUrls/9,reviewImageUrls/10,reviewImageUrls/11,reviewImageUrls/12,reviewImageUrls/13,reviewImageUrls/14,reviewImageUrls/15,reviewImageUrls/16,reviewImageUrls/17,reviewImageUrls/18,reviewImageUrls/19,reviewImageUrls/20,reviewImageUrls/21,reviewImageUrls/22,reviewImageUrls/23,reviewOrigin,reviewUrl,reviewerId,reviewerNumberOfReviews,reviewerPhotoUrl,reviewerUrl,reviewsCount,scrapedAt,searchString,stars,state,street,temporarilyClosed,text,textTranslated,title,totalScore,translatedLanguage,url,visitedIn,Emotion
"Litchfield Park NT 0822, Australia",National park,Tourist attraction,National park,1.08145e+18,Litchfield Park,AU,0x2cbee22a8ad93f61:0xf0217a90db10650,https://lh3.googleusercontent.com/gps-cs-s/AC9h4nrEoavoeY76XGUArw7ktQYIjuKEV4NQfMjvSN7MGVtcgaHWhzXd-peC_lgQ83XmcYV9Wz5A8qhk0165yuXAXYB-dQ84nMJxZYGAjkw1BvcILJ0_PYrGMNKOC9N6eBr4n3dXTFHA=w408-h306-k-no,False,True,en,0,-13.2935376,130.8463877,Brian Spoelman,,en,False,ChIJYT_ZiiriviwRUAaxDakXAg8,822,,9 hours ago,2025-09-21T05:08:41.010Z,,,,,,,Ci9DQUlRQUNvZENodHljRjlvT2xsMGN5MVdPSGxpYlZJNGIwZFNUV3hNUkVOMWRIYxAB,,,,,,,,,,,,,,,,,,,,,,,,,Google,https://www.google.com/maps/reviews/data=!4m8!14m7!1m6!2m5!1sCi9DQUlRQUNvZENodHljRjlvT2xsMGN5MVdPSGxpYlZJNGIwZFNUV3hNUkVOMWRIYxAB!2m1!1s0x0:0xf0217a90db10650!3m1!1s2@1:CAIQACodChtycF9oOll0cy1WOHlibVI4b0dSTWxMREN1dHc%7C%7C?hl=en,1.00572e+20,40,https://lh3.googleusercontent.com/a/ACg8ocKLJEry4JRTOWjdfxpQbKP9C5DWLJ6Gk8KbcYPePZJEDAIlDw=s1920-c-rp-mo-ba3-br100,https://www.google.com/maps/contrib/100571542639459199844?hl=en,1612,2025-09-21T14:41:32.294Z,"Direct Detail URL: https://www.google.com/maps/place/Litchfield+National+Park/@-13.2935324,130.8438128,17z/data=!4m8!3m7!1s0x2cbee22a8ad93f61:0xf0217a90db10650!8m2!3d-13.2935376!4d130.8463877!9m1!1b1!16zL20vMHBzaG0?entry=ttu&g_ep=EgoyMDI1MDkxNy4wIKXMDSoASAFQAw%3D%3D",5,Northern Territory,,False,A must see location when in Darwin!,,Litchfield National Park,4.8,,https://www.google.com/maps/search/?api=1&query=Litchfield%20National%20Park&query_place_id=ChIJYT_ZiiriviwRUAaxDakXAg8,,Neutral
"Litchfield Park NT 0822, Australia",National park,Tourist attraction,National park,1.08145e+18,Litchfield Park,AU,0x2cbee22a8ad93f61:0xf0217a90db10650,https://lh3.googleusercontent.com/gps-cs-s/AC9h4nrEoavoeY76XGUArw7ktQYIjuKEV4NQfMjvSN7MGVtcgaHWhzXd-peC_lgQ83XmcYV9Wz5A8qhk0165yuXAXYB-dQ84nMJxZYGAjkw1BvcILJ0_PYrGMNKOC9N6eBr4n3dXTFHA=w408-h306-k-no,False,True,en,0,-13.2935376,130.8463877,Harry,,en,False,ChIJYT_ZiiriviwRUAaxDakXAg8,822,,3 days ago,2025-09-18T10:35:56.099Z,,,,,,Yes,Ci9DQUlRQUNvZENodHljRjlvT25GeWJVMTVSbmsxVTI1UlNrdFVTRmxHYTB4RE5FRRAB,,,,,,,,,,,,,,,,,,,,,,,,,Google,https://www.google.com/maps/reviews/data=!4m8!14m7!1m6!2m5!1sCi9DQUlRQUNvZENodHljRjlvT25GeWJVMTVSbmsxVTI1UlNrdFVTRmxHYTB4RE5FRRAB!2m1!1s0x0:0xf0217a90db10650!3m1!1s2@1:CAIQACodChtycF9oOnFybU15Rnk1U25RSktUSFlGa0xDNEE%7C%7C?hl=en,1.03804e+20,82,https://lh3.googleusercontent.com/a/ACg8ocJ-JalCpfzKkMlDf32-EzqhmtBSAh1ZvsnoT4pQpDr3_hHOqQ=s1920-c-rp-mo-ba4-br100,https://www.google.com/maps/contrib/103804453062410069362?hl=en,1612,2025-09-21T14:41:32.294Z,"Direct Detail URL: https://www.google.com/maps/place/Litchfield+National+Park/@-13.2935324,130.8438128,17z/data=!4m8!3m7!1s0x2cbee22a8ad93f61:0xf0217a90db10650!8m2!3d-13.2935376!4d130.8463877!9m1!1b1!16zL20vMHBzaG0?entry=ttu&g_ep=EgoyMDI1MDkxNy4wIKXMDSoASAFQAw%3D%3D",5,Northern Territory,,False,,,Litchfield National Park,4.8,,https://www.google.com/maps/search/?api=1&query=Litchfield%20National%20Park&query_place_id=ChIJYT_ZiiriviwRUAaxDakXAg8,,Positive
"Litchfield Park NT 0822, Australia",National park,Tourist attraction,National park,1.08145e+18,Litchfield Park,AU,0x2cbee22a8ad93f61:0xf0217a90db10650,https://lh3.googleusercontent.com/gps-cs-s/AC9h4nrEoavoeY76XGUArw7ktQYIjuKEV4NQfMjvSN7MGVtcgaHWhzXd-peC_lgQ83XmcYV9Wz5A8qhk0165yuXAXYB-dQ84nMJxZYGAjkw1BvcILJ0_PYrGMNKOC9N6eBr4n3dXTFHA=w408-h306-k-no,False,True,en,0,-13.2935376,130.8463877,I O,,,False,ChIJYT_ZiiriviwRUAaxDakXAg8,822,,4 days ago,2025-09-16T21:56:09.157Z,,,,,,,Ci9DQUlRQUNvZENodHljRjlvT2pCbFltSlVRVFJ1Y0dSbWQyWm9RMjg0Y0Zwd04yYxAB,,,,,,,,,,,,,,,,,,,,,,,,,Google,https://www.google.com/maps/reviews/data=!4m8!14m7!1m6!2m5!1sCi9DQUlRQUNvZENodHljRjlvT2pCbFltSlVRVFJ1Y0dSbWQyWm9RMjg0Y0Zwd04yYxAB!2m1!1s0x0:0xf0217a90db10650!3m1!1s2@1:CAIQACodChtycF9oOjBlYmJUQTRucGRmd2ZoQ284cFpwN2c%7C%7C?hl=en,1.03998e+20,15,https://lh3.googleusercontent.com/a/ACg8ocJyUwGka2BIHFQfHJOweEHQJHsuL35bIiF_Fcb1SujOaXPMHQ=s1920-c-rp-mo-ba2-br100,https://www.google.com/maps/contrib/103998078325529765200?hl=en,1612,2025-09-21T14:41:32.294Z,"Direct Detail URL: https://www.google.com/maps/place/Litchfield+National+Park/@-13.2935324,130.8438128,17z/data=!4m8!3m7!1s0x2cbee22a8ad93f61:0xf0217a90db10650!8m2!3d-13.2935376!4d130.8463877!9m1!1b1!16zL20vMHBzaG0?entry=ttu&g_ep=EgoyMDI1MDkxNy4wIKXMDSoASAFQAw%3D%3D",4,Northern Territory,,False,,,Litchfield National Park,4.8,,https://www.google.com/maps/search/?api=1&query=Litchfield%20National%20Park&query_place_id=ChIJYT_ZiiriviwRUAaxDakXAg8,,Positive
"Litchfield Park NT 0822, Australia",National park,Tourist attraction,National park,1.08145e+18,Litchfield Park,AU,0x2cbee22a8ad93f61:0xf0217a90db10650,https://lh3.googleusercontent.com/gps-cs-s/AC9h4nrEoavoeY76XGUArw7ktQYIjuKEV4NQfMjvSN7MGVtcgaHWhzXd-peC_lgQ83XmcYV9Wz5A8qhk0165yuXAXYB-dQ84nMJxZYGAjkw1BvcILJ0_PYrGMNKOC9N6eBr4n3dXTFHA=w408-h306-k-no,False,True,en,0,-13.2935376,130.8463877,M Ash,,en,False,ChIJYT_ZiiriviwRUAaxDakXAg8,822,,5 days ago,2025-09-16T07:00:02.075Z,,,,,,,Ci9DQUlRQUNvZENodHljRjlvT21SaWJ6ZHFSbEZDWkdGT2NsTm9la2haUVVRd05WRRAB,,,,,,,,,,,,,,,,,,,,,,,,,Google,https://www.google.com/maps/reviews/data=!4m8!14m7!1m6!2m5!1sCi9DQUlRQUNvZENodHljRjlvT21SaWJ6ZHFSbEZDWkdGT2NsTm9la2haUVVRd05WRRAB!2m1!1s0x0:0xf0217a90db10650!3m1!1s2@1:CAIQACodChtycF9oOmRibzdqRlFCZGFOclNoekhZQUQwNVE%7C%7C?hl=en,1.18044e+20,23,https://lh3.googleusercontent.com/a/ACg8ocI7QzkR493GpK73BkCrAaqJUUGvuePL9SqfxKXHLlRqdgxjCdHP=s1920-c-rp-mo-ba2-br100,https://www.google.com/maps/contrib/118043853977246999459?hl=en,1612,2025-09-21T14:41:32.294Z,"Direct Detail URL: https://www.google.com/maps/place/Litchfield+National+Park/@-13.2935324,130.8438128,17z/data=!4m8!3m7!1s0x2cbee22a8ad93f61:0xf0217a90db10650!8m2!3d-13.2935376!4d130.8463877!9m1!1b1!16zL20vMHBzaG0?entry=ttu&g_ep=EgoyMDI1MDkxNy4wIKXMDSoASAFQAw%3D%3D",5,Northern Territory,,False,Beautiful! All the site a reasonable drive.,,Litchfield National Park,4.8,,https://www.google.com/maps/search/?api=1&query=Litchfield%20National%20Park&query_place_id=ChIJYT_ZiiriviwRUAaxDakXAg8,,Positive
"Litchfield Park NT 0822, Australia",National park,Tourist attraction,National park,1.08145e+18,Litchfield Park,AU,0x2cbee22a8ad93f61:0xf0217a90db10650,https://lh3.googleusercontent.com/gps-cs-s/AC9h4nrEoavoeY76XGUArw7ktQYIjuKEV4NQfMjvSN7MGVtcgaHWhzXd-peC_lgQ83XmcYV9Wz5A8qhk0165yuXAXYB-dQ84nMJxZYGAjkw1BvcILJ0_PYrGMNKOC9N6eBr4n3dXTFHA=w408-h306-k-no,False,True,en,0,-13.2935376,130.8463877,Rita Mist,,en,False,ChIJYT_ZiiriviwRUAaxDakXAg8,822,,a week ago,2025-09-13T10:38:13.023Z,,,,,,,Ci9DQUlRQUNvZENodHljRjlvT200d1V6QmxSM1pEVTNkd00xQkpMV1EyU21aa2NGRRAB,https://lh3.googleusercontent.com/geougc-cs/AB3l90C9F64KzPhB0x_lJB6KJ1Ovsd5y5Qps6TIN0kjSHSmaXTe5eJHjCKirQGF8ECJBF4EnB9tPkneIE2ZLgdJ16frXJbfS1Sl4BK8dU9LBSudhUPuLRWFFAT6KnZER8Mlvz6NTlvuAahlAbUcA,https://lh3.googleusercontent.com/geougc-cs/AB3l90AnqzhbO0gpCpo0f_0AF2APK5q_gFZ-NZIqzyice8B8ObVk74dZQST91UchAMdh4Fw8qKk59XUH32MV9FDRGR-W0CYgV_Ys0CrX_mEaNNKPGLYlv-odhtkyyNuUyGbIdCxu2sry0mcVlPwx,https://lh3.googleusercontent.com/geougc-cs/AB3l90CVTKIpP1fXux2rmmfpdil3dj_3Psbfc9uL1_Z8XwJT4yUD-ERPO_5j8rKTphy6Vr4UZqn6lgQ-X2ZVLQgO-a8q8FV0nf-BhPZLbDA7BNBLv_1c4HkWhvycbhAL5D0djbDB12etkMnomkc,https://lh3.googleusercontent.com/geougc-cs/AB3l90Cxd8RppyEXwMJGSUiifPuBCl8pvC9d0JgeOhYf59zgcvAJANRUd6bJrvunQsE1BTSwdLW_gsB_dJbDZf270THCE-Y55FCwQBwKL1lZKXn2BNQgp6V51GPUY0VfGDebkQF0rWEBhzO20quY,https://lh3.googleusercontent.com/geougc-cs/AB3l90CBbpAEe6ORrOPPj5dOqvWPXKQQhSGayoNTskW3YQymwzfi7HMQWca3q0WXM2O0W2nl0KeUvziSqZlsxF6qnZa7evO6nOWav5ZdC82ftON7-gNhHF0-czDtBvYkRQhyYQXswcEApDQxiVE,https://lh3.googleusercontent.com/geougc-cs/AB3l90BM2XwdjeGn4zTLyx8rXjdfUxX1npQmGsSyFQx1Hfc1nmCgg96bpjmtUAAMGkp3u_c4U4f1MNSsgdf6o3ZndO6U_IzuXj6EIQYGKhBjt_p3K3UhUBIAR2wfVQMrOe2HkPX_ydMcBZUmYFA,https://lh3.googleusercontent.com/geougc-cs/AB3l90Aju0Ahs_FvhuJjQcuLE1d_-ueS575qCTpCU5BNfkZ_egBcLVSWp_2aiZjytAF14rY6hp5hOF4Vvzqx8IjH9umKPKU4Eei5qgq1ltoFMYnOyM09YEzSH3NU59sNcMHKwr9udwyoAVxKvy-z,https://lh3.googleusercontent.com/geougc-cs/AB3l90BoRSKAc_sNCijRnAAfTKUHWQfww_cCpXvGUkBVWWSCgBpQ_SgdbU6CIFWjHFA0lgLY9e_ptRDE2g8vnhSLcFODXwS2GKIjkVfTyk7KgOyBawSUln0YpTzeuAKZCG0cQ0t6kK46E2nA9gRL,https://lh3.googleusercontent.com/geougc-cs/AB3l90A4WlGw4brNs2Yj8k16RxkYIJ6ZOCSHcG5pEB_RxajsB8vyRv2y72KaDNDJnjcWiGsrlxro0zXixUj5wEN23bCKLZpwxx9969RtW_HykTGpP7Xgo5SRQayKhB1qxA4Fc2eJJCSZW1jnHBw,https://lh3.googleusercontent.com/geougc-cs/AB3l90DMSSUVAndeRmSLRmq5ecpz11LBNmz30OmShhgWKV9H1v-1ZfePGoWuKWkP4-avPOyA_d5vIvMplUOvBTgYY42j0MnmPaYcGKvDnXS8O2eLst_DqN-zS925SNedPkUPkx9WFOGPjXbCbko,https://lh3.googleusercontent.com/geougc-cs/AB3l90BuTfhwDyhgMduAi03fucLLYrRHlDQtcRApwRqwUfN-6UZHTaJ5JGLSp48eJound631eckLeJYegZ7bzQms921GCcv96T0EUa2gAZr40P1q4GKNwi0JWT_nzDm6IRFFF12Tt2dsoK6BlJp2,https://lh3.googleusercontent.com/geougc-cs/AB3l90AuTzYGU3c57sS4L6uzMrRMERBSizJdD9yEwNEUS3uk7i8-PKM2FE7_uZH__Vrw5nB2y5nSsZSPPW8Ip-NduXU2QB0s1PltusfuOtKrM9K7W2aAhd-Vt0swFQSgWSLlBfG1eTCgby4J888,,,,,,,,,,,,,Google,https://www.google.com/maps/reviews/data=!4m8!14m7!1m6!2m5!1sCi9DQUlRQUNvZENodHljRjlvT200d1V6QmxSM1pEVTNkd00xQkpMV1EyU21aa2NGRRAB!2m1!1s0x0:0xf0217a90db10650!3m1!1s2@1:CAIQACodChtycF9oOm4wUzBlR3ZDU3dwM1BJLWQ2SmZkcFE%7C%7C?hl=en,1.07857e+20,83,https://lh3.googleusercontent.com/a-/ALV-UjVBy5f2Ces1r72KD82Vy0lvLzZOBUiZNx7tYJG52-FB-Cw4snBp=s1920-c-rp-mo-ba4-br100,https://www.google.com/maps/contrib/107857060271114072487?hl=en,1612,2025-09-21T14:41:32.294Z,"Direct Detail URL: https://www.google.com/maps/place/Litchfield+National+Park/@-13.2935324,130.8438128,17z/data=!4m8!3m7!1s0x2cbee22a8ad93f61:0xf0217a90db10650!8m2!3d-13.2935376!4d130.8463877!9m1!1b1!16zL20vMHBzaG0?entry=ttu&g_ep=EgoyMDI1MDkxNy4wIKXMDSoASAFQAw%3D%3D",5,Northern Territory,,False,"I spent one day exploring Litchfield National Park, and it was definitely not enough time to fully appreciate it. However, I was able to visit nearly all the main sites accessible by SUV. Every stop, except for Bamboo Creek, had well-maintained facilities such as restrooms and picnic tables. I also found the information boards at each location very useful – they provide detailed insights about the park, which is especially important since mobile reception is limited. Overall, I truly loved the experience and would highly recommend it.",,Litchfield National Park,4.8,,https://www.google.com/maps/search/?api=1&query=Litchfield%20National%20Park&query_place_id=ChIJYT_ZiiriviwRUAaxDakXAg8,,Positive
"Litchfield Park NT 0822, Australia",National park,Tourist attraction,National park,1.08145e+18,Litchfield Park,AU,0x2cbee22a8ad93f61:0xf0217a90db10650,https://lh3.googleusercontent.com/gps-cs-s/AC9h4nrEoavoeY76XGUArw7ktQYIjuKEV4NQfMjvSN7MGVtcgaHWhzXd-peC_lgQ83XmcYV9Wz5A8qhk0165yuXAXYB-dQ84nMJxZYGAjkw1BvcILJ0_PYrGMNKOC9N6eBr4n3dXTFHA=w408-h306-k-no,False,True,en,0,-13.2935376,130.8463877,Marion,,en,False,ChIJYT_ZiiriviwRUAaxDakXAg8,822,,a week ago,2025-09-10T00:42:22.434Z,,,,,,,Ci9DQUlRQUNvZENodHljRjlvT25WNFZ6bGpYMGh5TUhWWmNYWXRTbWhGVEV0dlNGRRAB,https://lh3.googleusercontent.com/geougc-cs/AB3l90AMk5zkstzk6DFCzCxIwIZGBxdrbxW723qwBmggj7kJkMqidAUksSaXRK4k7oIrypaz-N3mcUwx4OUeXfRADXbC8JcjzICFdiPhJJHDApqGezUa6BC_aufwy2Dw__wSKqht60yTiw0DmWpo,https://lh3.googleusercontent.com/geougc-cs/AB3l90DkAyF6HEk5IljzmSHzTwWQ-sTTo-4laK6a6mrOCDtU-FVSLxn5DNG12FUHSplQwtKDpgCIofXOXKN1fejzJKiRngAgWyiudxbik6uM0Otj2qVsvIrFRrJQcLFE5qx4M_OMWzZKkR-gB00y,https://lh3.googleusercontent.com/geougc-cs/AB3l90CAu3ZhoeVdAJ_VOnMIUfZW6KZqLBFY3wVvQQvR3rw4mTkuWah9pC4voBHEOGjBeT20epKDv-WP9ahgpyd1Gdo6ZJl2tpkq34DF2Ltpb_uMhEJj4QIW9XhFwKpRd92-Pzh0qtd_M6GVHP8n,https://lh3.googleusercontent.com/geougc-cs/AB3l90AFKY44dwYPzvv8zQBonX-yggsIVH-5DXQd0Zl7StHQBFYhrAGOmXwqRlMbttKEymJVzAEaQD1cEMw2n83DJQ2Rg-U9C1NJ2qlWOqZuDQZ9SKJ6ZObUUtcTuytxH3g_epUDRfYhLblHjco,https://lh3.googleusercontent.com/geougc-cs/AB3l90COOtcWQPDpSGNpQvmxmplkSGna5VR7-tmK0ZPkAExTgt7-kuGpyn8KVboiFi83KR0e6cI_JorU_RLh3eITFlImjkwGL_mn0Ip60Cs5-vJAPGbr4liaBxuDL8LPdDA2VX01dU6dTLKqeOg5,https://lh3.googleusercontent.com/geougc-cs/AB3l90Ak72FMKxJ8be7BFRZxY_dUMYctZIF1YKMLD0ZLDcXB7pFFUosVQh9I9LI618ra6RnTc8iZsQjiv-KkmTW9_j-8-lHNh-C7UJnESboACn0DhD_y3C18YwyyWEYemmPiF7NAJ9pMjWbGundX,https://lh3.googleusercontent.com/geougc-cs/AB3l90AYQPzk62E64yD7o_t89s0xrJQ47lWOzrMDYwLMfUZMW6IigG2A_ATVF-3He4it1ayMeYSnQIy1uD0IxMhFz7Dvkt4MgwtNW7PGGLQd3PXVY2MwNSWkG6E1yNihoUL_JbqKs8DMNuB5xWVB,,,,,,,,,,,,,,,,,,Google,https://www.google.com/maps/reviews/data=!4m8!14m7!1m6!2m5!1sCi9DQUlRQUNvZENodHljRjlvT25WNFZ6bGpYMGh5TUhWWmNYWXRTbWhGVEV0dlNGRRAB!2m1!1s0x0:0xf0217a90db10650!3m1!1s2@1:CAIQACodChtycF9oOnV4VzljX0hyMHVZcXYtSmhFTEtvSFE%7C%7C?hl=en,1.02866e+20,26,https://lh3.googleusercontent.com/a-/ALV-UjXOUleryhCAsbqwA-MBlGKlcT7aesU6QgJNlz0dfBhb0YujVFPH=s1920-c-rp-mo-ba3-br100,https://www.google.com/maps/contrib/102866223069726944837?hl=en,1612,2025-09-21T14:41:32.294Z,"Direct Detail URL: https://www.google.com/maps/place/Litchfield+National+Park/@-13.2935324,130.8438128,17z/data=!4m8!3m7!1s0x2cbee22a8ad93f61:0xf0217a90db10650!8m2!3d-13.2935376!4d130.8463877!9m1!1b1!16zL20vMHBzaG0?entry=ttu&g_ep=EgoyMDI1MDkxNy4wIKXMDSoASAFQAw%3D%3D",5,Northern Territory,,False,"Very nice vibe for a relaxing weekend.

Wildlife and nature all around, toilets available, and a place to grab some food just nearby.

Watch out for the little (well, rather big) lizards harmless but surprising!

A few spiders as well.

A very enjoyable moment.",,Litchfield National Park,4.8,,https://www.google.com/maps/search/?api=1&query=Litchfield%20National%20Park&query_place_id=ChIJYT_ZiiriviwRUAaxDakXAg8,,Positive
"Litchfield Park NT 0822, Australia",National park,Tourist attraction,National park,1.08145e+18,Litchfield Park,AU,0x2cbee22a8ad93f61:0xf0217a90db10650,https://lh3.googleusercontent.com/gps-cs-s/AC9h4nrEoavoeY76XGUArw7ktQYIjuKEV4NQfMjvSN7MGVtcgaHWhzXd-peC_lgQ83XmcYV9Wz5A8qhk0165yuXAXYB-dQ84nMJxZYGAjkw1BvcILJ0_PYrGMNKOC9N6eBr4n3dXTFHA=w408-h306-k-no,False,True,en,0,-13.2935376,130.8463877,Petra Krülls,,de,False,ChIJYT_ZiiriviwRUAaxDakXAg8,822,,2 weeks ago,2025-09-06T10:15:51.031Z,,,,,,,Ci9DQUlRQUNvZENodHljRjlvT2sxd1gxZHZSSE51TFRkSVgxTTJTbXRUWjE5U1JYYxAB,,,,,,,,,,,,,,,,,,,,,,,,,Google,https://www.google.com/maps/reviews/data=!4m8!14m7!1m6!2m5!1sCi9DQUlRQUNvZENodHljRjlvT2sxd1gxZHZSSE51TFRkSVgxTTJTbXRUWjE5U1JYYxAB!2m1!1s0x0:0xf0217a90db10650!3m1!1s2@1:CAIQACodChtycF9oOk1wX1dvRHNuLTdIX1M2SmtTZ19SRXc%7C%7C?hl=en,1.02617e+20,13,https://lh3.googleusercontent.com/a/ACg8ocLZKPYy0__PJUO9oEV5I8JkIk292oGOaupDsGAOFrUsb0EkFA=s1920-c-rp-mo-ba2-br100,https://www.google.com/maps/contrib/102617482335533489975?hl=en,1612,2025-09-21T14:41:32.294Z,"Direct Detail URL: https://www.google.com/maps/place/Litchfield+National+Park/@-13.2935324,130.8438128,17z/data=!4m8!3m7!1s0x2cbee22a8ad93f61:0xf0217a90db10650!8m2!3d-13.2935376!4d130.8463877!9m1!1b1!16zL20vMHBzaG0?entry=ttu&g_ep=EgoyMDI1MDkxNy4wIKXMDSoASAFQAw%3D%3D",5,Northern Territory,,False,Sehr zu empfehlen,Highly recommended,Litchfield National Park,4.8,en,https://www.google.com/maps/search/?api=1&query=Litchfield%20National%20Park&query_place_id=ChIJYT_ZiiriviwRUAaxDakXAg8,,Neutral
"Litchfield Park NT 0822, Australia",National park,Tourist attraction,National park,1.08145e+18,Litchfield Park,AU,0x2cbee22a8ad93f61:0xf0217a90db10650,https://lh3.googleusercontent.com/gps-cs-s/AC9h4nrEoavoeY76XGUArw7ktQYIjuKEV4NQfMjvSN7MGVtcgaHWhzXd-peC_lgQ83XmcYV9Wz5A8qhk0165yuXAXYB-dQ84nMJxZYGAjkw1BvcILJ0_PYrGMNKOC9N6eBr4n3dXTFHA=w408-h306-k-no,False,True,en,0,-13.2935376,130.8463877,Rae,,en,False,ChIJYT_ZiiriviwRUAaxDakXAg8,822,,2 weeks ago,2025-09-03T13:05:59.831Z,,,,,,,Ci9DQUlRQUNvZENodHljRjlvT2pKcmMwcDFUMUZRVEc5U1ZqSlJXbXhoWldaeUxWRRAB,,,,,,,,,,,,,,,,,,,,,,,,,Google,https://www.google.com/maps/reviews/data=!4m8!14m7!1m6!2m5!1sCi9DQUlRQUNvZENodHljRjlvT2pKcmMwcDFUMUZRVEc5U1ZqSlJXbXhoWldaeUxWRRAB!2m1!1s0x0:0xf0217a90db10650!3m1!1s2@1:CAIQACodChtycF9oOjJrc0p1T1FQTG9SVjJRWmxhZWZyLVE%7C%7C?hl=en,1.10831e+20,22,https://lh3.googleusercontent.com/a/ACg8ocJLG9QX0_QvYe644Gz6d5TmhjNd_7BTBjtWoSICwX81Fq1JBIw=s1920-c-rp-mo-ba3-br100,https://www.google.com/maps/contrib/110831052414353974290?hl=en,1612,2025-09-21T14:41:32.294Z,"Direct Detail URL: https://www.google.com/maps/place/Litchfield+National+Park/@-13.2935324,130.8438128,17z/data=!4m8!3m7!1s0x2cbee22a8ad93f61:0xf0217a90db10650!8m2!3d-13.2935376!4d130.8463877!9m1!1b1!16zL20vMHBzaG0?entry=ttu&g_ep=EgoyMDI1MDkxNy4wIKXMDSoASAFQAw%3D%3D",5,Northern Territory,,False,Beautiful National Park. Great infrastructure but still maintains its natural beauty and stunning scenery.,,Litchfield National Park,4.8,,https://www.google.com/maps/search/?api=1&query=Litchfield%20National%20Park&query_place_id=ChIJYT_ZiiriviwRUAaxDakXAg8,,Positive
"Litchfield Park NT 0822, Australia",National park,Tourist attraction,National park,1.08145e+18,Litchfield Park,AU,0x2cbee22a8ad93f61:0xf0217a90db10650,https://lh3.googleusercontent.com/gps-cs-s/AC9h4nrEoavoeY76XGUArw7ktQYIjuKEV4NQfMjvSN7MGVtcgaHWhzXd-peC_lgQ83XmcYV9Wz5A8qhk0165yuXAXYB-dQ84nMJxZYGAjkw1BvcILJ0_PYrGMNKOC9N6eBr4n3dXTFHA=w408-h306-k-no,False,True,en,0,-13.2935376,130.8463877,Muhammad Asad,,en,False,ChIJYT_ZiiriviwRUAaxDakXAg8,822,,2 weeks ago,2025-09-01T10:46:07.994Z,,,,,,,Ci9DQUlRQUNvZENodHljRjlvT2pCMVoybElZVWMxYVhZMFpHeFBlVEZTUkdGek5uYxAB,https://lh3.googleusercontent.com/geougc-cs/AB3l90AiFsJqye8TMggUwhL_jUl5hjpNZfILYYPXphl0Yn9hivv1lKhMBRIK2BbEbJ5B71TnJgkaHFZ7VOAdCqkndNFC0B1NTw7juxbNPGOJgL0t1hAMde9KbS5U_VWZ44fIgOO4ONVe_R8kTC-I,https://lh3.googleusercontent.com/geougc-cs/AB3l90AqiU6ywWzVJ1LzuefALny6shiHRTRyy2beeNLGIEGYN_r-o8dcZ4r-Uo-p_FWHObg7cF22k0pmYJq2C7WABYhKjMqAzSEOKxXYYwpzL5Mv78yGG2kHhaP5fwsagWeJZIOufGL6Ja9aGN8,,,,,,,,,,,,,,,,,,,,,,,Google,https://www.google.com/maps/reviews/data=!4m8!14m7!1m6!2m5!1sCi9DQUlRQUNvZENodHljRjlvT2pCMVoybElZVWMxYVhZMFpHeFBlVEZTUkdGek5uYxAB!2m1!1s0x0:0xf0217a90db10650!3m1!1s2@1:CAIQACodChtycF9oOjB1Z2lIYUc1aXY0ZGxPeTFSRGFzNnc%7C%7C?hl=en,1.07889e+20,12,https://lh3.googleusercontent.com/a/ACg8ocIFJXZBiolvnm3wd7XxiTJzPykw4a-_mRG-vxJx0FVD3ofn4A=s1920-c-rp-mo-ba2-br100,https://www.google.com/maps/contrib/107889491827718030607?hl=en,1612,2025-09-21T14:41:32.294Z,"Direct Detail URL: https://www.google.com/maps/place/Litchfield+National+Park/@-13.2935324,130.8438128,17z/data=!4m8!3m7!1s0x2cbee22a8ad93f61:0xf0217a90db10650!8m2!3d-13.2935376!4d130.8463877!9m1!1b1!16zL20vMHBzaG0?entry=ttu&g_ep=EgoyMDI1MDkxNy4wIKXMDSoASAFQAw%3D%3D",5,Northern Territory,,False,Great place and highly recommended,,Litchfield National Park,4.8,,https://www.google.com/maps/search/?api=1&query=Litchfield%20National%20Park&query_place_id=ChIJYT_ZiiriviwRUAaxDakXAg8,,Positive
"Litchfield Park NT 0822, Australia",National park,Tourist attraction,National park,1.08145e+18,Litchfield Park,AU,0x2cbee22a8ad93f61:0xf0217a90db10650,https://lh3.googleusercontent.com/gps-cs-s/AC9h4nrEoavoeY76XGUArw7ktQYIjuKEV4NQfMjvSN7MGVtcgaHWhzXd-peC_lgQ83XmcYV9Wz5A8qhk0165yuXAXYB-dQ84nMJxZYGAjkw1BvcILJ0_PYrGMNKOC9N6eBr4n3dXTFHA=w408-h306-k-no,False,True,en,0,-13.2935376,130.8463877,mick o,,en,False,ChIJYT_ZiiriviwRUAaxDakXAg8,822,,3 weeks ago,2025-08-31T08:56:32.441Z,,,,,,,Ci9DQUlRQUNvZENodHljRjlvT2xGdFdYZFRhekJtUkUxMWNWaHJXVFZCUzBWdllsRRAB,,,,,,,,,,,,,,,,,,,,,,,,,Google,https://www.google.com/maps/reviews/data=!4m8!14m7!1m6!2m5!1sCi9DQUlRQUNvZENodHljRjlvT2xGdFdYZFRhekJtUkUxMWNWaHJXVFZCUzBWdllsRRAB!2m1!1s0x0:0xf0217a90db10650!3m1!1s2@1:CAIQACodChtycF9oOlFtWXdTazBmRE11cVhrWTVBS0VvYlE%7C%7C?hl=en,1.03907e+20,21,https://lh3.googleusercontent.com/a/ACg8ocJbCPIjt5vXtZD-PQK4Qt6WCvWgV2dJqgjD-k_CamF6T3PXFQ=s1920-c-rp-mo-ba2-br100,https://www.google.com/maps/contrib/103906852016560668753?hl=en,1612,2025-09-21T14:41:32.294Z,"Direct Detail URL: https://www.google.com/maps/place/Litchfield+National+Park/@-13.2935324,130.8438128,17z/data=!4m8!3m7!1s0x2cbee22a8ad93f61:0xf0217a90db10650!8m2!3d-13.2935376!4d130.8463877!9m1!1b1!16zL20vMHBzaG0?entry=ttu&g_ep=EgoyMDI1MDkxNy4wIKXMDSoASAFQAw%3D%3D",5,Northern Territory,,False,Must do when your in Darwin beautiful country,,Litchfield National Park,4.8,,https://www.google.com/maps/search/?api=1&query=Litchfield%20National%20Park&query_place_id=ChIJYT_ZiiriviwRUAaxDakXAg8,,Positive
"Litchfield Park NT 0822, Australia",National park,Tourist attraction,National park,1.08145e+18,Litchfield Park,AU,0x2cbee22a8ad93f61:0xf0217a90db10650,https://lh3.googleusercontent.com/gps-cs-s/AC9h4nrEoavoeY76XGUArw7ktQYIjuKEV4NQfMjvSN7MGVtcgaHWhzXd-peC_lgQ83XmcYV9Wz5A8qhk0165yuXAXYB-dQ84nMJxZYGAjkw1BvcILJ0_PYrGMNKOC9N6eBr4n3dXTFHA=w408-h306-k-no,False,True,en,0,-13.2935376,130.8463877,Mal J,,en,False,ChIJYT_ZiiriviwRUAaxDakXAg8,822,,3 weeks ago,2025-08-31T08:56:24.666Z,,,,No dogs,Top class,Gold standard,Ci9DQUlRQUNvZENodHljRjlvT25aclUyTkxTMG94VEROWFZIbFVUMFZZUjI5a1FWRRAB,https://lh3.googleusercontent.com/geougc-cs/AB3l90AjadUe_nmZ1YVZvyGZfHy1CeedE3f77L0osx99AhijwblBQV_0xCxZjbH3simwJ0poJql9lRGNgU3vG50OImkLODTF3B-1NbQ6lhqU8-_VOBYn4vQ9Sm_7JCssNTjY2-cuDjvzt-e61tI,https://lh3.googleusercontent.com/geougc-cs/AB3l90DDwgTKH6TMBhp3Emb748nKGzjzUafTGd4RDwL88RTAz5ttJqa7r_jWZs3N3B8j2KGA2pVSfS_vzO4Fx_CewKiQUCGVxJmYd39s8QpMZEIV0SUrrdS8fDJEc4osiIz-PQL4wxPKOLEj9UvF,https://lh3.googleusercontent.com/geougc-cs/AB3l90B981Bj1HESRE0yE1UM-2Slrx4O3wQ8X2jQ5aLcUZ2Trjxn8gNHn2xvSqIKIu9Feru1VEjXNVdxP-3nDnbjcn5BXx5QiMjTX-8ydxfQvBiYRRmoFwwXgLuuKZt4dd5A-AYdbHkdDehT6RXe,https://lh3.googleusercontent.com/geougc-cs/AB3l90CJMslJzRmyH7-YZ9zJde4LdHd2sPCbmKIk8oO2IVDqJ6zDdqECgbj1vdkWtwT3hnUHAVqjyoGvd_QvHci7RPRrnGdBBwYD2km4Dtz6a9M2k0kWlNW6folZeRRYAWMs2aiJ_oU_rEVsZ9Mg,,,,,,,,,,,,,,,,,,,,,Google,https://www.google.com/maps/reviews/data=!4m8!14m7!1m6!2m5!1sCi9DQUlRQUNvZENodHljRjlvT25aclUyTkxTMG94VEROWFZIbFVUMFZZUjI5a1FWRRAB!2m1!1s0x0:0xf0217a90db10650!3m1!1s2@1:CAIQACodChtycF9oOnZrU2NLS0oxTDNXVHlUT0VYR29kQVE%7C%7C?hl=en,1.12409e+20,53,https://lh3.googleusercontent.com/a/ACg8ocLTMEEIGMTwwbkeeVNEt-w-LjcGgzLs23anAhps2t5atEQRcg=s1920-c-rp-mo-ba3-br100,https://www.google.com/maps/contrib/112409009740745611451?hl=en,1612,2025-09-21T14:41:32.294Z,"Direct Detail URL: https://www.google.com/maps/place/Litchfield+National+Park/@-13.2935324,130.8438128,17z/data=!4m8!3m7!1s0x2cbee22a8ad93f61:0xf0217a90db10650!8m2!3d-13.2935376!4d130.8463877!9m1!1b1!16zL20vMHBzaG0?entry=ttu&g_ep=EgoyMDI1MDkxNy4wIKXMDSoASAFQAw%3D%3D",5,Northern Territory,,False,"Been there twice in the past couple of weeks and still haven’t seen it all.Fantastic sites
Top quality facilities and infrastructure.
A credit to the Northern Territory 👍👍👍👍",,Litchfield National Park,4.8,,https://www.google.com/maps/search/?api=1&query=Litchfield%20National%20Park&query_place_id=ChIJYT_ZiiriviwRUAaxDakXAg8,,Positive
"Litchfield Park NT 0822, Australia",National park,Tourist attraction,National park,1.08145e+18,Litchfield Park,AU,0x2cbee22a8ad93f61:0xf0217a90db10650,https://lh3.googleusercontent.com/gps-cs-s/AC9h4nrEoavoeY76XGUArw7ktQYIjuKEV4NQfMjvSN7MGVtcgaHWhzXd-peC_lgQ83XmcYV9Wz5A8qhk0165yuXAXYB-dQ84nMJxZYGAjkw1BvcILJ0_PYrGMNKOC9N6eBr4n3dXTFHA=w408-h306-k-no,False,True,en,0,-13.2935376,130.8463877,Shang Nan,,zh,False,ChIJYT_ZiiriviwRUAaxDakXAg8,822,,3 weeks ago,2025-08-29T15:07:45.917Z,,,,,,,Ci9DQUlRQUNvZENodHljRjlvT2pWRFprUm9YekZwWms5Q2VUWTRXV0YwWlZBMWVWRRAB,https://lh3.googleusercontent.com/geougc-cs/AB3l90BpaUjvfguFFUJu05M0N3ZctWsNbF2k66QnCF2WzwBIe9bHgqQvzXvAuds2ydG531jtQFsiKy2j7wXAspkhF03eL_YiqHk7-6eY139JqhpflzKY5MgBr7uAmp1ZOJ56cfX_sQ4cL03CAQbY,https://lh3.googleusercontent.com/geougc-cs/AB3l90Dl1s-GO5Nc9bDv3dxs7yJb9nDiCqhQa6hQ8P9rvVL72kEzrRVwj1SRi36GdKl4hcviNzffVwQ1RzVIUulkmFVvny0PVrq2mCk8jbu1XNLhY-2w3Fo_Rx6g6etgp2bbo-DYyx6p_EDX18Mu,https://lh3.googleusercontent.com/geougc-cs/AB3l90BhSEnotCHCn4DMNJpZhv0RFxrxNuazwtKmZbxifZ0pMr5ysbfLBLPm0_xBtj3JLYhQxK1BggkTvKeEz49MBVRITMXVlgNVVajsosk_0JfomCkBR_CdCGOZV7zokdcE2jwDrGJFmyruWfs2,https://lh3.googleusercontent.com/geougc-cs/AB3l90BOpwt1Jp1qMgIWOt9sIE4BkAdQoHJ1YMX3Tu1dNb2pMjL_gAlIkbGOeXY0JKkG-0jWw9_2XQ0VS6XTH-t6JT7jlCGCmQb_X4ZCYKiVb6W1_poZ8CAUUzg29-mxaFmqzRughOigH_twj8g,https://lh3.googleusercontent.com/geougc-cs/AB3l90AtBj69H4E2K7BMlgEra9mZ-12H81G-5SqGeE1o3uiJW8y22p3TrCZDpMrmHiZbzpolwA_DzCcub8VdfcPYEsLzzkbqkuD77UFuYyI8FNiPBXWK3ioIf5kVHSz9WGHghHIdWVZ006GsILaI,https://lh3.googleusercontent.com/geougc-cs/AB3l90BOzlDoGZq5nTnKJE-l5Djp3SUZNMGmy3kGoSiYC5cFYruFV2WmdqIWUdBtSgYpnjJ-qpnAbnx-ZRsNeP31amfrp2HXmGlxj2eLUEyYRcpvMvgrBNf8jqOnIbwaAMqeuQh_9ZHepFqOhjO5,,,,,,,,,,,,,,,,,,,Google,https://www.google.com/maps/reviews/data=!4m8!14m7!1m6!2m5!1sCi9DQUlRQUNvZENodHljRjlvT2pWRFprUm9YekZwWms5Q2VUWTRXV0YwWlZBMWVWRRAB!2m1!1s0x0:0xf0217a90db10650!3m1!1s2@1:CAIQACodChtycF9oOjVDZkRoXzFpZk9CeTY4WWF0ZVA1eVE%7C%7C?hl=en,1.04442e+20,11,https://lh3.googleusercontent.com/a-/ALV-UjU4FaCzU-v8H2KB6PpgXmS0Xkk-6iV6ZMlNzzuZ-06mBphwzf7H=s1920-c-rp-mo-ba3-br100,https://www.google.com/maps/contrib/104441695220480325532?hl=en,1612,2025-09-21T14:41:32.294Z,"Direct Detail URL: https://www.google.com/maps/place/Litchfield+National+Park/@-13.2935324,130.8438128,17z/data=!4m8!3m7!1s0x2cbee22a8ad93f61:0xf0217a90db10650!8m2!3d-13.2935376!4d130.8463877!9m1!1b1!16zL20vMHBzaG0?entry=ttu&g_ep=EgoyMDI1MDkxNy4wIKXMDSoASAFQAw%3D%3D",5,Northern Territory,,False,"Litchfield National Park, covering approximately 1500 km2, is near the township of Batchelor, 100 km south-west of Darwin, in the Northern Territory of Australia. Each year the park attracts over 260,000 visitors.

Proclaimed a national park in 1986, it is named after Frederick Henry Litchfield, a Territory pioneer, who explored areas of the Northern Territory from Escape Cliffs in Van Diemen Gulf to the Daly River in 1864.

This park is home to stunning and idyllic waterfalls, places to swim and stay, 4WD tracks, scenic walks and hidden natural wonders which is a true wonder of the Top End.🇦🇺🏞️

利奇菲尔德国家公园占地约1500平方公里，位于澳大利亚北领地达尔文西南100公里处的巴彻勒镇附近。每年，公园吸引超过26万游客。

该公园于1986年宣布成为国家公园，以北领地先驱弗雷德里克·亨利·利奇菲尔德的名字命名。他于1864年探索了北领地从范迪门湾的逃生悬崖到戴利河的地区。

这个公园拥有令人惊叹的田园诗般的瀑布、游泳和住宿场所、四驱车道、风景优美的步道和隐藏的自然奇观，是北端地区真正的奇迹。🇦🇺🏞️","Litchfield National Park, covering approximately 1,500 square kilometers, is located near the township of Batchelor, 100 kilometers southwest of Darwin, in the Northern Territory of Australia. Each year, the park attracts over 260,000 visitors.

Proclaimed a national park in 1986, it is named after Frederick Henry Litchfield, a Territory pioneer who explored areas of the Northern Territory from Escape Cliffs in Van Diemen Gulf to the Daly River in 1864.

This park is home to stunning and idyllic waterfalls, places to swim and stay, 4WD tracks, scenic walks, and hidden natural wonders—a true wonder of the Top End.🇦🇺🏞️

Litchfield National Park, covering approximately 1,500 square kilometers, is located near the township of Batchelor, 100 kilometers southwest of Darwin in Australia's Northern Territory. Each year, the park attracts over 260,000 visitors.

Declared a national park in 1986, the park is named after Northern Territory pioneer Frederick Henry Litchfield, who explored the Northern Territory from the Van Diemen Gulf's escape cliffs to the Daly River in 1864.

With stunning idyllic waterfalls, swimming and accommodation options, four-wheel drive trails, scenic walks, and hidden natural wonders, this park is a true wonder of the Top End. 🇦🇺🏞️",Litchfield National Park,4.8,en,https://www.google.com/maps/search/?api=1&query=Litchfield%20National%20Park&query_place_id=ChIJYT_ZiiriviwRUAaxDakXAg8,,Positive
"Litchfield Park NT 0822, Australia",National park,Tourist attraction,National park,1.08145e+18,Litchfield Park,AU,0x2cbee22a8ad93f61:0xf0217a90db10650,https://lh3.googleusercontent.com/gps-cs-s/AC9h4nrEoavoeY76XGUArw7ktQYIjuKEV4NQfMjvSN7MGVtcgaHWhzXd-peC_lgQ83XmcYV9Wz5A8qhk0165yuXAXYB-dQ84nMJxZYGAjkw1BvcILJ0_PYrGMNKOC9N6eBr4n3dXTFHA=w408-h306-k-no,False,True,en,0,-13.2935376,130.8463877,dg,,en,False,ChIJYT_ZiiriviwRUAaxDakXAg8,822,,3 weeks ago,2025-08-29T11:41:46.391Z,,,,,,,Ci9DQUlRQUNvZENodHljRjlvT2tkVWNVZHpjbFZITW5kclpGOXlUalZhWjNSSWNVRRAB,https://lh3.googleusercontent.com/geougc-cs/AB3l90D2Asys5qvwACxSw3wEUaaZU9qs30Hu9aEt6fNsyivvEc6efhiyO70sElgro3id21hksplfjtMFdIvkAHDGqGmpAFj36iwKrv8-XBDN_nvue0aCU_UFkF9lA_yNwJ-EfXhYsaDQqBlNVN_h,https://lh3.googleusercontent.com/geougc-cs/AB3l90DXPhF8DfY9VtyzJU4myKqSKhE1lna0xs2DEKQ3bOvG-TWIWDVj9NsPDGS-iHAdSzAWOmtNXFVmyLU_sTJ30gwpQcFxvLTerGhm6nncU8rL7Wua7KhurkdQmhj0KOgNusKiAtq_QSWSPyw,https://lh3.googleusercontent.com/geougc-cs/AB3l90AZyJEtEauOVNFxBLJdI-Heo2pxVvAwoV3B7MIQZ_ys-zUV3OKxm9LXmGUHcqxRMh29NhZpJLJujNaTwyxd7oAX4QdPgjxoyc4RhzhwBed3OxR8eaaOQLO5Xw72czm6WbY5M1s148E-iD5G,https://lh3.googleusercontent.com/geougc-cs/AB3l90CifvJ8s3cpV8F8y34f1K0g2HgTZ9oz6wNRrhwata675bWUpIBdPV_n92f_52J68QrI4q1J1E5AoWchFeMk3zgS1emXkCSd47mVcgZLZn_agXniH2V6IwtnQgm2QWBv082EWGU0phwWSMqW,https://lh3.googleusercontent.com/geougc-cs/AB3l90CStssiG79B1jhWyHPxhc14q4O5uws82ObwOBVOp91IB1JOu-oJDl35x1iy8vuGvYt7RcrJbhraWme11lH9M-nq-WulSWUVC6SAXsEyZLUuSsKqeslGzHKS_90vl2ahsZu6ZT-TVzWflfDh,https://lh3.googleusercontent.com/geougc-cs/AB3l90CJL0BByv4X8pAzpQRvtz_BfXvZgxG9o4D-GPtdjwmlBVtfGiEc3DWveVGWia-Jn8UXTH_Zy_IYLk0fqiGSxbO-uD_I2cc71w7JTzK3vQ55VPPgyas-IEXIF9rRHGw9fPXwu7_PAUuS0Jg,https://lh3.googleusercontent.com/geougc-cs/AB3l90BQZOWig1XsdIowvKzg3ajtiz0ydZCECF0DOAJBbnPld1uNCGbmExyVyuRKMs90TCLLSx3RKAsmmj0uBTaN9Z2DUBlEZutALhxjcjnqxW7V-mycny6yj1_258n9HzsPckKCsHsgUmKp2noH,,,,,,,,,,,,,,,,,,Google,https://www.google.com/maps/reviews/data=!4m8!14m7!1m6!2m5!1sCi9DQUlRQUNvZENodHljRjlvT2tkVWNVZHpjbFZITW5kclpGOXlUalZhWjNSSWNVRRAB!2m1!1s0x0:0xf0217a90db10650!3m1!1s2@1:CAIQACodChtycF9oOkdUcUdzclVHMndrZF9yTjVaZ3RIcUE%7C%7C?hl=en,1.00826e+20,15,https://lh3.googleusercontent.com/a-/ALV-UjWtGn1RPbxV2zoq7R2dBpN0_rq38AF_mgewBCPmb2kVhuo3bd-p=s1920-c-rp-mo-ba3-br100,https://www.google.com/maps/contrib/100825590119007575246?hl=en,1612,2025-09-21T14:41:32.294Z,"Direct Detail URL: https://www.google.com/maps/place/Litchfield+National+Park/@-13.2935324,130.8438128,17z/data=!4m8!3m7!1s0x2cbee22a8ad93f61:0xf0217a90db10650!8m2!3d-13.2935376!4d130.8463877!9m1!1b1!16zL20vMHBzaG0?entry=ttu&g_ep=EgoyMDI1MDkxNy4wIKXMDSoASAFQAw%3D%3D",5,Northern Territory,,False,Brilliant,,Litchfield National Park,4.8,,https://www.google.com/maps/search/?api=1&query=Litchfield%20National%20Park&query_place_id=ChIJYT_ZiiriviwRUAaxDakXAg8,,Positive
"Litchfield Park NT 0822, Australia",National park,Tourist attraction,National park,1.08145e+18,Litchfield Park,AU,0x2cbee22a8ad93f61:0xf0217a90db10650,https://lh3.googleusercontent.com/gps-cs-s/AC9h4nrEoavoeY76XGUArw7ktQYIjuKEV4NQfMjvSN7MGVtcgaHWhzXd-peC_lgQ83XmcYV9Wz5A8qhk0165yuXAXYB-dQ84nMJxZYGAjkw1BvcILJ0_PYrGMNKOC9N6eBr4n3dXTFHA=w408-h306-k-no,False,True,en,0,-13.2935376,130.8463877,Victoria Sosa,,es,False,ChIJYT_ZiiriviwRUAaxDakXAg8,822,,4 weeks ago,2025-08-22T12:51:36.193Z,,,,,,,Ci9DQUlRQUNvZENodHljRjlvT2xwNFRFbzJUWEZpZDNaSVVsbENUR0pDTW5aV1JHYxAB,https://lh3.googleusercontent.com/geougc-cs/AB3l90DlH11g8gNfXMZb98MrQ7MLosY6qdy89U2efe3a8Qjd8ZwGHs1NQmcGy4CG3plpTJ3hP7c7EvVDSwbmIveVOw7aezbPujApLa9VLA-AVukZvQLUhoZ0cDKTRQoypmKPNkpUqZc7tNtR0cA,https://lh3.googleusercontent.com/geougc-cs/AB3l90DDD0oWvaEfFFthQX9ToJ5SEGXXoUXhtSE7Ojk56LAvnE2nUMgnM9imFlUEDVn5DuSG-b_yCJRHtKcaI4wm0gFgSjhIrQdoPggm8TinxkquT6irXw4wCSAQaR37Om6_1UHNOpT94jq3R7zf,https://lh3.googleusercontent.com/geougc-cs/AB3l90CJlNdIZAmKqxJnMuYPgH7L_N6zDiNjix85fChUsCJMz7WTTPDmIsbzlV3QJKw3fmuk3hUetYOdExXPgy8N7gN8rRdEFs_7Z4pCuL77-jnjWdpNuJKlS3ML3ha22IIbTi7_xwSXRzUDASs,https://lh3.googleusercontent.com/geougc-cs/AB3l90CSIQ8WPpWEnqdkpQuiaMW9opoH_WTgp3uc050XsRkPbVAfJZ_7KKWiLwTEVGhy_tKCdr11oPlA51TLy2NcktuJVB-W7tQoNoiUT7uB89rbpI6cB2pN_Dw5USIaMzLTJdBWtT7UPNR27Os,https://lh3.googleusercontent.com/geougc-cs/AB3l90C5ecf7X9uJY-iO0ojBTR4Y_66wKw9Sge8ykZqNVmI8DAwnPlO4FXA9L9SV4TC8qeFTnL6305bNmIse86WWCoMdLWiuROFv8kmabgqcQ6tOUqD5gl0f1UUCy_rTPGcdk-uOVaE5ifyWu-eq,https://lh3.googleusercontent.com/geougc-cs/AB3l90CMfG4Gp341iG-lqRx5UNwlRslgD7VpLfUV0iJutrKdZanacPxN8biq93uSWpWIUixf57QAThIYAdjRgj8-XlHPdknbIAyMAZJyGHv6q8aarQxa2MNmoihvuZlysOWnsRy4cMl8vxBIYPv7,https://lh3.googleusercontent.com/geougc-cs/AB3l90ANRiKwvMyYBZ7N2L_5eFdoOHFj8s5x8DFGP212r0FeemJ6BSEb7CFDwrL4upNkU7wx6GpPkAwj7SOEBmwyDMmY_pPlAfiPDpPUf5Sx8L-P8mi8EDLIPMUpqJMFIaojb2xqNRyBetw8zLI,https://lh3.googleusercontent.com/geougc-cs/AB3l90ABBwadRd336UgfaSBvdfqLAFzqlA6ulNSr7nbgcs37bg52chmB0A41a8HyhR_BoGjES_GbZleGm5QQ87VnPG9_CX47ihnVO-0vqoQ5fhTSNiFLjPhiVdMVEHdYvLOGnIF-Lx1xiZxZeDV6,https://lh3.googleusercontent.com/geougc-cs/AB3l90D1CUswEfMZsZzpIYe1tle06vqQrWHbKlvZrTQ-Ml1DXnpUfxGrv3giutsxtM0ICmK8hUrvfhXAsJblp0-XogBngHI3kUGST-e4Y4Yc1c1bumCynjNX3nGrPZ6mjtxXUCQlu2PCysdKNBfX,https://lh3.googleusercontent.com/geougc-cs/AB3l90BZXjg9jr-VOKMjqe4r0hVUzFq5yDW4iQIHSFLNz_A7xN58vDUPppL0Xo50JNgRvDCgr94MG5QD2HB4qgZZ3fAzDw5pViy5Xpmi0bqH_NUAt6EnV9jQuT5WCbOlgYBy64NRg80k3YvvtoDT,https://lh3.googleusercontent.com/geougc-cs/AB3l90DIuAQ8KZD-qdsb4CiC_Ldm6oAL5LNJ5dq-fjcaQDKQeG7L5cYWGJKVqU9zIIJCVHAyEYb01P22PP8WIpWsChAKO6kA3QJrOyRQBkZTtuuts5izupNwQg2P18E-j0c6mkqGlq5iKy5hdk_u,https://lh3.googleusercontent.com/geougc-cs/AB3l90AygSeErEEA_Wb-LwKoPF3xGV8uRELfBiRaT9si1tc_sdTsUd9kkgRxHACxj0gQ6PguwlwHHMtgePBlioUxy6jaXC43AmjjQ-IM_R-6iV1ZcUR3SFvTlSA9aZPOmszPHL4zv6ZpeO_P_ANV,https://lh3.googleusercontent.com/geougc-cs/AB3l90An8Aco-OhEVYmlM_osyNHhkfau1oXnOa8Hvde2QX3D9jlo7UQa16Fi1O_xiCB2sfLHh3RKwPkp1NmpawNdcKGo5QFC8luyhDv1o39E6PMAxPknusD5zWerWjSa8cbDoFrJNUOKnq3LYyk7,https://lh3.googleusercontent.com/geougc-cs/AB3l90AwHHioERUKHkOXFFZmm88SNnRtotcF7CiIkM3NfCCE_uDO__4wa-3J9It7TS3oYvpLKxQn3y9dT9UZ_nZLYcYWQgQ3lS-fovnqHMIBQ9-sMFZs1Db00_7D3zIf_R77sjF1AYzb4R_zR1M,https://lh3.googleusercontent.com/geougc-cs/AB3l90B0IfDJ7YV8hhhx9uqQ-sfaRTUAVhk1tDFS2pI77lCUedqKF5_fDdia5FVdf-JGo0dZIT9BZD0c3OaG6LBvZcqL0YSAjbOmj7Qmp494vXEd2ofWtlc9QZG3is5tTvq509WrSO6lv6_LoyY,https://lh3.googleusercontent.com/geougc-cs/AB3l90C25L-Mk3CUnnVJ6eJJmPoZCnD6Po0eMYeb3WFktD5TtpT6xSU4Tt6BImQyagbafbNrfJufxf50W-IzR5BEs8WtQv8NyYzhlj4GOUuB2613kFF8QnZC0g_BizlrawEpoSBA1h20f6S9PMQ,https://lh3.googleusercontent.com/geougc-cs/AB3l90A-FqOPnwR5dPxsDh07BRFYbvPZXWbALWvVzZvDIc-1MVQjG_spnLpoRNyJ_uMkjM4A9E7sLGYb3eKwPrbG5lr0JYIrxDN6K8-7bREWqhgCOtkr_3SuWgXyYEKfNNzZsPnYauPtzWQtRNkD,,,,,,,,Google,https://www.google.com/maps/reviews/data=!4m8!14m7!1m6!2m5!1sCi9DQUlRQUNvZENodHljRjlvT2xwNFRFbzJUWEZpZDNaSVVsbENUR0pDTW5aV1JHYxAB!2m1!1s0x0:0xf0217a90db10650!3m1!1s2@1:CAIQACodChtycF9oOlp4TEo2TXFid3ZIUllCTGJCMnZWRGc%7C%7C?hl=en,1.13226e+20,85,https://lh3.googleusercontent.com/a-/ALV-UjUR_BNc6GBJB_S2Hg46FYWZ0I9592ENf17tEGp-NwBXbHi5nL6W=s1920-c-rp-mo-ba4-br100,https://www.google.com/maps/contrib/113225966248824624163?hl=en,1612,2025-09-21T14:41:32.294Z,"Direct Detail URL: https://www.google.com/maps/place/Litchfield+National+Park/@-13.2935324,130.8438128,17z/data=!4m8!3m7!1s0x2cbee22a8ad93f61:0xf0217a90db10650!8m2!3d-13.2935376!4d130.8463877!9m1!1b1!16zL20vMHBzaG0?entry=ttu&g_ep=EgoyMDI1MDkxNy4wIKXMDSoASAFQAw%3D%3D",5,Northern Territory,,False,Es un lugar hermoso.,It is a beautiful place.,Litchfield National Park,4.8,en,https://www.google.com/maps/search/?api=1&query=Litchfield%20National%20Park&query_place_id=ChIJYT_ZiiriviwRUAaxDakXAg8,,Neutral
"Litchfield Park NT 0822, Australia",National park,Tourist attraction,National park,1.08145e+18,Litchfield Park,AU,0x2cbee22a8ad93f61:0xf0217a90db10650,https://lh3.googleusercontent.com/gps-cs-s/AC9h4nrEoavoeY76XGUArw7ktQYIjuKEV4NQfMjvSN7MGVtcgaHWhzXd-peC_lgQ83XmcYV9Wz5A8qhk0165yuXAXYB-dQ84nMJxZYGAjkw1BvcILJ0_PYrGMNKOC9N6eBr4n3dXTFHA=w408-h306-k-no,False,True,en,0,-13.2935376,130.8463877,Ahsan Habib,,en,False,ChIJYT_ZiiriviwRUAaxDakXAg8,822,,4 weeks ago,2025-08-22T01:55:20.110Z,,,,,,,Ci9DQUlRQUNvZENodHljRjlvT25kWGFuWnphbmd5TldnMWMwaEZlVzlrV1ZSWldsRRAB,,,,,,,,,,,,,,,,,,,,,,,,,Google,https://www.google.com/maps/reviews/data=!4m8!14m7!1m6!2m5!1sCi9DQUlRQUNvZENodHljRjlvT25kWGFuWnphbmd5TldnMWMwaEZlVzlrV1ZSWldsRRAB!2m1!1s0x0:0xf0217a90db10650!3m1!1s2@1:CAIQACodChtycF9oOndXanZzangyNWg1c0hFeW9kWVRZWlE%7C%7C?hl=en,1.01223e+20,14,https://lh3.googleusercontent.com/a-/ALV-UjXCE65WnEIzYx2x-r48OBAPtmEmabrdi2Kj5E-LDs9F-brgWUk8=s1920-c-rp-mo-ba2-br100,https://www.google.com/maps/contrib/101223115774097349966?hl=en,1612,2025-09-21T14:41:32.294Z,"Direct Detail URL: https://www.google.com/maps/place/Litchfield+National+Park/@-13.2935324,130.8438128,17z/data=!4m8!3m7!1s0x2cbee22a8ad93f61:0xf0217a90db10650!8m2!3d-13.2935376!4d130.8463877!9m1!1b1!16zL20vMHBzaG0?entry=ttu&g_ep=EgoyMDI1MDkxNy4wIKXMDSoASAFQAw%3D%3D",5,Northern Territory,,False,Best!! Shouldn’t miss,,Litchfield National Park,4.8,,https://www.google.com/maps/search/?api=1&query=Litchfield%20National%20Park&query_place_id=ChIJYT_ZiiriviwRUAaxDakXAg8,,Positive
"Litchfield Park NT 0822, Australia",National park,Tourist attraction,National park,1.08145e+18,Litchfield Park,AU,0x2cbee22a8ad93f61:0xf0217a90db10650,https://lh3.googleusercontent.com/gps-cs-s/AC9h4nrEoavoeY76XGUArw7ktQYIjuKEV4NQfMjvSN7MGVtcgaHWhzXd-peC_lgQ83XmcYV9Wz5A8qhk0165yuXAXYB-dQ84nMJxZYGAjkw1BvcILJ0_PYrGMNKOC9N6eBr4n3dXTFHA=w408-h306-k-no,False,True,en,0,-13.2935376,130.8463877,Wolfram Becker,,,False,ChIJYT_ZiiriviwRUAaxDakXAg8,822,,a month ago,2025-08-19T09:59:23.030Z,,,,,,,Ci9DQUlRQUNvZENodHljRjlvT2tGdFkxVTNTek5OWVRseVl6aHhiV1IzTlRVeGJsRRAB,,,,,,,,,,,,,,,,,,,,,,,,,Google,https://www.google.com/maps/reviews/data=!4m8!14m7!1m6!2m5!1sCi9DQUlRQUNvZENodHljRjlvT2tGdFkxVTNTek5OWVRseVl6aHhiV1IzTlRVeGJsRRAB!2m1!1s0x0:0xf0217a90db10650!3m1!1s2@1:CAIQACodChtycF9oOkFtY1U3SzNNYTlyYzhxbWR3NTUxblE%7C%7C?hl=en,1.02376e+20,75,https://lh3.googleusercontent.com/a-/ALV-UjX65mPSEQtSYgJ2FgwysnB0Q_ztmOQhwsQpoGcXAoUUQSfCbV8V=s1920-c-rp-mo-ba4-br100,https://www.google.com/maps/contrib/102375769666546307637?hl=en,1612,2025-09-21T14:41:32.294Z,"Direct Detail URL: https://www.google.com/maps/place/Litchfield+National+Park/@-13.2935324,130.8438128,17z/data=!4m8!3m7!1s0x2cbee22a8ad93f61:0xf0217a90db10650!8m2!3d-13.2935376!4d130.8463877!9m1!1b1!16zL20vMHBzaG0?entry=ttu&g_ep=EgoyMDI1MDkxNy4wIKXMDSoASAFQAw%3D%3D",5,Northern Territory,,False,,,Litchfield National Park,4.8,,https://www.google.com/maps/search/?api=1&query=Litchfield%20National%20Park&query_place_id=ChIJYT_ZiiriviwRUAaxDakXAg8,,Positive
"Litchfield Park NT 0822, Australia",National park,Tourist attraction,National park,1.08145e+18,Litchfield Park,AU,0x2cbee22a8ad93f61:0xf0217a90db10650,https://lh3.googleusercontent.com/gps-cs-s/AC9h4nrEoavoeY76XGUArw7ktQYIjuKEV4NQfMjvSN7MGVtcgaHWhzXd-peC_lgQ83XmcYV9Wz5A8qhk0165yuXAXYB-dQ84nMJxZYGAjkw1BvcILJ0_PYrGMNKOC9N6eBr4n3dXTFHA=w408-h306-k-no,False,False,en,0,-13.2935376,130.8463877,Fauzia Nigar,,,False,ChIJYT_ZiiriviwRUAaxDakXAg8,822,,a month ago,2025-08-18T02:19:40.148Z,,,,,,,Ci9DQUlRQUNvZENodHljRjlvT2pScldqQktlbFo1ZVVkb2JUVXlPVFJYY1VkallWRRAB,,,,,,,,,,,,,,,,,,,,,,,,,Google,https://www.google.com/maps/reviews/data=!4m8!14m7!1m6!2m5!1sCi9DQUlRQUNvZENodHljRjlvT2pScldqQktlbFo1ZVVkb2JUVXlPVFJYY1VkallWRRAB!2m1!1s0x0:0xf0217a90db10650!3m1!1s2@1:CAIQACodChtycF9oOjRrWjBKelZ5eUdobTUyOTRXcUdjYVE%7C%7C?hl=en,1.03704e+20,3,https://lh3.googleusercontent.com/a-/ALV-UjXbgxKIXYzPYpsx_GDzJu5Cz5gla_VZaSYBw3oM-xBfrWdG6uiM=s1920-c-rp-mo-br100,https://www.google.com/maps/contrib/103704119909544454623?hl=en,1612,2025-09-21T14:41:32.294Z,"Direct Detail URL: https://www.google.com/maps/place/Litchfield+National+Park/@-13.2935324,130.8438128,17z/data=!4m8!3m7!1s0x2cbee22a8ad93f61:0xf0217a90db10650!8m2!3d-13.2935376!4d130.8463877!9m1!1b1!16zL20vMHBzaG0?entry=ttu&g_ep=EgoyMDI1MDkxNy4wIKXMDSoASAFQAw%3D%3D",5,Northern Territory,,False,,,Litchfield National Park,4.8,,https://www.google.com/maps/search/?api=1&query=Litchfield%20National%20Park&query_place_id=ChIJYT_ZiiriviwRUAaxDakXAg8,,Positive
"Litchfield Park NT 0822, Australia",National park,Tourist attraction,National park,1.08145e+18,Litchfield Park,AU,0x2cbee22a8ad93f61:0xf0217a90db10650,https://lh3.googleusercontent.com/gps-cs-s/AC9h4nrEoavoeY76XGUArw7ktQYIjuKEV4NQfMjvSN7MGVtcgaHWhzXd-peC_lgQ83XmcYV9Wz5A8qhk0165yuXAXYB-dQ84nMJxZYGAjkw1BvcILJ0_PYrGMNKOC9N6eBr4n3dXTFHA=w408-h306-k-no,False,False,en,0,-13.2935376,130.8463877,Walter Karpowicz,,,False,ChIJYT_ZiiriviwRUAaxDakXAg8,822,,a month ago,2025-08-17T13:22:54.941Z,,,,,,,Ci9DQUlRQUNvZENodHljRjlvT21sSlJEbFdjSE4xY25Wa2ExRjBNbkJyZDJwRFNtYxAB,,,,,,,,,,,,,,,,,,,,,,,,,Google,https://www.google.com/maps/reviews/data=!4m8!14m7!1m6!2m5!1sCi9DQUlRQUNvZENodHljRjlvT21sSlJEbFdjSE4xY25Wa2ExRjBNbkJyZDJwRFNtYxAB!2m1!1s0x0:0xf0217a90db10650!3m1!1s2@1:CAIQACodChtycF9oOmlJRDlWcHN1cnVka1F0MnBrd2pDSmc%7C%7C?hl=en,1.09052e+20,0,https://lh3.googleusercontent.com/a/ACg8ocKu2T8u6eF5l3Mwu0muzJt4GW2T8m1vS_JfnmZhLHurMCxNVw=s1920-c-rp-mo-br100,https://www.google.com/maps/contrib/109051518289165331835?hl=en,1612,2025-09-21T14:41:32.294Z,"Direct Detail URL: https://www.google.com/maps/place/Litchfield+National+Park/@-13.2935324,130.8438128,17z/data=!4m8!3m7!1s0x2cbee22a8ad93f61:0xf0217a90db10650!8m2!3d-13.2935376!4d130.8463877!9m1!1b1!16zL20vMHBzaG0?entry=ttu&g_ep=EgoyMDI1MDkxNy4wIKXMDSoASAFQAw%3D%3D",5,Northern Territory,,False,,,Litchfield National Park,4.8,,https://www.google.com/maps/search/?api=1&query=Litchfield%20National%20Park&query_place_id=ChIJYT_ZiiriviwRUAaxDakXAg8,,Positive
"Litchfield Park NT 0822, Australia",National park,Tourist attraction,National park,1.08145e+18,Litchfield Park,AU,0x2cbee22a8ad93f61:0xf0217a90db10650,https://lh3.googleusercontent.com/gps-cs-s/AC9h4nrEoavoeY76XGUArw7ktQYIjuKEV4NQfMjvSN7MGVtcgaHWhzXd-peC_lgQ83XmcYV9Wz5A8qhk0165yuXAXYB-dQ84nMJxZYGAjkw1BvcILJ0_PYrGMNKOC9N6eBr4n3dXTFHA=w408-h306-k-no,False,True,en,0,-13.2935376,130.8463877,Marco Dionisi,,,False,ChIJYT_ZiiriviwRUAaxDakXAg8,822,,a month ago,2025-08-16T22:43:26.176Z,,,,,,,Ci9DQUlRQUNvZENodHljRjlvT2xWSU0xQjVja3hLT0ZCNlZVVmxVMDlxYUVkTmFIYxAB,,,,,,,,,,,,,,,,,,,,,,,,,Google,https://www.google.com/maps/reviews/data=!4m8!14m7!1m6!2m5!1sCi9DQUlRQUNvZENodHljRjlvT2xWSU0xQjVja3hLT0ZCNlZVVmxVMDlxYUVkTmFIYxAB!2m1!1s0x0:0xf0217a90db10650!3m1!1s2@1:CAIQACodChtycF9oOlVIM1B5ckxKOFB6VUVlU09qaEdNaHc%7C%7C?hl=en,1.04962e+20,182,https://lh3.googleusercontent.com/a/ACg8ocKdpIssFCuRAKf49PpUVV4vZL7tz_I0dRZjH2lKOGhmW7K3lA=s1920-c-rp-mo-ba4-br100,https://www.google.com/maps/contrib/104962409214657719934?hl=en,1612,2025-09-21T14:41:32.294Z,"Direct Detail URL: https://www.google.com/maps/place/Litchfield+National+Park/@-13.2935324,130.8438128,17z/data=!4m8!3m7!1s0x2cbee22a8ad93f61:0xf0217a90db10650!8m2!3d-13.2935376!4d130.8463877!9m1!1b1!16zL20vMHBzaG0?entry=ttu&g_ep=EgoyMDI1MDkxNy4wIKXMDSoASAFQAw%3D%3D",5,Northern Territory,,False,,,Litchfield National Park,4.8,,https://www.google.com/maps/search/?api=1&query=Litchfield%20National%20Park&query_place_id=ChIJYT_ZiiriviwRUAaxDakXAg8,,Positive
"Litchfield Park NT 0822, Australia",National park,Tourist attraction,National park,1.08145e+18,Litchfield Park,AU,0x2cbee22a8ad93f61:0xf0217a90db10650,https://lh3.googleusercontent.com/gps-cs-s/AC9h4nrEoavoeY76XGUArw7ktQYIjuKEV4NQfMjvSN7MGVtcgaHWhzXd-peC_lgQ83XmcYV9Wz5A8qhk0165yuXAXYB-dQ84nMJxZYGAjkw1BvcILJ0_PYrGMNKOC9N6eBr4n3dXTFHA=w408-h306-k-no,False,True,en,0,-13.2935376,130.8463877,Tan Gim chuan,,en,False,ChIJYT_ZiiriviwRUAaxDakXAg8,822,,a month ago,2025-08-15T10:59:42.770Z,,,,,,,Ci9DQUlRQUNvZENodHljRjlvT2tKQloySlZjRXcxU0RkaWFtbFJaR2RGY0ZkcVRYYxAB,,,,,,,,,,,,,,,,,,,,,,,,,Google,https://www.google.com/maps/reviews/data=!4m8!14m7!1m6!2m5!1sCi9DQUlRQUNvZENodHljRjlvT2tKQloySlZjRXcxU0RkaWFtbFJaR2RGY0ZkcVRYYxAB!2m1!1s0x0:0xf0217a90db10650!3m1!1s2@1:CAIQACodChtycF9oOkJBZ2JVcEw1SDdiamlRZGdFcFdqTXc%7C%7C?hl=en,1.15922e+20,80,https://lh3.googleusercontent.com/a/ACg8ocI1vqdNDK6FbF4e7Gk5cYdh2I4KSnCxTMSu1tiP1iCzjDmkWA=s1920-c-rp-mo-ba4-br100,https://www.google.com/maps/contrib/115921630114367318290?hl=en,1612,2025-09-21T14:41:32.294Z,"Direct Detail URL: https://www.google.com/maps/place/Litchfield+National+Park/@-13.2935324,130.8438128,17z/data=!4m8!3m7!1s0x2cbee22a8ad93f61:0xf0217a90db10650!8m2!3d-13.2935376!4d130.8463877!9m1!1b1!16zL20vMHBzaG0?entry=ttu&g_ep=EgoyMDI1MDkxNy4wIKXMDSoASAFQAw%3D%3D",5,Northern Territory,,False,Bring your swimming stuff and floater,,Litchfield National Park,4.8,,https://www.google.com/maps/search/?api=1&query=Litchfield%20National%20Park&query_place_id=ChIJYT_ZiiriviwRUAaxDakXAg8,,Neutral
"Litchfield Park NT 0822, Australia",National park,Tourist attraction,National park,1.08145e+18,Litchfield Park,AU,0x2cbee22a8ad93f61:0xf0217a90db10650,https://lh3.googleusercontent.com/gps-cs-s/AC9h4nrEoavoeY76XGUArw7ktQYIjuKEV4NQfMjvSN7MGVtcgaHWhzXd-peC_lgQ83XmcYV9Wz5A8qhk0165yuXAXYB-dQ84nMJxZYGAjkw1BvcILJ0_PYrGMNKOC9N6eBr4n3dXTFHA=w408-h306-k-no,False,True,en,0,-13.2935376,130.8463877,fabien dousse,,fr,False,ChIJYT_ZiiriviwRUAaxDakXAg8,822,,a month ago,2025-08-14T15:36:56.996Z,,,,,,,Ci9DQUlRQUNvZENodHljRjlvT21JNVVEaGZOM056Vm1VMWNHWjRVVWN5ZUhWclJIYxAB,https://lh3.googleusercontent.com/geougc-cs/AB3l90BU4k9vkqiqN4iseUPTmxyrMTL7of9vVt_ohimL8Am-qXXzIk82sBz7yezx_YCngnnV2E_6bE6lBwMm9lvqoreOfc2U_Ch6OrLLE8CDiYlfJtJO9LYTUND2Kbd5sACIPMUWOt8tKvfFYckT,https://lh3.googleusercontent.com/geougc-cs/AB3l90CTkReN2RhFfS3w5eGfshsIoT-btsMqab4lfYddYhxgUFVjE6We9gk5L2TffXxBGju9lFyz0KRFTpVQkAPd4JT3oDNnV1LfB-UkKt31d5pEWfRBaUp2sU_c_k3EZAfIfJfdGFFFwAvsW0w,https://lh3.googleusercontent.com/geougc-cs/AB3l90BWkB6kIvZyHT_eNHFWaqD7rl2BgNIhjiAPGQ-GdY-BVGfePFzztLjKNlgwVsButyTB-xZYNnfKJ4_4KdSJxZofTvyL0i1PO-vuaAdMA3XDuwVxnXmxoCrDpLq84SAwzf0ARANF4C_NlKmD,https://lh3.googleusercontent.com/geougc-cs/AB3l90A_DB28_3NUVoBlXqonKoJn1IiGv76R2om_3gq3szVUkAI_BtdNDUegecn1zm61I2Tv_grBlORsC5aoRJ05FRpWz3a5NCRjFi4wjr6yCtRxaFS6RV1Y9UBMZRtq4Ytr3K6hmtuDerTAQ_9Y,,,,,,,,,,,,,,,,,,,,,Google,https://www.google.com/maps/reviews/data=!4m8!14m7!1m6!2m5!1sCi9DQUlRQUNvZENodHljRjlvT21JNVVEaGZOM056Vm1VMWNHWjRVVWN5ZUhWclJIYxAB!2m1!1s0x0:0xf0217a90db10650!3m1!1s2@1:CAIQACodChtycF9oOmI5UDhfN3NzVmU1cGZ4UUcyeHVrRHc%7C%7C?hl=en,1.02696e+20,182,https://lh3.googleusercontent.com/a-/ALV-UjUwNJ677iIY6XagVJEsMH4PQkjIkFURRQ5uSGf8xugTnC7SbTNU=s1920-c-rp-mo-ba5-br100,https://www.google.com/maps/contrib/102695637868866243639?hl=en,1612,2025-09-21T14:41:32.294Z,"Direct Detail URL: https://www.google.com/maps/place/Litchfield+National+Park/@-13.2935324,130.8438128,17z/data=!4m8!3m7!1s0x2cbee22a8ad93f61:0xf0217a90db10650!8m2!3d-13.2935376!4d130.8463877!9m1!1b1!16zL20vMHBzaG0?entry=ttu&g_ep=EgoyMDI1MDkxNy4wIKXMDSoASAFQAw%3D%3D",5,Northern Territory,,False,"Petit parc national sympathique dans lequel nous avons vu des termitières gigantesques (+ de 5 m. de haut) et en parfait état, gage que le réchauffement climatique n'a pas encore fait de dégâts, ainsi que les cascades de Florence Falls.","A nice little national park where we saw gigantic termite mounds (over 5 m high) in perfect condition, a sign that global warming has not yet caused any damage, as well as the Florence Falls waterfalls.",Litchfield National Park,4.8,en,https://www.google.com/maps/search/?api=1&query=Litchfield%20National%20Park&query_place_id=ChIJYT_ZiiriviwRUAaxDakXAg8,,Neutral
"Litchfield Park NT 0822, Australia",National park,Tourist attraction,National park,1.08145e+18,Litchfield Park,AU,0x2cbee22a8ad93f61:0xf0217a90db10650,https://lh3.googleusercontent.com/gps-cs-s/AC9h4nrEoavoeY76XGUArw7ktQYIjuKEV4NQfMjvSN7MGVtcgaHWhzXd-peC_lgQ83XmcYV9Wz5A8qhk0165yuXAXYB-dQ84nMJxZYGAjkw1BvcILJ0_PYrGMNKOC9N6eBr4n3dXTFHA=w408-h306-k-no,False,True,en,0,-13.2935376,130.8463877,Gianluigi Moretta,,,False,ChIJYT_ZiiriviwRUAaxDakXAg8,822,,a month ago,2025-08-12T09:05:07.471Z,,,,,,,Ci9DQUlRQUNvZENodHljRjlvT25aZmRGbDZSVVIyU1hkaVJsUjViaTF1Uld3d2JHYxAB,,,,,,,,,,,,,,,,,,,,,,,,,Google,https://www.google.com/maps/reviews/data=!4m8!14m7!1m6!2m5!1sCi9DQUlRQUNvZENodHljRjlvT25aZmRGbDZSVVIyU1hkaVJsUjViaTF1Uld3d2JHYxAB!2m1!1s0x0:0xf0217a90db10650!3m1!1s2@1:CAIQACodChtycF9oOnZfdFl6RUR2SXdiRlR5bi1uRWwwbGc%7C%7C?hl=en,1.0721e+20,61,https://lh3.googleusercontent.com/a/ACg8ocIWHtygGjGpcrlYtg_gxpxIibDnRp1Cv8NaVxJA0M18_b0NZgc=s1920-c-rp-mo-ba3-br100,https://www.google.com/maps/contrib/107210179499913459747?hl=en,1612,2025-09-21T14:41:32.294Z,"Direct Detail URL: https://www.google.com/maps/place/Litchfield+National+Park/@-13.2935324,130.8438128,17z/data=!4m8!3m7!1s0x2cbee22a8ad93f61:0xf0217a90db10650!8m2!3d-13.2935376!4d130.8463877!9m1!1b1!16zL20vMHBzaG0?entry=ttu&g_ep=EgoyMDI1MDkxNy4wIKXMDSoASAFQAw%3D%3D",5,Northern Territory,,False,,,Litchfield National Park,4.8,,https://www.google.com/maps/search/?api=1&query=Litchfield%20National%20Park&query_place_id=ChIJYT_ZiiriviwRUAaxDakXAg8,,Positive
"Litchfield Park NT 0822, Australia",National park,Tourist attraction,National park,1.08145e+18,Litchfield Park,AU,0x2cbee22a8ad93f61:0xf0217a90db10650,https://lh3.googleusercontent.com/gps-cs-s/AC9h4nrEoavoeY76XGUArw7ktQYIjuKEV4NQfMjvSN7MGVtcgaHWhzXd-peC_lgQ83XmcYV9Wz5A8qhk0165yuXAXYB-dQ84nMJxZYGAjkw1BvcILJ0_PYrGMNKOC9N6eBr4n3dXTFHA=w408-h306-k-no,False,True,en,0,-13.2935376,130.8463877,chris wells,,,False,ChIJYT_ZiiriviwRUAaxDakXAg8,822,,a month ago,2025-08-12T06:02:48.146Z,,,,,,,Ci9DQUlRQUNvZENodHljRjlvT21KdWQxSlROVzloU214Q1JUWkNaMWRQZFhoTlVWRRAB,,,,,,,,,,,,,,,,,,,,,,,,,Google,https://www.google.com/maps/reviews/data=!4m8!14m7!1m6!2m5!1sCi9DQUlRQUNvZENodHljRjlvT21KdWQxSlROVzloU214Q1JUWkNaMWRQZFhoTlVWRRAB!2m1!1s0x0:0xf0217a90db10650!3m1!1s2@1:CAIQACodChtycF9oOmJud1JTNW9hSmxCRTZCZ1dPdXhNUVE%7C%7C?hl=en,1.15114e+20,5,https://lh3.googleusercontent.com/a/ACg8ocL2YCGuKLXBi0WAeY8ZHGKXZKM-y5OZDBfTuC95QqWp2Dq32Q=s1920-c-rp-mo-ba3-br100,https://www.google.com/maps/contrib/115114073382812020573?hl=en,1612,2025-09-21T14:41:32.294Z,"Direct Detail URL: https://www.google.com/maps/place/Litchfield+National+Park/@-13.2935324,130.8438128,17z/data=!4m8!3m7!1s0x2cbee22a8ad93f61:0xf0217a90db10650!8m2!3d-13.2935376!4d130.8463877!9m1!1b1!16zL20vMHBzaG0?entry=ttu&g_ep=EgoyMDI1MDkxNy4wIKXMDSoASAFQAw%3D%3D",5,Northern Territory,,False,,,Litchfield National Park,4.8,,https://www.google.com/maps/search/?api=1&query=Litchfield%20National%20Park&query_place_id=ChIJYT_ZiiriviwRUAaxDakXAg8,,Positive
"Litchfield Park NT 0822, Australia",National park,Tourist attraction,National park,1.08145e+18,Litchfield Park,AU,0x2cbee22a8ad93f61:0xf0217a90db10650,https://lh3.googleusercontent.com/gps-cs-s/AC9h4nrEoavoeY76XGUArw7ktQYIjuKEV4NQfMjvSN7MGVtcgaHWhzXd-peC_lgQ83XmcYV9Wz5A8qhk0165yuXAXYB-dQ84nMJxZYGAjkw1BvcILJ0_PYrGMNKOC9N6eBr4n3dXTFHA=w408-h306-k-no,False,True,en,0,-13.2935376,130.8463877,Craig Thompson,,en,False,ChIJYT_ZiiriviwRUAaxDakXAg8,822,,a month ago,2025-08-09T23:07:52.234Z,,,,,,,Ci9DQUlRQUNvZENodHljRjlvT21OR2FHMXdjakF0TjFwa2JUbDNUVlozUjJKSWVIYxAB,,,,,,,,,,,,,,,,,,,,,,,,,Google,https://www.google.com/maps/reviews/data=!4m8!14m7!1m6!2m5!1sCi9DQUlRQUNvZENodHljRjlvT21OR2FHMXdjakF0TjFwa2JUbDNUVlozUjJKSWVIYxAB!2m1!1s0x0:0xf0217a90db10650!3m1!1s2@1:CAIQACodChtycF9oOmNGaG1wcjAtN1pkbTl3TVZ3R2JIeHc%7C%7C?hl=en,1.08755e+20,131,https://lh3.googleusercontent.com/a/ACg8ocJCHoHLgnhHW8-m66skKXx_2LL-qFteb_8mT5mzw7Odsn9p2A=s1920-c-rp-mo-ba5-br100,https://www.google.com/maps/contrib/108755245243237705254?hl=en,1612,2025-09-21T14:41:32.294Z,"Direct Detail URL: https://www.google.com/maps/place/Litchfield+National+Park/@-13.2935324,130.8438128,17z/data=!4m8!3m7!1s0x2cbee22a8ad93f61:0xf0217a90db10650!8m2!3d-13.2935376!4d130.8463877!9m1!1b1!16zL20vMHBzaG0?entry=ttu&g_ep=EgoyMDI1MDkxNy4wIKXMDSoASAFQAw%3D%3D",5,Northern Territory,,False,Walking &swimming,,Litchfield National Park,4.8,,https://www.google.com/maps/search/?api=1&query=Litchfield%20National%20Park&query_place_id=ChIJYT_ZiiriviwRUAaxDakXAg8,,Neutral
"Litchfield Park NT 0822, Australia",National park,Tourist attraction,National park,1.08145e+18,Litchfield Park,AU,0x2cbee22a8ad93f61:0xf0217a90db10650,https://lh3.googleusercontent.com/gps-cs-s/AC9h4nrEoavoeY76XGUArw7ktQYIjuKEV4NQfMjvSN7MGVtcgaHWhzXd-peC_lgQ83XmcYV9Wz5A8qhk0165yuXAXYB-dQ84nMJxZYGAjkw1BvcILJ0_PYrGMNKOC9N6eBr4n3dXTFHA=w408-h306-k-no,False,True,en,0,-13.2935376,130.8463877,Yechezkel Yireh (Ezekiel),,en,False,ChIJYT_ZiiriviwRUAaxDakXAg8,822,,a month ago,2025-08-06T07:51:58.034Z,,,,,,,Ci9DQUlRQUNvZENodHljRjlvT2tSTlpGRkdhVko1U2xOcWJYSnJSRWRWWldwQk9IYxAB,https://lh3.googleusercontent.com/geougc-cs/AB3l90AADDJQZcfE-opiFtKU3GS7HOTWgrLrMZb8l3Ux01-D09ALu5F1BIofgo_eQb5M4IhvS7VnKB8CC0QzFYfR8sk18NJOoud6JgbLr69PbbsQz5N-yvbHEj2tskRZ6U0S_VDpLfdiwHw_T8XZ,,,,,,,,,,,,,,,,,,,,,,,,Google,https://www.google.com/maps/reviews/data=!4m8!14m7!1m6!2m5!1sCi9DQUlRQUNvZENodHljRjlvT2tSTlpGRkdhVko1U2xOcWJYSnJSRWRWWldwQk9IYxAB!2m1!1s0x0:0xf0217a90db10650!3m1!1s2@1:CAIQACodChtycF9oOkRNZFFGaVJ5SlNqbXJrREdVZWpBOHc%7C%7C?hl=en,1.05231e+20,14,https://lh3.googleusercontent.com/a-/ALV-UjWGkFuWPte6qSYNHhTJyvegmmc5CXNCEI5bXSNB-o3yzpEE34r8=s1920-c-rp-mo-ba2-br100,https://www.google.com/maps/contrib/105231330266927111943?hl=en,1612,2025-09-21T14:41:32.294Z,"Direct Detail URL: https://www.google.com/maps/place/Litchfield+National+Park/@-13.2935324,130.8438128,17z/data=!4m8!3m7!1s0x2cbee22a8ad93f61:0xf0217a90db10650!8m2!3d-13.2935376!4d130.8463877!9m1!1b1!16zL20vMHBzaG0?entry=ttu&g_ep=EgoyMDI1MDkxNy4wIKXMDSoASAFQAw%3D%3D",5,Northern Territory,,False,"Litchfield has always been the best place for me and my family. We do consider going Katherine sometimes, but why go far when there's a closer one available with many more place to visit and pools to swim at? There are also new places in Litchfield that we haven't visited yet, but when we find the time we surely will do that!",,Litchfield National Park,4.8,,https://www.google.com/maps/search/?api=1&query=Litchfield%20National%20Park&query_place_id=ChIJYT_ZiiriviwRUAaxDakXAg8,,Positive
"Litchfield Park NT 0822, Australia",National park,Tourist attraction,National park,1.08145e+18,Litchfield Park,AU,0x2cbee22a8ad93f61:0xf0217a90db10650,https://lh3.googleusercontent.com/gps-cs-s/AC9h4nrEoavoeY76XGUArw7ktQYIjuKEV4NQfMjvSN7MGVtcgaHWhzXd-peC_lgQ83XmcYV9Wz5A8qhk0165yuXAXYB-dQ84nMJxZYGAjkw1BvcILJ0_PYrGMNKOC9N6eBr4n3dXTFHA=w408-h306-k-no,False,False,en,0,-13.2935376,130.8463877,Alex Hare,,,False,ChIJYT_ZiiriviwRUAaxDakXAg8,822,,a month ago,2025-08-05T23:22:17.186Z,,,,,,,Ci9DQUlRQUNvZENodHljRjlvT2pOb2JEUlBPVkI1V1ZsYVZqVkZaMVJUVDNaUmRHYxAB,,,,,,,,,,,,,,,,,,,,,,,,,Google,https://www.google.com/maps/reviews/data=!4m8!14m7!1m6!2m5!1sCi9DQUlRQUNvZENodHljRjlvT2pOb2JEUlBPVkI1V1ZsYVZqVkZaMVJUVDNaUmRHYxAB!2m1!1s0x0:0xf0217a90db10650!3m1!1s2@1:CAIQACodChtycF9oOjNobDRPOVB5WVlaVjVFZ1RTT3ZRdGc%7C%7C?hl=en,1.05132e+20,4,https://lh3.googleusercontent.com/a/ACg8ocIVLq9-Php6eEBN0msf2cnIxpWrVlo17LkCLbbNhPV6AGoFug=s1920-c-rp-mo-br100,https://www.google.com/maps/contrib/105132099263641118211?hl=en,1612,2025-09-21T14:41:32.294Z,"Direct Detail URL: https://www.google.com/maps/place/Litchfield+National+Park/@-13.2935324,130.8438128,17z/data=!4m8!3m7!1s0x2cbee22a8ad93f61:0xf0217a90db10650!8m2!3d-13.2935376!4d130.8463877!9m1!1b1!16zL20vMHBzaG0?entry=ttu&g_ep=EgoyMDI1MDkxNy4wIKXMDSoASAFQAw%3D%3D",5,Northern Territory,,False,,,Litchfield National Park,4.8,,https://www.google.com/maps/search/?api=1&query=Litchfield%20National%20Park&query_place_id=ChIJYT_ZiiriviwRUAaxDakXAg8,,Positive
"Litchfield Park NT 0822, Australia",National park,Tourist attraction,National park,1.08145e+18,Litchfield Park,AU,0x2cbee22a8ad93f61:0xf0217a90db10650,https://lh3.googleusercontent.com/gps-cs-s/AC9h4nrEoavoeY76XGUArw7ktQYIjuKEV4NQfMjvSN7MGVtcgaHWhzXd-peC_lgQ83XmcYV9Wz5A8qhk0165yuXAXYB-dQ84nMJxZYGAjkw1BvcILJ0_PYrGMNKOC9N6eBr4n3dXTFHA=w408-h306-k-no,False,True,en,0,-13.2935376,130.8463877,Clara,,en,False,ChIJYT_ZiiriviwRUAaxDakXAg8,822,,a month ago,2025-08-05T08:20:42.750Z,,,,,,,Ci9DQUlRQUNvZENodHljRjlvT2w4MWRVOTBPVk56VDBkS1kzRXljMUpNYVhZeFdXYxAB,https://lh3.googleusercontent.com/geougc-cs/AB3l90DdVtCxmLR1C2VACQQhUY9mHGR4PX7hgd8SWMJA39BEvarnkcSWfuAyrycnPdQXSK4ZkTjmU1ivZtCd9KY1QhSLbY109Q-lXmCtZ9H1E02E7UEcmxxvz02wz5--7OJiSSvqSmplhJKXX9QG,https://lh3.googleusercontent.com/geougc-cs/AB3l90Cx5GoutsWJtXb4YURH_Jzp4pyFo2HO676bDerzi0fQbqhtwyMp3ty7XYYqDOXLwqf3GPtxZct9Y24b_QOTNj2uIljCULGiJ9UJ9kLUHpOqvx1wLiwFZyx94DwybG2CWdY7qC6zbY-VHMnR,https://lh3.googleusercontent.com/geougc-cs/AB3l90Ake4EsDfWOzEBaEgL98if5OkFXPhkPBF9dQwnoL4Hw9cOeHXStoXR-JZMBzjMKO3hZAwlOEZVnmYebXvIWyvZr5vkmFsRMRGhHw24HolSeIgQM-zWxMBU8GuiqnUXnNABWZFLJV_IblIAv,https://lh3.googleusercontent.com/geougc-cs/AB3l90CQ7T6xf2gH74DfcHPBA5aPKHqBY1yYlRYC5fLhe4v-Ls5RyPSJkb3EiSBHDqJAyE2RdrjlVq9rJULTEAwgnWabkDJwG_8AWuvjaly6R67cAWXF_xr7njVempKNf6-6VZik_PoyHWaE_pA,,,,,,,,,,,,,,,,,,,,,Google,https://www.google.com/maps/reviews/data=!4m8!14m7!1m6!2m5!1sCi9DQUlRQUNvZENodHljRjlvT2w4MWRVOTBPVk56VDBkS1kzRXljMUpNYVhZeFdXYxAB!2m1!1s0x0:0xf0217a90db10650!3m1!1s2@1:CAIQACodChtycF9oOl81dU90OVNzT0dKY3Eyc1JMaXYxWWc%7C%7C?hl=en,1.07991e+20,43,https://lh3.googleusercontent.com/a/ACg8ocJE3M66MKtwAawkDxwwo9-9QM_5oywRXZbztHSwlMkHrSxo64DC=s1920-c-rp-mo-ba3-br100,https://www.google.com/maps/contrib/107991275348876959852?hl=en,1612,2025-09-21T14:41:32.294Z,"Direct Detail URL: https://www.google.com/maps/place/Litchfield+National+Park/@-13.2935324,130.8438128,17z/data=!4m8!3m7!1s0x2cbee22a8ad93f61:0xf0217a90db10650!8m2!3d-13.2935376!4d130.8463877!9m1!1b1!16zL20vMHBzaG0?entry=ttu&g_ep=EgoyMDI1MDkxNy4wIKXMDSoASAFQAw%3D%3D",5,Northern Territory,,False,Definitely go there if you're in the area. Incredible.,,Litchfield National Park,4.8,,https://www.google.com/maps/search/?api=1&query=Litchfield%20National%20Park&query_place_id=ChIJYT_ZiiriviwRUAaxDakXAg8,,Positive
"Litchfield Park NT 0822, Australia",National park,Tourist attraction,National park,1.08145e+18,Litchfield Park,AU,0x2cbee22a8ad93f61:0xf0217a90db10650,https://lh3.googleusercontent.com/gps-cs-s/AC9h4nrEoavoeY76XGUArw7ktQYIjuKEV4NQfMjvSN7MGVtcgaHWhzXd-peC_lgQ83XmcYV9Wz5A8qhk0165yuXAXYB-dQ84nMJxZYGAjkw1BvcILJ0_PYrGMNKOC9N6eBr4n3dXTFHA=w408-h306-k-no,False,False,en,0,-13.2935376,130.8463877,Joel M,,,False,ChIJYT_ZiiriviwRUAaxDakXAg8,822,,a month ago,2025-08-04T10:13:58.734Z,,,,,,,Ci9DQUlRQUNvZENodHljRjlvT2tGMGVuRmtNM2R6VVdKblEyNVRiRGxKVDE5elNsRRAB,,,,,,,,,,,,,,,,,,,,,,,,,Google,https://www.google.com/maps/reviews/data=!4m8!14m7!1m6!2m5!1sCi9DQUlRQUNvZENodHljRjlvT2tGMGVuRmtNM2R6VVdKblEyNVRiRGxKVDE5elNsRRAB!2m1!1s0x0:0xf0217a90db10650!3m1!1s2@1:CAIQACodChtycF9oOkF0enFkM3dzUWJnQ25TbDlJT19zSlE%7C%7C?hl=en,1.11697e+20,2,https://lh3.googleusercontent.com/a/ACg8ocLMM8__gWKeobfbU_DEYKKfzsoDx69By7m3PqRq6sfi4Fxiug=s1920-c-rp-mo-br100,https://www.google.com/maps/contrib/111697349965153593239?hl=en,1612,2025-09-21T14:41:32.294Z,"Direct Detail URL: https://www.google.com/maps/place/Litchfield+National+Park/@-13.2935324,130.8438128,17z/data=!4m8!3m7!1s0x2cbee22a8ad93f61:0xf0217a90db10650!8m2!3d-13.2935376!4d130.8463877!9m1!1b1!16zL20vMHBzaG0?entry=ttu&g_ep=EgoyMDI1MDkxNy4wIKXMDSoASAFQAw%3D%3D",5,Northern Territory,,False,,,Litchfield National Park,4.8,,https://www.google.com/maps/search/?api=1&query=Litchfield%20National%20Park&query_place_id=ChIJYT_ZiiriviwRUAaxDakXAg8,,Positive
"Litchfield Park NT 0822, Australia",National park,Tourist attraction,National park,1.08145e+18,Litchfield Park,AU,0x2cbee22a8ad93f61:0xf0217a90db10650,https://lh3.googleusercontent.com/gps-cs-s/AC9h4nrEoavoeY76XGUArw7ktQYIjuKEV4NQfMjvSN7MGVtcgaHWhzXd-peC_lgQ83XmcYV9Wz5A8qhk0165yuXAXYB-dQ84nMJxZYGAjkw1BvcILJ0_PYrGMNKOC9N6eBr4n3dXTFHA=w408-h306-k-no,False,False,en,0,-13.2935376,130.8463877,Sharon Koh,,,False,ChIJYT_ZiiriviwRUAaxDakXAg8,822,,a month ago,2025-08-04T07:27:36.919Z,,,,,,,Ci9DQUlRQUNvZENodHljRjlvT2xNdFdHdDRXVUY0WDB4elRrSmtNVmhKUm5GUFkwRRAB,,,,,,,,,,,,,,,,,,,,,,,,,Google,https://www.google.com/maps/reviews/data=!4m8!14m7!1m6!2m5!1sCi9DQUlRQUNvZENodHljRjlvT2xNdFdHdDRXVUY0WDB4elRrSmtNVmhKUm5GUFkwRRAB!2m1!1s0x0:0xf0217a90db10650!3m1!1s2@1:CAIQACodChtycF9oOlMtWGt4WUF4X0xzTkJkMVhJRnFPY0E%7C%7C?hl=en,1.13811e+20,0,https://lh3.googleusercontent.com/a/ACg8ocKk5u9NVAcArkjRv-mjyE124aeVjQxPT3X1oj7S0F9fODV7jQ=s1920-c-rp-mo-br100,https://www.google.com/maps/contrib/113810991324392630125?hl=en,1612,2025-09-21T14:41:32.294Z,"Direct Detail URL: https://www.google.com/maps/place/Litchfield+National+Park/@-13.2935324,130.8438128,17z/data=!4m8!3m7!1s0x2cbee22a8ad93f61:0xf0217a90db10650!8m2!3d-13.2935376!4d130.8463877!9m1!1b1!16zL20vMHBzaG0?entry=ttu&g_ep=EgoyMDI1MDkxNy4wIKXMDSoASAFQAw%3D%3D",1,Northern Territory,,False,,,Litchfield National Park,4.8,,https://www.google.com/maps/search/?api=1&query=Litchfield%20National%20Park&query_place_id=ChIJYT_ZiiriviwRUAaxDakXAg8,,Negative
"Litchfield Park NT 0822, Australia",National park,Tourist attraction,National park,1.08145e+18,Litchfield Park,AU,0x2cbee22a8ad93f61:0xf0217a90db10650,https://lh3.googleusercontent.com/gps-cs-s/AC9h4nrEoavoeY76XGUArw7ktQYIjuKEV4NQfMjvSN7MGVtcgaHWhzXd-peC_lgQ83XmcYV9Wz5A8qhk0165yuXAXYB-dQ84nMJxZYGAjkw1BvcILJ0_PYrGMNKOC9N6eBr4n3dXTFHA=w408-h306-k-no,False,True,en,0,-13.2935376,130.8463877,Shantanu Barua,,,False,ChIJYT_ZiiriviwRUAaxDakXAg8,822,,a month ago,2025-08-01T00:03:25.351Z,,,,,,,Ci9DQUlRQUNvZENodHljRjlvT2tkT2FFWjFhMm8zU2xaRVpFVlZOVGhQTlRWaGRGRRAB,,,,,,,,,,,,,,,,,,,,,,,,,Google,https://www.google.com/maps/reviews/data=!4m8!14m7!1m6!2m5!1sCi9DQUlRQUNvZENodHljRjlvT2tkT2FFWjFhMm8zU2xaRVpFVlZOVGhQTlRWaGRGRRAB!2m1!1s0x0:0xf0217a90db10650!3m1!1s2@1:CAIQACodChtycF9oOkdOaEZ1a2o3SlZEZEVVNThPNTVhdFE%7C%7C?hl=en,1.01026e+20,154,https://lh3.googleusercontent.com/a-/ALV-UjV0jXyxSvLE6ISrvfbccUCudXkn8seXmV_v4SeF8iEALsACHyrY=s1920-c-rp-mo-ba4-br100,https://www.google.com/maps/contrib/101025882749931710692?hl=en,1612,2025-09-21T14:41:32.294Z,"Direct Detail URL: https://www.google.com/maps/place/Litchfield+National+Park/@-13.2935324,130.8438128,17z/data=!4m8!3m7!1s0x2cbee22a8ad93f61:0xf0217a90db10650!8m2!3d-13.2935376!4d130.8463877!9m1!1b1!16zL20vMHBzaG0?entry=ttu&g_ep=EgoyMDI1MDkxNy4wIKXMDSoASAFQAw%3D%3D",5,Northern Territory,,False,,,Litchfield National Park,4.8,,https://www.google.com/maps/search/?api=1&query=Litchfield%20National%20Park&query_place_id=ChIJYT_ZiiriviwRUAaxDakXAg8,,Positive
"Litchfield Park NT 0822, Australia",National park,Tourist attraction,National park,1.08145e+18,Litchfield Park,AU,0x2cbee22a8ad93f61:0xf0217a90db10650,https://lh3.googleusercontent.com/gps-cs-s/AC9h4nrEoavoeY76XGUArw7ktQYIjuKEV4NQfMjvSN7MGVtcgaHWhzXd-peC_lgQ83XmcYV9Wz5A8qhk0165yuXAXYB-dQ84nMJxZYGAjkw1BvcILJ0_PYrGMNKOC9N6eBr4n3dXTFHA=w408-h306-k-no,False,True,en,0,-13.2935376,130.8463877,Camilla Speranza,,en,False,ChIJYT_ZiiriviwRUAaxDakXAg8,822,,a month ago,2025-07-30T09:08:20.673Z,,,,,,,Ci9DQUlRQUNvZENodHljRjlvT2xCWUxYQk9XazExUlc5eGVqRnlPR1JZTUZneUxYYxAB,,,,,,,,,,,,,,,,,,,,,,,,,Google,https://www.google.com/maps/reviews/data=!4m8!14m7!1m6!2m5!1sCi9DQUlRQUNvZENodHljRjlvT2xCWUxYQk9XazExUlc5eGVqRnlPR1JZTUZneUxYYxAB!2m1!1s0x0:0xf0217a90db10650!3m1!1s2@1:CAIQACodChtycF9oOlBYLXBOWk11RW9xejFyOGRYMFgyLXc%7C%7C?hl=en,1.08293e+20,56,https://lh3.googleusercontent.com/a-/ALV-UjVMgUKLQCRXR7kNP1LmYysaBa1SySy-34y6dRDIP1mzBgW4DsVcgg=s1920-c-rp-mo-ba3-br100,https://www.google.com/maps/contrib/108292702045020609111?hl=en,1612,2025-09-21T14:41:32.294Z,"Direct Detail URL: https://www.google.com/maps/place/Litchfield+National+Park/@-13.2935324,130.8438128,17z/data=!4m8!3m7!1s0x2cbee22a8ad93f61:0xf0217a90db10650!8m2!3d-13.2935376!4d130.8463877!9m1!1b1!16zL20vMHBzaG0?entry=ttu&g_ep=EgoyMDI1MDkxNy4wIKXMDSoASAFQAw%3D%3D",3,Northern Territory,,False,"Worth a ride from Darwin but not from across the country. Natural swimming pools were nice, during summer holidays very overcrowded.",,Litchfield National Park,4.8,,https://www.google.com/maps/search/?api=1&query=Litchfield%20National%20Park&query_place_id=ChIJYT_ZiiriviwRUAaxDakXAg8,,Positive
"Litchfield Park NT 0822, Australia",National park,Tourist attraction,National park,1.08145e+18,Litchfield Park,AU,0x2cbee22a8ad93f61:0xf0217a90db10650,https://lh3.googleusercontent.com/gps-cs-s/AC9h4nrEoavoeY76XGUArw7ktQYIjuKEV4NQfMjvSN7MGVtcgaHWhzXd-peC_lgQ83XmcYV9Wz5A8qhk0165yuXAXYB-dQ84nMJxZYGAjkw1BvcILJ0_PYrGMNKOC9N6eBr4n3dXTFHA=w408-h306-k-no,False,True,en,0,-13.2935376,130.8463877,Greg Long,,en,False,ChIJYT_ZiiriviwRUAaxDakXAg8,822,,a month ago,2025-07-30T08:08:35.653Z,,,,,,,Ci9DQUlRQUNvZENodHljRjlvT2w5eFQwd3laRmRYTmkxcmVURlZPRFl6WldvNU9VRRAB,https://lh3.googleusercontent.com/geougc-cs/AB3l90AC680dgtBAOZuoo1qXO-xdEdqFAJKRJFJctqKUGX7lHCKWqoAAlVMX2HPAED6LfXmX1u8JkUP2CVRwb9y2dRCFLo4U4HB5B8QOyzySX_aEHLQmXi9y2Q8CaH2PG0xtz-HWOvyuTVPeGx8O,https://lh3.googleusercontent.com/geougc-cs/AB3l90BeQNR-pLXaY4IxnTlQSvjf2UnYNW4R-DjZ195L9r7U5EwO5zLNT3F4Uha7BUpbyxhEGPSFmm93CxBIii9JfdqYYCPaE2Iftq6BzveRByTZ1lhCiI8_SfrPznNOjceE-FY8i53h2CdbqenD,https://lh3.googleusercontent.com/geougc-cs/AB3l90Cd-8qJ2wvxQ1qxSSuvFsQbP5Y3gh5LNufvifweDYJFA-ow5PHnHlawOqTqe59zQkdoCGADK6M0ms3Wg4iDr8PT1JqeZ2wOAwCsFTEK6isReAEufhNd0JTf5YhyDVVIGCHaeE3JuRIgHQHQ,https://lh3.googleusercontent.com/geougc-cs/AB3l90CJvgjcx3CLVNcft85TD5RYKACzOLPOIL6eUZ0qlCSYlkYtyMG4whNm6wvyK2ekpPOXxfO5ovWZQj--WVNFbgGUx5NrZNDYXbeFRCs-FlHCzOcphAHpMbdOmt5j7HHZa0osAo7DPuYlYkI,,,,,,,,,,,,,,,,,,,,,Google,https://www.google.com/maps/reviews/data=!4m8!14m7!1m6!2m5!1sCi9DQUlRQUNvZENodHljRjlvT2w5eFQwd3laRmRYTmkxcmVURlZPRFl6WldvNU9VRRAB!2m1!1s0x0:0xf0217a90db10650!3m1!1s2@1:CAIQACodChtycF9oOl9xT0wyZFdXNi1reTFVODYzZWo5OUE%7C%7C?hl=en,1.17568e+20,28,https://lh3.googleusercontent.com/a-/ALV-UjWcdOxRkbxq0Ozjpaby0qTTjkRezHKkE-sj0ggxmU1c77CezOmz=s1920-c-rp-mo-ba3-br100,https://www.google.com/maps/contrib/117568439402619316126?hl=en,1612,2025-09-21T14:41:32.294Z,"Direct Detail URL: https://www.google.com/maps/place/Litchfield+National+Park/@-13.2935324,130.8438128,17z/data=!4m8!3m7!1s0x2cbee22a8ad93f61:0xf0217a90db10650!8m2!3d-13.2935376!4d130.8463877!9m1!1b1!16zL20vMHBzaG0?entry=ttu&g_ep=EgoyMDI1MDkxNy4wIKXMDSoASAFQAw%3D%3D",5,Northern Territory,,False,Beautiful place,,Litchfield National Park,4.8,,https://www.google.com/maps/search/?api=1&query=Litchfield%20National%20Park&query_place_id=ChIJYT_ZiiriviwRUAaxDakXAg8,,Positive
"Litchfield Park NT 0822, Australia",National park,Tourist attraction,National park,1.08145e+18,Litchfield Park,AU,0x2cbee22a8ad93f61:0xf0217a90db10650,https://lh3.googleusercontent.com/gps-cs-s/AC9h4nrEoavoeY76XGUArw7ktQYIjuKEV4NQfMjvSN7MGVtcgaHWhzXd-peC_lgQ83XmcYV9Wz5A8qhk0165yuXAXYB-dQ84nMJxZYGAjkw1BvcILJ0_PYrGMNKOC9N6eBr4n3dXTFHA=w408-h306-k-no,False,True,en,0,-13.2935376,130.8463877,Andy Heng,,en,False,ChIJYT_ZiiriviwRUAaxDakXAg8,822,,a month ago,2025-07-29T11:55:00.434Z,,,,,,,Ci9DQUlRQUNvZENodHljRjlvT2pGb1kyaElVM1l4UW5abGVYVTRUR1ZEYkd4MWIwRRAB,,,,,,,,,,,,,,,,,,,,,,,,,Google,https://www.google.com/maps/reviews/data=!4m8!14m7!1m6!2m5!1sCi9DQUlRQUNvZENodHljRjlvT2pGb1kyaElVM1l4UW5abGVYVTRUR1ZEYkd4MWIwRRAB!2m1!1s0x0:0xf0217a90db10650!3m1!1s2@1:CAIQACodChtycF9oOjFoY2hIU3YxQnZleXU4TGVDbGx1b0E%7C%7C?hl=en,1.05182e+20,67,https://lh3.googleusercontent.com/a/ACg8ocIwKj-mpYEknMte47P37ybJhiaZQ7T0x0Jy1sXb4LoVvmFQww=s1920-c-rp-mo-ba3-br100,https://www.google.com/maps/contrib/105181863762064299333?hl=en,1612,2025-09-21T14:41:32.294Z,"Direct Detail URL: https://www.google.com/maps/place/Litchfield+National+Park/@-13.2935324,130.8438128,17z/data=!4m8!3m7!1s0x2cbee22a8ad93f61:0xf0217a90db10650!8m2!3d-13.2935376!4d130.8463877!9m1!1b1!16zL20vMHBzaG0?entry=ttu&g_ep=EgoyMDI1MDkxNy4wIKXMDSoASAFQAw%3D%3D",5,Northern Territory,,False,Nice atmosphere.,,Litchfield National Park,4.8,,https://www.google.com/maps/search/?api=1&query=Litchfield%20National%20Park&query_place_id=ChIJYT_ZiiriviwRUAaxDakXAg8,,Positive
"Litchfield Park NT 0822, Australia",National park,Tourist attraction,National park,1.08145e+18,Litchfield Park,AU,0x2cbee22a8ad93f61:0xf0217a90db10650,https://lh3.googleusercontent.com/gps-cs-s/AC9h4nrEoavoeY76XGUArw7ktQYIjuKEV4NQfMjvSN7MGVtcgaHWhzXd-peC_lgQ83XmcYV9Wz5A8qhk0165yuXAXYB-dQ84nMJxZYGAjkw1BvcILJ0_PYrGMNKOC9N6eBr4n3dXTFHA=w408-h306-k-no,False,False,en,0,-13.2935376,130.8463877,DG Bowden,,en,False,ChIJYT_ZiiriviwRUAaxDakXAg8,822,,a month ago,2025-07-28T00:27:50.616Z,,,,,,,Ci9DQUlRQUNvZENodHljRjlvT21GWk9IVnllRTg0UW1keGFHbHVUMnhUYzBWWVlWRRAB,,,,,,,,,,,,,,,,,,,,,,,,,Google,https://www.google.com/maps/reviews/data=!4m8!14m7!1m6!2m5!1sCi9DQUlRQUNvZENodHljRjlvT21GWk9IVnllRTg0UW1keGFHbHVUMnhUYzBWWVlWRRAB!2m1!1s0x0:0xf0217a90db10650!3m1!1s2@1:CAIQACodChtycF9oOmFZOHVyeE84QmdxaGluT2xTc0VYYVE%7C%7C?hl=en,1.04242e+20,5,https://lh3.googleusercontent.com/a-/ALV-UjXupmaypVEDPKXm2V745AFh16eUDsWGZkHpWtKmXE9pCfBZc5M=s1920-c-rp-mo-br100,https://www.google.com/maps/contrib/104242205856542456557?hl=en,1612,2025-09-21T14:41:32.294Z,"Direct Detail URL: https://www.google.com/maps/place/Litchfield+National+Park/@-13.2935324,130.8438128,17z/data=!4m8!3m7!1s0x2cbee22a8ad93f61:0xf0217a90db10650!8m2!3d-13.2935376!4d130.8463877!9m1!1b1!16zL20vMHBzaG0?entry=ttu&g_ep=EgoyMDI1MDkxNy4wIKXMDSoASAFQAw%3D%3D",5,Northern Territory,,False,An inspiring place,,Litchfield National Park,4.8,,https://www.google.com/maps/search/?api=1&query=Litchfield%20National%20Park&query_place_id=ChIJYT_ZiiriviwRUAaxDakXAg8,,Positive
"Litchfield Park NT 0822, Australia",National park,Tourist attraction,National park,1.08145e+18,Litchfield Park,AU,0x2cbee22a8ad93f61:0xf0217a90db10650,https://lh3.googleusercontent.com/gps-cs-s/AC9h4nrEoavoeY76XGUArw7ktQYIjuKEV4NQfMjvSN7MGVtcgaHWhzXd-peC_lgQ83XmcYV9Wz5A8qhk0165yuXAXYB-dQ84nMJxZYGAjkw1BvcILJ0_PYrGMNKOC9N6eBr4n3dXTFHA=w408-h306-k-no,False,False,en,0,-13.2935376,130.8463877,Auri Parker,,en,False,ChIJYT_ZiiriviwRUAaxDakXAg8,822,,a month ago,2025-07-26T16:13:55.213Z,,,,,,,Ci9DQUlRQUNvZENodHljRjlvT25Ka2VHNUVhSGhMVWtOWGNEaFpjMnR1ZGpCd1FWRRAB,,,,,,,,,,,,,,,,,,,,,,,,,Google,https://www.google.com/maps/reviews/data=!4m8!14m7!1m6!2m5!1sCi9DQUlRQUNvZENodHljRjlvT25Ka2VHNUVhSGhMVWtOWGNEaFpjMnR1ZGpCd1FWRRAB!2m1!1s0x0:0xf0217a90db10650!3m1!1s2@1:CAIQACodChtycF9oOnJkeG5EaHhLUkNXcDhZc2tudjBwQVE%7C%7C?hl=en,1.15146e+20,6,https://lh3.googleusercontent.com/a-/ALV-UjXFNmIA3swA7KItoPwB-8hze6_8OMIL1JpqE_ApDYnalO1GmeIS=s1920-c-rp-mo-br100,https://www.google.com/maps/contrib/115145720343231700465?hl=en,1612,2025-09-21T14:41:32.294Z,"Direct Detail URL: https://www.google.com/maps/place/Litchfield+National+Park/@-13.2935324,130.8438128,17z/data=!4m8!3m7!1s0x2cbee22a8ad93f61:0xf0217a90db10650!8m2!3d-13.2935376!4d130.8463877!9m1!1b1!16zL20vMHBzaG0?entry=ttu&g_ep=EgoyMDI1MDkxNy4wIKXMDSoASAFQAw%3D%3D",3,Northern Territory,,False,"A pretty hot dry walk up to the top falls. Would be better with the lower falls open too, otherwise: could skip.",,Litchfield National Park,4.8,,https://www.google.com/maps/search/?api=1&query=Litchfield%20National%20Park&query_place_id=ChIJYT_ZiiriviwRUAaxDakXAg8,,Positive
"Litchfield Park NT 0822, Australia",National park,Tourist attraction,National park,1.08145e+18,Litchfield Park,AU,0x2cbee22a8ad93f61:0xf0217a90db10650,https://lh3.googleusercontent.com/gps-cs-s/AC9h4nrEoavoeY76XGUArw7ktQYIjuKEV4NQfMjvSN7MGVtcgaHWhzXd-peC_lgQ83XmcYV9Wz5A8qhk0165yuXAXYB-dQ84nMJxZYGAjkw1BvcILJ0_PYrGMNKOC9N6eBr4n3dXTFHA=w408-h306-k-no,False,False,en,0,-13.2935376,130.8463877,Chris Kirke,,,False,ChIJYT_ZiiriviwRUAaxDakXAg8,822,,a month ago,2025-07-25T03:07:50.726Z,,,,,,,Ci9DQUlRQUNvZENodHljRjlvT2pkNE0yOWhjMU5XWld4WVZrOTBTVmhGY21aMVQxRRAB,,,,,,,,,,,,,,,,,,,,,,,,,Google,https://www.google.com/maps/reviews/data=!4m8!14m7!1m6!2m5!1sCi9DQUlRQUNvZENodHljRjlvT2pkNE0yOWhjMU5XWld4WVZrOTBTVmhGY21aMVQxRRAB!2m1!1s0x0:0xf0217a90db10650!3m1!1s2@1:CAIQACodChtycF9oOjd4M29hc1NWZWxYVk90SVhFcmZ1T1E%7C%7C?hl=en,1.1701e+20,6,https://lh3.googleusercontent.com/a/ACg8ocKcTFe_YdksQguUb-TClVoUh2GTLYdZxTg_EcruW_awXATQxA=s1920-c-rp-mo-br100,https://www.google.com/maps/contrib/117009641943328135723?hl=en,1612,2025-09-21T14:41:32.294Z,"Direct Detail URL: https://www.google.com/maps/place/Litchfield+National+Park/@-13.2935324,130.8438128,17z/data=!4m8!3m7!1s0x2cbee22a8ad93f61:0xf0217a90db10650!8m2!3d-13.2935376!4d130.8463877!9m1!1b1!16zL20vMHBzaG0?entry=ttu&g_ep=EgoyMDI1MDkxNy4wIKXMDSoASAFQAw%3D%3D",5,Northern Territory,,False,,,Litchfield National Park,4.8,,https://www.google.com/maps/search/?api=1&query=Litchfield%20National%20Park&query_place_id=ChIJYT_ZiiriviwRUAaxDakXAg8,,Positive
"Litchfield Park NT 0822, Australia",National park,Tourist attraction,National park,1.08145e+18,Litchfield Park,AU,0x2cbee22a8ad93f61:0xf0217a90db10650,https://lh3.googleusercontent.com/gps-cs-s/AC9h4nrEoavoeY76XGUArw7ktQYIjuKEV4NQfMjvSN7MGVtcgaHWhzXd-peC_lgQ83XmcYV9Wz5A8qhk0165yuXAXYB-dQ84nMJxZYGAjkw1BvcILJ0_PYrGMNKOC9N6eBr4n3dXTFHA=w408-h306-k-no,False,True,en,0,-13.2935376,130.8463877,Antonio Luis,,en,False,ChIJYT_ZiiriviwRUAaxDakXAg8,822,,a month ago,2025-07-23T05:21:45.961Z,,,,,,,Ci9DQUlRQUNvZENodHljRjlvT21wSlMxQk1ZbGxKZUMxYWNYQXRhMnhVTFRaM1psRRAB,,,,,,,,,,,,,,,,,,,,,,,,,Google,https://www.google.com/maps/reviews/data=!4m8!14m7!1m6!2m5!1sCi9DQUlRQUNvZENodHljRjlvT21wSlMxQk1ZbGxKZUMxYWNYQXRhMnhVTFRaM1psRRAB!2m1!1s0x0:0xf0217a90db10650!3m1!1s2@1:CAIQACodChtycF9oOmpJS1BMYllJeC1acXAta2xULTZ3ZlE%7C%7C?hl=en,1.1832e+20,207,https://lh3.googleusercontent.com/a/ACg8ocI41XUZxx_AIEk7_GQCMMjeBfm5Vgjobaigod9tqpTFc8o1rQ=s1920-c-rp-mo-ba4-br100,https://www.google.com/maps/contrib/118320258832213374473?hl=en,1612,2025-09-21T14:41:32.294Z,"Direct Detail URL: https://www.google.com/maps/place/Litchfield+National+Park/@-13.2935324,130.8438128,17z/data=!4m8!3m7!1s0x2cbee22a8ad93f61:0xf0217a90db10650!8m2!3d-13.2935376!4d130.8463877!9m1!1b1!16zL20vMHBzaG0?entry=ttu&g_ep=EgoyMDI1MDkxNy4wIKXMDSoASAFQAw%3D%3D",4,Northern Territory,,False,So much to do and see a lot nice and better than kakadu,,Litchfield National Park,4.8,,https://www.google.com/maps/search/?api=1&query=Litchfield%20National%20Park&query_place_id=ChIJYT_ZiiriviwRUAaxDakXAg8,,Positive
"Litchfield Park NT 0822, Australia",National park,Tourist attraction,National park,1.08145e+18,Litchfield Park,AU,0x2cbee22a8ad93f61:0xf0217a90db10650,https://lh3.googleusercontent.com/gps-cs-s/AC9h4nrEoavoeY76XGUArw7ktQYIjuKEV4NQfMjvSN7MGVtcgaHWhzXd-peC_lgQ83XmcYV9Wz5A8qhk0165yuXAXYB-dQ84nMJxZYGAjkw1BvcILJ0_PYrGMNKOC9N6eBr4n3dXTFHA=w408-h306-k-no,False,True,en,0,-13.2935376,130.8463877,Ye,,en,False,ChIJYT_ZiiriviwRUAaxDakXAg8,822,,a month ago,2025-07-22T04:05:05.480Z,,,,No Dogs allowed.,,Toilets available near the car park.,Ci9DQUlRQUNvZENodHljRjlvT2pGaFFUZENiVE14Y210MFpuVTVTR05qVG5aeFZGRRAB,https://lh3.googleusercontent.com/geougc-cs/AB3l90CjqkB7j9NjMAr5XSuOKdfbfKXQwTJWWxRUHU5uTKnF-HW1Nxf14885FVqKpsxQZRkUdpnR4nhFdfWp3_XjkTmgRIL6Ogv650HSaPvsnJT9ENDDD-EntQAcljhXcd4lOaBFDwUNPjvw6QzA,https://lh3.googleusercontent.com/geougc-cs/AB3l90CvDP-zbNyLNKhokv0g8dI6ieVF14LWqLWAn2maGduw2je7C04Z5X8HptfsGk6ObPRL19oAn8bJcLdOwt20Yj1y6wd7h3cvWUqBqNdYeFjr6RGTy37eDIW2CHqypGWKAbqO6_A4yxKAJehK,https://lh3.googleusercontent.com/geougc-cs/AB3l90BFMtEYjS7D50dXsD381QZQTF5ne3kmEWUScYgZjN30A_OlPUNB1113A4f7sKjLjUgOo7xKEYIB34xPvwaagHl8AgnGAIWk3Ahbw7-xY7houMZynE8ShpustS5ufy0AMZ5XZvZvYxhuJtRJ,https://lh3.googleusercontent.com/geougc-cs/AB3l90CnetRvXQZHESorPNDgZK8RJ5Atwebjm4PyaUcxCvSzV6tHfWlOyHhn_gqQjO9cGxIfrULbwU_HsTlk3D4YVlhG6_u2Tp4QDXEQms9oH6J3tRUuXlG0xs-sN5RelCrUqF1r1dcUlMsi35uG,,,,,,,,,,,,,,,,,,,,,Google,https://www.google.com/maps/reviews/data=!4m8!14m7!1m6!2m5!1sCi9DQUlRQUNvZENodHljRjlvT2pGaFFUZENiVE14Y210MFpuVTVTR05qVG5aeFZGRRAB!2m1!1s0x0:0xf0217a90db10650!3m1!1s2@1:CAIQACodChtycF9oOjFhQTdCbTMxcmt0ZnU5SGNjTnZxVFE%7C%7C?hl=en,1.01437e+20,250,https://lh3.googleusercontent.com/a-/ALV-UjXfsDklO8Pe-8AYkBMObS6C39tRcE1lI0sqz1TNoVX7DbuBGyFj=s1920-c-rp-mo-ba4-br100,https://www.google.com/maps/contrib/101436799561468683319?hl=en,1612,2025-09-21T14:41:32.294Z,"Direct Detail URL: https://www.google.com/maps/place/Litchfield+National+Park/@-13.2935324,130.8438128,17z/data=!4m8!3m7!1s0x2cbee22a8ad93f61:0xf0217a90db10650!8m2!3d-13.2935376!4d130.8463877!9m1!1b1!16zL20vMHBzaG0?entry=ttu&g_ep=EgoyMDI1MDkxNy4wIKXMDSoASAFQAw%3D%3D",5,Northern Territory,,False,"First we visited Florence falls bit of a walk but no issues for me so tip don't carry to much stuff and bring water. Our 2nd destination was Wangi Falls, So beautiful with the scenery for a family/friends trip place was clean and maintain lots of parking including your caravans for interstate visitors, Toilets facilities are clean and maintain. Definitely coming back in the future.
BRING YOUR RUBBISH WITH YOU STOP LITTERING.",,Litchfield National Park,4.8,,https://www.google.com/maps/search/?api=1&query=Litchfield%20National%20Park&query_place_id=ChIJYT_ZiiriviwRUAaxDakXAg8,,Positive
"Litchfield Park NT 0822, Australia",National park,Tourist attraction,National park,1.08145e+18,Litchfield Park,AU,0x2cbee22a8ad93f61:0xf0217a90db10650,https://lh3.googleusercontent.com/gps-cs-s/AC9h4nrEoavoeY76XGUArw7ktQYIjuKEV4NQfMjvSN7MGVtcgaHWhzXd-peC_lgQ83XmcYV9Wz5A8qhk0165yuXAXYB-dQ84nMJxZYGAjkw1BvcILJ0_PYrGMNKOC9N6eBr4n3dXTFHA=w408-h306-k-no,False,True,en,0,-13.2935376,130.8463877,mohamad saad,,,False,ChIJYT_ZiiriviwRUAaxDakXAg8,822,,2 months ago,2025-07-21T10:52:08.996Z,,,,,,,Ci9DQUlRQUNvZENodHljRjlvT25kV05ucDNRbTlDU25oeFlVWlBiMFJNVEROclNYYxAB,,,,,,,,,,,,,,,,,,,,,,,,,Google,https://www.google.com/maps/reviews/data=!4m8!14m7!1m6!2m5!1sCi9DQUlRQUNvZENodHljRjlvT25kV05ucDNRbTlDU25oeFlVWlBiMFJNVEROclNYYxAB!2m1!1s0x0:0xf0217a90db10650!3m1!1s2@1:CAIQACodChtycF9oOndWNnp3Qm9CSnhxYUZPb0RMTDNrSXc%7C%7C?hl=en,1.06045e+20,7,https://lh3.googleusercontent.com/a-/ALV-UjXp2LrWvVGwD2yUdTZmJRJVZ62gRU-ivi4lE0KOvmdHtfnFYJs=s1920-c-rp-mo-ba2-br100,https://www.google.com/maps/contrib/106044594810899317208?hl=en,1612,2025-09-21T14:41:32.294Z,"Direct Detail URL: https://www.google.com/maps/place/Litchfield+National+Park/@-13.2935324,130.8438128,17z/data=!4m8!3m7!1s0x2cbee22a8ad93f61:0xf0217a90db10650!8m2!3d-13.2935376!4d130.8463877!9m1!1b1!16zL20vMHBzaG0?entry=ttu&g_ep=EgoyMDI1MDkxNy4wIKXMDSoASAFQAw%3D%3D",4,Northern Territory,,False,,,Litchfield National Park,4.8,,https://www.google.com/maps/search/?api=1&query=Litchfield%20National%20Park&query_place_id=ChIJYT_ZiiriviwRUAaxDakXAg8,,Positive
"Litchfield Park NT 0822, Australia",National park,Tourist attraction,National park,1.08145e+18,Litchfield Park,AU,0x2cbee22a8ad93f61:0xf0217a90db10650,https://lh3.googleusercontent.com/gps-cs-s/AC9h4nrEoavoeY76XGUArw7ktQYIjuKEV4NQfMjvSN7MGVtcgaHWhzXd-peC_lgQ83XmcYV9Wz5A8qhk0165yuXAXYB-dQ84nMJxZYGAjkw1BvcILJ0_PYrGMNKOC9N6eBr4n3dXTFHA=w408-h306-k-no,False,True,en,0,-13.2935376,130.8463877,Sam Sammut,,en,False,ChIJYT_ZiiriviwRUAaxDakXAg8,822,,2 months ago,2025-07-20T07:30:54.391Z,,,,,,,Ci9DQUlRQUNvZENodHljRjlvT2pKWVlsbERTVEZPWjBOT01GZHpMVGxWTjFCcUxVRRAB,,,,,,,,,,,,,,,,,,,,,,,,,Google,https://www.google.com/maps/reviews/data=!4m8!14m7!1m6!2m5!1sCi9DQUlRQUNvZENodHljRjlvT2pKWVlsbERTVEZPWjBOT01GZHpMVGxWTjFCcUxVRRAB!2m1!1s0x0:0xf0217a90db10650!3m1!1s2@1:CAIQACodChtycF9oOjJYYllDSTFOZ0NOMFdzLTlVN1BqLUE%7C%7C?hl=en,1.07534e+20,15,https://lh3.googleusercontent.com/a/ACg8ocK-xdF9JelsWyEbzkYabBLvbVpr2z3oDnq0m6sHmgxdad1qhA=s1920-c-rp-mo-ba2-br100,https://www.google.com/maps/contrib/107533741524108854423?hl=en,1612,2025-09-21T14:41:32.294Z,"Direct Detail URL: https://www.google.com/maps/place/Litchfield+National+Park/@-13.2935324,130.8438128,17z/data=!4m8!3m7!1s0x2cbee22a8ad93f61:0xf0217a90db10650!8m2!3d-13.2935376!4d130.8463877!9m1!1b1!16zL20vMHBzaG0?entry=ttu&g_ep=EgoyMDI1MDkxNy4wIKXMDSoASAFQAw%3D%3D",5,Northern Territory,,False,Loooooooooooved it 🐊🐊 it’s a must while in Darwin!,,Litchfield National Park,4.8,,https://www.google.com/maps/search/?api=1&query=Litchfield%20National%20Park&query_place_id=ChIJYT_ZiiriviwRUAaxDakXAg8,,Neutral
"Litchfield Park NT 0822, Australia",National park,Tourist attraction,National park,1.08145e+18,Litchfield Park,AU,0x2cbee22a8ad93f61:0xf0217a90db10650,https://lh3.googleusercontent.com/gps-cs-s/AC9h4nrEoavoeY76XGUArw7ktQYIjuKEV4NQfMjvSN7MGVtcgaHWhzXd-peC_lgQ83XmcYV9Wz5A8qhk0165yuXAXYB-dQ84nMJxZYGAjkw1BvcILJ0_PYrGMNKOC9N6eBr4n3dXTFHA=w408-h306-k-no,False,True,en,0,-13.2935376,130.8463877,Alan Dockeray,,en,False,ChIJYT_ZiiriviwRUAaxDakXAg8,822,,2 months ago,2025-07-19T01:30:17.797Z,,,,,,,Ci9DQUlRQUNvZENodHljRjlvT25wRGJXVnFUbWxIV0hwak1VWnZURU50TlhwR2VYYxAB,https://lh3.googleusercontent.com/geougc-cs/AB3l90C84ipGaddfjK66kXoFihjLg5T1cuar7VZTXnrvSKHWXmOtMf_k9Wllr_0G1FEKbn7QUBIY-hhI2GQbKYfeoN3AihoUiEN90bC4lQxs-TUkG0FJOIfZ6nFE3IQUdSooVOUpyj9m8cUhIkkh,https://lh3.googleusercontent.com/geougc-cs/AB3l90DR0KH7XIQA5gO_sD6-UjuHquUsrSuJjjM3VFPczZ2Y1aSj3h7-S75BmwrX9wfir27Ad6RHH4RQ0Ozb7HEedKxp7CpKSv18_A_bgCMn2jgDZOCy8x_nt24rKvUOtLHIEae8VpJjcFWS5Dk,https://lh3.googleusercontent.com/geougc-cs/AB3l90CvB7Ujo1JgAqdGZUbylHJIOalpSMSoHtYNF7DSHr4-blIe-3a3WxeYS10k5Any6AOEtRcH2fMXA9yUP1UlamX63WAe3-ZdUENqE8f8x9YThHY4ERbq4bf1cJxKjFgvIdsF_E955FVUhi5O,https://lh3.googleusercontent.com/geougc-cs/AB3l90AH5KT3E6BZtfEMBAmNHzYJxeEWZT8OYu-7ZXhQNrJRNi7kDp9ZBrwCLUKH_41J3UNRBLvr54zMjWehZkCtyzgjyGfji6xOf7kFr5BLQ6wkmjK3cGOa_kiVUWcxUEaKNwFwBIjk58mt4lxw,https://lh3.googleusercontent.com/geougc-cs/AB3l90DVv-8gN3hD3W7StTGtpYbQz-jR5xpp_fIqz9gKKtJidl2qEOOGlLBXeUhSDAI5FjngHxNP3ph4LUxOotpUIrfwfFalBODRjdtQla8FE4ga663d4D4Y3FWNiZtwAMxN1RIUuiDwKQjrDemH,https://lh3.googleusercontent.com/geougc-cs/AB3l90B06m30HU-5aNPu19jFpKvQCl3Rzz39wJ1HfXlQpUQnqG4tnSIxqu1TSwN6JVFcAgwgDx1aEzlKgP5-Dusvp9xzfIarT18E0XBnYt-2C3P1rt58pAWf0dswQksa_4k_sg-_GggrxQwqSytk,https://lh3.googleusercontent.com/geougc-cs/AB3l90Cl9OCBy_8OO2NaacHzes7f2bZXYmO3mmtRVwGTaJzuq8A3CWzoxSMTcbyW2ldCi2h2nq5h_F4v4kHXM_a1nmlpkpv-t5p-EfJkO06ysBsVkJ5vt0rZtTkbiXYjO83t98hDxYXaiTlE2hJ7,,,,,,,,,,,,,,,,,,Google,https://www.google.com/maps/reviews/data=!4m8!14m7!1m6!2m5!1sCi9DQUlRQUNvZENodHljRjlvT25wRGJXVnFUbWxIV0hwak1VWnZURU50TlhwR2VYYxAB!2m1!1s0x0:0xf0217a90db10650!3m1!1s2@1:CAIQACodChtycF9oOnpDbWVqTmlHWHpjMUZvTENtNXpGeXc%7C%7C?hl=en,1.17662e+20,17,https://lh3.googleusercontent.com/a-/ALV-UjXgnu32zJ5dyhbnIZZVWAFt99K4_q4idbqPTlwt_fl4L59hSImn=s1920-c-rp-mo-ba2-br100,https://www.google.com/maps/contrib/117662162610257115655?hl=en,1612,2025-09-21T14:41:32.294Z,"Direct Detail URL: https://www.google.com/maps/place/Litchfield+National+Park/@-13.2935324,130.8438128,17z/data=!4m8!3m7!1s0x2cbee22a8ad93f61:0xf0217a90db10650!8m2!3d-13.2935376!4d130.8463877!9m1!1b1!16zL20vMHBzaG0?entry=ttu&g_ep=EgoyMDI1MDkxNy4wIKXMDSoASAFQAw%3D%3D",5,Northern Territory,,False,"Beautiful part filled with waterfalls and spectacular views, and giany Termite mounds. A great day out. Finished off with a visit to The Humpty Doo pub.",,Litchfield National Park,4.8,,https://www.google.com/maps/search/?api=1&query=Litchfield%20National%20Park&query_place_id=ChIJYT_ZiiriviwRUAaxDakXAg8,,Positive
"Litchfield Park NT 0822, Australia",National park,Tourist attraction,National park,1.08145e+18,Litchfield Park,AU,0x2cbee22a8ad93f61:0xf0217a90db10650,https://lh3.googleusercontent.com/gps-cs-s/AC9h4nrEoavoeY76XGUArw7ktQYIjuKEV4NQfMjvSN7MGVtcgaHWhzXd-peC_lgQ83XmcYV9Wz5A8qhk0165yuXAXYB-dQ84nMJxZYGAjkw1BvcILJ0_PYrGMNKOC9N6eBr4n3dXTFHA=w408-h306-k-no,False,True,en,0,-13.2935376,130.8463877,Elaine Looby,,,False,ChIJYT_ZiiriviwRUAaxDakXAg8,822,,2 months ago,2025-07-18T02:59:45.907Z,,,,,,,Ci9DQUlRQUNvZENodHljRjlvT2tSYWRrSjJTVlV3U0Rac1RIcDFjMGgyUmtKTWFHYxAB,,,,,,,,,,,,,,,,,,,,,,,,,Google,https://www.google.com/maps/reviews/data=!4m8!14m7!1m6!2m5!1sCi9DQUlRQUNvZENodHljRjlvT2tSYWRrSjJTVlV3U0Rac1RIcDFjMGgyUmtKTWFHYxAB!2m1!1s0x0:0xf0217a90db10650!3m1!1s2@1:CAIQACodChtycF9oOkRadkJ2SVUwSDZsTHp1c0h2RkJMaGc%7C%7C?hl=en,1.10526e+20,38,https://lh3.googleusercontent.com/a-/ALV-UjW7tCQ3vsG-4GzKUnhpzWTR4xPkx_cHsiPkpJQhnVin1srIQkX0=s1920-c-rp-mo-ba3-br100,https://www.google.com/maps/contrib/110525808504555211240?hl=en,1612,2025-09-21T14:41:32.294Z,"Direct Detail URL: https://www.google.com/maps/place/Litchfield+National+Park/@-13.2935324,130.8438128,17z/data=!4m8!3m7!1s0x2cbee22a8ad93f61:0xf0217a90db10650!8m2!3d-13.2935376!4d130.8463877!9m1!1b1!16zL20vMHBzaG0?entry=ttu&g_ep=EgoyMDI1MDkxNy4wIKXMDSoASAFQAw%3D%3D",5,Northern Territory,,False,,,Litchfield National Park,4.8,,https://www.google.com/maps/search/?api=1&query=Litchfield%20National%20Park&query_place_id=ChIJYT_ZiiriviwRUAaxDakXAg8,,Positive
"Litchfield Park NT 0822, Australia",National park,Tourist attraction,National park,1.08145e+18,Litchfield Park,AU,0x2cbee22a8ad93f61:0xf0217a90db10650,https://lh3.googleusercontent.com/gps-cs-s/AC9h4nrEoavoeY76XGUArw7ktQYIjuKEV4NQfMjvSN7MGVtcgaHWhzXd-peC_lgQ83XmcYV9Wz5A8qhk0165yuXAXYB-dQ84nMJxZYGAjkw1BvcILJ0_PYrGMNKOC9N6eBr4n3dXTFHA=w408-h306-k-no,False,False,en,0,-13.2935376,130.8463877,Lee Trigg,,,False,ChIJYT_ZiiriviwRUAaxDakXAg8,822,,2 months ago,2025-07-17T11:19:15.641Z,,,,,,,Ci9DQUlRQUNvZENodHljRjlvT2xkSmEwMXdNamhQYUdNNFpubE5ZMFJJTlVWV2FHYxAB,,,,,,,,,,,,,,,,,,,,,,,,,Google,https://www.google.com/maps/reviews/data=!4m8!14m7!1m6!2m5!1sCi9DQUlRQUNvZENodHljRjlvT2xkSmEwMXdNamhQYUdNNFpubE5ZMFJJTlVWV2FHYxAB!2m1!1s0x0:0xf0217a90db10650!3m1!1s2@1:CAIQACodChtycF9oOldJa01wMjhPaGM4ZnlNY0RINUVWaGc%7C%7C?hl=en,1.02938e+20,13,https://lh3.googleusercontent.com/a-/ALV-UjVrcXpR9QOe0lc0tPRLBlQIiS_vDooQOvxCw3polUcm9rxGgxQ=s1920-c-rp-mo-br100,https://www.google.com/maps/contrib/102937865396772856471?hl=en,1612,2025-09-21T14:41:32.294Z,"Direct Detail URL: https://www.google.com/maps/place/Litchfield+National+Park/@-13.2935324,130.8438128,17z/data=!4m8!3m7!1s0x2cbee22a8ad93f61:0xf0217a90db10650!8m2!3d-13.2935376!4d130.8463877!9m1!1b1!16zL20vMHBzaG0?entry=ttu&g_ep=EgoyMDI1MDkxNy4wIKXMDSoASAFQAw%3D%3D",5,Northern Territory,,False,,,Litchfield National Park,4.8,,https://www.google.com/maps/search/?api=1&query=Litchfield%20National%20Park&query_place_id=ChIJYT_ZiiriviwRUAaxDakXAg8,,Positive
"Litchfield Park NT 0822, Australia",National park,Tourist attraction,National park,1.08145e+18,Litchfield Park,AU,0x2cbee22a8ad93f61:0xf0217a90db10650,https://lh3.googleusercontent.com/gps-cs-s/AC9h4nrEoavoeY76XGUArw7ktQYIjuKEV4NQfMjvSN7MGVtcgaHWhzXd-peC_lgQ83XmcYV9Wz5A8qhk0165yuXAXYB-dQ84nMJxZYGAjkw1BvcILJ0_PYrGMNKOC9N6eBr4n3dXTFHA=w408-h306-k-no,False,False,en,0,-13.2935376,130.8463877,Sandesh Bhattarai,,,False,ChIJYT_ZiiriviwRUAaxDakXAg8,822,,2 months ago,2025-07-15T12:58:50.955Z,,,,,,,Ci9DQUlRQUNvZENodHljRjlvT210aFQybEdWMHRJUjFWaFFVVXdjQzFPWm1KeVNIYxAB,,,,,,,,,,,,,,,,,,,,,,,,,Google,https://www.google.com/maps/reviews/data=!4m8!14m7!1m6!2m5!1sCi9DQUlRQUNvZENodHljRjlvT210aFQybEdWMHRJUjFWaFFVVXdjQzFPWm1KeVNIYxAB!2m1!1s0x0:0xf0217a90db10650!3m1!1s2@1:CAIQACodChtycF9oOmthT2lGV0tIR1VhQUUwcC1OZmJySHc%7C%7C?hl=en,1.18248e+20,5,https://lh3.googleusercontent.com/a/ACg8ocKVR43lo5W5KbG9z1nT9eEaR0RRP_sR_WklIl42ap1LyrRn1Q=s1920-c-rp-mo-br100,https://www.google.com/maps/contrib/118248382039475441840?hl=en,1612,2025-09-21T14:41:32.294Z,"Direct Detail URL: https://www.google.com/maps/place/Litchfield+National+Park/@-13.2935324,130.8438128,17z/data=!4m8!3m7!1s0x2cbee22a8ad93f61:0xf0217a90db10650!8m2!3d-13.2935376!4d130.8463877!9m1!1b1!16zL20vMHBzaG0?entry=ttu&g_ep=EgoyMDI1MDkxNy4wIKXMDSoASAFQAw%3D%3D",5,Northern Territory,,False,,,Litchfield National Park,4.8,,https://www.google.com/maps/search/?api=1&query=Litchfield%20National%20Park&query_place_id=ChIJYT_ZiiriviwRUAaxDakXAg8,,Positive
"Litchfield Park NT 0822, Australia",National park,Tourist attraction,National park,1.08145e+18,Litchfield Park,AU,0x2cbee22a8ad93f61:0xf0217a90db10650,https://lh3.googleusercontent.com/gps-cs-s/AC9h4nrEoavoeY76XGUArw7ktQYIjuKEV4NQfMjvSN7MGVtcgaHWhzXd-peC_lgQ83XmcYV9Wz5A8qhk0165yuXAXYB-dQ84nMJxZYGAjkw1BvcILJ0_PYrGMNKOC9N6eBr4n3dXTFHA=w408-h306-k-no,False,True,en,0,-13.2935376,130.8463877,LBW,,en,False,ChIJYT_ZiiriviwRUAaxDakXAg8,822,,2 months ago,2025-07-13T20:48:39.878Z,,,,,,,Ci9DQUlRQUNvZENodHljRjlvT25vM1VqTjVaV0pCYTFGa1l6Z3RkME5VYzNOQlRWRRAB,,,,,,,,,,,,,,,,,,,,,,,,,Google,https://www.google.com/maps/reviews/data=!4m8!14m7!1m6!2m5!1sCi9DQUlRQUNvZENodHljRjlvT25vM1VqTjVaV0pCYTFGa1l6Z3RkME5VYzNOQlRWRRAB!2m1!1s0x0:0xf0217a90db10650!3m1!1s2@1:CAIQACodChtycF9oOno3UjN5ZWJBa1FkYzgtd0NUc3NBTVE%7C%7C?hl=en,1.15493e+20,159,https://lh3.googleusercontent.com/a-/ALV-UjWrcA854V4giC2h8XmVoqEcuN0JdtHwg_UX_WREYY3lPCHJ3SQD4A=s1920-c-rp-mo-ba4-br100,https://www.google.com/maps/contrib/115492787012263551946?hl=en,1612,2025-09-21T14:41:32.294Z,"Direct Detail URL: https://www.google.com/maps/place/Litchfield+National+Park/@-13.2935324,130.8438128,17z/data=!4m8!3m7!1s0x2cbee22a8ad93f61:0xf0217a90db10650!8m2!3d-13.2935376!4d130.8463877!9m1!1b1!16zL20vMHBzaG0?entry=ttu&g_ep=EgoyMDI1MDkxNy4wIKXMDSoASAFQAw%3D%3D",5,Northern Territory,,False,Another great National Park. Some amazing rock pools and waterfalls to visit.,,Litchfield National Park,4.8,,https://www.google.com/maps/search/?api=1&query=Litchfield%20National%20Park&query_place_id=ChIJYT_ZiiriviwRUAaxDakXAg8,,Positive
"Litchfield Park NT 0822, Australia",National park,Tourist attraction,National park,1.08145e+18,Litchfield Park,AU,0x2cbee22a8ad93f61:0xf0217a90db10650,https://lh3.googleusercontent.com/gps-cs-s/AC9h4nrEoavoeY76XGUArw7ktQYIjuKEV4NQfMjvSN7MGVtcgaHWhzXd-peC_lgQ83XmcYV9Wz5A8qhk0165yuXAXYB-dQ84nMJxZYGAjkw1BvcILJ0_PYrGMNKOC9N6eBr4n3dXTFHA=w408-h306-k-no,False,True,en,0,-13.2935376,130.8463877,Michelle Everett,,,False,ChIJYT_ZiiriviwRUAaxDakXAg8,822,,2 months ago,2025-07-13T01:12:53.558Z,,,,,,,Ci9DQUlRQUNvZENodHljRjlvT2xGbmJuVjBTMGxHTjB4SFJVZExaM054U1RocFgyYxAB,,,,,,,,,,,,,,,,,,,,,,,,,Google,https://www.google.com/maps/reviews/data=!4m8!14m7!1m6!2m5!1sCi9DQUlRQUNvZENodHljRjlvT2xGbmJuVjBTMGxHTjB4SFJVZExaM054U1RocFgyYxAB!2m1!1s0x0:0xf0217a90db10650!3m1!1s2@1:CAIQACodChtycF9oOlFnbnV0S0lGN0xHRUdLZ3NxSThpX2c%7C%7C?hl=en,1.16805e+20,15,https://lh3.googleusercontent.com/a/ACg8ocJlXn2EtVnfUPCePlG70OyqDfcMpDqMv21b5mtujV9vGOkonw=s1920-c-rp-mo-ba2-br100,https://www.google.com/maps/contrib/116804667510338136893?hl=en,1612,2025-09-21T14:41:32.294Z,"Direct Detail URL: https://www.google.com/maps/place/Litchfield+National+Park/@-13.2935324,130.8438128,17z/data=!4m8!3m7!1s0x2cbee22a8ad93f61:0xf0217a90db10650!8m2!3d-13.2935376!4d130.8463877!9m1!1b1!16zL20vMHBzaG0?entry=ttu&g_ep=EgoyMDI1MDkxNy4wIKXMDSoASAFQAw%3D%3D",5,Northern Territory,,False,,,Litchfield National Park,4.8,,https://www.google.com/maps/search/?api=1&query=Litchfield%20National%20Park&query_place_id=ChIJYT_ZiiriviwRUAaxDakXAg8,,Positive
"Litchfield Park NT 0822, Australia",National park,Tourist attraction,National park,1.08145e+18,Litchfield Park,AU,0x2cbee22a8ad93f61:0xf0217a90db10650,https://lh3.googleusercontent.com/gps-cs-s/AC9h4nrEoavoeY76XGUArw7ktQYIjuKEV4NQfMjvSN7MGVtcgaHWhzXd-peC_lgQ83XmcYV9Wz5A8qhk0165yuXAXYB-dQ84nMJxZYGAjkw1BvcILJ0_PYrGMNKOC9N6eBr4n3dXTFHA=w408-h306-k-no,False,False,en,0,-13.2935376,130.8463877,William Curry,,,False,ChIJYT_ZiiriviwRUAaxDakXAg8,822,,2 months ago,2025-07-11T15:28:07.590Z,,,,,,,Ci9DQUlRQUNvZENodHljRjlvT2pkV2VVWkpTa1k1VUZKZmRWaGFjRVoxUWtnM1gxRRAB,,,,,,,,,,,,,,,,,,,,,,,,,Google,https://www.google.com/maps/reviews/data=!4m8!14m7!1m6!2m5!1sCi9DQUlRQUNvZENodHljRjlvT2pkV2VVWkpTa1k1VUZKZmRWaGFjRVoxUWtnM1gxRRAB!2m1!1s0x0:0xf0217a90db10650!3m1!1s2@1:CAIQACodChtycF9oOjdWeUZJSkY5UFJfdVhacEZ1Qkg3X1E%7C%7C?hl=en,1.07765e+20,0,https://lh3.googleusercontent.com/a-/ALV-UjUV9ASXFz0qcCbAdcD54RwuDKG-jXH1j-s5IuExeIGx7s4F4Gk=s1920-c-rp-mo-br100,https://www.google.com/maps/contrib/107764794314020487389?hl=en,1612,2025-09-21T14:41:32.294Z,"Direct Detail URL: https://www.google.com/maps/place/Litchfield+National+Park/@-13.2935324,130.8438128,17z/data=!4m8!3m7!1s0x2cbee22a8ad93f61:0xf0217a90db10650!8m2!3d-13.2935376!4d130.8463877!9m1!1b1!16zL20vMHBzaG0?entry=ttu&g_ep=EgoyMDI1MDkxNy4wIKXMDSoASAFQAw%3D%3D",1,Northern Territory,,False,,,Litchfield National Park,4.8,,https://www.google.com/maps/search/?api=1&query=Litchfield%20National%20Park&query_place_id=ChIJYT_ZiiriviwRUAaxDakXAg8,,Negative
"Litchfield Park NT 0822, Australia",National park,Tourist attraction,National park,1.08145e+18,Litchfield Park,AU,0x2cbee22a8ad93f61:0xf0217a90db10650,https://lh3.googleusercontent.com/gps-cs-s/AC9h4nrEoavoeY76XGUArw7ktQYIjuKEV4NQfMjvSN7MGVtcgaHWhzXd-peC_lgQ83XmcYV9Wz5A8qhk0165yuXAXYB-dQ84nMJxZYGAjkw1BvcILJ0_PYrGMNKOC9N6eBr4n3dXTFHA=w408-h306-k-no,False,True,en,0,-13.2935376,130.8463877,Andrew Turek,,en,False,ChIJYT_ZiiriviwRUAaxDakXAg8,822,,2 months ago,2025-07-10T06:18:32.096Z,,,,,,,Ci9DQUlRQUNvZENodHljRjlvT2tSa2EzbFhla1F4UTNoTllXVjBNazgxU1hSRGJrRRAB,https://lh3.googleusercontent.com/geougc-cs/AB3l90DyjrVitvvu5ENlfwBhz165UrnMwc7GzUjRdGag_PUyFlZp-1axMsJCEDqmAc7DrJ8AaP3AX-YuD5b932aaMcwTQPLcSkqeAULtwoZEXYYPnBkajVPSBLqosaqBgJJmF7FOZ5hHUv4M576h,,,,,,,,,,,,,,,,,,,,,,,,Google,https://www.google.com/maps/reviews/data=!4m8!14m7!1m6!2m5!1sCi9DQUlRQUNvZENodHljRjlvT2tSa2EzbFhla1F4UTNoTllXVjBNazgxU1hSRGJrRRAB!2m1!1s0x0:0xf0217a90db10650!3m1!1s2@1:CAIQACodChtycF9oOkRka3lXekQxQ3hNYWV0Mk81SXRDbkE%7C%7C?hl=en,1.01069e+20,63,https://lh3.googleusercontent.com/a-/ALV-UjVFdxA5s3-oPO4098DDpszhq_OnsOoXX8glGog6DmCwySoPTHw=s1920-c-rp-mo-ba4-br100,https://www.google.com/maps/contrib/101069261481622821268?hl=en,1612,2025-09-21T14:41:32.294Z,"Direct Detail URL: https://www.google.com/maps/place/Litchfield+National+Park/@-13.2935324,130.8438128,17z/data=!4m8!3m7!1s0x2cbee22a8ad93f61:0xf0217a90db10650!8m2!3d-13.2935376!4d130.8463877!9m1!1b1!16zL20vMHBzaG0?entry=ttu&g_ep=EgoyMDI1MDkxNy4wIKXMDSoASAFQAw%3D%3D",5,Northern Territory,,False,"Wangi falls , a gem in the Litchfield national Park.",,Litchfield National Park,4.8,,https://www.google.com/maps/search/?api=1&query=Litchfield%20National%20Park&query_place_id=ChIJYT_ZiiriviwRUAaxDakXAg8,,Neutral
"Litchfield Park NT 0822, Australia",National park,Tourist attraction,National park,1.08145e+18,Litchfield Park,AU,0x2cbee22a8ad93f61:0xf0217a90db10650,https://lh3.googleusercontent.com/gps-cs-s/AC9h4nrEoavoeY76XGUArw7ktQYIjuKEV4NQfMjvSN7MGVtcgaHWhzXd-peC_lgQ83XmcYV9Wz5A8qhk0165yuXAXYB-dQ84nMJxZYGAjkw1BvcILJ0_PYrGMNKOC9N6eBr4n3dXTFHA=w408-h306-k-no,False,True,en,0,-13.2935376,130.8463877,Pamela Martin,,en,False,ChIJYT_ZiiriviwRUAaxDakXAg8,822,,2 months ago,2025-07-08T00:40:03.593Z,,,,,,,Ci9DQUlRQUNvZENodHljRjlvT2xnNWNrdDBNMWc1TkZwV2NsaEJUMmwzVWpsTFQyYxAB,https://lh3.googleusercontent.com/geougc-cs/AB3l90AFatbuGlKt84XIy34BC9t-0XT2VOB46NJF89bTLL8hKyYsSl144UVTfGpR8rq4_JHNgN2sWYDv3irjnhrzQNFPqtdnjxQ648SYxIRSieyRdv-6A26z_od5cpam90hwH-Sam2mc1kMuiKc,https://lh3.googleusercontent.com/geougc-cs/AB3l90DfDTGjmpaNulJ82ty9BEtBwf5n-vN-Dpe7K7UajJx_xKxssYLFCh8fIomOtgFuHFUtFNVjGDTaVBTbBwx0xM4FtHYKc1gcAh6R7n5um5xsOdAPBR9L2f0dB2sA54H9TjR-b24j-iOPSm3U,https://lh3.googleusercontent.com/geougc-cs/AB3l90AckWxsf5D3IvJJuOeIEs6ReQECANwPTnUm4wqkfZcAf-QfkimijuOTHNvNrhLxVG-aBvLwsSRF_kPs0lVoVYK3JbrAKYUbDum7ho94QFO9kJz0wIZKtAFfIaNAMUyBiYWlGNDD9lsvEMBl,,,,,,,,,,,,,,,,,,,,,,Google,https://www.google.com/maps/reviews/data=!4m8!14m7!1m6!2m5!1sCi9DQUlRQUNvZENodHljRjlvT2xnNWNrdDBNMWc1TkZwV2NsaEJUMmwzVWpsTFQyYxAB!2m1!1s0x0:0xf0217a90db10650!3m1!1s2@1:CAIQACodChtycF9oOlg5ckt0M1g5NFpWclhBT2l3UjlLT2c%7C%7C?hl=en,1.16835e+20,30,https://lh3.googleusercontent.com/a/ACg8ocLlE6bRZyJ77jayQ8Aej8BhA5u0l-GkrwZUPZX8Onbmibpo7Q=s1920-c-rp-mo-ba3-br100,https://www.google.com/maps/contrib/116835163720296824093?hl=en,1612,2025-09-21T14:41:32.294Z,"Direct Detail URL: https://www.google.com/maps/place/Litchfield+National+Park/@-13.2935324,130.8438128,17z/data=!4m8!3m7!1s0x2cbee22a8ad93f61:0xf0217a90db10650!8m2!3d-13.2935376!4d130.8463877!9m1!1b1!16zL20vMHBzaG0?entry=ttu&g_ep=EgoyMDI1MDkxNy4wIKXMDSoASAFQAw%3D%3D",5,Northern Territory,,False,"Stunning beautiful, easily done in a day trip from Darwin.",,Litchfield National Park,4.8,,https://www.google.com/maps/search/?api=1&query=Litchfield%20National%20Park&query_place_id=ChIJYT_ZiiriviwRUAaxDakXAg8,,Positive
"Litchfield Park NT 0822, Australia",National park,Tourist attraction,National park,1.08145e+18,Litchfield Park,AU,0x2cbee22a8ad93f61:0xf0217a90db10650,https://lh3.googleusercontent.com/gps-cs-s/AC9h4nrEoavoeY76XGUArw7ktQYIjuKEV4NQfMjvSN7MGVtcgaHWhzXd-peC_lgQ83XmcYV9Wz5A8qhk0165yuXAXYB-dQ84nMJxZYGAjkw1BvcILJ0_PYrGMNKOC9N6eBr4n3dXTFHA=w408-h306-k-no,False,True,en,0,-13.2935376,130.8463877,Vivek Surampudi,,,False,ChIJYT_ZiiriviwRUAaxDakXAg8,822,,2 months ago,2025-07-07T11:04:14.309Z,,,,,,,Ci9DQUlRQUNvZENodHljRjlvT2tnM1ZVMHRWVUoxTVY5RVoxOW5SekpxYVRCVFJYYxAB,,,,,,,,,,,,,,,,,,,,,,,,,Google,https://www.google.com/maps/reviews/data=!4m8!14m7!1m6!2m5!1sCi9DQUlRQUNvZENodHljRjlvT2tnM1ZVMHRWVUoxTVY5RVoxOW5SekpxYVRCVFJYYxAB!2m1!1s0x0:0xf0217a90db10650!3m1!1s2@1:CAIQACodChtycF9oOkg3VU0tVUJ1MV9EZ19nRzJqaTBTRXc%7C%7C?hl=en,1.11861e+20,39,https://lh3.googleusercontent.com/a-/ALV-UjVJ0GSzFjXYRJhyjEIFkPSqnlwK7R4-lPokXAgL7ett-HmKQyw=s1920-c-rp-mo-ba3-br100,https://www.google.com/maps/contrib/111861426232966785118?hl=en,1612,2025-09-21T14:41:32.294Z,"Direct Detail URL: https://www.google.com/maps/place/Litchfield+National+Park/@-13.2935324,130.8438128,17z/data=!4m8!3m7!1s0x2cbee22a8ad93f61:0xf0217a90db10650!8m2!3d-13.2935376!4d130.8463877!9m1!1b1!16zL20vMHBzaG0?entry=ttu&g_ep=EgoyMDI1MDkxNy4wIKXMDSoASAFQAw%3D%3D",5,Northern Territory,,False,,,Litchfield National Park,4.8,,https://www.google.com/maps/search/?api=1&query=Litchfield%20National%20Park&query_place_id=ChIJYT_ZiiriviwRUAaxDakXAg8,,Positive
"Litchfield Park NT 0822, Australia",National park,Tourist attraction,National park,1.08145e+18,Litchfield Park,AU,0x2cbee22a8ad93f61:0xf0217a90db10650,https://lh3.googleusercontent.com/gps-cs-s/AC9h4nrEoavoeY76XGUArw7ktQYIjuKEV4NQfMjvSN7MGVtcgaHWhzXd-peC_lgQ83XmcYV9Wz5A8qhk0165yuXAXYB-dQ84nMJxZYGAjkw1BvcILJ0_PYrGMNKOC9N6eBr4n3dXTFHA=w408-h306-k-no,False,True,en,0,-13.2935376,130.8463877,Jose Tarango,,en,False,ChIJYT_ZiiriviwRUAaxDakXAg8,822,,2 months ago,2025-07-07T00:22:22.190Z,,,,,,,Ci9DQUlRQUNvZENodHljRjlvT21ocFMyaGtXRU41V1haeVEzcGxWbUpWV0d4V1JVRRAB,https://lh3.googleusercontent.com/geougc-cs/AB3l90BhX6kqlUaZ-z1evAlPj_NgMYkN-4aPGf1mAaVMIyKM7tvE2iMtXZXTpISiU90EutpmxaYrpKjN7MdidLlUZa8pIe0mjER6cPsMAFZ7g6ooxxa4vnz-N9ET-KmHZUBWeI3vs0E0Z239JVZN,,,,,,,,,,,,,,,,,,,,,,,,Google,https://www.google.com/maps/reviews/data=!4m8!14m7!1m6!2m5!1sCi9DQUlRQUNvZENodHljRjlvT21ocFMyaGtXRU41V1haeVEzcGxWbUpWV0d4V1JVRRAB!2m1!1s0x0:0xf0217a90db10650!3m1!1s2@1:CAIQACodChtycF9oOmhpS2hkWEN5WXZyQ3plVmJVWGxWRUE%7C%7C?hl=en,1.17644e+20,37,https://lh3.googleusercontent.com/a-/ALV-UjUT8QwCqa5fFjUKLmvkuY5R5Jazxb5IQkaafh2ILD_Ss9dTXRG-=s1920-c-rp-mo-ba3-br100,https://www.google.com/maps/contrib/117644137023625559710?hl=en,1612,2025-09-21T14:41:32.294Z,"Direct Detail URL: https://www.google.com/maps/place/Litchfield+National+Park/@-13.2935324,130.8438128,17z/data=!4m8!3m7!1s0x2cbee22a8ad93f61:0xf0217a90db10650!8m2!3d-13.2935376!4d130.8463877!9m1!1b1!16zL20vMHBzaG0?entry=ttu&g_ep=EgoyMDI1MDkxNy4wIKXMDSoASAFQAw%3D%3D",5,Northern Territory,,False,Great waterfalls and nature landscapes.,,Litchfield National Park,4.8,,https://www.google.com/maps/search/?api=1&query=Litchfield%20National%20Park&query_place_id=ChIJYT_ZiiriviwRUAaxDakXAg8,,Positive
"Litchfield Park NT 0822, Australia",National park,Tourist attraction,National park,1.08145e+18,Litchfield Park,AU,0x2cbee22a8ad93f61:0xf0217a90db10650,https://lh3.googleusercontent.com/gps-cs-s/AC9h4nrEoavoeY76XGUArw7ktQYIjuKEV4NQfMjvSN7MGVtcgaHWhzXd-peC_lgQ83XmcYV9Wz5A8qhk0165yuXAXYB-dQ84nMJxZYGAjkw1BvcILJ0_PYrGMNKOC9N6eBr4n3dXTFHA=w408-h306-k-no,False,False,en,0,-13.2935376,130.8463877,Michael Vine,,en,False,ChIJYT_ZiiriviwRUAaxDakXAg8,822,,2 months ago,2025-07-05T07:24:29.947Z,,,,,,,Ci9DQUlRQUNvZENodHljRjlvT21acVFYWkNSRFpPUW5WWmNFWnRVVE13VG1OM1JHYxAB,https://lh3.googleusercontent.com/geougc-cs/AB3l90DduSaZXW7YC8vPttDf7rs27gSglUyrbgT7DqSN90sYOnXmqqYNtK34KPFPLahdIml3d0s6jZyBvLjzZotppcGTztM3L8jqlxh7b1g1cOTpG8I36PiINGBzgogkEOKnoyMkloMRXEe2-pA,https://lh3.googleusercontent.com/geougc-cs/AB3l90DRLBVlPpKo9MwvOYKVYylbZHJ0DwvksXBD7o6XO4HmZGCpnHOZ9qpnjF_u8RaALco2BQ4Sp5o8zXF6z-wJYbs0_pWDX2rni5DFVBE9X96WpCjJi7sIqfi_vWvcrttmhXpvw5vib8rG20Zh,https://lh3.googleusercontent.com/geougc-cs/AB3l90CHbS7gh9JPYigC5KtcJCBcyOeqp32dmQ31ihu9q0TnMfmbhHzmhb8hWkSpavUBv92PmDA_rnoA0W_c_uonXbIDbS-z6h59MB12cCLyIaVhblou-cFFBbcLmsIN2f46MebxVWr_mx3SYic,,,,,,,,,,,,,,,,,,,,,,Google,https://www.google.com/maps/reviews/data=!4m8!14m7!1m6!2m5!1sCi9DQUlRQUNvZENodHljRjlvT21acVFYWkNSRFpPUW5WWmNFWnRVVE13VG1OM1JHYxAB!2m1!1s0x0:0xf0217a90db10650!3m1!1s2@1:CAIQACodChtycF9oOmZqQXZCRDZOQnVZcEZtUTMwTmN3RGc%7C%7C?hl=en,1.0408e+20,6,https://lh3.googleusercontent.com/a-/ALV-UjUUwYRq8TJQaewtRRinXJpfmIu8U7gpBsokLzLjXdIk_d_yOCZV=s1920-c-rp-mo-br100,https://www.google.com/maps/contrib/104080110483091623464?hl=en,1612,2025-09-21T14:41:32.294Z,"Direct Detail URL: https://www.google.com/maps/place/Litchfield+National+Park/@-13.2935324,130.8438128,17z/data=!4m8!3m7!1s0x2cbee22a8ad93f61:0xf0217a90db10650!8m2!3d-13.2935376!4d130.8463877!9m1!1b1!16zL20vMHBzaG0?entry=ttu&g_ep=EgoyMDI1MDkxNy4wIKXMDSoASAFQAw%3D%3D",5,Northern Territory,,False,"Rugged top end beauty accessible for all. Tops if you are in a wheelchair or hiking in.
Easy drive from Darwin.",,Litchfield National Park,4.8,,https://www.google.com/maps/search/?api=1&query=Litchfield%20National%20Park&query_place_id=ChIJYT_ZiiriviwRUAaxDakXAg8,,Positive
"Litchfield Park NT 0822, Australia",National park,Tourist attraction,National park,1.08145e+18,Litchfield Park,AU,0x2cbee22a8ad93f61:0xf0217a90db10650,https://lh3.googleusercontent.com/gps-cs-s/AC9h4nrEoavoeY76XGUArw7ktQYIjuKEV4NQfMjvSN7MGVtcgaHWhzXd-peC_lgQ83XmcYV9Wz5A8qhk0165yuXAXYB-dQ84nMJxZYGAjkw1BvcILJ0_PYrGMNKOC9N6eBr4n3dXTFHA=w408-h306-k-no,False,False,en,0,-13.2935376,130.8463877,Sonika Dulal,,,False,ChIJYT_ZiiriviwRUAaxDakXAg8,822,,2 months ago,2025-07-05T03:52:22.624Z,,,,,,,Ci9DQUlRQUNvZENodHljRjlvT2t0ZlIzb3plV3B5Yld0bFVHSjZaSGhaVEZsUFUxRRAB,,,,,,,,,,,,,,,,,,,,,,,,,Google,https://www.google.com/maps/reviews/data=!4m8!14m7!1m6!2m5!1sCi9DQUlRQUNvZENodHljRjlvT2t0ZlIzb3plV3B5Yld0bFVHSjZaSGhaVEZsUFUxRRAB!2m1!1s0x0:0xf0217a90db10650!3m1!1s2@1:CAIQACodChtycF9oOktfR3ozeWpybWtlUGJ6ZHhZTFlPU1E%7C%7C?hl=en,1.03747e+20,7,https://lh3.googleusercontent.com/a/ACg8ocKmtjgsPfG_FkwYBNA1pFb2BCdmtwCkqJgWeBDDQHaUK_1ztHk7=s1920-c-rp-mo-br100,https://www.google.com/maps/contrib/103746939577689886881?hl=en,1612,2025-09-21T14:41:32.294Z,"Direct Detail URL: https://www.google.com/maps/place/Litchfield+National+Park/@-13.2935324,130.8438128,17z/data=!4m8!3m7!1s0x2cbee22a8ad93f61:0xf0217a90db10650!8m2!3d-13.2935376!4d130.8463877!9m1!1b1!16zL20vMHBzaG0?entry=ttu&g_ep=EgoyMDI1MDkxNy4wIKXMDSoASAFQAw%3D%3D",5,Northern Territory,,False,,,Litchfield National Park,4.8,,https://www.google.com/maps/search/?api=1&query=Litchfield%20National%20Park&query_place_id=ChIJYT_ZiiriviwRUAaxDakXAg8,,Positive
"Litchfield Park NT 0822, Australia",National park,Tourist attraction,National park,1.08145e+18,Litchfield Park,AU,0x2cbee22a8ad93f61:0xf0217a90db10650,https://lh3.googleusercontent.com/gps-cs-s/AC9h4nrEoavoeY76XGUArw7ktQYIjuKEV4NQfMjvSN7MGVtcgaHWhzXd-peC_lgQ83XmcYV9Wz5A8qhk0165yuXAXYB-dQ84nMJxZYGAjkw1BvcILJ0_PYrGMNKOC9N6eBr4n3dXTFHA=w408-h306-k-no,False,True,en,0,-13.2935376,130.8463877,Annette Laurie,,en,False,ChIJYT_ZiiriviwRUAaxDakXAg8,822,,2 months ago,2025-07-04T20:05:28.839Z,,,,,,,Ci9DQUlRQUNvZENodHljRjlvT2xaSFFUQTFRVVZWTjJKc1RrUkJhVE5FYURWQ2FGRRAB,,,,,,,,,,,,,,,,,,,,,,,,,Google,https://www.google.com/maps/reviews/data=!4m8!14m7!1m6!2m5!1sCi9DQUlRQUNvZENodHljRjlvT2xaSFFUQTFRVVZWTjJKc1RrUkJhVE5FYURWQ2FGRRAB!2m1!1s0x0:0xf0217a90db10650!3m1!1s2@1:CAIQACodChtycF9oOlZHQTA1QUVVN2JsTkRBaTNEaDVCaFE%7C%7C?hl=en,1.01417e+20,346,https://lh3.googleusercontent.com/a-/ALV-UjVORMf7mc5T9vewMHiUWHtdJWXXieLdaA7wJfC9JyK-rnR2-uk1=s1920-c-rp-mo-ba6-br100,https://www.google.com/maps/contrib/101416976887901781444?hl=en,1612,2025-09-21T14:41:32.294Z,"Direct Detail URL: https://www.google.com/maps/place/Litchfield+National+Park/@-13.2935324,130.8438128,17z/data=!4m8!3m7!1s0x2cbee22a8ad93f61:0xf0217a90db10650!8m2!3d-13.2935376!4d130.8463877!9m1!1b1!16zL20vMHBzaG0?entry=ttu&g_ep=EgoyMDI1MDkxNy4wIKXMDSoASAFQAw%3D%3D",5,Northern Territory,,False,"So many stunning places to go and safe swimming holes.  Florence Falls was brilliant,  Buley Rockhole was busy.",,Litchfield National Park,4.8,,https://www.google.com/maps/search/?api=1&query=Litchfield%20National%20Park&query_place_id=ChIJYT_ZiiriviwRUAaxDakXAg8,,Positive
"Litchfield Park NT 0822, Australia",National park,Tourist attraction,National park,1.08145e+18,Litchfield Park,AU,0x2cbee22a8ad93f61:0xf0217a90db10650,https://lh3.googleusercontent.com/gps-cs-s/AC9h4nrEoavoeY76XGUArw7ktQYIjuKEV4NQfMjvSN7MGVtcgaHWhzXd-peC_lgQ83XmcYV9Wz5A8qhk0165yuXAXYB-dQ84nMJxZYGAjkw1BvcILJ0_PYrGMNKOC9N6eBr4n3dXTFHA=w408-h306-k-no,False,True,en,0,-13.2935376,130.8463877,Tradie Wraps,,en,False,ChIJYT_ZiiriviwRUAaxDakXAg8,822,,2 months ago,2025-07-03T06:06:55.124Z,,,,,,,Ci9DQUlRQUNvZENodHljRjlvT21oeGVWcEtXaTFEZUhCNWNXNW5MV2RRVWtzNE9IYxAB,,,,,,,,,,,,,,,,,,,,,,,,,Google,https://www.google.com/maps/reviews/data=!4m8!14m7!1m6!2m5!1sCi9DQUlRQUNvZENodHljRjlvT21oeGVWcEtXaTFEZUhCNWNXNW5MV2RRVWtzNE9IYxAB!2m1!1s0x0:0xf0217a90db10650!3m1!1s2@1:CAIQACodChtycF9oOmhxeVpKWi1DeHB5cW5nLWdQUks4OHc%7C%7C?hl=en,1.13455e+20,110,https://lh3.googleusercontent.com/a-/ALV-UjVxGHza-679SACxQbWSqTPLfXf_h8d3DJNyq375-TWd_s_Q2GOv=s1920-c-rp-mo-ba4-br100,https://www.google.com/maps/contrib/113454933983973424516?hl=en,1612,2025-09-21T14:41:32.294Z,"Direct Detail URL: https://www.google.com/maps/place/Litchfield+National+Park/@-13.2935324,130.8438128,17z/data=!4m8!3m7!1s0x2cbee22a8ad93f61:0xf0217a90db10650!8m2!3d-13.2935376!4d130.8463877!9m1!1b1!16zL20vMHBzaG0?entry=ttu&g_ep=EgoyMDI1MDkxNy4wIKXMDSoASAFQAw%3D%3D",5,Northern Territory,,False,Best part of the NT,,Litchfield National Park,4.8,,https://www.google.com/maps/search/?api=1&query=Litchfield%20National%20Park&query_place_id=ChIJYT_ZiiriviwRUAaxDakXAg8,,Positive
"Litchfield Park NT 0822, Australia",National park,Tourist attraction,National park,1.08145e+18,Litchfield Park,AU,0x2cbee22a8ad93f61:0xf0217a90db10650,https://lh3.googleusercontent.com/gps-cs-s/AC9h4nrEoavoeY76XGUArw7ktQYIjuKEV4NQfMjvSN7MGVtcgaHWhzXd-peC_lgQ83XmcYV9Wz5A8qhk0165yuXAXYB-dQ84nMJxZYGAjkw1BvcILJ0_PYrGMNKOC9N6eBr4n3dXTFHA=w408-h306-k-no,False,True,en,0,-13.2935376,130.8463877,Dawn,,en,False,ChIJYT_ZiiriviwRUAaxDakXAg8,822,,2 months ago,2025-07-02T06:59:02.143Z,,,,,,,Ci9DQUlRQUNvZENodHljRjlvT2xwNlJHMXVaRUpLU2tsT2VscHNSRTlZWkhsQ1VVRRAB,,,,,,,,,,,,,,,,,,,,,,,,,Google,https://www.google.com/maps/reviews/data=!4m8!14m7!1m6!2m5!1sCi9DQUlRQUNvZENodHljRjlvT2xwNlJHMXVaRUpLU2tsT2VscHNSRTlZWkhsQ1VVRRAB!2m1!1s0x0:0xf0217a90db10650!3m1!1s2@1:CAIQACodChtycF9oOlp6RG1uZEJKSklOelpsRE9YZHlCUUE%7C%7C?hl=en,1.13354e+20,51,https://lh3.googleusercontent.com/a-/ALV-UjVhlNPcclnW2-10hj8b9YBisp6z7UYBquTybgpfTEzaQQJDPNXm=s1920-c-rp-mo-ba3-br100,https://www.google.com/maps/contrib/113354025030857976472?hl=en,1612,2025-09-21T14:41:32.294Z,"Direct Detail URL: https://www.google.com/maps/place/Litchfield+National+Park/@-13.2935324,130.8438128,17z/data=!4m8!3m7!1s0x2cbee22a8ad93f61:0xf0217a90db10650!8m2!3d-13.2935376!4d130.8463877!9m1!1b1!16zL20vMHBzaG0?entry=ttu&g_ep=EgoyMDI1MDkxNy4wIKXMDSoASAFQAw%3D%3D",5,Northern Territory,,False,Have to discover,,Litchfield National Park,4.8,,https://www.google.com/maps/search/?api=1&query=Litchfield%20National%20Park&query_place_id=ChIJYT_ZiiriviwRUAaxDakXAg8,,Neutral
"Litchfield Park NT 0822, Australia",National park,Tourist attraction,National park,1.08145e+18,Litchfield Park,AU,0x2cbee22a8ad93f61:0xf0217a90db10650,https://lh3.googleusercontent.com/gps-cs-s/AC9h4nrEoavoeY76XGUArw7ktQYIjuKEV4NQfMjvSN7MGVtcgaHWhzXd-peC_lgQ83XmcYV9Wz5A8qhk0165yuXAXYB-dQ84nMJxZYGAjkw1BvcILJ0_PYrGMNKOC9N6eBr4n3dXTFHA=w408-h306-k-no,False,False,en,0,-13.2935376,130.8463877,Cece Reed,,en,False,ChIJYT_ZiiriviwRUAaxDakXAg8,822,,2 months ago,2025-07-02T03:48:23.756Z,,,,,"Lots of places to sit, have a break and eat, there is also a cafe near one of the main waterfalls. Just don’t leave food out as the goannas like to share your lunch.",,Ci9DQUlRQUNvZENodHljRjlvT25Wd1ltZEVSRk10YzNoTmVGODVNa1pZTkVwYVRuYxAB,https://lh3.googleusercontent.com/geougc-cs/AB3l90AyFe5z1GUvUznuCBudgVQSnJDTns0m8ss6ZRAh7xF58BaB-BQts-xNHvb90YZCpczCD_lFFUiy6NG8y4xtlIfQtv9Hggg5A9SvdqE6y8guWC5US5ESrnEP240-1BfzUX0pY5ygT0ibAuiu,https://lh3.googleusercontent.com/geougc-cs/AB3l90CAacFoANi_KODB93Qswp54AyN7x37XRUKghsJ8H_1ZkOYRm13BZ8zGkJ0GAWyHXD0BDpuepm7M8HK-PU9fZpF0yf3GPhvS8nCoPkrTirqOVv6Zyh4SLPno0cGkGZnTIRnfnLtcZtzVlKo,https://lh3.googleusercontent.com/geougc-cs/AB3l90CXAW40h_u-4W1LUTKuJBc-DA8UW4iEsMUjsvs58wP9N8NQkTT5CZrINmBX68MZpDraY_GmKI65ZyzkEh9kwwFf3IDzmCWaKO_GRyPw5kqHQWNtkgb9e5q6I32J6Uxya-DBkUESDZfAbxRA,https://lh3.googleusercontent.com/geougc-cs/AB3l90CIbhdXMDf7ri1oze8KAeZ6qqDWXpzEqEtxTh8sENAehSEM8HhlxZVnx8AFxJMg0ERWn9gbqDIawX7lu7CGsnsAIoi5gaPhZoyV2NKsu9tKEDgXYtpGdgkPiHogGcc_20zilUcFHwvU7Jib,https://lh3.googleusercontent.com/geougc-cs/AB3l90BQgTXVP03DbDIUHL6hU09BWHiE47o7LFeYJky6Na89x5PSpMEXcyI4XhEODGhsVP_VgJBOAllq61sBgxg0HLTjeLH7uaYxWFsNPqgDl2sLj6IaXqGdkkeQVbpsY061DAvJpH9HUuK1ejc,https://lh3.googleusercontent.com/geougc-cs/AB3l90CeXxreXABO74gFFzOceY5htO9tXQ7nqYf9aODdc1gC47Lam0KTF3Nyc42vXrJOJr6ZtVdNX7CFZf9_gM3S75A_s9TTR7l7NTIzIMi9bVkM2-UWOv7Y2Xab4th9nsslAITHy-5DDoiwFuyy,https://lh3.googleusercontent.com/geougc-cs/AB3l90DLZAZQBBD3c64BEfNwpFirRp8SJzksnqD3ReDvnBPVz4VpTTXMdGn6kU7prULkTPKDOUBy3XjqUzUPoU4CIaMbUu8aveenCViPaY9ITjtw3c0pBQ7mOcPVrPbaWvO36KAEDGdUdkrgFoBd,https://lh3.googleusercontent.com/geougc-cs/AB3l90ALP_jxeav-LaFg2bAaYhaw8a6kRKeXrczBA-wW2HbEGghwkTWFwc7Avf9lpANv5LRUxbx0yGT8ok0lnu1LPVDxyex78QGUcs52BXnHI6-bfyifWC6p7Cdb9twiQ1XCE682hLGxMWHnk30,,,,,,,,,,,,,,,,,Google,https://www.google.com/maps/reviews/data=!4m8!14m7!1m6!2m5!1sCi9DQUlRQUNvZENodHljRjlvT25Wd1ltZEVSRk10YzNoTmVGODVNa1pZTkVwYVRuYxAB!2m1!1s0x0:0xf0217a90db10650!3m1!1s2@1:CAIQACodChtycF9oOnVwYmdERFMtc3hNeF85MkZYNEpaTnc%7C%7C?hl=en,1.0388e+20,4,https://lh3.googleusercontent.com/a/ACg8ocKaKuPZkk4B4S2guqvhyDY_-HLWQBCwj8Djg8jppml2GI8QVg=s1920-c-rp-mo-br100,https://www.google.com/maps/contrib/103880491984055119931?hl=en,1612,2025-09-21T14:41:32.294Z,"Direct Detail URL: https://www.google.com/maps/place/Litchfield+National+Park/@-13.2935324,130.8438128,17z/data=!4m8!3m7!1s0x2cbee22a8ad93f61:0xf0217a90db10650!8m2!3d-13.2935376!4d130.8463877!9m1!1b1!16zL20vMHBzaG0?entry=ttu&g_ep=EgoyMDI1MDkxNy4wIKXMDSoASAFQAw%3D%3D",5,Northern Territory,,False,"Fantastic place to visit, swim and explore.",,Litchfield National Park,4.8,,https://www.google.com/maps/search/?api=1&query=Litchfield%20National%20Park&query_place_id=ChIJYT_ZiiriviwRUAaxDakXAg8,,Positive
"Litchfield Park NT 0822, Australia",National park,Tourist attraction,National park,1.08145e+18,Litchfield Park,AU,0x2cbee22a8ad93f61:0xf0217a90db10650,https://lh3.googleusercontent.com/gps-cs-s/AC9h4nrEoavoeY76XGUArw7ktQYIjuKEV4NQfMjvSN7MGVtcgaHWhzXd-peC_lgQ83XmcYV9Wz5A8qhk0165yuXAXYB-dQ84nMJxZYGAjkw1BvcILJ0_PYrGMNKOC9N6eBr4n3dXTFHA=w408-h306-k-no,False,False,en,0,-13.2935376,130.8463877,bryon johns,,,False,ChIJYT_ZiiriviwRUAaxDakXAg8,822,,2 months ago,2025-07-01T07:43:43.006Z,,,,,,,Ci9DQUlRQUNvZENodHljRjlvT2xGMlVtNWlSRVJuVjNnek1YbFNabWxxZEVrNFNFRRAB,,,,,,,,,,,,,,,,,,,,,,,,,Google,https://www.google.com/maps/reviews/data=!4m8!14m7!1m6!2m5!1sCi9DQUlRQUNvZENodHljRjlvT2xGMlVtNWlSRVJuVjNnek1YbFNabWxxZEVrNFNFRRAB!2m1!1s0x0:0xf0217a90db10650!3m1!1s2@1:CAIQACodChtycF9oOlF2Um5iRERnV3gzMXlSZmlqdEk4SEE%7C%7C?hl=en,1.17637e+20,11,https://lh3.googleusercontent.com/a/ACg8ocK7ddRvsJO3Sl18Qnb0VHhZXByVDKuLLEFNXgV7uXlB7IZoGA=s1920-c-rp-mo-br100,https://www.google.com/maps/contrib/117636820928234124234?hl=en,1612,2025-09-21T14:41:32.294Z,"Direct Detail URL: https://www.google.com/maps/place/Litchfield+National+Park/@-13.2935324,130.8438128,17z/data=!4m8!3m7!1s0x2cbee22a8ad93f61:0xf0217a90db10650!8m2!3d-13.2935376!4d130.8463877!9m1!1b1!16zL20vMHBzaG0?entry=ttu&g_ep=EgoyMDI1MDkxNy4wIKXMDSoASAFQAw%3D%3D",5,Northern Territory,,False,,,Litchfield National Park,4.8,,https://www.google.com/maps/search/?api=1&query=Litchfield%20National%20Park&query_place_id=ChIJYT_ZiiriviwRUAaxDakXAg8,,Positive
"Litchfield Park NT 0822, Australia",National park,Tourist attraction,National park,1.08145e+18,Litchfield Park,AU,0x2cbee22a8ad93f61:0xf0217a90db10650,https://lh3.googleusercontent.com/gps-cs-s/AC9h4nrEoavoeY76XGUArw7ktQYIjuKEV4NQfMjvSN7MGVtcgaHWhzXd-peC_lgQ83XmcYV9Wz5A8qhk0165yuXAXYB-dQ84nMJxZYGAjkw1BvcILJ0_PYrGMNKOC9N6eBr4n3dXTFHA=w408-h306-k-no,False,True,en,0,-13.2935376,130.8463877,Kaye Considine,,en,False,ChIJYT_ZiiriviwRUAaxDakXAg8,822,,2 months ago,2025-06-29T07:40:58.387Z,,,,,,,Ci9DQUlRQUNvZENodHljRjlvT2t3dGJXNXJZVlo2TFRWNE9IWkJhbkpuYzBwVVpVRRAB,https://lh3.googleusercontent.com/geougc-cs/AB3l90C-byXpLQQ5vDV2_VDH6InJI216J1kH9YjbnhQIzUmMT9QDZotSdnagFmf_HeyfqqNUGK5hw-wO2C33unXGoqg_WoKdZm7AWyreM5tqZ0KjnuwM8uFJwmVVIaQ9LZfHn4eQyzCR-d5mXf2U,https://lh3.googleusercontent.com/geougc-cs/AB3l90DnkGcOMYDtrBNxs1W43IrmJv-H3VNmGHt8IRibnV8he2Lpjrz9a0kXuAN9W18RnYfxFG4yGxFgS93ck6KRSKgpRsgjzuFkOR5EanYscFDpLIua7gMVJtjjPwD4Lr_387E9kU0F_J2Okzk,https://lh3.googleusercontent.com/geougc-cs/AB3l90Bg93dQnR0xMY9_frY6gB_HU0fmVfkXLECxFC6Io5rU5dF4jhKPkdecsGcGHO0WW_f9SOTW5X_kLFtu7rAQ_7dKc753eRG2ygbCR-qEYIggmryKJm1uBwpdK2uBSne_b3WDvXG0zxTr55MY,https://lh3.googleusercontent.com/geougc-cs/AB3l90AD10Ao0w0AAjARkuFP-NPjXJEukJrG3qTC63sewDLG8sgMxtxY5YIVL8sqZpcGNued1qy4EFI6Y4HNkYpbYR0Ej0zjeOOMHUhs_ltShISfiBxsYF_I6e1e4494yadkF-AZhIuJ8v6aF22q,https://lh3.googleusercontent.com/geougc-cs/AB3l90CrkN01XKUKtQbJsVueQ3JyR1R9AIaC3ag3APQG4ezDIExJykgj6ygHObF20rPdbDusUlOsfKAGRlkOKnuWd6__DQGtOei_15PChknSrPA60e_b_hG8EtbYeqejpNuheWBXodo4ZgL8wi0,https://lh3.googleusercontent.com/geougc-cs/AB3l90BZzBz3fOPl1O3r-SXV9op8wXil9qikoo_Q-248A4-3QqmDVItC9xE-selJOY6ih7rNIMlF6g4XxRoCENmZAVtfWTDuPv21bIbLFJKRbQzqm0Z1bxjMrGFXAEEWcSQbBSxNT4Rv0I1D0irX,,,,,,,,,,,,,,,,,,,Google,https://www.google.com/maps/reviews/data=!4m8!14m7!1m6!2m5!1sCi9DQUlRQUNvZENodHljRjlvT2t3dGJXNXJZVlo2TFRWNE9IWkJhbkpuYzBwVVpVRRAB!2m1!1s0x0:0xf0217a90db10650!3m1!1s2@1:CAIQACodChtycF9oOkwtbW5rYVZ6LTV4OHZBanJnc0pUZUE%7C%7C?hl=en,1.11063e+20,13,https://lh3.googleusercontent.com/a/ACg8ocLnfQWDYqzNiZy2oPlyE86xtAZB67a8bztPoCwmImxSbmS8ug=s1920-c-rp-mo-ba2-br100,https://www.google.com/maps/contrib/111062544109236075142?hl=en,1612,2025-09-21T14:41:32.294Z,"Direct Detail URL: https://www.google.com/maps/place/Litchfield+National+Park/@-13.2935324,130.8438128,17z/data=!4m8!3m7!1s0x2cbee22a8ad93f61:0xf0217a90db10650!8m2!3d-13.2935376!4d130.8463877!9m1!1b1!16zL20vMHBzaG0?entry=ttu&g_ep=EgoyMDI1MDkxNy4wIKXMDSoASAFQAw%3D%3D",5,Northern Territory,,False,"It is such a beautiful place to visit and not far out of Darwin. There are tours that go to Litchfield, but it's an easy drive if you hire a car. Make sure you see the Termite Mounds and Florence Falls. Wangi Falls is an amazing place to have a refreshing swim. If you have a 4wd, there are many other spots you can visit as well.",,Litchfield National Park,4.8,,https://www.google.com/maps/search/?api=1&query=Litchfield%20National%20Park&query_place_id=ChIJYT_ZiiriviwRUAaxDakXAg8,,Positive
"Litchfield Park NT 0822, Australia",National park,Tourist attraction,National park,1.08145e+18,Litchfield Park,AU,0x2cbee22a8ad93f61:0xf0217a90db10650,https://lh3.googleusercontent.com/gps-cs-s/AC9h4nrEoavoeY76XGUArw7ktQYIjuKEV4NQfMjvSN7MGVtcgaHWhzXd-peC_lgQ83XmcYV9Wz5A8qhk0165yuXAXYB-dQ84nMJxZYGAjkw1BvcILJ0_PYrGMNKOC9N6eBr4n3dXTFHA=w408-h306-k-no,False,True,en,0,-13.2935376,130.8463877,JB,,fr,False,ChIJYT_ZiiriviwRUAaxDakXAg8,822,,2 months ago,2025-06-28T06:55:56.080Z,,,,,,,Ci9DQUlRQUNvZENodHljRjlvT201emNXTnVPRjlWVGxsdVpqaEpjRXgzU2pRME0wRRAB,https://lh3.googleusercontent.com/geougc-cs/AB3l90DFaSw7fF4okH4y02fbtUrZ0aS6aIsLjdHEzEwZ2i9oRptPozUf4vVgqhCpsb9AxDYzvpvALNB0zJMaed8Ea9pbGdo3QyIcwZ1bCYbRYh3MgIEtqtxSiJP2UBaYLmXwwvTa25jBzCk_6LTk,https://lh3.googleusercontent.com/geougc-cs/AB3l90DpULCi5eir3MRS-djkCx_1EN7mOkXP7B7sf29Sszxm3sfqA-drglhIckhM2ZV1eTipNDwDx6_QoEnx-gSB2cmYiePKGYKXEiKwgnct8D_v0WsnO7g5Q0qw5_dp0jHIxtp31KvMhRHVe9k,https://lh3.googleusercontent.com/geougc-cs/AB3l90At5cyCO2jD9BefdSOI5YaP-qBUf3tbrauwrLfLN_W3cBoqSIllshzgBzVC5A6QWIzkq3-9NIlIH_FrqIwSSfyGcNUnbdfIfsiSDxZ0Yf0fMVZIS1k4lTCRIT9atGnu3RTAOjpMmeKUHJQV,https://lh3.googleusercontent.com/geougc-cs/AB3l90D0aY9n_dTQqOtb51m9SwbizDyxEquLmb4hUHu0oL6ORQcKPG2wyOf4arkDEtgDlEGGujcBUKx4Gw4BIa7QzG8WMuCpWXNeHQ5BDzTqaxZVcnNkNsqKr8RRiErTNVgfHNAfP_rRoTKeulJe,https://lh3.googleusercontent.com/geougc-cs/AB3l90B9hEth8VJKkj6Xbrz5hDf0lEbyNrKr6IBtv9BSdhEW5HkG02uD67MmGhfVStxUVQ3lykyDYISb38yCO1FzrTiITyvJp0XaDEBnnviBecViaxbwsQL5jtqnmmylgeTEiq-iBPFocbZUaEzy,https://lh3.googleusercontent.com/geougc-cs/AB3l90CPg-ogncMRlx-OU3r-bvmRS6Rw3Jjg011epmxCSsK6QT6wy8FlHwU2X0ihuY-RxCYcz1T7kQ3qEuH1YNXp5BWR7jL3wj3G4sFNK7DR3vPIynbEIE4VEst-S7zUn25r2m3U2uVwFOeBwSTp,https://lh3.googleusercontent.com/geougc-cs/AB3l90D9R9T1JOeEbSrdopCP64crvomzrTgMnta6ERW06hAEPL6FHc1Pn1622cb6u7C6reFS_pPk5Wenai33te4h6d2-xoFcsCIECOgZWgqWGKfAKFP31oF536AmMpa7XGlKc7mr2WZF7BwL_Kki,https://lh3.googleusercontent.com/geougc-cs/AB3l90BTae1QnHmPoWofTffgDbuufmjltSDpYahMHV2c2BepzScxhHy8L5d4jWxB4Eb73TQcTvvUOFAJSW20YHVfLm-87o_woPMbSKUIqkJaKstlBeK8h63ghIOpleuu7Jv9HdhZDhtQT0EXDyk6,https://lh3.googleusercontent.com/geougc-cs/AB3l90DIsvl8pqowB1T3pbonfBbhHT98FG8VUw1MXOlOqNNKhJuTi13Y8eI4CFWa_ycURJlQ69AnUO0OhpFmqdRv-_DFIKlSdDaTEpbUtznNskjY99x5-hp5-cyjSrYPwAuoQT6sZWOUBMbSrekp,https://lh3.googleusercontent.com/geougc-cs/AB3l90DquIBm4QBQuLTXRtWD5SZBgVFEwJ3XePGNUwY9GaQ71StY7GNVMGxkpP6pVI3e5m8gJujam0Lj3vOzPksxdgUUKuXn11B_GfrwzLOHT9KhPLLSEe0Yrvi4nonHIXdWU3CNoafiAewfQqE,https://lh3.googleusercontent.com/geougc-cs/AB3l90AsqF2I5nyXg69zxcgWPTNxeCa5FgG2k2NYmiPUkYQ1nvKzQI3HcoKaqBRyxbhLnJAWoT-yYhm0T9Yfa5xLFs3vnlLfaZ6dy6lXS9Gt6C2x9VZLT6z1HjVE2KXs2CJBXUa1wflynRjjeu3C,https://lh3.googleusercontent.com/geougc-cs/AB3l90B9TcQYvfeDLUW0nP6M7BWmt4OG3l4ARKNQLI-mUb_EuBvcgFq6rEeEGvhPOWNM-WnJv2CvmvwXw5etqhpXKX-Wx4mU95ewiIFAKrn3k-Fh-sL6CaSNPt4flF0heBuwAFDioieq02C74BkJ,https://lh3.googleusercontent.com/geougc-cs/AB3l90BGrIlXflVYogzoZ3q3KaR2ElTHXPeF62Tb2MkihiFJ8i0WdxgOFDRFTtrHqpYvisiexWYJ8KCo6G7ZIzBjtvqNtv-qWX3uIUuh0FJN_jMEgla1e01VLXzybjTkQxeNXOtGfxp5jdEie6C_,,,,,,,,,,,,Google,https://www.google.com/maps/reviews/data=!4m8!14m7!1m6!2m5!1sCi9DQUlRQUNvZENodHljRjlvT201emNXTnVPRjlWVGxsdVpqaEpjRXgzU2pRME0wRRAB!2m1!1s0x0:0xf0217a90db10650!3m1!1s2@1:CAIQACodChtycF9oOm5zcWNuOF9VTlluZjhJcEx3SjQ0M0E%7C%7C?hl=en,1.09916e+20,100,https://lh3.googleusercontent.com/a-/ALV-UjW4OpFehAJaMiZnk6-TA5UjuQzamcsya0qT_Ws-4A9RUfXH4VI=s1920-c-rp-mo-ba4-br100,https://www.google.com/maps/contrib/109916280733611759931?hl=en,1612,2025-09-21T14:41:32.294Z,"Direct Detail URL: https://www.google.com/maps/place/Litchfield+National+Park/@-13.2935324,130.8438128,17z/data=!4m8!3m7!1s0x2cbee22a8ad93f61:0xf0217a90db10650!8m2!3d-13.2935376!4d130.8463877!9m1!1b1!16zL20vMHBzaG0?entry=ttu&g_ep=EgoyMDI1MDkxNy4wIKXMDSoASAFQAw%3D%3D",5,Northern Territory,,False,"C'est vraiment un park à faire si vous passez par là, on a adoré florence falls, buley rockhole mais surtout wangi falls où l’on peut ce baigner et faire la marche autour des cascades. On a vue des chauve-souris et varans.","It's definitely a must-see park if you're passing through. We loved Florence Falls, Buley Rockhole, and especially Wangi Falls, where you can swim and walk around the waterfalls. We saw bats and monitor lizards.",Litchfield National Park,4.8,en,https://www.google.com/maps/search/?api=1&query=Litchfield%20National%20Park&query_place_id=ChIJYT_ZiiriviwRUAaxDakXAg8,,Neutral
"Litchfield Park NT 0822, Australia",National park,Tourist attraction,National park,1.08145e+18,Litchfield Park,AU,0x2cbee22a8ad93f61:0xf0217a90db10650,https://lh3.googleusercontent.com/gps-cs-s/AC9h4nrEoavoeY76XGUArw7ktQYIjuKEV4NQfMjvSN7MGVtcgaHWhzXd-peC_lgQ83XmcYV9Wz5A8qhk0165yuXAXYB-dQ84nMJxZYGAjkw1BvcILJ0_PYrGMNKOC9N6eBr4n3dXTFHA=w408-h306-k-no,False,False,en,0,-13.2935376,130.8463877,benjamin katesook,,en,False,ChIJYT_ZiiriviwRUAaxDakXAg8,822,,2 months ago,2025-06-26T01:22:10.761Z,,,,,,,Ci9DQUlRQUNvZENodHljRjlvT21GV2JXNXpMVVE0V1U0ME5VODBiMWRVY1UxaFlWRRAB,https://lh3.googleusercontent.com/geougc-cs/AB3l90BwRFZmzCkRbmW8o1mKc7YHD7juW217olWkceWEGvp2aDl895J3jPGd14eGFPOtPI01a4xzYL4SxEgjw2Lx8rdRNAfSJMVspTT_bH-uh9pj6e4GC284o1peazFyDXHQkHwrIQkCMqauog8O,https://lh3.googleusercontent.com/geougc-cs/AB3l90CWJAaZCeRWnJngT9q-zrBlQQljyULe7pz6EB9v1mfsG-tfeodwKIcTzkRHwBOjLJI6Vpd8JKGVVmhzF9uks5S38OKGkMTG7NYj1vRcOFWBURulkBEJAY4TsM-Nx8kanLMxwQzZxtPMkdXO,https://lh3.googleusercontent.com/geougc-cs/AB3l90BQ3GpT9LobsOYFV3tqhcYv-FlXqzNvgddqu4rYqqP6XDLyBvmZ7i-2WFxYDlcylTnewu64afZ98rnZQMZvSMqKNPEaXmQ-mb0ZE6TjZzzP9Ir_CiPSs6fxNvJsT_-_to5ybVAcWSbhre-0,https://lh3.googleusercontent.com/geougc-cs/AB3l90ChogdcaaGNl5EnwnFBJ_PVu7iyY1Ik7fbIWfdmW8mj40b1PioRDV1-09h9P0xhGvcrxh7223FVx2nP0r0ykPbnTpG53hT7kcq7xxapMyhjAY_fvhoChuCH7xxeSkdKp4UDHQORzwXbUPc,,,,,,,,,,,,,,,,,,,,,Google,https://www.google.com/maps/reviews/data=!4m8!14m7!1m6!2m5!1sCi9DQUlRQUNvZENodHljRjlvT21GV2JXNXpMVVE0V1U0ME5VODBiMWRVY1UxaFlWRRAB!2m1!1s0x0:0xf0217a90db10650!3m1!1s2@1:CAIQACodChtycF9oOmFWbW5zLUQ4WU40NU80b1dUcU1hYVE%7C%7C?hl=en,1.01201e+20,5,https://lh3.googleusercontent.com/a-/ALV-UjWKzqQhpNAxWGMOKf4gUfz6Aaaefy1b1qvUR7qQCsJHKddpS97RNA=s1920-c-rp-mo-br100,https://www.google.com/maps/contrib/101201286609472407060?hl=en,1612,2025-09-21T14:41:32.294Z,"Direct Detail URL: https://www.google.com/maps/place/Litchfield+National+Park/@-13.2935324,130.8438128,17z/data=!4m8!3m7!1s0x2cbee22a8ad93f61:0xf0217a90db10650!8m2!3d-13.2935376!4d130.8463877!9m1!1b1!16zL20vMHBzaG0?entry=ttu&g_ep=EgoyMDI1MDkxNy4wIKXMDSoASAFQAw%3D%3D",4,Northern Territory,,False,"Most of the experience was great as always but I think the campsites at the 2wd Florence Falls camp-site are too close together and noise carries very easily even when you are trying to be quiet. I guess it does depend on the people in the camp grounds but it isn't realistic to expect people to whisper all the time once the sun goes down. Other than that, the swimming spots are clean, well maintained and always beautiful. Always a good trip out to Litchfield!",,Litchfield National Park,4.8,,https://www.google.com/maps/search/?api=1&query=Litchfield%20National%20Park&query_place_id=ChIJYT_ZiiriviwRUAaxDakXAg8,,Positive
"Litchfield Park NT 0822, Australia",National park,Tourist attraction,National park,1.08145e+18,Litchfield Park,AU,0x2cbee22a8ad93f61:0xf0217a90db10650,https://lh3.googleusercontent.com/gps-cs-s/AC9h4nrEoavoeY76XGUArw7ktQYIjuKEV4NQfMjvSN7MGVtcgaHWhzXd-peC_lgQ83XmcYV9Wz5A8qhk0165yuXAXYB-dQ84nMJxZYGAjkw1BvcILJ0_PYrGMNKOC9N6eBr4n3dXTFHA=w408-h306-k-no,False,True,en,0,-13.2935376,130.8463877,John Baxter,,en,False,ChIJYT_ZiiriviwRUAaxDakXAg8,822,,2 months ago,2025-06-25T04:54:48.164Z,,,,,,,Ci9DQUlRQUNvZENodHljRjlvT2tRMFMwYzJiMjl1UlRaM2VYZFdVMEppUW1SMVNFRRAB,,,,,,,,,,,,,,,,,,,,,,,,,Google,https://www.google.com/maps/reviews/data=!4m8!14m7!1m6!2m5!1sCi9DQUlRQUNvZENodHljRjlvT2tRMFMwYzJiMjl1UlRaM2VYZFdVMEppUW1SMVNFRRAB!2m1!1s0x0:0xf0217a90db10650!3m1!1s2@1:CAIQACodChtycF9oOkQ0S0c2b29uRTZ3eXdWU0JiQmR1SEE%7C%7C?hl=en,1.03328e+20,54,https://lh3.googleusercontent.com/a/ACg8ocK7ebMmvD0uxaLAsIiCuLNNAzFga-hyGrj82Q9O6D1TUtHYnw=s1920-c-rp-mo-ba3-br100,https://www.google.com/maps/contrib/103327677280165324331?hl=en,1612,2025-09-21T14:41:32.294Z,"Direct Detail URL: https://www.google.com/maps/place/Litchfield+National+Park/@-13.2935324,130.8438128,17z/data=!4m8!3m7!1s0x2cbee22a8ad93f61:0xf0217a90db10650!8m2!3d-13.2935376!4d130.8463877!9m1!1b1!16zL20vMHBzaG0?entry=ttu&g_ep=EgoyMDI1MDkxNy4wIKXMDSoASAFQAw%3D%3D",5,Northern Territory,,False,"Spectacular waterfalls, beautiful swimming areas and natural pools. Spent only one day there, should have stayed longer.",,Litchfield National Park,4.8,,https://www.google.com/maps/search/?api=1&query=Litchfield%20National%20Park&query_place_id=ChIJYT_ZiiriviwRUAaxDakXAg8,,Positive
"Litchfield Park NT 0822, Australia",National park,Tourist attraction,National park,1.08145e+18,Litchfield Park,AU,0x2cbee22a8ad93f61:0xf0217a90db10650,https://lh3.googleusercontent.com/gps-cs-s/AC9h4nrEoavoeY76XGUArw7ktQYIjuKEV4NQfMjvSN7MGVtcgaHWhzXd-peC_lgQ83XmcYV9Wz5A8qhk0165yuXAXYB-dQ84nMJxZYGAjkw1BvcILJ0_PYrGMNKOC9N6eBr4n3dXTFHA=w408-h306-k-no,False,True,en,0,-13.2935376,130.8463877,Aruni Perera,,,False,ChIJYT_ZiiriviwRUAaxDakXAg8,822,,2 months ago,2025-06-24T10:39:36.515Z,,,,,,,Ci9DQUlRQUNvZENodHljRjlvT2poS1VYaGFibk5CVjJKdFJHUjVjR1JTTXpkMlQwRRAB,,,,,,,,,,,,,,,,,,,,,,,,,Google,https://www.google.com/maps/reviews/data=!4m8!14m7!1m6!2m5!1sCi9DQUlRQUNvZENodHljRjlvT2poS1VYaGFibk5CVjJKdFJHUjVjR1JTTXpkMlQwRRAB!2m1!1s0x0:0xf0217a90db10650!3m1!1s2@1:CAIQACodChtycF9oOjhKUXhabnNBV2JtRGR5cGRSMzd2T0E%7C%7C?hl=en,1.15045e+20,2,https://lh3.googleusercontent.com/a-/ALV-UjXF7msPHFji2XWdxg54hhcCvReiI7llLIa0uE0BlX_B7bl9STEB=s1920-c-rp-mo-ba2-br100,https://www.google.com/maps/contrib/115044809276642661222?hl=en,1612,2025-09-21T14:41:32.294Z,"Direct Detail URL: https://www.google.com/maps/place/Litchfield+National+Park/@-13.2935324,130.8438128,17z/data=!4m8!3m7!1s0x2cbee22a8ad93f61:0xf0217a90db10650!8m2!3d-13.2935376!4d130.8463877!9m1!1b1!16zL20vMHBzaG0?entry=ttu&g_ep=EgoyMDI1MDkxNy4wIKXMDSoASAFQAw%3D%3D",5,Northern Territory,,False,,,Litchfield National Park,4.8,,https://www.google.com/maps/search/?api=1&query=Litchfield%20National%20Park&query_place_id=ChIJYT_ZiiriviwRUAaxDakXAg8,,Positive
"Litchfield Park NT 0822, Australia",National park,Tourist attraction,National park,1.08145e+18,Litchfield Park,AU,0x2cbee22a8ad93f61:0xf0217a90db10650,https://lh3.googleusercontent.com/gps-cs-s/AC9h4nrEoavoeY76XGUArw7ktQYIjuKEV4NQfMjvSN7MGVtcgaHWhzXd-peC_lgQ83XmcYV9Wz5A8qhk0165yuXAXYB-dQ84nMJxZYGAjkw1BvcILJ0_PYrGMNKOC9N6eBr4n3dXTFHA=w408-h306-k-no,False,False,en,0,-13.2935376,130.8463877,Omar moh,,,False,ChIJYT_ZiiriviwRUAaxDakXAg8,822,,3 months ago,2025-06-20T11:23:00.347Z,,,,,,,Ci9DQUlRQUNvZENodHljRjlvT2pSTVUyRTFVV3AzU2xkclpscEhZVUpzYnpCWmFsRRAB,,,,,,,,,,,,,,,,,,,,,,,,,Google,https://www.google.com/maps/reviews/data=!4m8!14m7!1m6!2m5!1sCi9DQUlRQUNvZENodHljRjlvT2pSTVUyRTFVV3AzU2xkclpscEhZVUpzYnpCWmFsRRAB!2m1!1s0x0:0xf0217a90db10650!3m1!1s2@1:CAIQACodChtycF9oOjRMU2E1UWp3SldrZlpHYUJsbzBZalE%7C%7C?hl=en,1.03835e+20,8,https://lh3.googleusercontent.com/a/ACg8ocIXtA8PxeLmPDRS5FwQgya6K8CjCWxHaliu_hmyu1xngSVwag=s1920-c-rp-mo-br100,https://www.google.com/maps/contrib/103835120415258906391?hl=en,1612,2025-09-21T14:41:32.294Z,"Direct Detail URL: https://www.google.com/maps/place/Litchfield+National+Park/@-13.2935324,130.8438128,17z/data=!4m8!3m7!1s0x2cbee22a8ad93f61:0xf0217a90db10650!8m2!3d-13.2935376!4d130.8463877!9m1!1b1!16zL20vMHBzaG0?entry=ttu&g_ep=EgoyMDI1MDkxNy4wIKXMDSoASAFQAw%3D%3D",5,Northern Territory,,False,,,Litchfield National Park,4.8,,https://www.google.com/maps/search/?api=1&query=Litchfield%20National%20Park&query_place_id=ChIJYT_ZiiriviwRUAaxDakXAg8,,Positive
"Litchfield Park NT 0822, Australia",National park,Tourist attraction,National park,1.08145e+18,Litchfield Park,AU,0x2cbee22a8ad93f61:0xf0217a90db10650,https://lh3.googleusercontent.com/gps-cs-s/AC9h4nrEoavoeY76XGUArw7ktQYIjuKEV4NQfMjvSN7MGVtcgaHWhzXd-peC_lgQ83XmcYV9Wz5A8qhk0165yuXAXYB-dQ84nMJxZYGAjkw1BvcILJ0_PYrGMNKOC9N6eBr4n3dXTFHA=w408-h306-k-no,False,True,en,0,-13.2935376,130.8463877,Jean Broomhall,,en,False,ChIJYT_ZiiriviwRUAaxDakXAg8,822,,3 months ago,2025-06-19T09:47:45.891Z,,,,,,Clean,Ci9DQUlRQUNvZENodHljRjlvT2t4amJsVTJZMWwxVjFaNVVsbFFRazB5VTFoSlNrRRAB,,,,,,,,,,,,,,,,,,,,,,,,,Google,https://www.google.com/maps/reviews/data=!4m8!14m7!1m6!2m5!1sCi9DQUlRQUNvZENodHljRjlvT2t4amJsVTJZMWwxVjFaNVVsbFFRazB5VTFoSlNrRRAB!2m1!1s0x0:0xf0217a90db10650!3m1!1s2@1:CAIQACodChtycF9oOkxjblU2Y1l1V1Z5UllQQk0yU1hJSkE%7C%7C?hl=en,1.16671e+20,126,https://lh3.googleusercontent.com/a-/ALV-UjURXDIytZ78Fn390YM5JijdoNqK_kYdu4e3tnkiWfxLNj-7ohtO=s1920-c-rp-mo-ba4-br100,https://www.google.com/maps/contrib/116670758974433555479?hl=en,1612,2025-09-21T14:41:32.294Z,"Direct Detail URL: https://www.google.com/maps/place/Litchfield+National+Park/@-13.2935324,130.8438128,17z/data=!4m8!3m7!1s0x2cbee22a8ad93f61:0xf0217a90db10650!8m2!3d-13.2935376!4d130.8463877!9m1!1b1!16zL20vMHBzaG0?entry=ttu&g_ep=EgoyMDI1MDkxNy4wIKXMDSoASAFQAw%3D%3D",5,Northern Territory,,False,The weather was great and easy to walk around,,Litchfield National Park,4.8,,https://www.google.com/maps/search/?api=1&query=Litchfield%20National%20Park&query_place_id=ChIJYT_ZiiriviwRUAaxDakXAg8,,Positive
"Litchfield Park NT 0822, Australia",National park,Tourist attraction,National park,1.08145e+18,Litchfield Park,AU,0x2cbee22a8ad93f61:0xf0217a90db10650,https://lh3.googleusercontent.com/gps-cs-s/AC9h4nrEoavoeY76XGUArw7ktQYIjuKEV4NQfMjvSN7MGVtcgaHWhzXd-peC_lgQ83XmcYV9Wz5A8qhk0165yuXAXYB-dQ84nMJxZYGAjkw1BvcILJ0_PYrGMNKOC9N6eBr4n3dXTFHA=w408-h306-k-no,False,True,en,0,-13.2935376,130.8463877,alice Meadows,,en,False,ChIJYT_ZiiriviwRUAaxDakXAg8,822,,3 months ago,2025-06-19T09:41:51.294Z,,,,"National Park, no pets allowed",Lots of picnic facilities,Restrooms at most Falls are brilliant,Ci9DQUlRQUNvZENodHljRjlvT21wNVJXeDVRazFzVFRnM01UaFVRbEpoTkVvMmFXYxAB,https://lh3.googleusercontent.com/geougc-cs/AB3l90D7besGjOme79LOhUcUsMPqGZYQBsUH7QWB_0P4Fl5iLhXIAb9GAk-3HGVDYQFICyYsUFmzmQoth95anqbyOYjXWY9ihp3-RQABVGcprBq0MT5Rx3frw1T9RDWaiBL068H9EJgZqtJSJ9k,https://lh3.googleusercontent.com/geougc-cs/AB3l90Dcwe207ifTMxS9Y1U3HL0oWoCv-2BjVEU_3x5fsMDmZIN5Rd5Hc83fI-iwJ3Yd2Z1-cEouCq96zb0azKI87m9szI6axDYQNqUL_XTqEkkRIKmAX1JVOLH--PUKqlCLXepM7Yp6v9T2fR4,https://lh3.googleusercontent.com/geougc-cs/AB3l90BVsqz5eIZ8tGY19iSGKFueTEqc0SIbpmMkPDSFSQYIQJkoEaw4QJz5467FO4pfRlQbhUVDOvCoyl_EKUJobTXHxZN8WdPl1thGv3ynjDNIwLCCOqp4zQ4IBf-FTUpeC2km3ckfTeC2Cyco,https://lh3.googleusercontent.com/geougc-cs/AB3l90Bpfs6vPjn02bgLVPxKYov-TPKK-ahbRJUFxk_xbJyMnS_UFPe1mSNisahlhPgkpyNWWnkdhp57UqNZrFMHVqMILpMB9wvk48SK7Xmf9MadTq13jIH-nZLmC0Dvx7maAk2PKQtRPNC7t_9B,https://lh3.googleusercontent.com/geougc-cs/AB3l90APAJWPouYJQqtjziu8YrD9MrqkuGKmUM646wTVMffsa_C63q-CUEDP78kZoYJKPUI9zAJD8MK-j1cw-CCRWt7TTUcZed8UdPrOlSAZeqi_jnpGBh4fzQ_TvGb9Nu-yQnMeOlPFTOP7QL2U,https://lh3.googleusercontent.com/geougc-cs/AB3l90DajKgFRG8eKieRCkqIPu9NtvO_LZoCTP5rAMW3m0aToI4W4qE8VLLV6axPctWub58rEHQfXBkd61sFIy-CVEDtzpitKJ5QEUeNfE9DTsg8nDfQkcO6l0e-u7nd0pgQH6Eh6spw0xJKrJQ,,,,,,,,,,,,,,,,,,,Google,https://www.google.com/maps/reviews/data=!4m8!14m7!1m6!2m5!1sCi9DQUlRQUNvZENodHljRjlvT21wNVJXeDVRazFzVFRnM01UaFVRbEpoTkVvMmFXYxAB!2m1!1s0x0:0xf0217a90db10650!3m1!1s2@1:CAIQACodChtycF9oOmp5RWx5Qk1sTTg3MThUQlJhNEo2aWc%7C%7C?hl=en,1.14476e+20,50,https://lh3.googleusercontent.com/a-/ALV-UjWXnZL2CwiNGcAxzWgDlWn-8XI_tbey1LuBXTCvcFx76Xxhhrg=s1920-c-rp-mo-ba4-br100,https://www.google.com/maps/contrib/114475663219940897871?hl=en,1612,2025-09-21T14:41:32.294Z,"Direct Detail URL: https://www.google.com/maps/place/Litchfield+National+Park/@-13.2935324,130.8438128,17z/data=!4m8!3m7!1s0x2cbee22a8ad93f61:0xf0217a90db10650!8m2!3d-13.2935376!4d130.8463877!9m1!1b1!16zL20vMHBzaG0?entry=ttu&g_ep=EgoyMDI1MDkxNy4wIKXMDSoASAFQAw%3D%3D",5,Northern Territory,,False,"Had a wonderful few days. Visited Tolmer Falls, Wangi Falls,  Termite mounds, Florence Falls, Buley Rockhole and Cascades.",,Litchfield National Park,4.8,,https://www.google.com/maps/search/?api=1&query=Litchfield%20National%20Park&query_place_id=ChIJYT_ZiiriviwRUAaxDakXAg8,,Positive
"Litchfield Park NT 0822, Australia",National park,Tourist attraction,National park,1.08145e+18,Litchfield Park,AU,0x2cbee22a8ad93f61:0xf0217a90db10650,https://lh3.googleusercontent.com/gps-cs-s/AC9h4nrEoavoeY76XGUArw7ktQYIjuKEV4NQfMjvSN7MGVtcgaHWhzXd-peC_lgQ83XmcYV9Wz5A8qhk0165yuXAXYB-dQ84nMJxZYGAjkw1BvcILJ0_PYrGMNKOC9N6eBr4n3dXTFHA=w408-h306-k-no,False,False,en,0,-13.2935376,130.8463877,Angie,,en,False,ChIJYT_ZiiriviwRUAaxDakXAg8,822,,3 months ago,2025-06-17T20:57:57.657Z,,,,,,,Ci9DQUlRQUNvZENodHljRjlvT2xsamFXVTNVekZYYTB0amJVSjJRbU5KUnpNelpVRRAB,https://lh3.googleusercontent.com/geougc-cs/AB3l90BEZvDhoFCF57QyyJqFmTvdUTqGVWTU_U9MoHSbOVu5JN66Vfl7t9fuA9hepEmiJCFgMhqAsNQXFimcnzQiFxoZPlIFMIU1oCIjX8SldL3IpLjox9-Lj5WUHwB6prGejxHgLyKKvfcAsszy,https://lh3.googleusercontent.com/geougc-cs/AB3l90CNOwGHqVQIE_ENkgC1nDvSlGwf6vieBVfNt59W1REPRNba4TdhvY_4MhaO5OyTtAeU6VAmbdL9plp27dkNrSv4l-Lwd7QayeX29itaPPVppjOlux51bNoSHDkyMPQ8JFC5gswylgko8zKm,https://lh3.googleusercontent.com/geougc-cs/AB3l90DjeiuoaGRAT6veR_mIo_yzj85bJJyccOpqyt_MMNunqhdgN3-LIMDmhMcM52UX4ZMdar3zjkiL1rzVGsr8Vm7hHaL2vHLVlZs9yG6X9L265NlXkkWQFQVrHfGvxLarFJdz-5A6MUkOP34W,https://lh3.googleusercontent.com/geougc-cs/AB3l90C8RNmoQm6IXgsaRmbboNP5eAFyNhYgwvn1VXor1voAMCWD9l01i8Xkt57F18P4LtYpY2srxGv1r6GOysCEpeoxktuY582o_5WG8hyeJBJYoghEtYf6o6sh79PGrSV26_4qazL4yUehjHon,https://lh3.googleusercontent.com/geougc-cs/AB3l90DrM0oDFULa3orbeEzp8ZEd3DIcCmTWmo_KnEu3w-xGijZaN6kzj5jlPznWI9BZ31iy4YU4c1_f6CUwFktUgXreP58ZOmX8QLB4GbGEK6hmxFjnS5-mzt4a3TgoIpzPZbarDke_8D_8540,https://lh3.googleusercontent.com/geougc-cs/AB3l90DoPHV2A2xpdGEbh5sH87aHp7ItTc5fpNI8zgjRICMV8oKJkSncKEW33CtjCqYp-IblW-MEE56hD_k4Q7-RFwqOwvMQ3gX0HHC8TbQTaqt-TnBIDRO94bdJe355n0SxtzcPNiyItXKMxoM,https://lh3.googleusercontent.com/geougc-cs/AB3l90AqvhieudaveEEXTj3rHy1IsYfFJsuenwDNhzoVGhDVC6mWxGX0hB5ptiNFO0vKRlfVckir-zDT8hKEl7MBhmYeeM6qhMxSyahMomonlkBmlSIb_jVEs-79YjJffaA-9piiZCRUOEdWn8mM,https://lh3.googleusercontent.com/geougc-cs/AB3l90BQ5N6uYSnXToJhYX3xpnlPYZG44uPDq34Vl0DfHNfVYy4d3idPhJzZvkeFkzlHiOcvGKpY628WNBUNX8rVVT1MF6uQtnFDxjVkolsE4-IqU9qjb3q4Y7l1ZA2bmenDzFzMU3fs37vw5S4,,,,,,,,,,,,,,,,,Google,https://www.google.com/maps/reviews/data=!4m8!14m7!1m6!2m5!1sCi9DQUlRQUNvZENodHljRjlvT2xsamFXVTNVekZYYTB0amJVSjJRbU5KUnpNelpVRRAB!2m1!1s0x0:0xf0217a90db10650!3m1!1s2@1:CAIQACodChtycF9oOlljaWU3UzFXa0tjbUJ2QmNJRzMzZUE%7C%7C?hl=en,1.0816e+20,6,https://lh3.googleusercontent.com/a-/ALV-UjV4qH5lytrEUGSD-A2B2aSCNdNxoJ1uiPGntIyLM37shb5rGXkp=s1920-c-rp-mo-br100,https://www.google.com/maps/contrib/108159890577932388054?hl=en,1612,2025-09-21T14:41:32.294Z,"Direct Detail URL: https://www.google.com/maps/place/Litchfield+National+Park/@-13.2935324,130.8438128,17z/data=!4m8!3m7!1s0x2cbee22a8ad93f61:0xf0217a90db10650!8m2!3d-13.2935376!4d130.8463877!9m1!1b1!16zL20vMHBzaG0?entry=ttu&g_ep=EgoyMDI1MDkxNy4wIKXMDSoASAFQAw%3D%3D",5,Northern Territory,,False,"Absolutely stunning area. Take plenty of water and sunscreen, you'll be spending the day... a picnic would also be a good idea as there's tables to stop at at the major swimming holes...",,Litchfield National Park,4.8,,https://www.google.com/maps/search/?api=1&query=Litchfield%20National%20Park&query_place_id=ChIJYT_ZiiriviwRUAaxDakXAg8,,Positive
"Litchfield Park NT 0822, Australia",National park,Tourist attraction,National park,1.08145e+18,Litchfield Park,AU,0x2cbee22a8ad93f61:0xf0217a90db10650,https://lh3.googleusercontent.com/gps-cs-s/AC9h4nrEoavoeY76XGUArw7ktQYIjuKEV4NQfMjvSN7MGVtcgaHWhzXd-peC_lgQ83XmcYV9Wz5A8qhk0165yuXAXYB-dQ84nMJxZYGAjkw1BvcILJ0_PYrGMNKOC9N6eBr4n3dXTFHA=w408-h306-k-no,False,False,en,0,-13.2935376,130.8463877,Stephanie Köhler,,,False,ChIJYT_ZiiriviwRUAaxDakXAg8,822,,3 months ago,2025-06-17T09:18:29.555Z,,,,,,,Ci9DQUlRQUNvZENodHljRjlvT2tscFIweHpNRTh4YzB0cmVWbFVSbDh5WkdaU09VRRAB,,,,,,,,,,,,,,,,,,,,,,,,,Google,https://www.google.com/maps/reviews/data=!4m8!14m7!1m6!2m5!1sCi9DQUlRQUNvZENodHljRjlvT2tscFIweHpNRTh4YzB0cmVWbFVSbDh5WkdaU09VRRAB!2m1!1s0x0:0xf0217a90db10650!3m1!1s2@1:CAIQACodChtycF9oOklpR0xzME8xc0treVlURl8yZGZSOUE%7C%7C?hl=en,1.17004e+20,5,https://lh3.googleusercontent.com/a/ACg8ocJn9OVdMBTuDI0_bmsQfAMtB_YaXTlbJujlxPsv9gCgeZkCZw=s1920-c-rp-mo-br100,https://www.google.com/maps/contrib/117004031698227560717?hl=en,1612,2025-09-21T14:41:32.294Z,"Direct Detail URL: https://www.google.com/maps/place/Litchfield+National+Park/@-13.2935324,130.8438128,17z/data=!4m8!3m7!1s0x2cbee22a8ad93f61:0xf0217a90db10650!8m2!3d-13.2935376!4d130.8463877!9m1!1b1!16zL20vMHBzaG0?entry=ttu&g_ep=EgoyMDI1MDkxNy4wIKXMDSoASAFQAw%3D%3D",3,Northern Territory,,False,,,Litchfield National Park,4.8,,https://www.google.com/maps/search/?api=1&query=Litchfield%20National%20Park&query_place_id=ChIJYT_ZiiriviwRUAaxDakXAg8,,Neutral
"Litchfield Park NT 0822, Australia",National park,Tourist attraction,National park,1.08145e+18,Litchfield Park,AU,0x2cbee22a8ad93f61:0xf0217a90db10650,https://lh3.googleusercontent.com/gps-cs-s/AC9h4nrEoavoeY76XGUArw7ktQYIjuKEV4NQfMjvSN7MGVtcgaHWhzXd-peC_lgQ83XmcYV9Wz5A8qhk0165yuXAXYB-dQ84nMJxZYGAjkw1BvcILJ0_PYrGMNKOC9N6eBr4n3dXTFHA=w408-h306-k-no,False,True,en,0,-13.2935376,130.8463877,Pamela Rivers,,en,False,ChIJYT_ZiiriviwRUAaxDakXAg8,822,,3 months ago,2025-06-16T08:43:13.722Z,,,,,,,ChdDSUhNMG9nS0VPTERnX1BycTRPZl9nRRAB,https://lh3.googleusercontent.com/geougc-cs/AB3l90CBrEvs60h5cUYSIHcibbneqXcxE2TN2jDXtKn0vATngcci4E2SAIewicNIVhb4Ae1-AiOcQh0ArwrDVpcYNOeFzjEFDi5TKl8tqTvDjyE3fY-ArehRYuxJLyGTwsS7VJurRFPi,https://lh3.googleusercontent.com/geougc-cs/AB3l90DzhMtuY6DhgWTiNXgLe628KiSeXkRTlhFR-xInGZMQ3QG_uNxgLAIPJpsUxD7PHhd9uedaBHuHqRbZBa9jTJg_IFeTdUJQBQF0YQKGGZqxdNAb7Uwp8c03uPfsccxa8RQzhVS0,https://lh3.googleusercontent.com/geougc-cs/AB3l90AJW8wDo7048-QR0YU5EkIrpPYwZYhtsVbKcWxcYYyKI-FVqcgWhDl-DmD_7DxtkJ22TUPwaPONfLW6vwh2m6guMNz-4ZUE7QHHXxGX8oLiYUSoD2EygBGoVjtKiWRuvtipgIXj7Q,https://lh3.googleusercontent.com/geougc-cs/AB3l90DS4RAGprm6iG85raHAQTCv3zmm8TF3m74qa8CbQIoaPtEOR-63Gmkc8ej-arzbUnCsughTF0jWOhwM5igIJRnqBL4F2bo4rs8si-Mw6WPRVg_fkOT7QJARN0XpjFVkqI6TDuX0,,,,,,,,,,,,,,,,,,,,,Google,https://www.google.com/maps/reviews/data=!4m8!14m7!1m6!2m5!1sChdDSUhNMG9nS0VPTERnX1BycTRPZl9nRRAB!2m1!1s0x0:0xf0217a90db10650!3m1!1s2@1:CIHM0ogKEOLDg_Prq4Of_gE%7C%7C?hl=en,1.10774e+20,444,https://lh3.googleusercontent.com/a-/ALV-UjXb1wFWdzlXWqyYqEDYkv6Uehb7cDATNrgABglMtJyifYRhH4cd=s1920-c-rp-mo-ba5-br100,https://www.google.com/maps/contrib/110774126151020847958?hl=en,1612,2025-09-21T14:41:32.294Z,"Direct Detail URL: https://www.google.com/maps/place/Litchfield+National+Park/@-13.2935324,130.8438128,17z/data=!4m8!3m7!1s0x2cbee22a8ad93f61:0xf0217a90db10650!8m2!3d-13.2935376!4d130.8463877!9m1!1b1!16zL20vMHBzaG0?entry=ttu&g_ep=EgoyMDI1MDkxNy4wIKXMDSoASAFQAw%3D%3D",5,Northern Territory,,False,"Wangi falls was excellent, big open area, plenty of room for everyone in and out of the waterhole. Only downside had to wait 40 minutes for chips at the cafe🤷",,Litchfield National Park,4.8,,https://www.google.com/maps/search/?api=1&query=Litchfield%20National%20Park&query_place_id=ChIJYT_ZiiriviwRUAaxDakXAg8,,Positive
"Litchfield Park NT 0822, Australia",National park,Tourist attraction,National park,1.08145e+18,Litchfield Park,AU,0x2cbee22a8ad93f61:0xf0217a90db10650,https://lh3.googleusercontent.com/gps-cs-s/AC9h4nrEoavoeY76XGUArw7ktQYIjuKEV4NQfMjvSN7MGVtcgaHWhzXd-peC_lgQ83XmcYV9Wz5A8qhk0165yuXAXYB-dQ84nMJxZYGAjkw1BvcILJ0_PYrGMNKOC9N6eBr4n3dXTFHA=w408-h306-k-no,False,True,en,0,-13.2935376,130.8463877,A,,,False,ChIJYT_ZiiriviwRUAaxDakXAg8,822,,3 months ago,2025-06-14T11:17:07.314Z,,,,,,,Ci9DQUlRQUNvZENodHljRjlvT2xSZk9VbHFUbkJmWW05R1gyNTRiMk5KU1RNdFFuYxAB,,,,,,,,,,,,,,,,,,,,,,,,,Google,https://www.google.com/maps/reviews/data=!4m8!14m7!1m6!2m5!1sCi9DQUlRQUNvZENodHljRjlvT2xSZk9VbHFUbkJmWW05R1gyNTRiMk5KU1RNdFFuYxAB!2m1!1s0x0:0xf0217a90db10650!3m1!1s2@1:CAIQACodChtycF9oOlRfOUlqTnBfYm9GX254b2NJSTMtQnc%7C%7C?hl=en,1.03038e+20,340,https://lh3.googleusercontent.com/a-/ALV-UjXFEOfi-kbSB86khS7tyqRAA-o0n29-euxTNqFbfSkmTpp1clN-=s1920-c-rp-mo-ba5-br100,https://www.google.com/maps/contrib/103038185750163330058?hl=en,1612,2025-09-21T14:41:32.294Z,"Direct Detail URL: https://www.google.com/maps/place/Litchfield+National+Park/@-13.2935324,130.8438128,17z/data=!4m8!3m7!1s0x2cbee22a8ad93f61:0xf0217a90db10650!8m2!3d-13.2935376!4d130.8463877!9m1!1b1!16zL20vMHBzaG0?entry=ttu&g_ep=EgoyMDI1MDkxNy4wIKXMDSoASAFQAw%3D%3D",5,Northern Territory,,False,,,Litchfield National Park,4.8,,https://www.google.com/maps/search/?api=1&query=Litchfield%20National%20Park&query_place_id=ChIJYT_ZiiriviwRUAaxDakXAg8,,Positive
"Litchfield Park NT 0822, Australia",National park,Tourist attraction,National park,1.08145e+18,Litchfield Park,AU,0x2cbee22a8ad93f61:0xf0217a90db10650,https://lh3.googleusercontent.com/gps-cs-s/AC9h4nrEoavoeY76XGUArw7ktQYIjuKEV4NQfMjvSN7MGVtcgaHWhzXd-peC_lgQ83XmcYV9Wz5A8qhk0165yuXAXYB-dQ84nMJxZYGAjkw1BvcILJ0_PYrGMNKOC9N6eBr4n3dXTFHA=w408-h306-k-no,False,True,en,0,-13.2935376,130.8463877,Leonie H,,en,False,ChIJYT_ZiiriviwRUAaxDakXAg8,822,,3 months ago,2025-06-14T08:22:15.436Z,,,,,,,ChdDSUhNMG9nS0VNUFJ3SmJEeWZmOWxnRRAB,,,,,,,,,,,,,,,,,,,,,,,,,Google,https://www.google.com/maps/reviews/data=!4m8!14m7!1m6!2m5!1sChdDSUhNMG9nS0VNUFJ3SmJEeWZmOWxnRRAB!2m1!1s0x0:0xf0217a90db10650!3m1!1s2@1:CIHM0ogKEMPRwJbDyff9lgE%7C%7C?hl=en,1.03846e+20,15,https://lh3.googleusercontent.com/a/ACg8ocJjoqh6rdfrphNJ3ncH56pmTGnmkpHdgTPHhXHnoy9c8F6bvg=s1920-c-rp-mo-ba2-br100,https://www.google.com/maps/contrib/103845764215872757708?hl=en,1612,2025-09-21T14:41:32.294Z,"Direct Detail URL: https://www.google.com/maps/place/Litchfield+National+Park/@-13.2935324,130.8438128,17z/data=!4m8!3m7!1s0x2cbee22a8ad93f61:0xf0217a90db10650!8m2!3d-13.2935376!4d130.8463877!9m1!1b1!16zL20vMHBzaG0?entry=ttu&g_ep=EgoyMDI1MDkxNy4wIKXMDSoASAFQAw%3D%3D",5,Northern Territory,,False,Awesome,,Litchfield National Park,4.8,,https://www.google.com/maps/search/?api=1&query=Litchfield%20National%20Park&query_place_id=ChIJYT_ZiiriviwRUAaxDakXAg8,,Positive
"Litchfield Park NT 0822, Australia",National park,Tourist attraction,National park,1.08145e+18,Litchfield Park,AU,0x2cbee22a8ad93f61:0xf0217a90db10650,https://lh3.googleusercontent.com/gps-cs-s/AC9h4nrEoavoeY76XGUArw7ktQYIjuKEV4NQfMjvSN7MGVtcgaHWhzXd-peC_lgQ83XmcYV9Wz5A8qhk0165yuXAXYB-dQ84nMJxZYGAjkw1BvcILJ0_PYrGMNKOC9N6eBr4n3dXTFHA=w408-h306-k-no,False,True,en,0,-13.2935376,130.8463877,Wolfgang Klotz,,,False,ChIJYT_ZiiriviwRUAaxDakXAg8,822,,3 months ago,2025-06-13T13:28:52.168Z,,,,,,,Ci9DQUlRQUNvZENodHljRjlvT2s1R1VHVlpjall4Tkc0MldWRjNhM3AxU0dOck5VRRAB,https://lh3.googleusercontent.com/geougc-cs/AB3l90AZafPAYf1UwIV7QdCjwtYm16USvACWdeDv7NohdcuknXvDH0jtBAYmMXCZZG3O3aj5r0oYA_Bnpe0oNvr63KE9PKeKj6PQP0LwMipEIHQQ3nzXcbQIffnMxHrbShKABUaHjM7QxQ6xeiE,,,,,,,,,,,,,,,,,,,,,,,,Google,https://www.google.com/maps/reviews/data=!4m8!14m7!1m6!2m5!1sCi9DQUlRQUNvZENodHljRjlvT2s1R1VHVlpjall4Tkc0MldWRjNhM3AxU0dOck5VRRAB!2m1!1s0x0:0xf0217a90db10650!3m1!1s2@1:CAIQACodChtycF9oOk5GUGVZcjYxNG42WVF3a3p1SGNrNUE%7C%7C?hl=en,1.10214e+20,30,https://lh3.googleusercontent.com/a-/ALV-UjVnOVWn6ZkNwT-sCeMEylDUM5Jw03I_BFgRIo2vQBbYwQovj7CP=s1920-c-rp-mo-ba3-br100,https://www.google.com/maps/contrib/110214179539530630303?hl=en,1612,2025-09-21T14:41:32.294Z,"Direct Detail URL: https://www.google.com/maps/place/Litchfield+National+Park/@-13.2935324,130.8438128,17z/data=!4m8!3m7!1s0x2cbee22a8ad93f61:0xf0217a90db10650!8m2!3d-13.2935376!4d130.8463877!9m1!1b1!16zL20vMHBzaG0?entry=ttu&g_ep=EgoyMDI1MDkxNy4wIKXMDSoASAFQAw%3D%3D",5,Northern Territory,,False,,,Litchfield National Park,4.8,,https://www.google.com/maps/search/?api=1&query=Litchfield%20National%20Park&query_place_id=ChIJYT_ZiiriviwRUAaxDakXAg8,,Positive
"Litchfield Park NT 0822, Australia",National park,Tourist attraction,National park,1.08145e+18,Litchfield Park,AU,0x2cbee22a8ad93f61:0xf0217a90db10650,https://lh3.googleusercontent.com/gps-cs-s/AC9h4nrEoavoeY76XGUArw7ktQYIjuKEV4NQfMjvSN7MGVtcgaHWhzXd-peC_lgQ83XmcYV9Wz5A8qhk0165yuXAXYB-dQ84nMJxZYGAjkw1BvcILJ0_PYrGMNKOC9N6eBr4n3dXTFHA=w408-h306-k-no,False,False,en,0,-13.2935376,130.8463877,Cayden Wood,,,False,ChIJYT_ZiiriviwRUAaxDakXAg8,822,,3 months ago,2025-06-13T07:08:44.748Z,,,,,,,Ci9DQUlRQUNvZENodHljRjlvT25od05VRkhRMEZoVm0wME1tRlZiMmhoZGxGamJWRRAB,,,,,,,,,,,,,,,,,,,,,,,,,Google,https://www.google.com/maps/reviews/data=!4m8!14m7!1m6!2m5!1sCi9DQUlRQUNvZENodHljRjlvT25od05VRkhRMEZoVm0wME1tRlZiMmhoZGxGamJWRRAB!2m1!1s0x0:0xf0217a90db10650!3m1!1s2@1:CAIQACodChtycF9oOnhwNUFHQ0FhVm00MmFVb2hhdlFjbVE%7C%7C?hl=en,1.03743e+20,0,https://lh3.googleusercontent.com/a/ACg8ocJLt2JX-aPzqEKNCEGvdANzy8afGYjPFIUo_8lPtrWijDSTqg=s1920-c-rp-mo-br100,https://www.google.com/maps/contrib/103743381552278995677?hl=en,1612,2025-09-21T14:41:32.294Z,"Direct Detail URL: https://www.google.com/maps/place/Litchfield+National+Park/@-13.2935324,130.8438128,17z/data=!4m8!3m7!1s0x2cbee22a8ad93f61:0xf0217a90db10650!8m2!3d-13.2935376!4d130.8463877!9m1!1b1!16zL20vMHBzaG0?entry=ttu&g_ep=EgoyMDI1MDkxNy4wIKXMDSoASAFQAw%3D%3D",5,Northern Territory,,False,,,Litchfield National Park,4.8,,https://www.google.com/maps/search/?api=1&query=Litchfield%20National%20Park&query_place_id=ChIJYT_ZiiriviwRUAaxDakXAg8,,Positive
"Litchfield Park NT 0822, Australia",National park,Tourist attraction,National park,1.08145e+18,Litchfield Park,AU,0x2cbee22a8ad93f61:0xf0217a90db10650,https://lh3.googleusercontent.com/gps-cs-s/AC9h4nrEoavoeY76XGUArw7ktQYIjuKEV4NQfMjvSN7MGVtcgaHWhzXd-peC_lgQ83XmcYV9Wz5A8qhk0165yuXAXYB-dQ84nMJxZYGAjkw1BvcILJ0_PYrGMNKOC9N6eBr4n3dXTFHA=w408-h306-k-no,False,False,en,0,-13.2935376,130.8463877,Saif Rahimi,,,False,ChIJYT_ZiiriviwRUAaxDakXAg8,822,,3 months ago,2025-06-13T02:36:36.898Z,,,,,,,ChdDSUhNMG9nS0VKbmJ0WUNuLTdiaDZBRRAB,,,,,,,,,,,,,,,,,,,,,,,,,Google,https://www.google.com/maps/reviews/data=!4m8!14m7!1m6!2m5!1sChdDSUhNMG9nS0VKbmJ0WUNuLTdiaDZBRRAB!2m1!1s0x0:0xf0217a90db10650!3m1!1s2@1:CIHM0ogKEJnbtYCn-7bh6AE%7C%7C?hl=en,1.16136e+20,7,https://lh3.googleusercontent.com/a-/ALV-UjXBhcCuAE9_0_Cif-I7EaonbR-9e98qUZd9YixhGwOR0nEjRWQM=s1920-c-rp-mo-br100,https://www.google.com/maps/contrib/116136276558713325536?hl=en,1612,2025-09-21T14:41:32.294Z,"Direct Detail URL: https://www.google.com/maps/place/Litchfield+National+Park/@-13.2935324,130.8438128,17z/data=!4m8!3m7!1s0x2cbee22a8ad93f61:0xf0217a90db10650!8m2!3d-13.2935376!4d130.8463877!9m1!1b1!16zL20vMHBzaG0?entry=ttu&g_ep=EgoyMDI1MDkxNy4wIKXMDSoASAFQAw%3D%3D",5,Northern Territory,,False,,,Litchfield National Park,4.8,,https://www.google.com/maps/search/?api=1&query=Litchfield%20National%20Park&query_place_id=ChIJYT_ZiiriviwRUAaxDakXAg8,,Positive
"Litchfield Park NT 0822, Australia",National park,Tourist attraction,National park,1.08145e+18,Litchfield Park,AU,0x2cbee22a8ad93f61:0xf0217a90db10650,https://lh3.googleusercontent.com/gps-cs-s/AC9h4nrEoavoeY76XGUArw7ktQYIjuKEV4NQfMjvSN7MGVtcgaHWhzXd-peC_lgQ83XmcYV9Wz5A8qhk0165yuXAXYB-dQ84nMJxZYGAjkw1BvcILJ0_PYrGMNKOC9N6eBr4n3dXTFHA=w408-h306-k-no,False,False,en,0,-13.2935376,130.8463877,Petur Arni Rafnsson,,,False,ChIJYT_ZiiriviwRUAaxDakXAg8,822,,3 months ago,2025-06-04T22:26:12.055Z,,,,,,,ChZDSUhNMG9nS0VOei00S2Jib01mLUp3EAE,,,,,,,,,,,,,,,,,,,,,,,,,Google,https://www.google.com/maps/reviews/data=!4m8!14m7!1m6!2m5!1sChZDSUhNMG9nS0VOei00S2Jib01mLUp3EAE!2m1!1s0x0:0xf0217a90db10650!3m1!1s2@1:CIHM0ogKENz-4KbboMf-Jw%7C%7C?hl=en,1.00421e+20,5,https://lh3.googleusercontent.com/a/ACg8ocILJ46XDmyNHmRa9YjVpGhb4lGji2DWs-01pcD7aAf4ZBi2uw=s1920-c-rp-mo-br100,https://www.google.com/maps/contrib/100420664778438360191?hl=en,1612,2025-09-21T14:41:32.294Z,"Direct Detail URL: https://www.google.com/maps/place/Litchfield+National+Park/@-13.2935324,130.8438128,17z/data=!4m8!3m7!1s0x2cbee22a8ad93f61:0xf0217a90db10650!8m2!3d-13.2935376!4d130.8463877!9m1!1b1!16zL20vMHBzaG0?entry=ttu&g_ep=EgoyMDI1MDkxNy4wIKXMDSoASAFQAw%3D%3D",4,Northern Territory,,False,,,Litchfield National Park,4.8,,https://www.google.com/maps/search/?api=1&query=Litchfield%20National%20Park&query_place_id=ChIJYT_ZiiriviwRUAaxDakXAg8,,Positive
"Litchfield Park NT 0822, Australia",National park,Tourist attraction,National park,1.08145e+18,Litchfield Park,AU,0x2cbee22a8ad93f61:0xf0217a90db10650,https://lh3.googleusercontent.com/gps-cs-s/AC9h4nrEoavoeY76XGUArw7ktQYIjuKEV4NQfMjvSN7MGVtcgaHWhzXd-peC_lgQ83XmcYV9Wz5A8qhk0165yuXAXYB-dQ84nMJxZYGAjkw1BvcILJ0_PYrGMNKOC9N6eBr4n3dXTFHA=w408-h306-k-no,False,False,en,0,-13.2935376,130.8463877,Keegan Covey,,en,False,ChIJYT_ZiiriviwRUAaxDakXAg8,822,,3 months ago,2025-06-04T15:08:58.814Z,,,,,,,ChdDSUhNMG9nS0VMM1A4NnFEdXFpY2pnRRAB,,,,,,,,,,,,,,,,,,,,,,,,,Google,https://www.google.com/maps/reviews/data=!4m8!14m7!1m6!2m5!1sChdDSUhNMG9nS0VMM1A4NnFEdXFpY2pnRRAB!2m1!1s0x0:0xf0217a90db10650!3m1!1s2@1:CIHM0ogKEL3P86qDuqicjgE%7C%7C?hl=en,1.16714e+20,8,https://lh3.googleusercontent.com/a-/ALV-UjXEQYUYEa2VJStk-7iA3iXJMVdLhzCgObNlbbDeIPxnn6W_Ld8=s1920-c-rp-mo-br100,https://www.google.com/maps/contrib/116714137818500852415?hl=en,1612,2025-09-21T14:41:32.294Z,"Direct Detail URL: https://www.google.com/maps/place/Litchfield+National+Park/@-13.2935324,130.8438128,17z/data=!4m8!3m7!1s0x2cbee22a8ad93f61:0xf0217a90db10650!8m2!3d-13.2935376!4d130.8463877!9m1!1b1!16zL20vMHBzaG0?entry=ttu&g_ep=EgoyMDI1MDkxNy4wIKXMDSoASAFQAw%3D%3D",5,Northern Territory,,False,"Beautiful park within driving distance of Darwin, if you have just a bit of time to see the Australian bush like we did. Saw a bunch of wallabies at Rum Jungle, got stuck behind a road train, hiked to a waterfall and found a place that did a good ice (cream???) coffee among other things. Made us itchy to see a whole lot more.",,Litchfield National Park,4.8,,https://www.google.com/maps/search/?api=1&query=Litchfield%20National%20Park&query_place_id=ChIJYT_ZiiriviwRUAaxDakXAg8,,Positive
"Litchfield Park NT 0822, Australia",National park,Tourist attraction,National park,1.08145e+18,Litchfield Park,AU,0x2cbee22a8ad93f61:0xf0217a90db10650,https://lh3.googleusercontent.com/gps-cs-s/AC9h4nrEoavoeY76XGUArw7ktQYIjuKEV4NQfMjvSN7MGVtcgaHWhzXd-peC_lgQ83XmcYV9Wz5A8qhk0165yuXAXYB-dQ84nMJxZYGAjkw1BvcILJ0_PYrGMNKOC9N6eBr4n3dXTFHA=w408-h306-k-no,False,True,en,0,-13.2935376,130.8463877,Emi Le,,en,False,ChIJYT_ZiiriviwRUAaxDakXAg8,822,,3 months ago,2025-05-29T12:22:03.577Z,,,,,A lot of spaces,Clean,ChZDSUhNMG9nS0VKejJrSWlsdGZYOFFBEAE,https://lh3.googleusercontent.com/geougc-cs/AB3l90AWrKsgFmL6x_DWWLtRsahNOaBBUYvSBYDT-qEysUpp_eH3aytpCuJjBQlRGrjQ5EYjpEp2Jtyiovhh1da3LrgpgGdKe0hKMJydyVQs8v5_dVzgSkGCCWTiX339hRaIwf6XVGTY,https://lh3.googleusercontent.com/geougc-cs/AB3l90CAicHMfiJzuea5x6N49KoOsajLAsOwbKaQ96jz1-cSvFFJhUzjtG2rHlCYIPGU1hOsuZ7Y5n57kX1xcYbG9UrY1EEob58DxHx8D9Tjp_sHasJqSljy4a2hCPnHz_Y4rM9TQJ45,https://lh3.googleusercontent.com/geougc-cs/AB3l90AnoZvp1H4wjczZLle_76O2i1nLG4g1XChQTz7vrqDxbM6iM7uZKSP7_DwS7w3NHEMph-VuoH3LEObw0x7Z8E6_FQ4cuxqPmvdERM-roBQuNeEtOoZoFrU8t3O2s5qViHMvK1XQ,https://lh3.googleusercontent.com/geougc-cs/AB3l90C-gvzHYyOJEJHSpb_jTHtHbTIFvxyVFymopih8dl7sS28XmsgImwy2LVjks6RYrmVUPJeTfA5SeVrpjhdJvMioNsS9fGpnYlFHczg0Uwulze_AHOew3FDrsQlqhGBK3qEKMWkd,https://lh3.googleusercontent.com/geougc-cs/AB3l90CfAX9Dv0VNuA6O_ZUr-7h4rBH5tiEeyatXEJP6CK7AE4ebgOgAC4x5mPCVGMLVFL54sVneMf_UOwG3bNmAJaRGJw1ZyYLlYUu0QFmIqX2pdiFKuT7_rWBFurXMgoEWNCjbDZVU,https://lh3.googleusercontent.com/geougc-cs/AB3l90Ch5dJNbzubwhaHQwYJdM9Kx6r2pXl1K2NRi8hZCSrHS-SIXlDDD0Ym1CezV3906a3w8rk2zd_IzeIhzq4UDQ7Tr_juTOkiU3JrZwHXyEwjIMTWA1EPKl2MBmWHoaof1X_YMg,https://lh3.googleusercontent.com/geougc-cs/AB3l90C2Zt4oRhaTTl8ZG1VfvvNTemOgPV-goJlmkbTdV5V1C0SRNxWbRX3fkivIXQdna0jOChXFX-xnA04JbWQr97rLmD-SYVf9B5glw-WzcyRqolHa-QWxbuA63962CdQU8uwqxv6n,https://lh3.googleusercontent.com/geougc-cs/AB3l90DaTfbx630SOyoDzf4EzFzqjQRWjTryroP-1mUsGq6T3HAxuyGAvt8JLwcGrzLHkXZieXjM8mkQIMNAsD4U6pAgznC1tsEkSGsbmq2EddjjmLUsuz25b9uDUQOQn_8leV2p0apn,https://lh3.googleusercontent.com/geougc-cs/AB3l90Ac7udtZueaEVLv8RfRfQvuN_E3SoC6fa8zTyLPgl6GUh-jBDn_l-vXXgJC4z_dvnkmnK4pVxcFly5rSyw5KNuTPQFFY4ZD3YhJPl2FzQSGp9-md7Qu9juhmX-YT-gRRchcSCxF,https://lh3.googleusercontent.com/geougc-cs/AB3l90CiXwa6MYThda6qf8VnC6Gi32jhQ8YtmNmxz29QttdUEOMPpFBAVI8aS5c1VTA0OmahublkYMxcQtrAuA_UZATk6jf-msOjtp1jdBjskuaZMmSnOiRiS0XzvjLwgh4rocDq5XO3wg,https://lh3.googleusercontent.com/geougc-cs/AB3l90DemDWKvtfK0E_Z3YLQIjSM2zcgGxztrysqruX7RwVIUh-SkVdDhQ_GvosRTaPoD3bhQfI3tR3Zg4D4kyQAZB96qHYKBJUsVZ-QpGNlQTeK28pRDiV6naqnbeRQrWX1B1griY5G,https://lh3.googleusercontent.com/geougc-cs/AB3l90DaohLdDWSljBdt-3UPvk5Li7xXEP0GDiTz2UC9jfasbQ-QtIo_8rz4Bj4ShUR1sPBFkviOHSZYvKiSHF1Cedg1ZZHqwF3blM_Tq4Zy_Jhhye3qn3FBmktvjCChvrwfsmNpes1t,https://lh3.googleusercontent.com/geougc-cs/AB3l90BhTgZMnt27ECvpxE5BJZ2YW4IEDXprLpvCH2vwiiq1_j_uPDwcF_GZVSYLW-HI67hDK_PQI7apXYx3mnqljI7q3O-4TJziDyCLWZs7pXniWKS-xCLZ2h_TQ95QY0C57oPXe7Ut,,,,,,,,,,,,Google,https://www.google.com/maps/reviews/data=!4m8!14m7!1m6!2m5!1sChZDSUhNMG9nS0VKejJrSWlsdGZYOFFBEAE!2m1!1s0x0:0xf0217a90db10650!3m1!1s2@1:CIHM0ogKEJz2kIiltfX8QA%7C%7C?hl=en,1.17347e+20,144,https://lh3.googleusercontent.com/a-/ALV-UjV10U86cQ0Xwm9m3putraTbydrEgqIrJvn6EEzIGDplptRzdFEF=s1920-c-rp-mo-ba5-br100,https://www.google.com/maps/contrib/117347020583119408591?hl=en,1612,2025-09-21T14:41:32.294Z,"Direct Detail URL: https://www.google.com/maps/place/Litchfield+National+Park/@-13.2935324,130.8438128,17z/data=!4m8!3m7!1s0x2cbee22a8ad93f61:0xf0217a90db10650!8m2!3d-13.2935376!4d130.8463877!9m1!1b1!16zL20vMHBzaG0?entry=ttu&g_ep=EgoyMDI1MDkxNy4wIKXMDSoASAFQAw%3D%3D",5,Northern Territory,,False,"We visited Litchfield National Park over the weekend and had a wonderful time. The park features many beautiful waterfalls surrounded by stunning landscapes. There’s plenty of space for picnics or barbecues, and the toilet facilities are clean and well-maintained. One of the highlights was Buley Rockhole, a great spot where you can relax and swim in the refreshing natural pools. It’s a perfect getaway for nature lovers looking to enjoy a peaceful day outdoors.",,Litchfield National Park,4.8,,https://www.google.com/maps/search/?api=1&query=Litchfield%20National%20Park&query_place_id=ChIJYT_ZiiriviwRUAaxDakXAg8,,Positive
"Litchfield Park NT 0822, Australia",National park,Tourist attraction,National park,1.08145e+18,Litchfield Park,AU,0x2cbee22a8ad93f61:0xf0217a90db10650,https://lh3.googleusercontent.com/gps-cs-s/AC9h4nrEoavoeY76XGUArw7ktQYIjuKEV4NQfMjvSN7MGVtcgaHWhzXd-peC_lgQ83XmcYV9Wz5A8qhk0165yuXAXYB-dQ84nMJxZYGAjkw1BvcILJ0_PYrGMNKOC9N6eBr4n3dXTFHA=w408-h306-k-no,False,True,en,0,-13.2935376,130.8463877,ROYALTY BARBERSHOP,,en,False,ChIJYT_ZiiriviwRUAaxDakXAg8,822,,3 months ago,2025-05-28T02:44:14.258Z,,,,,,,ChdDSUhNMG9nS0VJX3hzX202MTRMazhnRRAB,,,,,,,,,,,,,,,,,,,,,,,,,Google,https://www.google.com/maps/reviews/data=!4m8!14m7!1m6!2m5!1sChdDSUhNMG9nS0VJX3hzX202MTRMazhnRRAB!2m1!1s0x0:0xf0217a90db10650!3m1!1s2@1:CIHM0ogKEI_xs_m614Lk8gE%7C%7C?hl=en,1.04491e+20,56,https://lh3.googleusercontent.com/a-/ALV-UjUSuGtOr9R0dElyefnDp0HmFrczxssTzAcUTpNmAlEPxABkaMnu=s1920-c-rp-mo-ba3-br100,https://www.google.com/maps/contrib/104491132249117353066?hl=en,1612,2025-09-21T14:41:32.294Z,"Direct Detail URL: https://www.google.com/maps/place/Litchfield+National+Park/@-13.2935324,130.8438128,17z/data=!4m8!3m7!1s0x2cbee22a8ad93f61:0xf0217a90db10650!8m2!3d-13.2935376!4d130.8463877!9m1!1b1!16zL20vMHBzaG0?entry=ttu&g_ep=EgoyMDI1MDkxNy4wIKXMDSoASAFQAw%3D%3D",5,Northern Territory,,False,Such a beautiful view and nature environment can’t ask for more such a unique experience for all tourists and locals enjoy dry season at his best !!! Welcome you all ! Blessings!,,Litchfield National Park,4.8,,https://www.google.com/maps/search/?api=1&query=Litchfield%20National%20Park&query_place_id=ChIJYT_ZiiriviwRUAaxDakXAg8,,Positive
"Litchfield Park NT 0822, Australia",National park,Tourist attraction,National park,1.08145e+18,Litchfield Park,AU,0x2cbee22a8ad93f61:0xf0217a90db10650,https://lh3.googleusercontent.com/gps-cs-s/AC9h4nrEoavoeY76XGUArw7ktQYIjuKEV4NQfMjvSN7MGVtcgaHWhzXd-peC_lgQ83XmcYV9Wz5A8qhk0165yuXAXYB-dQ84nMJxZYGAjkw1BvcILJ0_PYrGMNKOC9N6eBr4n3dXTFHA=w408-h306-k-no,False,True,en,0,-13.2935376,130.8463877,J Hill,,en,False,ChIJYT_ZiiriviwRUAaxDakXAg8,822,,4 months ago,2025-05-16T04:57:07.674Z,,,,,,,ChdDSUhNMG9nS0VOR3J0Znk3dU5ENmxnRRAB,https://lh3.googleusercontent.com/geougc-cs/AB3l90AvA5A4SNMwQzKb4kXFR04G5NzV04R8PuMeyO8kNe4ZxyYgvdmaML0EwbiesAIEI1s5lPAHfEhUv87MK4gqrvqP0dHjAvzpZ99NFFoeOHsNd8L9mY3kD0KzaCLU4YMOhsXDFBG8,https://lh3.googleusercontent.com/geougc-cs/AB3l90BixwSCj6rJkUuSI-jMT-pX2rO5KGUXwpSmrJ2EKHFkr0IW0r9wp4kJyVO9fb1mgIRpRr9kixoGr4AmaSYkhkbMMlwuQo5GH0DyWAi-JrQ-_uYVT4pCoPlrvHO8OT-zrlc3EyQ-pg,https://lh3.googleusercontent.com/geougc-cs/AB3l90DOgRWPVpc4CZ_WkkZRasNVm7SgT5DPPZubDTVRrEV8UhEm8ZvlYMpv90_88CMiSZIU6JPi58cEU5DOiiQK1pJsqvtLZWuWK45QC2BojcptLmcPgV_WRBKjwo66wQDup08_5-fN,https://lh3.googleusercontent.com/geougc-cs/AB3l90CuEFprzjDyoMWI8z6nWs1HJFvRBpUk1fYzDrQyeW83CIo69v2dfRHer4CtlCL0-C0XG0fFnGgODRz8GYWSIVHgVxn0cqLwGMJaBmVduRud7xOLg2caZpN7MIizi1tnZOoyNUEg,https://lh3.googleusercontent.com/geougc-cs/AB3l90CA9tYbnw9bh6zKzHZdNvvXgz5IoX9MoEmjDcuOfvXKpDwiKc0rZTXP0bv15MCU4JJCn5Q_fmUPPo7sRlzB8Sl4Bj_c_itIdP0b4byKZCF-51d05JqartZixcq7Zzc-x7559EA-,https://lh3.googleusercontent.com/geougc-cs/AB3l90BVo5RFgZTWhUya7QHJMzQ4qLHiRdVhDJkXetzLWPD0_vPk4Vp100k4CJkojo5yMFUFht2oE68jpb6K_L05hrcHxsr2yiRyUfFaL-8a2FKhU05VDknZ-PxVX31okrcAA1B7mtkm,https://lh3.googleusercontent.com/geougc-cs/AB3l90CdTA7OtB6YB0O9ZXFFrVS1SnPu3e8cmbbtkZtGYE9-RaNNWemH1Lp8HUY0pDWTKLNBDwcG9htzbkcL_VYI7AuW9plBAu7Q8_oBeDCabLL4TBHjAff9_8-HHSF_UttGBtLTFRds1A,https://lh3.googleusercontent.com/geougc-cs/AB3l90C9fccG1bnpgf2kC3Pf-YfqIdNXYWCrYEYJ1663tdCl126WyOhz6n1Tad8RLNFSpwS4uE1Bbm09YV3zwALU9VxTsLTQW4i1tRsW1v5WsIqhg34tWoH6rRVkkvNelR7ASC1QGxbYTA,https://lh3.googleusercontent.com/geougc-cs/AB3l90BQz0k6yHMOVGQA0H_liEp6c_ABGfXR9_F1RgkiZEKEB_eOvdonAx967oFL0XvjM8W3p_jMwjfpTVW82N_UngWJkDr0U7iFL1N40jNeO0qkTyWT3X2ZL6WqIREZL_LTq5rsVXACpw,https://lh3.googleusercontent.com/geougc-cs/AB3l90DMAvFoQ4h8j7pTwRWH18LoPRAvZdbMUOvI01UbENRRE6onEZns-3U-RQddnpwQHEMp5HD72gAml0IJ7MCxRiPogkRj_31DREYAkPbLirxVGxRlQqSTxzngcMh68fYjdXXYeHoS,https://lh3.googleusercontent.com/geougc-cs/AB3l90CZsAXJIt2wmlcHPpMeKX7dq7GoOqXpWLa8G8xSDegQmO3FCtFMWLveI1gXOUlabGMCQXmNdlIjw-7YSk__559K22hjZkyO0pCdjEz5Xh2OFmqxcxeglKJdz8dwvuywdyaQpm-G,https://lh3.googleusercontent.com/geougc-cs/AB3l90BioceufL0wY8rvQKyb_Sw1e0gzs3ILO2wHM7zpd52olow9sJ1MgnfjjKfxa9zX4Pr-yRUsLXgrZ7LL-QoGbLVXpfHHHPBAow9FsuIi-hz1TSdxPjjVwvFXNVT2Gc32b2f1Fr4I,https://lh3.googleusercontent.com/geougc-cs/AB3l90B9ntw1ewrCZO3adGvThVDnnsp51Aif19tuiWfH1JEQTFt3llW-uQXv4HVxZzKyBxBunl64ItByyAld93O3Ev-liNMRjbWimNldqIYL9GBbnVmz0YFNRkgVEjHvRb5Fm8NoKPD3,https://lh3.googleusercontent.com/geougc-cs/AB3l90BbfPO0jwA7XgM8Hp_grRu2_DOGhT2qSthMGJYDd4AbfQNXE-zsStuJIhMdrt_tBySxeKkbPByJhV7sqa31IMDbXHDmjuP6izyU5VRutxO9PAX94MinhPfnMxQjW7_w1C8gPKQ,https://lh3.googleusercontent.com/geougc-cs/AB3l90CKNd6LiyznZHEHsQArjTz8t_gLG9X3Re_LmU2lZP7g90fYzF04yU41Z8r4Nv6rO5bm_wQ22uogowNEav-EdU13yEIoMf5Y6fzcBsJL5YrO3w2Yf19cFYlFLU8o0XOomF0E8AVa,https://lh3.googleusercontent.com/geougc-cs/AB3l90Cg1QN7do9kVK4i3CGE69n0t2UFr9C_SC5i1thp53_2ZK6qkxwfiSkZujyhrAdSNk9ITQddpdVfqDH_Op6q_3ems8UfO8oURG0kH3zy2qVemD6Fmy1bQo_2Qr1Py6COAhI2BfZy,https://lh3.googleusercontent.com/geougc-cs/AB3l90B-pG-02NPEks5OfCvJZ5nQ6Qtci4dAw46cg5g8V6wJYSWCBjPwfkCsinBMH4gPsBWsE1lWBonIsr05vBqKe72uU-oKMBrgmGIWSD1nuGjpX4vsc1bNW4xrGRHvIwJdUwxq5Dqf-w,https://lh3.googleusercontent.com/geougc-cs/AB3l90AoagBE4fIpwdByVmecIjq2ND6axhEpznY9AXmjJ2sDSoy1rNo3z_aKIDls3w1jFja8XP6VyCMyCFM2P0R8qwWvNUV2JE96-4vHvalpH_kUq4IZ33HdyG4KUcGDiEtPQwm84bBOvA,,,,,,,Google,https://www.google.com/maps/reviews/data=!4m8!14m7!1m6!2m5!1sChdDSUhNMG9nS0VOR3J0Znk3dU5ENmxnRRAB!2m1!1s0x0:0xf0217a90db10650!3m1!1s2@1:CIHM0ogKENGrtfy7uND6lgE%7C%7C?hl=en,1.15374e+20,4,https://lh3.googleusercontent.com/a/ACg8ocJOHwY1az31xjDg3bnR_fG6mr2YJLMhwdscgqz5TEkCLAx09Q=s1920-c-rp-mo-ba2-br100,https://www.google.com/maps/contrib/115373804500178094941?hl=en,1612,2025-09-21T14:41:32.294Z,"Direct Detail URL: https://www.google.com/maps/place/Litchfield+National+Park/@-13.2935324,130.8438128,17z/data=!4m8!3m7!1s0x2cbee22a8ad93f61:0xf0217a90db10650!8m2!3d-13.2935376!4d130.8463877!9m1!1b1!16zL20vMHBzaG0?entry=ttu&g_ep=EgoyMDI1MDkxNy4wIKXMDSoASAFQAw%3D%3D",5,Northern Territory,,False,"Unbelievable scenery, short distances between points of interest..",,Litchfield National Park,4.8,,https://www.google.com/maps/search/?api=1&query=Litchfield%20National%20Park&query_place_id=ChIJYT_ZiiriviwRUAaxDakXAg8,,Negative
"Litchfield Park NT 0822, Australia",National park,Tourist attraction,National park,1.08145e+18,Litchfield Park,AU,0x2cbee22a8ad93f61:0xf0217a90db10650,https://lh3.googleusercontent.com/gps-cs-s/AC9h4nrEoavoeY76XGUArw7ktQYIjuKEV4NQfMjvSN7MGVtcgaHWhzXd-peC_lgQ83XmcYV9Wz5A8qhk0165yuXAXYB-dQ84nMJxZYGAjkw1BvcILJ0_PYrGMNKOC9N6eBr4n3dXTFHA=w408-h306-k-no,False,False,en,0,-13.2935376,130.8463877,Andrew Biddle,,,False,ChIJYT_ZiiriviwRUAaxDakXAg8,822,,4 months ago,2025-05-12T20:04:28.195Z,,,,,,,ChdDSUhNMG9nS0VPV0Rsb0Nyd3RISTVBRRAB,,,,,,,,,,,,,,,,,,,,,,,,,Google,https://www.google.com/maps/reviews/data=!4m8!14m7!1m6!2m5!1sChdDSUhNMG9nS0VPV0Rsb0Nyd3RISTVBRRAB!2m1!1s0x0:0xf0217a90db10650!3m1!1s2@1:CIHM0ogKEOWDloCrwtHI5AE%7C%7C?hl=en,1.09975e+20,0,https://lh3.googleusercontent.com/a/ACg8ocJmkObogmguaasq9a74QX1vuFfRkx6ZUMXQkosMdxq_XDeuOg=s1920-c-rp-mo-br100,https://www.google.com/maps/contrib/109975464940497836892?hl=en,1612,2025-09-21T14:41:32.294Z,"Direct Detail URL: https://www.google.com/maps/place/Litchfield+National+Park/@-13.2935324,130.8438128,17z/data=!4m8!3m7!1s0x2cbee22a8ad93f61:0xf0217a90db10650!8m2!3d-13.2935376!4d130.8463877!9m1!1b1!16zL20vMHBzaG0?entry=ttu&g_ep=EgoyMDI1MDkxNy4wIKXMDSoASAFQAw%3D%3D",4,Northern Territory,,False,,,Litchfield National Park,4.8,,https://www.google.com/maps/search/?api=1&query=Litchfield%20National%20Park&query_place_id=ChIJYT_ZiiriviwRUAaxDakXAg8,,Positive
"Litchfield Park NT 0822, Australia",National park,Tourist attraction,National park,1.08145e+18,Litchfield Park,AU,0x2cbee22a8ad93f61:0xf0217a90db10650,https://lh3.googleusercontent.com/gps-cs-s/AC9h4nrEoavoeY76XGUArw7ktQYIjuKEV4NQfMjvSN7MGVtcgaHWhzXd-peC_lgQ83XmcYV9Wz5A8qhk0165yuXAXYB-dQ84nMJxZYGAjkw1BvcILJ0_PYrGMNKOC9N6eBr4n3dXTFHA=w408-h306-k-no,False,True,en,0,-13.2935376,130.8463877,Rene Swart,,en,False,ChIJYT_ZiiriviwRUAaxDakXAg8,822,,4 months ago,2025-05-11T22:30:45.158Z,,,,,,,ChdDSUhNMG9nS0VLaVd6NDd6MzdmeV9nRRAB,https://lh3.googleusercontent.com/geougc-cs/AB3l90CNI3dR7JOQ-yZHVcsqcMoJgDZLhkgTtD-nA2RaV-tz-2HF9X1NB2OcBT20eccMQ-swnMEsk4haJjzQI2TrE1MmYySC4yDANzPKa_mJQo23uaxJ1IjMmE1cWOzbrIhCEb-2rvE_wA,https://lh3.googleusercontent.com/geougc-cs/AB3l90C6eil0Ja2nk__f6o3VLM7TA6trxHlkaWDzhlB9P-x6yCJC-Ty9BX4e2tXPQ089XiAQs3gPvHidnPgbLQClM1Od3ZBOWr_BVDUu4lA257CQyWLmN-NAUhmmX74HuJANryDKhMoodw,https://lh3.googleusercontent.com/geougc-cs/AB3l90CngXWiECgcoGUJolPclEFD9Di6KvvvFAZRA4xV2DqrFffUBbWZ1bdFV78kCFPHcdzKxKc8jTvbqe2frfH1_bhYonSXST_6S9J0cSSdDEIMGtk4TBckP86VNmtK4taWXznbvvLp,https://lh3.googleusercontent.com/geougc-cs/AB3l90AmA5dLOJb2Esc-jM_6GXnZIJ9F9smSomXtDg6WhG5_yt907ghp-y-emHG_vsbtwRjmE3bVpuI4Mf7ZOprSACWZaCyZE2ZwM3KbQBfPFjd9waoqmGR3WtXUYog3j7r-V48Ca5fBXQ,https://lh3.googleusercontent.com/geougc-cs/AB3l90DWHpzC6bNu07W2zzb6Sn75E37IYlMaLqo1V7tMF5QFc1rKNQghQXgho_JsyYKH3eCtZ8Dxb-BESxYQjjJHfX3ySUhCaNsQY09KP2cl4MKc15HFlGWcX5ahUskujWusj1ttiOZr,https://lh3.googleusercontent.com/geougc-cs/AB3l90Awv6-LNlSKl0WLNR7bY_C-gRGV7OIVZiPvA-1lv-E-W1F9e8DAn3EukfbH8pfOQdEMKzm3_My0njtMm23A8WgLYChyBAGv9q1k8ldFE1EAeFukoAcpaC5qajR06Vv01hTTDk4,https://lh3.googleusercontent.com/geougc-cs/AB3l90A3dc7IVa5hk4mjXpib425GnSHr3eiS9rvYF3uj53qlibX2EIPaZLGLzEtlpwGoeNUezqrR0Rd_lRquWI70HA4aAU9G2_J86jMh_cTehMC7IEag9IGXzjbGrf-TxnG6Zgiyw2Mn,https://lh3.googleusercontent.com/geougc-cs/AB3l90AlA953spAFna7Yb_hDh8SZNLGZBpBv1x-iUmg3kR2c1uTmvYshaMUltemJY9NemJGkuSO14E7xfBR-3raUqg96R2lYjCxYEJm-wSzAs9V59Y5Q2zfslat9LN04Q0ikgm-4yMfA,https://lh3.googleusercontent.com/geougc-cs/AB3l90AHA-d4caD6GjMfJ5Hvp2yFO2ORu6a3vZ-a4hFwKLeth9w3-pnuNMO3nZyR77zt_xwfceezYMVKNppjMT99jbyoMaS4IEj235KkDGnrEhnS3QVDG1mkziTaHX39YBKFmt-8qTiZ,https://lh3.googleusercontent.com/geougc-cs/AB3l90CGjSWuuFh0vD90MovBtrlwQrteukaDfKiNUxhuCTX7OWU0LQNdAOlxjt2nD6Ee-1OG9QpMcullbFrlmxOf0ncNpI_rJlGBXkMJQPuc0zbQH0JLtH1rUCgmwG11r_mOXai9YPoY,https://lh3.googleusercontent.com/geougc-cs/AB3l90DheBlV_W9ujzzBapifpUsJg4fPV0C64k1LuLDTTOfbxjzxgDZSCIgp5MPHcjcjuzVZHL_pzFQjTDCROg663X5cjLh3HPssET299sXzG4yOVPrtSTmUmIOz6naNcrKfBospSKex,https://lh3.googleusercontent.com/geougc-cs/AB3l90CslLlh1t_Za0UNyMHz_bJnx1AXD0AyqawQNnRZcFPq6IPi-JA4pv_sNYX141hHV_CWIzBKd5Cjb0heQgMJtqqunq3Xi4-ycQv0zvcytHTp9IbuP0triSwe1okD89rOUMkZn00k,https://lh3.googleusercontent.com/geougc-cs/AB3l90DRmjptrBvvV9XNtkvXWq7RKRNuPVGRQ9aHJ6VDj3jSEhHFEkmpE7PM4V0WqOFgPOSx31m_Tnty9ITJx-K3HmFDZlQTqqbXNztzShaA6nbP3Px19Bq20VdXevFWOiIRxNKyew,https://lh3.googleusercontent.com/geougc-cs/AB3l90BnQns0arkW06oAGSEFmuKGwAY7aPSxk8q3lMdepM_DyIS6jglDbW5W-hN6Yrh1jREMxIMq1HcveGFDYD3HtinAYLwg9v8mAZtnslKyGfofzRy8ekujrqPLfEO2gMclyU-sDLUT,https://lh3.googleusercontent.com/geougc-cs/AB3l90BPTcQIhU6Bfqa7EaCYG9XIPy86zHowSUR0YjMhmv3tOoGoDw8DftOaLE7brZNJnswNGgRLkwiB1THQxwOkDvJAnaNOoBHaxTNZAhrm_gZ9F8Sg2kbxqjBJPWAzhDZebS0ey70x,https://lh3.googleusercontent.com/geougc-cs/AB3l90ALE0e8-MDBUGpfxoqOArlJ_mv61RRdCywweqmSmL_jTW9fgeAg-Gcf2SVK5_yh7qcqM453Sh8nnE9XUJmBAr8XcTL-oH5_zCbd3qCTIjsXdRbjQeoDBIve-Lh8oRuJwXN_tyrQHg,https://lh3.googleusercontent.com/geougc-cs/AB3l90Al1CpDMoxP2M_s_dRpS9X_ifpI5XbMcD3WmZAsWVr2kdtHs6-H8xNJTAMaKexoLXNHayfIXV_lAt50ubPWe7mXQw5uQ8P3LhsIILvARKdq0oC980zpp35oXCVqeKNS1eAxl9OT7A,https://lh3.googleusercontent.com/geougc-cs/AB3l90C430OzQUfRp_8B-7YhFB3x_CZCkh75l0Z37nNuN9miKKVBViVvgzxpEeLynPSLDeJM_VRBxv0796ulIm_j8Rcv3SKY_ngXn-uc6yTwIu6-F9VAd0q_yWDqiz3ySii3xZtuuMGssw,https://lh3.googleusercontent.com/geougc-cs/AB3l90BYda-MENoSqzcrfyqULFyRJ8Iy08tFw_nyevYK-35PIVjhLyqVjfbDdRVPEFVUmwI2VkAwpT0eyBU0EAoUVU6HuHXziQoipfsfyua0hSTlDu70PFjNDiT9m3w-5emKDlLzm-CE,https://lh3.googleusercontent.com/geougc-cs/AB3l90CPH2ej6XN8OsgSoceo-KORWaJioQ95nQswmzYW9YL-VbKr-3KVW3QPmaL2iCVMx5tZDxPJsMWh8VPAlVmTqTu0FeQbhUvLUWS-Yc5_vLN7yw8B2ZIniYTrKj1YkgFo1vzNoRPc2g,,,,,Google,https://www.google.com/maps/reviews/data=!4m8!14m7!1m6!2m5!1sChdDSUhNMG9nS0VLaVd6NDd6MzdmeV9nRRAB!2m1!1s0x0:0xf0217a90db10650!3m1!1s2@1:CIHM0ogKEKiWz47z37fy_gE%7C%7C?hl=en,1.01087e+20,10,https://lh3.googleusercontent.com/a-/ALV-UjXxYj8Aw18uwotxM1H6doaCwVWRE_aBTemzgTSoDX7t24P38Lwh=s1920-c-rp-mo-ba3-br100,https://www.google.com/maps/contrib/101087268674827065304?hl=en,1612,2025-09-21T14:41:32.294Z,"Direct Detail URL: https://www.google.com/maps/place/Litchfield+National+Park/@-13.2935324,130.8438128,17z/data=!4m8!3m7!1s0x2cbee22a8ad93f61:0xf0217a90db10650!8m2!3d-13.2935376!4d130.8463877!9m1!1b1!16zL20vMHBzaG0?entry=ttu&g_ep=EgoyMDI1MDkxNy4wIKXMDSoASAFQAw%3D%3D",5,Northern Territory,,False,"Beautiful day spent driving around Litchfield National Park. Bathrooms clean and serviced, food and drinks available, amazing scenery. Would definitely go back. Highly recommended. Take a dip in the natural pools to cool down - so refreshing.",,Litchfield National Park,4.8,,https://www.google.com/maps/search/?api=1&query=Litchfield%20National%20Park&query_place_id=ChIJYT_ZiiriviwRUAaxDakXAg8,,Positive
"Litchfield Park NT 0822, Australia",National park,Tourist attraction,National park,1.08145e+18,Litchfield Park,AU,0x2cbee22a8ad93f61:0xf0217a90db10650,https://lh3.googleusercontent.com/gps-cs-s/AC9h4nrEoavoeY76XGUArw7ktQYIjuKEV4NQfMjvSN7MGVtcgaHWhzXd-peC_lgQ83XmcYV9Wz5A8qhk0165yuXAXYB-dQ84nMJxZYGAjkw1BvcILJ0_PYrGMNKOC9N6eBr4n3dXTFHA=w408-h306-k-no,False,True,en,0,-13.2935376,130.8463877,Brock Lloyd,,en,False,ChIJYT_ZiiriviwRUAaxDakXAg8,822,,4 months ago,2025-05-10T09:45:22.025Z,,,,,,,ChZDSUhNMG9nS0VQN1IxZVd6djZxelBBEAE,,,,,,,,,,,,,,,,,,,,,,,,,Google,https://www.google.com/maps/reviews/data=!4m8!14m7!1m6!2m5!1sChZDSUhNMG9nS0VQN1IxZVd6djZxelBBEAE!2m1!1s0x0:0xf0217a90db10650!3m1!1s2@1:CIHM0ogKEP7R1eWzv6qzPA%7C%7C?hl=en,1.00669e+20,241,https://lh3.googleusercontent.com/a/ACg8ocIivsQyTZHTZLVwAaVP2ya-OhXxIcEKH3iADZhiHaK8fIkYWQ=s1920-c-rp-mo-ba4-br100,https://www.google.com/maps/contrib/100668935066802218934?hl=en,1612,2025-09-21T14:41:32.294Z,"Direct Detail URL: https://www.google.com/maps/place/Litchfield+National+Park/@-13.2935324,130.8438128,17z/data=!4m8!3m7!1s0x2cbee22a8ad93f61:0xf0217a90db10650!8m2!3d-13.2935376!4d130.8463877!9m1!1b1!16zL20vMHBzaG0?entry=ttu&g_ep=EgoyMDI1MDkxNy4wIKXMDSoASAFQAw%3D%3D",5,Northern Territory,,False,2wd access everywhere well kept and very nice,,Litchfield National Park,4.8,,https://www.google.com/maps/search/?api=1&query=Litchfield%20National%20Park&query_place_id=ChIJYT_ZiiriviwRUAaxDakXAg8,,Positive
"Litchfield Park NT 0822, Australia",National park,Tourist attraction,National park,1.08145e+18,Litchfield Park,AU,0x2cbee22a8ad93f61:0xf0217a90db10650,https://lh3.googleusercontent.com/gps-cs-s/AC9h4nrEoavoeY76XGUArw7ktQYIjuKEV4NQfMjvSN7MGVtcgaHWhzXd-peC_lgQ83XmcYV9Wz5A8qhk0165yuXAXYB-dQ84nMJxZYGAjkw1BvcILJ0_PYrGMNKOC9N6eBr4n3dXTFHA=w408-h306-k-no,False,True,en,0,-13.2935376,130.8463877,Sascha,,en,False,ChIJYT_ZiiriviwRUAaxDakXAg8,822,,4 months ago,2025-05-10T04:28:58.594Z,,,,,,,ChZDSUhNMG9nS0VNaTRvNDZLaWVEbFBnEAE,https://lh3.googleusercontent.com/geougc-cs/AB3l90Bu57xJiGZk1JHF_ln9Y865ui7kkglunpyVirQaPzI86HVi_ZRy35aAC2-uit9kuB97iL2jAI9a1OEx480-4sVtBdvwM-BquFC29swxvkWxWByPTad_wMk3FpRKd_Nb9fQjKsUM,https://lh3.googleusercontent.com/geougc-cs/AB3l90AqT_SYO4gfrO7Xsw4Sr5lgUfsGpK4NKGaqhX_Ak2m5QjBc013Yg1PTaks-tfKrz--lSC5swYdZ17VsuVogpw-ULoNueCgvtC6E7SD5JGOIK0rG-btIunhgs5A6owX_lKAJTlx9,https://lh3.googleusercontent.com/geougc-cs/AB3l90Cq7HJ75HBvw8RE1iBIwowuULYJOdPMQ0zDSa9ftPerBIX7My0n4fsqfMQag95DgU4BFqQYkfBDmJ1xme_4vN3_R_e5oDgojOJZCozndnBWS8lxh09hbwBbWKYezOH5X8Y6h1g,,,,,,,,,,,,,,,,,,,,,,Google,https://www.google.com/maps/reviews/data=!4m8!14m7!1m6!2m5!1sChZDSUhNMG9nS0VNaTRvNDZLaWVEbFBnEAE!2m1!1s0x0:0xf0217a90db10650!3m1!1s2@1:CIHM0ogKEMi4o46KieDlPg%7C%7C?hl=en,1.15844e+20,77,https://lh3.googleusercontent.com/a/ACg8ocKMou3EwxLMsD36HPWWxFi2KOWVUnpncPr8PC-an2eBF5cV0A=s1920-c-rp-mo-ba4-br100,https://www.google.com/maps/contrib/115844278106341520071?hl=en,1612,2025-09-21T14:41:32.294Z,"Direct Detail URL: https://www.google.com/maps/place/Litchfield+National+Park/@-13.2935324,130.8438128,17z/data=!4m8!3m7!1s0x2cbee22a8ad93f61:0xf0217a90db10650!8m2!3d-13.2935376!4d130.8463877!9m1!1b1!16zL20vMHBzaG0?entry=ttu&g_ep=EgoyMDI1MDkxNy4wIKXMDSoASAFQAw%3D%3D",5,Northern Territory,,False,Amazing National Park and so close to Darwin!,,Litchfield National Park,4.8,,https://www.google.com/maps/search/?api=1&query=Litchfield%20National%20Park&query_place_id=ChIJYT_ZiiriviwRUAaxDakXAg8,,Positive
"Litchfield Park NT 0822, Australia",National park,Tourist attraction,National park,1.08145e+18,Litchfield Park,AU,0x2cbee22a8ad93f61:0xf0217a90db10650,https://lh3.googleusercontent.com/gps-cs-s/AC9h4nrEoavoeY76XGUArw7ktQYIjuKEV4NQfMjvSN7MGVtcgaHWhzXd-peC_lgQ83XmcYV9Wz5A8qhk0165yuXAXYB-dQ84nMJxZYGAjkw1BvcILJ0_PYrGMNKOC9N6eBr4n3dXTFHA=w408-h306-k-no,False,False,en,0,-13.2935376,130.8463877,Kojo Kojo,,en,False,ChIJYT_ZiiriviwRUAaxDakXAg8,822,,4 months ago,2025-05-09T02:54:50.510Z,,,,,,"It's not your 5 star toilet, but it gets the job done with enough privacy in the willingness",ChdDSUhNMG9nS0VLT3dqTXJBOTk3Rmx3RRAB,,,,,,,,,,,,,,,,,,,,,,,,,Google,https://www.google.com/maps/reviews/data=!4m8!14m7!1m6!2m5!1sChdDSUhNMG9nS0VLT3dqTXJBOTk3Rmx3RRAB!2m1!1s0x0:0xf0217a90db10650!3m1!1s2@1:CIHM0ogKEKOwjMrA997FlwE%7C%7C?hl=en,1.13803e+20,8,https://lh3.googleusercontent.com/a/ACg8ocI7qJMjKFg5CbKnQ908FVtPufFstlImMiFvRvSiv9mpkeyaiQ=s1920-c-rp-mo-br100,https://www.google.com/maps/contrib/113803312073868224378?hl=en,1612,2025-09-21T14:41:32.294Z,"Direct Detail URL: https://www.google.com/maps/place/Litchfield+National+Park/@-13.2935324,130.8438128,17z/data=!4m8!3m7!1s0x2cbee22a8ad93f61:0xf0217a90db10650!8m2!3d-13.2935376!4d130.8463877!9m1!1b1!16zL20vMHBzaG0?entry=ttu&g_ep=EgoyMDI1MDkxNy4wIKXMDSoASAFQAw%3D%3D",5,Northern Territory,,False,"Love getting in the cold, lovely natural water",,Litchfield National Park,4.8,,https://www.google.com/maps/search/?api=1&query=Litchfield%20National%20Park&query_place_id=ChIJYT_ZiiriviwRUAaxDakXAg8,,Positive
"Litchfield Park NT 0822, Australia",National park,Tourist attraction,National park,1.08145e+18,Litchfield Park,AU,0x2cbee22a8ad93f61:0xf0217a90db10650,https://lh3.googleusercontent.com/gps-cs-s/AC9h4nrEoavoeY76XGUArw7ktQYIjuKEV4NQfMjvSN7MGVtcgaHWhzXd-peC_lgQ83XmcYV9Wz5A8qhk0165yuXAXYB-dQ84nMJxZYGAjkw1BvcILJ0_PYrGMNKOC9N6eBr4n3dXTFHA=w408-h306-k-no,False,True,en,0,-13.2935376,130.8463877,Frank Ryan,,en,False,ChIJYT_ZiiriviwRUAaxDakXAg8,822,,4 months ago,2025-05-02T05:25:22.499Z,,,,,,Clean and tidy,ChZDSUhNMG9nS0VJQ0FnTUNZck9MUVRBEAE,,,,,,,,,,,,,,,,,,,,,,,,,Google,https://www.google.com/maps/reviews/data=!4m8!14m7!1m6!2m5!1sChZDSUhNMG9nS0VJQ0FnTUNZck9MUVRBEAE!2m1!1s0x0:0xf0217a90db10650!3m1!1s2@1:CIHM0ogKEICAgMCYrOLQTA%7C%7C?hl=en,1.12849e+20,49,https://lh3.googleusercontent.com/a/ACg8ocJBPnplgw6Q9hW-TmnMxQXWoQIOSefWM-03Ffr6C8jn3dkMdQ=s1920-c-rp-mo-ba3-br100,https://www.google.com/maps/contrib/112849445598715554905?hl=en,1612,2025-09-21T14:41:32.294Z,"Direct Detail URL: https://www.google.com/maps/place/Litchfield+National+Park/@-13.2935324,130.8438128,17z/data=!4m8!3m7!1s0x2cbee22a8ad93f61:0xf0217a90db10650!8m2!3d-13.2935376!4d130.8463877!9m1!1b1!16zL20vMHBzaG0?entry=ttu&g_ep=EgoyMDI1MDkxNy4wIKXMDSoASAFQAw%3D%3D",5,Northern Territory,,False,,,Litchfield National Park,4.8,,https://www.google.com/maps/search/?api=1&query=Litchfield%20National%20Park&query_place_id=ChIJYT_ZiiriviwRUAaxDakXAg8,,Positive
"Litchfield Park NT 0822, Australia",National park,Tourist attraction,National park,1.08145e+18,Litchfield Park,AU,0x2cbee22a8ad93f61:0xf0217a90db10650,https://lh3.googleusercontent.com/gps-cs-s/AC9h4nrEoavoeY76XGUArw7ktQYIjuKEV4NQfMjvSN7MGVtcgaHWhzXd-peC_lgQ83XmcYV9Wz5A8qhk0165yuXAXYB-dQ84nMJxZYGAjkw1BvcILJ0_PYrGMNKOC9N6eBr4n3dXTFHA=w408-h306-k-no,False,False,en,0,-13.2935376,130.8463877,Patricia Granger,,en,False,ChIJYT_ZiiriviwRUAaxDakXAg8,822,,4 months ago,2025-04-30T02:55:34.430Z,,,,,No good BBQ do not work,Need to be cleaned,ChdDSUhNMG9nS0VJQ0FnTUNZd0pQSGxRRRAB,,,,,,,,,,,,,,,,,,,,,,,,,Google,https://www.google.com/maps/reviews/data=!4m8!14m7!1m6!2m5!1sChdDSUhNMG9nS0VJQ0FnTUNZd0pQSGxRRRAB!2m1!1s0x0:0xf0217a90db10650!3m1!1s2@1:CIHM0ogKEICAgMCYwJPHlQE%7C%7C?hl=en,1.01815e+20,6,https://lh3.googleusercontent.com/a/ACg8ocI0ztUQMdFZz2pa8aX9_uBv9hmNfCYuWPFGLfo8N-zWpldvbQ=s1920-c-rp-mo-br100,https://www.google.com/maps/contrib/101814932935756851995?hl=en,1612,2025-09-21T14:41:32.294Z,"Direct Detail URL: https://www.google.com/maps/place/Litchfield+National+Park/@-13.2935324,130.8438128,17z/data=!4m8!3m7!1s0x2cbee22a8ad93f61:0xf0217a90db10650!8m2!3d-13.2935376!4d130.8463877!9m1!1b1!16zL20vMHBzaG0?entry=ttu&g_ep=EgoyMDI1MDkxNy4wIKXMDSoASAFQAw%3D%3D",2,Northern Territory,,False,None of the BBQ worked toilets needed cleaning was nothing like it advertised very disappointed,,Litchfield National Park,4.8,,https://www.google.com/maps/search/?api=1&query=Litchfield%20National%20Park&query_place_id=ChIJYT_ZiiriviwRUAaxDakXAg8,,Negative
"Litchfield Park NT 0822, Australia",National park,Tourist attraction,National park,1.08145e+18,Litchfield Park,AU,0x2cbee22a8ad93f61:0xf0217a90db10650,https://lh3.googleusercontent.com/gps-cs-s/AC9h4nrEoavoeY76XGUArw7ktQYIjuKEV4NQfMjvSN7MGVtcgaHWhzXd-peC_lgQ83XmcYV9Wz5A8qhk0165yuXAXYB-dQ84nMJxZYGAjkw1BvcILJ0_PYrGMNKOC9N6eBr4n3dXTFHA=w408-h306-k-no,False,True,en,0,-13.2935376,130.8463877,Stephen Collicoat,,,False,ChIJYT_ZiiriviwRUAaxDakXAg8,822,,4 months ago,2025-04-28T22:43:52.327Z,,,,,,,ChdDSUhNMG9nS0VJQ0FnTURveV83QzlBRRAB,,,,,,,,,,,,,,,,,,,,,,,,,Google,https://www.google.com/maps/reviews/data=!4m8!14m7!1m6!2m5!1sChdDSUhNMG9nS0VJQ0FnTURveV83QzlBRRAB!2m1!1s0x0:0xf0217a90db10650!3m1!1s2@1:CIHM0ogKEICAgMDoy_7C9AE%7C%7C?hl=en,1.03977e+20,11,https://lh3.googleusercontent.com/a-/ALV-UjX51GnLneHJbF1M5hAGpvZW0s8nN45_Ilr7SNv6bc0nRVfGVfnS=s1920-c-rp-mo-ba4-br100,https://www.google.com/maps/contrib/103977450438955054836?hl=en,1612,2025-09-21T14:41:32.294Z,"Direct Detail URL: https://www.google.com/maps/place/Litchfield+National+Park/@-13.2935324,130.8438128,17z/data=!4m8!3m7!1s0x2cbee22a8ad93f61:0xf0217a90db10650!8m2!3d-13.2935376!4d130.8463877!9m1!1b1!16zL20vMHBzaG0?entry=ttu&g_ep=EgoyMDI1MDkxNy4wIKXMDSoASAFQAw%3D%3D",5,Northern Territory,,False,,,Litchfield National Park,4.8,,https://www.google.com/maps/search/?api=1&query=Litchfield%20National%20Park&query_place_id=ChIJYT_ZiiriviwRUAaxDakXAg8,,Positive
"Litchfield Park NT 0822, Australia",National park,Tourist attraction,National park,1.08145e+18,Litchfield Park,AU,0x2cbee22a8ad93f61:0xf0217a90db10650,https://lh3.googleusercontent.com/gps-cs-s/AC9h4nrEoavoeY76XGUArw7ktQYIjuKEV4NQfMjvSN7MGVtcgaHWhzXd-peC_lgQ83XmcYV9Wz5A8qhk0165yuXAXYB-dQ84nMJxZYGAjkw1BvcILJ0_PYrGMNKOC9N6eBr4n3dXTFHA=w408-h306-k-no,False,True,en,0,-13.2935376,130.8463877,Rob Wallace,,en,False,ChIJYT_ZiiriviwRUAaxDakXAg8,822,,4 months ago,2025-04-27T04:55:35.362Z,,,,,,,ChdDSUhNMG9nS0VJQ0FnTURvbFlYRXR3RRAB,,,,,,,,,,,,,,,,,,,,,,,,,Google,https://www.google.com/maps/reviews/data=!4m8!14m7!1m6!2m5!1sChdDSUhNMG9nS0VJQ0FnTURvbFlYRXR3RRAB!2m1!1s0x0:0xf0217a90db10650!3m1!1s2@1:CIHM0ogKEICAgMDolYXEtwE%7C%7C?hl=en,1.07387e+20,83,https://lh3.googleusercontent.com/a/ACg8ocLBhyuwjqQdKzUoku76LAtaFXNnyGwOE9QZSRPgIrGogAmMsw=s1920-c-rp-mo-ba4-br100,https://www.google.com/maps/contrib/107386618169738244899?hl=en,1612,2025-09-21T14:41:32.294Z,"Direct Detail URL: https://www.google.com/maps/place/Litchfield+National+Park/@-13.2935324,130.8438128,17z/data=!4m8!3m7!1s0x2cbee22a8ad93f61:0xf0217a90db10650!8m2!3d-13.2935376!4d130.8463877!9m1!1b1!16zL20vMHBzaG0?entry=ttu&g_ep=EgoyMDI1MDkxNy4wIKXMDSoASAFQAw%3D%3D",5,Northern Territory,,False,Fantastic water holes to swing in. Better check for crocs first after the wet season.,,Litchfield National Park,4.8,,https://www.google.com/maps/search/?api=1&query=Litchfield%20National%20Park&query_place_id=ChIJYT_ZiiriviwRUAaxDakXAg8,,Positive
"Litchfield Park NT 0822, Australia",National park,Tourist attraction,National park,1.08145e+18,Litchfield Park,AU,0x2cbee22a8ad93f61:0xf0217a90db10650,https://lh3.googleusercontent.com/gps-cs-s/AC9h4nrEoavoeY76XGUArw7ktQYIjuKEV4NQfMjvSN7MGVtcgaHWhzXd-peC_lgQ83XmcYV9Wz5A8qhk0165yuXAXYB-dQ84nMJxZYGAjkw1BvcILJ0_PYrGMNKOC9N6eBr4n3dXTFHA=w408-h306-k-no,False,True,en,0,-13.2935376,130.8463877,Si M,,,False,ChIJYT_ZiiriviwRUAaxDakXAg8,822,,4 months ago,2025-04-23T07:19:45.854Z,,,,,,,ChdDSUhNMG9nS0VJQ0FnTURvb3BlQzV3RRAB,,,,,,,,,,,,,,,,,,,,,,,,,Google,https://www.google.com/maps/reviews/data=!4m8!14m7!1m6!2m5!1sChdDSUhNMG9nS0VJQ0FnTURvb3BlQzV3RRAB!2m1!1s0x0:0xf0217a90db10650!3m1!1s2@1:CIHM0ogKEICAgMDoopeC5wE%7C%7C?hl=en,1.04905e+20,55,https://lh3.googleusercontent.com/a/ACg8ocIuN45UiQZ6ED838PoMfCMZXuBd7Nr3ERLuWZLkBSn67hgJnQ=s1920-c-rp-mo-ba4-br100,https://www.google.com/maps/contrib/104904528886400757176?hl=en,1612,2025-09-21T14:41:32.294Z,"Direct Detail URL: https://www.google.com/maps/place/Litchfield+National+Park/@-13.2935324,130.8438128,17z/data=!4m8!3m7!1s0x2cbee22a8ad93f61:0xf0217a90db10650!8m2!3d-13.2935376!4d130.8463877!9m1!1b1!16zL20vMHBzaG0?entry=ttu&g_ep=EgoyMDI1MDkxNy4wIKXMDSoASAFQAw%3D%3D",5,Northern Territory,,False,,,Litchfield National Park,4.8,,https://www.google.com/maps/search/?api=1&query=Litchfield%20National%20Park&query_place_id=ChIJYT_ZiiriviwRUAaxDakXAg8,,Positive
"Litchfield Park NT 0822, Australia",National park,Tourist attraction,National park,1.08145e+18,Litchfield Park,AU,0x2cbee22a8ad93f61:0xf0217a90db10650,https://lh3.googleusercontent.com/gps-cs-s/AC9h4nrEoavoeY76XGUArw7ktQYIjuKEV4NQfMjvSN7MGVtcgaHWhzXd-peC_lgQ83XmcYV9Wz5A8qhk0165yuXAXYB-dQ84nMJxZYGAjkw1BvcILJ0_PYrGMNKOC9N6eBr4n3dXTFHA=w408-h306-k-no,False,True,en,0,-13.2935376,130.8463877,Carl Hill,,en,False,ChIJYT_ZiiriviwRUAaxDakXAg8,822,,5 months ago,2025-04-21T09:56:19.296Z,,,,,,,ChZDSUhNMG9nS0VJQ0FnTURva0xUX1dBEAE,https://lh3.googleusercontent.com/geougc-cs/AB3l90BlAx5j5kunE9Kz4XHPHDOqRhhQQjaT_5-rArMNVitODu42CLfK8Vel081OVjvVm5_qm63ed2j8dXI123rdcXmaREu_zc8xMeulMCuOWLLWAMzJ7cm_Ghsc4_wt69RIEQmn1BKlGg,https://lh3.googleusercontent.com/geougc-cs/AB3l90AqcXbdy0qFo4NVoZQEmw0zeNYSrrPyvkXlTr7IgFv8BKcCNkU7x3irewPjZzaU1FLIsIW-IPHZPauSwzCv9gubvY3koxwsjW34bx_d9L372YwqnqhRB-GJal28BVAh23phMuFe,,,,,,,,,,,,,,,,,,,,,,,Google,https://www.google.com/maps/reviews/data=!4m8!14m7!1m6!2m5!1sChZDSUhNMG9nS0VJQ0FnTURva0xUX1dBEAE!2m1!1s0x0:0xf0217a90db10650!3m1!1s2@1:CIHM0ogKEICAgMDokLT_WA%7C%7C?hl=en,1.06267e+20,278,https://lh3.googleusercontent.com/a/ACg8ocI9hNqXFyZsDNXiZpdNzQkjVcRkxIuGbeQkNDdkr_yadBImiw=s1920-c-rp-mo-ba5-br100,https://www.google.com/maps/contrib/106267265828746807472?hl=en,1612,2025-09-21T14:41:32.294Z,"Direct Detail URL: https://www.google.com/maps/place/Litchfield+National+Park/@-13.2935324,130.8438128,17z/data=!4m8!3m7!1s0x2cbee22a8ad93f61:0xf0217a90db10650!8m2!3d-13.2935376!4d130.8463877!9m1!1b1!16zL20vMHBzaG0?entry=ttu&g_ep=EgoyMDI1MDkxNy4wIKXMDSoASAFQAw%3D%3D",3,Northern Territory,,False,Allow time to travel between places of interest to view.,,Litchfield National Park,4.8,,https://www.google.com/maps/search/?api=1&query=Litchfield%20National%20Park&query_place_id=ChIJYT_ZiiriviwRUAaxDakXAg8,,Neutral
"Litchfield Park NT 0822, Australia",National park,Tourist attraction,National park,1.08145e+18,Litchfield Park,AU,0x2cbee22a8ad93f61:0xf0217a90db10650,https://lh3.googleusercontent.com/gps-cs-s/AC9h4nrEoavoeY76XGUArw7ktQYIjuKEV4NQfMjvSN7MGVtcgaHWhzXd-peC_lgQ83XmcYV9Wz5A8qhk0165yuXAXYB-dQ84nMJxZYGAjkw1BvcILJ0_PYrGMNKOC9N6eBr4n3dXTFHA=w408-h306-k-no,False,True,en,0,-13.2935376,130.8463877,teo nguyen,,en,False,ChIJYT_ZiiriviwRUAaxDakXAg8,822,,5 months ago,2025-04-18T09:12:32.570Z,,,,,,,ChdDSUhNMG9nS0VJQ0FnTUNvbWF2Q19RRRAB,https://lh3.googleusercontent.com/geougc-cs/AB3l90AFv3Q83jIAWq1S6ouk61hbio1IB6-7XhYjWpA-uK80K9lwQiEeLldUw7P5LMm6apC4RrCC-oB1okjHfNRv_nMOvXA-L3Cuhwrntj7icU9GL4Q0ndDvM8E8lgsHLJhDIzt3DOCs,https://lh3.googleusercontent.com/geougc-cs/AB3l90Ch6DSr4pgNoWJofMRIJ3Y38mW7Sv-VjL2esaKEh7wLrPNzUJ944CIFJSUGXDRKxNjniSjYbNNmCATDQHQVsRhjV13ajRBudkWs4gZe7jBmzF-5m5dhZ6yp8jK3eb4FFoFnEnF9JA,https://lh3.googleusercontent.com/geougc-cs/AB3l90ClEEs-jsdjnFtR9zdU2fqhpuH5u9bNZYCfG7RogpQOJoeIzAmsNs7ZudlKXVwZj8W6A5dbs1MlOHFpe1EyFUIhzZdqXaza6XIDNoA_Mmi_5P3h9TKB1aVpdEYBEKlbgwVDfBEc,https://lh3.googleusercontent.com/geougc-cs/AB3l90BhfAcowS7WPADrkjCZuwXd4SpJD7q4OgdDz0xEjnGGpQrVGcBKGqirDEzJOBrutOByN4zeciHbYAlxcdIFtdpYpYpCygD84gEI-o4l6I0EUGUnkkFJcfq7GtJG_wbvSyNV6_ItRw,https://lh3.googleusercontent.com/geougc-cs/AB3l90Bp7kZv18cXh2YUvsG8f4PFfos0GqxdPEzBaZgaOxzWtmv2iEhatFg0YDAxeaQtRecMHRIYwVsSlA-uG3yoCT7yrAose6khHDkzmsoEJhafppFutva5UExGvYMJZYIAZRDGT81T,https://lh3.googleusercontent.com/geougc-cs/AB3l90DsUgRfm3a1fVxOm4mEwikL2ukXuPi_CvmFB7cTItHk_zaZsBIRyvPColDcTYFXsZNj1XepHG5KUXyYnaOERyBWo_Nxuown5fBBFH8lhC6lYQNZYtxjgmBrGYJfx1azgY51PcLJNw,https://lh3.googleusercontent.com/geougc-cs/AB3l90Au_WvSjKUVLm34qX9IpZo6btEfFAp76_bvm0MsvPp-Jtox6RCgJpXwbBgyFfDwzf4uLP1uT68_Hia4siXzFTKXVHZFMT3CPHWVxdNqnzFIW9KodfwclrSIzIweY7CAMD6CQ0pf,https://lh3.googleusercontent.com/geougc-cs/AB3l90Di4FTFL1uNq2zbEVfcwfLZMNm990nf0yjSeyLhzO6NIWKp6fjeEIJ39FlW0zGc2T7QBwlM3VocuamoqEAvxNa6apKRsXInRWbaCaGfasnoS9lWjQyej4bNqMjxzYUFTEA7QY7eOg,https://lh3.googleusercontent.com/geougc-cs/AB3l90BHp1o77z6BAa77CmTlGfz5vLOGDgcgpiRqKqjE9wuTYsFmVcs0lVhH-T3pxnEtzbuRenOOOCPCFhLDTFQJQ1ePcp-8oyGIhowoFkclgHdz4euJLTMameIM3-uvCpWmxWPpF1N5,https://lh3.googleusercontent.com/geougc-cs/AB3l90DjCY6MQxeNcKkpoeEath_Np094Aw5U4pVmkZ53EC5MX02WepVtg3Sx1MDwfX_GY-m_Gxp1ww_Muy-UggQgIRch6TYD_Veaq-n_bolvcgwY5oWGDHA74wbU_Gu_5w3rZYYBxHvStg,https://lh3.googleusercontent.com/geougc-cs/AB3l90DcF15v0AROQyQCGsG-7DD6vRGle_feGyMikJk-UYrpD8Ieo14OZLCCw845fYAvqsAQTWGThuLSnBgtE-NkIARQ8m3Zx2am8KvPKZ42PCJ6loQib7IFSQ2tI0KbHyO-ef1xgjM,https://lh3.googleusercontent.com/geougc-cs/AB3l90CRAhcETY4G8x25cAVFmItb2fpd0jKajmU9SKiecb017hOacMzYApZ9Zho4F6saZdvrOl8fIT3abMG60mBNjSJRvwNs7lj5y1CPp84gsh1nE_pAEzuKCPdtwz0AdNmhLWOUULpDMg,https://lh3.googleusercontent.com/geougc-cs/AB3l90CS9c02unKWITcvtyVCYHToAONLOC2QQRCvUT7vtiS3m4z9tjs7bls5Ex-g8_TYafm6a8Wge5CcnzEOBAdnjEp3xWRRtRxecgtXsamHqJy7meYay-RqeTND_MLcq-1fWERVK5U,https://lh3.googleusercontent.com/geougc-cs/AB3l90B4PjpxMBFrJn5MiHnr801rBucsiurD7VNBCJC2hZULk7MW6qduRKd3scMIXnAh2TCZUwQJ-dL4RFWUOsZWwWH9U-MomW2j3AkePGyaKURfmi58JRPa_CEZZPHVbf23R9pXKlGF6g,https://lh3.googleusercontent.com/geougc-cs/AB3l90DM7z6qZD460KUETYVimpW-En00P5Zd9QBj-4NcX3_86CwIcSkx2garH_mMnMF86lrJmHVoBm7lMhehF_GiCXz_cupNC7F39e33fftPNNvzEdoE1tzR7n_CI8SYPxHfESji1YJD,https://lh3.googleusercontent.com/geougc-cs/AB3l90BRoCvdyg7S7aa-tQj4-4P3Hw_XGvzpICta5PKGtQMRHAd2094KdQPw1qau5TdOSf6eGZ3jWNiqHkloWFg_yUF3qehq7w7GelSDCJAo2ZVjOniQcTjmEAQpwfaD81s4oH5hEpSrRQ,https://lh3.googleusercontent.com/geougc-cs/AB3l90CIyKvRFIV8FBxCJ4mtcHKWXGwKFSuHV11VTGNtBg9oCX6ldT_Tlpjl6pzwsujQLgrUfm_0q62z7WPxiSJiTmnZCaUSZKbkreeufw-NGJ1Ucl4vdbNRimaZywZY2bZvvqydvQ1R,https://lh3.googleusercontent.com/geougc-cs/AB3l90Dw3aGWXAn6eTAahmvv4tZdW7yXFhoSvcL0XDBvqYCOhZQJpcc4e60ik4FL3RAPcHoH6JP__Mn2uUvITDZrOZbZDPkYOHjscIuOuX18nMvR1gdkHkTx5czVTql_VVCLC2W7Xm4u2g,https://lh3.googleusercontent.com/geougc-cs/AB3l90CrPR2U-1DBker4SKCB3l045ehE2qiZoVZvpgBputG-FIX0H3HD8dtD5TgLh3x8tZSCRnrX9dku4M17mhX1IOkIhs4Z-G_rTOTSI45IlXJQ-lG0-IBoFBgg9YjFMhrsb7bY31DR,https://lh3.googleusercontent.com/geougc-cs/AB3l90AEl6t54BsHoVBXD4EEwZfuZYdaXgZd0pVhIwGYgZfGuEkj8axVgmDbcp6nH1WKGUXUkzYTcOIAubb4sJQkBYdyQmR7kGpEXTOU3AigLl0ss6IGPrdsR38fwQ0xq_Gf9daqV69LSQ,https://lh3.googleusercontent.com/geougc-cs/AB3l90CRabDFQxlwCaOCSZrI8pbah7xFFslg2gQrA8Ic0CeEeDNfjmpq4wzAwE5VbadC3wT4hx3Xi4QXAdim7CU_anh4P2tAF2uFV359LKFYdV7ggQiRkVyFUiaj0IeFvop4hhiWiE5O,https://lh3.googleusercontent.com/geougc-cs/AB3l90BJ4YiqZuY4mWtlZWqBIz5OZeQ5byYKwlHJ88IjaHKl772bORvwGRTb2prtk0FOmUVYLCCHQViV1RpABFWnj-30srrSQ-APlBGTP0Qc6e54LOmv3QJnF0HUj9GipKNdqoA4tQfN,https://lh3.googleusercontent.com/geougc-cs/AB3l90AS-bCeZPtHltJRKYuvZPJu8-XmtphRfK9uwwvELyYn9uf9ypqletyMwwrNZ12jRxXCoorpZV-Vy1BEYVdNjL4Y4DaUGM4x7ulO1FQ_Tdz33AnBtGkucFTsHyLxEYDN0Mxm9TQw,https://lh3.googleusercontent.com/geougc-cs/AB3l90AmvPJ210JGoDYcKhH76UZO3i_EAIm2Hp9-iW6ojKP6FkcYe-Py8vxWjY-AGiu4lod64A9Jj1g0HswSuEnuOj7yQ1JD97VOzSAsxqWChiNinWlPW7aX4xfhWyeaDCThQe2kqjMI,Google,https://www.google.com/maps/reviews/data=!4m8!14m7!1m6!2m5!1sChdDSUhNMG9nS0VJQ0FnTUNvbWF2Q19RRRAB!2m1!1s0x0:0xf0217a90db10650!3m1!1s2@1:CIHM0ogKEICAgMComavC_QE%7C%7C?hl=en,1.09536e+20,208,https://lh3.googleusercontent.com/a/ACg8ocJ5BIriFWoHjM4gqf0SpoJ9WitPnGTvvUHw9lZQsj1KzEK4Gg=s1920-c-rp-mo-ba5-br100,https://www.google.com/maps/contrib/109535920970313806275?hl=en,1612,2025-09-21T14:41:32.294Z,"Direct Detail URL: https://www.google.com/maps/place/Litchfield+National+Park/@-13.2935324,130.8438128,17z/data=!4m8!3m7!1s0x2cbee22a8ad93f61:0xf0217a90db10650!8m2!3d-13.2935376!4d130.8463877!9m1!1b1!16zL20vMHBzaG0?entry=ttu&g_ep=EgoyMDI1MDkxNy4wIKXMDSoASAFQAw%3D%3D",5,Northern Territory,,False,"I really enjoyed my time at Litchfield National Park—such a stunning place with waterfalls, swimming holes, and scenic walks. It’s well-maintained and not overly crowded, which made exploring really enjoyable. We camped in the surrounding area, which added to the whole experience. A must-visit if you’re in the Top End!",,Litchfield National Park,4.8,,https://www.google.com/maps/search/?api=1&query=Litchfield%20National%20Park&query_place_id=ChIJYT_ZiiriviwRUAaxDakXAg8,,Positive
"Litchfield Park NT 0822, Australia",National park,Tourist attraction,National park,1.08145e+18,Litchfield Park,AU,0x2cbee22a8ad93f61:0xf0217a90db10650,https://lh3.googleusercontent.com/gps-cs-s/AC9h4nrEoavoeY76XGUArw7ktQYIjuKEV4NQfMjvSN7MGVtcgaHWhzXd-peC_lgQ83XmcYV9Wz5A8qhk0165yuXAXYB-dQ84nMJxZYGAjkw1BvcILJ0_PYrGMNKOC9N6eBr4n3dXTFHA=w408-h306-k-no,False,False,en,0,-13.2935376,130.8463877,mohammed azeem,,,False,ChIJYT_ZiiriviwRUAaxDakXAg8,822,,5 months ago,2025-04-18T05:09:00.848Z,,,,,,,ChdDSUhNMG9nS0VJQ0FnTUNvcWZIUjlRRRAB,,,,,,,,,,,,,,,,,,,,,,,,,Google,https://www.google.com/maps/reviews/data=!4m8!14m7!1m6!2m5!1sChdDSUhNMG9nS0VJQ0FnTUNvcWZIUjlRRRAB!2m1!1s0x0:0xf0217a90db10650!3m1!1s2@1:CIHM0ogKEICAgMCoqfHR9QE%7C%7C?hl=en,1.1606e+20,1,https://lh3.googleusercontent.com/a/ACg8ocLB1bFI1ylUDq9llyqyKkvJIlgo3_a8fWXeWKN5soWyBuAhMg=s1920-c-rp-mo-br100,https://www.google.com/maps/contrib/116059689553910908801?hl=en,1612,2025-09-21T14:41:32.294Z,"Direct Detail URL: https://www.google.com/maps/place/Litchfield+National+Park/@-13.2935324,130.8438128,17z/data=!4m8!3m7!1s0x2cbee22a8ad93f61:0xf0217a90db10650!8m2!3d-13.2935376!4d130.8463877!9m1!1b1!16zL20vMHBzaG0?entry=ttu&g_ep=EgoyMDI1MDkxNy4wIKXMDSoASAFQAw%3D%3D",5,Northern Territory,,False,,,Litchfield National Park,4.8,,https://www.google.com/maps/search/?api=1&query=Litchfield%20National%20Park&query_place_id=ChIJYT_ZiiriviwRUAaxDakXAg8,,Positive
"Litchfield Park NT 0822, Australia",National park,Tourist attraction,National park,1.08145e+18,Litchfield Park,AU,0x2cbee22a8ad93f61:0xf0217a90db10650,https://lh3.googleusercontent.com/gps-cs-s/AC9h4nrEoavoeY76XGUArw7ktQYIjuKEV4NQfMjvSN7MGVtcgaHWhzXd-peC_lgQ83XmcYV9Wz5A8qhk0165yuXAXYB-dQ84nMJxZYGAjkw1BvcILJ0_PYrGMNKOC9N6eBr4n3dXTFHA=w408-h306-k-no,False,False,en,0,-13.2935376,130.8463877,Manfred Sautner,,,False,ChIJYT_ZiiriviwRUAaxDakXAg8,822,,5 months ago,2025-04-13T01:34:34.423Z,,,,,,,ChZDSUhNMG9nS0VJQ0FnTURJaTVucUt3EAE,,,,,,,,,,,,,,,,,,,,,,,,,Google,https://www.google.com/maps/reviews/data=!4m8!14m7!1m6!2m5!1sChZDSUhNMG9nS0VJQ0FnTURJaTVucUt3EAE!2m1!1s0x0:0xf0217a90db10650!3m1!1s2@1:CIHM0ogKEICAgMDIi5nqKw%7C%7C?hl=en,1.15442e+20,0,https://lh3.googleusercontent.com/a/ACg8ocKx2Brc7yTDtjYLtH3bmE99ETaUEBSmD08Jrg3707Kr4EBwFF4=s1920-c-rp-mo-br100,https://www.google.com/maps/contrib/115441516210366593771?hl=en,1612,2025-09-21T14:41:32.294Z,"Direct Detail URL: https://www.google.com/maps/place/Litchfield+National+Park/@-13.2935324,130.8438128,17z/data=!4m8!3m7!1s0x2cbee22a8ad93f61:0xf0217a90db10650!8m2!3d-13.2935376!4d130.8463877!9m1!1b1!16zL20vMHBzaG0?entry=ttu&g_ep=EgoyMDI1MDkxNy4wIKXMDSoASAFQAw%3D%3D",4,Northern Territory,,False,,,Litchfield National Park,4.8,,https://www.google.com/maps/search/?api=1&query=Litchfield%20National%20Park&query_place_id=ChIJYT_ZiiriviwRUAaxDakXAg8,,Positive
"Litchfield Park NT 0822, Australia",National park,Tourist attraction,National park,1.08145e+18,Litchfield Park,AU,0x2cbee22a8ad93f61:0xf0217a90db10650,https://lh3.googleusercontent.com/gps-cs-s/AC9h4nrEoavoeY76XGUArw7ktQYIjuKEV4NQfMjvSN7MGVtcgaHWhzXd-peC_lgQ83XmcYV9Wz5A8qhk0165yuXAXYB-dQ84nMJxZYGAjkw1BvcILJ0_PYrGMNKOC9N6eBr4n3dXTFHA=w408-h306-k-no,False,True,en,0,-13.2935376,130.8463877,prem sampath,,en,False,ChIJYT_ZiiriviwRUAaxDakXAg8,822,,5 months ago,2025-04-10T07:52:07.126Z,,,,,,,ChZDSUhNMG9nS0VJQ0FnTURJdnBPdkVBEAE,,,,,,,,,,,,,,,,,,,,,,,,,Google,https://www.google.com/maps/reviews/data=!4m8!14m7!1m6!2m5!1sChZDSUhNMG9nS0VJQ0FnTURJdnBPdkVBEAE!2m1!1s0x0:0xf0217a90db10650!3m1!1s2@1:CIHM0ogKEICAgMDIvpOvEA%7C%7C?hl=en,1.15988e+20,219,https://lh3.googleusercontent.com/a-/ALV-UjVEjymAtsu9x0iJdX8NLjwOMd5f3U1N3DDSoMQqse9Ui6LpiRaO=s1920-c-rp-mo-ba5-br100,https://www.google.com/maps/contrib/115987739498896318350?hl=en,1612,2025-09-21T14:41:32.294Z,"Direct Detail URL: https://www.google.com/maps/place/Litchfield+National+Park/@-13.2935324,130.8438128,17z/data=!4m8!3m7!1s0x2cbee22a8ad93f61:0xf0217a90db10650!8m2!3d-13.2935376!4d130.8463877!9m1!1b1!16zL20vMHBzaG0?entry=ttu&g_ep=EgoyMDI1MDkxNy4wIKXMDSoASAFQAw%3D%3D",5,Northern Territory,,False,Great,,Litchfield National Park,4.8,,https://www.google.com/maps/search/?api=1&query=Litchfield%20National%20Park&query_place_id=ChIJYT_ZiiriviwRUAaxDakXAg8,,Positive
"Litchfield Park NT 0822, Australia",National park,Tourist attraction,National park,1.08145e+18,Litchfield Park,AU,0x2cbee22a8ad93f61:0xf0217a90db10650,https://lh3.googleusercontent.com/gps-cs-s/AC9h4nrEoavoeY76XGUArw7ktQYIjuKEV4NQfMjvSN7MGVtcgaHWhzXd-peC_lgQ83XmcYV9Wz5A8qhk0165yuXAXYB-dQ84nMJxZYGAjkw1BvcILJ0_PYrGMNKOC9N6eBr4n3dXTFHA=w408-h306-k-no,False,True,en,0,-13.2935376,130.8463877,Jasmine Albrecht,,de,False,ChIJYT_ZiiriviwRUAaxDakXAg8,822,,5 months ago,2025-04-07T08:13:21.358Z,,,,,,,ChdDSUhNMG9nS0VJQ0FnTURJcE5IZzdBRRAB,https://lh3.googleusercontent.com/geougc-cs/AB3l90DN7quSDEvX7PkaVimOTIGVIw56xANZJzJbFVmurmlNv17nmxHfHXqww03GG80fN3zvoGrhygrifqtw7eW0-Hs36HdpxefPD5318OBvPfPHoqg2EsIyBfXhXSM-hESKrgu09r5d,https://lh3.googleusercontent.com/geougc-cs/AB3l90ALPO-Vryupd1tWY-jrOrZAfJPjt8BpZHMQ3z2So9zdv7IeWCdct-RFU-kUqtxhFkCoIWQV1DiymMNzSx5ROe53InufdCqs8p8ap54YGd13IiCsEObk77JwZyb_wYvEz1R8eiyP,https://lh3.googleusercontent.com/geougc-cs/AB3l90DxeL6G-XiIcfA8TiFZ0b9L-uE0t50MVfaMOI222t0J74aDZqrgASeyo2KvzXJL6ukPGrWMfB1N5fTR8rlnK3xAAsG3AtjOpVil4SBYm2C2r6lGGc9Nn2p2GbwED7oz_NzmfCc,,,,,,,,,,,,,,,,,,,,,,Google,https://www.google.com/maps/reviews/data=!4m8!14m7!1m6!2m5!1sChdDSUhNMG9nS0VJQ0FnTURJcE5IZzdBRRAB!2m1!1s0x0:0xf0217a90db10650!3m1!1s2@1:CIHM0ogKEICAgMDIpNHg7AE%7C%7C?hl=en,1.0094e+20,496,https://lh3.googleusercontent.com/a-/ALV-UjUA18zBhqoyJD--Yah4YbS5SOzhP_rENpsv7UNvY8olr1PCK_Jg=s1920-c-rp-mo-ba6-br100,https://www.google.com/maps/contrib/100939536336117490689?hl=en,1612,2025-09-21T14:41:32.294Z,"Direct Detail URL: https://www.google.com/maps/place/Litchfield+National+Park/@-13.2935324,130.8438128,17z/data=!4m8!3m7!1s0x2cbee22a8ad93f61:0xf0217a90db10650!8m2!3d-13.2935376!4d130.8463877!9m1!1b1!16zL20vMHBzaG0?entry=ttu&g_ep=EgoyMDI1MDkxNy4wIKXMDSoASAFQAw%3D%3D",5,Northern Territory,,False,Ein tolles Gebiet mit vielen Orten die zu besichtigen sind. Leider war zu unserer Zeit vieles wegen Regen gesperrt.,"A great area with many places to visit. Unfortunately, during our time, many things were closed due to rain.",Litchfield National Park,4.8,en,https://www.google.com/maps/search/?api=1&query=Litchfield%20National%20Park&query_place_id=ChIJYT_ZiiriviwRUAaxDakXAg8,,Neutral
"Litchfield Park NT 0822, Australia",National park,Tourist attraction,National park,1.08145e+18,Litchfield Park,AU,0x2cbee22a8ad93f61:0xf0217a90db10650,https://lh3.googleusercontent.com/gps-cs-s/AC9h4nrEoavoeY76XGUArw7ktQYIjuKEV4NQfMjvSN7MGVtcgaHWhzXd-peC_lgQ83XmcYV9Wz5A8qhk0165yuXAXYB-dQ84nMJxZYGAjkw1BvcILJ0_PYrGMNKOC9N6eBr4n3dXTFHA=w408-h306-k-no,False,True,en,0,-13.2935376,130.8463877,Bokki Son,,en,False,ChIJYT_ZiiriviwRUAaxDakXAg8,822,,5 months ago,2025-04-06T06:47:03.974Z,,,,,,Toilet near car park,ChdDSUhNMG9nS0VJQ0FnTURJNFBxc25BRRAB,https://lh3.googleusercontent.com/geougc-cs/AB3l90BLoQFsXd6OzCpwykINF-3lRH_rK0r104QwHHD_HyofCLKfXZGyQ2Cd1zawy5gGBC6RgI6kDXaZUY1-tQ-4dw0Zrs6ULPnX4x9XbDBe21Xo62fzOMTpGSDVtqrah9cpqe3RR7BGzw,https://lh3.googleusercontent.com/geougc-cs/AB3l90AZIWuorpqILxwq_JF5otcf5tw2Wnr5p0u2hy7TjJpBBDhCTH4k9Ynne75sJQhHBKOo8TZjST_r-xUJVbArdJ6e8UQZeLqsCApRr_zDIfwRO1lvKq4O5V6qCX5OO-q5zCjukaPD,https://lh3.googleusercontent.com/geougc-cs/AB3l90BUHKp9Id9pmRMo7jfL2T46SRg--I6lEQHPiGSmKq-oUIqUclj687x3pcInp4ygE7UwAbEUe5FT1f6fQHgqhTTW0bTMl3Hug20E6KCpodWZAga0dL9DAq1koIpmqcgsV0oUf3KXQw,https://lh3.googleusercontent.com/geougc-cs/AB3l90AO4oYqLchWoQoX2KhC2YKJMsOYJPUcit3QchbaYZUJPBBcVTYAO47TpHx9SI_QS6M5z7rY2yjbGi3VgKKvb1QPEb3dCR0a9ZooxiS_vpMl281sV4Uxi6eXGfhP_nDltxytqOU4,https://lh3.googleusercontent.com/geougc-cs/AB3l90AB0y20LqVZGsUvrLh4ds3XUL-Q37CdnDd-PHq_sHuGFN4GgB6YhO4ozMsHJF5UfDMHuG5Knlvs2rm3rokLFJ0iLuUvlTAmrCgOfEy_CiGnxOByAmnt92HrDWF4ULRYdq-kctOPUg,https://lh3.googleusercontent.com/geougc-cs/AB3l90D-C5fh0rsOkDgibbJ1cpTH4uU3QkkuH_JAmAbHCKlZ7gIEG8-5NG5e8gqBKPOV6NIO_2OqwqAvw3OdFcGreHcW34izElUjawuj7C36G9r8wqSFRvLOgnaUYNDBJFPV5UI8cbIg,,,,,,,,,,,,,,,,,,,Google,https://www.google.com/maps/reviews/data=!4m8!14m7!1m6!2m5!1sChdDSUhNMG9nS0VJQ0FnTURJNFBxc25BRRAB!2m1!1s0x0:0xf0217a90db10650!3m1!1s2@1:CIHM0ogKEICAgMDI4PqsnAE%7C%7C?hl=en,1.13203e+20,59,https://lh3.googleusercontent.com/a-/ALV-UjXyNrp1pRrv08Nq2ToXIjwUMl0uUaG6ORUnR0DrQ2GjsL2TS6Ms=s1920-c-rp-mo-ba4-br100,https://www.google.com/maps/contrib/113202746414537160527?hl=en,1612,2025-09-21T14:41:32.294Z,"Direct Detail URL: https://www.google.com/maps/place/Litchfield+National+Park/@-13.2935324,130.8438128,17z/data=!4m8!3m7!1s0x2cbee22a8ad93f61:0xf0217a90db10650!8m2!3d-13.2935376!4d130.8463877!9m1!1b1!16zL20vMHBzaG0?entry=ttu&g_ep=EgoyMDI1MDkxNy4wIKXMDSoASAFQAw%3D%3D",5,Northern Territory,,False,,,Litchfield National Park,4.8,,https://www.google.com/maps/search/?api=1&query=Litchfield%20National%20Park&query_place_id=ChIJYT_ZiiriviwRUAaxDakXAg8,,Positive
"Litchfield Park NT 0822, Australia",National park,Tourist attraction,National park,1.08145e+18,Litchfield Park,AU,0x2cbee22a8ad93f61:0xf0217a90db10650,https://lh3.googleusercontent.com/gps-cs-s/AC9h4nrEoavoeY76XGUArw7ktQYIjuKEV4NQfMjvSN7MGVtcgaHWhzXd-peC_lgQ83XmcYV9Wz5A8qhk0165yuXAXYB-dQ84nMJxZYGAjkw1BvcILJ0_PYrGMNKOC9N6eBr4n3dXTFHA=w408-h306-k-no,False,False,en,0,-13.2935376,130.8463877,Deborah,,,False,ChIJYT_ZiiriviwRUAaxDakXAg8,822,,5 months ago,2025-04-05T01:32:12.797Z,,,,,,,ChdDSUhNMG9nS0VJQ0FnTUNJLTYzX3hRRRAB,,,,,,,,,,,,,,,,,,,,,,,,,Google,https://www.google.com/maps/reviews/data=!4m8!14m7!1m6!2m5!1sChdDSUhNMG9nS0VJQ0FnTUNJLTYzX3hRRRAB!2m1!1s0x0:0xf0217a90db10650!3m1!1s2@1:CIHM0ogKEICAgMCI-63_xQE%7C%7C?hl=en,1.08107e+20,446,https://lh3.googleusercontent.com/a-/ALV-UjWRlpzRW6BIAge1v5fX7DIaQA96P1ZT-MY3FBkcN6M8tkDCB8L1=s1920-c-rp-mo-br100,https://www.google.com/maps/contrib/108106630662125730519?hl=en,1612,2025-09-21T14:41:32.294Z,"Direct Detail URL: https://www.google.com/maps/place/Litchfield+National+Park/@-13.2935324,130.8438128,17z/data=!4m8!3m7!1s0x2cbee22a8ad93f61:0xf0217a90db10650!8m2!3d-13.2935376!4d130.8463877!9m1!1b1!16zL20vMHBzaG0?entry=ttu&g_ep=EgoyMDI1MDkxNy4wIKXMDSoASAFQAw%3D%3D",5,Northern Territory,,False,,,Litchfield National Park,4.8,,https://www.google.com/maps/search/?api=1&query=Litchfield%20National%20Park&query_place_id=ChIJYT_ZiiriviwRUAaxDakXAg8,,Positive
"Litchfield Park NT 0822, Australia",National park,Tourist attraction,National park,1.08145e+18,Litchfield Park,AU,0x2cbee22a8ad93f61:0xf0217a90db10650,https://lh3.googleusercontent.com/gps-cs-s/AC9h4nrEoavoeY76XGUArw7ktQYIjuKEV4NQfMjvSN7MGVtcgaHWhzXd-peC_lgQ83XmcYV9Wz5A8qhk0165yuXAXYB-dQ84nMJxZYGAjkw1BvcILJ0_PYrGMNKOC9N6eBr4n3dXTFHA=w408-h306-k-no,False,True,en,0,-13.2935376,130.8463877,Daniel Kincer,,en,False,ChIJYT_ZiiriviwRUAaxDakXAg8,822,,5 months ago,2025-04-03T06:08:23.063Z,,,,,Very nice outdoor spaces,Clean restrooms,ChZDSUhNMG9nS0VJQ0FnTUNJNlpya0ZnEAE,https://lh3.googleusercontent.com/geougc-cs/AB3l90CmGhhTaEw-3K6pCDg93_R9-QsOAWaF2UNc_PtK8lN1z-MhWXjiWHFyI27sgokgJm8igWYYnPNABk6EnCsgDlxWNFgjbs0lIYQtucw9MQKXyuwswSFEe_6_UtJPj_3NIWp8aawjTg,https://lh3.googleusercontent.com/geougc-cs/AB3l90CJb0oRKe_MebFq4AocF0fkQYMl0VCKCxc2YQ1noJjKsRTsx8P1DwZrKk5b8LoTANJyWHg_dDg-aYL5JinC0-Xw1FfWTq5aBnIKroZrSPXxBeH-rdbVgQhil9g-60MX6ByPU3uw,https://lh3.googleusercontent.com/geougc-cs/AB3l90BPlaRPkmgzITOYIbcAXhUU9xfbruvvgCHhrt3uGNzzM-FBcexDHMEfDyHlLZkwaRu0hmjfppW-XhAZmvhjjJOVJb59SOHtFtfOJ4c2N0zfdjK2uWrvWzCfsgfmtj2VKbMFT-zUgQ,https://lh3.googleusercontent.com/geougc-cs/AB3l90ChV_eu9ddAvtf2veLZr04WwlU20_7QE4JIqTll694MwiaEY9V2QNRUlNMS0IVLOwHDZFwvp0v3xiP38hZlV0aBPlO-Xlu1wLnLc5XGq8Eo5aEo03qonFCW38qHMs4zpJp1_MZ2,https://lh3.googleusercontent.com/geougc-cs/AB3l90BiOuiZzaATUo5q_2ASYM8BNzk0NcsyjzVFRyxzhsts6aBvGRBw41g2PtrRHmS4omISA9go6FQbhIjUMk3wbCb7wsfaWJsNgCf4d51YXCNUuFLUpo4nroCqjyS_dq255vHuVa_k,,,,,,,,,,,,,,,,,,,,Google,https://www.google.com/maps/reviews/data=!4m8!14m7!1m6!2m5!1sChZDSUhNMG9nS0VJQ0FnTUNJNlpya0ZnEAE!2m1!1s0x0:0xf0217a90db10650!3m1!1s2@1:CIHM0ogKEICAgMCI6ZrkFg%7C%7C?hl=en,1.13042e+20,19,https://lh3.googleusercontent.com/a/ACg8ocLZipRqtM8u8URC9oPkxV73DQ4Ip4Uy6oeRXUtdWWVVBI5A6Q=s1920-c-rp-mo-ba2-br100,https://www.google.com/maps/contrib/113042386744906115508?hl=en,1612,2025-09-21T14:41:32.294Z,"Direct Detail URL: https://www.google.com/maps/place/Litchfield+National+Park/@-13.2935324,130.8438128,17z/data=!4m8!3m7!1s0x2cbee22a8ad93f61:0xf0217a90db10650!8m2!3d-13.2935376!4d130.8463877!9m1!1b1!16zL20vMHBzaG0?entry=ttu&g_ep=EgoyMDI1MDkxNy4wIKXMDSoASAFQAw%3D%3D",5,Northern Territory,,False,Fantastic place to visit but it is a drive.,,Litchfield National Park,4.8,,https://www.google.com/maps/search/?api=1&query=Litchfield%20National%20Park&query_place_id=ChIJYT_ZiiriviwRUAaxDakXAg8,,Positive
"Litchfield Park NT 0822, Australia",National park,Tourist attraction,National park,1.08145e+18,Litchfield Park,AU,0x2cbee22a8ad93f61:0xf0217a90db10650,https://lh3.googleusercontent.com/gps-cs-s/AC9h4nrEoavoeY76XGUArw7ktQYIjuKEV4NQfMjvSN7MGVtcgaHWhzXd-peC_lgQ83XmcYV9Wz5A8qhk0165yuXAXYB-dQ84nMJxZYGAjkw1BvcILJ0_PYrGMNKOC9N6eBr4n3dXTFHA=w408-h306-k-no,False,True,en,0,-13.2935376,130.8463877,Jackson Henney,,en,False,ChIJYT_ZiiriviwRUAaxDakXAg8,822,,5 months ago,2025-03-29T05:17:33.060Z,,,,No pets allowed,Well kept and plenty of seating area,Clean and easily accessible,ChdDSUhNMG9nS0VJQ0FnTUR3Ny12YnpnRRAB,https://lh3.googleusercontent.com/geougc-cs/AB3l90A8gHRoKlL9mhtr9BKLoe6RNQmHnB-Flf61svvxVOrFppUI3Trxc4YgcRhN0fCfzbYymPgyjnP37YfRzT_0EP1JlDJ24636rWFZouit-dSYOevDue_iZfcSdFcrHKCWsywkMxwa,https://lh3.googleusercontent.com/geougc-cs/AB3l90CHNAb9uBqrWiJ468JzrIYgMz_H8Gcfi9nFJ7DHZD9ZC3iC1ZVeBYa5DJClgyG5b8664VzXfMk8ry-mR1PvxVCoyhw8f20rDoWBSr4ZWPYsMzf09E-AzsA41uZvX8Bt05FvYK2bKg,https://lh3.googleusercontent.com/geougc-cs/AB3l90C38PnaLF1_497nX4Yd4-5MhJqHPBTZGmebbTzo-H1VnKoSnFufz665Z8N-k04t0a9-m3PClDdg_d0Q7_-CQw7ayOJ4G6rFJ4Ziz8MtbjAmYnYd-e20aCOz8xs8yllKg9YmoxCh,https://lh3.googleusercontent.com/geougc-cs/AB3l90C4fEkDbSYY3kbkw4t6WE87Mh_PZdm37VMP4QCmUdAZpqPsOO2kN4_6su3UowrBwt13CA113AZ6xBxf5_rMoRl06CpJvdYXk1QMpvYBcUGj55LCDxRSv7PAXxdzNMJk6cvZNFzoog,https://lh3.googleusercontent.com/geougc-cs/AB3l90BAkXs77jysvRnikhs3w6lopI9kinpK8jRM0OEeXC2C-odvtBDvTAgqn9DNngnQnQFm8CIaYRc1ZbKQ7319XyV38HGFuZiMcaUAq8_H0omPszOk8gmzaxh7huTGxYNxESLAgMc,https://lh3.googleusercontent.com/geougc-cs/AB3l90D8XiKGf6YOKWYDFNjQrR9R-Xto-44QYVcE8kYzUpZuHF85P8mm7vsQmyNUoM1iWFeO8cBNcW0bN9kCHAaKbPcfL5ZF5y9UbUFsq86xkjxymtqP_sG8EcbF0c5xXjpccpPiDSeTTA,https://lh3.googleusercontent.com/geougc-cs/AB3l90DX5P49A3c2RwkQsUGZ68VR1pxMeGB6K4d4R8c_MppmgPQ3PQNqDhPeBpoz_TgIn2Kndu2_RhqR2vibc4CUFndvUns1zgRI848NtLMuqZJSsvPT8OEhDTp9AoiggL0fJBmS90_o,https://lh3.googleusercontent.com/geougc-cs/AB3l90BwZ4UPta4DSprDLvOhfl483wHR0B9bq1QM2SizbsSQqHZLWrUuEJ06txtIouOrFFsIkxkkrFO8suYI2h6vJr2t3UuphOfMVEV3nsRiu2j2q24wmFT8T2dKNMeuAreWgRXKkDo64A,https://lh3.googleusercontent.com/geougc-cs/AB3l90Dws8tXSpjdY3N0D86Z9iJsUi8ZoydTaS4VSudbya2zr7HvrpWqrQXz6XFZ_nmmRVwX49kamD0Rc4DZSzXDeUIu8uBlWKVBUGERqfX0HmJRTGrIMw049xDSwTOtGLlixhD2LDk,https://lh3.googleusercontent.com/geougc-cs/AB3l90Bw36cQevdDAj8lq5cH0N2Zz3GL3awOBBsc2Cmv-oXHfEiLqhm3Tvv0f2yh3Z-4BuKGaRyiHpmk2Ud_LufrmFtylmC3d8qA8qMUzRQ2JQV7e2ny3sFlnazax-5AzujpbKrZgCLQBw,https://lh3.googleusercontent.com/geougc-cs/AB3l90BxHdBOw1h_WljG4ABv0oyhtFM7Pck7FXkwVZV1y9js0nRt42EFyjzYNHxMHnVhvRUgMd4qQgVItX80sSCSG-rkGerKlOtHksZKIYF4-CsOmn9np2r6MWmBe9W84PAyUDdFesMY,https://lh3.googleusercontent.com/geougc-cs/AB3l90BIEF6uPKM98pQPF7jV6q8b6tLsgR412majvhGp-iMrOYlLYM_Q36A_h_i2LH1B-vIRf9Jw47Zwms3HL9rzgFrF1HfYsMD-WY-bwXPz2JTFVDeYMUU4aM25oP8Wbvi4nJyP1yZg9A,https://lh3.googleusercontent.com/geougc-cs/AB3l90DM5GjdO_C99_FSJGpBJMXP69mzm7oTgp8k4w4xYjUQCTC1b5XxWEV5bcaYLKYFY9b8AGfjcsllszLXDD_5XlfOFdAVVW2yN_7Vc6C1DPNjRJ0gb3JUUjGtoJHxybUjKdJix1oZ,https://lh3.googleusercontent.com/geougc-cs/AB3l90AShS8gU79Bzo6pgExLWKAL7eTLe81b9y5lQblE13fHjcq_2rhJ_YG5ULk3eXByY_1-Glybu3-ge2ZtFmDhSJkawA1YEOdLDKWUy844doA6V4Yciyrj5qmjAchDBy6xUXyOlrmRYw,https://lh3.googleusercontent.com/geougc-cs/AB3l90DGuvbasrNR53L44yJJIEufSvEIKjlK-WU7DseaKydX920m27NkiaNdt7FKIeG4nz-WhsuFCIOZmvC-xgPPJbUerd9x0wVh1RpnhMXoRvesA6Ai1wlAsG13VHue1LQioiu83-VH,,,,,,,,,,Google,https://www.google.com/maps/reviews/data=!4m8!14m7!1m6!2m5!1sChdDSUhNMG9nS0VJQ0FnTUR3Ny12YnpnRRAB!2m1!1s0x0:0xf0217a90db10650!3m1!1s2@1:CIHM0ogKEICAgMDw7-vbzgE%7C%7C?hl=en,1.14231e+20,106,https://lh3.googleusercontent.com/a-/ALV-UjVCzHMjbVB_clxvrOtsI4Z-vQnObFORpiXi6FiEWs86fgIw98tE=s1920-c-rp-mo-ba5-br100,https://www.google.com/maps/contrib/114231347823246129684?hl=en,1612,2025-09-21T14:41:32.294Z,"Direct Detail URL: https://www.google.com/maps/place/Litchfield+National+Park/@-13.2935324,130.8438128,17z/data=!4m8!3m7!1s0x2cbee22a8ad93f61:0xf0217a90db10650!8m2!3d-13.2935376!4d130.8463877!9m1!1b1!16zL20vMHBzaG0?entry=ttu&g_ep=EgoyMDI1MDkxNy4wIKXMDSoASAFQAw%3D%3D",5,Northern Territory,,False,"Beautiful location, many little lookouts easily available to access, and a lovely drive overall. Great for a full day if exploring all locations. Camp grounds also available in certain areas",,Litchfield National Park,4.8,,https://www.google.com/maps/search/?api=1&query=Litchfield%20National%20Park&query_place_id=ChIJYT_ZiiriviwRUAaxDakXAg8,,Positive
"Litchfield Park NT 0822, Australia",National park,Tourist attraction,National park,1.08145e+18,Litchfield Park,AU,0x2cbee22a8ad93f61:0xf0217a90db10650,https://lh3.googleusercontent.com/gps-cs-s/AC9h4nrEoavoeY76XGUArw7ktQYIjuKEV4NQfMjvSN7MGVtcgaHWhzXd-peC_lgQ83XmcYV9Wz5A8qhk0165yuXAXYB-dQ84nMJxZYGAjkw1BvcILJ0_PYrGMNKOC9N6eBr4n3dXTFHA=w408-h306-k-no,False,True,en,0,-13.2935376,130.8463877,Brad Holmes,,en,False,ChIJYT_ZiiriviwRUAaxDakXAg8,822,,5 months ago,2025-03-25T21:03:58.878Z,,,,No dogs,Clean and tidy,Wangi falls and magnetic ant hill facilities are well kept,ChdDSUhNMG9nS0VJQ0FnTUR3OXJHd3NBRRAB,,,,,,,,,,,,,,,,,,,,,,,,,Google,https://www.google.com/maps/reviews/data=!4m8!14m7!1m6!2m5!1sChdDSUhNMG9nS0VJQ0FnTUR3OXJHd3NBRRAB!2m1!1s0x0:0xf0217a90db10650!3m1!1s2@1:CIHM0ogKEICAgMDw9rGwsAE%7C%7C?hl=en,1.03102e+20,18,https://lh3.googleusercontent.com/a/ACg8ocLuG6YbKGlVeecm6SyhCM4vhLe3VqAdUmPhAuYtj3bAuaajWQ=s1920-c-rp-mo-ba2-br100,https://www.google.com/maps/contrib/103102219529918951276?hl=en,1612,2025-09-21T14:41:32.294Z,"Direct Detail URL: https://www.google.com/maps/place/Litchfield+National+Park/@-13.2935324,130.8438128,17z/data=!4m8!3m7!1s0x2cbee22a8ad93f61:0xf0217a90db10650!8m2!3d-13.2935376!4d130.8463877!9m1!1b1!16zL20vMHBzaG0?entry=ttu&g_ep=EgoyMDI1MDkxNy4wIKXMDSoASAFQAw%3D%3D",5,Northern Territory,,False,,,Litchfield National Park,4.8,,https://www.google.com/maps/search/?api=1&query=Litchfield%20National%20Park&query_place_id=ChIJYT_ZiiriviwRUAaxDakXAg8,,Positive
