address,categories/0,categoryName,cid,city,countryCode,fid,imageUrl,isAdvertisement,isLocalGuide,language,likesCount,location/lat,location/lng,name,neighborhood,originalLanguage,permanentlyClosed,placeId,postalCode,price,publishAt,publishedAtDate,rating,responseFromOwnerDate,responseFromOwnerText,reviewContext/Picnic area,reviewContext/Restrooms,reviewId,reviewImageUrls/0,reviewImageUrls/1,reviewImageUrls/2,reviewImageUrls/3,reviewImageUrls/4,reviewImageUrls/5,reviewImageUrls/6,reviewImageUrls/7,reviewImageUrls/8,reviewImageUrls/9,reviewImageUrls/10,reviewImageUrls/11,reviewImageUrls/12,reviewImageUrls/13,reviewImageUrls/14,reviewImageUrls/15,reviewImageUrls/16,reviewImageUrls/17,reviewImageUrls/18,reviewImageUrls/19,reviewImageUrls/20,reviewImageUrls/21,reviewImageUrls/22,reviewImageUrls/23,reviewImageUrls/24,reviewImageUrls/25,reviewImageUrls/26,reviewImageUrls/27,reviewImageUrls/28,reviewImageUrls/29,reviewImageUrls/30,reviewImageUrls/31,reviewImageUrls/32,reviewImageUrls/33,reviewImageUrls/34,reviewImageUrls/35,reviewImageUrls/36,reviewImageUrls/37,reviewImageUrls/38,reviewImageUrls/39,reviewImageUrls/40,reviewImageUrls/41,reviewImageUrls/42,reviewOrigin,reviewUrl,reviewerId,reviewerNumberOfReviews,reviewerPhotoUrl,reviewerUrl,reviewsCount,scrapedAt,searchString,stars,state,street,temporarilyClosed,text,textTranslated,title,totalScore,translatedLanguage,url,visitedIn,Emotion
"Gorge Rd, Nitmiluk NT 0852, Australia",National park,National park,1081452875368951136,Nitmiluk,AU,0x2cba874d8faf2b1b:0xf0217a90db0ed60,https://lh3.googleusercontent.com/gps-cs-s/AC9h4nqucVhUkszMsbNFuo8KopTZabjnSZWcFXEu6bbpLr7j96pX5n2DtpNM5HMhPKxB_dYEXN1oartSV04GcL4cwyFKVChCx4WkAQ5JqqEVP0KwuIwdfGvx4IjepBTe6XZCE_hgL5R9ug=w408-h306-k-no,False,True,en,0,-14.0873293,132.4970591,Jeremy I,,en,False,ChIJGyuvj02HuiwRYO2wDakXAg8,852,,Edited 2 weeks ago,2025-09-06T11:12:01.970Z,,,,,,Ci9DQUlRQUNvZENodHljRjlvT2xaalIyY3pOV1JCTFRaUU1Yb3pkSGhxYUV3M1NIYxAB,,,,,,,,,,,,,,,,,,,,,,,,,,,,,,,,,,,,,,,,,,,,Google,https://www.google.com/maps/reviews/data=!4m8!14m7!1m6!2m5!1sCi9DQUlRQUNvZENodHljRjlvT2xaalIyY3pOV1JCTFRaUU1Yb3pkSGhxYUV3M1NIYxAB!2m1!1s0x0:0xf0217a90db0ed60!3m1!1s2@1:CAIQACodChtycF9oOlZjR2czNWRBLTZQMXozdHhqaEw3SHc%7C%7C?hl=en,117920172029853673839,83,https://lh3.googleusercontent.com/a-/ALV-UjX2IMAJGQR99K_NcOhLQAbnCqlPf7fD1_4zD1I4phE-a_ExN1rbmA=s1920-c-rp-mo-ba4-br100,https://www.google.com/maps/contrib/117920172029853673839?hl=en,640,2025-09-22T01:50:38.650Z,"Direct Detail URL: https://www.google.com/maps/place/Nitmiluk+National+Park/@-14.0873241,132.4944842,17z/data=!4m8!3m7!1s0x2cba874d8faf2b1b:0xf0217a90db0ed60!8m2!3d-14.0873293!4d132.4970591!9m1!1b1!16zL20vMHBzaF8?entry=ttu&g_ep=EgoyMDI1MDkxNy4wIKXMDSoASAFQAw%3D%3D",2,Northern Territory,Gorge Rd,False,"Extremely touristy, lots of foreign visitors and not the best vibe at caravan park. We had a ""long rig"" site, which was cramped and didn't even offer sullige drainpipes. You pour your dirty water into yours or your neighbours site. Feels like a money grab but very close to the thing you came to see",,Nitmiluk National Park,4.6,,https://www.google.com/maps/search/?api=1&query=Nitmiluk%20National%20Park&query_place_id=ChIJGyuvj02HuiwRYO2wDakXAg8,,Positive
"Gorge Rd, Nitmiluk NT 0852, Australia",National park,National park,1081452875368951136,Nitmiluk,AU,0x2cba874d8faf2b1b:0xf0217a90db0ed60,https://lh3.googleusercontent.com/gps-cs-s/AC9h4nqucVhUkszMsbNFuo8KopTZabjnSZWcFXEu6bbpLr7j96pX5n2DtpNM5HMhPKxB_dYEXN1oartSV04GcL4cwyFKVChCx4WkAQ5JqqEVP0KwuIwdfGvx4IjepBTe6XZCE_hgL5R9ug=w408-h306-k-no,False,False,en,0,-14.0873293,132.4970591,Owen Webb,,,False,ChIJGyuvj02HuiwRYO2wDakXAg8,852,,2 weeks ago,2025-09-02T02:51:07.167Z,,,,,,Ci9DQUlRQUNvZENodHljRjlvT21WUlgyZEVkRFYyU1VSbk4wbE9NREExZW5sNlJrRRAB,,,,,,,,,,,,,,,,,,,,,,,,,,,,,,,,,,,,,,,,,,,,Google,https://www.google.com/maps/reviews/data=!4m8!14m7!1m6!2m5!1sCi9DQUlRQUNvZENodHljRjlvT21WUlgyZEVkRFYyU1VSbk4wbE9NREExZW5sNlJrRRAB!2m1!1s0x0:0xf0217a90db0ed60!3m1!1s2@1:CAIQACodChtycF9oOmVRX2dEdDV2SURnN0lOMDA1enl6RkE%7C%7C?hl=en,116547962099311461322,2,https://lh3.googleusercontent.com/a/ACg8ocKVAkZ8DtG3haOvonkwZX-6FQ6XHAV4Rd0vo6X1ll7T3Cbtcg=s1920-c-rp-mo-br100,https://www.google.com/maps/contrib/116547962099311461322?hl=en,640,2025-09-22T01:50:38.650Z,"Direct Detail URL: https://www.google.com/maps/place/Nitmiluk+National+Park/@-14.0873241,132.4944842,17z/data=!4m8!3m7!1s0x2cba874d8faf2b1b:0xf0217a90db0ed60!8m2!3d-14.0873293!4d132.4970591!9m1!1b1!16zL20vMHBzaF8?entry=ttu&g_ep=EgoyMDI1MDkxNy4wIKXMDSoASAFQAw%3D%3D",5,Northern Territory,Gorge Rd,False,,,Nitmiluk National Park,4.6,,https://www.google.com/maps/search/?api=1&query=Nitmiluk%20National%20Park&query_place_id=ChIJGyuvj02HuiwRYO2wDakXAg8,,Positive
"Gorge Rd, Nitmiluk NT 0852, Australia",National park,National park,1081452875368951136,Nitmiluk,AU,0x2cba874d8faf2b1b:0xf0217a90db0ed60,https://lh3.googleusercontent.com/gps-cs-s/AC9h4nqucVhUkszMsbNFuo8KopTZabjnSZWcFXEu6bbpLr7j96pX5n2DtpNM5HMhPKxB_dYEXN1oartSV04GcL4cwyFKVChCx4WkAQ5JqqEVP0KwuIwdfGvx4IjepBTe6XZCE_hgL5R9ug=w408-h306-k-no,False,True,en,0,-14.0873293,132.4970591,Trudy Healy,,en,False,ChIJGyuvj02HuiwRYO2wDakXAg8,852,,a month ago,2025-08-19T12:37:39.303Z,,,,,,Ci9DQUlRQUNvZENodHljRjlvT2xrM1VFMW1TM1V3WDA5VlNXcGFUMHc1Y1ZwU1ozYxAB,,,,,,,,,,,,,,,,,,,,,,,,,,,,,,,,,,,,,,,,,,,,Google,https://www.google.com/maps/reviews/data=!4m8!14m7!1m6!2m5!1sCi9DQUlRQUNvZENodHljRjlvT2xrM1VFMW1TM1V3WDA5VlNXcGFUMHc1Y1ZwU1ozYxAB!2m1!1s0x0:0xf0217a90db0ed60!3m1!1s2@1:CAIQACodChtycF9oOlk3UE1mS3UwX09VSWpaT0w5cVpSZ3c%7C%7C?hl=en,115062533686178078851,56,https://lh3.googleusercontent.com/a-/ALV-UjXpfP7mkiWQBdDTV59cgc3EIkls0dTRyMd66DlPOlZBaJRXjlq8=s1920-c-rp-mo-ba3-br100,https://www.google.com/maps/contrib/115062533686178078851?hl=en,640,2025-09-22T01:50:38.650Z,"Direct Detail URL: https://www.google.com/maps/place/Nitmiluk+National+Park/@-14.0873241,132.4944842,17z/data=!4m8!3m7!1s0x2cba874d8faf2b1b:0xf0217a90db0ed60!8m2!3d-14.0873293!4d132.4970591!9m1!1b1!16zL20vMHBzaF8?entry=ttu&g_ep=EgoyMDI1MDkxNy4wIKXMDSoASAFQAw%3D%3D",4,Northern Territory,Gorge Rd,False,Great place.,,Nitmiluk National Park,4.6,,https://www.google.com/maps/search/?api=1&query=Nitmiluk%20National%20Park&query_place_id=ChIJGyuvj02HuiwRYO2wDakXAg8,,Positive
"Gorge Rd, Nitmiluk NT 0852, Australia",National park,National park,1081452875368951136,Nitmiluk,AU,0x2cba874d8faf2b1b:0xf0217a90db0ed60,https://lh3.googleusercontent.com/gps-cs-s/AC9h4nqucVhUkszMsbNFuo8KopTZabjnSZWcFXEu6bbpLr7j96pX5n2DtpNM5HMhPKxB_dYEXN1oartSV04GcL4cwyFKVChCx4WkAQ5JqqEVP0KwuIwdfGvx4IjepBTe6XZCE_hgL5R9ug=w408-h306-k-no,False,True,en,0,-14.0873293,132.4970591,Tony Fogarty,,en,False,ChIJGyuvj02HuiwRYO2wDakXAg8,852,,a month ago,2025-08-17T05:09:29.237Z,,,,,,Ci9DQUlRQUNvZENodHljRjlvT2tWTGFIUk5XVEZOV214dlVHcHRkSHBEZVRWRmVuYxAB,https://lh3.googleusercontent.com/geougc-cs/AB3l90AYIobdv4Zv-0A-I1yINxx77s-EyqQOkKB1bS9-QiQxB0wYY25mMLhrOZqD3na-WxhuNUziLOvEDvoL1YQWXSotJsfF13QGG6dm_Xi5dq7G9f_Z1KTxWzYBeryjVq4lpJCjBSP6bVemQzww,https://lh3.googleusercontent.com/geougc-cs/AB3l90BgUBY1IyItM10vavPeF3AE1lBcpg_ZAGYM0LD6sQ_1C4kVkuh3uVXWleV3cnCE6oRM4AIL2zMXX3FfhncWl_ANk3vq2JWvkp2DfYGybmf40Vw5eb1QoNAN_7yC6Qo0QhYy1UAz-q_Ht6PL,https://lh3.googleusercontent.com/geougc-cs/AB3l90AHIeXqvIQQ3EpacspQvtIzYkvzrwh_36TKwoEd-PLu2qtmfnDc_KO1rUP_sf4OaAq0H1nzgOJC8MuUuZwzcb_de-6fneU0wQ934mrWsMfiFmF6mDYfUID6rQtUtcBrxWapT_IMOcEgVz6m,,,,,,,,,,,,,,,,,,,,,,,,,,,,,,,,,,,,,,,,,Google,https://www.google.com/maps/reviews/data=!4m8!14m7!1m6!2m5!1sCi9DQUlRQUNvZENodHljRjlvT2tWTGFIUk5XVEZOV214dlVHcHRkSHBEZVRWRmVuYxAB!2m1!1s0x0:0xf0217a90db0ed60!3m1!1s2@1:CAIQACodChtycF9oOkVLaHRNWTFNWmxvUGptdHpDeTVFenc%7C%7C?hl=en,107086263059542058429,173,https://lh3.googleusercontent.com/a-/ALV-UjU0cNYGV0UIkQVpdxiKTtENBlwjJq2HjizhSrjBwB84qGdP_GGm=s1920-c-rp-mo-ba4-br100,https://www.google.com/maps/contrib/107086263059542058429?hl=en,640,2025-09-22T01:50:38.650Z,"Direct Detail URL: https://www.google.com/maps/place/Nitmiluk+National+Park/@-14.0873241,132.4944842,17z/data=!4m8!3m7!1s0x2cba874d8faf2b1b:0xf0217a90db0ed60!8m2!3d-14.0873293!4d132.4970591!9m1!1b1!16zL20vMHBzaF8?entry=ttu&g_ep=EgoyMDI1MDkxNy4wIKXMDSoASAFQAw%3D%3D",5,Northern Territory,Gorge Rd,False,What a great spot and the sunset dinner cruise was out of this world !!!,,Nitmiluk National Park,4.6,,https://www.google.com/maps/search/?api=1&query=Nitmiluk%20National%20Park&query_place_id=ChIJGyuvj02HuiwRYO2wDakXAg8,,Positive
"Gorge Rd, Nitmiluk NT 0852, Australia",National park,National park,1081452875368951136,Nitmiluk,AU,0x2cba874d8faf2b1b:0xf0217a90db0ed60,https://lh3.googleusercontent.com/gps-cs-s/AC9h4nqucVhUkszMsbNFuo8KopTZabjnSZWcFXEu6bbpLr7j96pX5n2DtpNM5HMhPKxB_dYEXN1oartSV04GcL4cwyFKVChCx4WkAQ5JqqEVP0KwuIwdfGvx4IjepBTe6XZCE_hgL5R9ug=w408-h306-k-no,False,True,en,0,-14.0873293,132.4970591,Nakita Nia,,en,False,ChIJGyuvj02HuiwRYO2wDakXAg8,852,,a month ago,2025-08-17T02:06:26.216Z,,,,,,Ci9DQUlRQUNvZENodHljRjlvT2paelJqRm1hMjVFVVU0NFRqbG9iM0l0V2t0NmFXYxAB,https://lh3.googleusercontent.com/geougc-cs/AB3l90CKLy5UVruzE5d7lVGoIr671LU8vcQl985fNBC86aabZAVU2v8lMCbmSospI6wje7_yXB-5dxL9ulXtJSevrNGBMLgeiX4gY6Q4ceWXD2RzSsLHamLmkO4EClEwlcynepoptoNe6vFvuBc,https://lh3.googleusercontent.com/geougc-cs/AB3l90ADfsEcRZcmG41DNPuML02CQZQ3zu2qXTjiaBANmC-Ko4w0nCStbsv-51hZFEl5LmD47el9MucuqVgGBPgFhdOdX3B1zQO-AVHgobFIveM87gk53NV-3OIgFSdo9jRlnYcn2WMpU4dGz50,https://lh3.googleusercontent.com/geougc-cs/AB3l90D6K8EIe1UysVt4h1INM5ryPRSEcxJuefIzdw2khjS_cGXZRokq0HzGrxx7KmPQhsSLkd4nkRETIuOd3CZNMchYWhQ86JAA-Y0DUs-eLWVYQAcEtaQPw9OSizK5Pjg6rcN_LKYfpPFmMxI,https://lh3.googleusercontent.com/geougc-cs/AB3l90CAYfbKRphc9j_GkMNHFcwRVMhDsgPzUuNuI9CWWuTSoc0J4HdojMsib9wSyyuU4ScfzZ_KGvjcRf69nOww-l2c3SjeABWhggFS7sgUJ_ODuYILPJytwgFZ9sNj_GzZpJNb-L-5RhSR1u4,https://lh3.googleusercontent.com/geougc-cs/AB3l90DIqLceJd7ZOz87VVdCFfXeGpbyybcSkMaUka7towCB49G8yD9RPiDl0DJSKIPifU6aKgsK-pdISNCjKWjkGoPIs3PB2eEYcXlUleT2piwzKvTXVYP7tj9i2g1jlDOoFWBxHsQcEXfKtT0,https://lh3.googleusercontent.com/geougc-cs/AB3l90DICYM08ZARK9-pYBrq9vkVPq-_EdUoeVQxe8Nm-1WSq0_auIEVNbn4Gvq-XVQZQpFCqT6E2qMq0fb8qn-Mgi7tTu7UlCuJWP2YheqNqUJapbj7B0UAxO-oj2jAvQc3oLegUR3qGKn6AsQB,https://lh3.googleusercontent.com/geougc-cs/AB3l90DpnRiYLB9fh8aE6qaCu20XaJxPCDdd2fH8PYtxwzIuusWSgYPrQd2XFnJyfo79fFWKRiFU0b7sD0k9RSTwYVVdf2LxnpWhylOwWqlp9yScJ-edQCzYnVJggcxSa_rpRjWpU-8egwOes1s,https://lh3.googleusercontent.com/geougc-cs/AB3l90D5l0bJJgC6fh1VaQ-xSiX_tOofkOHV8WsFCw0SEEluZO9KiPQ9cIR7gGKXEWZMxwzhAQUu2UjrHn1UtSmC3vPRL29M05YuupxsCkEgnJRRt7KY3hJhooMLxW5qr9eWy3iepk_cVNRrg0I,,,,,,,,,,,,,,,,,,,,,,,,,,,,,,,,,,,,Google,https://www.google.com/maps/reviews/data=!4m8!14m7!1m6!2m5!1sCi9DQUlRQUNvZENodHljRjlvT2paelJqRm1hMjVFVVU0NFRqbG9iM0l0V2t0NmFXYxAB!2m1!1s0x0:0xf0217a90db0ed60!3m1!1s2@1:CAIQACodChtycF9oOjZzRjFma25EUU44Tjlob3ItWkt6aWc%7C%7C?hl=en,103397633521462932335,43,https://lh3.googleusercontent.com/a-/ALV-UjV1E4UBZ3VfB86bPqo5DWkU1oPEDbdqgSDPK2evvIAMUBlHqjS6=s1920-c-rp-mo-ba4-br100,https://www.google.com/maps/contrib/103397633521462932335?hl=en,640,2025-09-22T01:50:38.650Z,"Direct Detail URL: https://www.google.com/maps/place/Nitmiluk+National+Park/@-14.0873241,132.4944842,17z/data=!4m8!3m7!1s0x2cba874d8faf2b1b:0xf0217a90db0ed60!8m2!3d-14.0873293!4d132.4970591!9m1!1b1!16zL20vMHBzaF8?entry=ttu&g_ep=EgoyMDI1MDkxNy4wIKXMDSoASAFQAw%3D%3D",5,Northern Territory,Gorge Rd,False,"Where to even start?! Nitmiluk National Park is absolutely breathtaking. The sheer scale of the gorges, the rugged cliffs, and the peaceful Katherine River winding through it all make this place unforgettable. Every corner feels like a postcard – whether you’re cruising along the river, hiking one of the many trails, or simply taking in the views.

It’s not just the scenery, but the sense of history and culture here that makes it so special. The connection to the Jawoyn people is deeply felt, and it adds such richness to the experience.

This park is a true Northern Territory gem – wild, stunning, and completely awe-inspiring. A must-see for anyone visiting the Top End.",,Nitmiluk National Park,4.6,,https://www.google.com/maps/search/?api=1&query=Nitmiluk%20National%20Park&query_place_id=ChIJGyuvj02HuiwRYO2wDakXAg8,,Positive
"Gorge Rd, Nitmiluk NT 0852, Australia",National park,National park,1081452875368951136,Nitmiluk,AU,0x2cba874d8faf2b1b:0xf0217a90db0ed60,https://lh3.googleusercontent.com/gps-cs-s/AC9h4nqucVhUkszMsbNFuo8KopTZabjnSZWcFXEu6bbpLr7j96pX5n2DtpNM5HMhPKxB_dYEXN1oartSV04GcL4cwyFKVChCx4WkAQ5JqqEVP0KwuIwdfGvx4IjepBTe6XZCE_hgL5R9ug=w408-h306-k-no,False,False,en,0,-14.0873293,132.4970591,Albert Vitria Marca,,,False,ChIJGyuvj02HuiwRYO2wDakXAg8,852,,a month ago,2025-08-14T22:56:55.632Z,,,,,,Ci9DQUlRQUNvZENodHljRjlvT2paR2MwbG9SMHBaYVZReVFUWTVZbWd3UVd0RGEyYxAB,,,,,,,,,,,,,,,,,,,,,,,,,,,,,,,,,,,,,,,,,,,,Google,https://www.google.com/maps/reviews/data=!4m8!14m7!1m6!2m5!1sCi9DQUlRQUNvZENodHljRjlvT2paR2MwbG9SMHBaYVZReVFUWTVZbWd3UVd0RGEyYxAB!2m1!1s0x0:0xf0217a90db0ed60!3m1!1s2@1:CAIQACodChtycF9oOjZGc0loR0pZaVQyQTY5YmgwQWtDa2c%7C%7C?hl=en,117297178024725889747,1,https://lh3.googleusercontent.com/a/ACg8ocJzdp9nJfXjRadBoEC_c4cAWDp2QFywDqd30U46BKwj4V44PQ=s1920-c-rp-mo-br100,https://www.google.com/maps/contrib/117297178024725889747?hl=en,640,2025-09-22T01:50:38.650Z,"Direct Detail URL: https://www.google.com/maps/place/Nitmiluk+National+Park/@-14.0873241,132.4944842,17z/data=!4m8!3m7!1s0x2cba874d8faf2b1b:0xf0217a90db0ed60!8m2!3d-14.0873293!4d132.4970591!9m1!1b1!16zL20vMHBzaF8?entry=ttu&g_ep=EgoyMDI1MDkxNy4wIKXMDSoASAFQAw%3D%3D",4,Northern Territory,Gorge Rd,False,,,Nitmiluk National Park,4.6,,https://www.google.com/maps/search/?api=1&query=Nitmiluk%20National%20Park&query_place_id=ChIJGyuvj02HuiwRYO2wDakXAg8,,Positive
"Gorge Rd, Nitmiluk NT 0852, Australia",National park,National park,1081452875368951136,Nitmiluk,AU,0x2cba874d8faf2b1b:0xf0217a90db0ed60,https://lh3.googleusercontent.com/gps-cs-s/AC9h4nqucVhUkszMsbNFuo8KopTZabjnSZWcFXEu6bbpLr7j96pX5n2DtpNM5HMhPKxB_dYEXN1oartSV04GcL4cwyFKVChCx4WkAQ5JqqEVP0KwuIwdfGvx4IjepBTe6XZCE_hgL5R9ug=w408-h306-k-no,False,True,en,0,-14.0873293,132.4970591,Maricar Peralta,,en,False,ChIJGyuvj02HuiwRYO2wDakXAg8,852,,a month ago,2025-08-10T12:55:04.828Z,,,,,,Ci9DQUlRQUNvZENodHljRjlvT21OalIwSnFOMDlMWkUwNFdHUTJkRXhJVDBaVGJsRRAB,https://lh3.googleusercontent.com/geougc-cs/AB3l90AFH_RRMMjwp2wJIUg1GhLyXZ7QeE8E0hrPUmhSh8IOWYeyY50FZXtBtmJGEe7oVOTDaH1QKqszprh8WeD4k5BAXpa6e6lrMZQglcCHFCwOLmd9IgNAmgqv48o5t-JCqImsm-rvR5xWocLj,https://lh3.googleusercontent.com/geougc-cs/AB3l90AXqayI-R17OzGJFMbFdSOAGqhwGZ1jt4LJnje-8CiFCj05H4hZxRSBid3NVGlQHdnRaaZczMbOCirrE5mI4xfbWT4zuoeTOY64XMH0ZwFkvoxdPTO4syJd801j--MNVx1HGfbwOBMbfy0,https://lh3.googleusercontent.com/geougc-cs/AB3l90C7AB-iHYE6MIRku2-Q9bDVQ1AjhRlbaFgxkwwq2-KcyMCjTFfpx4j3go6F304R7HPcg1FJ-qSwrDjHIWIZh0OyUtcHe9EteNOFf5zKeFjCYAKoRyu37EIwntJedjy_TVGou9HCZ82tpCQ,,,,,,,,,,,,,,,,,,,,,,,,,,,,,,,,,,,,,,,,,Google,https://www.google.com/maps/reviews/data=!4m8!14m7!1m6!2m5!1sCi9DQUlRQUNvZENodHljRjlvT21OalIwSnFOMDlMWkUwNFdHUTJkRXhJVDBaVGJsRRAB!2m1!1s0x0:0xf0217a90db0ed60!3m1!1s2@1:CAIQACodChtycF9oOmNjR0JqN09LZE04WGQ2dExIT0ZTblE%7C%7C?hl=en,112933090196858554881,83,https://lh3.googleusercontent.com/a-/ALV-UjVnZ2s_4tnb8Qsn1A_BbzyiVdajPnWu50_FwCmd9GnUXtBn5GObbA=s1920-c-rp-mo-ba5-br100,https://www.google.com/maps/contrib/112933090196858554881?hl=en,640,2025-09-22T01:50:38.650Z,"Direct Detail URL: https://www.google.com/maps/place/Nitmiluk+National+Park/@-14.0873241,132.4944842,17z/data=!4m8!3m7!1s0x2cba874d8faf2b1b:0xf0217a90db0ed60!8m2!3d-14.0873293!4d132.4970591!9m1!1b1!16zL20vMHBzaF8?entry=ttu&g_ep=EgoyMDI1MDkxNy4wIKXMDSoASAFQAw%3D%3D",4,Northern Territory,Gorge Rd,False,"Cruised through an ancient gorge system. These sandstones in the Katherine Gorge are 1600 million years old.
Very sweaty and lots of flies. But still worth the 7 - hour drive overnight trip from TC.
P. S. Where the 2007 Rogue crocodile movie was shot and the final pitstop of the Amazing Race Australia 2019.",,Nitmiluk National Park,4.6,,https://www.google.com/maps/search/?api=1&query=Nitmiluk%20National%20Park&query_place_id=ChIJGyuvj02HuiwRYO2wDakXAg8,,Positive
"Gorge Rd, Nitmiluk NT 0852, Australia",National park,National park,1081452875368951136,Nitmiluk,AU,0x2cba874d8faf2b1b:0xf0217a90db0ed60,https://lh3.googleusercontent.com/gps-cs-s/AC9h4nqucVhUkszMsbNFuo8KopTZabjnSZWcFXEu6bbpLr7j96pX5n2DtpNM5HMhPKxB_dYEXN1oartSV04GcL4cwyFKVChCx4WkAQ5JqqEVP0KwuIwdfGvx4IjepBTe6XZCE_hgL5R9ug=w408-h306-k-no,False,True,en,0,-14.0873293,132.4970591,Cindy Phonsavane,,fr,False,ChIJGyuvj02HuiwRYO2wDakXAg8,852,,a month ago,2025-08-05T08:56:52.906Z,,,,,,Ci9DQUlRQUNvZENodHljRjlvT20xQ1JsOWFXVTFrWm5Gd2RVSjZVV2hXWkZkV2VrRRAB,https://lh3.googleusercontent.com/geougc-cs/AB3l90C5eYJFvf-zx-4hGeeqo3cRqgeMEVBdgmlcVg5j0xkLIUqTqKUfkFyix0Ic5yZ2ggR2bkIgPwqgnG4anylmHUlURJMdBl8oAvoDc_3ZykkOX6eISGEHeB587kvku_LxnQGgC_OR8MIy480,https://lh3.googleusercontent.com/geougc-cs/AB3l90A-m42G3Qa7a1CYt0qi4g1heB6xdNOyrDE5eQlYD4K3R0ni5NlSlSwQ6ytPswpAnLqAJ2FGfY8EmePRFtOGQK1mPkZGnBt-z2u-5PlJ_j6rCwxOaRPT_SZ1EGk-7XIeLWiQT127iyEUF4I6,https://lh3.googleusercontent.com/geougc-cs/AB3l90Az7FajS7zwolzX6DAVP3hc0B0mq3A4cLj2UcGy6Mc87B-VwPAf6njJs-3ozF7LfJt5wj1MWDMb6T1T-lPLOQehP5TR8oTmyctsPAfNo0R7SMBHA-bXOQCY4Ow7cTJJHAruqzhiNIw5nEEK,https://lh3.googleusercontent.com/geougc-cs/AB3l90CDBqIZrxe16CRp2iDJk5vYtJG1eC0EQBwrisziwDELArJzhzsFyNSTiUOUHZaXkJqYYQ4NfJ76cekp50rK869v0t9N_YQQjAn29nf2UU0R4eBHU_xCX45tXW_kgRbeH3ddK0xwLevit6-Z,https://lh3.googleusercontent.com/geougc-cs/AB3l90AS_NfIr8_1Z6p9mGJicVoQToHdjjBNsPy_phU6ADUm93uR42atPb6IjGYC3c_iOjBqauVvkRzIDfC35p8RQ_DeswIF7H2uiiYgCdC5S7CJ0bmhuIj20VJvzInGbx_Q6OpTBLrpI_uO-_Z0,,,,,,,,,,,,,,,,,,,,,,,,,,,,,,,,,,,,,,,Google,https://www.google.com/maps/reviews/data=!4m8!14m7!1m6!2m5!1sCi9DQUlRQUNvZENodHljRjlvT20xQ1JsOWFXVTFrWm5Gd2RVSjZVV2hXWkZkV2VrRRAB!2m1!1s0x0:0xf0217a90db0ed60!3m1!1s2@1:CAIQACodChtycF9oOm1CRl9aWU1kZnFwdUJ6UWhWZFdWekE%7C%7C?hl=en,111259622366489689679,36,https://lh3.googleusercontent.com/a-/ALV-UjVQxvolEZjt4qHHTKlE17P3RkRO0lfunZGnUvtzf-LE9X_uZ1cF8g=s1920-c-rp-mo-ba3-br100,https://www.google.com/maps/contrib/111259622366489689679?hl=en,640,2025-09-22T01:50:38.650Z,"Direct Detail URL: https://www.google.com/maps/place/Nitmiluk+National+Park/@-14.0873241,132.4944842,17z/data=!4m8!3m7!1s0x2cba874d8faf2b1b:0xf0217a90db0ed60!8m2!3d-14.0873293!4d132.4970591!9m1!1b1!16zL20vMHBzaF8?entry=ttu&g_ep=EgoyMDI1MDkxNy4wIKXMDSoASAFQAw%3D%3D",5,Northern Territory,Gorge Rd,False,"Wow wow wow ! Nous avons choisi l’expérience en canoë avec aucun regret (demi journée)! Nous nous sommes garés au premier parking mais apparemment il y en a un plus proche de l’accueil pour la location de canoë. Sachez qu’il y a un coffee shop a l’entrée du parc, donc si vous n’avez pas pris votre café ou snack, il y a de quoi faire si vous arrivez en avance. Vous faites le premier gorge bateau et c’est entre le premier et second gorge que vous récupérez votre canoë. Nous avons fait l’aller retour jusqu’au début du 4eme gorge et nous nous sommes posés au début du deuxième gorge. Spot parfait pour se baigner. Je vous recommande de prendre les prospectus à l’accueil avec les cartes du gorge. J’ai adoré cette expérience.","Wow wow wow! We chose the canoe experience with no regrets (half day)! We parked at the first parking lot but apparently there is one closer to the reception for canoe rentals. Note that there is a coffee shop at the entrance to the park, so if you haven't had your coffee or snack, there is something to do if you arrive early. You do the first gorge by boat and it is between the first and second gorges that you pick up your canoe. We made the round trip to the beginning of the 4th gorge and we landed at the beginning of the second gorge. Perfect spot for swimming. I recommend you pick up the brochures at the reception with the maps of the gorge. I loved this experience.",Nitmiluk National Park,4.6,en,https://www.google.com/maps/search/?api=1&query=Nitmiluk%20National%20Park&query_place_id=ChIJGyuvj02HuiwRYO2wDakXAg8,,Positive
"Gorge Rd, Nitmiluk NT 0852, Australia",National park,National park,1081452875368951136,Nitmiluk,AU,0x2cba874d8faf2b1b:0xf0217a90db0ed60,https://lh3.googleusercontent.com/gps-cs-s/AC9h4nqucVhUkszMsbNFuo8KopTZabjnSZWcFXEu6bbpLr7j96pX5n2DtpNM5HMhPKxB_dYEXN1oartSV04GcL4cwyFKVChCx4WkAQ5JqqEVP0KwuIwdfGvx4IjepBTe6XZCE_hgL5R9ug=w408-h306-k-no,False,True,en,0,-14.0873293,132.4970591,Patrick Barlow,,en,False,ChIJGyuvj02HuiwRYO2wDakXAg8,852,,a month ago,2025-08-04T04:18:19.815Z,,,,,,Ci9DQUlRQUNvZENodHljRjlvT2pOc056WmZZakJHVWxWemVXazNaMlpDUkhaUmVFRRAB,https://lh3.googleusercontent.com/geougc-cs/AB3l90BkFibmaGv4tvTsamzVD5pLDjWUu03ZaZevO0v1mo-og5s-PuBXbaJ5AC2FyRtvbRSKfpcwB5nv_Tzgc3u7SosYqc1pVSvyCY7YFUb1giI6ZwGWDV3Abv1VhBKhNnV4I3bquZnR86XiKbtb,https://lh3.googleusercontent.com/geougc-cs/AB3l90D5gxczTHYcMOu30kPdhZ1nhr4IXdAb3cxTGov_EuYpMSdy1SPI7V6mgaL0rj0SiAc9tjsiaHL-ODepqEixa_ylqUlXqW2NLkTQB_0WUkYUnqu7H3TDf84pOiqYnQyjMUBJwSq6u9hDVPxn,https://lh3.googleusercontent.com/geougc-cs/AB3l90BaLl5xWW5lRrEZxOntmw1yf-Y0Qb-5gGwrGkUziEPfw27a3puzNl-MeYgADJKuglwKHYHyYqers-FPDjTZnCKggVh1wtKXfUmxHPK94n281iaSBYm-iE6-4_0-4Zy6o_7kHrfsf-CG-VY,https://lh3.googleusercontent.com/geougc-cs/AB3l90B59Sh51vKf044rApXLDfl49qGRHZ3Wi-7XB2xSNXCJJInHHZE8BHxloj1vKQA3RezXI_oRHrE__0bg5T5nOh3KvhYzHfxJiBtZXXgmAkTGmjaPmlzYDNt1JbdnCqGMKBbupztAvKz6Lkdw,https://lh3.googleusercontent.com/geougc-cs/AB3l90C-MOMHr-7fReg8JWBIpdlR6wpyAZhUgypWRaIRFCNBpMPxDcYBZAdDFLhbC43ku52-qK8p1io3C4l2edTBjB2Knz8WS92cxWbKmK0iC88swK9qtOreh-j2BZj7qLS8SohvQbqA7mAwIqE,https://lh3.googleusercontent.com/geougc-cs/AB3l90BAfuzudqREHNWvKairrMa6C_5KhRbMwOzg8x6iZukvExineO3Hvu9vTMWqSBwELjow_eRJj5SmgjlxN-6gOiZ7_wQ0JXFEtG1N2-DJw_371oy9GT2dYHxqCnhwBIps6YsrFIZ2K6qZxt_U,,,,,,,,,,,,,,,,,,,,,,,,,,,,,,,,,,,,,,Google,https://www.google.com/maps/reviews/data=!4m8!14m7!1m6!2m5!1sCi9DQUlRQUNvZENodHljRjlvT2pOc056WmZZakJHVWxWemVXazNaMlpDUkhaUmVFRRAB!2m1!1s0x0:0xf0217a90db0ed60!3m1!1s2@1:CAIQACodChtycF9oOjNsNzZfYjBGUlVzeWk3Z2ZCRHZReEE%7C%7C?hl=en,117068163985503000846,61,https://lh3.googleusercontent.com/a/ACg8ocK_xdXXhmtmj1V1Vr1zPymNZQQYJQMWfyJEpP_phSQSZe-15Q=s1920-c-rp-mo-ba3-br100,https://www.google.com/maps/contrib/117068163985503000846?hl=en,640,2025-09-22T01:50:38.650Z,"Direct Detail URL: https://www.google.com/maps/place/Nitmiluk+National+Park/@-14.0873241,132.4944842,17z/data=!4m8!3m7!1s0x2cba874d8faf2b1b:0xf0217a90db0ed60!8m2!3d-14.0873293!4d132.4970591!9m1!1b1!16zL20vMHBzaF8?entry=ttu&g_ep=EgoyMDI1MDkxNy4wIKXMDSoASAFQAw%3D%3D",5,Northern Territory,Gorge Rd,False,"A special place.
You can feel the energy in the rocks.",,Nitmiluk National Park,4.6,,https://www.google.com/maps/search/?api=1&query=Nitmiluk%20National%20Park&query_place_id=ChIJGyuvj02HuiwRYO2wDakXAg8,,Positive
"Gorge Rd, Nitmiluk NT 0852, Australia",National park,National park,1081452875368951136,Nitmiluk,AU,0x2cba874d8faf2b1b:0xf0217a90db0ed60,https://lh3.googleusercontent.com/gps-cs-s/AC9h4nqucVhUkszMsbNFuo8KopTZabjnSZWcFXEu6bbpLr7j96pX5n2DtpNM5HMhPKxB_dYEXN1oartSV04GcL4cwyFKVChCx4WkAQ5JqqEVP0KwuIwdfGvx4IjepBTe6XZCE_hgL5R9ug=w408-h306-k-no,False,True,en,0,-14.0873293,132.4970591,James Harris,,,False,ChIJGyuvj02HuiwRYO2wDakXAg8,852,,2 months ago,2025-07-13T01:46:36.513Z,,,,,,Ci9DQUlRQUNvZENodHljRjlvT2twd04weHJVelp5Y1U1Q1ZHTnpUR0p1VGxWVWRrRRAB,,,,,,,,,,,,,,,,,,,,,,,,,,,,,,,,,,,,,,,,,,,,Google,https://www.google.com/maps/reviews/data=!4m8!14m7!1m6!2m5!1sCi9DQUlRQUNvZENodHljRjlvT2twd04weHJVelp5Y1U1Q1ZHTnpUR0p1VGxWVWRrRRAB!2m1!1s0x0:0xf0217a90db0ed60!3m1!1s2@1:CAIQACodChtycF9oOkpwN0xrUzZycU5CVGNzTGJuTlVUdkE%7C%7C?hl=en,104001134784463015613,182,https://lh3.googleusercontent.com/a-/ALV-UjUrck_3JWqG-tWhVwjFpA7CuWasM2jKoHV0uRPEqlCMfAfE-CBy=s1920-c-rp-mo-ba5-br100,https://www.google.com/maps/contrib/104001134784463015613?hl=en,640,2025-09-22T01:50:38.650Z,"Direct Detail URL: https://www.google.com/maps/place/Nitmiluk+National+Park/@-14.0873241,132.4944842,17z/data=!4m8!3m7!1s0x2cba874d8faf2b1b:0xf0217a90db0ed60!8m2!3d-14.0873293!4d132.4970591!9m1!1b1!16zL20vMHBzaF8?entry=ttu&g_ep=EgoyMDI1MDkxNy4wIKXMDSoASAFQAw%3D%3D",5,Northern Territory,Gorge Rd,False,,,Nitmiluk National Park,4.6,,https://www.google.com/maps/search/?api=1&query=Nitmiluk%20National%20Park&query_place_id=ChIJGyuvj02HuiwRYO2wDakXAg8,,Positive
"Gorge Rd, Nitmiluk NT 0852, Australia",National park,National park,1081452875368951136,Nitmiluk,AU,0x2cba874d8faf2b1b:0xf0217a90db0ed60,https://lh3.googleusercontent.com/gps-cs-s/AC9h4nqucVhUkszMsbNFuo8KopTZabjnSZWcFXEu6bbpLr7j96pX5n2DtpNM5HMhPKxB_dYEXN1oartSV04GcL4cwyFKVChCx4WkAQ5JqqEVP0KwuIwdfGvx4IjepBTe6XZCE_hgL5R9ug=w408-h306-k-no,False,True,en,0,-14.0873293,132.4970591,Pamela Rivers,,en,False,ChIJGyuvj02HuiwRYO2wDakXAg8,852,,2 months ago,2025-07-03T02:19:57.123Z,,,,,,Ci9DQUlRQUNvZENodHljRjlvT2s1TE5FTktlWFF3ZFMxaE5ITkhXVEY1ZWpka1FrRRAB,https://lh3.googleusercontent.com/geougc-cs/AB3l90AkG8wYTY5wW_i4g7x9sUmGaHzRsHWx-f3mdpG6sCjO-zKcK0i0V823ylbCkmh_VV95danD9dPB0l3uXvefyYhYQkSSxcSDjg8PG_zh8tWIpTcEINV3YacHjGvUi-wIkA6GUb-rNSmCq0Y9,https://lh3.googleusercontent.com/geougc-cs/AB3l90CvzG9jxgc39U5mCQBRfDGaY2k-mARVMpCpPAi5s_zwvIs9y9DzdaZImTiu40o5gHV-tJEr1eQFebrbn-rDfrQpXw3ToYs1o0BGbdhkJCT_7UmxfN-22VSUoMsDuPub4GWkfKT4DfXvpBlV,,,,,,,,,,,,,,,,,,,,,,,,,,,,,,,,,,,,,,,,,,Google,https://www.google.com/maps/reviews/data=!4m8!14m7!1m6!2m5!1sCi9DQUlRQUNvZENodHljRjlvT2s1TE5FTktlWFF3ZFMxaE5ITkhXVEY1ZWpka1FrRRAB!2m1!1s0x0:0xf0217a90db0ed60!3m1!1s2@1:CAIQACodChtycF9oOk5LNENKeXQwdS1hNHNHWTF5ejdkQkE%7C%7C?hl=en,110774126151020847958,444,https://lh3.googleusercontent.com/a-/ALV-UjXb1wFWdzlXWqyYqEDYkv6Uehb7cDATNrgABglMtJyifYRhH4cd=s1920-c-rp-mo-ba5-br100,https://www.google.com/maps/contrib/110774126151020847958?hl=en,640,2025-09-22T01:50:38.650Z,"Direct Detail URL: https://www.google.com/maps/place/Nitmiluk+National+Park/@-14.0873241,132.4944842,17z/data=!4m8!3m7!1s0x2cba874d8faf2b1b:0xf0217a90db0ed60!8m2!3d-14.0873293!4d132.4970591!9m1!1b1!16zL20vMHBzaF8?entry=ttu&g_ep=EgoyMDI1MDkxNy4wIKXMDSoASAFQAw%3D%3D",5,Northern Territory,Gorge Rd,False,Enjoyed my time at the park. Nice walks and water holes to see.,,Nitmiluk National Park,4.6,,https://www.google.com/maps/search/?api=1&query=Nitmiluk%20National%20Park&query_place_id=ChIJGyuvj02HuiwRYO2wDakXAg8,,Positive
"Gorge Rd, Nitmiluk NT 0852, Australia",National park,National park,1081452875368951136,Nitmiluk,AU,0x2cba874d8faf2b1b:0xf0217a90db0ed60,https://lh3.googleusercontent.com/gps-cs-s/AC9h4nqucVhUkszMsbNFuo8KopTZabjnSZWcFXEu6bbpLr7j96pX5n2DtpNM5HMhPKxB_dYEXN1oartSV04GcL4cwyFKVChCx4WkAQ5JqqEVP0KwuIwdfGvx4IjepBTe6XZCE_hgL5R9ug=w408-h306-k-no,False,True,en,0,-14.0873293,132.4970591,teo nguyen,,en,False,ChIJGyuvj02HuiwRYO2wDakXAg8,852,,5 months ago,2025-04-14T04:23:38.709Z,,,,,,ChdDSUhNMG9nS0VJQ0FnTURJXy0tUjJBRRAB,https://lh3.googleusercontent.com/geougc-cs/AB3l90CqKMrfgRCqY1vdrs4V877ILVlKQuL64_IlkEeZGi53iF2b6QFmiVJRyLvG2Y_gqzvU4MPUle_xb4Mh4-Mhmt3Ugjtcd7J-UMTZ6d8lEtrcyf8eQQFmO1spt4hDzRYwaJx7Zx51,https://lh3.googleusercontent.com/geougc-cs/AB3l90CSh6Pq3yOrsioeiEeR0T38_xqOiz22G8q_UutJwiAY_dLEoUffgGfgoTYopPBUf9NQQqFvBJ0WRc_VUuwnp4bsyDROnGh-Lq0AoRe5Q7Snrsr4IGStHlWMDH0BI59ou7HTG8AGkg,https://lh3.googleusercontent.com/geougc-cs/AB3l90AZHZ3N1xe-2ezXUa_Au0D5PxvlhyhNuntaNM2gfFZqvf6lEpsOpftV3gXoVYC5h0n6rO6rELTPpMUc8jSDbARhxOkDPhaTcM2sDHlcGK9ka247GOD68EBG7QjaIZ4SRg8L3OE,https://lh3.googleusercontent.com/geougc-cs/AB3l90CziatOTEF_rV2O75pB7KJC4kt2T6LQ7cXaVBXPR0G-or9qxBM3Ro1NGEMIdVYSzY781S3QK96H-PwV1pCFkqk7tqe36X3DubzlscAUpR8SNwiFyngHa3F9_Qmk5zpzogjaThGZpw,https://lh3.googleusercontent.com/geougc-cs/AB3l90CZRos2EyavYZGpstCjXQmcsn5rmHw2wnWRqfnZd2ZeaO2-HXcJY51eiGMaR9eRR-4xe7fLCTOXhNrKQkTMnYmeYQJkyVp9AkDVPLNL-W6R6EZr6bQXjIpuL7R_X18W-mhL8fXx,https://lh3.googleusercontent.com/geougc-cs/AB3l90Bp-mdheaOab6IToZ66RuLobQhn38buxOgv08TU_102N_OgnGdV_2ZAfzwegPcq97vl4jkN2SBYskeg3Kp4Zqq58RMbzDw4jNMq1aC4b_BebgKZ6vwfI83NYvBPcnHR2RTiabndZQ,https://lh3.googleusercontent.com/geougc-cs/AB3l90A6nBsq4RJQaHCwzBcYL6yCeKbe7q56Rwm1ovYG6aHttzR19aKFXlUzkgFB-mwPLF2j33hE5uQ3p-UKO0OAb_rjLSggGZsn21yKoJ-8ri4JR7LnYMSX-yUVF0yqX_geePV6cIvi,https://lh3.googleusercontent.com/geougc-cs/AB3l90CyHpzKBA6RzVWpg0ws19IbdOSPX8MigQ7DP_R-sryi-epL3kQMedBA_mSfL_PzvK_BdLx_K2F7Xxfsv9VNwBVI9GGebsYik30Ak_dwQtPme979Wz2Onki9tUVtklgFAhgulLOa,https://lh3.googleusercontent.com/geougc-cs/AB3l90CSaNXt1m_8cjMrrYxrWY61QOwGpKPU3bREhjUG4Eel6Gf7GL67RHIu3Qvz2UETe4qqc1bN67VffNjXbMs7s76RiOsiPOO84604tuW5dQMU9Tvq7KVteFwnKTQVpwSgXDhWlj4,https://lh3.googleusercontent.com/geougc-cs/AB3l90BQPglEZvhDDqz6LgZ281zwBaJmknbyD45dpbpB6oHgMIXVV_jHjHQny0U0FQJTOBQp51hehFPxR2k3jooNFuXHwEqpI5Rdcz4axBMMfKnnfSapG-ntlpgCxbkRgVCNRBmj65lr,https://lh3.googleusercontent.com/geougc-cs/AB3l90CAnogE7uF1OYHCOgy4iXKZDynJejIl1GfGZ2IhfcY-pFmA_GKV0WGLXIooCUYTtmh6dgUnIcXGEvCrx1VWfgewCT0Q7xmngIYRPsnhvpvsLz6PAR5JVHtPnIzq3YoYQyr_DiGp,https://lh3.googleusercontent.com/geougc-cs/AB3l90DWt6mDLcZoIqzyxX1Cl6lAt__EabCC5uPn0U_Z5hA4cma_Way8IJJmvD4sRsavLJeQkKIWaNsqYAsCdSmwxlD6HGc-cKVrKIewPiTOXd0S_Bk_evX56c7MQM6dzRwmAbOrYjy14g,https://lh3.googleusercontent.com/geougc-cs/AB3l90CFD_DVeabelS-eIs-e1j4KePIaeR6SqjNNnrKDICA5IohiK6RyMSs-McwY_T3hg2lR-GSWa9wuYjfWhV_cMWbBUFbD1cGMdXQxQ1-ZebHiFGyIQLcXsnADlNZoThlrYvZJ90-3,https://lh3.googleusercontent.com/geougc-cs/AB3l90DDvzBaBCFQavulEC6u_VAsR-LaXhgT8TZ4-TipGPJn1hLHZsvPwetP99AT-4JEvB9AzFSjhJB4MwdN4XoZPs0kAIFiEbAnN9gLplmWNU0YqKK06QEc0vsGXXELfraV60Zymve3,https://lh3.googleusercontent.com/geougc-cs/AB3l90CEcelUiYHJeQRgKx5jely2FCWMXw0o-MtT33DkagsnhbpMAG41lCIRDB-A7XHkx9eHTyfPCiqdRdHkDhAfvYgegNLlLNwt8PHDdmkx0uOy6xhedc8je2E0G9YSb1TG1RCaGp1Q,https://lh3.googleusercontent.com/geougc-cs/AB3l90ATBwq7-vNEgR6NGd7tWNDA1s1F3oYPUYqE0Et5GVGF2zkTuq5SzJimq4iFQRWDZ5yOsRnM68j4s8pwA6FtGWpZddmWroaLqA_KEHapyfR-n32XIedXlscrd_sGvh9ar2EwkxNEkA,https://lh3.googleusercontent.com/geougc-cs/AB3l90ANV1qL_b_AE-XxUUBLCV_Z-WQCxcX0sPZTk-BtBeL3WRVATWZTuvgwcXajT2ffPiMzPiPo_7K-lwC1NWbpDRtaAucpKuLMBXyOxr1XkvAnZYZCIMoHMYRRPoUmEWJZZU_GZBYc,https://lh3.googleusercontent.com/geougc-cs/AB3l90A2xcXx5SyEy0xrvzq_gRK7vLVsU5fLIU-zDn0UA7RhB-0pjjvP6OGqxkbAJw85y7Z5juUUEPTBxQhLZcReJYZ50FCjLuvZBVt-eq4FBDUgHm5AwrtlX1h21y0Qu_ECPUQW8csjCQ,https://lh3.googleusercontent.com/geougc-cs/AB3l90BitxGPpv7o19qS4tWZeelSHwtYGt1yRPgA0l1dtORGzj4nDjEXJy0xOZ1Qw2-b1oBJ2G7tvW5obvQFxBIVnhCPgATJcw5lVGM4BMcIRHcpfSh9GubzI2oBfx8JG4CksKNWt-Tn,https://lh3.googleusercontent.com/geougc-cs/AB3l90Ct-YLsFIe12vHvw_o3gaOg5ZOE4ijgHsJnSuQDDgw1zAvHZlnCwJxuqbJeG3ZyRn8pr7-DIdVxO83FyTC5LrzLaLqb2WJ1GV5FCAQBDhOh-yVQGyLim5A6QcVIDMBYgs3DJkC2AA,https://lh3.googleusercontent.com/geougc-cs/AB3l90DQ0z4foYuAznGbb-MXFKyvzp4_X7kEuJl1AjxYRXpX_lDikaROq3anpDXXjQ1szYpnPEu_SkTzypIEyiKVNf_ZjSya11RQC1jW0WVHJRJajlFCXQ1blYqspqINjFHPFpwlsPwE,https://lh3.googleusercontent.com/geougc-cs/AB3l90BotiFaAnNwuWinDDK1KcGi1IIh1cAjLq7zoM0RJF6XyV33ao0xPW1Eh1ULs3PxFv2R2LWBaTjpvS-sD-dMf8keU8rmQ-wjhyCvOeil8266af1g8I1xTIQWs_TwpJSdzLPQSWdOwA,https://lh3.googleusercontent.com/geougc-cs/AB3l90B3ScJiOJZv-5IHMbe9TzAFfh-F6dt14Eq2NgTMxHf0yvgVhmfJqk6iOqmlNMQkyHF0kHugBJahwLPJUK-EPD99eyUdn2AVZqfJAuLeej6iPGlMU5e1_iADfzCDhoEJbOydE_-E,https://lh3.googleusercontent.com/geougc-cs/AB3l90AZQ2a-RnMQBNv9PmG9Ph2TPQFc1t0coi9Fqfd6AvlVpNhQuhqNEHZK882ynH4F8oAjPp5LRoa2DJCQ3ombywfEUHSkzYJOdTo70z9_cVy9aXEcWOBwUlna3ExItj4hpR0OvbUs4g,https://lh3.googleusercontent.com/geougc-cs/AB3l90AXdIxZIORBjBU6WYOGmF_mOe4dt2bpQgHoG2CIdUk1VbOXXVcdnQghGk1AoKiRddAmfO7mOTq8MzNED5OrDFu2dGvcgsXxRxk6UrGRiXcrbjBfzHvwum5Sg0MIZqo9MXVn0y4m,https://lh3.googleusercontent.com/geougc-cs/AB3l90Bqu53F7wwxyazit08IE7r3Ekf2r1M2KCEqfRzGCJcQ3X9u2XpZefkv5CE6SA9mY2htsFHquhBNN3ulV4jGMi8C4EufOjtcA4V5Z5QH6n_GOy-_D1_DSVDt8A5tlnLx4Jn6DLQfWw,https://lh3.googleusercontent.com/geougc-cs/AB3l90B9J5-olb_T4RNsNfzVbzrgDAaC-zCELddDjVZ4QH5FRgtJkHuV18Wpov1sDIUVIIOZ-G6dYAGBgcMbT7CzOvxAF-4og6sX3Ib1GecR43xF4i7pGq7nN-mmCVlwUv2sIHCda9KX,https://lh3.googleusercontent.com/geougc-cs/AB3l90D1pbvCzCjb68flGo7WRqYgDnNFPa9Zh7viPy4ib0dR1GIiVworL3d8RU24BXmWE5NtU-nL_zBiFPDjJdorrGmNS8eNPVvMBP_cW4GwP3yelZrxO3--rbOsNxJ4b1f1xBxvFDs0jg,,,,,,,,,,,,,,,,Google,https://www.google.com/maps/reviews/data=!4m8!14m7!1m6!2m5!1sChdDSUhNMG9nS0VJQ0FnTURJXy0tUjJBRRAB!2m1!1s0x0:0xf0217a90db0ed60!3m1!1s2@1:CIHM0ogKEICAgMDI_--R2AE%7C%7C?hl=en,109535920970313806275,208,https://lh3.googleusercontent.com/a/ACg8ocJ5BIriFWoHjM4gqf0SpoJ9WitPnGTvvUHw9lZQsj1KzEK4Gg=s1920-c-rp-mo-ba5-br100,https://www.google.com/maps/contrib/109535920970313806275?hl=en,640,2025-09-22T01:50:38.650Z,"Direct Detail URL: https://www.google.com/maps/place/Nitmiluk+National+Park/@-14.0873241,132.4944842,17z/data=!4m8!3m7!1s0x2cba874d8faf2b1b:0xf0217a90db0ed60!8m2!3d-14.0873293!4d132.4970591!9m1!1b1!16zL20vMHBzaF8?entry=ttu&g_ep=EgoyMDI1MDkxNy4wIKXMDSoASAFQAw%3D%3D",5,Northern Territory,Gorge Rd,False,"Nitmiluk National Park is an unforgettable stop—we camped there for three nights and had an amazing time exploring the region. We went hiking, kayaking through the stunning gorges, and even tried to spot freshwater crocs (no luck, but still a thrill!). The landscapes are breathtaking and the park is well set up for visitors. Highly recommended for anyone looking to experience the Top End’s natural beauty.",,Nitmiluk National Park,4.6,,https://www.google.com/maps/search/?api=1&query=Nitmiluk%20National%20Park&query_place_id=ChIJGyuvj02HuiwRYO2wDakXAg8,,Positive
"Gorge Rd, Nitmiluk NT 0852, Australia",National park,National park,1081452875368951136,Nitmiluk,AU,0x2cba874d8faf2b1b:0xf0217a90db0ed60,https://lh3.googleusercontent.com/gps-cs-s/AC9h4nqucVhUkszMsbNFuo8KopTZabjnSZWcFXEu6bbpLr7j96pX5n2DtpNM5HMhPKxB_dYEXN1oartSV04GcL4cwyFKVChCx4WkAQ5JqqEVP0KwuIwdfGvx4IjepBTe6XZCE_hgL5R9ug=w408-h306-k-no,False,True,en,0,-14.0873293,132.4970591,Anna Kwiat,,en,False,ChIJGyuvj02HuiwRYO2wDakXAg8,852,,8 months ago,2025-01-03T01:31:39.422Z,,,,,,ChdDSUhNMG9nS0VJQ0FnSUNmMzV5QWtBRRAB,https://lh3.googleusercontent.com/geougc-cs/AB3l90AzKv8fV6mWQS-mS-BnHp7WG2QtnqyIEqu1P1CHxWYmgaF6AexVx4MNla3KLBsQbnjKnRKJ5dAx2l7Oqhyya4PGoWSfI3zjKnPg7mZIMT4wwazxc7DdWUoAHJiIQqPMs9eAVok,https://lh3.googleusercontent.com/geougc-cs/AB3l90AO8G4dw3nhA9-q2__7QX5qGmHerbo-kmF2otkIwIBm0foyP7Vz49th228r5n56EAFrgGqWvwvxOlejbDDs1em6FS8eHDVV9_6bydWML44jBf9cpMMyMXs4C6e5MjmBkdWUpMGCUA,,,,,,,,,,,,,,,,,,,,,,,,,,,,,,,,,,,,,,,,,,Google,https://www.google.com/maps/reviews/data=!4m8!14m7!1m6!2m5!1sChdDSUhNMG9nS0VJQ0FnSUNmMzV5QWtBRRAB!2m1!1s0x0:0xf0217a90db0ed60!3m1!1s2@1:CIHM0ogKEICAgICf35yAkAE%7C%7C?hl=en,113906402989790548608,115,https://lh3.googleusercontent.com/a-/ALV-UjUqfVs4fjSQrC98Qc0rolfK4_pAiJ4iUlgEExLZrEdca4D1l9_x=s1920-c-rp-mo-ba5-br100,https://www.google.com/maps/contrib/113906402989790548608?hl=en,640,2025-09-22T01:50:38.650Z,"Direct Detail URL: https://www.google.com/maps/place/Nitmiluk+National+Park/@-14.0873241,132.4944842,17z/data=!4m8!3m7!1s0x2cba874d8faf2b1b:0xf0217a90db0ed60!8m2!3d-14.0873293!4d132.4970591!9m1!1b1!16zL20vMHBzaF8?entry=ttu&g_ep=EgoyMDI1MDkxNy4wIKXMDSoASAFQAw%3D%3D",5,Northern Territory,Gorge Rd,False,Amazing place to visit.  I will be back soon .,,Nitmiluk National Park,4.6,,https://www.google.com/maps/search/?api=1&query=Nitmiluk%20National%20Park&query_place_id=ChIJGyuvj02HuiwRYO2wDakXAg8,,Positive
"Gorge Rd, Nitmiluk NT 0852, Australia",National park,National park,1081452875368951136,Nitmiluk,AU,0x2cba874d8faf2b1b:0xf0217a90db0ed60,https://lh3.googleusercontent.com/gps-cs-s/AC9h4nqucVhUkszMsbNFuo8KopTZabjnSZWcFXEu6bbpLr7j96pX5n2DtpNM5HMhPKxB_dYEXN1oartSV04GcL4cwyFKVChCx4WkAQ5JqqEVP0KwuIwdfGvx4IjepBTe6XZCE_hgL5R9ug=w408-h306-k-no,False,True,en,0,-14.0873293,132.4970591,Jenneane Bevan,,,False,ChIJGyuvj02HuiwRYO2wDakXAg8,852,,10 months ago,2024-10-29T03:52:12.505Z,,,,,,ChdDSUhNMG9nS0VJQ0FnSURYcWQ3NDNnRRAB,,,,,,,,,,,,,,,,,,,,,,,,,,,,,,,,,,,,,,,,,,,,Google,https://www.google.com/maps/reviews/data=!4m8!14m7!1m6!2m5!1sChdDSUhNMG9nS0VJQ0FnSURYcWQ3NDNnRRAB!2m1!1s0x0:0xf0217a90db0ed60!3m1!1s2@1:CIHM0ogKEICAgIDXqd743gE%7C%7C?hl=en,107017133719244429012,6,https://lh3.googleusercontent.com/a-/ALV-UjW5UmZ5aH25qcHY0rTYNzhWbpO7oHNSF0CwHZOTgOKPEqdw9UVp=s1920-c-rp-mo-ba2-br100,https://www.google.com/maps/contrib/107017133719244429012?hl=en,640,2025-09-22T01:50:38.650Z,"Direct Detail URL: https://www.google.com/maps/place/Nitmiluk+National+Park/@-14.0873241,132.4944842,17z/data=!4m8!3m7!1s0x2cba874d8faf2b1b:0xf0217a90db0ed60!8m2!3d-14.0873293!4d132.4970591!9m1!1b1!16zL20vMHBzaF8?entry=ttu&g_ep=EgoyMDI1MDkxNy4wIKXMDSoASAFQAw%3D%3D",5,Northern Territory,Gorge Rd,False,,,Nitmiluk National Park,4.6,,https://www.google.com/maps/search/?api=1&query=Nitmiluk%20National%20Park&query_place_id=ChIJGyuvj02HuiwRYO2wDakXAg8,,Positive
"Gorge Rd, Nitmiluk NT 0852, Australia",National park,National park,1081452875368951136,Nitmiluk,AU,0x2cba874d8faf2b1b:0xf0217a90db0ed60,https://lh3.googleusercontent.com/gps-cs-s/AC9h4nqucVhUkszMsbNFuo8KopTZabjnSZWcFXEu6bbpLr7j96pX5n2DtpNM5HMhPKxB_dYEXN1oartSV04GcL4cwyFKVChCx4WkAQ5JqqEVP0KwuIwdfGvx4IjepBTe6XZCE_hgL5R9ug=w408-h306-k-no,False,True,en,0,-14.0873293,132.4970591,CS Chin,,zh,False,ChIJGyuvj02HuiwRYO2wDakXAg8,852,,11 months ago,2024-10-09T00:25:52.297Z,,,,,,ChZDSUhNMG9nS0VJQ0FnSURuOWZIekFREAE,https://lh3.googleusercontent.com/geougc-cs/AB3l90CrR8w6c7vAw0rL80HQQCDIUkC3DPgxBgN6Gza1FqjolKHr9IcNZCOqEYY39Bu3uo3R_3ZyaoMnxqupt1X4zgPRVsk8cfcEvbNhUtlpvyIaEUi0M1R_LP8GO9cLTJZg1txH9uFN,https://lh3.googleusercontent.com/geougc-cs/AB3l90B0qXAFahBlOCULyksjt-AgqgqTouMg6PVIJWkIQogg2LlNrF5yczRFJPI7ETV8WoCJHG-PhHXIX3Lrg3Ep24quX4JDvLTkA9Vq21mD99ksWYxKNB8CNYoAOnD7yBYhIDe8npsSug,https://lh3.googleusercontent.com/geougc-cs/AB3l90DymAVNvDtqoFnVO7wyrAr5YOfd7cB7BLSJEm4oHuv6nF56WZ5v3qmAzolNTgpbWJP1vjhBbnm5afWO5iVj-LwE3ezp1pXF5mvwoQdefgH01ElkK00ajltYUT_8qekwRNM5dPo,,,,,,,,,,,,,,,,,,,,,,,,,,,,,,,,,,,,,,,,,Google,https://www.google.com/maps/reviews/data=!4m8!14m7!1m6!2m5!1sChZDSUhNMG9nS0VJQ0FnSURuOWZIekFREAE!2m1!1s0x0:0xf0217a90db0ed60!3m1!1s2@1:CIHM0ogKEICAgIDn9fHzAQ%7C%7C?hl=en,107322878028938092689,31,https://lh3.googleusercontent.com/a-/ALV-UjXT5WSK65UABdiwyS9E3SZr7K6gGHIOCE6mWx2OSCjkxSR8eOx1Iw=s1920-c-rp-mo-ba4-br100,https://www.google.com/maps/contrib/107322878028938092689?hl=en,640,2025-09-22T01:50:38.650Z,"Direct Detail URL: https://www.google.com/maps/place/Nitmiluk+National+Park/@-14.0873241,132.4944842,17z/data=!4m8!3m7!1s0x2cba874d8faf2b1b:0xf0217a90db0ed60!8m2!3d-14.0873293!4d132.4970591!9m1!1b1!16zL20vMHBzaF8?entry=ttu&g_ep=EgoyMDI1MDkxNy4wIKXMDSoASAFQAw%3D%3D",5,Northern Territory,Gorge Rd,False,Superb and magnificent scenery. Highly recommended if you love the nature of the Australian outback. 非常漂亮的大自然美景.值得推荐给喜欢大自然的旅客👍👍,Superb and magnificent scenery. Highly recommended if you love the nature of the Australian outback. Very beautiful natural scenery. Worth recommending to travelers who love nature👍👍,Nitmiluk National Park,4.6,en,https://www.google.com/maps/search/?api=1&query=Nitmiluk%20National%20Park&query_place_id=ChIJGyuvj02HuiwRYO2wDakXAg8,,Positive
"Gorge Rd, Nitmiluk NT 0852, Australia",National park,National park,1081452875368951136,Nitmiluk,AU,0x2cba874d8faf2b1b:0xf0217a90db0ed60,https://lh3.googleusercontent.com/gps-cs-s/AC9h4nqucVhUkszMsbNFuo8KopTZabjnSZWcFXEu6bbpLr7j96pX5n2DtpNM5HMhPKxB_dYEXN1oartSV04GcL4cwyFKVChCx4WkAQ5JqqEVP0KwuIwdfGvx4IjepBTe6XZCE_hgL5R9ug=w408-h306-k-no,False,True,en,0,-14.0873293,132.4970591,Carol Ryan,,en,False,ChIJGyuvj02HuiwRYO2wDakXAg8,852,,11 months ago,2024-10-02T03:43:33.506Z,,,,,,ChdDSUhNMG9nS0VJQ0FnSURuNExqSzRnRRAB,,,,,,,,,,,,,,,,,,,,,,,,,,,,,,,,,,,,,,,,,,,,Google,https://www.google.com/maps/reviews/data=!4m8!14m7!1m6!2m5!1sChdDSUhNMG9nS0VJQ0FnSURuNExqSzRnRRAB!2m1!1s0x0:0xf0217a90db0ed60!3m1!1s2@1:CIHM0ogKEICAgIDn4LjK4gE%7C%7C?hl=en,112188164852368297813,458,https://lh3.googleusercontent.com/a/ACg8ocIvaD_c9FbvJfpfwI3zJL346VEIYC98CNWdBarQ6KN3xk1nZA=s1920-c-rp-mo-ba5-br100,https://www.google.com/maps/contrib/112188164852368297813?hl=en,640,2025-09-22T01:50:38.650Z,"Direct Detail URL: https://www.google.com/maps/place/Nitmiluk+National+Park/@-14.0873241,132.4944842,17z/data=!4m8!3m7!1s0x2cba874d8faf2b1b:0xf0217a90db0ed60!8m2!3d-14.0873293!4d132.4970591!9m1!1b1!16zL20vMHBzaF8?entry=ttu&g_ep=EgoyMDI1MDkxNy4wIKXMDSoASAFQAw%3D%3D",5,Northern Territory,Gorge Rd,False,What a stunning place really enjoyed hearing about the history.,,Nitmiluk National Park,4.6,,https://www.google.com/maps/search/?api=1&query=Nitmiluk%20National%20Park&query_place_id=ChIJGyuvj02HuiwRYO2wDakXAg8,,Positive
"Gorge Rd, Nitmiluk NT 0852, Australia",National park,National park,1081452875368951136,Nitmiluk,AU,0x2cba874d8faf2b1b:0xf0217a90db0ed60,https://lh3.googleusercontent.com/gps-cs-s/AC9h4nqucVhUkszMsbNFuo8KopTZabjnSZWcFXEu6bbpLr7j96pX5n2DtpNM5HMhPKxB_dYEXN1oartSV04GcL4cwyFKVChCx4WkAQ5JqqEVP0KwuIwdfGvx4IjepBTe6XZCE_hgL5R9ug=w408-h306-k-no,False,True,en,0,-14.0873293,132.4970591,Sachit Kafle,,en,False,ChIJGyuvj02HuiwRYO2wDakXAg8,852,,11 months ago,2024-10-01T07:47:56.876Z,,,,,,ChdDSUhNMG9nS0VJQ0FnSUNuajkzSHFnRRAB,,,,,,,,,,,,,,,,,,,,,,,,,,,,,,,,,,,,,,,,,,,,Google,https://www.google.com/maps/reviews/data=!4m8!14m7!1m6!2m5!1sChdDSUhNMG9nS0VJQ0FnSUNuajkzSHFnRRAB!2m1!1s0x0:0xf0217a90db0ed60!3m1!1s2@1:CIHM0ogKEICAgICnj93HqgE%7C%7C?hl=en,103062830615829947568,49,https://lh3.googleusercontent.com/a/ACg8ocJDZ00OwwqYbTy02I12r031Yt_c_DkF_h4xZVqsSS7aqJmtOZU=s1920-c-rp-mo-ba3-br100,https://www.google.com/maps/contrib/103062830615829947568?hl=en,640,2025-09-22T01:50:38.650Z,"Direct Detail URL: https://www.google.com/maps/place/Nitmiluk+National+Park/@-14.0873241,132.4944842,17z/data=!4m8!3m7!1s0x2cba874d8faf2b1b:0xf0217a90db0ed60!8m2!3d-14.0873293!4d132.4970591!9m1!1b1!16zL20vMHBzaF8?entry=ttu&g_ep=EgoyMDI1MDkxNy4wIKXMDSoASAFQAw%3D%3D",5,Northern Territory,Gorge Rd,False,Best place to escape on a short holiday.,,Nitmiluk National Park,4.6,,https://www.google.com/maps/search/?api=1&query=Nitmiluk%20National%20Park&query_place_id=ChIJGyuvj02HuiwRYO2wDakXAg8,,Positive
"Gorge Rd, Nitmiluk NT 0852, Australia",National park,National park,1081452875368951136,Nitmiluk,AU,0x2cba874d8faf2b1b:0xf0217a90db0ed60,https://lh3.googleusercontent.com/gps-cs-s/AC9h4nqucVhUkszMsbNFuo8KopTZabjnSZWcFXEu6bbpLr7j96pX5n2DtpNM5HMhPKxB_dYEXN1oartSV04GcL4cwyFKVChCx4WkAQ5JqqEVP0KwuIwdfGvx4IjepBTe6XZCE_hgL5R9ug=w408-h306-k-no,False,False,en,0,-14.0873293,132.4970591,Kathryn Phelan,,,False,ChIJGyuvj02HuiwRYO2wDakXAg8,852,,a year ago,2024-09-07T08:37:42.898Z,,,,,,ChdDSUhNMG9nS0VJQ0FnSUNIdGJpYnZ3RRAB,,,,,,,,,,,,,,,,,,,,,,,,,,,,,,,,,,,,,,,,,,,,Google,https://www.google.com/maps/reviews/data=!4m8!14m7!1m6!2m5!1sChdDSUhNMG9nS0VJQ0FnSUNIdGJpYnZ3RRAB!2m1!1s0x0:0xf0217a90db0ed60!3m1!1s2@1:CIHM0ogKEICAgICHtbibvwE%7C%7C?hl=en,117566763763648592235,3,https://lh3.googleusercontent.com/a/ACg8ocK-oA_J5QT5ZIvZUSq4obyXDGA5a87wJNujKvoyPLTHOKORew=s1920-c-rp-mo-br100,https://www.google.com/maps/contrib/117566763763648592235?hl=en,640,2025-09-22T01:50:38.650Z,"Direct Detail URL: https://www.google.com/maps/place/Nitmiluk+National+Park/@-14.0873241,132.4944842,17z/data=!4m8!3m7!1s0x2cba874d8faf2b1b:0xf0217a90db0ed60!8m2!3d-14.0873293!4d132.4970591!9m1!1b1!16zL20vMHBzaF8?entry=ttu&g_ep=EgoyMDI1MDkxNy4wIKXMDSoASAFQAw%3D%3D",5,Northern Territory,Gorge Rd,False,,,Nitmiluk National Park,4.6,,https://www.google.com/maps/search/?api=1&query=Nitmiluk%20National%20Park&query_place_id=ChIJGyuvj02HuiwRYO2wDakXAg8,,Positive
"Gorge Rd, Nitmiluk NT 0852, Australia",National park,National park,1081452875368951136,Nitmiluk,AU,0x2cba874d8faf2b1b:0xf0217a90db0ed60,https://lh3.googleusercontent.com/gps-cs-s/AC9h4nqucVhUkszMsbNFuo8KopTZabjnSZWcFXEu6bbpLr7j96pX5n2DtpNM5HMhPKxB_dYEXN1oartSV04GcL4cwyFKVChCx4WkAQ5JqqEVP0KwuIwdfGvx4IjepBTe6XZCE_hgL5R9ug=w408-h306-k-no,False,True,en,0,-14.0873293,132.4970591,Ryan Willmot,,en,False,ChIJGyuvj02HuiwRYO2wDakXAg8,852,,a year ago,2024-09-01T10:21:32.020Z,,,,,Clean. No lights for after dark though,ChZDSUhNMG9nS0VJQ0FnSUNIcEw2REx3EAE,,,,,,,,,,,,,,,,,,,,,,,,,,,,,,,,,,,,,,,,,,,,Google,https://www.google.com/maps/reviews/data=!4m8!14m7!1m6!2m5!1sChZDSUhNMG9nS0VJQ0FnSUNIcEw2REx3EAE!2m1!1s0x0:0xf0217a90db0ed60!3m1!1s2@1:CIHM0ogKEICAgICHpL6DLw%7C%7C?hl=en,111305554796184409157,22,https://lh3.googleusercontent.com/a-/ALV-UjXJJKtTvUi9tTw8lugvbmZUB4-YO2H4iIUJBvNugbM4TYfV1y6AdA=s1920-c-rp-mo-ba2-br100,https://www.google.com/maps/contrib/111305554796184409157?hl=en,640,2025-09-22T01:50:38.650Z,"Direct Detail URL: https://www.google.com/maps/place/Nitmiluk+National+Park/@-14.0873241,132.4944842,17z/data=!4m8!3m7!1s0x2cba874d8faf2b1b:0xf0217a90db0ed60!8m2!3d-14.0873293!4d132.4970591!9m1!1b1!16zL20vMHBzaF8?entry=ttu&g_ep=EgoyMDI1MDkxNy4wIKXMDSoASAFQAw%3D%3D",5,Northern Territory,Gorge Rd,False,It is such an amazing part of the world,,Nitmiluk National Park,4.6,,https://www.google.com/maps/search/?api=1&query=Nitmiluk%20National%20Park&query_place_id=ChIJGyuvj02HuiwRYO2wDakXAg8,,Positive
"Gorge Rd, Nitmiluk NT 0852, Australia",National park,National park,1081452875368951136,Nitmiluk,AU,0x2cba874d8faf2b1b:0xf0217a90db0ed60,https://lh3.googleusercontent.com/gps-cs-s/AC9h4nqucVhUkszMsbNFuo8KopTZabjnSZWcFXEu6bbpLr7j96pX5n2DtpNM5HMhPKxB_dYEXN1oartSV04GcL4cwyFKVChCx4WkAQ5JqqEVP0KwuIwdfGvx4IjepBTe6XZCE_hgL5R9ug=w408-h306-k-no,False,False,en,0,-14.0873293,132.4970591,Dawn Haskell,,en,False,ChIJGyuvj02HuiwRYO2wDakXAg8,852,,a year ago,2024-08-16T07:30:05.793Z,,,,,,ChZDSUhNMG9nS0VJQ0FnSUM3Z1l6bUtnEAE,,,,,,,,,,,,,,,,,,,,,,,,,,,,,,,,,,,,,,,,,,,,Google,https://www.google.com/maps/reviews/data=!4m8!14m7!1m6!2m5!1sChZDSUhNMG9nS0VJQ0FnSUM3Z1l6bUtnEAE!2m1!1s0x0:0xf0217a90db0ed60!3m1!1s2@1:CIHM0ogKEICAgIC7gYzmKg%7C%7C?hl=en,112554906225400707954,9,https://lh3.googleusercontent.com/a/ACg8ocLXqGH3QXmGaOSFLdHrfYoFxVwXesNvQWauhN1uzRxcL1pyZg=s1920-c-rp-mo-br100,https://www.google.com/maps/contrib/112554906225400707954?hl=en,640,2025-09-22T01:50:38.650Z,"Direct Detail URL: https://www.google.com/maps/place/Nitmiluk+National+Park/@-14.0873241,132.4944842,17z/data=!4m8!3m7!1s0x2cba874d8faf2b1b:0xf0217a90db0ed60!8m2!3d-14.0873293!4d132.4970591!9m1!1b1!16zL20vMHBzaF8?entry=ttu&g_ep=EgoyMDI1MDkxNy4wIKXMDSoASAFQAw%3D%3D",5,Northern Territory,Gorge Rd,False,Awesome!,,Nitmiluk National Park,4.6,,https://www.google.com/maps/search/?api=1&query=Nitmiluk%20National%20Park&query_place_id=ChIJGyuvj02HuiwRYO2wDakXAg8,,Positive
"Gorge Rd, Nitmiluk NT 0852, Australia",National park,National park,1081452875368951136,Nitmiluk,AU,0x2cba874d8faf2b1b:0xf0217a90db0ed60,https://lh3.googleusercontent.com/gps-cs-s/AC9h4nqucVhUkszMsbNFuo8KopTZabjnSZWcFXEu6bbpLr7j96pX5n2DtpNM5HMhPKxB_dYEXN1oartSV04GcL4cwyFKVChCx4WkAQ5JqqEVP0KwuIwdfGvx4IjepBTe6XZCE_hgL5R9ug=w408-h306-k-no,False,True,en,0,-14.0873293,132.4970591,Phil Malone,,en,False,ChIJGyuvj02HuiwRYO2wDakXAg8,852,,a year ago,2024-07-24T04:25:38.725Z,,,,,,ChdDSUhNMG9nS0VJQ0FnSUNiekppYTRRRRAB,https://lh3.googleusercontent.com/geougc-cs/AB3l90C78-nnkQZx7UB3YDB3PCwpKf6By2_ocFyyr17TOgv0aWSeiQaYoFCdYqwPmkPulv51rYEyFfLf-qHAgAbuqlmkCibe6O4qXpLogYiCva8Wo5Cpwj0vn7a1_GHOidFiXaKDS3Hr,https://lh3.googleusercontent.com/geougc-cs/AB3l90C5_NP6qqLr3yWqrmI8biTFVOnbGVRZG_EtkSdzIH0upDqLnXXAqYw-1JV9Uk5gvYAYM50gKpRLxQSefnLyIcFeh6PAaPMwWji97umkGTilVwsQdkLg7jNo6MZPZr9a6Ca9wqqo,,,,,,,,,,,,,,,,,,,,,,,,,,,,,,,,,,,,,,,,,,Google,https://www.google.com/maps/reviews/data=!4m8!14m7!1m6!2m5!1sChdDSUhNMG9nS0VJQ0FnSUNiekppYTRRRRAB!2m1!1s0x0:0xf0217a90db0ed60!3m1!1s2@1:CIHM0ogKEICAgICbzJia4QE%7C%7C?hl=en,117293750823321893519,360,https://lh3.googleusercontent.com/a-/ALV-UjUwDhrWnqcAgF5o2qM1gK8vseo_fHrJsmwv-RPjYL-wzhuVvgSs4Q=s1920-c-rp-mo-ba5-br100,https://www.google.com/maps/contrib/117293750823321893519?hl=en,640,2025-09-22T01:50:38.650Z,"Direct Detail URL: https://www.google.com/maps/place/Nitmiluk+National+Park/@-14.0873241,132.4944842,17z/data=!4m8!3m7!1s0x2cba874d8faf2b1b:0xf0217a90db0ed60!8m2!3d-14.0873293!4d132.4970591!9m1!1b1!16zL20vMHBzaF8?entry=ttu&g_ep=EgoyMDI1MDkxNy4wIKXMDSoASAFQAw%3D%3D",5,Northern Territory,Gorge Rd,False,"Stunning gorge for cliff scenery and photographing brilliant colour mixes as the sun hits the rocks. It's a 30 minute drive out of Katherine but absolutely worth it as a side trip. Also, the guides are great with down-to-earth humour.",,Nitmiluk National Park,4.6,,https://www.google.com/maps/search/?api=1&query=Nitmiluk%20National%20Park&query_place_id=ChIJGyuvj02HuiwRYO2wDakXAg8,,Positive
"Gorge Rd, Nitmiluk NT 0852, Australia",National park,National park,1081452875368951136,Nitmiluk,AU,0x2cba874d8faf2b1b:0xf0217a90db0ed60,https://lh3.googleusercontent.com/gps-cs-s/AC9h4nqucVhUkszMsbNFuo8KopTZabjnSZWcFXEu6bbpLr7j96pX5n2DtpNM5HMhPKxB_dYEXN1oartSV04GcL4cwyFKVChCx4WkAQ5JqqEVP0KwuIwdfGvx4IjepBTe6XZCE_hgL5R9ug=w408-h306-k-no,False,True,en,0,-14.0873293,132.4970591,Paul Bishop,,en,False,ChIJGyuvj02HuiwRYO2wDakXAg8,852,,a year ago,2024-07-23T10:22:54.104Z,,,,,,ChZDSUhNMG9nS0VJQ0FnSUNiaExxbU9REAE,,,,,,,,,,,,,,,,,,,,,,,,,,,,,,,,,,,,,,,,,,,,Google,https://www.google.com/maps/reviews/data=!4m8!14m7!1m6!2m5!1sChZDSUhNMG9nS0VJQ0FnSUNiaExxbU9REAE!2m1!1s0x0:0xf0217a90db0ed60!3m1!1s2@1:CIHM0ogKEICAgICbhLqmOQ%7C%7C?hl=en,106654671075328169902,14,https://lh3.googleusercontent.com/a-/ALV-UjWbAwqZff7uAEkfWmk2PwRuD1E-Ec8Lcuf0ZIbR68SVWT4VwIE=s1920-c-rp-mo-ba2-br100,https://www.google.com/maps/contrib/106654671075328169902?hl=en,640,2025-09-22T01:50:38.650Z,"Direct Detail URL: https://www.google.com/maps/place/Nitmiluk+National+Park/@-14.0873241,132.4944842,17z/data=!4m8!3m7!1s0x2cba874d8faf2b1b:0xf0217a90db0ed60!8m2!3d-14.0873293!4d132.4970591!9m1!1b1!16zL20vMHBzaF8?entry=ttu&g_ep=EgoyMDI1MDkxNy4wIKXMDSoASAFQAw%3D%3D",5,Northern Territory,Gorge Rd,False,"Did the 3 Gorges tour today. Excellent and fascinating. Our guide Jamie was a legend. Great info, splashed with great humour. Scenery was brilliant. Leisurely, pleasant, educational and Fun !!",,Nitmiluk National Park,4.6,,https://www.google.com/maps/search/?api=1&query=Nitmiluk%20National%20Park&query_place_id=ChIJGyuvj02HuiwRYO2wDakXAg8,,Positive
"Gorge Rd, Nitmiluk NT 0852, Australia",National park,National park,1081452875368951136,Nitmiluk,AU,0x2cba874d8faf2b1b:0xf0217a90db0ed60,https://lh3.googleusercontent.com/gps-cs-s/AC9h4nqucVhUkszMsbNFuo8KopTZabjnSZWcFXEu6bbpLr7j96pX5n2DtpNM5HMhPKxB_dYEXN1oartSV04GcL4cwyFKVChCx4WkAQ5JqqEVP0KwuIwdfGvx4IjepBTe6XZCE_hgL5R9ug=w408-h306-k-no,False,True,en,0,-14.0873293,132.4970591,Owen Murphy,,en,False,ChIJGyuvj02HuiwRYO2wDakXAg8,852,,a year ago,2024-07-22T00:19:44.399Z,,,,,,ChdDSUhNMG9nS0VJQ0FnSUNiZ09hQ2dRRRAB,,,,,,,,,,,,,,,,,,,,,,,,,,,,,,,,,,,,,,,,,,,,Google,https://www.google.com/maps/reviews/data=!4m8!14m7!1m6!2m5!1sChdDSUhNMG9nS0VJQ0FnSUNiZ09hQ2dRRRAB!2m1!1s0x0:0xf0217a90db0ed60!3m1!1s2@1:CIHM0ogKEICAgICbgOaCgQE%7C%7C?hl=en,114022080475480400029,24,https://lh3.googleusercontent.com/a/ACg8ocLJihXFEtxarTfIB3_WNaFUgTe99SpJ2ZBRLYX21CUQHRaBfg=s1920-c-rp-mo-ba2-br100,https://www.google.com/maps/contrib/114022080475480400029?hl=en,640,2025-09-22T01:50:38.650Z,"Direct Detail URL: https://www.google.com/maps/place/Nitmiluk+National+Park/@-14.0873241,132.4944842,17z/data=!4m8!3m7!1s0x2cba874d8faf2b1b:0xf0217a90db0ed60!8m2!3d-14.0873293!4d132.4970591!9m1!1b1!16zL20vMHBzaF8?entry=ttu&g_ep=EgoyMDI1MDkxNy4wIKXMDSoASAFQAw%3D%3D",5,Northern Territory,Gorge Rd,False,Beautiful,,Nitmiluk National Park,4.6,,https://www.google.com/maps/search/?api=1&query=Nitmiluk%20National%20Park&query_place_id=ChIJGyuvj02HuiwRYO2wDakXAg8,,Positive
"Gorge Rd, Nitmiluk NT 0852, Australia",National park,National park,1081452875368951136,Nitmiluk,AU,0x2cba874d8faf2b1b:0xf0217a90db0ed60,https://lh3.googleusercontent.com/gps-cs-s/AC9h4nqucVhUkszMsbNFuo8KopTZabjnSZWcFXEu6bbpLr7j96pX5n2DtpNM5HMhPKxB_dYEXN1oartSV04GcL4cwyFKVChCx4WkAQ5JqqEVP0KwuIwdfGvx4IjepBTe6XZCE_hgL5R9ug=w408-h306-k-no,False,True,en,0,-14.0873293,132.4970591,Ruth vV,,en,False,ChIJGyuvj02HuiwRYO2wDakXAg8,852,,a year ago,2024-07-14T07:59:51.397Z,,,,,,ChdDSUhNMG9nS0VJQ0FnSURyMkxyc29BRRAB,,,,,,,,,,,,,,,,,,,,,,,,,,,,,,,,,,,,,,,,,,,,Google,https://www.google.com/maps/reviews/data=!4m8!14m7!1m6!2m5!1sChdDSUhNMG9nS0VJQ0FnSURyMkxyc29BRRAB!2m1!1s0x0:0xf0217a90db0ed60!3m1!1s2@1:CIHM0ogKEICAgIDr2LrsoAE%7C%7C?hl=en,111811604621242914111,30,https://lh3.googleusercontent.com/a-/ALV-UjUoKuHif6baG-tsmSQHo_uPyL3Mp5Oy5AwkN5_AfQtgKpRimj3ybA=s1920-c-rp-mo-ba4-br100,https://www.google.com/maps/contrib/111811604621242914111?hl=en,640,2025-09-22T01:50:38.650Z,"Direct Detail URL: https://www.google.com/maps/place/Nitmiluk+National+Park/@-14.0873241,132.4944842,17z/data=!4m8!3m7!1s0x2cba874d8faf2b1b:0xf0217a90db0ed60!8m2!3d-14.0873293!4d132.4970591!9m1!1b1!16zL20vMHBzaF8?entry=ttu&g_ep=EgoyMDI1MDkxNy4wIKXMDSoASAFQAw%3D%3D",5,Northern Territory,Gorge Rd,False,"Ranger's and staff are excellent, very knowledgeable and helpful",,Nitmiluk National Park,4.6,,https://www.google.com/maps/search/?api=1&query=Nitmiluk%20National%20Park&query_place_id=ChIJGyuvj02HuiwRYO2wDakXAg8,,Positive
"Gorge Rd, Nitmiluk NT 0852, Australia",National park,National park,1081452875368951136,Nitmiluk,AU,0x2cba874d8faf2b1b:0xf0217a90db0ed60,https://lh3.googleusercontent.com/gps-cs-s/AC9h4nqucVhUkszMsbNFuo8KopTZabjnSZWcFXEu6bbpLr7j96pX5n2DtpNM5HMhPKxB_dYEXN1oartSV04GcL4cwyFKVChCx4WkAQ5JqqEVP0KwuIwdfGvx4IjepBTe6XZCE_hgL5R9ug=w408-h306-k-no,False,True,en,0,-14.0873293,132.4970591,Kristie Powell,,en,False,ChIJGyuvj02HuiwRYO2wDakXAg8,852,,a year ago,2024-07-09T10:01:31.196Z,,,,,,ChZDSUhNMG9nS0VJQ0FnSUNyeGZEVUh3EAE,https://lh3.googleusercontent.com/geougc-cs/AB3l90D2hVdRd-ebgUla1Hyd7t5nfkrioROEGIoYeVSaaAUfN6aGDgLXAaJfdwgOSE68htrOsmEGFAsHfRW8tEjbSfP4w2PQU0suoShnwQTKm94iZcCDqjt4HMxQdehSSZ_1ydfO2aM,https://lh3.googleusercontent.com/geougc-cs/AB3l90AP6zy_CWLH9y7xyzftwaYSdm6DAEbmKSzXqHDiScmMxCJDQtgBBhIWGlgpiJaRDnSFsvW3hCfr67w5q-LsJM02kxaZSUzOtt3BGwPFN1GW91dHuVw7Usf7EgNzMLXCZt-dGbcHAg,https://lh3.googleusercontent.com/geougc-cs/AB3l90BOlQ6mUkf13nF7hw-95xpo5CFs9VM-t0v__PEubYNLYxZbf2yhMTqhzwHtKcTTX-_Whs2t0WsQIvBY35LMG0zCYqBBtTw0VxTjvNK5gvFrdebdgArwcAp4g5LLkXkL_XeLLS3X,https://lh3.googleusercontent.com/geougc-cs/AB3l90CeVycr8gTyweIkgdVwWPR7MvATk-CYyROigGu1ugYFnlnEEcH1GcDwxFADhmjW0x1VMuAqoV2eF5ywkP_1yUKlfP6IxOwcVJS6yFuC0Z_3gu4kFDf_pHf60FURt6HW7etj3rW9,https://lh3.googleusercontent.com/geougc-cs/AB3l90DcwQuunJ-ecA2Zi5Ji0GjyQDydhXluudlyMCGrpq-Q-pqiwYNim7Ji4O-sTqwebKz1uPs8quBsH_d5q-jbE-VhHHYZ2OofOs2FB1Cd_XqTyp9SXRmguhaik9v6Rml5W3JfeTgk,https://lh3.googleusercontent.com/geougc-cs/AB3l90CwjUl7BjhgGTzriS0XRU4GeKWdngJPYJJ9vKz4DmtNlDZCpbtGLGeqnqtE1tct2gwJF1yR2i7Qtd5L1jlyGf7c3TTRlnfuYWwQ5JO83JFLV0FPyeLcoe4Dvxu_wHuGGcyQwU3Z,,,,,,,,,,,,,,,,,,,,,,,,,,,,,,,,,,,,,,Google,https://www.google.com/maps/reviews/data=!4m8!14m7!1m6!2m5!1sChZDSUhNMG9nS0VJQ0FnSUNyeGZEVUh3EAE!2m1!1s0x0:0xf0217a90db0ed60!3m1!1s2@1:CIHM0ogKEICAgICrxfDUHw%7C%7C?hl=en,102264611274377099997,88,https://lh3.googleusercontent.com/a-/ALV-UjXq54WKwYBzmB3xneuSkmkBS5zkD_HmTcODY8VbNlPrAoLHLGaK=s1920-c-rp-mo-ba4-br100,https://www.google.com/maps/contrib/102264611274377099997?hl=en,640,2025-09-22T01:50:38.650Z,"Direct Detail URL: https://www.google.com/maps/place/Nitmiluk+National+Park/@-14.0873241,132.4944842,17z/data=!4m8!3m7!1s0x2cba874d8faf2b1b:0xf0217a90db0ed60!8m2!3d-14.0873293!4d132.4970591!9m1!1b1!16zL20vMHBzaF8?entry=ttu&g_ep=EgoyMDI1MDkxNy4wIKXMDSoASAFQAw%3D%3D",5,Northern Territory,Gorge Rd,False,"A landscape taking you back 100s of millions of years and just stunning.  Having visited some ‘young’ gorges, Nitmiluk grandness is impressive.",,Nitmiluk National Park,4.6,,https://www.google.com/maps/search/?api=1&query=Nitmiluk%20National%20Park&query_place_id=ChIJGyuvj02HuiwRYO2wDakXAg8,,Positive
"Gorge Rd, Nitmiluk NT 0852, Australia",National park,National park,1081452875368951136,Nitmiluk,AU,0x2cba874d8faf2b1b:0xf0217a90db0ed60,https://lh3.googleusercontent.com/gps-cs-s/AC9h4nqucVhUkszMsbNFuo8KopTZabjnSZWcFXEu6bbpLr7j96pX5n2DtpNM5HMhPKxB_dYEXN1oartSV04GcL4cwyFKVChCx4WkAQ5JqqEVP0KwuIwdfGvx4IjepBTe6XZCE_hgL5R9ug=w408-h306-k-no,False,True,en,0,-14.0873293,132.4970591,Jordie Stronghood,,,False,ChIJGyuvj02HuiwRYO2wDakXAg8,852,,a year ago,2024-07-02T12:12:20.157Z,,,,,,ChdDSUhNMG9nS0VJQ0FnSURMcjdDR2xBRRAB,,,,,,,,,,,,,,,,,,,,,,,,,,,,,,,,,,,,,,,,,,,,Google,https://www.google.com/maps/reviews/data=!4m8!14m7!1m6!2m5!1sChdDSUhNMG9nS0VJQ0FnSURMcjdDR2xBRRAB!2m1!1s0x0:0xf0217a90db0ed60!3m1!1s2@1:CIHM0ogKEICAgIDLr7CGlAE%7C%7C?hl=en,105617676069121524154,81,https://lh3.googleusercontent.com/a-/ALV-UjWpv7Bt1mAiQjh7KIHvZWxt1EdAsp3LgHWgDlC2Gvl9O-MDvf0=s1920-c-rp-mo-ba4-br100,https://www.google.com/maps/contrib/105617676069121524154?hl=en,640,2025-09-22T01:50:38.650Z,"Direct Detail URL: https://www.google.com/maps/place/Nitmiluk+National+Park/@-14.0873241,132.4944842,17z/data=!4m8!3m7!1s0x2cba874d8faf2b1b:0xf0217a90db0ed60!8m2!3d-14.0873293!4d132.4970591!9m1!1b1!16zL20vMHBzaF8?entry=ttu&g_ep=EgoyMDI1MDkxNy4wIKXMDSoASAFQAw%3D%3D",4,Northern Territory,Gorge Rd,False,,,Nitmiluk National Park,4.6,,https://www.google.com/maps/search/?api=1&query=Nitmiluk%20National%20Park&query_place_id=ChIJGyuvj02HuiwRYO2wDakXAg8,,Positive
"Gorge Rd, Nitmiluk NT 0852, Australia",National park,National park,1081452875368951136,Nitmiluk,AU,0x2cba874d8faf2b1b:0xf0217a90db0ed60,https://lh3.googleusercontent.com/gps-cs-s/AC9h4nqucVhUkszMsbNFuo8KopTZabjnSZWcFXEu6bbpLr7j96pX5n2DtpNM5HMhPKxB_dYEXN1oartSV04GcL4cwyFKVChCx4WkAQ5JqqEVP0KwuIwdfGvx4IjepBTe6XZCE_hgL5R9ug=w408-h306-k-no,False,True,en,0,-14.0873293,132.4970591,Lachlan Walker,,,False,ChIJGyuvj02HuiwRYO2wDakXAg8,852,,a year ago,2024-07-01T13:47:28.773Z,,,,,,ChZDSUhNMG9nS0VJQ0FnSURMLTQtVkRBEAE,,,,,,,,,,,,,,,,,,,,,,,,,,,,,,,,,,,,,,,,,,,,Google,https://www.google.com/maps/reviews/data=!4m8!14m7!1m6!2m5!1sChZDSUhNMG9nS0VJQ0FnSURMLTQtVkRBEAE!2m1!1s0x0:0xf0217a90db0ed60!3m1!1s2@1:CIHM0ogKEICAgIDL-4-VDA%7C%7C?hl=en,117330433432451448598,8,https://lh3.googleusercontent.com/a-/ALV-UjV8Ojq_gZ4zpEgvb-X6LC9hRYB82QwkK4qUoVPor3C4Zv2vZbNMJw=s1920-c-rp-mo-ba5-br100,https://www.google.com/maps/contrib/117330433432451448598?hl=en,640,2025-09-22T01:50:38.650Z,"Direct Detail URL: https://www.google.com/maps/place/Nitmiluk+National+Park/@-14.0873241,132.4944842,17z/data=!4m8!3m7!1s0x2cba874d8faf2b1b:0xf0217a90db0ed60!8m2!3d-14.0873293!4d132.4970591!9m1!1b1!16zL20vMHBzaF8?entry=ttu&g_ep=EgoyMDI1MDkxNy4wIKXMDSoASAFQAw%3D%3D",5,Northern Territory,Gorge Rd,False,,,Nitmiluk National Park,4.6,,https://www.google.com/maps/search/?api=1&query=Nitmiluk%20National%20Park&query_place_id=ChIJGyuvj02HuiwRYO2wDakXAg8,,Positive
"Gorge Rd, Nitmiluk NT 0852, Australia",National park,National park,1081452875368951136,Nitmiluk,AU,0x2cba874d8faf2b1b:0xf0217a90db0ed60,https://lh3.googleusercontent.com/gps-cs-s/AC9h4nqucVhUkszMsbNFuo8KopTZabjnSZWcFXEu6bbpLr7j96pX5n2DtpNM5HMhPKxB_dYEXN1oartSV04GcL4cwyFKVChCx4WkAQ5JqqEVP0KwuIwdfGvx4IjepBTe6XZCE_hgL5R9ug=w408-h306-k-no,False,True,en,0,-14.0873293,132.4970591,Ambica Jha,,en,False,ChIJGyuvj02HuiwRYO2wDakXAg8,852,,a year ago,2024-06-24T01:43:49.662Z,,,,,,ChdDSUhNMG9nS0VJQ0FnSUNMajltMnZnRRAB,https://lh3.googleusercontent.com/geougc-cs/AB3l90B5BPuLK_fH1anRbj9UcSCyaUr3WaixNE4lJCyFPHfKc2nxeSKlsoSuY9yos-niXlvM8BjFMgbTW1TzRlOkvHI55FmpE3FtOcSOaV6gyoE5aXf2K9Zf_PTvjBegDItDkC5jWlQb,https://lh3.googleusercontent.com/geougc-cs/AB3l90D9nQ5i-3Klyj16EFjXIs5oj8HWXSfi7aEeToNMkykWIDa2COpP2zFbUAf14hu5ys9wQ4ACLGLtq7DQUsHCVMQjtFwltlJe4cKJwDkewPn992y6dgy33CMm_M3VTOhL5SdcFhjmLw,https://lh3.googleusercontent.com/geougc-cs/AB3l90Dt8BQwL1IjbA-mIy87cgeBQgRUfvScYdYRRXIDNeZtdurUssEJd80OuPSQzwThhOWxdBfywlVVEfkdDtVLm3hEaUEeuS3-NqFw7VYdW3Y_l49t9Uf9PFWUHwEacd4A4xVRVELk,https://lh3.googleusercontent.com/geougc-cs/AB3l90D-dEwH5hO-DVsi7_CnVM8hnDh1c2FGkNyQD7aJDorm1wEkUbR1JytQBEMyqvE1-GvZvXdLTOCd_Ga1OGiP_JcXr7kz5SqetdTT3Lmw6I3cIROZDu6BIfxff0bE8AphHDk7e07t,https://lh3.googleusercontent.com/geougc-cs/AB3l90Drg3d5EK2dHubWa42wy-0oizjcFMxI688kQTFDQyXgKr_XxBc6ouKZE0SVApAzNyyZs-22FIMf6rlbrbSpmVGjtHQ019S0m2FdKGIAy7R_ehuztmqkvUHgB__Isl0HkO9z_P5S,https://lh3.googleusercontent.com/geougc-cs/AB3l90AR2OhTrfO3MGeEbozUUJSJ_yG-CsaEMEgeegZH8AeYhpbLBDaswvKObss0LrCSJMI7n0ld8dxETHKkculrhSW6XDp0qoXyZj3dCwwo3TcaIp4oj4s6AEopI8p0y9aZfjeDdtVhOw,https://lh3.googleusercontent.com/geougc-cs/AB3l90AhPDqDzUaZv5ObfqD7qygi-lWesI4ixTUEJU6TpxuhtNMookvwmbduhrvukq9Qx1NGlBQQV3AL_UmwA2g7JWQ7k8bQKGqjCOCOqT6CUOFuRC16Lcji2hBSZgS4PmNe1jh1q_S_,https://lh3.googleusercontent.com/geougc-cs/AB3l90DAGRDX11EYoIKtVGq-KLpFrh6JKgU66Zj_qt5hgWZfwg_AhRbTshkSzXNNm4J9vM3ruzJtJ4LiNrHAaW_w89k0L-zC8Dmqp77luioqx590UhhbHVic0QTnJVgOhwESeh3iUvMc,https://lh3.googleusercontent.com/geougc-cs/AB3l90BN45OCf69otqbxYhxB5QWtB1Gjtai0fh25Da_gH0keMdshlZZeWmoFL4LYuWp0g0P5wIBN3OLHDh_gXqxGwSzTDVM9V_An9S21S8dgaPRysou3NBlEzU0GQISRlE4ZzUm12CDt,https://lh3.googleusercontent.com/geougc-cs/AB3l90BIBstjoCU52wsvznsPQr44dBSYxwJIvtdka7aimBA6suYQMXHAumcN5_m5zfEfJZD1vJ-ExSS55qa8TIAPOm5qicYmTz7gkMn2Ow0o76cb1d65iD0r91WLVTiuXZtxzRrLQ0pO0A,https://lh3.googleusercontent.com/geougc-cs/AB3l90AHopsl78WIZ3gXW0Kf9u1C8UnAphayW-fdS6sKkvL08YGWhWhlhz6hxcduzisoxNZ_sU60aPNi7jIWKkEUB-AEViP_wvPzmPcMUQEoKuar1TuPxcdvztRATijXqTr_fzAndv0,https://lh3.googleusercontent.com/geougc-cs/AB3l90D3EeCgyYqwjhLz_4ElHd8_Q5nebw1a-vIq-Y6QhARwbjzs4IzRuvGo7dRnn6d3Zn4vLkyqExEvuLPqgNSwpmOIbPC6e3gj8aXtLeiqoQdJJz-juOxoBpYm2L-hhaFdLS_xSoLHsA,https://lh3.googleusercontent.com/geougc-cs/AB3l90DI244D-K9eFesTpcoV8VzoCSwS6ezBvmaWQCINbqtaSqPtZhcILfi86u4CxwJrs5OU2zDtsGgg_BHUL4BOUUhAFXu7ghuLADjg5XRGDE1cQLd8uftkAiWJlXSPxD1b20-wgWc,https://lh3.googleusercontent.com/geougc-cs/AB3l90BRaSjozF2AEdxTCJpOdT5DF86MOpHdFHrFcnSPBR0GSbXOlVXPoVS39MstJEPgNuI5aqtJi1-Oj95M6zrPVzBGQrCaPbIs6oBio_141PjS0eTVZTdb1VAYUXagIImToJmn1VEhjQ,https://lh3.googleusercontent.com/geougc-cs/AB3l90DjJWWXV1kRj2VDPqAkmPqqT8-ROX5pFRnCNQWXeAbJrncubDF_sbJ537XFdIJzHUgFZeWUYZHHcRMnI_JT0UnWcPAtpJaaKMJUyhmUZpskJFO43blIT2BhScQ39Nth660P-NRD,https://lh3.googleusercontent.com/geougc-cs/AB3l90AdqCNQ5sFWNmeYAMDkQJ_aWc7VqBmFSYxnK7YeqEeODlIuEfEFS-d0O1FwFk0z6tkA2zfmc4y7xHp2gi-j0rkgDrAyK59QZWMqYCrETsKVdRPwwRoaqHDBo5lzJ0xBT3FVAA5b,https://lh3.googleusercontent.com/geougc-cs/AB3l90DC0fzisbKWVSmICMqLLyVegdM32za58RDsIaF27xev5-CwfMX1XlSCY_Lm-PAQfjPQcZ8fvjSfJmxmTuw2Kkld3l_ZiQ9jw0KYAPwOcKnaDP2-VRGTvWvfBduAYDhQzv-RyHpv,https://lh3.googleusercontent.com/geougc-cs/AB3l90B875AwIu_Dkt-Qx5HZQDB74eRv4Tw-440xT8xfwxRyejz5sy0_jFEDuLPDI1JKdDg3_OnKDwzLCi9rtcykjYT6ISuuAVbRsVCkTlOiHyo5z0l7IcvIBoWZBInO18VG0Gzpx2U1,https://lh3.googleusercontent.com/geougc-cs/AB3l90AMRLwXF-P5iQbTgdv7xvHzGBKRTYKtCN-vCQFsolANQTwMs0VmFVOGiiqJLe5fhclf--YhPGgCZ9MzPnXPkYhx8z2JCep-Uu3UnJc4gNAAXmXx4qznus7KnLhgj07NKyJLPQH3,https://lh3.googleusercontent.com/geougc-cs/AB3l90B63SWw_YRjOAtTjy_oz2Z8cgyw2_swDckPHdv84d31o84o87uXrjsy7YDeyw2l22NXFo_NzXdiqzEv7qm7thRQ6bw9baPM2LrQ2s1x_dx1SHEl4SyWqYKvG01J7O3iYmCdxRLudw,https://lh3.googleusercontent.com/geougc-cs/AB3l90DHtkqR4J9sJ77jVgDARPhGYB6e1sBybDnm5XyK7zDtTAMT5qJqD-ILaR1qd8JayTfQo5anWXyujd9Gwn_CTBNHTxTSBmOLWMW9tpwuUTPsV7QfDCsTDJMzz_-TSIiKNuaG4-11,https://lh3.googleusercontent.com/geougc-cs/AB3l90B3LwTwCoqItNAo9O1iO4Q4AzqCPX_NmoCly8TXn77_8sZezECK844FM6ES13FcfQFJ75_GvajkehQuaDOOyCItTSjeLV4x1evLSDCUSCNks8MnXu-xz06I0FPNZlNxooPMaECBWg,https://lh3.googleusercontent.com/geougc-cs/AB3l90B9L_Ph8ZsV2woObE2EWk1kx2Q9AFzNxqAMqZs5lriBlOyZLxEx9rJirP4LpJMcd2DRMHAJ60FLgc8VT0uFz5idmdPdqWTmYt2E77DjVQ8rdLCsk_vTcoc9Gm9rn6TFbGZN-0k,https://lh3.googleusercontent.com/geougc-cs/AB3l90BKIRowebzwHq7EvR_IZNvf5N9xmNBdF4A2VOSs6odL8RiJ8t_o7d3sJkv8n9t9kqvJEpTK7iH_hblFW_if1X1PFR_6YRsV-_G8nfwTImXdnUEWdQvGU2mspwoQ3f33u5QdHYrwKg,https://lh3.googleusercontent.com/geougc-cs/AB3l90ArP7mjKOqqbjuts0Kk4yboJ27Bh9x_lphW1B2AK8FupKdXY-LkNGi1Hk6SbofLxnSVhyqBPtHsahkkpJWs9n9f6QIPoqfuNqcuu3Ji8YFfIPlpsDzexj4x5etrpehrVdwQW_0j,https://lh3.googleusercontent.com/geougc-cs/AB3l90CQSiMNziIPKKHXv6AvLUeanTpz4uSLcEXRwGXKzgG00HT1xib4YysIzDsQ0snOhql-eB01PUakYsMbru3p2SDBAqueLPq1kpSvMpxxYuwztvpAjXIxMcb6rtqrsPIH8M_muAQCtQ,https://lh3.googleusercontent.com/geougc-cs/AB3l90Dq1xl4Jpkcooq95jwr3j_KyFmD6TZohQI-jv_xwYWzW0y_rO44zxyTMYcBtx6wInknxrgVN0WD5Rtwk0T5aMwABzHAgup0nm47hEnQzXNxQuw8X0sAhZ7iym8SLq41KFurrjT-,https://lh3.googleusercontent.com/geougc-cs/AB3l90C9qQv9y4lvLzbKJbHqJAX8DYHkhoiXqqgAP-jKXC3u3TtJUgObGCPVaZ2zCrmLqp2uSE6JKE_paB2ty-Q2ATw-9Kf5ZcRacIWbq5a3K2_OSWLIjgxU3HOJTzjKVhIRaowu-h9a7Q,https://lh3.googleusercontent.com/geougc-cs/AB3l90AlUkyt8lFF7GtveDG8D1Obmb5L5R6DD4rMjMIpvcqEQKTN8RLB4BXUY_1NJCEp5YPYtuKvxgVAh1ZEXb-1Em2TI95xoCqO6wsTwhQGWTyF-3sfmtstqZwvKOpRkhlNvsQKh88R,https://lh3.googleusercontent.com/geougc-cs/AB3l90DHxmfxSx_f87Orr-UG09nKQmI7yaFPYphB1t2jrFHLrADkmMBRdYUVgjBodiTkNYJLka77vet-F2y0nNL1xaMR9ol3bNiVMTHyhq_I23_W5bxFFJG54r47bYP-VXtquX5b4tKDnA,https://lh3.googleusercontent.com/geougc-cs/AB3l90Br-3DZ0qZFNC3_aJv_2Zr6PwJ196AQpw2Nq_bYTrcHd6iRYKFHFdqJPgwmplQZEONTOfouIN9U9b_9pi8DMl5mulxAK6PeFrM_xu67tQPzHLFyBUsSPKLA0eA7TXgMyGmSQT_3,https://lh3.googleusercontent.com/geougc-cs/AB3l90BUtixLztWuD1e7psAx84jk5W-0e0eMcISGXSz0TUBVbs4vUIUEhyk0SyYa4itVcX7k5-L-YzncSDobWSV-oaAoVbqvZykUgmB15lSd37zczZ4JpXcMuV7I_eIiAx8kVb7C7Lu5jw,https://lh3.googleusercontent.com/geougc-cs/AB3l90BtKWONQ53s3gB01850ybiNc5segUm5TJufZBQqEKMr0K88it3oxptwDmoD2Q4_YBqRT5Ij0FeIviLqLzSd1ZlGWcU-ZoJS6ea9_-3dfMO9Khv-9L-bfjLT9vjgRUR0Zq_8RqYa,https://lh3.googleusercontent.com/geougc-cs/AB3l90C5ePB6lkNzaWSOtDPO57lCChaZBMe0FXeEjcvYOiBQcSU5LIkzRpCbbu0LoevYJccIVsdmbNkEemF7Imh44inkNU3FDz3bJFWvmR9EmtmrKsYyzAvdS0YUITayDVnyfKAj_L6y,https://lh3.googleusercontent.com/geougc-cs/AB3l90AJKO7XY_xHog9cPFj-dfiNZFkEYbamWd8iOY_J6x0eHe65FiqJqcoeek4d3C-VtL99_AwgTGyLwdAWqv6YE7nfqqFzLMcC0T3TVP3ggEOCZ_s65z0mDWJbrFwgRapJXiuBXHE,https://lh3.googleusercontent.com/geougc-cs/AB3l90Dtals47dwPabmi8gdEsh_QCXabKJHORg0tdBPJpBRtA1-fSm9webLlnhde0CW3IfpRYXvI3I2abNhC3ggGYEujX75VSYuV4gZ0E_8CXJG6OOny-0uoCnkDnD7YV5dn9trHfwjUiQ,,,,,,,,Google,https://www.google.com/maps/reviews/data=!4m8!14m7!1m6!2m5!1sChdDSUhNMG9nS0VJQ0FnSUNMajltMnZnRRAB!2m1!1s0x0:0xf0217a90db0ed60!3m1!1s2@1:CIHM0ogKEICAgICLj9m2vgE%7C%7C?hl=en,100177399464885970743,90,https://lh3.googleusercontent.com/a-/ALV-UjVru9Iwxqa5coiPOVdvuTxqg-c5uY1zwxLd0gr7OZBHvfV8W_UYzQ=s1920-c-rp-mo-ba5-br100,https://www.google.com/maps/contrib/100177399464885970743?hl=en,640,2025-09-22T01:50:38.650Z,"Direct Detail URL: https://www.google.com/maps/place/Nitmiluk+National+Park/@-14.0873241,132.4944842,17z/data=!4m8!3m7!1s0x2cba874d8faf2b1b:0xf0217a90db0ed60!8m2!3d-14.0873293!4d132.4970591!9m1!1b1!16zL20vMHBzaF8?entry=ttu&g_ep=EgoyMDI1MDkxNy4wIKXMDSoASAFQAw%3D%3D",5,Northern Territory,Gorge Rd,False,Fresh water crocodile 🐊,,Nitmiluk National Park,4.6,,https://www.google.com/maps/search/?api=1&query=Nitmiluk%20National%20Park&query_place_id=ChIJGyuvj02HuiwRYO2wDakXAg8,,Positive
"Gorge Rd, Nitmiluk NT 0852, Australia",National park,National park,1081452875368951136,Nitmiluk,AU,0x2cba874d8faf2b1b:0xf0217a90db0ed60,https://lh3.googleusercontent.com/gps-cs-s/AC9h4nqucVhUkszMsbNFuo8KopTZabjnSZWcFXEu6bbpLr7j96pX5n2DtpNM5HMhPKxB_dYEXN1oartSV04GcL4cwyFKVChCx4WkAQ5JqqEVP0KwuIwdfGvx4IjepBTe6XZCE_hgL5R9ug=w408-h306-k-no,False,True,en,0,-14.0873293,132.4970591,Riccardo Doronzo,,it,False,ChIJGyuvj02HuiwRYO2wDakXAg8,852,,a year ago,2024-05-30T17:41:40.671Z,,,,,,ChdDSUhNMG9nS0VJQ0FnSUN6dU43TDJ3RRAB,,,,,,,,,,,,,,,,,,,,,,,,,,,,,,,,,,,,,,,,,,,,Google,https://www.google.com/maps/reviews/data=!4m8!14m7!1m6!2m5!1sChdDSUhNMG9nS0VJQ0FnSUN6dU43TDJ3RRAB!2m1!1s0x0:0xf0217a90db0ed60!3m1!1s2@1:CIHM0ogKEICAgICzuN7L2wE%7C%7C?hl=en,102737341276435484479,55,https://lh3.googleusercontent.com/a/ACg8ocLIPJNM1pRGrn7LIiXBCYaGlrBAhEzmRVKnt7vcvuVNAQGX_g=s1920-c-rp-mo-ba3-br100,https://www.google.com/maps/contrib/102737341276435484479?hl=en,640,2025-09-22T01:50:38.650Z,"Direct Detail URL: https://www.google.com/maps/place/Nitmiluk+National+Park/@-14.0873241,132.4944842,17z/data=!4m8!3m7!1s0x2cba874d8faf2b1b:0xf0217a90db0ed60!8m2!3d-14.0873293!4d132.4970591!9m1!1b1!16zL20vMHBzaF8?entry=ttu&g_ep=EgoyMDI1MDkxNy4wIKXMDSoASAFQAw%3D%3D",3,Northern Territory,Gorge Rd,False,"Siamo andati quando i maggiori sentieri erano chiusi per rischio incendi e per le strade allagate.
Vista panoramica sul fiume che divide a metà la valle ma nel complesso un po' deludente","We went when the major trails were closed due to fire risk and flooded roads.
Panoramic view of the river that divides the valley in half but overall a little disappointing",Nitmiluk National Park,4.6,en,https://www.google.com/maps/search/?api=1&query=Nitmiluk%20National%20Park&query_place_id=ChIJGyuvj02HuiwRYO2wDakXAg8,,Neutral
"Gorge Rd, Nitmiluk NT 0852, Australia",National park,National park,1081452875368951136,Nitmiluk,AU,0x2cba874d8faf2b1b:0xf0217a90db0ed60,https://lh3.googleusercontent.com/gps-cs-s/AC9h4nqucVhUkszMsbNFuo8KopTZabjnSZWcFXEu6bbpLr7j96pX5n2DtpNM5HMhPKxB_dYEXN1oartSV04GcL4cwyFKVChCx4WkAQ5JqqEVP0KwuIwdfGvx4IjepBTe6XZCE_hgL5R9ug=w408-h306-k-no,False,True,en,0,-14.0873293,132.4970591,Ares RS,,,False,ChIJGyuvj02HuiwRYO2wDakXAg8,852,,a year ago,2024-05-26T01:16:08.387Z,,,,,,ChdDSUhNMG9nS0VJQ0FnSURUdVpyQ2pRRRAB,https://lh3.googleusercontent.com/geougc-cs/AB3l90A8zf9IGNmTPiSm5HWZeFlR70bivLa1DUZ231RqadNUD6NybCo5BoACB5Q-nIcuZ0VmUCfIUyfNjVR5mFTomoxJ-NNSJmEtDz8Cij6Qbrlr756yZDWWzSen_lzXnLRDPwhBJ5lmFw,https://lh3.googleusercontent.com/geougc-cs/AB3l90DRGAmEc_SJQ0xyUP6zGtdaRC7HNSP__LStb6_-7GjwlkAZFJUIRyD9EOiclNyHljZAw8U9peqvfSS65n1CzADHLu8M5YLnk5ZziBuhErddUTKC64PA3loeMQmvl4kbzW3uQklHEg,https://lh3.googleusercontent.com/geougc-cs/AB3l90B1MhIalF8Nq4gsaSD7lnESDKjPRxDTZTp19ECjiuSWYJNlGEFPWyBt27K-ldbcIDwGabUdHnYhq823CcX3bp8oHpQaDqpZRJdn1DEamuIGlIII8f44jqARsFbJTx4YL5Fyxte4,https://lh3.googleusercontent.com/geougc-cs/AB3l90ADneOtcjsaAOHek4rbLuSqgdBRaccuqGbo3ND4trOv-cDQ24mN1vhEO4ITqZpvAfKFA3H_eFt1m_ra1Cw1vznfau77grAclx2FSSKoBtbx4U5iiV8fkBaSge8CmFoZYwO8HUNtPA,https://lh3.googleusercontent.com/geougc-cs/AB3l90DixN3Wv8YNawSJOsZLpFT4CqGVzppbH9OxDyJDVqEaCwSl8LQjjlCKHZ9PeHuQuBdxDgB6WEeVpZgUDKa166ZweHe6Eeyn5SF6f0hEVGzG48IQJDdfC0db0SqX4i4HV3NmZM0,https://lh3.googleusercontent.com/geougc-cs/AB3l90BACfxPqoMCAjufqH865PEWqU3O4rBaHRYRtOjhGH1_DL6R_ICIw1ZBxKmpX-IesZFYfvR3Z0TgEGpJFqREDwDoHEQjdNj0YxmZrbrQScxQ9G6uhdVHkWWV-8txu3mnolXCJ9jC6Q,https://lh3.googleusercontent.com/geougc-cs/AB3l90C2tEhhe689Zy-E2hVnRiRb4DcBY1aS1H5PRDpJyRGOiusKkn9xGbM9kTi2oo_fiWlZF3RxvQyPdqnCVI4Dkb-_-2mW8rMVV2wM1WbdGkNKqfHzQ_AuUkEh3qg7vFIP-o3Xu9M,https://lh3.googleusercontent.com/geougc-cs/AB3l90BChUb3SI7t_cGvPt0KZtM_ToLwKfa_VJjt0AnJZ2gIyzOzt4Kt0iKp7TR6aPdyzCG5CqEbGNqn3QWSgeCWXd6L7-MavlIi1Hg-PHw5GdSeLT8aNGbdKPUynT0NK3vFOJff5T2qiQ,https://lh3.googleusercontent.com/geougc-cs/AB3l90DA59wstAnDeCwaGSz7gdRRMvoC4OU6j465YReZ2ztdrBKNXL7-KPjM2GpiX1KahI_Tk7StfH7g6m4GOIzGGcWlLjpLPXzwpzZ2PAfn_k7WyiCjU_SBPk2oo4PElebtn4bfY9BT,https://lh3.googleusercontent.com/geougc-cs/AB3l90DUVJEdYtxV30iKsEUvjTlMdxVPcPftecLLN1AVvmqsndWXxELXcsnijTdf-7xmkqh1Y69oVHlKjKmRW69mLqMFlBJ1kpTBbaYIvAvRdm7l9g8i4x_PcphgBdF9yZVYwH7aTyRgpw,https://lh3.googleusercontent.com/geougc-cs/AB3l90A79rToRqjldNCXLGjxjJ21HY5lGtB_L7jsLEXY19QP7oSek--LdbCsva5Bx65Q1ekC7RIuDuHuiMBUSUPm46nGCNur9Ca_XeSD2h18lc0f47sIjGrIgMq-5XR1VC4DNJlTldFy,https://lh3.googleusercontent.com/geougc-cs/AB3l90AX2r5mZ9UPeP-EyMbwwLzfTCTsxp9TlI-QxoM1ziM_I3YCOlEosOepSUayENQ3DYy5mxvVan6sWYANomz8PqBisMhcIJbV4D2v0C1Cg4vhqJKUIdkZbBBxmeBjTgZsX5dulQ64nQ,https://lh3.googleusercontent.com/geougc-cs/AB3l90CxX5Wqkfw65kEcU9pTvo_99reYVYw79nhNIAWEp2duKcW1R2DdQkUOBMDXKFvXvTt6poL8yWP5ZTiJfT4x8b_mILxhwCrwqyizaRjY1y9ETT_-gYulXebr5cODO3ENmqAayqe9,https://lh3.googleusercontent.com/geougc-cs/AB3l90CROmQdZeYgC7lYivTunzTVAjtxtbh0tF2MyfbvH10M5er-pTqMMlu1LKl1_vJIfHGDVbqaHnUO15uue9xz4vTDK9FtP3jClVZMB4PZ4xLQE-seMJhr4vg6o3vGIFBZHyOz43fDIg,https://lh3.googleusercontent.com/geougc-cs/AB3l90C9oJ9DNyCY4BR7OPjxGTVu7snxvNrYIpBgzGwMrmFDRqlTMp428KuxBnsvPOzq925gJRVixXBxjaB3nrC27Wd_awNwOQ9FR3Iy7uERy_58cqTYqEgcEeXa4sQUrjIwOmkyjKv4,https://lh3.googleusercontent.com/geougc-cs/AB3l90DgYrF5c_qDLN-ivI_ZpGKNytxsgAeaJnWyTQvzAg2oy6lulq5FVg-d2IcGJEO9nT2Sfd7TvfMO2r4QBi_1w9tHOK_82MCIvaZ-J4r3PBcbnwvHeTQDWyl8A0tHcF75njThV6HSuA,https://lh3.googleusercontent.com/geougc-cs/AB3l90A4xX5XNdfLA61RodqAhLM-gi1oNMN0axaDp79WbMhfLQMrVP6WEOrI5GuuBRu25PrWFHt7EXxBO2B4gRi2fHa0dEbetIcTQ-x3VNvgAzmIYmvrVzbmCSwis5-wz2A4bAuvkIqa,https://lh3.googleusercontent.com/geougc-cs/AB3l90CeBQAEug-fJato6nBokECPY9pvN1ffs9rG9ARW5X5zXmaN8E42EYXZg3j_xDTWDRzZoAT7H3esrd-4ODDiStK8TQQP1h9JGoL7mZqjhPm_V09KDtNOLS1RAMuGGy29dzFfgu4H4Q,https://lh3.googleusercontent.com/geougc-cs/AB3l90Ddupr7h7vK78wmniO6xYZi4NjJglOvkYz_78-ifZ3iVLtd5xmQVAR8s2nr9BXJc2GywpQdL49fDXhjMosym4gBhp2BzFPGvUs9nUuYLIzVAqTSewdgaLk71zOWHnPcE85umsac,https://lh3.googleusercontent.com/geougc-cs/AB3l90DMDXhwSBcfhH3HXzz1qfnkvdnxfx-RO3s9PceafAWm1uEqrmju52oyH7REwewcfe8MEXdE0XhSg06VHQSQbAmVs_vi2X4pqA9PARNFuJBK45WMQhfzZUeMtS-1wSTBLAes_qjN,https://lh3.googleusercontent.com/geougc-cs/AB3l90DrFNyZVFfbomlnySGl4rB4xYM1dNY5APKFPCwLmwYFbW42qjCcAfXBjF-TOvf2bZmggS1Pw0BtQje2SkVK5dJCMUZvGGA_MqnjtVRLEzo-uQYheti4S9pFXLLqlZkWcEcyK72fFQ,https://lh3.googleusercontent.com/geougc-cs/AB3l90BHsxvSFbpKKRSmxbikZPjunXFiKYlocdIR-vnOOSYy18vse9ML6p1qQaywtnlkt1DcExngY4Ky3n_4tsYFbr5toe5qLUlzhmvg_NvCCIoPtqafpmTzC8YuCShQQcp1iI_2QQK4,https://lh3.googleusercontent.com/geougc-cs/AB3l90D29wseiSg3cL7kRPCuNEFWXJ0GwzJh-6_bC__BjGolSXbLwKb4XABeZYxgch_BVte99qAmiaKHPU4e-PYLzZihkblRObHVGsQwpQ0gblvw6hrnIoU0UJ9M0_JEbfwIfegXeZGKTw,https://lh3.googleusercontent.com/geougc-cs/AB3l90AAQnpz0afMi72kUARHW1L6AY5JKPEscVWAiwMw-rlgwICxim1LmdAaQDcvg-uZ6pfYmnv0WGF3YrI_TY0z3XF__yFX-JypmFJyi-z3hqNphP-qjgjm_0XcdhsoA4NHdnWORGc,https://lh3.googleusercontent.com/geougc-cs/AB3l90DRa-ZQ65KNf1aaubxbOTybSqOg9TUoUL5ZXHHwKvkrHa33gLt7Z4nVBH1bYA05B3ML2H3COX3TZaXw5Z389hzDSrw3iYsAptcrAbZ__RZGr-Dcy0GDrn9GkxROcstP7dmJ1lTbiA,https://lh3.googleusercontent.com/geougc-cs/AB3l90AmdZuEhJDcuaWI2jY2C9x8wYs6rw9_4XaOBJjsNIOL_A7fWdhAPTyvZV3kcjOyEsEvm6qyghH2qWw9-wWsj2_zFAkMsRpejPx6IVVmHgxmZgTEXtMZjy0VB5NrFIiI_i2rk1zq,https://lh3.googleusercontent.com/geougc-cs/AB3l90BarxkZXoINGVe6gz3JI9Znme5Xrp_aioXnmQuM7sf9VeaMLSllvfUaV0swQTrtQmzfefQIuGGAvkXoZY2iDbPC9KiZDfud9WY0FXxt8Ye8LGKJFDPbJHcrZJmxXZhx6vh4MOy3,https://lh3.googleusercontent.com/geougc-cs/AB3l90A3R4ShP4uhH2_M_ueUy1H6irtgLxRuSTQl0eOzkT4hAqQrnwkGM1YKf9bCejzSgZFlPiBX82rDLt_n58Amy1LotJ9N7phtvHm7Qgph76ZXs8tZLKeQseBgBFXMz0b24bj6zwY,https://lh3.googleusercontent.com/geougc-cs/AB3l90DmUM3YKoRz-npo-lXDdZ7-93pmvBTU7gooVYWCMvkt9lA7UUwZkeebb9UtPVQkotbtl08fWu4akfgMEri1TzuKtnwKL9pKiGfJF4lB8Y0JFsk8Bg8HcPZIb6szZTIPUchUoVMH1Q,https://lh3.googleusercontent.com/geougc-cs/AB3l90DG6pFe6x9EA9Ey7mY4249xHFC9ucdX_-p0F-X17j8NWiYDOmsWpaGPrQrhN5eE1cmXcOrLGKsz1ZM63_Pc94hpKSmZXkIswS2Vpty6dzI7OmeYwlHBMpS4hyf-j9Vwop_FPKTU,https://lh3.googleusercontent.com/geougc-cs/AB3l90DC7I1UIhkhz4zjRXrfKdTJ3gPLaIcc8pIh-tIRDRFUMf2VOe7E9aMJ6v9RoHdODr27KsmH1OeE2g1MyVLjaKe8iqYvzSN_nxZmD9KDlxvNvjx9zi6w32pnPgelzZDcffW0ilZ6tA,https://lh3.googleusercontent.com/geougc-cs/AB3l90DQb6IVI8RnDsAdsp2Af5z0xHgk7UYEGMuLUhOedkAayzcsGKls-HfRKGuSLZsC4EOJq9CzEdK38caz1a16W-bIrl_lCEmwjpomKjzQ6bHh1Cdt_AQn8gk3v8L3UoN8mEd9MlCO,https://lh3.googleusercontent.com/geougc-cs/AB3l90DPfFa63ySserFM5wM2oLCR6yCfABELJkkwfdLpTlMX7-3_6ia8ecD0UmgDNAb--im_SA9SkdwTAEJYQNq5-2nlpySaZkYjWFs3-SBFpyCNRPGjetRjHwHs2bxIrq0zXOX6a-Uxjg,https://lh3.googleusercontent.com/geougc-cs/AB3l90B6Yxy5Q3z-X3DkJ6igk_MkEwxtSXbY1li3Ve5yLvhUrRf9zIvyER2ji8IemF2shB8ukopVvg8A0J3usH27LCKEZX0jeA3X6Z9hjtFTllBQrBR5slp5Sh7B-zKtf4WyQQxT0xBw,https://lh3.googleusercontent.com/geougc-cs/AB3l90AxJWc-7sMm2q3iOHLoay8EV-FZKfDEZasHd-KGDuYfqyRZR_J9J2xpyABJNpcDNt72inU_SlOKsdY7f0QBDK4G77McMOnvvvEeNRU_xCNz90u5bmnQhjlYWtT4w7U04g8S4XYD,https://lh3.googleusercontent.com/geougc-cs/AB3l90CqqKHfEeeIbVBOyZ5VhAyT0Cn0Yfkycc1G6hToEH65ImlT1GInWsmj0oopXzgqI9l5lChC8NtApMzmfcuV6OWfL5dcnM37-c63AK_P7gzaX8wh84-NW8Rey_QxjEqq_WBX4Dv5,https://lh3.googleusercontent.com/geougc-cs/AB3l90BlGIxzRRi0Mzlqk_GiTpZvWzD4pBxLoFmCWGT7kGfpwj0vE4Ysi-Dlak4cZHMBf8_8DUeMj_9wNGk6bljmfugZV4-tSTTOlwuwtKlWi8Q4JsaRKbmTDm-JIMfLob5WwlvF1PRW,https://lh3.googleusercontent.com/geougc-cs/AB3l90Bei3SF0fqmjfLJJgHmigQVvusFygyYaZBwH_oz45hCt-oYe4CGWUKsy6qLxpqVeC4LI7_L2Y6_1_GWs68j8-8dZN2Qx6oZWVUwnwqpGjRBvykZBmBsTD9WmeCvsO2fkA453EE,https://lh3.googleusercontent.com/geougc-cs/AB3l90DV5PNL-UrCYBMH6-INFeRalWRLg1fFe0qFZuTJbBReC7OqOQghSqbXBsDaIkMbGdTpICTNeCY_Ijr2EbkGQHCflWfS0TdDSOQHjw5t6MEc1B5_pEsrYbMaqZgG70JhrFnk-kD9NQ,https://lh3.googleusercontent.com/geougc-cs/AB3l90Bpb5bXydTaCTFQNxAIJdAkl0umJ2-WA48jhBwtn3V_rkMipc6v1ODy_lKdBV_tdBq8ZlCQEYTJJarBTYqkYe5lrYHX8bRKbZT0zAYRmVDmTUqo6_od8gMJYOfxmAXaKifD3CiZ,https://lh3.googleusercontent.com/geougc-cs/AB3l90ArnuXkYiK8LJLW1WtCSb6EpTWbY6HEtm3YswmmRPasD6v1tCcDqECEMvqfyquUbphY5fL8riZ3sd8dxPIgMYeLk2mbvVLMEokTEKlVct_seBiumwxRGK7J_cyZwxk-mRh82aD5Ww,https://lh3.googleusercontent.com/geougc-cs/AB3l90DfryVRmvjVI5MNUejG9PUCugb0uGD73FN1armno2ffhZPYDxT87AQFSP1rjUghQqFytOKOP6O-mjoV_azq3BF_VkX6BK-sa5q73-rY0AugS20wvRB50v6P6fm8htAumWOpXc2f,https://lh3.googleusercontent.com/geougc-cs/AB3l90DY1ztqV4aeLpMnR97wUYU14frLCbBS4C8GVlokZ0mPvv4ihUBncXWFc2R9aGAr9o2z-y-BqD0ydhWYFZnzZk8vKhR66WsY1FYCd2024_jiXoIntTAwRGYdOOdWR2NOO2Nx_HNAmQ,Google,https://www.google.com/maps/reviews/data=!4m8!14m7!1m6!2m5!1sChdDSUhNMG9nS0VJQ0FnSURUdVpyQ2pRRRAB!2m1!1s0x0:0xf0217a90db0ed60!3m1!1s2@1:CIHM0ogKEICAgIDTuZrCjQE%7C%7C?hl=en,107534479015891087230,398,https://lh3.googleusercontent.com/a-/ALV-UjXcsGOAWZMv6GZmwv1w5HYzQWyg5Gy4wtDY_DMT-LKgDsschsiH=s1920-c-rp-mo-ba6-br100,https://www.google.com/maps/contrib/107534479015891087230?hl=en,640,2025-09-22T01:50:38.650Z,"Direct Detail URL: https://www.google.com/maps/place/Nitmiluk+National+Park/@-14.0873241,132.4944842,17z/data=!4m8!3m7!1s0x2cba874d8faf2b1b:0xf0217a90db0ed60!8m2!3d-14.0873293!4d132.4970591!9m1!1b1!16zL20vMHBzaF8?entry=ttu&g_ep=EgoyMDI1MDkxNy4wIKXMDSoASAFQAw%3D%3D",5,Northern Territory,Gorge Rd,False,,,Nitmiluk National Park,4.6,,https://www.google.com/maps/search/?api=1&query=Nitmiluk%20National%20Park&query_place_id=ChIJGyuvj02HuiwRYO2wDakXAg8,,Positive
"Gorge Rd, Nitmiluk NT 0852, Australia",National park,National park,1081452875368951136,Nitmiluk,AU,0x2cba874d8faf2b1b:0xf0217a90db0ed60,https://lh3.googleusercontent.com/gps-cs-s/AC9h4nqucVhUkszMsbNFuo8KopTZabjnSZWcFXEu6bbpLr7j96pX5n2DtpNM5HMhPKxB_dYEXN1oartSV04GcL4cwyFKVChCx4WkAQ5JqqEVP0KwuIwdfGvx4IjepBTe6XZCE_hgL5R9ug=w408-h306-k-no,False,True,en,0,-14.0873293,132.4970591,Jack Holleley,,en,False,ChIJGyuvj02HuiwRYO2wDakXAg8,852,,a year ago,2024-05-23T23:12:11.339Z,,,,,,ChZDSUhNMG9nS0VJQ0FnSURUcXZ2Z2JnEAE,https://lh3.googleusercontent.com/geougc-cs/AB3l90Ai3rDoicE5FgssZLPEs4oRRct7Trt_hPXRhKEoOxe6uCQebI9yH0NQrF7orqLIEhJrajUt4hsATm9ed1Sb1caNq5X8lcHPVe4UwNi1mv5Iyl1cmdMXYlLRQ_i99VuMX2xuRn9X,,,,,,,,,,,,,,,,,,,,,,,,,,,,,,,,,,,,,,,,,,,Google,https://www.google.com/maps/reviews/data=!4m8!14m7!1m6!2m5!1sChZDSUhNMG9nS0VJQ0FnSURUcXZ2Z2JnEAE!2m1!1s0x0:0xf0217a90db0ed60!3m1!1s2@1:CIHM0ogKEICAgIDTqvvgbg%7C%7C?hl=en,117855514122291384423,42,https://lh3.googleusercontent.com/a/ACg8ocJHh78orVZiO3li6pso1Mw0mGZDqdKJ5uim6Sq2OgOw_X2Gzg=s1920-c-rp-mo-ba3-br100,https://www.google.com/maps/contrib/117855514122291384423?hl=en,640,2025-09-22T01:50:38.650Z,"Direct Detail URL: https://www.google.com/maps/place/Nitmiluk+National+Park/@-14.0873241,132.4944842,17z/data=!4m8!3m7!1s0x2cba874d8faf2b1b:0xf0217a90db0ed60!8m2!3d-14.0873293!4d132.4970591!9m1!1b1!16zL20vMHBzaF8?entry=ttu&g_ep=EgoyMDI1MDkxNy4wIKXMDSoASAFQAw%3D%3D",5,Northern Territory,Gorge Rd,False,"We had a great time, Southern Rockhole was magic, a great spot!",,Nitmiluk National Park,4.6,,https://www.google.com/maps/search/?api=1&query=Nitmiluk%20National%20Park&query_place_id=ChIJGyuvj02HuiwRYO2wDakXAg8,,Positive
"Gorge Rd, Nitmiluk NT 0852, Australia",National park,National park,1081452875368951136,Nitmiluk,AU,0x2cba874d8faf2b1b:0xf0217a90db0ed60,https://lh3.googleusercontent.com/gps-cs-s/AC9h4nqucVhUkszMsbNFuo8KopTZabjnSZWcFXEu6bbpLr7j96pX5n2DtpNM5HMhPKxB_dYEXN1oartSV04GcL4cwyFKVChCx4WkAQ5JqqEVP0KwuIwdfGvx4IjepBTe6XZCE_hgL5R9ug=w408-h306-k-no,False,True,en,0,-14.0873293,132.4970591,Carmen Smith,,en,False,ChIJGyuvj02HuiwRYO2wDakXAg8,852,,a year ago,2024-05-02T22:45:50.653Z,,,,,,ChdDSUhNMG9nS0VJQ0FnSURqMW91MTBBRRAB,,,,,,,,,,,,,,,,,,,,,,,,,,,,,,,,,,,,,,,,,,,,Google,https://www.google.com/maps/reviews/data=!4m8!14m7!1m6!2m5!1sChdDSUhNMG9nS0VJQ0FnSURqMW91MTBBRRAB!2m1!1s0x0:0xf0217a90db0ed60!3m1!1s2@1:CIHM0ogKEICAgIDj1ou10AE%7C%7C?hl=en,104647877394451462732,240,https://lh3.googleusercontent.com/a-/ALV-UjU5C9mejWjeaxGPMihqQjVRPWcZmcPmo2rq_qnl7JHaq2wwAwY8=s1920-c-rp-mo-ba4-br100,https://www.google.com/maps/contrib/104647877394451462732?hl=en,640,2025-09-22T01:50:38.650Z,"Direct Detail URL: https://www.google.com/maps/place/Nitmiluk+National+Park/@-14.0873241,132.4944842,17z/data=!4m8!3m7!1s0x2cba874d8faf2b1b:0xf0217a90db0ed60!8m2!3d-14.0873293!4d132.4970591!9m1!1b1!16zL20vMHBzaF8?entry=ttu&g_ep=EgoyMDI1MDkxNy4wIKXMDSoASAFQAw%3D%3D",5,Northern Territory,Gorge Rd,False,Such a beautiful place! Definitely a worth a stop to have a look around. I’m coming back for some more exploring.,,Nitmiluk National Park,4.6,,https://www.google.com/maps/search/?api=1&query=Nitmiluk%20National%20Park&query_place_id=ChIJGyuvj02HuiwRYO2wDakXAg8,,Positive
"Gorge Rd, Nitmiluk NT 0852, Australia",National park,National park,1081452875368951136,Nitmiluk,AU,0x2cba874d8faf2b1b:0xf0217a90db0ed60,https://lh3.googleusercontent.com/gps-cs-s/AC9h4nqucVhUkszMsbNFuo8KopTZabjnSZWcFXEu6bbpLr7j96pX5n2DtpNM5HMhPKxB_dYEXN1oartSV04GcL4cwyFKVChCx4WkAQ5JqqEVP0KwuIwdfGvx4IjepBTe6XZCE_hgL5R9ug=w408-h306-k-no,False,False,en,0,-14.0873293,132.4970591,Kyle Peacock,,,False,ChIJGyuvj02HuiwRYO2wDakXAg8,852,,a year ago,2024-04-23T03:08:02.896Z,,,,,,ChZDSUhNMG9nS0VJQ0FnSUNqOGEycEhnEAE,,,,,,,,,,,,,,,,,,,,,,,,,,,,,,,,,,,,,,,,,,,,Google,https://www.google.com/maps/reviews/data=!4m8!14m7!1m6!2m5!1sChZDSUhNMG9nS0VJQ0FnSUNqOGEycEhnEAE!2m1!1s0x0:0xf0217a90db0ed60!3m1!1s2@1:CIHM0ogKEICAgICj8a2pHg%7C%7C?hl=en,109820791079126744628,6,https://lh3.googleusercontent.com/a/ACg8ocLn4vhvzNZeJI56wc5iHdPUrE3b6wGZvJG9DvGzMeyhdp4igQ=s1920-c-rp-mo-br100,https://www.google.com/maps/contrib/109820791079126744628?hl=en,640,2025-09-22T01:50:38.650Z,"Direct Detail URL: https://www.google.com/maps/place/Nitmiluk+National+Park/@-14.0873241,132.4944842,17z/data=!4m8!3m7!1s0x2cba874d8faf2b1b:0xf0217a90db0ed60!8m2!3d-14.0873293!4d132.4970591!9m1!1b1!16zL20vMHBzaF8?entry=ttu&g_ep=EgoyMDI1MDkxNy4wIKXMDSoASAFQAw%3D%3D",4,Northern Territory,Gorge Rd,False,,,Nitmiluk National Park,4.6,,https://www.google.com/maps/search/?api=1&query=Nitmiluk%20National%20Park&query_place_id=ChIJGyuvj02HuiwRYO2wDakXAg8,,Positive
"Gorge Rd, Nitmiluk NT 0852, Australia",National park,National park,1081452875368951136,Nitmiluk,AU,0x2cba874d8faf2b1b:0xf0217a90db0ed60,https://lh3.googleusercontent.com/gps-cs-s/AC9h4nqucVhUkszMsbNFuo8KopTZabjnSZWcFXEu6bbpLr7j96pX5n2DtpNM5HMhPKxB_dYEXN1oartSV04GcL4cwyFKVChCx4WkAQ5JqqEVP0KwuIwdfGvx4IjepBTe6XZCE_hgL5R9ug=w408-h306-k-no,False,True,en,0,-14.0873293,132.4970591,Tim Lewis,,en,False,ChIJGyuvj02HuiwRYO2wDakXAg8,852,,a year ago,2023-11-06T03:46:51.173Z,,,,,,ChZDSUhNMG9nS0VJQ0FnSURGMnNYNGVREAE,,,,,,,,,,,,,,,,,,,,,,,,,,,,,,,,,,,,,,,,,,,,Google,https://www.google.com/maps/reviews/data=!4m8!14m7!1m6!2m5!1sChZDSUhNMG9nS0VJQ0FnSURGMnNYNGVREAE!2m1!1s0x0:0xf0217a90db0ed60!3m1!1s2@1:CIHM0ogKEICAgIDF2sX4eQ%7C%7C?hl=en,100930941469861216159,47,https://lh3.googleusercontent.com/a-/ALV-UjV5YCdphuGMWN_k4Np811gPhWHAelPzvn5HfPFXCPbbSVLSSx5P=s1920-c-rp-mo-ba3-br100,https://www.google.com/maps/contrib/100930941469861216159?hl=en,640,2025-09-22T01:50:38.650Z,"Direct Detail URL: https://www.google.com/maps/place/Nitmiluk+National+Park/@-14.0873241,132.4944842,17z/data=!4m8!3m7!1s0x2cba874d8faf2b1b:0xf0217a90db0ed60!8m2!3d-14.0873293!4d132.4970591!9m1!1b1!16zL20vMHBzaF8?entry=ttu&g_ep=EgoyMDI1MDkxNy4wIKXMDSoASAFQAw%3D%3D",5,Northern Territory,Gorge Rd,False,Great to visit,,Nitmiluk National Park,4.6,,https://www.google.com/maps/search/?api=1&query=Nitmiluk%20National%20Park&query_place_id=ChIJGyuvj02HuiwRYO2wDakXAg8,,Positive
"Gorge Rd, Nitmiluk NT 0852, Australia",National park,National park,1081452875368951136,Nitmiluk,AU,0x2cba874d8faf2b1b:0xf0217a90db0ed60,https://lh3.googleusercontent.com/gps-cs-s/AC9h4nqucVhUkszMsbNFuo8KopTZabjnSZWcFXEu6bbpLr7j96pX5n2DtpNM5HMhPKxB_dYEXN1oartSV04GcL4cwyFKVChCx4WkAQ5JqqEVP0KwuIwdfGvx4IjepBTe6XZCE_hgL5R9ug=w408-h306-k-no,False,False,en,0,-14.0873293,132.4970591,Raimo Agan,,en,False,ChIJGyuvj02HuiwRYO2wDakXAg8,852,,a year ago,2023-10-07T08:09:47.865Z,,,,,,ChZDSUhNMG9nS0VJQ0FnSURaX2U2emNBEAE,,,,,,,,,,,,,,,,,,,,,,,,,,,,,,,,,,,,,,,,,,,,Google,https://www.google.com/maps/reviews/data=!4m8!14m7!1m6!2m5!1sChZDSUhNMG9nS0VJQ0FnSURaX2U2emNBEAE!2m1!1s0x0:0xf0217a90db0ed60!3m1!1s2@1:CIHM0ogKEICAgIDZ_e6zcA%7C%7C?hl=en,105798790125945163651,9,https://lh3.googleusercontent.com/a/ACg8ocKMqaikTJEoAqsXGgVWh26Kscst7V0Rj_oKsf7PgLxMa1-Wrw=s1920-c-rp-mo-br100,https://www.google.com/maps/contrib/105798790125945163651?hl=en,640,2025-09-22T01:50:38.650Z,"Direct Detail URL: https://www.google.com/maps/place/Nitmiluk+National+Park/@-14.0873241,132.4944842,17z/data=!4m8!3m7!1s0x2cba874d8faf2b1b:0xf0217a90db0ed60!8m2!3d-14.0873293!4d132.4970591!9m1!1b1!16zL20vMHBzaF8?entry=ttu&g_ep=EgoyMDI1MDkxNy4wIKXMDSoASAFQAw%3D%3D",5,Northern Territory,Gorge Rd,False,Must visit park in NT,,Nitmiluk National Park,4.6,,https://www.google.com/maps/search/?api=1&query=Nitmiluk%20National%20Park&query_place_id=ChIJGyuvj02HuiwRYO2wDakXAg8,,Neutral
"Gorge Rd, Nitmiluk NT 0852, Australia",National park,National park,1081452875368951136,Nitmiluk,AU,0x2cba874d8faf2b1b:0xf0217a90db0ed60,https://lh3.googleusercontent.com/gps-cs-s/AC9h4nqucVhUkszMsbNFuo8KopTZabjnSZWcFXEu6bbpLr7j96pX5n2DtpNM5HMhPKxB_dYEXN1oartSV04GcL4cwyFKVChCx4WkAQ5JqqEVP0KwuIwdfGvx4IjepBTe6XZCE_hgL5R9ug=w408-h306-k-no,False,True,en,0,-14.0873293,132.4970591,Creesha Learmontov,,en,False,ChIJGyuvj02HuiwRYO2wDakXAg8,852,,a year ago,2023-09-24T04:54:18.393Z,,,,,,ChZDSUhNMG9nS0VJQ0FnSURadUlXMkVBEAE,https://lh3.googleusercontent.com/geougc-cs/AB3l90DBIF04tK8-iD0bp3ULyAt9UE14JSZ4TFWdWeNP314aQV0ZbVvasm8CRqNBCiUIai6hxPg5mTLpo1T80tr4BOLlid03_CRZomRL38sQZzqNB1ggSRnPzpUYmp4kih03Pny1lUfF,https://lh3.googleusercontent.com/geougc-cs/AB3l90AH-uOyginDp3qi4_g1dH71-NNOGAPBcg_7Kkb79E4kwHHefdrw9xNDgNugFbWKaHjgHt5k5zsxM1FYkzylY8qJshMUSAvd0vbj63L-P_RRQze3YllLc7gi_8yZKnpStzkudaA,https://lh3.googleusercontent.com/geougc-cs/AB3l90AaaoBvAXnwKSrb-8k0RlRRKwkm2k4wxo8Sw2qEbwgxOG1rcW5K2WCXvxT_L_EINsCKioOVqokB4t0kSlCo7bFKR9mZmHqOxEI26odsYsyrfmIzm0PVGWmsXAYBYYJx8Fu2shpYKA,https://lh3.googleusercontent.com/geougc-cs/AB3l90ALFMfCM7ERkA-4nE_OCfThe1Ny9UY2jhKibOYOZ9m5GYVuL0WKJHo7nNGXSsgNgr7t9eJ8jrnvB694BkndjI_WhREiw3WAxn0izm8qexcADgp7XUhp40xDsoYZdVnqYD2kuq0W,,,,,,,,,,,,,,,,,,,,,,,,,,,,,,,,,,,,,,,,Google,https://www.google.com/maps/reviews/data=!4m8!14m7!1m6!2m5!1sChZDSUhNMG9nS0VJQ0FnSURadUlXMkVBEAE!2m1!1s0x0:0xf0217a90db0ed60!3m1!1s2@1:CIHM0ogKEICAgIDZuIW2EA%7C%7C?hl=en,113879110021363671263,67,https://lh3.googleusercontent.com/a-/ALV-UjXBvEFdzxlrQcvHXjpDlpQAjTYOJqqPA2N4DbUoXEExUqbpGQZX=s1920-c-rp-mo-ba3-br100,https://www.google.com/maps/contrib/113879110021363671263?hl=en,640,2025-09-22T01:50:38.650Z,"Direct Detail URL: https://www.google.com/maps/place/Nitmiluk+National+Park/@-14.0873241,132.4944842,17z/data=!4m8!3m7!1s0x2cba874d8faf2b1b:0xf0217a90db0ed60!8m2!3d-14.0873293!4d132.4970591!9m1!1b1!16zL20vMHBzaF8?entry=ttu&g_ep=EgoyMDI1MDkxNy4wIKXMDSoASAFQAw%3D%3D",5,Northern Territory,Gorge Rd,False,Stunning,,Nitmiluk National Park,4.6,,https://www.google.com/maps/search/?api=1&query=Nitmiluk%20National%20Park&query_place_id=ChIJGyuvj02HuiwRYO2wDakXAg8,,Positive
"Gorge Rd, Nitmiluk NT 0852, Australia",National park,National park,1081452875368951136,Nitmiluk,AU,0x2cba874d8faf2b1b:0xf0217a90db0ed60,https://lh3.googleusercontent.com/gps-cs-s/AC9h4nqucVhUkszMsbNFuo8KopTZabjnSZWcFXEu6bbpLr7j96pX5n2DtpNM5HMhPKxB_dYEXN1oartSV04GcL4cwyFKVChCx4WkAQ5JqqEVP0KwuIwdfGvx4IjepBTe6XZCE_hgL5R9ug=w408-h306-k-no,False,True,en,0,-14.0873293,132.4970591,ศักดิ์ชาย แซ่ตั่น,,en,False,ChIJGyuvj02HuiwRYO2wDakXAg8,852,,2 years ago,2023-09-21T16:49:53.181Z,,,,,,ChdDSUhNMG9nS0VJQ0FnSUNaXzkyVzNRRRAB,,,,,,,,,,,,,,,,,,,,,,,,,,,,,,,,,,,,,,,,,,,,Google,https://www.google.com/maps/reviews/data=!4m8!14m7!1m6!2m5!1sChdDSUhNMG9nS0VJQ0FnSUNaXzkyVzNRRRAB!2m1!1s0x0:0xf0217a90db0ed60!3m1!1s2@1:CIHM0ogKEICAgICZ_92W3QE%7C%7C?hl=en,110449871865267047450,35,https://lh3.googleusercontent.com/a/ACg8ocI7n4W9c8Z9MvwbopxRflv3XzjoBXR9a6I39bAch_h4rw4vRjk=s1920-c-rp-mo-ba4-br100,https://www.google.com/maps/contrib/110449871865267047450?hl=en,640,2025-09-22T01:50:38.650Z,"Direct Detail URL: https://www.google.com/maps/place/Nitmiluk+National+Park/@-14.0873241,132.4944842,17z/data=!4m8!3m7!1s0x2cba874d8faf2b1b:0xf0217a90db0ed60!8m2!3d-14.0873293!4d132.4970591!9m1!1b1!16zL20vMHBzaF8?entry=ttu&g_ep=EgoyMDI1MDkxNy4wIKXMDSoASAFQAw%3D%3D",5,Northern Territory,Gorge Rd,False,ABC,,Nitmiluk National Park,4.6,,https://www.google.com/maps/search/?api=1&query=Nitmiluk%20National%20Park&query_place_id=ChIJGyuvj02HuiwRYO2wDakXAg8,,Neutral
"Gorge Rd, Nitmiluk NT 0852, Australia",National park,National park,1081452875368951136,Nitmiluk,AU,0x2cba874d8faf2b1b:0xf0217a90db0ed60,https://lh3.googleusercontent.com/gps-cs-s/AC9h4nqucVhUkszMsbNFuo8KopTZabjnSZWcFXEu6bbpLr7j96pX5n2DtpNM5HMhPKxB_dYEXN1oartSV04GcL4cwyFKVChCx4WkAQ5JqqEVP0KwuIwdfGvx4IjepBTe6XZCE_hgL5R9ug=w408-h306-k-no,False,True,en,0,-14.0873293,132.4970591,alison “GOVEGAN”,,en,False,ChIJGyuvj02HuiwRYO2wDakXAg8,852,,2 years ago,2023-09-20T13:24:32.748Z,,,,,,ChdDSUhNMG9nS0VJQ0FnSUNaOTlXcXJnRRAB,https://lh3.googleusercontent.com/geougc-cs/AB3l90D7WmKJGfY-eX9eSXbQ94v1jOtdLXED6-UAntcTPncWDgIFehbpe-i1krq3KD5JRVOdXwJhufKFtxGyk1d9nCphcSBSscIJVHkYgrFWebyfi1ZbYB3ya8vy4pmf68EWf_mQ4emy,,,,,,,,,,,,,,,,,,,,,,,,,,,,,,,,,,,,,,,,,,,Google,https://www.google.com/maps/reviews/data=!4m8!14m7!1m6!2m5!1sChdDSUhNMG9nS0VJQ0FnSUNaOTlXcXJnRRAB!2m1!1s0x0:0xf0217a90db0ed60!3m1!1s2@1:CIHM0ogKEICAgICZ99WqrgE%7C%7C?hl=en,102422663565284671742,1237,https://lh3.googleusercontent.com/a-/ALV-UjXV_j9fGHqwbQB76gxolOTabxVz818PmfAjOdMzkwi_KkFM-uWtIg=s1920-c-rp-mo-ba6-br100,https://www.google.com/maps/contrib/102422663565284671742?hl=en,640,2025-09-22T01:50:38.650Z,"Direct Detail URL: https://www.google.com/maps/place/Nitmiluk+National+Park/@-14.0873241,132.4944842,17z/data=!4m8!3m7!1s0x2cba874d8faf2b1b:0xf0217a90db0ed60!8m2!3d-14.0873293!4d132.4970591!9m1!1b1!16zL20vMHBzaF8?entry=ttu&g_ep=EgoyMDI1MDkxNy4wIKXMDSoASAFQAw%3D%3D",5,Northern Territory,Gorge Rd,False,Walked the 63 Klm Jatbula track. Amazing no words can describe the beauty.,,Nitmiluk National Park,4.6,,https://www.google.com/maps/search/?api=1&query=Nitmiluk%20National%20Park&query_place_id=ChIJGyuvj02HuiwRYO2wDakXAg8,,Positive
"Gorge Rd, Nitmiluk NT 0852, Australia",National park,National park,1081452875368951136,Nitmiluk,AU,0x2cba874d8faf2b1b:0xf0217a90db0ed60,https://lh3.googleusercontent.com/gps-cs-s/AC9h4nqucVhUkszMsbNFuo8KopTZabjnSZWcFXEu6bbpLr7j96pX5n2DtpNM5HMhPKxB_dYEXN1oartSV04GcL4cwyFKVChCx4WkAQ5JqqEVP0KwuIwdfGvx4IjepBTe6XZCE_hgL5R9ug=w408-h306-k-no,False,True,en,0,-14.0873293,132.4970591,Robin,,de,False,ChIJGyuvj02HuiwRYO2wDakXAg8,852,,2 years ago,2023-09-05T09:56:24.915Z,,,,,,ChdDSUhNMG9nS0VJQ0FnSUNaOU9pZGlRRRAB,,,,,,,,,,,,,,,,,,,,,,,,,,,,,,,,,,,,,,,,,,,,Google,https://www.google.com/maps/reviews/data=!4m8!14m7!1m6!2m5!1sChdDSUhNMG9nS0VJQ0FnSUNaOU9pZGlRRRAB!2m1!1s0x0:0xf0217a90db0ed60!3m1!1s2@1:CIHM0ogKEICAgICZ9OidiQE%7C%7C?hl=en,104041829032928422812,55,https://lh3.googleusercontent.com/a-/ALV-UjWSgwJ5AKE7J4Tr2CkoMAWpIRdUU2e-QEMlMwfxbC5RpfcPBoll=s1920-c-rp-mo-ba3-br100,https://www.google.com/maps/contrib/104041829032928422812?hl=en,640,2025-09-22T01:50:38.650Z,"Direct Detail URL: https://www.google.com/maps/place/Nitmiluk+National+Park/@-14.0873241,132.4944842,17z/data=!4m8!3m7!1s0x2cba874d8faf2b1b:0xf0217a90db0ed60!8m2!3d-14.0873293!4d132.4970591!9m1!1b1!16zL20vMHBzaF8?entry=ttu&g_ep=EgoyMDI1MDkxNy4wIKXMDSoASAFQAw%3D%3D",5,Northern Territory,Gorge Rd,False,"Sehr schöner Nationalpark. Die Mitarbeiter des Visitor Centers sind sehr hilfsbereit und nett. Bootstouren sollten im Voraus gebucht werden, wir konnten leider keine unternehmen, da sie bereits ausgebucht waren. Wir haben eine Wanderung unternommen, dies hat sich sehr gelohnt.","A very beautiful national park. The staff at the visitor center are very helpful and friendly. Boat tours should be booked in advance; unfortunately, we couldn't take one because they were already fully booked. We did go on a hike, which was well worth it.",Nitmiluk National Park,4.6,en,https://www.google.com/maps/search/?api=1&query=Nitmiluk%20National%20Park&query_place_id=ChIJGyuvj02HuiwRYO2wDakXAg8,,Neutral
"Gorge Rd, Nitmiluk NT 0852, Australia",National park,National park,1081452875368951136,Nitmiluk,AU,0x2cba874d8faf2b1b:0xf0217a90db0ed60,https://lh3.googleusercontent.com/gps-cs-s/AC9h4nqucVhUkszMsbNFuo8KopTZabjnSZWcFXEu6bbpLr7j96pX5n2DtpNM5HMhPKxB_dYEXN1oartSV04GcL4cwyFKVChCx4WkAQ5JqqEVP0KwuIwdfGvx4IjepBTe6XZCE_hgL5R9ug=w408-h306-k-no,False,True,en,0,-14.0873293,132.4970591,Werner Tubbe,,en,False,ChIJGyuvj02HuiwRYO2wDakXAg8,852,,2 years ago,2023-08-19T10:01:55.667Z,,,,,,ChdDSUhNMG9nS0VJQ0FnSURwc3E2bm1nRRAB,https://lh3.googleusercontent.com/geougc-cs/AB3l90DvauHCYQ-t0eCCn8k3FmvGBQ2N2b2ZdyK9q4_1YL2z38I5La0hmno8DrZLPcglYus3J_X7JaDuNTdg6hAnWfDaxZp214XF9FafhWulTeQXF2VCuLE5_g6_Bgp2kvs0SO8N49s,https://lh3.googleusercontent.com/geougc-cs/AB3l90CT4sjBbnvlKMwHSm6XEBwlu-5RMHp6f_GcnuC_z5K6faB7l0kj9VD6poa2cBFgr9ZCG_VBqHDjpHDN735-P5ALZWf9Utf3cEws7L91yZB1KY4BySoa1l7PEVx-EOGzY5b-CDQo0Q,,,,,,,,,,,,,,,,,,,,,,,,,,,,,,,,,,,,,,,,,,Google,https://www.google.com/maps/reviews/data=!4m8!14m7!1m6!2m5!1sChdDSUhNMG9nS0VJQ0FnSURwc3E2bm1nRRAB!2m1!1s0x0:0xf0217a90db0ed60!3m1!1s2@1:CIHM0ogKEICAgIDpsq6nmgE%7C%7C?hl=en,101788053893951003884,72,https://lh3.googleusercontent.com/a-/ALV-UjV6kE1SG5hftq58hcok-8KBuVOcQ_pQ98vMhMfCOWrWYAtQpqEY=s1920-c-rp-mo-ba4-br100,https://www.google.com/maps/contrib/101788053893951003884?hl=en,640,2025-09-22T01:50:38.650Z,"Direct Detail URL: https://www.google.com/maps/place/Nitmiluk+National+Park/@-14.0873241,132.4944842,17z/data=!4m8!3m7!1s0x2cba874d8faf2b1b:0xf0217a90db0ed60!8m2!3d-14.0873293!4d132.4970591!9m1!1b1!16zL20vMHBzaF8?entry=ttu&g_ep=EgoyMDI1MDkxNy4wIKXMDSoASAFQAw%3D%3D",5,Northern Territory,Gorge Rd,False,Incredible gorge. Tranquil and serene to cruise on the river between the high cliffs. Mighty experience.,,Nitmiluk National Park,4.6,,https://www.google.com/maps/search/?api=1&query=Nitmiluk%20National%20Park&query_place_id=ChIJGyuvj02HuiwRYO2wDakXAg8,,Positive
"Gorge Rd, Nitmiluk NT 0852, Australia",National park,National park,1081452875368951136,Nitmiluk,AU,0x2cba874d8faf2b1b:0xf0217a90db0ed60,https://lh3.googleusercontent.com/gps-cs-s/AC9h4nqucVhUkszMsbNFuo8KopTZabjnSZWcFXEu6bbpLr7j96pX5n2DtpNM5HMhPKxB_dYEXN1oartSV04GcL4cwyFKVChCx4WkAQ5JqqEVP0KwuIwdfGvx4IjepBTe6XZCE_hgL5R9ug=w408-h306-k-no,False,True,en,0,-14.0873293,132.4970591,Ian Smith,,en,False,ChIJGyuvj02HuiwRYO2wDakXAg8,852,,2 years ago,2023-08-13T04:31:52.896Z,,,,,In main visitors centre . Clean and access for wheelchairs.,ChdDSUhNMG9nS0VJQ0FnSUNwNzRhTWtRRRAB,https://lh3.googleusercontent.com/geougc-cs/AB3l90BW4DewLz11WaYsOX02TMlWmYX0gfFUpElgOsVMHWjsLZoIBogtAbJwD28sm_ijuCybZffVZNC9bG5pT9hENNs7R65Ho8iviAU7ir5to4NVrK0yMQtUQ89O8Q5Lt9LdNZSXj1Ur,,,,,,,,,,,,,,,,,,,,,,,,,,,,,,,,,,,,,,,,,,,Google,https://www.google.com/maps/reviews/data=!4m8!14m7!1m6!2m5!1sChdDSUhNMG9nS0VJQ0FnSUNwNzRhTWtRRRAB!2m1!1s0x0:0xf0217a90db0ed60!3m1!1s2@1:CIHM0ogKEICAgICp74aMkQE%7C%7C?hl=en,109891695743048499689,389,https://lh3.googleusercontent.com/a-/ALV-UjVhltj1kKhjLveooa8UdtBwQXoo4ePYEH9eeookPXtrTLwAUgIG9w=s1920-c-rp-mo-ba5-br100,https://www.google.com/maps/contrib/109891695743048499689?hl=en,640,2025-09-22T01:50:38.650Z,"Direct Detail URL: https://www.google.com/maps/place/Nitmiluk+National+Park/@-14.0873241,132.4944842,17z/data=!4m8!3m7!1s0x2cba874d8faf2b1b:0xf0217a90db0ed60!8m2!3d-14.0873293!4d132.4970591!9m1!1b1!16zL20vMHBzaF8?entry=ttu&g_ep=EgoyMDI1MDkxNy4wIKXMDSoASAFQAw%3D%3D",4,Northern Territory,Gorge Rd,False,Requires a certain level of fitness. NT parks are not free anymore. You have to purchase a parks pass online. The main visitors centre has a cafe and clean toilets. Just felt like it was setup to release me of my money. There are glimpses of the river  on a short walk along the bank.,,Nitmiluk National Park,4.6,,https://www.google.com/maps/search/?api=1&query=Nitmiluk%20National%20Park&query_place_id=ChIJGyuvj02HuiwRYO2wDakXAg8,,Positive
"Gorge Rd, Nitmiluk NT 0852, Australia",National park,National park,1081452875368951136,Nitmiluk,AU,0x2cba874d8faf2b1b:0xf0217a90db0ed60,https://lh3.googleusercontent.com/gps-cs-s/AC9h4nqucVhUkszMsbNFuo8KopTZabjnSZWcFXEu6bbpLr7j96pX5n2DtpNM5HMhPKxB_dYEXN1oartSV04GcL4cwyFKVChCx4WkAQ5JqqEVP0KwuIwdfGvx4IjepBTe6XZCE_hgL5R9ug=w408-h306-k-no,False,True,en,0,-14.0873293,132.4970591,Karl Tattersall,,,False,ChIJGyuvj02HuiwRYO2wDakXAg8,852,,2 years ago,2023-08-12T00:24:37.407Z,,,,,,ChdDSUhNMG9nS0VJQ0FnSUNwNS1mMF9nRRAB,,,,,,,,,,,,,,,,,,,,,,,,,,,,,,,,,,,,,,,,,,,,Google,https://www.google.com/maps/reviews/data=!4m8!14m7!1m6!2m5!1sChdDSUhNMG9nS0VJQ0FnSUNwNS1mMF9nRRAB!2m1!1s0x0:0xf0217a90db0ed60!3m1!1s2@1:CIHM0ogKEICAgICp5-f0_gE%7C%7C?hl=en,118169063230111650207,127,https://lh3.googleusercontent.com/a-/ALV-UjX_UKnkcDJdIuobALddfWnOpguU-nYyQiuUGm4RiM7PMnQUR3m9=s1920-c-rp-mo-ba5-br100,https://www.google.com/maps/contrib/118169063230111650207?hl=en,640,2025-09-22T01:50:38.650Z,"Direct Detail URL: https://www.google.com/maps/place/Nitmiluk+National+Park/@-14.0873241,132.4944842,17z/data=!4m8!3m7!1s0x2cba874d8faf2b1b:0xf0217a90db0ed60!8m2!3d-14.0873293!4d132.4970591!9m1!1b1!16zL20vMHBzaF8?entry=ttu&g_ep=EgoyMDI1MDkxNy4wIKXMDSoASAFQAw%3D%3D",5,Northern Territory,Gorge Rd,False,,,Nitmiluk National Park,4.6,,https://www.google.com/maps/search/?api=1&query=Nitmiluk%20National%20Park&query_place_id=ChIJGyuvj02HuiwRYO2wDakXAg8,,Positive
"Gorge Rd, Nitmiluk NT 0852, Australia",National park,National park,1081452875368951136,Nitmiluk,AU,0x2cba874d8faf2b1b:0xf0217a90db0ed60,https://lh3.googleusercontent.com/gps-cs-s/AC9h4nqucVhUkszMsbNFuo8KopTZabjnSZWcFXEu6bbpLr7j96pX5n2DtpNM5HMhPKxB_dYEXN1oartSV04GcL4cwyFKVChCx4WkAQ5JqqEVP0KwuIwdfGvx4IjepBTe6XZCE_hgL5R9ug=w408-h306-k-no,False,True,en,0,-14.0873293,132.4970591,John Eller,,en,False,ChIJGyuvj02HuiwRYO2wDakXAg8,852,,2 years ago,2023-08-08T09:50:30.782Z,,,,,,ChdDSUhNMG9nS0VJQ0FnSUNwemZLVTBnRRAB,,,,,,,,,,,,,,,,,,,,,,,,,,,,,,,,,,,,,,,,,,,,Google,https://www.google.com/maps/reviews/data=!4m8!14m7!1m6!2m5!1sChdDSUhNMG9nS0VJQ0FnSUNwemZLVTBnRRAB!2m1!1s0x0:0xf0217a90db0ed60!3m1!1s2@1:CIHM0ogKEICAgICpzfKU0gE%7C%7C?hl=en,117112554741920355805,201,https://lh3.googleusercontent.com/a-/ALV-UjVsFY4ntEOPHkBLXN4bSg10gWtCnHUpAeI1sau4wsC9zOgLpwak=s1920-c-rp-mo-ba4-br100,https://www.google.com/maps/contrib/117112554741920355805?hl=en,640,2025-09-22T01:50:38.650Z,"Direct Detail URL: https://www.google.com/maps/place/Nitmiluk+National+Park/@-14.0873241,132.4944842,17z/data=!4m8!3m7!1s0x2cba874d8faf2b1b:0xf0217a90db0ed60!8m2!3d-14.0873293!4d132.4970591!9m1!1b1!16zL20vMHBzaF8?entry=ttu&g_ep=EgoyMDI1MDkxNy4wIKXMDSoASAFQAw%3D%3D",3,Northern Territory,Gorge Rd,False,"2 night stay. Overbooked and overpriced. We were stuck near the garbage collection area which was ""off"" sitting in the hot sun. Won't rush back.",,Nitmiluk National Park,4.6,,https://www.google.com/maps/search/?api=1&query=Nitmiluk%20National%20Park&query_place_id=ChIJGyuvj02HuiwRYO2wDakXAg8,,Positive
"Gorge Rd, Nitmiluk NT 0852, Australia",National park,National park,1081452875368951136,Nitmiluk,AU,0x2cba874d8faf2b1b:0xf0217a90db0ed60,https://lh3.googleusercontent.com/gps-cs-s/AC9h4nqucVhUkszMsbNFuo8KopTZabjnSZWcFXEu6bbpLr7j96pX5n2DtpNM5HMhPKxB_dYEXN1oartSV04GcL4cwyFKVChCx4WkAQ5JqqEVP0KwuIwdfGvx4IjepBTe6XZCE_hgL5R9ug=w408-h306-k-no,False,True,en,0,-14.0873293,132.4970591,Shane Mooney,,,False,ChIJGyuvj02HuiwRYO2wDakXAg8,852,,2 years ago,2023-08-01T02:05:46.403Z,,,,,,ChdDSUhNMG9nS0VJQ0FnSUNwc295YmlBRRAB,,,,,,,,,,,,,,,,,,,,,,,,,,,,,,,,,,,,,,,,,,,,Google,https://www.google.com/maps/reviews/data=!4m8!14m7!1m6!2m5!1sChdDSUhNMG9nS0VJQ0FnSUNwc295YmlBRRAB!2m1!1s0x0:0xf0217a90db0ed60!3m1!1s2@1:CIHM0ogKEICAgICpsoybiAE%7C%7C?hl=en,107819598928819507014,1,https://lh3.googleusercontent.com/a-/ALV-UjVu6NjQ0p1YxyrVTxqcKGqe04gtpCgTxjzqiXrIntBF2tl0DCEoig=s1920-c-rp-mo-ba3-br100,https://www.google.com/maps/contrib/107819598928819507014?hl=en,640,2025-09-22T01:50:38.650Z,"Direct Detail URL: https://www.google.com/maps/place/Nitmiluk+National+Park/@-14.0873241,132.4944842,17z/data=!4m8!3m7!1s0x2cba874d8faf2b1b:0xf0217a90db0ed60!8m2!3d-14.0873293!4d132.4970591!9m1!1b1!16zL20vMHBzaF8?entry=ttu&g_ep=EgoyMDI1MDkxNy4wIKXMDSoASAFQAw%3D%3D",5,Northern Territory,Gorge Rd,False,,,Nitmiluk National Park,4.6,,https://www.google.com/maps/search/?api=1&query=Nitmiluk%20National%20Park&query_place_id=ChIJGyuvj02HuiwRYO2wDakXAg8,,Positive
"Gorge Rd, Nitmiluk NT 0852, Australia",National park,National park,1081452875368951136,Nitmiluk,AU,0x2cba874d8faf2b1b:0xf0217a90db0ed60,https://lh3.googleusercontent.com/gps-cs-s/AC9h4nqucVhUkszMsbNFuo8KopTZabjnSZWcFXEu6bbpLr7j96pX5n2DtpNM5HMhPKxB_dYEXN1oartSV04GcL4cwyFKVChCx4WkAQ5JqqEVP0KwuIwdfGvx4IjepBTe6XZCE_hgL5R9ug=w408-h306-k-no,False,True,en,0,-14.0873293,132.4970591,与太阳有约,,en,False,ChIJGyuvj02HuiwRYO2wDakXAg8,852,,2 years ago,2023-07-26T02:08:08.529Z,,,,,,ChZDSUhNMG9nS0VJQ0FnSURKdi1lamJBEAE,https://lh3.googleusercontent.com/geougc-cs/AB3l90Dekrtt5JhkIkNv5ZKoP3c5O5IUH_t6dJ4Ciin5oqNJw5kC3eTJC-0DeaxlMw7Jc_qrAvIGkJJz-12RQpq5EsH4YcRapv-cnrD25-KqPcHQjV9AMQ5cvyaye7eK8dTpRYDuoCI,https://lh3.googleusercontent.com/geougc-cs/AB3l90DL5vPlIJ3br8AEA_pu9scCnqavZvuQ51_TXfkl9xJFxj2lF4yKtm8ofi39mkfD8yFjefwugfE9G24WOeY6zNmm5ejYnJC3bPKfilDgN6zlWMpWL4__f5frLHx7439RpK4RfqWRuA,https://lh3.googleusercontent.com/geougc-cs/AB3l90DvP7hcmLXWh46PEsNwZ5l5nzWgbTo2Fl3EHCbaYkE1af7X6MxaRoLGhRswQiO1g4Lm90nQTbiUYXcUg2H5TOv4F2i-U4XZj00hjWIw87rfoD6U0OiguB2qv78Ghym8l9I1b8uA,https://lh3.googleusercontent.com/geougc-cs/AB3l90DJ9p0cXPzhnfDGaNi5qJmsET7zcLONzMoj-EHTZQjJQtkqzMi89kpBIYTxJOcLO5zl4wEzf3l_eoYdff67_lJXDpJbUP_DZVXuXYwINz7UlKc3C98-K6hrlVLXiDVrC9-VAF5A4A,https://lh3.googleusercontent.com/geougc-cs/AB3l90BD2poky7KGpiVS4DpiSfp7VhM3nYLneSNuLr26OrCx9SRWyNKOQ4jYRFFuFVe4-dbRDFI9-h_tOZdOX8tI5418IdzRTRFp-8WvswTm1EaKCbKOlB0_lE57gZDR_eh269RFupBL,https://lh3.googleusercontent.com/geougc-cs/AB3l90A9aTzfmb2dG6EGlt-mfDpnMqkuS-U9hygH6DlG3omKvHOCyZJAXsFaMrXKsnxPd1HYElSof9q7Cnq3zwZZSIDYIb3mylq0AiZp_SUE005zxbjDz4Ntxzp5f8VYbAscIX0-hH9W9w,https://lh3.googleusercontent.com/geougc-cs/AB3l90BlIv93YkPg-bMYWAEQVb3f803Z0qRHmLoSbqe5ZsxewgyCVORP_LGy0qpAo9riXGSRPGpdcypAfXkPxp-kNG94gN0UOyPwPZX8GHRRav6Xjf5u8hCaRfNG06dOWQLpe-oys_ha,https://lh3.googleusercontent.com/geougc-cs/AB3l90AiNVSuvs4VkqYR9bFWJ2cISgeuvy8EfZAVJU24TLp1swkiJcXZNZexXZDV0m_D-SHxc4k6R736c8ckCfDo3KhEYK9gbU1FFVSB42AhnPNaXClmNIB8w8ohf29uhtM_TPxUBpZxmA,https://lh3.googleusercontent.com/geougc-cs/AB3l90A8CpuncIQH8yjLVCGJc3sJDZLHDt2TGriKPjH692UHMCP1hiRKdOYq3BWA6kn2vwmcQHp04ocvHFKNAfh3hpSYow8iV28QFd0XB2rwBAwrrmUsvNWywhfqw6EzHWGxNsQlTvokIA,,,,,,,,,,,,,,,,,,,,,,,,,,,,,,,,,,,Google,https://www.google.com/maps/reviews/data=!4m8!14m7!1m6!2m5!1sChZDSUhNMG9nS0VJQ0FnSURKdi1lamJBEAE!2m1!1s0x0:0xf0217a90db0ed60!3m1!1s2@1:CIHM0ogKEICAgIDJv-ejbA%7C%7C?hl=en,110079111681088513473,98,https://lh3.googleusercontent.com/a-/ALV-UjUZnYq08ssMlHsSJd56ZrN42tQCqPA-ivLzfEcwl2cg_JoR5Kef-Q=s1920-c-rp-mo-ba5-br100,https://www.google.com/maps/contrib/110079111681088513473?hl=en,640,2025-09-22T01:50:38.650Z,"Direct Detail URL: https://www.google.com/maps/place/Nitmiluk+National+Park/@-14.0873241,132.4944842,17z/data=!4m8!3m7!1s0x2cba874d8faf2b1b:0xf0217a90db0ed60!8m2!3d-14.0873293!4d132.4970591!9m1!1b1!16zL20vMHBzaF8?entry=ttu&g_ep=EgoyMDI1MDkxNy4wIKXMDSoASAFQAw%3D%3D",5,Northern Territory,Gorge Rd,False,Rainbow spring and swim there at Katherine.,,Nitmiluk National Park,4.6,,https://www.google.com/maps/search/?api=1&query=Nitmiluk%20National%20Park&query_place_id=ChIJGyuvj02HuiwRYO2wDakXAg8,,Neutral
"Gorge Rd, Nitmiluk NT 0852, Australia",National park,National park,1081452875368951136,Nitmiluk,AU,0x2cba874d8faf2b1b:0xf0217a90db0ed60,https://lh3.googleusercontent.com/gps-cs-s/AC9h4nqucVhUkszMsbNFuo8KopTZabjnSZWcFXEu6bbpLr7j96pX5n2DtpNM5HMhPKxB_dYEXN1oartSV04GcL4cwyFKVChCx4WkAQ5JqqEVP0KwuIwdfGvx4IjepBTe6XZCE_hgL5R9ug=w408-h306-k-no,False,True,en,0,-14.0873293,132.4970591,Miroslav Svoboda,,cs,False,ChIJGyuvj02HuiwRYO2wDakXAg8,852,,2 years ago,2023-06-11T04:31:23.331Z,,,,Krásný Green na odpočinek přímo u vody,,ChdDSUhNMG9nS0VJQ0FnSUR4cWVQTGt3RRAB,https://lh3.googleusercontent.com/geougc-cs/AB3l90CR2reR7q2NE0jL5lCFdX2u1uRBNA5rhH5_lgv13O6r5VZgDjSKWB9iV7XgY8ajB_B4FbWfixiTDq2Bazr8Totaw7hlia1IlYPH55Clat016oPa7hiOag4UUnVs4SkL7i0CESva,https://lh3.googleusercontent.com/geougc-cs/AB3l90Alc64m77Mc5OUj2r1X19N15Nxjad2w8FmK6X49RX8q92i17m4KSeJRV29ZzAFltCHP-hI8cEsVF4l2-ZdhMxHfn_TN8ZjYerD6K5W75Xp6AXXT9SmldsR-_JdpoXXLBAAptXhP,https://lh3.googleusercontent.com/geougc-cs/AB3l90BzCkKaGQUwd5lha-ulVryvTYy5agV_xKQJTx2ssQPi5c3EHUISewvggNPeArnoaflg15nX73D315EO50XfUSNf2jPfrpCKJjmKJaTI-RZRVr9SqhSn6etAGEy_2wkGKEiHURvu,https://lh3.googleusercontent.com/geougc-cs/AB3l90Dmvop1DSOy5H5cW5mzO9GaXZKFvYZMUgk5J-6uH52_scFbwJYiShz2Unkz3SqduIHXAZFwOt5jXDDVEByiW180BoI0oaEE9demvwUybjiQi2KFkGKEb6I3gcmm0YiwqW_Z_xqC,https://lh3.googleusercontent.com/geougc-cs/AB3l90CsSMpw4w-OROOrKfds3LdG7j-CYI5z7S23MLB3DZdNcoa4QY89J5fQUDebhWm7EXPOHICH1Z3k5zE6rO83-O-Wla9MTPeNp31C67FKXKYHH1ya8-i0nP2xYn6W-FPaHdK63WWKOQ,https://lh3.googleusercontent.com/geougc-cs/AB3l90DZpqXGK_TUhS8OQjELjvrCf_saAhnftS7Ebm1jB341KImP2ZBrLgfgbmXOfTKfzIWgdGPhGV8gvuZM3nwxNvehlXlw69S2QYIrkKPdmVKKBh71HL3YPBQV4HxWdYqfoTk_aYXP,https://lh3.googleusercontent.com/geougc-cs/AB3l90AqW6h1ebIiNAZMWygWs3q6jCx5p8ORb-RT4nK_JGFWPhbJF2uShpvEm6qrqAaSGi44YZWWanrf0sPwwDVJC6ezjg4JqnEmzpwfUHPmUTDG7l6B8q4QhZd7VGty04sIsnUU0Q0osw,,,,,,,,,,,,,,,,,,,,,,,,,,,,,,,,,,,,,Google,https://www.google.com/maps/reviews/data=!4m8!14m7!1m6!2m5!1sChdDSUhNMG9nS0VJQ0FnSUR4cWVQTGt3RRAB!2m1!1s0x0:0xf0217a90db0ed60!3m1!1s2@1:CIHM0ogKEICAgIDxqePLkwE%7C%7C?hl=en,107892231799574840144,82,https://lh3.googleusercontent.com/a/ACg8ocI91bnhhmMJdzowm_egzLLkUOGu6j9CxHQmhgMjDuIqR8u47A=s1920-c-rp-mo-ba4-br100,https://www.google.com/maps/contrib/107892231799574840144?hl=en,640,2025-09-22T01:50:38.650Z,"Direct Detail URL: https://www.google.com/maps/place/Nitmiluk+National+Park/@-14.0873241,132.4944842,17z/data=!4m8!3m7!1s0x2cba874d8faf2b1b:0xf0217a90db0ed60!8m2!3d-14.0873293!4d132.4970591!9m1!1b1!16zL20vMHBzaF8?entry=ttu&g_ep=EgoyMDI1MDkxNy4wIKXMDSoASAFQAw%3D%3D",5,Northern Territory,Gorge Rd,False,"Nádherný park v okolí Katherine s několika významnými místy jako Edith falls,  krása a další misto doporučuji Katherine Gorge.","A beautiful park near Katherine with several important places such as Edith falls, beauty and another place I recommend is Katherine Gorge.",Nitmiluk National Park,4.6,en,https://www.google.com/maps/search/?api=1&query=Nitmiluk%20National%20Park&query_place_id=ChIJGyuvj02HuiwRYO2wDakXAg8,,Neutral
"Gorge Rd, Nitmiluk NT 0852, Australia",National park,National park,1081452875368951136,Nitmiluk,AU,0x2cba874d8faf2b1b:0xf0217a90db0ed60,https://lh3.googleusercontent.com/gps-cs-s/AC9h4nqucVhUkszMsbNFuo8KopTZabjnSZWcFXEu6bbpLr7j96pX5n2DtpNM5HMhPKxB_dYEXN1oartSV04GcL4cwyFKVChCx4WkAQ5JqqEVP0KwuIwdfGvx4IjepBTe6XZCE_hgL5R9ug=w408-h306-k-no,False,True,en,0,-14.0873293,132.4970591,Richard Mac,,en,False,ChIJGyuvj02HuiwRYO2wDakXAg8,852,,2 years ago,2023-06-03T03:28:40.824Z,,,,,,ChZDSUhNMG9nS0VJQ0FnSUR4akxIaExREAE,https://lh3.googleusercontent.com/geougc-cs/AB3l90CdWwCRw9xbMutgn43uK7EZ8mGmEYyGlXJGlVbRMMcopFK9h1HO30jEmduCkYKO86mjW5ddmsBVwc8SnqP6kBoWm8BezOdpPbveby66HBMsY6_JquirQdQjoV_-x7XnLDTww8Xm2w,https://lh3.googleusercontent.com/geougc-cs/AB3l90A8iMIcpOLc7arQ3Xb2z6NcYn8NGEpM89iR2DERiT292SoOSmGbYET5VePQGD5faN9s00KCJlrnF_ySOYyjc0lP1rUJgXGK3gI5hQCN9N-lbxrFMhKnMPIZ00j5V53F0yK0BGcR,https://lh3.googleusercontent.com/geougc-cs/AB3l90BgnStDDwOVryiZ33k3KQ3zd6khiolpmZyAfmxX9NvbMF0wxFlrCmOmz91PToypU5hRDk6AvXg3u0ernfzwdzK6Q4wtgikHn0UPfQu5u_Mic5tU4dlkdNlriGssNCf_nXc6rsEXzw,https://lh3.googleusercontent.com/geougc-cs/AB3l90Dt5suogKSHgqsRtXv-SsoMacIrHGnWZnKn4SGyKip-SDSIG2JOadyyLcJzyWauGQPhJ0q7Ta8DKdDSj3XHLC1kUFORzG3Q4BtEgjDdT6LYu_eJ_Z_Ju7BRgpUjiqvWv9hbJ2s,https://lh3.googleusercontent.com/geougc-cs/AB3l90DY86OK8LETswCBNgJXXurGY8U3pZXOGrQXDHOHw0wsiRoqSUKeGiDQhMDYAmfErHtAtoRhBAONUHJfBKAkljIrl6BcRZS3Ddf_RuUit7DH8JmZnFt3hznd5_CVcNR45ys6Ud7ctg,,,,,,,,,,,,,,,,,,,,,,,,,,,,,,,,,,,,,,,Google,https://www.google.com/maps/reviews/data=!4m8!14m7!1m6!2m5!1sChZDSUhNMG9nS0VJQ0FnSUR4akxIaExREAE!2m1!1s0x0:0xf0217a90db0ed60!3m1!1s2@1:CIHM0ogKEICAgIDxjLHhLQ%7C%7C?hl=en,106865979341546412893,57,https://lh3.googleusercontent.com/a/ACg8ocItQgwMWPhsy2_kROd3KeBJ_TGMMG2Vh6uNZbvjYlKm9sCUH7Y=s1920-c-rp-mo-ba3-br100,https://www.google.com/maps/contrib/106865979341546412893?hl=en,640,2025-09-22T01:50:38.650Z,"Direct Detail URL: https://www.google.com/maps/place/Nitmiluk+National+Park/@-14.0873241,132.4944842,17z/data=!4m8!3m7!1s0x2cba874d8faf2b1b:0xf0217a90db0ed60!8m2!3d-14.0873293!4d132.4970591!9m1!1b1!16zL20vMHBzaF8?entry=ttu&g_ep=EgoyMDI1MDkxNy4wIKXMDSoASAFQAw%3D%3D",5,Northern Territory,Gorge Rd,False,"Incredible place, the night time cruise and meal on the george was a fantastic experience",,Nitmiluk National Park,4.6,,https://www.google.com/maps/search/?api=1&query=Nitmiluk%20National%20Park&query_place_id=ChIJGyuvj02HuiwRYO2wDakXAg8,,Positive
"Gorge Rd, Nitmiluk NT 0852, Australia",National park,National park,1081452875368951136,Nitmiluk,AU,0x2cba874d8faf2b1b:0xf0217a90db0ed60,https://lh3.googleusercontent.com/gps-cs-s/AC9h4nqucVhUkszMsbNFuo8KopTZabjnSZWcFXEu6bbpLr7j96pX5n2DtpNM5HMhPKxB_dYEXN1oartSV04GcL4cwyFKVChCx4WkAQ5JqqEVP0KwuIwdfGvx4IjepBTe6XZCE_hgL5R9ug=w408-h306-k-no,False,True,en,0,-14.0873293,132.4970591,Dennis & Alison Bant,,,False,ChIJGyuvj02HuiwRYO2wDakXAg8,852,,2 years ago,2023-05-23T04:55:18.794Z,,,,,,ChRDSUhNMG9nS0VJQ0FnSUN4amZRZBAB,https://lh3.googleusercontent.com/geougc-cs/AB3l90AWDxYyEOQZ19FPFNBAWyaRjydI5lBgGev_jB7JPZ2qkJr1dcO-vikAHEInA0QGgK0tHcHKIweeM3IpDZ7W_NK7czwJYUNx1B0Uz5yd1VPHmzv8KhvW1DJgNSqRtaGWfq5t4eoV,https://lh3.googleusercontent.com/geougc-cs/AB3l90DqlpeubpxQSTQ2Ju8cbWnXryEsqtt4YVIHlT__n1Nw5-T7h7PqNIcwPWjV743Uhsj-HWeYBfmMaPKc1TfPnRjsr96Jh0tN5mo7TRFGaB7pQUn1ORqcMnIdiUa5IIgD-CSMfC3M_w,https://lh3.googleusercontent.com/geougc-cs/AB3l90DoxPJCHo1idVgaVWmcgcmOdho0dngB6YPhySU8PMnJreTzqIqldeWTIOQZV_0B50-pj16tchjc3ggbPJqj3knnTAYCJB_yyqYyOCzElhh2ohNvjn8vHxA8N7tBgB-7oJBfr-qv,https://lh3.googleusercontent.com/geougc-cs/AB3l90B8PZ_9E2E1-33_So9XEsivxjAnsSDMtYsugTEpuZNMyWxIff-wVgL9ahQKfBWIARYPDA0Z-P_y9ElG1EcIPAc7f4h270Gy-g3t6jQJwkb6pKbinA3ypMKemvj3iFEMtpf9KioT1g,https://lh3.googleusercontent.com/geougc-cs/AB3l90DRtSX2kmv0ukdJxDNFg7e2IkGGELkZd3Dd4--e7DnW12m5n59VieSK6ftEoMZzCM4NwH_CSwZBdax508C4iY2ePCx4A46YP6ofOoVO26kMcJ03yoacP7zwylqCj48WSRd1lxg5,https://lh3.googleusercontent.com/geougc-cs/AB3l90BSJRHiuL6by9HVxJyWrcmQREF5wwRDJ03Cpk0tAXpWNZbGAcssqapYjMWm6GFY7n0xDoDgkzM1Ian_OlxWT8NKCLOqjhvrv8TapcnN0aGxCsXOd2E5pTD8tS88q0-dbo0Tw-OOyQ,,,,,,,,,,,,,,,,,,,,,,,,,,,,,,,,,,,,,,Google,https://www.google.com/maps/reviews/data=!4m8!14m7!1m6!2m5!1sChRDSUhNMG9nS0VJQ0FnSUN4amZRZBAB!2m1!1s0x0:0xf0217a90db0ed60!3m1!1s2@1:CIHM0ogKEICAgICxjfQd%7C%7C?hl=en,106998814639172388966,697,https://lh3.googleusercontent.com/a-/ALV-UjW_tVB5ph0fS1GuUZEyZ9aA_TfXU2zuk1GeYBppBOef2wbQ772GUQ=s1920-c-rp-mo-ba6-br100,https://www.google.com/maps/contrib/106998814639172388966?hl=en,640,2025-09-22T01:50:38.650Z,"Direct Detail URL: https://www.google.com/maps/place/Nitmiluk+National+Park/@-14.0873241,132.4944842,17z/data=!4m8!3m7!1s0x2cba874d8faf2b1b:0xf0217a90db0ed60!8m2!3d-14.0873293!4d132.4970591!9m1!1b1!16zL20vMHBzaF8?entry=ttu&g_ep=EgoyMDI1MDkxNy4wIKXMDSoASAFQAw%3D%3D",5,Northern Territory,Gorge Rd,False,,,Nitmiluk National Park,4.6,,https://www.google.com/maps/search/?api=1&query=Nitmiluk%20National%20Park&query_place_id=ChIJGyuvj02HuiwRYO2wDakXAg8,,Positive
"Gorge Rd, Nitmiluk NT 0852, Australia",National park,National park,1081452875368951136,Nitmiluk,AU,0x2cba874d8faf2b1b:0xf0217a90db0ed60,https://lh3.googleusercontent.com/gps-cs-s/AC9h4nqucVhUkszMsbNFuo8KopTZabjnSZWcFXEu6bbpLr7j96pX5n2DtpNM5HMhPKxB_dYEXN1oartSV04GcL4cwyFKVChCx4WkAQ5JqqEVP0KwuIwdfGvx4IjepBTe6XZCE_hgL5R9ug=w408-h306-k-no,False,True,en,0,-14.0873293,132.4970591,Linda Hammill,,,False,ChIJGyuvj02HuiwRYO2wDakXAg8,852,,2 years ago,2023-05-20T07:22:24.175Z,,,,,,ChdDSUhNMG9nS0VJQ0FnSUN4OGZXeG93RRAB,,,,,,,,,,,,,,,,,,,,,,,,,,,,,,,,,,,,,,,,,,,,Google,https://www.google.com/maps/reviews/data=!4m8!14m7!1m6!2m5!1sChdDSUhNMG9nS0VJQ0FnSUN4OGZXeG93RRAB!2m1!1s0x0:0xf0217a90db0ed60!3m1!1s2@1:CIHM0ogKEICAgICx8fWxowE%7C%7C?hl=en,113473736027145586130,318,https://lh3.googleusercontent.com/a-/ALV-UjU4vXIfIiZbDn7aE8f5nM2kMlJvbksb4NXBeffw91BQZJoLR4u7pQ=s1920-c-rp-mo-ba6-br100,https://www.google.com/maps/contrib/113473736027145586130?hl=en,640,2025-09-22T01:50:38.650Z,"Direct Detail URL: https://www.google.com/maps/place/Nitmiluk+National+Park/@-14.0873241,132.4944842,17z/data=!4m8!3m7!1s0x2cba874d8faf2b1b:0xf0217a90db0ed60!8m2!3d-14.0873293!4d132.4970591!9m1!1b1!16zL20vMHBzaF8?entry=ttu&g_ep=EgoyMDI1MDkxNy4wIKXMDSoASAFQAw%3D%3D",5,Northern Territory,Gorge Rd,False,,,Nitmiluk National Park,4.6,,https://www.google.com/maps/search/?api=1&query=Nitmiluk%20National%20Park&query_place_id=ChIJGyuvj02HuiwRYO2wDakXAg8,,Positive
"Gorge Rd, Nitmiluk NT 0852, Australia",National park,National park,1081452875368951136,Nitmiluk,AU,0x2cba874d8faf2b1b:0xf0217a90db0ed60,https://lh3.googleusercontent.com/gps-cs-s/AC9h4nqucVhUkszMsbNFuo8KopTZabjnSZWcFXEu6bbpLr7j96pX5n2DtpNM5HMhPKxB_dYEXN1oartSV04GcL4cwyFKVChCx4WkAQ5JqqEVP0KwuIwdfGvx4IjepBTe6XZCE_hgL5R9ug=w408-h306-k-no,False,True,en,0,-14.0873293,132.4970591,Lộc Hứa,,en,False,ChIJGyuvj02HuiwRYO2wDakXAg8,852,,2 years ago,2023-05-20T07:21:25.114Z,,,,,,ChZDSUhNMG9nS0VJQ0FnSUN4OGZYWWVnEAE,https://lh3.googleusercontent.com/geougc-cs/AB3l90CD9HzcewzIqvqahHaYlQ02KnMK0ECtNyNFUWsHqv-X7kwHq3vn3fmqFyVD4y0dBhcqoyDPmA8Dm4wyZl3eBGy5B8-eYQTSSspbEtfRLb37czRjLhFb2CalIPqRnFyMNjD0K_oVpw,https://lh3.googleusercontent.com/geougc-cs/AB3l90Cv_RO2v375gZ8J-vEghYu972p0cAsuHjE9zME49B3myl8aH40O3vcmzfJ6XGZ3uG1bsOf6Y-Q-1nPlakymPSi0Y2HUUJJBB87UjcwYTtUHQQgwkt-aYbr6O2E6wIus1OqCvNSY,https://lh3.googleusercontent.com/geougc-cs/AB3l90CA7biguJhGQdZrwoRxYv6Qk_l8Q_UA8igx8jXNBM8PTSlNibenu4hEHCCxHiEgMJcGITL_TYPM4siRq6ph-xSYW-fHS3_iM7Oa8FKolQlOx5SkuVqkoHGext7eHLVO4a-4KsKdGQ,https://lh3.googleusercontent.com/geougc-cs/AB3l90AqCQ2fFKcOdj-al9FS3ajC1ao-fHbJPrqMEim5FRP_mRCMTKhMYDe5xC80EbC4UMT_uTkdUue1fieg3R9thXyD319-Tjbxfx2gzjbshJSTFO8TIvFtRmyEe3TzuhMl-8ONrWM,https://lh3.googleusercontent.com/geougc-cs/AB3l90AwLTvgZIRQ4D_QHSh-w8nCpObUQVuRLd9H19m4ywhHsA0gFxb70S45_xeWBWc5LevyK0yKJcOqFSeI3sIwG2ftoQtbepJjtNvTW-Kz_rYzCuMB67GRRZ0VzJzOIZaPf7BxTOvg3Q,https://lh3.googleusercontent.com/geougc-cs/AB3l90CzDDAKRfXG2QuINIAthbdiJ24r6G-YlHf8i9t_vqoW3We36si36ESL_g-dtcPowe0rLUahjeR2Qq6gHRme_IOr5X7xRh_1eT06KhB82pvD0GNBe1PGIgOLviYAfLi5Emv4Pac,https://lh3.googleusercontent.com/geougc-cs/AB3l90C8O9N0dse2WYAcf4kL6Hc4y20lNAHL0OCIgoGjVX3hJlKtgxndcwoiGhPW0Dt_LIgiNntmz82mh9eWdBGW60AgkSf_c-4oWaolDCvNMJP2EfoLIDUkInOZos6q9kIpkMm3EazsPA,https://lh3.googleusercontent.com/geougc-cs/AB3l90CuOOc99rwRskZExA_UUG9bBV9JBMqiXJxlCgbigUTbZYNQH1hIoA4x8NmajE0kqbKcPVLymYd7ofJu6vv7KO5a5bDVR9w4rhJ-1W-VmvBb7xADL--0gkJWzV1MJYCeOlhDglc,https://lh3.googleusercontent.com/geougc-cs/AB3l90A_ni3r-YJTrLC8YL823xXEePykeDqb5yooMs5Wl6mxTzBg4daYO1dPVpkQmsmu8Vb09Ac-RynzGNOODRgMq1wX_yUq724mRpbz5zxoaR6OSxJn3BaCLtosKoilYRZZ5uEumsWwJA,https://lh3.googleusercontent.com/geougc-cs/AB3l90DIlaXtichEhrNZG8K0GEJiVjKnkKfeOtXwJun6n_YSV49mQnvHRyoFgMF1EJ32zh42VpqQzRI3JxiEx4zao7U1ooSCyUcw5f7-Nf07HwNYI2xQOYqKLxSSRodQ3E-Ls-S_4PeF,,,,,,,,,,,,,,,,,,,,,,,,,,,,,,,,,,Google,https://www.google.com/maps/reviews/data=!4m8!14m7!1m6!2m5!1sChZDSUhNMG9nS0VJQ0FnSUN4OGZYWWVnEAE!2m1!1s0x0:0xf0217a90db0ed60!3m1!1s2@1:CIHM0ogKEICAgICx8fXYeg%7C%7C?hl=en,116805643283564670515,112,https://lh3.googleusercontent.com/a-/ALV-UjXm4FxP36neHk5koLU6_pm8ky8RPPCyxo3tUeyWIwciuuR_CXQ=s1920-c-rp-mo-ba5-br100,https://www.google.com/maps/contrib/116805643283564670515?hl=en,640,2025-09-22T01:50:38.650Z,"Direct Detail URL: https://www.google.com/maps/place/Nitmiluk+National+Park/@-14.0873241,132.4944842,17z/data=!4m8!3m7!1s0x2cba874d8faf2b1b:0xf0217a90db0ed60!8m2!3d-14.0873293!4d132.4970591!9m1!1b1!16zL20vMHBzaF8?entry=ttu&g_ep=EgoyMDI1MDkxNy4wIKXMDSoASAFQAw%3D%3D",5,Northern Territory,Gorge Rd,False,"Nitmiluk National Park is located in the Katherine region, approximately 320km south of Darwin.

There are 2 main sections to the park:

Nitmiluk Gorge to the south
Leliyn (Edith Falls) to the north.
It's a 90km drive between the 2 sections.

Visit the Nitmiluk Centre to get information on walks, canoe hire, boat tours, camping and more.

Entrance to the Gorge sector of the park is 30km northeast of Katherine via a sealed road.

Leliyn (Edith Falls) is a popular swimming hole and campground for visitors and locals, located 60km north of Katherine via sealed road, accessed via the Stuart Highway.

This diverse and spectacular landscape of Nitmiluk is where Jawoyn people live, work and continue to share their culture with the community and visitors.

This park requires visitors to the NT to have a park pass.",,Nitmiluk National Park,4.6,,https://www.google.com/maps/search/?api=1&query=Nitmiluk%20National%20Park&query_place_id=ChIJGyuvj02HuiwRYO2wDakXAg8,,Positive
"Gorge Rd, Nitmiluk NT 0852, Australia",National park,National park,1081452875368951136,Nitmiluk,AU,0x2cba874d8faf2b1b:0xf0217a90db0ed60,https://lh3.googleusercontent.com/gps-cs-s/AC9h4nqucVhUkszMsbNFuo8KopTZabjnSZWcFXEu6bbpLr7j96pX5n2DtpNM5HMhPKxB_dYEXN1oartSV04GcL4cwyFKVChCx4WkAQ5JqqEVP0KwuIwdfGvx4IjepBTe6XZCE_hgL5R9ug=w408-h306-k-no,False,False,en,0,-14.0873293,132.4970591,Campbell Docherty,,en,False,ChIJGyuvj02HuiwRYO2wDakXAg8,852,,2 years ago,2023-05-19T06:46:28.607Z,,,,,,ChZDSUhNMG9nS0VJQ0FnSUN4d2RmT01nEAE,,,,,,,,,,,,,,,,,,,,,,,,,,,,,,,,,,,,,,,,,,,,Google,https://www.google.com/maps/reviews/data=!4m8!14m7!1m6!2m5!1sChZDSUhNMG9nS0VJQ0FnSUN4d2RmT01nEAE!2m1!1s0x0:0xf0217a90db0ed60!3m1!1s2@1:CIHM0ogKEICAgICxwdfOMg%7C%7C?hl=en,101835768265567119399,2066,https://lh3.googleusercontent.com/a-/ALV-UjUFM0S_FO9mJxR1yu3lIxhlw1bDnjpOEcGuFgPFks6HTbqXO2rLQA=s1920-c-rp-mo-br100,https://www.google.com/maps/contrib/101835768265567119399?hl=en,640,2025-09-22T01:50:38.650Z,"Direct Detail URL: https://www.google.com/maps/place/Nitmiluk+National+Park/@-14.0873241,132.4944842,17z/data=!4m8!3m7!1s0x2cba874d8faf2b1b:0xf0217a90db0ed60!8m2!3d-14.0873293!4d132.4970591!9m1!1b1!16zL20vMHBzaF8?entry=ttu&g_ep=EgoyMDI1MDkxNy4wIKXMDSoASAFQAw%3D%3D",5,Northern Territory,Gorge Rd,False,I found it very interesting that there were  no Termite mounds here. Enjoyed Edith Falls Sweet water and Long Lake Walk. So.e.of the signage could be a little better in some places. Most of it was fine most of the time. Lake is nice as well as having a Kiosk in the park is a great idea.,,Nitmiluk National Park,4.6,,https://www.google.com/maps/search/?api=1&query=Nitmiluk%20National%20Park&query_place_id=ChIJGyuvj02HuiwRYO2wDakXAg8,,Positive
"Gorge Rd, Nitmiluk NT 0852, Australia",National park,National park,1081452875368951136,Nitmiluk,AU,0x2cba874d8faf2b1b:0xf0217a90db0ed60,https://lh3.googleusercontent.com/gps-cs-s/AC9h4nqucVhUkszMsbNFuo8KopTZabjnSZWcFXEu6bbpLr7j96pX5n2DtpNM5HMhPKxB_dYEXN1oartSV04GcL4cwyFKVChCx4WkAQ5JqqEVP0KwuIwdfGvx4IjepBTe6XZCE_hgL5R9ug=w408-h306-k-no,False,True,en,0,-14.0873293,132.4970591,Kylie M,,en,False,ChIJGyuvj02HuiwRYO2wDakXAg8,852,,2 years ago,2023-05-12T08:38:08.819Z,,,,,,ChdDSUhNMG9nS0VJQ0FnSUN4ckpEbGp3RRAB,https://lh3.googleusercontent.com/geougc-cs/AB3l90DqGI0-d2I7RRP4F2LqcJEH8wNj34gcTE1n2xEi4B0kPPTmDIM1VdRJfL8os66bBlDhsmKr1z2NVvnsR6dPWgXv2efmtiNSm6wUonB70ucvsYFHqYyHnj4ngZNU82HpLhjbneem,https://lh3.googleusercontent.com/geougc-cs/AB3l90C875iT8P1PKtH6zauwnlArL68tXXph0NEx6x6skBPKkQrcBbGEGqmCk1pkWmFCWnFGcACiHQeyIK6iZYpqxUEtvgq8QIqlC6nmxKDA8NjVairfAw39JFRlAVhsV2v8OOmjqm55Gg,https://lh3.googleusercontent.com/geougc-cs/AB3l90AFr79sYHi2wROEnJuFxI_B_ComRqrK3ZDwkwQIfDDNycsmCtkaAYU_5QyPpSiozUxzFhdxaNpOGnO65sLx13jFK0zV6a_7ccaOua3FXpUZ8ubMgSLV1zDSPl_HdtQ_MftJfG6U,https://lh3.googleusercontent.com/geougc-cs/AB3l90DfK56Xxbe7IwdOpZ2pvtesj6-AJnJTC4RIv-42hXv2nUoySpNrfRWYqEqVqV2astoLExafpwY8IoLUDQIh7hHDCRkll394JIcBTqx6oqhGpbx0ff_Zvx12gc6EZHajxKPrMfy4,,,,,,,,,,,,,,,,,,,,,,,,,,,,,,,,,,,,,,,,Google,https://www.google.com/maps/reviews/data=!4m8!14m7!1m6!2m5!1sChdDSUhNMG9nS0VJQ0FnSUN4ckpEbGp3RRAB!2m1!1s0x0:0xf0217a90db0ed60!3m1!1s2@1:CIHM0ogKEICAgICxrJDljwE%7C%7C?hl=en,109118609024532727476,162,https://lh3.googleusercontent.com/a-/ALV-UjW0doBTI7GgobXs2x63vCDq9UEcWiRTnnyc-_W4J6qN9OzskwbG=s1920-c-rp-mo-ba4-br100,https://www.google.com/maps/contrib/109118609024532727476?hl=en,640,2025-09-22T01:50:38.650Z,"Direct Detail URL: https://www.google.com/maps/place/Nitmiluk+National+Park/@-14.0873241,132.4944842,17z/data=!4m8!3m7!1s0x2cba874d8faf2b1b:0xf0217a90db0ed60!8m2!3d-14.0873293!4d132.4970591!9m1!1b1!16zL20vMHBzaF8?entry=ttu&g_ep=EgoyMDI1MDkxNy4wIKXMDSoASAFQAw%3D%3D",5,Northern Territory,Gorge Rd,False,Absolutely incredible. A must see. Do the gorge cruise. Just breath taking.,,Nitmiluk National Park,4.6,,https://www.google.com/maps/search/?api=1&query=Nitmiluk%20National%20Park&query_place_id=ChIJGyuvj02HuiwRYO2wDakXAg8,,Positive
"Gorge Rd, Nitmiluk NT 0852, Australia",National park,National park,1081452875368951136,Nitmiluk,AU,0x2cba874d8faf2b1b:0xf0217a90db0ed60,https://lh3.googleusercontent.com/gps-cs-s/AC9h4nqucVhUkszMsbNFuo8KopTZabjnSZWcFXEu6bbpLr7j96pX5n2DtpNM5HMhPKxB_dYEXN1oartSV04GcL4cwyFKVChCx4WkAQ5JqqEVP0KwuIwdfGvx4IjepBTe6XZCE_hgL5R9ug=w408-h306-k-no,False,True,en,0,-14.0873293,132.4970591,N vdW,,en,False,ChIJGyuvj02HuiwRYO2wDakXAg8,852,,2 years ago,2023-05-08T08:56:48.781Z,,,,,,ChZDSUhNMG9nS0VJQ0FnSUN4b0pHckh3EAE,https://lh3.googleusercontent.com/geougc-cs/AB3l90BeLY4Ky0IogDGp3OTwxBY-THmYxTYi1aoIZAuJnHMXksF6Ndf_HDJF199tKaQB462fEx-1xshtMVuq_yHFHTRI69FpD64FICADzLcp7TNPNpLxXcCMK-im058QA9dvsPFlZW8,https://lh3.googleusercontent.com/geougc-cs/AB3l90CYIarqjQyLK806Uc-wwk9TUZAQzH1xTIeyOKIBWr8LkxcS4_6Rkk23TF7AdyCXMj2lwjE2epJ6heb2EyN-S57TaoLKOdvheS8TyCUgfJgomRZKofYrpb275IyYWtGdNzllI3srew,https://lh3.googleusercontent.com/geougc-cs/AB3l90BcMJXxZG-MQTThbicl1kxKBZSzkJhewuYA0cl052J8DPEj68qloDiUK0_N_AnW11Oz2MgJ36hwL5FipEp2dKTCYf3rCo_UMUAS5aPyJm1iOOeInjv64ioCNHQau-gtCAutIowx,https://lh3.googleusercontent.com/geougc-cs/AB3l90ApBkn9baWrjun_VyzoUp0oYFossYnpuTPGGckI74Ah2EZqanXV6fbxkdPjvROHdCiT1yLOOPRLLzP7oebJOEK5Ne_f-K4m6asr-WIy_qMnJbCtbhBcNC7DN93qSySbQeFU4EBRww,https://lh3.googleusercontent.com/geougc-cs/AB3l90C-YCK1H9Shp52CahT0m5nkQPENc3azzdLvSgfo024rvw72Wfa495vjb0Jv_yMHZF7uwVGRXQDpesrSgR5glHKFwtWGalu9mffOeNBHprd_HCNPgSS2aNDAvDun9fNgkUAJyIOf,,,,,,,,,,,,,,,,,,,,,,,,,,,,,,,,,,,,,,,Google,https://www.google.com/maps/reviews/data=!4m8!14m7!1m6!2m5!1sChZDSUhNMG9nS0VJQ0FnSUN4b0pHckh3EAE!2m1!1s0x0:0xf0217a90db0ed60!3m1!1s2@1:CIHM0ogKEICAgICxoJGrHw%7C%7C?hl=en,106157212311692679579,138,https://lh3.googleusercontent.com/a-/ALV-UjVd8LPXSq1M3CDHQsH9n4yB3e4Pw4Z5PW5uy3aXo0XszqLkhV7S=s1920-c-rp-mo-ba4-br100,https://www.google.com/maps/contrib/106157212311692679579?hl=en,640,2025-09-22T01:50:38.650Z,"Direct Detail URL: https://www.google.com/maps/place/Nitmiluk+National+Park/@-14.0873241,132.4944842,17z/data=!4m8!3m7!1s0x2cba874d8faf2b1b:0xf0217a90db0ed60!8m2!3d-14.0873293!4d132.4970591!9m1!1b1!16zL20vMHBzaF8?entry=ttu&g_ep=EgoyMDI1MDkxNy4wIKXMDSoASAFQAw%3D%3D",3,Northern Territory,Gorge Rd,False,"Overrated park in our opinion.
The long hike and the views you get as a reward are a little disappointing if you visited Karijini, Purnululu and Litchfield.
We did a combination of trails; Windolf, Waleka and Burawei. Walked 14k in 6,5 hours (with 4 breaks). Only Pats lookout and Burawei lookout were worth it.
The communication about the walking trails at the information centre and the amount of signs in the park are a bit confusing.
The walk to Southern Rockhole is rocky and steap. There was almost no water in the waterfall when we got there (7th of May) but fun to swim.
No need to go to Jedda's Rock.",,Nitmiluk National Park,4.6,,https://www.google.com/maps/search/?api=1&query=Nitmiluk%20National%20Park&query_place_id=ChIJGyuvj02HuiwRYO2wDakXAg8,,Negative
"Gorge Rd, Nitmiluk NT 0852, Australia",National park,National park,1081452875368951136,Nitmiluk,AU,0x2cba874d8faf2b1b:0xf0217a90db0ed60,https://lh3.googleusercontent.com/gps-cs-s/AC9h4nqucVhUkszMsbNFuo8KopTZabjnSZWcFXEu6bbpLr7j96pX5n2DtpNM5HMhPKxB_dYEXN1oartSV04GcL4cwyFKVChCx4WkAQ5JqqEVP0KwuIwdfGvx4IjepBTe6XZCE_hgL5R9ug=w408-h306-k-no,False,True,en,0,-14.0873293,132.4970591,Nick Pearson,,en,False,ChIJGyuvj02HuiwRYO2wDakXAg8,852,,2 years ago,2023-04-28T08:25:44.832Z,,,,,,ChZDSUhNMG9nS0VJQ0FnSURSeVlHclNBEAE,,,,,,,,,,,,,,,,,,,,,,,,,,,,,,,,,,,,,,,,,,,,Google,https://www.google.com/maps/reviews/data=!4m8!14m7!1m6!2m5!1sChZDSUhNMG9nS0VJQ0FnSURSeVlHclNBEAE!2m1!1s0x0:0xf0217a90db0ed60!3m1!1s2@1:CIHM0ogKEICAgIDRyYGrSA%7C%7C?hl=en,107230670047433199196,95,https://lh3.googleusercontent.com/a-/ALV-UjXyH4d1erQ3yI95-k6qEOjnFVEFeA4VH1Pf0iOb0kPrkt3hnCQ=s1920-c-rp-mo-ba3-br100,https://www.google.com/maps/contrib/107230670047433199196?hl=en,640,2025-09-22T01:50:38.650Z,"Direct Detail URL: https://www.google.com/maps/place/Nitmiluk+National+Park/@-14.0873241,132.4944842,17z/data=!4m8!3m7!1s0x2cba874d8faf2b1b:0xf0217a90db0ed60!8m2!3d-14.0873293!4d132.4970591!9m1!1b1!16zL20vMHBzaF8?entry=ttu&g_ep=EgoyMDI1MDkxNy4wIKXMDSoASAFQAw%3D%3D",1,Northern Territory,Gorge Rd,False,"Beautiful scenery but the info for the walks are inaccurate and dangerous. I go for the walk said 1.9ks from the info centre, reality was over 8kms. Did not have water for that length of walk.",,Nitmiluk National Park,4.6,,https://www.google.com/maps/search/?api=1&query=Nitmiluk%20National%20Park&query_place_id=ChIJGyuvj02HuiwRYO2wDakXAg8,,Positive
"Gorge Rd, Nitmiluk NT 0852, Australia",National park,National park,1081452875368951136,Nitmiluk,AU,0x2cba874d8faf2b1b:0xf0217a90db0ed60,https://lh3.googleusercontent.com/gps-cs-s/AC9h4nqucVhUkszMsbNFuo8KopTZabjnSZWcFXEu6bbpLr7j96pX5n2DtpNM5HMhPKxB_dYEXN1oartSV04GcL4cwyFKVChCx4WkAQ5JqqEVP0KwuIwdfGvx4IjepBTe6XZCE_hgL5R9ug=w408-h306-k-no,False,True,en,0,-14.0873293,132.4970591,Eric S,,,False,ChIJGyuvj02HuiwRYO2wDakXAg8,852,,2 years ago,2023-04-16T18:16:06.118Z,,,,,,ChZDSUhNMG9nS0VJQ0FnSURScUphMFVnEAE,,,,,,,,,,,,,,,,,,,,,,,,,,,,,,,,,,,,,,,,,,,,Google,https://www.google.com/maps/reviews/data=!4m8!14m7!1m6!2m5!1sChZDSUhNMG9nS0VJQ0FnSURScUphMFVnEAE!2m1!1s0x0:0xf0217a90db0ed60!3m1!1s2@1:CIHM0ogKEICAgIDRqJa0Ug%7C%7C?hl=en,118269792173754428154,13,https://lh3.googleusercontent.com/a-/ALV-UjVvH4dQ2xJI2VYu7j8zZmLKQjATKSkxCl8SBVnSBTIx_Mt3KrE=s1920-c-rp-mo-ba2-br100,https://www.google.com/maps/contrib/118269792173754428154?hl=en,640,2025-09-22T01:50:38.650Z,"Direct Detail URL: https://www.google.com/maps/place/Nitmiluk+National+Park/@-14.0873241,132.4944842,17z/data=!4m8!3m7!1s0x2cba874d8faf2b1b:0xf0217a90db0ed60!8m2!3d-14.0873293!4d132.4970591!9m1!1b1!16zL20vMHBzaF8?entry=ttu&g_ep=EgoyMDI1MDkxNy4wIKXMDSoASAFQAw%3D%3D",5,Northern Territory,Gorge Rd,False,,,Nitmiluk National Park,4.6,,https://www.google.com/maps/search/?api=1&query=Nitmiluk%20National%20Park&query_place_id=ChIJGyuvj02HuiwRYO2wDakXAg8,,Positive
"Gorge Rd, Nitmiluk NT 0852, Australia",National park,National park,1081452875368951136,Nitmiluk,AU,0x2cba874d8faf2b1b:0xf0217a90db0ed60,https://lh3.googleusercontent.com/gps-cs-s/AC9h4nqucVhUkszMsbNFuo8KopTZabjnSZWcFXEu6bbpLr7j96pX5n2DtpNM5HMhPKxB_dYEXN1oartSV04GcL4cwyFKVChCx4WkAQ5JqqEVP0KwuIwdfGvx4IjepBTe6XZCE_hgL5R9ug=w408-h306-k-no,False,True,en,0,-14.0873293,132.4970591,Sarah Murray,,en,False,ChIJGyuvj02HuiwRYO2wDakXAg8,852,,2 years ago,2023-03-24T11:10:12.713Z,,,,,,ChZDSUhNMG9nS0VJQ0FnSUNSbUl5amNBEAE,https://lh3.googleusercontent.com/geougc-cs/AB3l90C0LlpmPwek_ljC0Asmo8RaM_Fk47yBpz1VbDnOKmDSiiate9M3IGjOqi_bCZFs1zRULuxfNJGp1qcaB00KqWW3EyfFTs1a85gvWehV-emb2Z9_IY5zzPQLxcKLQoOU_qqfxfzH,https://lh3.googleusercontent.com/geougc-cs/AB3l90C6LS7v0K7YLDADzWJ4gaOKQzd6mNOEFKCkzm7e-sHmq5m7bYu3VP3CcBcjxpParwsRYrKja7f1FMK0VRGsfeIMMLoZkN0FN9C_2L3ACwWTojl07gdrZxTo9hXY4trc14XYWK8u,https://lh3.googleusercontent.com/geougc-cs/AB3l90BlWVjFg-Pi8iPREymGAuXn5DhhcXvJ4-d-zWrI2ZqB103g_I-xlrbrAE1WO0a8A7O95cSudDGXiz50NWLE7doTdorxLIokHFeFo0-QTWVnQtAx--lERdbqZBsIQxf2-7vKUk_8mw,https://lh3.googleusercontent.com/geougc-cs/AB3l90B05k4rqhbrhnxZP0IW8YypbdDKpBQWP7d58_Y2infLrlcV_Dz2xCRP5KJip7ScxODTzWx_XOrINB951C8k3UYZo3qUndrKfJtl416_dpqBaIuwNcs0aOivDZivTzEuWAjydoKc,,,,,,,,,,,,,,,,,,,,,,,,,,,,,,,,,,,,,,,,Google,https://www.google.com/maps/reviews/data=!4m8!14m7!1m6!2m5!1sChZDSUhNMG9nS0VJQ0FnSUNSbUl5amNBEAE!2m1!1s0x0:0xf0217a90db0ed60!3m1!1s2@1:CIHM0ogKEICAgICRmIyjcA%7C%7C?hl=en,103068177413292432495,129,https://lh3.googleusercontent.com/a/ACg8ocJ7TbEKxb0t1pINysBzsaggWqv_MSmMsdINxfGuoi0z3GbnXw=s1920-c-rp-mo-ba4-br100,https://www.google.com/maps/contrib/103068177413292432495?hl=en,640,2025-09-22T01:50:38.650Z,"Direct Detail URL: https://www.google.com/maps/place/Nitmiluk+National+Park/@-14.0873241,132.4944842,17z/data=!4m8!3m7!1s0x2cba874d8faf2b1b:0xf0217a90db0ed60!8m2!3d-14.0873293!4d132.4970591!9m1!1b1!16zL20vMHBzaF8?entry=ttu&g_ep=EgoyMDI1MDkxNy4wIKXMDSoASAFQAw%3D%3D",5,Northern Territory,Gorge Rd,False,"The highlight of our trip. Due to wet season, the service was limited. We enjoyed the boat ride to 2 gorges which was breathtaking. The waterfall was incredible to swim in. The walk wasn't too hard afterwards.",,Nitmiluk National Park,4.6,,https://www.google.com/maps/search/?api=1&query=Nitmiluk%20National%20Park&query_place_id=ChIJGyuvj02HuiwRYO2wDakXAg8,,Positive
"Gorge Rd, Nitmiluk NT 0852, Australia",National park,National park,1081452875368951136,Nitmiluk,AU,0x2cba874d8faf2b1b:0xf0217a90db0ed60,https://lh3.googleusercontent.com/gps-cs-s/AC9h4nqucVhUkszMsbNFuo8KopTZabjnSZWcFXEu6bbpLr7j96pX5n2DtpNM5HMhPKxB_dYEXN1oartSV04GcL4cwyFKVChCx4WkAQ5JqqEVP0KwuIwdfGvx4IjepBTe6XZCE_hgL5R9ug=w408-h306-k-no,False,True,en,0,-14.0873293,132.4970591,heeff (Heg),,en,False,ChIJGyuvj02HuiwRYO2wDakXAg8,852,,2 years ago,2023-02-22T22:42:13.645Z,,,,,,ChZDSUhNMG9nS0VJQ0FnSUNoMi1ERU9BEAE,,,,,,,,,,,,,,,,,,,,,,,,,,,,,,,,,,,,,,,,,,,,Google,https://www.google.com/maps/reviews/data=!4m8!14m7!1m6!2m5!1sChZDSUhNMG9nS0VJQ0FnSUNoMi1ERU9BEAE!2m1!1s0x0:0xf0217a90db0ed60!3m1!1s2@1:CIHM0ogKEICAgICh2-DEOA%7C%7C?hl=en,107263316629084694073,35,https://lh3.googleusercontent.com/a-/ALV-UjUjAle0ELQEpDDObq-6HkaVFxJd6YK1MWUL6kmC0Rya8Enj33TY=s1920-c-rp-mo-ba3-br100,https://www.google.com/maps/contrib/107263316629084694073?hl=en,640,2025-09-22T01:50:38.650Z,"Direct Detail URL: https://www.google.com/maps/place/Nitmiluk+National+Park/@-14.0873241,132.4944842,17z/data=!4m8!3m7!1s0x2cba874d8faf2b1b:0xf0217a90db0ed60!8m2!3d-14.0873293!4d132.4970591!9m1!1b1!16zL20vMHBzaF8?entry=ttu&g_ep=EgoyMDI1MDkxNy4wIKXMDSoASAFQAw%3D%3D",5,Northern Territory,Gorge Rd,False,Lovable,,Nitmiluk National Park,4.6,,https://www.google.com/maps/search/?api=1&query=Nitmiluk%20National%20Park&query_place_id=ChIJGyuvj02HuiwRYO2wDakXAg8,,Positive
"Gorge Rd, Nitmiluk NT 0852, Australia",National park,National park,1081452875368951136,Nitmiluk,AU,0x2cba874d8faf2b1b:0xf0217a90db0ed60,https://lh3.googleusercontent.com/gps-cs-s/AC9h4nqucVhUkszMsbNFuo8KopTZabjnSZWcFXEu6bbpLr7j96pX5n2DtpNM5HMhPKxB_dYEXN1oartSV04GcL4cwyFKVChCx4WkAQ5JqqEVP0KwuIwdfGvx4IjepBTe6XZCE_hgL5R9ug=w408-h306-k-no,False,False,en,0,-14.0873293,132.4970591,Thoko Ndlovu,,,False,ChIJGyuvj02HuiwRYO2wDakXAg8,852,,2 years ago,2023-01-24T15:45:38.413Z,,,,,,ChZDSUhNMG9nS0VJQ0FnSURCcGIzTlR3EAE,,,,,,,,,,,,,,,,,,,,,,,,,,,,,,,,,,,,,,,,,,,,Google,https://www.google.com/maps/reviews/data=!4m8!14m7!1m6!2m5!1sChZDSUhNMG9nS0VJQ0FnSURCcGIzTlR3EAE!2m1!1s0x0:0xf0217a90db0ed60!3m1!1s2@1:CIHM0ogKEICAgIDBpb3NTw%7C%7C?hl=en,115348360465751500890,0,https://lh3.googleusercontent.com/a/ACg8ocK88u12cSCynknA6vZ4u7oHgg8UXxEPqFlp5owlcm0t2RKksQ=s1920-c-rp-mo-br100,https://www.google.com/maps/contrib/115348360465751500890?hl=en,640,2025-09-22T01:50:38.650Z,"Direct Detail URL: https://www.google.com/maps/place/Nitmiluk+National+Park/@-14.0873241,132.4944842,17z/data=!4m8!3m7!1s0x2cba874d8faf2b1b:0xf0217a90db0ed60!8m2!3d-14.0873293!4d132.4970591!9m1!1b1!16zL20vMHBzaF8?entry=ttu&g_ep=EgoyMDI1MDkxNy4wIKXMDSoASAFQAw%3D%3D",5,Northern Territory,Gorge Rd,False,,,Nitmiluk National Park,4.6,,https://www.google.com/maps/search/?api=1&query=Nitmiluk%20National%20Park&query_place_id=ChIJGyuvj02HuiwRYO2wDakXAg8,,Positive
"Gorge Rd, Nitmiluk NT 0852, Australia",National park,National park,1081452875368951136,Nitmiluk,AU,0x2cba874d8faf2b1b:0xf0217a90db0ed60,https://lh3.googleusercontent.com/gps-cs-s/AC9h4nqucVhUkszMsbNFuo8KopTZabjnSZWcFXEu6bbpLr7j96pX5n2DtpNM5HMhPKxB_dYEXN1oartSV04GcL4cwyFKVChCx4WkAQ5JqqEVP0KwuIwdfGvx4IjepBTe6XZCE_hgL5R9ug=w408-h306-k-no,False,True,en,0,-14.0873293,132.4970591,Nicky A,,,False,ChIJGyuvj02HuiwRYO2wDakXAg8,852,,2 years ago,2022-11-28T03:49:07.404Z,,,,,,ChdDSUhNMG9nS0VJQ0FnSUQtLXJmTjRBRRAB,,,,,,,,,,,,,,,,,,,,,,,,,,,,,,,,,,,,,,,,,,,,Google,https://www.google.com/maps/reviews/data=!4m8!14m7!1m6!2m5!1sChdDSUhNMG9nS0VJQ0FnSUQtLXJmTjRBRRAB!2m1!1s0x0:0xf0217a90db0ed60!3m1!1s2@1:CIHM0ogKEICAgID--rfN4AE%7C%7C?hl=en,112404567165146703076,64,https://lh3.googleusercontent.com/a-/ALV-UjUXXwwJe8AvpEIlObQDfd6a3r9FzmwW9O3hn1s4fUiM1X_mkLxeVQ=s1920-c-rp-mo-ba4-br100,https://www.google.com/maps/contrib/112404567165146703076?hl=en,640,2025-09-22T01:50:38.650Z,"Direct Detail URL: https://www.google.com/maps/place/Nitmiluk+National+Park/@-14.0873241,132.4944842,17z/data=!4m8!3m7!1s0x2cba874d8faf2b1b:0xf0217a90db0ed60!8m2!3d-14.0873293!4d132.4970591!9m1!1b1!16zL20vMHBzaF8?entry=ttu&g_ep=EgoyMDI1MDkxNy4wIKXMDSoASAFQAw%3D%3D",5,Northern Territory,Gorge Rd,False,,,Nitmiluk National Park,4.6,,https://www.google.com/maps/search/?api=1&query=Nitmiluk%20National%20Park&query_place_id=ChIJGyuvj02HuiwRYO2wDakXAg8,,Positive
"Gorge Rd, Nitmiluk NT 0852, Australia",National park,National park,1081452875368951136,Nitmiluk,AU,0x2cba874d8faf2b1b:0xf0217a90db0ed60,https://lh3.googleusercontent.com/gps-cs-s/AC9h4nqucVhUkszMsbNFuo8KopTZabjnSZWcFXEu6bbpLr7j96pX5n2DtpNM5HMhPKxB_dYEXN1oartSV04GcL4cwyFKVChCx4WkAQ5JqqEVP0KwuIwdfGvx4IjepBTe6XZCE_hgL5R9ug=w408-h306-k-no,False,False,en,0,-14.0873293,132.4970591,Henrik Skotte,,,False,ChIJGyuvj02HuiwRYO2wDakXAg8,852,,2 years ago,2022-11-23T10:49:02.757Z,,,,,,ChZDSUhNMG9nS0VJQ0FnSUQtcklYcWF3EAE,,,,,,,,,,,,,,,,,,,,,,,,,,,,,,,,,,,,,,,,,,,,Google,https://www.google.com/maps/reviews/data=!4m8!14m7!1m6!2m5!1sChZDSUhNMG9nS0VJQ0FnSUQtcklYcWF3EAE!2m1!1s0x0:0xf0217a90db0ed60!3m1!1s2@1:CIHM0ogKEICAgID-rIXqaw%7C%7C?hl=en,106082392958780632276,5,https://lh3.googleusercontent.com/a/ACg8ocLbQ9pGIIbGwmynXImx_bUN5aNCVtwZBG_iLAZgMXgh_6BWqA=s1920-c-rp-mo-br100,https://www.google.com/maps/contrib/106082392958780632276?hl=en,640,2025-09-22T01:50:38.650Z,"Direct Detail URL: https://www.google.com/maps/place/Nitmiluk+National+Park/@-14.0873241,132.4944842,17z/data=!4m8!3m7!1s0x2cba874d8faf2b1b:0xf0217a90db0ed60!8m2!3d-14.0873293!4d132.4970591!9m1!1b1!16zL20vMHBzaF8?entry=ttu&g_ep=EgoyMDI1MDkxNy4wIKXMDSoASAFQAw%3D%3D",4,Northern Territory,Gorge Rd,False,,,Nitmiluk National Park,4.6,,https://www.google.com/maps/search/?api=1&query=Nitmiluk%20National%20Park&query_place_id=ChIJGyuvj02HuiwRYO2wDakXAg8,,Positive
"Gorge Rd, Nitmiluk NT 0852, Australia",National park,National park,1081452875368951136,Nitmiluk,AU,0x2cba874d8faf2b1b:0xf0217a90db0ed60,https://lh3.googleusercontent.com/gps-cs-s/AC9h4nqucVhUkszMsbNFuo8KopTZabjnSZWcFXEu6bbpLr7j96pX5n2DtpNM5HMhPKxB_dYEXN1oartSV04GcL4cwyFKVChCx4WkAQ5JqqEVP0KwuIwdfGvx4IjepBTe6XZCE_hgL5R9ug=w408-h306-k-no,False,True,en,0,-14.0873293,132.4970591,Rahul Kapadia,,en,False,ChIJGyuvj02HuiwRYO2wDakXAg8,852,,2 years ago,2022-11-17T11:54:19.542Z,,,,,,ChdDSUhNMG9nS0VJQ0FnSUMtMzhEX3ZBRRAB,https://lh3.googleusercontent.com/geougc-cs/AB3l90DQgzyZoFA5RtSvbYjjW9jtjodIterzLlPubU70SfylwUvqhyI39Gmy4q60vCUYlOhIklZ1U4HOqCPzc4NeEuKHRfyyxdd06qV3ihOdcpkdQAnUE8jL6cJSR3ZHOqdk3S2Gtl4G,https://lh3.googleusercontent.com/geougc-cs/AB3l90BTJT0RVqgSTkGicAs5KztApZeRS0zjqMdzDaR2hVNqeqEq6AwI7gi9hm_MZLcoy3HxFiMrEw1Hhb0u47UUoyFuV50IqYBHnmMoHmrrvb0czyfJtATi9YZ972tCReWVJsxudBvozw,https://lh3.googleusercontent.com/geougc-cs/AB3l90C7PtDMo66USDiVrOc3RP1rHkHxMTEPNjwPRtAjmoRq6Q1v7OvUZrnUNlb3AzEoLv3-pWYFo9WkNLDJrZu6A1WfigesP4Bx6PCqIER56sB7Ko2qNFdzofsMEyp9vEaTbKXhqlQc,,,,,,,,,,,,,,,,,,,,,,,,,,,,,,,,,,,,,,,,,Google,https://www.google.com/maps/reviews/data=!4m8!14m7!1m6!2m5!1sChdDSUhNMG9nS0VJQ0FnSUMtMzhEX3ZBRRAB!2m1!1s0x0:0xf0217a90db0ed60!3m1!1s2@1:CIHM0ogKEICAgIC-38D_vAE%7C%7C?hl=en,109943724025384726351,339,https://lh3.googleusercontent.com/a-/ALV-UjVZ67HdDbCRbz8w5EeFDNGoz4XLpwMlI2Qj_hH95sDgi1VqR7B2iQ=s1920-c-rp-mo-ba5-br100,https://www.google.com/maps/contrib/109943724025384726351?hl=en,640,2025-09-22T01:50:38.650Z,"Direct Detail URL: https://www.google.com/maps/place/Nitmiluk+National+Park/@-14.0873241,132.4944842,17z/data=!4m8!3m7!1s0x2cba874d8faf2b1b:0xf0217a90db0ed60!8m2!3d-14.0873293!4d132.4970591!9m1!1b1!16zL20vMHBzaF8?entry=ttu&g_ep=EgoyMDI1MDkxNy4wIKXMDSoASAFQAw%3D%3D",5,Northern Territory,Gorge Rd,False,"The Nitmiluk national park and trip down the Katherine gorge is a must for any traveller. The pilot of the boat, part Aboriginal, part Irish and part Indonesian was very informative with a great sense of humour that made the 2 hour trip all the more enjoyable.",,Nitmiluk National Park,4.6,,https://www.google.com/maps/search/?api=1&query=Nitmiluk%20National%20Park&query_place_id=ChIJGyuvj02HuiwRYO2wDakXAg8,,Positive
"Gorge Rd, Nitmiluk NT 0852, Australia",National park,National park,1081452875368951136,Nitmiluk,AU,0x2cba874d8faf2b1b:0xf0217a90db0ed60,https://lh3.googleusercontent.com/gps-cs-s/AC9h4nqucVhUkszMsbNFuo8KopTZabjnSZWcFXEu6bbpLr7j96pX5n2DtpNM5HMhPKxB_dYEXN1oartSV04GcL4cwyFKVChCx4WkAQ5JqqEVP0KwuIwdfGvx4IjepBTe6XZCE_hgL5R9ug=w408-h306-k-no,False,True,en,0,-14.0873293,132.4970591,Craig Bovaird,,,False,ChIJGyuvj02HuiwRYO2wDakXAg8,852,,2 years ago,2022-11-09T00:56:37.358Z,,,,,,ChZDSUhNMG9nS0VJQ0FnSUMtcGIzU2NBEAE,,,,,,,,,,,,,,,,,,,,,,,,,,,,,,,,,,,,,,,,,,,,Google,https://www.google.com/maps/reviews/data=!4m8!14m7!1m6!2m5!1sChZDSUhNMG9nS0VJQ0FnSUMtcGIzU2NBEAE!2m1!1s0x0:0xf0217a90db0ed60!3m1!1s2@1:CIHM0ogKEICAgIC-pb3ScA%7C%7C?hl=en,116458762202872221668,421,https://lh3.googleusercontent.com/a-/ALV-UjXYqe71f9eZ3eis4BkqxOJ1CXpgZGjBZlsgT2B9sKkl2If3nzsNlw=s1920-c-rp-mo-ba5-br100,https://www.google.com/maps/contrib/116458762202872221668?hl=en,640,2025-09-22T01:50:38.650Z,"Direct Detail URL: https://www.google.com/maps/place/Nitmiluk+National+Park/@-14.0873241,132.4944842,17z/data=!4m8!3m7!1s0x2cba874d8faf2b1b:0xf0217a90db0ed60!8m2!3d-14.0873293!4d132.4970591!9m1!1b1!16zL20vMHBzaF8?entry=ttu&g_ep=EgoyMDI1MDkxNy4wIKXMDSoASAFQAw%3D%3D",5,Northern Territory,Gorge Rd,False,,,Nitmiluk National Park,4.6,,https://www.google.com/maps/search/?api=1&query=Nitmiluk%20National%20Park&query_place_id=ChIJGyuvj02HuiwRYO2wDakXAg8,,Positive
"Gorge Rd, Nitmiluk NT 0852, Australia",National park,National park,1081452875368951136,Nitmiluk,AU,0x2cba874d8faf2b1b:0xf0217a90db0ed60,https://lh3.googleusercontent.com/gps-cs-s/AC9h4nqucVhUkszMsbNFuo8KopTZabjnSZWcFXEu6bbpLr7j96pX5n2DtpNM5HMhPKxB_dYEXN1oartSV04GcL4cwyFKVChCx4WkAQ5JqqEVP0KwuIwdfGvx4IjepBTe6XZCE_hgL5R9ug=w408-h306-k-no,False,True,en,0,-14.0873293,132.4970591,William Ness,,en,False,ChIJGyuvj02HuiwRYO2wDakXAg8,852,,2 years ago,2022-11-02T08:55:59.762Z,,,,,,ChdDSUhNMG9nS0VJQ0FnSUMtLW9fZnFBRRAB,https://lh3.googleusercontent.com/geougc-cs/AB3l90BQFtY6w6GGlueI4nUq1sVKF2FK3UCfNhYEi0H-S48CysB5nBNuC17o2p56pIlgUyg789TQJsp_gwIc3RyvOjG8a9bnfYeruFgWJ3Vtbx3P7altjZ_uYkmqh0zyIg1iKS6Qj7YiCA,https://lh3.googleusercontent.com/geougc-cs/AB3l90DMV2WKHcKPhYk3woazX-wkJUFOI2oUx2sMEnLH_BRuehn_BWdeYuB8NInCxEuHb8gjwGIyBbe5t0zIV0FS4vTy0wcWFWDkqQoXacxmcqE_agO9JrD9gL85BPUwjs5IFOrY18I,,,,,,,,,,,,,,,,,,,,,,,,,,,,,,,,,,,,,,,,,,Google,https://www.google.com/maps/reviews/data=!4m8!14m7!1m6!2m5!1sChdDSUhNMG9nS0VJQ0FnSUMtLW9fZnFBRRAB!2m1!1s0x0:0xf0217a90db0ed60!3m1!1s2@1:CIHM0ogKEICAgIC--o_fqAE%7C%7C?hl=en,113641019177696651576,274,https://lh3.googleusercontent.com/a-/ALV-UjUZyZMYGhC5saxYSoPwwhorK15H3vmHDeVGHOpyheRsEeJw_Zyw=s1920-c-rp-mo-ba5-br100,https://www.google.com/maps/contrib/113641019177696651576?hl=en,640,2025-09-22T01:50:38.650Z,"Direct Detail URL: https://www.google.com/maps/place/Nitmiluk+National+Park/@-14.0873241,132.4944842,17z/data=!4m8!3m7!1s0x2cba874d8faf2b1b:0xf0217a90db0ed60!8m2!3d-14.0873293!4d132.4970591!9m1!1b1!16zL20vMHBzaF8?entry=ttu&g_ep=EgoyMDI1MDkxNy4wIKXMDSoASAFQAw%3D%3D",5,Northern Territory,Gorge Rd,False,"A very special place. Peaceful, spiritual and welcoming. An absolute must when in Katherine.",,Nitmiluk National Park,4.6,,https://www.google.com/maps/search/?api=1&query=Nitmiluk%20National%20Park&query_place_id=ChIJGyuvj02HuiwRYO2wDakXAg8,,Positive
"Gorge Rd, Nitmiluk NT 0852, Australia",National park,National park,1081452875368951136,Nitmiluk,AU,0x2cba874d8faf2b1b:0xf0217a90db0ed60,https://lh3.googleusercontent.com/gps-cs-s/AC9h4nqucVhUkszMsbNFuo8KopTZabjnSZWcFXEu6bbpLr7j96pX5n2DtpNM5HMhPKxB_dYEXN1oartSV04GcL4cwyFKVChCx4WkAQ5JqqEVP0KwuIwdfGvx4IjepBTe6XZCE_hgL5R9ug=w408-h306-k-no,False,True,en,0,-14.0873293,132.4970591,evelyne brouze,,fr,False,ChIJGyuvj02HuiwRYO2wDakXAg8,852,,2 years ago,2022-10-18T06:41:24.015Z,,,,,,ChZDSUhNMG9nS0VJQ0FnSURldzZIZEV3EAE,https://lh3.googleusercontent.com/geougc-cs/AB3l90DIb5S4DLVU-HFuAT7hOTyKF2j-xJzIy8np0W22Er3QRrtAexZ-IJf4NJPoA-6kaXUaib4mcERKScBNMRDbVTzrx9Mxfy-QVJLaOsIpRt-aABfAweGBe8bnJbb8pmnFzHJZkS_j2g,https://lh3.googleusercontent.com/geougc-cs/AB3l90C4qorMzsm1rH03BRAtzKunxKC2I-JlY5hwLBH5tE5Me4sc5bZKHsV7BiM0L5fliJIw4EZFB41om2QWYy_zbUWU8Yy_ZAH2_2IY0iG6oULGa1fk3oxzhWJt1hJBnoNwZeY-ZGON,https://lh3.googleusercontent.com/geougc-cs/AB3l90CSIIWhbo2hwxLDMiM3tAo4tSikLiBitdPX7U9TnQsc-HltDamWxeCF1ZD9VDHMsIrzwFd7o-SIqGz1Rq9lJbaeqN10eNzQACaFobOcL0ebmOFpuT4aNdBbU4VoSmFd_2nwQMR2,https://lh3.googleusercontent.com/geougc-cs/AB3l90ACxeVvuzol8K2mLsuL_4s6VTbrZPsvfkQ9Y9Z499m0QVgaLbSxocC24wDPcGak52t47TeT1iznOPGk3PM-QfEKkl5F8AUGCYdd0-XirpFJicb5PQfZ-Mgg50ffrUvG8fa9_z4Y,,,,,,,,,,,,,,,,,,,,,,,,,,,,,,,,,,,,,,,,Google,https://www.google.com/maps/reviews/data=!4m8!14m7!1m6!2m5!1sChZDSUhNMG9nS0VJQ0FnSURldzZIZEV3EAE!2m1!1s0x0:0xf0217a90db0ed60!3m1!1s2@1:CIHM0ogKEICAgIDew6HdEw%7C%7C?hl=en,104752103847690529210,29,https://lh3.googleusercontent.com/a-/ALV-UjU_ASIQxPtkUoluGzfLm9i1fPmmSxHEe6zRSWVU7ECUjyWZGg2_=s1920-c-rp-mo-ba3-br100,https://www.google.com/maps/contrib/104752103847690529210?hl=en,640,2025-09-22T01:50:38.650Z,"Direct Detail URL: https://www.google.com/maps/place/Nitmiluk+National+Park/@-14.0873241,132.4944842,17z/data=!4m8!3m7!1s0x2cba874d8faf2b1b:0xf0217a90db0ed60!8m2!3d-14.0873293!4d132.4970591!9m1!1b1!16zL20vMHBzaF8?entry=ttu&g_ep=EgoyMDI1MDkxNy4wIKXMDSoASAFQAw%3D%3D",5,Northern Territory,Gorge Rd,False,A voir en croisière,To see on a cruise,Nitmiluk National Park,4.6,en,https://www.google.com/maps/search/?api=1&query=Nitmiluk%20National%20Park&query_place_id=ChIJGyuvj02HuiwRYO2wDakXAg8,,Neutral
"Gorge Rd, Nitmiluk NT 0852, Australia",National park,National park,1081452875368951136,Nitmiluk,AU,0x2cba874d8faf2b1b:0xf0217a90db0ed60,https://lh3.googleusercontent.com/gps-cs-s/AC9h4nqucVhUkszMsbNFuo8KopTZabjnSZWcFXEu6bbpLr7j96pX5n2DtpNM5HMhPKxB_dYEXN1oartSV04GcL4cwyFKVChCx4WkAQ5JqqEVP0KwuIwdfGvx4IjepBTe6XZCE_hgL5R9ug=w408-h306-k-no,False,True,en,0,-14.0873293,132.4970591,Joshua Cooksley,,en,False,ChIJGyuvj02HuiwRYO2wDakXAg8,852,,2 years ago,2022-10-09T08:05:18.275Z,,,,,,ChZDSUhNMG9nS0VJQ0FnSURlcG91eGJnEAE,https://lh3.googleusercontent.com/geougc-cs/AB3l90DRHymE_cNQ1IPfC5FknF7soYwiRW3EP6aaOMV8nWFVO7kY1sa35V9YMzF1N6nnqXIIRnBgBuCzvnGTVZ3wxpA05vWqqmx5YalXThaU2gU8kwSvLVe2gjwYuCPW9IYqc06K1at0,https://lh3.googleusercontent.com/geougc-cs/AB3l90CobKFw3WjfLdOGCOAJB7uV54ReJ-KKoaeqBuVW1y8oakJQ1ZbWUsYC4mZJISxal_LUVxiIvssODQ1QjG0y4g8onvZ4FmB7LI06Y9ZPINZwwvqjDVyo1Ttvdv5zppzLeoDwJNU,https://lh3.googleusercontent.com/geougc-cs/AB3l90CM5swYDfqmDg618537jySa64BnGGgWFv3XnOCx-7cN6j1BdZPDPxdpqOTaGeAyAQcNoC3ibdOSAXOHQYJvNhIaDaWQ0KhSoJosAQUr0rkwme5ackTNl87Sp76jB2TcPYKgqb3uuA,https://lh3.googleusercontent.com/geougc-cs/AB3l90BaCykchyoywiIywKibXwdaMpvmx6DPTicWrd9FUHCdWOPLYbIq9B1FA1ZabbnMtbQIsfL39iwaNP3KLI-kQGt_z8BKUoucyFDzT19Ir8n8PIQ1W5jzi3Lh-wQ8ufVQl5sPzuMb,https://lh3.googleusercontent.com/geougc-cs/AB3l90DTu8a2i6e_CwVTThwOQWbPE0js1TS0IcqQoyW3ZXR5IqsKv80tC37lo_Y7F56tJ0PFqCciu4587MYaK7R2JTBL6dAP5gOnucMhAIVCYGO1LMIQaz6UI2NpUrDy3G4_rMJPBmMNIg,,,,,,,,,,,,,,,,,,,,,,,,,,,,,,,,,,,,,,,Google,https://www.google.com/maps/reviews/data=!4m8!14m7!1m6!2m5!1sChZDSUhNMG9nS0VJQ0FnSURlcG91eGJnEAE!2m1!1s0x0:0xf0217a90db0ed60!3m1!1s2@1:CIHM0ogKEICAgIDepouxbg%7C%7C?hl=en,113020826354293786462,89,https://lh3.googleusercontent.com/a-/ALV-UjU6bVs5YSGdqtAmoT21MhnbD5krNBONOxJfkVyBqloEfzcQGw=s1920-c-rp-mo-ba4-br100,https://www.google.com/maps/contrib/113020826354293786462?hl=en,640,2025-09-22T01:50:38.650Z,"Direct Detail URL: https://www.google.com/maps/place/Nitmiluk+National+Park/@-14.0873241,132.4944842,17z/data=!4m8!3m7!1s0x2cba874d8faf2b1b:0xf0217a90db0ed60!8m2!3d-14.0873293!4d132.4970591!9m1!1b1!16zL20vMHBzaF8?entry=ttu&g_ep=EgoyMDI1MDkxNy4wIKXMDSoASAFQAw%3D%3D",5,Northern Territory,Gorge Rd,False,Absolutely breathtaking!,,Nitmiluk National Park,4.6,,https://www.google.com/maps/search/?api=1&query=Nitmiluk%20National%20Park&query_place_id=ChIJGyuvj02HuiwRYO2wDakXAg8,,Positive
"Gorge Rd, Nitmiluk NT 0852, Australia",National park,National park,1081452875368951136,Nitmiluk,AU,0x2cba874d8faf2b1b:0xf0217a90db0ed60,https://lh3.googleusercontent.com/gps-cs-s/AC9h4nqucVhUkszMsbNFuo8KopTZabjnSZWcFXEu6bbpLr7j96pX5n2DtpNM5HMhPKxB_dYEXN1oartSV04GcL4cwyFKVChCx4WkAQ5JqqEVP0KwuIwdfGvx4IjepBTe6XZCE_hgL5R9ug=w408-h306-k-no,False,True,en,0,-14.0873293,132.4970591,Uzi Quattro,,en,False,ChIJGyuvj02HuiwRYO2wDakXAg8,852,,2 years ago,2022-10-05T01:53:30.085Z,,,,,,ChZDSUhNMG9nS0VJQ0FnSURldkxqQ2ZnEAE,,,,,,,,,,,,,,,,,,,,,,,,,,,,,,,,,,,,,,,,,,,,Google,https://www.google.com/maps/reviews/data=!4m8!14m7!1m6!2m5!1sChZDSUhNMG9nS0VJQ0FnSURldkxqQ2ZnEAE!2m1!1s0x0:0xf0217a90db0ed60!3m1!1s2@1:CIHM0ogKEICAgIDevLjCfg%7C%7C?hl=en,111124112568042896025,155,https://lh3.googleusercontent.com/a-/ALV-UjWGhJ2zd_yU4BqPU1oRDAVSVGynekdAC9lX4Z7P6WZYN64ufjA=s1920-c-rp-mo-ba4-br100,https://www.google.com/maps/contrib/111124112568042896025?hl=en,640,2025-09-22T01:50:38.650Z,"Direct Detail URL: https://www.google.com/maps/place/Nitmiluk+National+Park/@-14.0873241,132.4944842,17z/data=!4m8!3m7!1s0x2cba874d8faf2b1b:0xf0217a90db0ed60!8m2!3d-14.0873293!4d132.4970591!9m1!1b1!16zL20vMHBzaF8?entry=ttu&g_ep=EgoyMDI1MDkxNy4wIKXMDSoASAFQAw%3D%3D",5,Northern Territory,Gorge Rd,False,"Amazing, well maintained.. good facilities and signposted.. visitors centre appropriately maintained and managed.. met Rod the ranger and had a great chat, our appreciation for the work these guys do to keep it all happening for all of us for free essentially is even higher now! Will be back to do the full hike circuit when it's not 40+ degrees!",,Nitmiluk National Park,4.6,,https://www.google.com/maps/search/?api=1&query=Nitmiluk%20National%20Park&query_place_id=ChIJGyuvj02HuiwRYO2wDakXAg8,,Positive
"Gorge Rd, Nitmiluk NT 0852, Australia",National park,National park,1081452875368951136,Nitmiluk,AU,0x2cba874d8faf2b1b:0xf0217a90db0ed60,https://lh3.googleusercontent.com/gps-cs-s/AC9h4nqucVhUkszMsbNFuo8KopTZabjnSZWcFXEu6bbpLr7j96pX5n2DtpNM5HMhPKxB_dYEXN1oartSV04GcL4cwyFKVChCx4WkAQ5JqqEVP0KwuIwdfGvx4IjepBTe6XZCE_hgL5R9ug=w408-h306-k-no,False,True,en,0,-14.0873293,132.4970591,robert mckee,,en,False,ChIJGyuvj02HuiwRYO2wDakXAg8,852,,2 years ago,2022-09-30T23:05:51.283Z,,,,,,ChdDSUhNMG9nS0VJQ0FnSURlNkxpanp3RRAB,,,,,,,,,,,,,,,,,,,,,,,,,,,,,,,,,,,,,,,,,,,,Google,https://www.google.com/maps/reviews/data=!4m8!14m7!1m6!2m5!1sChdDSUhNMG9nS0VJQ0FnSURlNkxpanp3RRAB!2m1!1s0x0:0xf0217a90db0ed60!3m1!1s2@1:CIHM0ogKEICAgIDe6LijzwE%7C%7C?hl=en,114369435180488369459,35,https://lh3.googleusercontent.com/a-/ALV-UjUT_mIULbgLzOHRScJllkA0CMiooCztaB37lT6zjXyWn7tGD6o=s1920-c-rp-mo-ba4-br100,https://www.google.com/maps/contrib/114369435180488369459?hl=en,640,2025-09-22T01:50:38.650Z,"Direct Detail URL: https://www.google.com/maps/place/Nitmiluk+National+Park/@-14.0873241,132.4944842,17z/data=!4m8!3m7!1s0x2cba874d8faf2b1b:0xf0217a90db0ed60!8m2!3d-14.0873293!4d132.4970591!9m1!1b1!16zL20vMHBzaF8?entry=ttu&g_ep=EgoyMDI1MDkxNy4wIKXMDSoASAFQAw%3D%3D",4,Northern Territory,Gorge Rd,False,So beautiful,,Nitmiluk National Park,4.6,,https://www.google.com/maps/search/?api=1&query=Nitmiluk%20National%20Park&query_place_id=ChIJGyuvj02HuiwRYO2wDakXAg8,,Positive
"Gorge Rd, Nitmiluk NT 0852, Australia",National park,National park,1081452875368951136,Nitmiluk,AU,0x2cba874d8faf2b1b:0xf0217a90db0ed60,https://lh3.googleusercontent.com/gps-cs-s/AC9h4nqucVhUkszMsbNFuo8KopTZabjnSZWcFXEu6bbpLr7j96pX5n2DtpNM5HMhPKxB_dYEXN1oartSV04GcL4cwyFKVChCx4WkAQ5JqqEVP0KwuIwdfGvx4IjepBTe6XZCE_hgL5R9ug=w408-h306-k-no,False,False,en,0,-14.0873293,132.4970591,Kevin Lawrenson,,en,False,ChIJGyuvj02HuiwRYO2wDakXAg8,852,,2 years ago,2022-09-28T07:41:54.263Z,,,,,,ChZDSUhNMG9nS0VJQ0FnSUNldi1IclBBEAE,,,,,,,,,,,,,,,,,,,,,,,,,,,,,,,,,,,,,,,,,,,,Google,https://www.google.com/maps/reviews/data=!4m8!14m7!1m6!2m5!1sChZDSUhNMG9nS0VJQ0FnSUNldi1IclBBEAE!2m1!1s0x0:0xf0217a90db0ed60!3m1!1s2@1:CIHM0ogKEICAgICev-HrPA%7C%7C?hl=en,113951146700855264708,125,https://lh3.googleusercontent.com/a/ACg8ocK8Oj9VVcfhDshYFfjbcgdI6WhaEqXD0j4YcbOxj8cFyOlLhw=s1920-c-rp-mo-br100,https://www.google.com/maps/contrib/113951146700855264708?hl=en,640,2025-09-22T01:50:38.650Z,"Direct Detail URL: https://www.google.com/maps/place/Nitmiluk+National+Park/@-14.0873241,132.4944842,17z/data=!4m8!3m7!1s0x2cba874d8faf2b1b:0xf0217a90db0ed60!8m2!3d-14.0873293!4d132.4970591!9m1!1b1!16zL20vMHBzaF8?entry=ttu&g_ep=EgoyMDI1MDkxNy4wIKXMDSoASAFQAw%3D%3D",4,Northern Territory,Gorge Rd,False,Not so good at the end of the dry season. Go earlier ie June July.,,Nitmiluk National Park,4.6,,https://www.google.com/maps/search/?api=1&query=Nitmiluk%20National%20Park&query_place_id=ChIJGyuvj02HuiwRYO2wDakXAg8,,Positive
"Gorge Rd, Nitmiluk NT 0852, Australia",National park,National park,1081452875368951136,Nitmiluk,AU,0x2cba874d8faf2b1b:0xf0217a90db0ed60,https://lh3.googleusercontent.com/gps-cs-s/AC9h4nqucVhUkszMsbNFuo8KopTZabjnSZWcFXEu6bbpLr7j96pX5n2DtpNM5HMhPKxB_dYEXN1oartSV04GcL4cwyFKVChCx4WkAQ5JqqEVP0KwuIwdfGvx4IjepBTe6XZCE_hgL5R9ug=w408-h306-k-no,False,True,en,0,-14.0873293,132.4970591,Kylie Wyatt,,,False,ChIJGyuvj02HuiwRYO2wDakXAg8,852,,3 years ago,2022-09-18T23:33:17.360Z,,,,,,ChdDSUhNMG9nS0VJQ0FnSUNlaGF1ZjJ3RRAB,,,,,,,,,,,,,,,,,,,,,,,,,,,,,,,,,,,,,,,,,,,,Google,https://www.google.com/maps/reviews/data=!4m8!14m7!1m6!2m5!1sChdDSUhNMG9nS0VJQ0FnSUNlaGF1ZjJ3RRAB!2m1!1s0x0:0xf0217a90db0ed60!3m1!1s2@1:CIHM0ogKEICAgICehauf2wE%7C%7C?hl=en,101223632989139872938,22,https://lh3.googleusercontent.com/a-/ALV-UjXCyZAJPEdziHZDAI-I3pqwkg6JX4yGMLzLTyKMIxa5FNyS01A=s1920-c-rp-mo-ba4-br100,https://www.google.com/maps/contrib/101223632989139872938?hl=en,640,2025-09-22T01:50:38.650Z,"Direct Detail URL: https://www.google.com/maps/place/Nitmiluk+National+Park/@-14.0873241,132.4944842,17z/data=!4m8!3m7!1s0x2cba874d8faf2b1b:0xf0217a90db0ed60!8m2!3d-14.0873293!4d132.4970591!9m1!1b1!16zL20vMHBzaF8?entry=ttu&g_ep=EgoyMDI1MDkxNy4wIKXMDSoASAFQAw%3D%3D",4,Northern Territory,Gorge Rd,False,,,Nitmiluk National Park,4.6,,https://www.google.com/maps/search/?api=1&query=Nitmiluk%20National%20Park&query_place_id=ChIJGyuvj02HuiwRYO2wDakXAg8,,Positive
"Gorge Rd, Nitmiluk NT 0852, Australia",National park,National park,1081452875368951136,Nitmiluk,AU,0x2cba874d8faf2b1b:0xf0217a90db0ed60,https://lh3.googleusercontent.com/gps-cs-s/AC9h4nqucVhUkszMsbNFuo8KopTZabjnSZWcFXEu6bbpLr7j96pX5n2DtpNM5HMhPKxB_dYEXN1oartSV04GcL4cwyFKVChCx4WkAQ5JqqEVP0KwuIwdfGvx4IjepBTe6XZCE_hgL5R9ug=w408-h306-k-no,False,True,en,0,-14.0873293,132.4970591,shane,,en,False,ChIJGyuvj02HuiwRYO2wDakXAg8,852,,3 years ago,2022-09-17T05:16:54.024Z,,,,,,ChdDSUhNMG9nS0VJQ0FnSUNlaWJ6OXhBRRAB,https://lh3.googleusercontent.com/geougc-cs/AB3l90DJNckO_-lW5_q5kceyt2I4yNbOBJ-P1m1wHH0tWUkfsRci-SUPGrjf_IW2i3sFoORRBZVzHGwvVArj3LH1VC5WOoB3zCRecikG-rjld5uJRseNa8NOa71fA25o7TOuYd0Ad2Af,https://lh3.googleusercontent.com/geougc-cs/AB3l90CKJ5NqYrnFX7BLpFfDGuNTGqLXseq0Je2MRqIdCU3qd6pCqYiHhqZlxgfBzJeZI3hGHPlA4MtfuRLFo7jkM_QMzsBaL8KN5bP4GSCu1ilFITbEDw6k11gtrBtHSU4Yv_mZrjtHNw,https://lh3.googleusercontent.com/geougc-cs/AB3l90BwOEoYMzgm9DCQi-ABKrLhpfVHYEmrkbvgigBkoaui_sWIk26Go-CMk3EaN-JTXi8TK0W5vWDdqS-H7mn-K8LaU6ykRtFfCJWOgNmtfzFlzxB9m9mznV1VV25CgmKh7y3tWkFA,https://lh3.googleusercontent.com/geougc-cs/AB3l90BkzV_2UB2qHZmbHC1DIc9KnOje4aJsIoEBnZb23_uag2IisGAO6Bclbc6AhkPc8oqim_lxI6LwrTJ62-P-mvz2dJwvEgJcmIqEX0Ik304whAbqwiUYkXo_3tmenfJoZzM0drxotQ,https://lh3.googleusercontent.com/geougc-cs/AB3l90CxgJ7QYaf7Cj0YDrKZzqzoyZ-vZRiUueC9fzBSvvHqnb8Bk7esaJVBXvLAs2VPfRw6xyKpsrGkT7tTYuJHXL7TOtr9c5CC76ivYhtTlS328xnBSIFejbF7Tlb-LqMLJizo34fH,https://lh3.googleusercontent.com/geougc-cs/AB3l90CgH9AV_MnFJtJDqUSL3ur6t7zhDENiynrfUXUFSSo1QitqF_TjAfLlKR_PCKvkjzOIxb3PzKUivKSMDb6tCjSJg_NbFPPfXl_JgDNg7TtJ6K8cF_SW44C3qD5SzlFXyrrKcOA2dA,https://lh3.googleusercontent.com/geougc-cs/AB3l90DlSCEtmiUrUS7Th3-pBV9wH1Cxh__Tg3DMUi7-Cri-CoKlhMDu25WMatD91hxfAJATyR0R_8s1n8n9ksqkNXk1m8k7Tz33jhNARxilLA4OkzAi8FidkUgiZvjCFc39tJFQ7no,,,,,,,,,,,,,,,,,,,,,,,,,,,,,,,,,,,,,Google,https://www.google.com/maps/reviews/data=!4m8!14m7!1m6!2m5!1sChdDSUhNMG9nS0VJQ0FnSUNlaWJ6OXhBRRAB!2m1!1s0x0:0xf0217a90db0ed60!3m1!1s2@1:CIHM0ogKEICAgICeibz9xAE%7C%7C?hl=en,106805967008601651320,105,https://lh3.googleusercontent.com/a/ACg8ocLb_j0IR5aPS2jm0fzYyruVB4uW1cVgkJKsVJ8TpzkSZvBEzQ=s1920-c-rp-mo-ba4-br100,https://www.google.com/maps/contrib/106805967008601651320?hl=en,640,2025-09-22T01:50:38.650Z,"Direct Detail URL: https://www.google.com/maps/place/Nitmiluk+National+Park/@-14.0873241,132.4944842,17z/data=!4m8!3m7!1s0x2cba874d8faf2b1b:0xf0217a90db0ed60!8m2!3d-14.0873293!4d132.4970591!9m1!1b1!16zL20vMHBzaF8?entry=ttu&g_ep=EgoyMDI1MDkxNy4wIKXMDSoASAFQAw%3D%3D",5,Northern Territory,Gorge Rd,False,Highly recommend doing both air and water tours,,Nitmiluk National Park,4.6,,https://www.google.com/maps/search/?api=1&query=Nitmiluk%20National%20Park&query_place_id=ChIJGyuvj02HuiwRYO2wDakXAg8,,Positive
"Gorge Rd, Nitmiluk NT 0852, Australia",National park,National park,1081452875368951136,Nitmiluk,AU,0x2cba874d8faf2b1b:0xf0217a90db0ed60,https://lh3.googleusercontent.com/gps-cs-s/AC9h4nqucVhUkszMsbNFuo8KopTZabjnSZWcFXEu6bbpLr7j96pX5n2DtpNM5HMhPKxB_dYEXN1oartSV04GcL4cwyFKVChCx4WkAQ5JqqEVP0KwuIwdfGvx4IjepBTe6XZCE_hgL5R9ug=w408-h306-k-no,False,True,en,0,-14.0873293,132.4970591,Brian Linnane,,en,False,ChIJGyuvj02HuiwRYO2wDakXAg8,852,,3 years ago,2022-09-07T10:48:38.647Z,,,,,,ChZDSUhNMG9nS0VJQ0FnSUNldEtQRFVREAE,,,,,,,,,,,,,,,,,,,,,,,,,,,,,,,,,,,,,,,,,,,,Google,https://www.google.com/maps/reviews/data=!4m8!14m7!1m6!2m5!1sChZDSUhNMG9nS0VJQ0FnSUNldEtQRFVREAE!2m1!1s0x0:0xf0217a90db0ed60!3m1!1s2@1:CIHM0ogKEICAgICetKPDUQ%7C%7C?hl=en,100373015013707189407,511,https://lh3.googleusercontent.com/a-/ALV-UjXUPpcuXuDz2wf58dx0V8DGlghZ8lEQMS5yCY6s33nqsm8FFVUF2w=s1920-c-rp-mo-ba6-br100,https://www.google.com/maps/contrib/100373015013707189407?hl=en,640,2025-09-22T01:50:38.650Z,"Direct Detail URL: https://www.google.com/maps/place/Nitmiluk+National+Park/@-14.0873241,132.4944842,17z/data=!4m8!3m7!1s0x2cba874d8faf2b1b:0xf0217a90db0ed60!8m2!3d-14.0873293!4d132.4970591!9m1!1b1!16zL20vMHBzaF8?entry=ttu&g_ep=EgoyMDI1MDkxNy4wIKXMDSoASAFQAw%3D%3D",5,Northern Territory,Gorge Rd,False,Wonderful place,,Nitmiluk National Park,4.6,,https://www.google.com/maps/search/?api=1&query=Nitmiluk%20National%20Park&query_place_id=ChIJGyuvj02HuiwRYO2wDakXAg8,,Positive
"Gorge Rd, Nitmiluk NT 0852, Australia",National park,National park,1081452875368951136,Nitmiluk,AU,0x2cba874d8faf2b1b:0xf0217a90db0ed60,https://lh3.googleusercontent.com/gps-cs-s/AC9h4nqucVhUkszMsbNFuo8KopTZabjnSZWcFXEu6bbpLr7j96pX5n2DtpNM5HMhPKxB_dYEXN1oartSV04GcL4cwyFKVChCx4WkAQ5JqqEVP0KwuIwdfGvx4IjepBTe6XZCE_hgL5R9ug=w408-h306-k-no,False,True,en,0,-14.0873293,132.4970591,Mark Horrocks,,en,False,ChIJGyuvj02HuiwRYO2wDakXAg8,852,,3 years ago,2022-09-05T04:44:48.919Z,,,,,,ChZDSUhNMG9nS0VJQ0FnSUNlcVB2T0RBEAE,https://lh3.googleusercontent.com/geougc-cs/AB3l90DdU9MCj9KkOARPo6KgHmh33S6vunvUYVD069egsYRLom7ugqdyLO96dV3tQuOIKfFhNIlNsVHd21FZeLI8nl-vTDnvk4zmsd4lAxn1PERdwfaXKETK0hL3F-at604F1h04Zf_R,https://lh3.googleusercontent.com/geougc-cs/AB3l90BlAY7OFYNX2ZqQ_m_2YCAe5PXj00_-Y49ZbwM-VtmQ6hsfYOKoagGAPucoJquG7ayAh-2Wk0ZHfy3YmMh536VAIGA8gEeCZDAiHHC-LxX_KSLOw-9r2vab7A_HcHRWhkeivIED3w,https://lh3.googleusercontent.com/geougc-cs/AB3l90CF5HZtFXzymEV9hZV3VsRoITEdNcybs_EOsulekz1Khm3dW2zwIH7hYv5a_IB7CS2bHMOcj5iAHJ6rdp06qo4-oQSIVJpA0-Ii6D_W_WqP2Ihcb3qSSnc_rIehThwOsFtdGzY,https://lh3.googleusercontent.com/geougc-cs/AB3l90Dd6W4SOH6ellrCwH0pG2xZckK0akk5ajSEPEWTNkZU86_gGr9iricDOqu6TbpDsGa655DPJyveLC6iZ_qfyVPw7XDlDunyg9K09htndXPNy_j281RdQscGxeDtgLUWogao9D1SFg,,,,,,,,,,,,,,,,,,,,,,,,,,,,,,,,,,,,,,,,Google,https://www.google.com/maps/reviews/data=!4m8!14m7!1m6!2m5!1sChZDSUhNMG9nS0VJQ0FnSUNlcVB2T0RBEAE!2m1!1s0x0:0xf0217a90db0ed60!3m1!1s2@1:CIHM0ogKEICAgICeqPvODA%7C%7C?hl=en,111186084174618310351,96,https://lh3.googleusercontent.com/a/ACg8ocLEIl-Ku5sMc8ege7uULcUXW2fgSjcVw6HrV5qZdgrQP76O5g=s1920-c-rp-mo-ba4-br100,https://www.google.com/maps/contrib/111186084174618310351?hl=en,640,2025-09-22T01:50:38.650Z,"Direct Detail URL: https://www.google.com/maps/place/Nitmiluk+National+Park/@-14.0873241,132.4944842,17z/data=!4m8!3m7!1s0x2cba874d8faf2b1b:0xf0217a90db0ed60!8m2!3d-14.0873293!4d132.4970591!9m1!1b1!16zL20vMHBzaF8?entry=ttu&g_ep=EgoyMDI1MDkxNy4wIKXMDSoASAFQAw%3D%3D",5,Northern Territory,Gorge Rd,False,"We did the early morning tour, and we were the only boat up the gorge, so it was much quieter",,Nitmiluk National Park,4.6,,https://www.google.com/maps/search/?api=1&query=Nitmiluk%20National%20Park&query_place_id=ChIJGyuvj02HuiwRYO2wDakXAg8,,Positive
"Gorge Rd, Nitmiluk NT 0852, Australia",National park,National park,1081452875368951136,Nitmiluk,AU,0x2cba874d8faf2b1b:0xf0217a90db0ed60,https://lh3.googleusercontent.com/gps-cs-s/AC9h4nqucVhUkszMsbNFuo8KopTZabjnSZWcFXEu6bbpLr7j96pX5n2DtpNM5HMhPKxB_dYEXN1oartSV04GcL4cwyFKVChCx4WkAQ5JqqEVP0KwuIwdfGvx4IjepBTe6XZCE_hgL5R9ug=w408-h306-k-no,False,False,en,0,-14.0873293,132.4970591,Alison Basset,,,False,ChIJGyuvj02HuiwRYO2wDakXAg8,852,,3 years ago,2022-09-03T20:26:57.530Z,,,,,,ChZDSUhNMG9nS0VJQ0FnSUNla05PTk5nEAE,,,,,,,,,,,,,,,,,,,,,,,,,,,,,,,,,,,,,,,,,,,,Google,https://www.google.com/maps/reviews/data=!4m8!14m7!1m6!2m5!1sChZDSUhNMG9nS0VJQ0FnSUNla05PTk5nEAE!2m1!1s0x0:0xf0217a90db0ed60!3m1!1s2@1:CIHM0ogKEICAgICekNONNg%7C%7C?hl=en,106643547279790553661,3,https://lh3.googleusercontent.com/a/ACg8ocJkUUNOGF6NN8M_f7vkCGWgd2zDNA1EkpZJ_0nXQs_lpNPIQA=s1920-c-rp-mo-br100,https://www.google.com/maps/contrib/106643547279790553661?hl=en,640,2025-09-22T01:50:38.650Z,"Direct Detail URL: https://www.google.com/maps/place/Nitmiluk+National+Park/@-14.0873241,132.4944842,17z/data=!4m8!3m7!1s0x2cba874d8faf2b1b:0xf0217a90db0ed60!8m2!3d-14.0873293!4d132.4970591!9m1!1b1!16zL20vMHBzaF8?entry=ttu&g_ep=EgoyMDI1MDkxNy4wIKXMDSoASAFQAw%3D%3D",5,Northern Territory,Gorge Rd,False,,,Nitmiluk National Park,4.6,,https://www.google.com/maps/search/?api=1&query=Nitmiluk%20National%20Park&query_place_id=ChIJGyuvj02HuiwRYO2wDakXAg8,,Positive
"Gorge Rd, Nitmiluk NT 0852, Australia",National park,National park,1081452875368951136,Nitmiluk,AU,0x2cba874d8faf2b1b:0xf0217a90db0ed60,https://lh3.googleusercontent.com/gps-cs-s/AC9h4nqucVhUkszMsbNFuo8KopTZabjnSZWcFXEu6bbpLr7j96pX5n2DtpNM5HMhPKxB_dYEXN1oartSV04GcL4cwyFKVChCx4WkAQ5JqqEVP0KwuIwdfGvx4IjepBTe6XZCE_hgL5R9ug=w408-h306-k-no,False,True,en,0,-14.0873293,132.4970591,הילה ג'נסן,,en,False,ChIJGyuvj02HuiwRYO2wDakXAg8,852,,3 years ago,2022-09-02T13:52:17.768Z,,,,,,ChdDSUhNMG9nS0VJQ0FnSUR1djV5WmxBRRAB,,,,,,,,,,,,,,,,,,,,,,,,,,,,,,,,,,,,,,,,,,,,Google,https://www.google.com/maps/reviews/data=!4m8!14m7!1m6!2m5!1sChdDSUhNMG9nS0VJQ0FnSUR1djV5WmxBRRAB!2m1!1s0x0:0xf0217a90db0ed60!3m1!1s2@1:CIHM0ogKEICAgIDuv5yZlAE%7C%7C?hl=en,103876900071422155095,462,https://lh3.googleusercontent.com/a/ACg8ocI4XZvoce05X1ofP0YYjjXR8C6lsmRxuELbHs4KozUZmJqMZQ=s1920-c-rp-mo-ba5-br100,https://www.google.com/maps/contrib/103876900071422155095?hl=en,640,2025-09-22T01:50:38.650Z,"Direct Detail URL: https://www.google.com/maps/place/Nitmiluk+National+Park/@-14.0873241,132.4944842,17z/data=!4m8!3m7!1s0x2cba874d8faf2b1b:0xf0217a90db0ed60!8m2!3d-14.0873293!4d132.4970591!9m1!1b1!16zL20vMHBzaF8?entry=ttu&g_ep=EgoyMDI1MDkxNy4wIKXMDSoASAFQAw%3D%3D",5,Northern Territory,Gorge Rd,False,"Beautiful place , beautiful nature , blue water and red rocks",,Nitmiluk National Park,4.6,,https://www.google.com/maps/search/?api=1&query=Nitmiluk%20National%20Park&query_place_id=ChIJGyuvj02HuiwRYO2wDakXAg8,,Positive
"Gorge Rd, Nitmiluk NT 0852, Australia",National park,National park,1081452875368951136,Nitmiluk,AU,0x2cba874d8faf2b1b:0xf0217a90db0ed60,https://lh3.googleusercontent.com/gps-cs-s/AC9h4nqucVhUkszMsbNFuo8KopTZabjnSZWcFXEu6bbpLr7j96pX5n2DtpNM5HMhPKxB_dYEXN1oartSV04GcL4cwyFKVChCx4WkAQ5JqqEVP0KwuIwdfGvx4IjepBTe6XZCE_hgL5R9ug=w408-h306-k-no,False,True,en,0,-14.0873293,132.4970591,David E,,en,False,ChIJGyuvj02HuiwRYO2wDakXAg8,852,,3 years ago,2022-08-31T23:24:20.237Z,,,,,Clean & convenient,ChZDSUhNMG9nS0VJQ0FnSUR1dF9LWkR3EAE,,,,,,,,,,,,,,,,,,,,,,,,,,,,,,,,,,,,,,,,,,,,Google,https://www.google.com/maps/reviews/data=!4m8!14m7!1m6!2m5!1sChZDSUhNMG9nS0VJQ0FnSUR1dF9LWkR3EAE!2m1!1s0x0:0xf0217a90db0ed60!3m1!1s2@1:CIHM0ogKEICAgIDut_KZDw%7C%7C?hl=en,116641711572302967355,814,https://lh3.googleusercontent.com/a-/ALV-UjVfkvErTXQJa4z8maTrddeiPUqMo7TEPKtAh1jEUmArAlswFD4w=s1920-c-rp-mo-ba6-br100,https://www.google.com/maps/contrib/116641711572302967355?hl=en,640,2025-09-22T01:50:38.650Z,"Direct Detail URL: https://www.google.com/maps/place/Nitmiluk+National+Park/@-14.0873241,132.4944842,17z/data=!4m8!3m7!1s0x2cba874d8faf2b1b:0xf0217a90db0ed60!8m2!3d-14.0873293!4d132.4970591!9m1!1b1!16zL20vMHBzaF8?entry=ttu&g_ep=EgoyMDI1MDkxNy4wIKXMDSoASAFQAw%3D%3D",5,Northern Territory,Gorge Rd,False,Our guides were 1st rate. Knowledgeable & funny.,,Nitmiluk National Park,4.6,,https://www.google.com/maps/search/?api=1&query=Nitmiluk%20National%20Park&query_place_id=ChIJGyuvj02HuiwRYO2wDakXAg8,,Positive
"Gorge Rd, Nitmiluk NT 0852, Australia",National park,National park,1081452875368951136,Nitmiluk,AU,0x2cba874d8faf2b1b:0xf0217a90db0ed60,https://lh3.googleusercontent.com/gps-cs-s/AC9h4nqucVhUkszMsbNFuo8KopTZabjnSZWcFXEu6bbpLr7j96pX5n2DtpNM5HMhPKxB_dYEXN1oartSV04GcL4cwyFKVChCx4WkAQ5JqqEVP0KwuIwdfGvx4IjepBTe6XZCE_hgL5R9ug=w408-h306-k-no,False,True,en,0,-14.0873293,132.4970591,Éva Lovrecz,,en,False,ChIJGyuvj02HuiwRYO2wDakXAg8,852,,3 years ago,2022-08-27T06:38:25.443Z,,,,,,ChZDSUhNMG9nS0VJQ0FnSUR1bmZLZU1REAE,,,,,,,,,,,,,,,,,,,,,,,,,,,,,,,,,,,,,,,,,,,,Google,https://www.google.com/maps/reviews/data=!4m8!14m7!1m6!2m5!1sChZDSUhNMG9nS0VJQ0FnSUR1bmZLZU1REAE!2m1!1s0x0:0xf0217a90db0ed60!3m1!1s2@1:CIHM0ogKEICAgIDunfKeMQ%7C%7C?hl=en,105571257316149328363,26,https://lh3.googleusercontent.com/a/ACg8ocIFM8p-3LHud1FnswTRjr0d3kyoHco3Pebpr-Di2dazXgg0lQ=s1920-c-rp-mo-ba3-br100,https://www.google.com/maps/contrib/105571257316149328363?hl=en,640,2025-09-22T01:50:38.650Z,"Direct Detail URL: https://www.google.com/maps/place/Nitmiluk+National+Park/@-14.0873241,132.4944842,17z/data=!4m8!3m7!1s0x2cba874d8faf2b1b:0xf0217a90db0ed60!8m2!3d-14.0873293!4d132.4970591!9m1!1b1!16zL20vMHBzaF8?entry=ttu&g_ep=EgoyMDI1MDkxNy4wIKXMDSoASAFQAw%3D%3D",5,Northern Territory,Gorge Rd,False,Wonderful olace. Worth visiting.,,Nitmiluk National Park,4.6,,https://www.google.com/maps/search/?api=1&query=Nitmiluk%20National%20Park&query_place_id=ChIJGyuvj02HuiwRYO2wDakXAg8,,Positive
"Gorge Rd, Nitmiluk NT 0852, Australia",National park,National park,1081452875368951136,Nitmiluk,AU,0x2cba874d8faf2b1b:0xf0217a90db0ed60,https://lh3.googleusercontent.com/gps-cs-s/AC9h4nqucVhUkszMsbNFuo8KopTZabjnSZWcFXEu6bbpLr7j96pX5n2DtpNM5HMhPKxB_dYEXN1oartSV04GcL4cwyFKVChCx4WkAQ5JqqEVP0KwuIwdfGvx4IjepBTe6XZCE_hgL5R9ug=w408-h306-k-no,False,True,en,0,-14.0873293,132.4970591,Glenys Godson,,,False,ChIJGyuvj02HuiwRYO2wDakXAg8,852,,3 years ago,2022-08-16T22:14:28.455Z,,,,,,ChZDSUhNMG9nS0VJQ0FnSUR1NG96MkJREAE,,,,,,,,,,,,,,,,,,,,,,,,,,,,,,,,,,,,,,,,,,,,Google,https://www.google.com/maps/reviews/data=!4m8!14m7!1m6!2m5!1sChZDSUhNMG9nS0VJQ0FnSUR1NG96MkJREAE!2m1!1s0x0:0xf0217a90db0ed60!3m1!1s2@1:CIHM0ogKEICAgIDu4oz2BQ%7C%7C?hl=en,103734139883523540458,52,https://lh3.googleusercontent.com/a/ACg8ocIEFqf0AL4GvhuBPcNZa5H2oHQQ8SG_liQHiSRd8Ftd81mNYA=s1920-c-rp-mo-ba4-br100,https://www.google.com/maps/contrib/103734139883523540458?hl=en,640,2025-09-22T01:50:38.650Z,"Direct Detail URL: https://www.google.com/maps/place/Nitmiluk+National+Park/@-14.0873241,132.4944842,17z/data=!4m8!3m7!1s0x2cba874d8faf2b1b:0xf0217a90db0ed60!8m2!3d-14.0873293!4d132.4970591!9m1!1b1!16zL20vMHBzaF8?entry=ttu&g_ep=EgoyMDI1MDkxNy4wIKXMDSoASAFQAw%3D%3D",5,Northern Territory,Gorge Rd,False,,,Nitmiluk National Park,4.6,,https://www.google.com/maps/search/?api=1&query=Nitmiluk%20National%20Park&query_place_id=ChIJGyuvj02HuiwRYO2wDakXAg8,,Positive
"Gorge Rd, Nitmiluk NT 0852, Australia",National park,National park,1081452875368951136,Nitmiluk,AU,0x2cba874d8faf2b1b:0xf0217a90db0ed60,https://lh3.googleusercontent.com/gps-cs-s/AC9h4nqucVhUkszMsbNFuo8KopTZabjnSZWcFXEu6bbpLr7j96pX5n2DtpNM5HMhPKxB_dYEXN1oartSV04GcL4cwyFKVChCx4WkAQ5JqqEVP0KwuIwdfGvx4IjepBTe6XZCE_hgL5R9ug=w408-h306-k-no,False,True,en,0,-14.0873293,132.4970591,Sean Powell,,en,False,ChIJGyuvj02HuiwRYO2wDakXAg8,852,,3 years ago,2022-08-14T11:23:13.147Z,,,,,,ChZDSUhNMG9nS0VJQ0FnSUR1bE5ldEhREAE,,,,,,,,,,,,,,,,,,,,,,,,,,,,,,,,,,,,,,,,,,,,Google,https://www.google.com/maps/reviews/data=!4m8!14m7!1m6!2m5!1sChZDSUhNMG9nS0VJQ0FnSUR1bE5ldEhREAE!2m1!1s0x0:0xf0217a90db0ed60!3m1!1s2@1:CIHM0ogKEICAgIDulNetHQ%7C%7C?hl=en,103616669111105701328,51,https://lh3.googleusercontent.com/a-/ALV-UjUgZeFonvXdDc3VUGdB9UDXqkM2L-8te_knJ-CLwtItbVEcUkGe=s1920-c-rp-mo-ba3-br100,https://www.google.com/maps/contrib/103616669111105701328?hl=en,640,2025-09-22T01:50:38.650Z,"Direct Detail URL: https://www.google.com/maps/place/Nitmiluk+National+Park/@-14.0873241,132.4944842,17z/data=!4m8!3m7!1s0x2cba874d8faf2b1b:0xf0217a90db0ed60!8m2!3d-14.0873293!4d132.4970591!9m1!1b1!16zL20vMHBzaF8?entry=ttu&g_ep=EgoyMDI1MDkxNy4wIKXMDSoASAFQAw%3D%3D",5,Northern Territory,Gorge Rd,False,Only saw a small part of it but an unforgettable experience,,Nitmiluk National Park,4.6,,https://www.google.com/maps/search/?api=1&query=Nitmiluk%20National%20Park&query_place_id=ChIJGyuvj02HuiwRYO2wDakXAg8,,Positive
"Gorge Rd, Nitmiluk NT 0852, Australia",National park,National park,1081452875368951136,Nitmiluk,AU,0x2cba874d8faf2b1b:0xf0217a90db0ed60,https://lh3.googleusercontent.com/gps-cs-s/AC9h4nqucVhUkszMsbNFuo8KopTZabjnSZWcFXEu6bbpLr7j96pX5n2DtpNM5HMhPKxB_dYEXN1oartSV04GcL4cwyFKVChCx4WkAQ5JqqEVP0KwuIwdfGvx4IjepBTe6XZCE_hgL5R9ug=w408-h306-k-no,False,True,en,0,-14.0873293,132.4970591,Helen Blasko,,en,False,ChIJGyuvj02HuiwRYO2wDakXAg8,852,,3 years ago,2022-08-11T22:40:23.077Z,,,,,,ChdDSUhNMG9nS0VJQ0FnSUR1aUpLbzBBRRAB,,,,,,,,,,,,,,,,,,,,,,,,,,,,,,,,,,,,,,,,,,,,Google,https://www.google.com/maps/reviews/data=!4m8!14m7!1m6!2m5!1sChdDSUhNMG9nS0VJQ0FnSUR1aUpLbzBBRRAB!2m1!1s0x0:0xf0217a90db0ed60!3m1!1s2@1:CIHM0ogKEICAgIDuiJKo0AE%7C%7C?hl=en,107896751964828562535,304,https://lh3.googleusercontent.com/a-/ALV-UjUq164gyYjWd4I8H0BEWs0Yv_7vWJV1dzr0x94Uy1pJWhDPQTlm=s1920-c-rp-mo-ba5-br100,https://www.google.com/maps/contrib/107896751964828562535?hl=en,640,2025-09-22T01:50:38.650Z,"Direct Detail URL: https://www.google.com/maps/place/Nitmiluk+National+Park/@-14.0873241,132.4944842,17z/data=!4m8!3m7!1s0x2cba874d8faf2b1b:0xf0217a90db0ed60!8m2!3d-14.0873293!4d132.4970591!9m1!1b1!16zL20vMHBzaF8?entry=ttu&g_ep=EgoyMDI1MDkxNy4wIKXMDSoASAFQAw%3D%3D",5,Northern Territory,Gorge Rd,False,Absolutely amazing. One not to miss.,,Nitmiluk National Park,4.6,,https://www.google.com/maps/search/?api=1&query=Nitmiluk%20National%20Park&query_place_id=ChIJGyuvj02HuiwRYO2wDakXAg8,,Positive
"Gorge Rd, Nitmiluk NT 0852, Australia",National park,National park,1081452875368951136,Nitmiluk,AU,0x2cba874d8faf2b1b:0xf0217a90db0ed60,https://lh3.googleusercontent.com/gps-cs-s/AC9h4nqucVhUkszMsbNFuo8KopTZabjnSZWcFXEu6bbpLr7j96pX5n2DtpNM5HMhPKxB_dYEXN1oartSV04GcL4cwyFKVChCx4WkAQ5JqqEVP0KwuIwdfGvx4IjepBTe6XZCE_hgL5R9ug=w408-h306-k-no,False,True,en,0,-14.0873293,132.4970591,Jane Reed,,,False,ChIJGyuvj02HuiwRYO2wDakXAg8,852,,3 years ago,2022-08-11T07:46:17.288Z,,,,,,ChZDSUhNMG9nS0VJQ0FnSUR1a01IU2RnEAE,,,,,,,,,,,,,,,,,,,,,,,,,,,,,,,,,,,,,,,,,,,,Google,https://www.google.com/maps/reviews/data=!4m8!14m7!1m6!2m5!1sChZDSUhNMG9nS0VJQ0FnSUR1a01IU2RnEAE!2m1!1s0x0:0xf0217a90db0ed60!3m1!1s2@1:CIHM0ogKEICAgIDukMHSdg%7C%7C?hl=en,112761367138636365749,73,https://lh3.googleusercontent.com/a-/ALV-UjXwARIVjx6xEGTvhH2-oUAdZCgBLbittqeEuRVailkd2OwVrlL3=s1920-c-rp-mo-ba3-br100,https://www.google.com/maps/contrib/112761367138636365749?hl=en,640,2025-09-22T01:50:38.650Z,"Direct Detail URL: https://www.google.com/maps/place/Nitmiluk+National+Park/@-14.0873241,132.4944842,17z/data=!4m8!3m7!1s0x2cba874d8faf2b1b:0xf0217a90db0ed60!8m2!3d-14.0873293!4d132.4970591!9m1!1b1!16zL20vMHBzaF8?entry=ttu&g_ep=EgoyMDI1MDkxNy4wIKXMDSoASAFQAw%3D%3D",5,Northern Territory,Gorge Rd,False,,,Nitmiluk National Park,4.6,,https://www.google.com/maps/search/?api=1&query=Nitmiluk%20National%20Park&query_place_id=ChIJGyuvj02HuiwRYO2wDakXAg8,,Positive
"Gorge Rd, Nitmiluk NT 0852, Australia",National park,National park,1081452875368951136,Nitmiluk,AU,0x2cba874d8faf2b1b:0xf0217a90db0ed60,https://lh3.googleusercontent.com/gps-cs-s/AC9h4nqucVhUkszMsbNFuo8KopTZabjnSZWcFXEu6bbpLr7j96pX5n2DtpNM5HMhPKxB_dYEXN1oartSV04GcL4cwyFKVChCx4WkAQ5JqqEVP0KwuIwdfGvx4IjepBTe6XZCE_hgL5R9ug=w408-h306-k-no,False,True,en,0,-14.0873293,132.4970591,Kay Malone,,en,False,ChIJGyuvj02HuiwRYO2wDakXAg8,852,,3 years ago,2022-08-08T09:04:28.994Z,,,,,,ChdDSUhNMG9nS0VJQ0FnSUN1NTVmX3hnRRAB,,,,,,,,,,,,,,,,,,,,,,,,,,,,,,,,,,,,,,,,,,,,Google,https://www.google.com/maps/reviews/data=!4m8!14m7!1m6!2m5!1sChdDSUhNMG9nS0VJQ0FnSUN1NTVmX3hnRRAB!2m1!1s0x0:0xf0217a90db0ed60!3m1!1s2@1:CIHM0ogKEICAgICu55f_xgE%7C%7C?hl=en,101365794669628524840,229,https://lh3.googleusercontent.com/a-/ALV-UjUc5ZQBwjockaS2dYQrkFzy_8MkCW7tttzSpBHFkht90HlgddA=s1920-c-rp-mo-ba5-br100,https://www.google.com/maps/contrib/101365794669628524840?hl=en,640,2025-09-22T01:50:38.650Z,"Direct Detail URL: https://www.google.com/maps/place/Nitmiluk+National+Park/@-14.0873241,132.4944842,17z/data=!4m8!3m7!1s0x2cba874d8faf2b1b:0xf0217a90db0ed60!8m2!3d-14.0873293!4d132.4970591!9m1!1b1!16zL20vMHBzaF8?entry=ttu&g_ep=EgoyMDI1MDkxNy4wIKXMDSoASAFQAw%3D%3D",5,Northern Territory,Gorge Rd,False,Amazing,,Nitmiluk National Park,4.6,,https://www.google.com/maps/search/?api=1&query=Nitmiluk%20National%20Park&query_place_id=ChIJGyuvj02HuiwRYO2wDakXAg8,,Positive
"Gorge Rd, Nitmiluk NT 0852, Australia",National park,National park,1081452875368951136,Nitmiluk,AU,0x2cba874d8faf2b1b:0xf0217a90db0ed60,https://lh3.googleusercontent.com/gps-cs-s/AC9h4nqucVhUkszMsbNFuo8KopTZabjnSZWcFXEu6bbpLr7j96pX5n2DtpNM5HMhPKxB_dYEXN1oartSV04GcL4cwyFKVChCx4WkAQ5JqqEVP0KwuIwdfGvx4IjepBTe6XZCE_hgL5R9ug=w408-h306-k-no,False,True,en,0,-14.0873293,132.4970591,Chris X,,en,False,ChIJGyuvj02HuiwRYO2wDakXAg8,852,,3 years ago,2022-08-03T06:14:08.580Z,,,,,,ChZDSUhNMG9nS0VJQ0FnSUN1amJEblRBEAE,,,,,,,,,,,,,,,,,,,,,,,,,,,,,,,,,,,,,,,,,,,,Google,https://www.google.com/maps/reviews/data=!4m8!14m7!1m6!2m5!1sChZDSUhNMG9nS0VJQ0FnSUN1amJEblRBEAE!2m1!1s0x0:0xf0217a90db0ed60!3m1!1s2@1:CIHM0ogKEICAgICujbDnTA%7C%7C?hl=en,115548746307248391496,11,https://lh3.googleusercontent.com/a-/ALV-UjUbZygkRta4DV96doU9jpQa8o1RM73HtVsD6vDpCcyJSUcFcuNQ=s1920-c-rp-mo-ba2-br100,https://www.google.com/maps/contrib/115548746307248391496?hl=en,640,2025-09-22T01:50:38.650Z,"Direct Detail URL: https://www.google.com/maps/place/Nitmiluk+National+Park/@-14.0873241,132.4944842,17z/data=!4m8!3m7!1s0x2cba874d8faf2b1b:0xf0217a90db0ed60!8m2!3d-14.0873293!4d132.4970591!9m1!1b1!16zL20vMHBzaF8?entry=ttu&g_ep=EgoyMDI1MDkxNy4wIKXMDSoASAFQAw%3D%3D",5,Northern Territory,Gorge Rd,False,"Beautiful, also great guides",,Nitmiluk National Park,4.6,,https://www.google.com/maps/search/?api=1&query=Nitmiluk%20National%20Park&query_place_id=ChIJGyuvj02HuiwRYO2wDakXAg8,,Positive
"Gorge Rd, Nitmiluk NT 0852, Australia",National park,National park,1081452875368951136,Nitmiluk,AU,0x2cba874d8faf2b1b:0xf0217a90db0ed60,https://lh3.googleusercontent.com/gps-cs-s/AC9h4nqucVhUkszMsbNFuo8KopTZabjnSZWcFXEu6bbpLr7j96pX5n2DtpNM5HMhPKxB_dYEXN1oartSV04GcL4cwyFKVChCx4WkAQ5JqqEVP0KwuIwdfGvx4IjepBTe6XZCE_hgL5R9ug=w408-h306-k-no,False,True,en,0,-14.0873293,132.4970591,Victor Ingold,,,False,ChIJGyuvj02HuiwRYO2wDakXAg8,852,,3 years ago,2022-08-02T04:22:21.482Z,,,,,,ChdDSUhNMG9nS0VJQ0FnSUN1cGVTQ3V3RRAB,,,,,,,,,,,,,,,,,,,,,,,,,,,,,,,,,,,,,,,,,,,,Google,https://www.google.com/maps/reviews/data=!4m8!14m7!1m6!2m5!1sChdDSUhNMG9nS0VJQ0FnSUN1cGVTQ3V3RRAB!2m1!1s0x0:0xf0217a90db0ed60!3m1!1s2@1:CIHM0ogKEICAgICupeSCuwE%7C%7C?hl=en,105863740128672539393,1,https://lh3.googleusercontent.com/a/ACg8ocJwZqOf1U4iAFjt-QX_DOUO66nEY4yIGtFv5-_wSV1k-aBgNA=s1920-c-rp-mo-ba2-br100,https://www.google.com/maps/contrib/105863740128672539393?hl=en,640,2025-09-22T01:50:38.650Z,"Direct Detail URL: https://www.google.com/maps/place/Nitmiluk+National+Park/@-14.0873241,132.4944842,17z/data=!4m8!3m7!1s0x2cba874d8faf2b1b:0xf0217a90db0ed60!8m2!3d-14.0873293!4d132.4970591!9m1!1b1!16zL20vMHBzaF8?entry=ttu&g_ep=EgoyMDI1MDkxNy4wIKXMDSoASAFQAw%3D%3D",5,Northern Territory,Gorge Rd,False,,,Nitmiluk National Park,4.6,,https://www.google.com/maps/search/?api=1&query=Nitmiluk%20National%20Park&query_place_id=ChIJGyuvj02HuiwRYO2wDakXAg8,,Positive
"Gorge Rd, Nitmiluk NT 0852, Australia",National park,National park,1081452875368951136,Nitmiluk,AU,0x2cba874d8faf2b1b:0xf0217a90db0ed60,https://lh3.googleusercontent.com/gps-cs-s/AC9h4nqucVhUkszMsbNFuo8KopTZabjnSZWcFXEu6bbpLr7j96pX5n2DtpNM5HMhPKxB_dYEXN1oartSV04GcL4cwyFKVChCx4WkAQ5JqqEVP0KwuIwdfGvx4IjepBTe6XZCE_hgL5R9ug=w408-h306-k-no,False,True,en,0,-14.0873293,132.4970591,Chilli dog (Chillidog),,en,False,ChIJGyuvj02HuiwRYO2wDakXAg8,852,,3 years ago,2022-08-02T02:15:04.252Z,,,,,,ChZDSUhNMG9nS0VJQ0FnSUN1eGV2VWJBEAE,https://lh3.googleusercontent.com/geougc-cs/AB3l90BANlgFugK3cU1Q_ysaA3E6fYOZP5NDpDzSBdoJ2C35zsNlb52dUiqSVnDf7yCUj-f30JkCe6SagBKRpXaK5zmjDqK4wl0iW7-bZ3tvrMx55tBv3FprT2pSI41VzopNhvsqA5TTow,,,,,,,,,,,,,,,,,,,,,,,,,,,,,,,,,,,,,,,,,,,Google,https://www.google.com/maps/reviews/data=!4m8!14m7!1m6!2m5!1sChZDSUhNMG9nS0VJQ0FnSUN1eGV2VWJBEAE!2m1!1s0x0:0xf0217a90db0ed60!3m1!1s2@1:CIHM0ogKEICAgICuxevUbA%7C%7C?hl=en,105831965588431990379,178,https://lh3.googleusercontent.com/a/ACg8ocLlOYjfuALEcmR3vrbFZz3g8B3Y0YxTeXwvibl7pXoBPvCHWA=s1920-c-rp-mo-ba4-br100,https://www.google.com/maps/contrib/105831965588431990379?hl=en,640,2025-09-22T01:50:38.650Z,"Direct Detail URL: https://www.google.com/maps/place/Nitmiluk+National+Park/@-14.0873241,132.4944842,17z/data=!4m8!3m7!1s0x2cba874d8faf2b1b:0xf0217a90db0ed60!8m2!3d-14.0873293!4d132.4970591!9m1!1b1!16zL20vMHBzaF8?entry=ttu&g_ep=EgoyMDI1MDkxNy4wIKXMDSoASAFQAw%3D%3D",5,Northern Territory,Gorge Rd,False,Love it,,Nitmiluk National Park,4.6,,https://www.google.com/maps/search/?api=1&query=Nitmiluk%20National%20Park&query_place_id=ChIJGyuvj02HuiwRYO2wDakXAg8,,Positive
"Gorge Rd, Nitmiluk NT 0852, Australia",National park,National park,1081452875368951136,Nitmiluk,AU,0x2cba874d8faf2b1b:0xf0217a90db0ed60,https://lh3.googleusercontent.com/gps-cs-s/AC9h4nqucVhUkszMsbNFuo8KopTZabjnSZWcFXEu6bbpLr7j96pX5n2DtpNM5HMhPKxB_dYEXN1oartSV04GcL4cwyFKVChCx4WkAQ5JqqEVP0KwuIwdfGvx4IjepBTe6XZCE_hgL5R9ug=w408-h306-k-no,False,True,en,0,-14.0873293,132.4970591,Kent Hill,,en,False,ChIJGyuvj02HuiwRYO2wDakXAg8,852,,3 years ago,2022-07-27T09:01:17.755Z,,,,,,ChZDSUhNMG9nS0VJQ0FnSUN1cHFHSVhREAE,,,,,,,,,,,,,,,,,,,,,,,,,,,,,,,,,,,,,,,,,,,,Google,https://www.google.com/maps/reviews/data=!4m8!14m7!1m6!2m5!1sChZDSUhNMG9nS0VJQ0FnSUN1cHFHSVhREAE!2m1!1s0x0:0xf0217a90db0ed60!3m1!1s2@1:CIHM0ogKEICAgICupqGIXQ%7C%7C?hl=en,107758301450003822975,1359,https://lh3.googleusercontent.com/a/ACg8ocLSAIlEpZh2A_dnBFgPKiHF7UxgmZenJuZ3nTjlJUxg-Dyj=s1920-c-rp-mo-ba6-br100,https://www.google.com/maps/contrib/107758301450003822975?hl=en,640,2025-09-22T01:50:38.650Z,"Direct Detail URL: https://www.google.com/maps/place/Nitmiluk+National+Park/@-14.0873241,132.4944842,17z/data=!4m8!3m7!1s0x2cba874d8faf2b1b:0xf0217a90db0ed60!8m2!3d-14.0873293!4d132.4970591!9m1!1b1!16zL20vMHBzaF8?entry=ttu&g_ep=EgoyMDI1MDkxNy4wIKXMDSoASAFQAw%3D%3D",3,Northern Territory,Gorge Rd,False,"Cruises fully booked, so we just went for a look but could not really see that much, so we left",,Nitmiluk National Park,4.6,,https://www.google.com/maps/search/?api=1&query=Nitmiluk%20National%20Park&query_place_id=ChIJGyuvj02HuiwRYO2wDakXAg8,,Negative
"Gorge Rd, Nitmiluk NT 0852, Australia",National park,National park,1081452875368951136,Nitmiluk,AU,0x2cba874d8faf2b1b:0xf0217a90db0ed60,https://lh3.googleusercontent.com/gps-cs-s/AC9h4nqucVhUkszMsbNFuo8KopTZabjnSZWcFXEu6bbpLr7j96pX5n2DtpNM5HMhPKxB_dYEXN1oartSV04GcL4cwyFKVChCx4WkAQ5JqqEVP0KwuIwdfGvx4IjepBTe6XZCE_hgL5R9ug=w408-h306-k-no,False,True,en,0,-14.0873293,132.4970591,Ben Michell,,,False,ChIJGyuvj02HuiwRYO2wDakXAg8,852,,3 years ago,2022-07-24T09:55:25.927Z,,,,,,ChdDSUhNMG9nS0VJQ0FnSUN1b3RTN3pBRRAB,,,,,,,,,,,,,,,,,,,,,,,,,,,,,,,,,,,,,,,,,,,,Google,https://www.google.com/maps/reviews/data=!4m8!14m7!1m6!2m5!1sChdDSUhNMG9nS0VJQ0FnSUN1b3RTN3pBRRAB!2m1!1s0x0:0xf0217a90db0ed60!3m1!1s2@1:CIHM0ogKEICAgICuotS7zAE%7C%7C?hl=en,117141456158674925186,116,https://lh3.googleusercontent.com/a-/ALV-UjXyTOP_bZSkaJctCrs2yusOT4FKL3I3q7LechcIv1D0_NoV9hOKJg=s1920-c-rp-mo-ba4-br100,https://www.google.com/maps/contrib/117141456158674925186?hl=en,640,2025-09-22T01:50:38.650Z,"Direct Detail URL: https://www.google.com/maps/place/Nitmiluk+National+Park/@-14.0873241,132.4944842,17z/data=!4m8!3m7!1s0x2cba874d8faf2b1b:0xf0217a90db0ed60!8m2!3d-14.0873293!4d132.4970591!9m1!1b1!16zL20vMHBzaF8?entry=ttu&g_ep=EgoyMDI1MDkxNy4wIKXMDSoASAFQAw%3D%3D",5,Northern Territory,Gorge Rd,False,,,Nitmiluk National Park,4.6,,https://www.google.com/maps/search/?api=1&query=Nitmiluk%20National%20Park&query_place_id=ChIJGyuvj02HuiwRYO2wDakXAg8,,Positive
"Gorge Rd, Nitmiluk NT 0852, Australia",National park,National park,1081452875368951136,Nitmiluk,AU,0x2cba874d8faf2b1b:0xf0217a90db0ed60,https://lh3.googleusercontent.com/gps-cs-s/AC9h4nqucVhUkszMsbNFuo8KopTZabjnSZWcFXEu6bbpLr7j96pX5n2DtpNM5HMhPKxB_dYEXN1oartSV04GcL4cwyFKVChCx4WkAQ5JqqEVP0KwuIwdfGvx4IjepBTe6XZCE_hgL5R9ug=w408-h306-k-no,False,True,en,0,-14.0873293,132.4970591,sylvia luglio,,en,False,ChIJGyuvj02HuiwRYO2wDakXAg8,852,,3 years ago,2022-07-16T08:57:24.323Z,,,,,,ChZDSUhNMG9nS0VJQ0FnSURPbDdXQkNREAE,,,,,,,,,,,,,,,,,,,,,,,,,,,,,,,,,,,,,,,,,,,,Google,https://www.google.com/maps/reviews/data=!4m8!14m7!1m6!2m5!1sChZDSUhNMG9nS0VJQ0FnSURPbDdXQkNREAE!2m1!1s0x0:0xf0217a90db0ed60!3m1!1s2@1:CIHM0ogKEICAgIDOl7WBCQ%7C%7C?hl=en,101307026905112356535,95,https://lh3.googleusercontent.com/a/ACg8ocIwnLlqTCbywMhZ1OO8xL5UMwfiD4l-ytXcl8KpcxhGNIYGxA=s1920-c-rp-mo-ba4-br100,https://www.google.com/maps/contrib/101307026905112356535?hl=en,640,2025-09-22T01:50:38.650Z,"Direct Detail URL: https://www.google.com/maps/place/Nitmiluk+National+Park/@-14.0873241,132.4944842,17z/data=!4m8!3m7!1s0x2cba874d8faf2b1b:0xf0217a90db0ed60!8m2!3d-14.0873293!4d132.4970591!9m1!1b1!16zL20vMHBzaF8?entry=ttu&g_ep=EgoyMDI1MDkxNy4wIKXMDSoASAFQAw%3D%3D",5,Northern Territory,Gorge Rd,False,Beautiful,,Nitmiluk National Park,4.6,,https://www.google.com/maps/search/?api=1&query=Nitmiluk%20National%20Park&query_place_id=ChIJGyuvj02HuiwRYO2wDakXAg8,,Positive
"Gorge Rd, Nitmiluk NT 0852, Australia",National park,National park,1081452875368951136,Nitmiluk,AU,0x2cba874d8faf2b1b:0xf0217a90db0ed60,https://lh3.googleusercontent.com/gps-cs-s/AC9h4nqucVhUkszMsbNFuo8KopTZabjnSZWcFXEu6bbpLr7j96pX5n2DtpNM5HMhPKxB_dYEXN1oartSV04GcL4cwyFKVChCx4WkAQ5JqqEVP0KwuIwdfGvx4IjepBTe6XZCE_hgL5R9ug=w408-h306-k-no,False,True,en,0,-14.0873293,132.4970591,Lyndon Polgreen,,,False,ChIJGyuvj02HuiwRYO2wDakXAg8,852,,3 years ago,2022-07-15T10:43:24.766Z,,,,,,ChdDSUhNMG9nS0VJQ0FnSURPLTZ1cndBRRAB,,,,,,,,,,,,,,,,,,,,,,,,,,,,,,,,,,,,,,,,,,,,Google,https://www.google.com/maps/reviews/data=!4m8!14m7!1m6!2m5!1sChdDSUhNMG9nS0VJQ0FnSURPLTZ1cndBRRAB!2m1!1s0x0:0xf0217a90db0ed60!3m1!1s2@1:CIHM0ogKEICAgIDO-6urwAE%7C%7C?hl=en,104965846470827303775,83,https://lh3.googleusercontent.com/a/ACg8ocKTtsgCLk3mU8Fjvla-37juddrqu_oxp3-Ry5WRq_nsPUdq=s1920-c-rp-mo-ba3-br100,https://www.google.com/maps/contrib/104965846470827303775?hl=en,640,2025-09-22T01:50:38.650Z,"Direct Detail URL: https://www.google.com/maps/place/Nitmiluk+National+Park/@-14.0873241,132.4944842,17z/data=!4m8!3m7!1s0x2cba874d8faf2b1b:0xf0217a90db0ed60!8m2!3d-14.0873293!4d132.4970591!9m1!1b1!16zL20vMHBzaF8?entry=ttu&g_ep=EgoyMDI1MDkxNy4wIKXMDSoASAFQAw%3D%3D",5,Northern Territory,Gorge Rd,False,,,Nitmiluk National Park,4.6,,https://www.google.com/maps/search/?api=1&query=Nitmiluk%20National%20Park&query_place_id=ChIJGyuvj02HuiwRYO2wDakXAg8,,Positive
"Gorge Rd, Nitmiluk NT 0852, Australia",National park,National park,1081452875368951136,Nitmiluk,AU,0x2cba874d8faf2b1b:0xf0217a90db0ed60,https://lh3.googleusercontent.com/gps-cs-s/AC9h4nqucVhUkszMsbNFuo8KopTZabjnSZWcFXEu6bbpLr7j96pX5n2DtpNM5HMhPKxB_dYEXN1oartSV04GcL4cwyFKVChCx4WkAQ5JqqEVP0KwuIwdfGvx4IjepBTe6XZCE_hgL5R9ug=w408-h306-k-no,False,True,en,0,-14.0873293,132.4970591,Brogan Yorston,,,False,ChIJGyuvj02HuiwRYO2wDakXAg8,852,,3 years ago,2022-07-14T03:25:40.956Z,,,,,,ChdDSUhNMG9nS0VJQ0FnSURPeS1EaTZBRRAB,https://lh3.googleusercontent.com/geougc-cs/AB3l90AFvK-UIu_PlzPjb_UG8NOGAXqnCw_1t2pl_38blxRPwlHmvMYwVLgBw9ft1lUNRnXXYwbO93Hwf61QBpYwvEfKI68p_F5wDJsw0MRUvzyNsywX6q5zszWfJRMNOtvhCEGweN3kXQ,,,,,,,,,,,,,,,,,,,,,,,,,,,,,,,,,,,,,,,,,,,Google,https://www.google.com/maps/reviews/data=!4m8!14m7!1m6!2m5!1sChdDSUhNMG9nS0VJQ0FnSURPeS1EaTZBRRAB!2m1!1s0x0:0xf0217a90db0ed60!3m1!1s2@1:CIHM0ogKEICAgIDOy-Di6AE%7C%7C?hl=en,107716857160581351111,25,https://lh3.googleusercontent.com/a/ACg8ocKfjEEre_NFAZy0J5jqvHtgcFzsdeT0RFr4OHUgcmHdXSo8ug=s1920-c-rp-mo-ba3-br100,https://www.google.com/maps/contrib/107716857160581351111?hl=en,640,2025-09-22T01:50:38.650Z,"Direct Detail URL: https://www.google.com/maps/place/Nitmiluk+National+Park/@-14.0873241,132.4944842,17z/data=!4m8!3m7!1s0x2cba874d8faf2b1b:0xf0217a90db0ed60!8m2!3d-14.0873293!4d132.4970591!9m1!1b1!16zL20vMHBzaF8?entry=ttu&g_ep=EgoyMDI1MDkxNy4wIKXMDSoASAFQAw%3D%3D",5,Northern Territory,Gorge Rd,False,,,Nitmiluk National Park,4.6,,https://www.google.com/maps/search/?api=1&query=Nitmiluk%20National%20Park&query_place_id=ChIJGyuvj02HuiwRYO2wDakXAg8,,Positive
"Gorge Rd, Nitmiluk NT 0852, Australia",National park,National park,1081452875368951136,Nitmiluk,AU,0x2cba874d8faf2b1b:0xf0217a90db0ed60,https://lh3.googleusercontent.com/gps-cs-s/AC9h4nqucVhUkszMsbNFuo8KopTZabjnSZWcFXEu6bbpLr7j96pX5n2DtpNM5HMhPKxB_dYEXN1oartSV04GcL4cwyFKVChCx4WkAQ5JqqEVP0KwuIwdfGvx4IjepBTe6XZCE_hgL5R9ug=w408-h306-k-no,False,True,en,0,-14.0873293,132.4970591,The fish god Fish,,en,False,ChIJGyuvj02HuiwRYO2wDakXAg8,852,,3 years ago,2022-07-08T07:51:48.373Z,,,,,,ChZDSUhNMG9nS0VJQ0FnSURPOGZQb1pBEAE,,,,,,,,,,,,,,,,,,,,,,,,,,,,,,,,,,,,,,,,,,,,Google,https://www.google.com/maps/reviews/data=!4m8!14m7!1m6!2m5!1sChZDSUhNMG9nS0VJQ0FnSURPOGZQb1pBEAE!2m1!1s0x0:0xf0217a90db0ed60!3m1!1s2@1:CIHM0ogKEICAgIDO8fPoZA%7C%7C?hl=en,107112541462731947458,19,https://lh3.googleusercontent.com/a/ACg8ocIWcjEMn9OxxvhyLtle5XCLpk60UQs8Ev2SJz9OhDlQxrO37g=s1920-c-rp-mo-ba2-br100,https://www.google.com/maps/contrib/107112541462731947458?hl=en,640,2025-09-22T01:50:38.650Z,"Direct Detail URL: https://www.google.com/maps/place/Nitmiluk+National+Park/@-14.0873241,132.4944842,17z/data=!4m8!3m7!1s0x2cba874d8faf2b1b:0xf0217a90db0ed60!8m2!3d-14.0873293!4d132.4970591!9m1!1b1!16zL20vMHBzaF8?entry=ttu&g_ep=EgoyMDI1MDkxNy4wIKXMDSoASAFQAw%3D%3D",2,Northern Territory,Gorge Rd,False,Staff sounded like they really didn't want to be there and wernt very helpful. They also didn't answer my questions,,Nitmiluk National Park,4.6,,https://www.google.com/maps/search/?api=1&query=Nitmiluk%20National%20Park&query_place_id=ChIJGyuvj02HuiwRYO2wDakXAg8,,Positive
"Gorge Rd, Nitmiluk NT 0852, Australia",National park,National park,1081452875368951136,Nitmiluk,AU,0x2cba874d8faf2b1b:0xf0217a90db0ed60,https://lh3.googleusercontent.com/gps-cs-s/AC9h4nqucVhUkszMsbNFuo8KopTZabjnSZWcFXEu6bbpLr7j96pX5n2DtpNM5HMhPKxB_dYEXN1oartSV04GcL4cwyFKVChCx4WkAQ5JqqEVP0KwuIwdfGvx4IjepBTe6XZCE_hgL5R9ug=w408-h306-k-no,False,True,en,0,-14.0873293,132.4970591,john k,,,False,ChIJGyuvj02HuiwRYO2wDakXAg8,852,,3 years ago,2022-07-01T23:05:16.577Z,,,,,,ChdDSUhNMG9nS0VJQ0FnSURPOHJEdjZBRRAB,,,,,,,,,,,,,,,,,,,,,,,,,,,,,,,,,,,,,,,,,,,,Google,https://www.google.com/maps/reviews/data=!4m8!14m7!1m6!2m5!1sChdDSUhNMG9nS0VJQ0FnSURPOHJEdjZBRRAB!2m1!1s0x0:0xf0217a90db0ed60!3m1!1s2@1:CIHM0ogKEICAgIDO8rDv6AE%7C%7C?hl=en,106651269637009711253,16,https://lh3.googleusercontent.com/a/ACg8ocKgtYidW3LDpfPXm7dHnnfQywmOpXHCARZptbQG8Qf7ZAsTVA=s1920-c-rp-mo-ba4-br100,https://www.google.com/maps/contrib/106651269637009711253?hl=en,640,2025-09-22T01:50:38.650Z,"Direct Detail URL: https://www.google.com/maps/place/Nitmiluk+National+Park/@-14.0873241,132.4944842,17z/data=!4m8!3m7!1s0x2cba874d8faf2b1b:0xf0217a90db0ed60!8m2!3d-14.0873293!4d132.4970591!9m1!1b1!16zL20vMHBzaF8?entry=ttu&g_ep=EgoyMDI1MDkxNy4wIKXMDSoASAFQAw%3D%3D",5,Northern Territory,Gorge Rd,False,,,Nitmiluk National Park,4.6,,https://www.google.com/maps/search/?api=1&query=Nitmiluk%20National%20Park&query_place_id=ChIJGyuvj02HuiwRYO2wDakXAg8,,Positive
"Gorge Rd, Nitmiluk NT 0852, Australia",National park,National park,1081452875368951136,Nitmiluk,AU,0x2cba874d8faf2b1b:0xf0217a90db0ed60,https://lh3.googleusercontent.com/gps-cs-s/AC9h4nqucVhUkszMsbNFuo8KopTZabjnSZWcFXEu6bbpLr7j96pX5n2DtpNM5HMhPKxB_dYEXN1oartSV04GcL4cwyFKVChCx4WkAQ5JqqEVP0KwuIwdfGvx4IjepBTe6XZCE_hgL5R9ug=w408-h306-k-no,False,True,en,0,-14.0873293,132.4970591,Elizabeth AKA Pat Irving,,en,False,ChIJGyuvj02HuiwRYO2wDakXAg8,852,,3 years ago,2022-07-01T11:37:44.395Z,,,,,,ChdDSUhNMG9nS0VJQ0FnSURPa29xdmhnRRAB,,,,,,,,,,,,,,,,,,,,,,,,,,,,,,,,,,,,,,,,,,,,Google,https://www.google.com/maps/reviews/data=!4m8!14m7!1m6!2m5!1sChdDSUhNMG9nS0VJQ0FnSURPa29xdmhnRRAB!2m1!1s0x0:0xf0217a90db0ed60!3m1!1s2@1:CIHM0ogKEICAgIDOkoqvhgE%7C%7C?hl=en,101450584178238974178,300,https://lh3.googleusercontent.com/a/ACg8ocKAcMjAZdxdtN_ogfaDV66h-GqF7bogXgbbbIlfIZbnig4p-Q=s1920-c-rp-mo-ba5-br100,https://www.google.com/maps/contrib/101450584178238974178?hl=en,640,2025-09-22T01:50:38.650Z,"Direct Detail URL: https://www.google.com/maps/place/Nitmiluk+National+Park/@-14.0873241,132.4944842,17z/data=!4m8!3m7!1s0x2cba874d8faf2b1b:0xf0217a90db0ed60!8m2!3d-14.0873293!4d132.4970591!9m1!1b1!16zL20vMHBzaF8?entry=ttu&g_ep=EgoyMDI1MDkxNy4wIKXMDSoASAFQAw%3D%3D",5,Northern Territory,Gorge Rd,False,What an amazing place. The Gorge is mind boggling as to how water is contained within the limestone allowing stag and maidenhair ferns to survive so far up. Also the waterline denoting the wet season is so high up it's hard to believe that the trees below actually survive from year to year,,Nitmiluk National Park,4.6,,https://www.google.com/maps/search/?api=1&query=Nitmiluk%20National%20Park&query_place_id=ChIJGyuvj02HuiwRYO2wDakXAg8,,Positive
"Gorge Rd, Nitmiluk NT 0852, Australia",National park,National park,1081452875368951136,Nitmiluk,AU,0x2cba874d8faf2b1b:0xf0217a90db0ed60,https://lh3.googleusercontent.com/gps-cs-s/AC9h4nqucVhUkszMsbNFuo8KopTZabjnSZWcFXEu6bbpLr7j96pX5n2DtpNM5HMhPKxB_dYEXN1oartSV04GcL4cwyFKVChCx4WkAQ5JqqEVP0KwuIwdfGvx4IjepBTe6XZCE_hgL5R9ug=w408-h306-k-no,False,True,en,0,-14.0873293,132.4970591,rosie crooks,,en,False,ChIJGyuvj02HuiwRYO2wDakXAg8,852,,3 years ago,2022-06-25T07:26:51.933Z,,,,,,ChdDSUhNMG9nS0VJQ0FnSURPa01Pa2lBRRAB,https://lh3.googleusercontent.com/geougc-cs/AB3l90BjnZmwGp3FYA1CKJP8qgzUzjYwzoDxRyAHCP5JiH4hs5WmjEYyK7WwDGQpzAVjQx0cKUrFBM05humuncn_UoUBfqQRGz9SYncGUIqcORT7hNqXrfG9wlZDB5XDHXzAPhJssTnn1g,https://lh3.googleusercontent.com/geougc-cs/AB3l90BRM9oZ8byIGLWp54A81jDv2D0zZCYal3QcMOxzVafc9ec7EgHDhiYSeqSk-NEizX8H0jgh0T0GqFsjEtzN-GwX1DIQgpMRhdxObiinPaSChOHCPgOjzMYT3_DAFtwDvB_9mmDX,https://lh3.googleusercontent.com/geougc-cs/AB3l90ChejowbdhGdVSLPU006vFxheNy7OsegB7cE0Y98S_8XmcXcsxUc-gYbOBC76Ope0sTLa73U-rKk-AQnkuZ1yr0OtZw0x4lwrAL3aT06_dUTQSHaIAwXj9M0DuQdp4GNBg5N89HBw,https://lh3.googleusercontent.com/geougc-cs/AB3l90CMXDDJvHTxNcwmUqNMbR-wIVonpiZqX9d0JpeTn9DoBXImFHoakWmLIYd7y_6ikFVXN94bKI73mp1QRtKh_0osgr4Thoi5irVzppAkaei3Nk6OmMG9fUF4hpDkgE28GmR3y8L7,https://lh3.googleusercontent.com/geougc-cs/AB3l90D38a7EdwcO6VR7TOPF9dEms1ngMs4i5jZlWAw6pRLmXOQTjrtvbr8sgfhs3MciOdLAXlKgtFRr4QJB1SFCGr4wb6W17-Vj1XgCAsC-fNUwSXjfqX8cHhY36tSpiqxioS7uwr9zUw,https://lh3.googleusercontent.com/geougc-cs/AB3l90AIxhQSD3XP_IvXmIlfWjRoZQAfybhgBgMTRlQRzxQWCgOoe5MSQA1We5WkVanTCFnIr0_vfkCGNzSzxvNNSwlkyn1PR_2OELdAl1eJ1rEmBSld9dR0m-DPP3k6Jnc6Y8RYweb_,https://lh3.googleusercontent.com/geougc-cs/AB3l90A9uzZtOTRp6neQymKssY9ccvtd8w3yl3tpLufAI9EQFwbAkOcBpxE-Z5uuw1bQU_blT8YAcU0kqQ4KTo5buT0A1u1VrPvuX6rU3etcWrsFcosQmqLsI5LT7sdNstp_C9UB1V6LPQ,https://lh3.googleusercontent.com/geougc-cs/AB3l90BXsmZKvgLGTyzCUd2w7wBtFA-LA62e4k90GivTKmmuhqm1G_yjaohZ1VzZUGbrVLabI6c02CBHISLssXvCVwgrXxGToB51dVZ8OgCSBWrU2f8uAKLfXxwCYNvimEi3UjG1AzDY,https://lh3.googleusercontent.com/geougc-cs/AB3l90CcSuYs7K7xseQnUsArJIA3luzMCIu7aivS0n5pD2nt79MaTjH_9575mAIoDpfsXOkl7AYrsW6o1coa9SdxZEyZWWhNNj5DpfbC3GoK-DEJevSpCvwiql2bR5g3jF4gWV-g9SBSPA,https://lh3.googleusercontent.com/geougc-cs/AB3l90D0bPNEYohmALxE4POIrLN2KQme-Ws-UC3hzeP2Ahu_cgW3smIpIyVSZY459mVNYY-kC237itGFCXl7ss5qbYQAghgtPRk8BL2ZKk-MxKOyUhCNdh4_6G8mm4seQEGN7u3lzo48,https://lh3.googleusercontent.com/geougc-cs/AB3l90DALQoQCkOq4-iceQiQHTRRR79qkYAEBn3uUA1kPrgED0ltdxmx5LZU3-wVm8N57hH1cKlM5o26-c9AWY4eMT33dxzNipWtMLn54bs8UuBaRAI5ukuGj41MzUenSmIL-ILKv5pCmg,https://lh3.googleusercontent.com/geougc-cs/AB3l90DHLBLCSQx012jH9MDN4aUEq_aXZwY6yT0gL9JQnkpH80dIHJdBhJvLdR4i98A_s9iEb0HF_zBubORPdeelRf4W5Qh1pmvgyqjbpwgTtCcytnJBnS7pqXd8B39WJ-zw6DA7Xazt,https://lh3.googleusercontent.com/geougc-cs/AB3l90Ds-hE0eGO9agGgDSkZnklw1Mce-a9kzY7BQ5SeQfmIPcpB_JfLOd0SkHVeJtAz7SGtwE3foPZ6Vov6CbC0OOFSh9PXdnfNSoRcIau1Zb0emlgqlUBm5HD7aVJM9I1jWp2q5cYrQg,https://lh3.googleusercontent.com/geougc-cs/AB3l90Cp8nH3CU8i0VUWtk_ouszE0jX-lnd9z5K1vgkfKXExZjKuyE5FHDBqSpgExgF3IAXLPdTt6JIAXzHygXSh6-_KHGcSNr8x2go1xiLLWCSDdFzpHqVuPqpPnakXpkSB-S-HRXE,https://lh3.googleusercontent.com/geougc-cs/AB3l90ASdyDMLAwLHnN4yHBR3CrJiDmHj1899WY419T0MUQ6gD0PyBRpSMUYD2sTb_4t6ED1CkNQiof_uqzRlGqkDJl1O1G9q_eN06tkempqKftvk-loJXwPuzbyo9ZXCjDP3KwgLGUeeg,https://lh3.googleusercontent.com/geougc-cs/AB3l90ApAVxOcnWdvtolJ5Lr8hyAIYVvBF6c0FgO_SAsiwEGoBFQzlSVZUkmEqlnEJo-JEAlDgnYFw_mPBiKB4UtAUEkC_ciFNTMzNhISwjbSIVv587NMyxncTFczDdflMjUUkuFzu5a,https://lh3.googleusercontent.com/geougc-cs/AB3l90CxQx7uNYUAL0NpLbwEfYboc_Cb8QuRyAkHtdUZeo7fRuIkZ3VsWPqPz0gIEOrC0IkLpYQpQZw5Of0dmSVQVsZQo3RqOWUTXm4PYF-XVMUZ6Yh4WTXmYQmMwyterOQIJivODKu1Bg,https://lh3.googleusercontent.com/geougc-cs/AB3l90D7TV_2C-lqk4QQ1RCMXbgfRU0mLngCVGN5cnWR54bpCakSWYOhZrQKVfsks3xdA5XzHTEcloOX-ccjz2297j4o-FNEOm-kRA_IYCj1DJn6lJNEdhEGJbLHcIMzZ2v9l2VkFlIE,https://lh3.googleusercontent.com/geougc-cs/AB3l90A3ppl3Hg2vUOHNbAoGbf8LQu5p_G3h8iXzFJTHQDxz0H5WvCTr18vEJ1vt3i7PRy0EwQGVWPnXPDvYAqRPXI1aYxNdQ5MahdLKlgnTauS8G359lrNBdW9cycZ287OG7Y6jjJD9uA,https://lh3.googleusercontent.com/geougc-cs/AB3l90CbFZLgIgrw7NNcmni3AdjavFBjr9cDy2cgrF9-bvxT9ErpgzvxpwkZz1kEVFRmo25YQwLWANTVrRrJ4tUyH9-7sJubCLoJcWdestklO2FQbF3ML2zXfZPloHXFvtL-T5VAW5Ft,https://lh3.googleusercontent.com/geougc-cs/AB3l90D59K5UeJVhac60hZdhxNvwktoyt_NeL3zpOC41f7R-dXWt6ok9PbOkzvo2kMO4anw7QDQwm4LeMRH9cQ3hzWB-nyuvDPjx0WP4zNNjhLmCQDZF9qdfy7kv24NksUksQ8VkjjXK,https://lh3.googleusercontent.com/geougc-cs/AB3l90DDezqrlGOdKiUTn3MHHRC02iZDA3d-Pa-t5mtas0OcnK4eSVwt3MR3heQcv6qcBW5xrjw9ZL0BN04Ap7E0RQTJ0Hx262BX9a7OtRKHRh_36VD7iw14tt4D3Gc0H6ALLBpUP7lg,,,,,,,,,,,,,,,,,,,,,,Google,https://www.google.com/maps/reviews/data=!4m8!14m7!1m6!2m5!1sChdDSUhNMG9nS0VJQ0FnSURPa01Pa2lBRRAB!2m1!1s0x0:0xf0217a90db0ed60!3m1!1s2@1:CIHM0ogKEICAgIDOkMOkiAE%7C%7C?hl=en,102843233451927856165,218,https://lh3.googleusercontent.com/a/ACg8ocL1mro-d8aG_R39OrdsISYivaZGyY2rnbzElMZMb3w9pX6l-A=s1920-c-rp-mo-ba5-br100,https://www.google.com/maps/contrib/102843233451927856165?hl=en,640,2025-09-22T01:50:38.650Z,"Direct Detail URL: https://www.google.com/maps/place/Nitmiluk+National+Park/@-14.0873241,132.4944842,17z/data=!4m8!3m7!1s0x2cba874d8faf2b1b:0xf0217a90db0ed60!8m2!3d-14.0873293!4d132.4970591!9m1!1b1!16zL20vMHBzaF8?entry=ttu&g_ep=EgoyMDI1MDkxNy4wIKXMDSoASAFQAw%3D%3D",5,Northern Territory,Gorge Rd,False,Such a beautiful special place,,Nitmiluk National Park,4.6,,https://www.google.com/maps/search/?api=1&query=Nitmiluk%20National%20Park&query_place_id=ChIJGyuvj02HuiwRYO2wDakXAg8,,Positive
"Gorge Rd, Nitmiluk NT 0852, Australia",National park,National park,1081452875368951136,Nitmiluk,AU,0x2cba874d8faf2b1b:0xf0217a90db0ed60,https://lh3.googleusercontent.com/gps-cs-s/AC9h4nqucVhUkszMsbNFuo8KopTZabjnSZWcFXEu6bbpLr7j96pX5n2DtpNM5HMhPKxB_dYEXN1oartSV04GcL4cwyFKVChCx4WkAQ5JqqEVP0KwuIwdfGvx4IjepBTe6XZCE_hgL5R9ug=w408-h306-k-no,False,True,en,0,-14.0873293,132.4970591,Zhen Liu,,en,False,ChIJGyuvj02HuiwRYO2wDakXAg8,852,,3 years ago,2022-06-25T03:08:33.666Z,,,,,,ChZDSUhNMG9nS0VJQ0FnSURPa0lqaU9BEAE,,,,,,,,,,,,,,,,,,,,,,,,,,,,,,,,,,,,,,,,,,,,Google,https://www.google.com/maps/reviews/data=!4m8!14m7!1m6!2m5!1sChZDSUhNMG9nS0VJQ0FnSURPa0lqaU9BEAE!2m1!1s0x0:0xf0217a90db0ed60!3m1!1s2@1:CIHM0ogKEICAgIDOkIjiOA%7C%7C?hl=en,108240059601663178967,152,https://lh3.googleusercontent.com/a-/ALV-UjWm71W_dL8bbjaXqod0ZzPZ3AibV7r5-utJJWN8DflYSiRsdSg=s1920-c-rp-mo-ba4-br100,https://www.google.com/maps/contrib/108240059601663178967?hl=en,640,2025-09-22T01:50:38.650Z,"Direct Detail URL: https://www.google.com/maps/place/Nitmiluk+National+Park/@-14.0873241,132.4944842,17z/data=!4m8!3m7!1s0x2cba874d8faf2b1b:0xf0217a90db0ed60!8m2!3d-14.0873293!4d132.4970591!9m1!1b1!16zL20vMHBzaF8?entry=ttu&g_ep=EgoyMDI1MDkxNy4wIKXMDSoASAFQAw%3D%3D",4,Northern Territory,Gorge Rd,False,A lot to see and a lot to do here. The experience varies greatly between dry and wet seasons,,Nitmiluk National Park,4.6,,https://www.google.com/maps/search/?api=1&query=Nitmiluk%20National%20Park&query_place_id=ChIJGyuvj02HuiwRYO2wDakXAg8,,Positive
"Gorge Rd, Nitmiluk NT 0852, Australia",National park,National park,1081452875368951136,Nitmiluk,AU,0x2cba874d8faf2b1b:0xf0217a90db0ed60,https://lh3.googleusercontent.com/gps-cs-s/AC9h4nqucVhUkszMsbNFuo8KopTZabjnSZWcFXEu6bbpLr7j96pX5n2DtpNM5HMhPKxB_dYEXN1oartSV04GcL4cwyFKVChCx4WkAQ5JqqEVP0KwuIwdfGvx4IjepBTe6XZCE_hgL5R9ug=w408-h306-k-no,False,False,en,0,-14.0873293,132.4970591,John Anderson,,en,False,ChIJGyuvj02HuiwRYO2wDakXAg8,852,,3 years ago,2022-06-24T11:49:54.282Z,,,,,,ChdDSUhNMG9nS0VJQ0FnSURPZ05PajlBRRAB,,,,,,,,,,,,,,,,,,,,,,,,,,,,,,,,,,,,,,,,,,,,Google,https://www.google.com/maps/reviews/data=!4m8!14m7!1m6!2m5!1sChdDSUhNMG9nS0VJQ0FnSURPZ05PajlBRRAB!2m1!1s0x0:0xf0217a90db0ed60!3m1!1s2@1:CIHM0ogKEICAgIDOgNOj9AE%7C%7C?hl=en,117944880452910033017,45,https://lh3.googleusercontent.com/a/ACg8ocKaOabKuWnqyTlFBx_SurnbmE5Pva_2Yh8gB7xY5MKVg6uhjQ=s1920-c-rp-mo-br100,https://www.google.com/maps/contrib/117944880452910033017?hl=en,640,2025-09-22T01:50:38.650Z,"Direct Detail URL: https://www.google.com/maps/place/Nitmiluk+National+Park/@-14.0873241,132.4944842,17z/data=!4m8!3m7!1s0x2cba874d8faf2b1b:0xf0217a90db0ed60!8m2!3d-14.0873293!4d132.4970591!9m1!1b1!16zL20vMHBzaF8?entry=ttu&g_ep=EgoyMDI1MDkxNy4wIKXMDSoASAFQAw%3D%3D",4,Northern Territory,Gorge Rd,False,Nice walk to the lookouts.,,Nitmiluk National Park,4.6,,https://www.google.com/maps/search/?api=1&query=Nitmiluk%20National%20Park&query_place_id=ChIJGyuvj02HuiwRYO2wDakXAg8,,Positive
"Gorge Rd, Nitmiluk NT 0852, Australia",National park,National park,1081452875368951136,Nitmiluk,AU,0x2cba874d8faf2b1b:0xf0217a90db0ed60,https://lh3.googleusercontent.com/gps-cs-s/AC9h4nqucVhUkszMsbNFuo8KopTZabjnSZWcFXEu6bbpLr7j96pX5n2DtpNM5HMhPKxB_dYEXN1oartSV04GcL4cwyFKVChCx4WkAQ5JqqEVP0KwuIwdfGvx4IjepBTe6XZCE_hgL5R9ug=w408-h306-k-no,False,True,en,0,-14.0873293,132.4970591,Chuangzun jong,,en,False,ChIJGyuvj02HuiwRYO2wDakXAg8,852,,3 years ago,2022-06-23T23:11:52.960Z,,,,,,ChZDSUhNMG9nS0VJQ0FnSUNPdjU3TlpREAE,,,,,,,,,,,,,,,,,,,,,,,,,,,,,,,,,,,,,,,,,,,,Google,https://www.google.com/maps/reviews/data=!4m8!14m7!1m6!2m5!1sChZDSUhNMG9nS0VJQ0FnSUNPdjU3TlpREAE!2m1!1s0x0:0xf0217a90db0ed60!3m1!1s2@1:CIHM0ogKEICAgICOv57NZQ%7C%7C?hl=en,118240232451959644380,39,https://lh3.googleusercontent.com/a/ACg8ocKNveQqBqQ5UA0q1Jy0d9_BY9eaEXi5QRMoVz1ggoryYA3UFQ=s1920-c-rp-mo-ba3-br100,https://www.google.com/maps/contrib/118240232451959644380?hl=en,640,2025-09-22T01:50:38.650Z,"Direct Detail URL: https://www.google.com/maps/place/Nitmiluk+National+Park/@-14.0873241,132.4944842,17z/data=!4m8!3m7!1s0x2cba874d8faf2b1b:0xf0217a90db0ed60!8m2!3d-14.0873293!4d132.4970591!9m1!1b1!16zL20vMHBzaF8?entry=ttu&g_ep=EgoyMDI1MDkxNy4wIKXMDSoASAFQAw%3D%3D",5,Northern Territory,Gorge Rd,False,Wonderful national park! Highly recommended,,Nitmiluk National Park,4.6,,https://www.google.com/maps/search/?api=1&query=Nitmiluk%20National%20Park&query_place_id=ChIJGyuvj02HuiwRYO2wDakXAg8,,Positive
"Gorge Rd, Nitmiluk NT 0852, Australia",National park,National park,1081452875368951136,Nitmiluk,AU,0x2cba874d8faf2b1b:0xf0217a90db0ed60,https://lh3.googleusercontent.com/gps-cs-s/AC9h4nqucVhUkszMsbNFuo8KopTZabjnSZWcFXEu6bbpLr7j96pX5n2DtpNM5HMhPKxB_dYEXN1oartSV04GcL4cwyFKVChCx4WkAQ5JqqEVP0KwuIwdfGvx4IjepBTe6XZCE_hgL5R9ug=w408-h306-k-no,False,True,en,0,-14.0873293,132.4970591,Margurette Beinke,,en,False,ChIJGyuvj02HuiwRYO2wDakXAg8,852,,3 years ago,2022-06-23T11:55:29.132Z,,,,,,ChZDSUhNMG9nS0VJQ0FnSUNPNzdtME1BEAE,https://lh3.googleusercontent.com/geougc-cs/AB3l90B_SVr_jnhHobZ81RcelZpD4D0__-WnwwgXfqEJaavBgojUntyifliOynhj8H5iV1cj66TIy4nu42-oVdOvvkDIGGUgdNDXUuqo0lOruwtvwDYLWtAOjUzIlSG6dRRaacoYKcw,https://lh3.googleusercontent.com/geougc-cs/AB3l90C-RSwHjc4BSO2fZs8yP2RJl4Ih_2pGU2ckFoRuCErDOrL3NyTf_EHS62yUMZzPC4muERVpuWY6JEY8PHirIIenjFhSS5Fs2D_dKaICxp9nLJv2nJzAGZkz77jAwGiSq9_yJbWT,https://lh3.googleusercontent.com/geougc-cs/AB3l90AFVUXX6DkSKgprUfOo8i_lH2JY7yuP0kqW5HivIeLkcEyPXAWeixksFxop1KzgAQwWz7-CNqmdDj5oUXEDuaz0_rzxUhA3sAarfEYSNdX2OAbFHszOFf5YXd1anQ0zk9Vsth-A,,,,,,,,,,,,,,,,,,,,,,,,,,,,,,,,,,,,,,,,,Google,https://www.google.com/maps/reviews/data=!4m8!14m7!1m6!2m5!1sChZDSUhNMG9nS0VJQ0FnSUNPNzdtME1BEAE!2m1!1s0x0:0xf0217a90db0ed60!3m1!1s2@1:CIHM0ogKEICAgICO77m0MA%7C%7C?hl=en,111194463664502271469,12,https://lh3.googleusercontent.com/a/ACg8ocIdBmFaxGViqdMC-6WDipBCgvsioLmsNa1zkmXHzrBvcb6w4w=s1920-c-rp-mo-ba2-br100,https://www.google.com/maps/contrib/111194463664502271469?hl=en,640,2025-09-22T01:50:38.650Z,"Direct Detail URL: https://www.google.com/maps/place/Nitmiluk+National+Park/@-14.0873241,132.4944842,17z/data=!4m8!3m7!1s0x2cba874d8faf2b1b:0xf0217a90db0ed60!8m2!3d-14.0873293!4d132.4970591!9m1!1b1!16zL20vMHBzaF8?entry=ttu&g_ep=EgoyMDI1MDkxNy4wIKXMDSoASAFQAw%3D%3D",5,Northern Territory,Gorge Rd,False,Dinner gorge tour fantastic good food good company wonderful staff,,Nitmiluk National Park,4.6,,https://www.google.com/maps/search/?api=1&query=Nitmiluk%20National%20Park&query_place_id=ChIJGyuvj02HuiwRYO2wDakXAg8,,Positive
"Gorge Rd, Nitmiluk NT 0852, Australia",National park,National park,1081452875368951136,Nitmiluk,AU,0x2cba874d8faf2b1b:0xf0217a90db0ed60,https://lh3.googleusercontent.com/gps-cs-s/AC9h4nqucVhUkszMsbNFuo8KopTZabjnSZWcFXEu6bbpLr7j96pX5n2DtpNM5HMhPKxB_dYEXN1oartSV04GcL4cwyFKVChCx4WkAQ5JqqEVP0KwuIwdfGvx4IjepBTe6XZCE_hgL5R9ug=w408-h306-k-no,False,True,en,0,-14.0873293,132.4970591,Gavin,,en,False,ChIJGyuvj02HuiwRYO2wDakXAg8,852,,3 years ago,2022-06-22T08:27:45.324Z,,,,,,ChdDSUhNMG9nS0VJQ0FnSUNPMTRYcWxBRRAB,https://lh3.googleusercontent.com/geougc-cs/AB3l90D1c69c9MKmxVVlzUwCv0VaK33CU99EDiewAmk-di2TFcFlJQlg0kXNJjMH5Bc-KrFmo94wVYobw18KypZiQAVJ6BDpeVaM5y1VrCbGyaNCHsWDtG9xET1RHPkhoPfCbJgn4pNU,https://lh3.googleusercontent.com/geougc-cs/AB3l90DJZmy-SUHsg-su2dOrqk1ZtoMgvlG5_vSoCnT9C5WmfBqrfXjLNtcuJwFeIduyvtk0EbfqQ0U5STC2TvBe2ewfd9cxdcgFb4Ukks5jbQpyZOpzqFm2_ewZR9ETNlsWBkH89yNmhQ,https://lh3.googleusercontent.com/geougc-cs/AB3l90B0c-4s02vHUzUkbNSzeeq8Nlfalk2S3mdgK4POo04jNfFy1slUnEarwRdQSOOJEfti8yA_8n7KKYnfZ1tB30N5p6hkqyx4NDELomjz_hOJfkP1SrJYPf_HcWTfKR1ACn1qn4U,https://lh3.googleusercontent.com/geougc-cs/AB3l90DHnEkBQ600eBmnZPbtfQt-j_5hOFw1ohvKHQMs73HgnLjPxpJAK9Vmgw--7ngT_ziJPrZmdOMfhs3UCbKvhbZNOpiQXbaRQgg20VC43rjSYYyi4qzIZ4gNhznaGa6xnEVuCuLNBg,https://lh3.googleusercontent.com/geougc-cs/AB3l90C0sxLNXgH19A_l3vWrJ1j9fiZGL5d5_CXxZrhq-m2LFLZCD_8HMB0vyb8Pe2qh-xrs4CfLlQzWAeVs5PfNcMYCqqcSeKM_0XBJQAfEcHF2xl8qpaIwPlYFuhogDUccyRvwRHFN,https://lh3.googleusercontent.com/geougc-cs/AB3l90B_w9bBJvs2GUN7dzPUj04XT8TQgFDM5PCwyiFSMspYEvsiL8C8Uw7cxH9qlZkDkOLwsmDAdfPxglfpniYCwEwVYzkisztwuhYNR0BlkTeNrAYkiphzkPxvBgn1k_xglpE0YF8ceA,https://lh3.googleusercontent.com/geougc-cs/AB3l90DecTbpF2cGzPsRwkWgveSSTN2XMPH2-FGeCs57YQwGzGn0bCeVOGJCZsaIZfUGAAm6e-C9_zhRB9Z9PuIzQ7DQguAGZ58pOsVD0wq-NThzLuDmFKEzqjIJJfcgmLXUavdll67c,https://lh3.googleusercontent.com/geougc-cs/AB3l90AE274hCkI57TqX13VSBN03DX9vboqXCs9YyN_pJbswWrI-R2fpbXmQ038Gef4EXM2fbsHA40hLEkK_NjqewFsZcdlnkpP_gOUx9pJraebT71H37hT5xx9RTbRm3a0yePr0JxSrlA,https://lh3.googleusercontent.com/geougc-cs/AB3l90Dfra3MKFbmf-X5QTBVmaDZCQAHX2DXAiwV8V43C3I0D0lZY-OMSz0v2-SiJWEeCKcWlWnWIPmtajW6FggmqR0ZOXqq6X7NW7NI3LwDr3XR6gZoPA27pcR02L4vXrY0GpR-HuND,https://lh3.googleusercontent.com/geougc-cs/AB3l90BIxqkfdvfkikCmwgdE5d0sgO42MBCI64tnFwCuAjCdD0OVRRJPvtaHaumGUS9XTziWLY58uNjOZtla3Bd_kLabbCR18_0FstTAOqkrkBrQLHdYyFBl2nJZ7QPtuqBuQtnW3RO7,https://lh3.googleusercontent.com/geougc-cs/AB3l90CCpxSvt_SkOQzfl5AuQ7v7QdQpADxYdmkJBeU1T0gijOwWUwLUiyx-gjQboh73iPGCd6Vg7gm-8wVGagi2vDDRif22TERerC1-UPojpcYZhYqrdyg0sxQa7giifCnwfD9-8oc,https://lh3.googleusercontent.com/geougc-cs/AB3l90AUFbSbObG8gTBGmz7Rdz8HB_aZ8wK7UGTf6WPqPLIB8qdXs7fs0Dxo1YxQekADwvQtEz53Xx8rD73mOS6LH2RrBNbucAweJC5zmi7ErasWwQTdJMmy0gFwj21Sn3jl37GfI5CGHA,https://lh3.googleusercontent.com/geougc-cs/AB3l90BtpFKNYiv4IVXRx5Um-HdkKEBUxygpQyDO_xTwLSow4r2aN8lVEYSFnIM7eFZzCPqTSe34IgVZ0A-RqvETVu8mN3qWYCduDC5teVE25yjXaavvuweRzHg1wwgqiiAC62mds4g,https://lh3.googleusercontent.com/geougc-cs/AB3l90DCiPjNXmfsETofOowbVxv7sCCYrZTK4c5xZgPdLZhwhrlepPtlGfNv4yP3ESRzsbj6PHZAdQeXAxd2zMhE5PMD-DNWkCD_j3xzrWTFsyNcWhNxZ6qbTWn19FmXbw7x5cAG3WJ8,,,,,,,,,,,,,,,,,,,,,,,,,,,,,,Google,https://www.google.com/maps/reviews/data=!4m8!14m7!1m6!2m5!1sChdDSUhNMG9nS0VJQ0FnSUNPMTRYcWxBRRAB!2m1!1s0x0:0xf0217a90db0ed60!3m1!1s2@1:CIHM0ogKEICAgICO14XqlAE%7C%7C?hl=en,117240439981451256857,369,https://lh3.googleusercontent.com/a-/ALV-UjWntga3cCWwLEgmjvnhrdFyWulnrsViT4OZKecIFrBBDg5PC3vAaw=s1920-c-rp-mo-ba7-br100,https://www.google.com/maps/contrib/117240439981451256857?hl=en,640,2025-09-22T01:50:38.650Z,"Direct Detail URL: https://www.google.com/maps/place/Nitmiluk+National+Park/@-14.0873241,132.4944842,17z/data=!4m8!3m7!1s0x2cba874d8faf2b1b:0xf0217a90db0ed60!8m2!3d-14.0873293!4d132.4970591!9m1!1b1!16zL20vMHBzaF8?entry=ttu&g_ep=EgoyMDI1MDkxNy4wIKXMDSoASAFQAw%3D%3D",4,Northern Territory,Gorge Rd,False,"The one day walks are tough. Start early and beat the heat. Water is on the tracks, butterfly Gorge is noice the 3 lookouts are worth it.",,Nitmiluk National Park,4.6,,https://www.google.com/maps/search/?api=1&query=Nitmiluk%20National%20Park&query_place_id=ChIJGyuvj02HuiwRYO2wDakXAg8,,Positive
"Gorge Rd, Nitmiluk NT 0852, Australia",National park,National park,1081452875368951136,Nitmiluk,AU,0x2cba874d8faf2b1b:0xf0217a90db0ed60,https://lh3.googleusercontent.com/gps-cs-s/AC9h4nqucVhUkszMsbNFuo8KopTZabjnSZWcFXEu6bbpLr7j96pX5n2DtpNM5HMhPKxB_dYEXN1oartSV04GcL4cwyFKVChCx4WkAQ5JqqEVP0KwuIwdfGvx4IjepBTe6XZCE_hgL5R9ug=w408-h306-k-no,False,True,en,0,-14.0873293,132.4970591,tim house,,,False,ChIJGyuvj02HuiwRYO2wDakXAg8,852,,3 years ago,2022-06-18T12:03:07.554Z,,,,,,ChZDSUhNMG9nS0VJQ0FnSUNPbzhHVkxBEAE,,,,,,,,,,,,,,,,,,,,,,,,,,,,,,,,,,,,,,,,,,,,Google,https://www.google.com/maps/reviews/data=!4m8!14m7!1m6!2m5!1sChZDSUhNMG9nS0VJQ0FnSUNPbzhHVkxBEAE!2m1!1s0x0:0xf0217a90db0ed60!3m1!1s2@1:CIHM0ogKEICAgICOo8GVLA%7C%7C?hl=en,110346544089112797640,33,https://lh3.googleusercontent.com/a-/ALV-UjWOVzqJNNxLEquT_6FjIUjrkx_Duv-IpHXs1-GkZp4EJ6oTHjfGYw=s1920-c-rp-mo-ba3-br100,https://www.google.com/maps/contrib/110346544089112797640?hl=en,640,2025-09-22T01:50:38.650Z,"Direct Detail URL: https://www.google.com/maps/place/Nitmiluk+National+Park/@-14.0873241,132.4944842,17z/data=!4m8!3m7!1s0x2cba874d8faf2b1b:0xf0217a90db0ed60!8m2!3d-14.0873293!4d132.4970591!9m1!1b1!16zL20vMHBzaF8?entry=ttu&g_ep=EgoyMDI1MDkxNy4wIKXMDSoASAFQAw%3D%3D",5,Northern Territory,Gorge Rd,False,,,Nitmiluk National Park,4.6,,https://www.google.com/maps/search/?api=1&query=Nitmiluk%20National%20Park&query_place_id=ChIJGyuvj02HuiwRYO2wDakXAg8,,Positive
"Gorge Rd, Nitmiluk NT 0852, Australia",National park,National park,1081452875368951136,Nitmiluk,AU,0x2cba874d8faf2b1b:0xf0217a90db0ed60,https://lh3.googleusercontent.com/gps-cs-s/AC9h4nqucVhUkszMsbNFuo8KopTZabjnSZWcFXEu6bbpLr7j96pX5n2DtpNM5HMhPKxB_dYEXN1oartSV04GcL4cwyFKVChCx4WkAQ5JqqEVP0KwuIwdfGvx4IjepBTe6XZCE_hgL5R9ug=w408-h306-k-no,False,True,en,0,-14.0873293,132.4970591,Brett Allan,,,False,ChIJGyuvj02HuiwRYO2wDakXAg8,852,,3 years ago,2022-06-16T20:12:20.423Z,,,,,,ChZDSUhNMG9nS0VJQ0FnSUNPcmNmcUxnEAE,,,,,,,,,,,,,,,,,,,,,,,,,,,,,,,,,,,,,,,,,,,,Google,https://www.google.com/maps/reviews/data=!4m8!14m7!1m6!2m5!1sChZDSUhNMG9nS0VJQ0FnSUNPcmNmcUxnEAE!2m1!1s0x0:0xf0217a90db0ed60!3m1!1s2@1:CIHM0ogKEICAgICOrcfqLg%7C%7C?hl=en,101302676473376122049,3,https://lh3.googleusercontent.com/a/ACg8ocKjNPRBizsG-irB8Tyzvd-bpR9RqqWAERzlHVGqJaxtz3n4DA=s1920-c-rp-mo-ba2-br100,https://www.google.com/maps/contrib/101302676473376122049?hl=en,640,2025-09-22T01:50:38.650Z,"Direct Detail URL: https://www.google.com/maps/place/Nitmiluk+National+Park/@-14.0873241,132.4944842,17z/data=!4m8!3m7!1s0x2cba874d8faf2b1b:0xf0217a90db0ed60!8m2!3d-14.0873293!4d132.4970591!9m1!1b1!16zL20vMHBzaF8?entry=ttu&g_ep=EgoyMDI1MDkxNy4wIKXMDSoASAFQAw%3D%3D",5,Northern Territory,Gorge Rd,False,,,Nitmiluk National Park,4.6,,https://www.google.com/maps/search/?api=1&query=Nitmiluk%20National%20Park&query_place_id=ChIJGyuvj02HuiwRYO2wDakXAg8,,Positive
