address,categories/0,categories/1,categoryName,cid,city,countryCode,fid,imageUrl,isAdvertisement,isLocalGuide,language,likesCount,location/lat,location/lng,name,neighborhood,originalLanguage,permanentlyClosed,placeId,postalCode,price,publishAt,publishedAtDate,rating,responseFromOwnerDate,responseFromOwnerText,reviewContext/Dog-friendliness,reviewContext/Picnic area,reviewContext/Restrooms,reviewId,reviewImageUrls/0,reviewImageUrls/1,reviewImageUrls/2,reviewImageUrls/3,reviewImageUrls/4,reviewImageUrls/5,reviewImageUrls/6,reviewImageUrls/7,reviewImageUrls/8,reviewImageUrls/9,reviewImageUrls/10,reviewImageUrls/11,reviewImageUrls/12,reviewImageUrls/13,reviewImageUrls/14,reviewImageUrls/15,reviewImageUrls/16,reviewImageUrls/17,reviewImageUrls/18,reviewImageUrls/19,reviewImageUrls/20,reviewImageUrls/21,reviewImageUrls/22,reviewImageUrls/23,reviewImageUrls/24,reviewImageUrls/25,reviewImageUrls/26,reviewImageUrls/27,reviewImageUrls/28,reviewImageUrls/29,reviewImageUrls/30,reviewImageUrls/31,reviewImageUrls/32,reviewImageUrls/33,reviewImageUrls/34,reviewImageUrls/35,reviewImageUrls/36,reviewImageUrls/37,reviewImageUrls/38,reviewImageUrls/39,reviewImageUrls/40,reviewImageUrls/41,reviewImageUrls/42,reviewImageUrls/43,reviewImageUrls/44,reviewImageUrls/45,reviewImageUrls/46,reviewImageUrls/47,reviewImageUrls/48,reviewImageUrls/49,reviewOrigin,reviewUrl,reviewerId,reviewerNumberOfReviews,reviewerPhotoUrl,reviewerUrl,reviewsCount,scrapedAt,searchString,stars,state,street,temporarilyClosed,text,textTranslated,title,totalScore,translatedLanguage,url,visitedIn,Emotion
"Kakadu Hwy, Jabiru NT 0886, Australia",National park,Tourist attraction,National park,1081452875368957536,Jabiru,AU,0x2cb9d10f23ab6185:0xf0217a90db10660,https://lh3.googleusercontent.com/gps-cs-s/AC9h4noMcRjq8FlUkmVp-XCMovSv9fHV5BRbNWXKKfrhkze23QjQapmDYpWuSq0oqOEfoXT-Q82PqEsslbbJCblydXfu8U-bSEMLRvezvJfec-eU3-hkN8I2kjcRXi4fXtvvCBJiCBIk6A=w408-h306-k-no,False,False,en,0,-13.0922931,132.3937658,Susan Crockett,,,False,ChIJhWGrIw_RuSwRYAaxDakXAg8,886,,12 hours ago,2025-09-21T02:53:17.369Z,,,,,,,Ci9DQUlRQUNvZENodHljRjlvT20xT1NWOUtablkxWVdWRlpuRlZXa0pJTVVKVWNrRRAB,,,,,,,,,,,,,,,,,,,,,,,,,,,,,,,,,,,,,,,,,,,,,,,,,,,Google,https://www.google.com/maps/reviews/data=!4m8!14m7!1m6!2m5!1sCi9DQUlRQUNvZENodHljRjlvT20xT1NWOUtablkxWVdWRlpuRlZXa0pJTVVKVWNrRRAB!2m1!1s0x0:0xf0217a90db10660!3m1!1s2@1:CAIQACodChtycF9oOm1OSV9KZnY1YWVFZnFVWkJIMUJUckE%7C%7C?hl=en,116973901311725776895,1,https://lh3.googleusercontent.com/a/ACg8ocJIA5cMp5tZTvqSg8D5w_NWXGxZ0CBH5uVrTr1TIJOKnU-Lig=s1920-c-rp-mo-br100,https://www.google.com/maps/contrib/116973901311725776895?hl=en,1508,2025-09-21T15:08:11.430Z,"Direct Detail URL: https://www.google.com/maps/place/Kakadu+National+Park/@-13.0922879,132.3911909,17z/data=!4m8!3m7!1s0x2cb9d10f23ab6185:0xf0217a90db10660!8m2!3d-13.0922931!4d132.3937658!9m1!1b1!16zL20vMHBzZ3M?entry=ttu&g_ep=EgoyMDI1MDkxNy4wIKXMDSoASAFQAw%3D%3D",3,Northern Territory,Kakadu Hwy,False,,,Kakadu National Park,4.4,,https://www.google.com/maps/search/?api=1&query=Kakadu%20National%20Park&query_place_id=ChIJhWGrIw_RuSwRYAaxDakXAg8,,Neutral
"Kakadu Hwy, Jabiru NT 0886, Australia",National park,Tourist attraction,National park,1081452875368957536,Jabiru,AU,0x2cb9d10f23ab6185:0xf0217a90db10660,https://lh3.googleusercontent.com/gps-cs-s/AC9h4noMcRjq8FlUkmVp-XCMovSv9fHV5BRbNWXKKfrhkze23QjQapmDYpWuSq0oqOEfoXT-Q82PqEsslbbJCblydXfu8U-bSEMLRvezvJfec-eU3-hkN8I2kjcRXi4fXtvvCBJiCBIk6A=w408-h306-k-no,False,False,en,0,-13.0922931,132.3937658,Wayne McAulay,,,False,ChIJhWGrIw_RuSwRYAaxDakXAg8,886,,a day ago,2025-09-20T03:53:11.124Z,,,,,,,Ci9DQUlRQUNvZENodHljRjlvT25kMlF6Tm9TRXBwTW5KVVRWODJiVUZTUjI1elFYYxAB,,,,,,,,,,,,,,,,,,,,,,,,,,,,,,,,,,,,,,,,,,,,,,,,,,,Google,https://www.google.com/maps/reviews/data=!4m8!14m7!1m6!2m5!1sCi9DQUlRQUNvZENodHljRjlvT25kMlF6Tm9TRXBwTW5KVVRWODJiVUZTUjI1elFYYxAB!2m1!1s0x0:0xf0217a90db10660!3m1!1s2@1:CAIQACodChtycF9oOnd2QzNoSEppMnJUTV82bUFSR25zQXc%7C%7C?hl=en,103790326678155538635,2,https://lh3.googleusercontent.com/a-/ALV-UjVp8ecwyB9yYcNPf0xkfKG7ZODQk2hjtXeNlaeBG45ZGo1LhT0=s1920-c-rp-mo-br100,https://www.google.com/maps/contrib/103790326678155538635?hl=en,1508,2025-09-21T15:08:11.430Z,"Direct Detail URL: https://www.google.com/maps/place/Kakadu+National+Park/@-13.0922879,132.3911909,17z/data=!4m8!3m7!1s0x2cb9d10f23ab6185:0xf0217a90db10660!8m2!3d-13.0922931!4d132.3937658!9m1!1b1!16zL20vMHBzZ3M?entry=ttu&g_ep=EgoyMDI1MDkxNy4wIKXMDSoASAFQAw%3D%3D",4,Northern Territory,Kakadu Hwy,False,,,Kakadu National Park,4.4,,https://www.google.com/maps/search/?api=1&query=Kakadu%20National%20Park&query_place_id=ChIJhWGrIw_RuSwRYAaxDakXAg8,,Positive
"Kakadu Hwy, Jabiru NT 0886, Australia",National park,Tourist attraction,National park,1081452875368957536,Jabiru,AU,0x2cb9d10f23ab6185:0xf0217a90db10660,https://lh3.googleusercontent.com/gps-cs-s/AC9h4noMcRjq8FlUkmVp-XCMovSv9fHV5BRbNWXKKfrhkze23QjQapmDYpWuSq0oqOEfoXT-Q82PqEsslbbJCblydXfu8U-bSEMLRvezvJfec-eU3-hkN8I2kjcRXi4fXtvvCBJiCBIk6A=w408-h306-k-no,False,False,en,0,-13.0922931,132.3937658,Minhajur Rahman Rifat,,en,False,ChIJhWGrIw_RuSwRYAaxDakXAg8,886,,a week ago,2025-09-08T02:07:56.987Z,,,,,,,Ci9DQUlRQUNvZENodHljRjlvT2sxMFpEUkxkMHh2TFc1T05YY3RUWGhYYzNWek1IYxAB,,,,,,,,,,,,,,,,,,,,,,,,,,,,,,,,,,,,,,,,,,,,,,,,,,,Google,https://www.google.com/maps/reviews/data=!4m8!14m7!1m6!2m5!1sCi9DQUlRQUNvZENodHljRjlvT2sxMFpEUkxkMHh2TFc1T05YY3RUWGhYYzNWek1IYxAB!2m1!1s0x0:0xf0217a90db10660!3m1!1s2@1:CAIQACodChtycF9oOk10ZDRLd0xvLW5ONXctTXhXc3VzMHc%7C%7C?hl=en,117688415138441177701,2,https://lh3.googleusercontent.com/a-/ALV-UjUqtF7srMxtSg_2a4AlHYAoP0qLWQbyPnhdRiUHnYO-QJhqUns=s1920-c-rp-mo-br100,https://www.google.com/maps/contrib/117688415138441177701?hl=en,1508,2025-09-21T15:08:11.430Z,"Direct Detail URL: https://www.google.com/maps/place/Kakadu+National+Park/@-13.0922879,132.3911909,17z/data=!4m8!3m7!1s0x2cb9d10f23ab6185:0xf0217a90db10660!8m2!3d-13.0922931!4d132.3937658!9m1!1b1!16zL20vMHBzZ3M?entry=ttu&g_ep=EgoyMDI1MDkxNy4wIKXMDSoASAFQAw%3D%3D",5,Northern Territory,Kakadu Hwy,False,Camping in Merl camping and visited the rock art jabiru. Exciting places,,Kakadu National Park,4.4,,https://www.google.com/maps/search/?api=1&query=Kakadu%20National%20Park&query_place_id=ChIJhWGrIw_RuSwRYAaxDakXAg8,,Positive
"Kakadu Hwy, Jabiru NT 0886, Australia",National park,Tourist attraction,National park,1081452875368957536,Jabiru,AU,0x2cb9d10f23ab6185:0xf0217a90db10660,https://lh3.googleusercontent.com/gps-cs-s/AC9h4noMcRjq8FlUkmVp-XCMovSv9fHV5BRbNWXKKfrhkze23QjQapmDYpWuSq0oqOEfoXT-Q82PqEsslbbJCblydXfu8U-bSEMLRvezvJfec-eU3-hkN8I2kjcRXi4fXtvvCBJiCBIk6A=w408-h306-k-no,False,True,en,0,-13.0922931,132.3937658,Shang Nan,,zh,False,ChIJhWGrIw_RuSwRYAaxDakXAg8,886,,2 weeks ago,2025-09-01T11:33:38.842Z,,,,,,,Ci9DQUlRQUNvZENodHljRjlvT2toMU0zUXRlbXAyUVZOUGVUVjBNRW8xVmt4TlFVRRAB,https://lh3.googleusercontent.com/geougc-cs/AB3l90C6jOFXETf-nhzkNDNPdpDouwbOiEXmS7ZVQb4DCwx2mngfTYk6vW-eKYEJdoc9LwETPKi0Z3ELdR2GeJ8TuZa6m5aUH0lh9OSden2TO_iQ5xYDfNlJwe-evC-sfsOuA7Ad9LlLVg-FWgCI,https://lh3.googleusercontent.com/geougc-cs/AB3l90C7ilh55trkrF73RYRV8nv5wCA75rx8qgtBHJ0FoOR4LJH9YlbpNkbUe01RZmAXTYDNKi3cP6gXkZ3lvMC6SNW9v4gg6rgh_3vfEjmt6bLoFRs77fI_Bbhj7U7tW9Xm2FNAyY8azc1DoDlG,https://lh3.googleusercontent.com/geougc-cs/AB3l90Bgo-vm-zSbRoQ4WB2VrmLMOoZnB-cfi6WVZJSHCVuw0DMc6gzUeZA1yp5BshCHLgVs7X1LiPBCowBzkqm7fjYdnJGl9q0Y6xx5nrEC5JRsObzpG3rfwfoJNKWx--YXRIpxVIuyRK-OXZ81,https://lh3.googleusercontent.com/geougc-cs/AB3l90ByMuRI04BUXblNJFKuusEjz1BK0ii0LxoDaXWaKcUQ8ywn5zb5RA4xn38bFlhDWgKgtxkoTm2CuNo0M1rvtmgH5KE_OZ5iDAI9JfUldJHIIDvDNXH0oK9Q8x5a_n419o0vtrsgJSTzbrk-,https://lh3.googleusercontent.com/geougc-cs/AB3l90Asj2hmr1ztEAauGSRm7CIqKO0KPhf_ENDtaRSELKCLDWwBnEXT2ukJPlUB1YwyhYlZI0qTfeM6-zEhfR4tFr8nSmRDgt87NI-l26uxlX60NPjz5jjXw5TN2_M_BEoBSypa1nAqficr7-A,https://lh3.googleusercontent.com/geougc-cs/AB3l90DEKRCRrL17oUUzXFdCp37TBzOmGMadfTxjiVieLEBBWHlx6d5U704FTXzbTWO3X2MRxjHn--CGVtdNQ9tFC8sT4Z-jez2sBnYk0JqegDH9eiDSYSGmKV85KE5d_Fc3LQ7o_yH4fBV2i97X,https://lh3.googleusercontent.com/geougc-cs/AB3l90DuR8997ff-0WM3wED6WmHjtrzZLJY49zrkN_RmOAYTfmV_vSQ8DT1YFMDsjwOmZnsbqM6gORmnxAfrvh7Je7cRAjviEyW8NKcB7Hu5crx0ZW2zdkYEkL1BtZaHSkygXjA6krlzP8jc330c,https://lh3.googleusercontent.com/geougc-cs/AB3l90ACcyH_8ZhpApyrPY1ZcUH3SlPeB06dI9bZPtZ1U3jtT9GJI2qRhTELwqbvYmql8gsRENnOB1JYWFawmAGsxSGiJbWZGudZqleVMvyXZ8-T-ZS3NnVJZNBn5GZiGC4fw0L7zqZYSZZDFls,https://lh3.googleusercontent.com/geougc-cs/AB3l90AhhZXTWYhB_At_7L0_hsuwkEUq52sNRVGsvrMMx-XjV1mt8yiwTwHOarUjLkS6M2P_qC6s4KAfAJ4IJR32O2mQh_2k9q3q5avwxPDBhgpjrtqUJtLa2pldakCZ5TaPXBenet1eKGWYjec,https://lh3.googleusercontent.com/geougc-cs/AB3l90AwUw2nRBZ4ZN9OQOE5TJer3Ad7c9PPZ1Pv86QLvS3wciKzmj0ElY7uiLCLSd8UFhQI7qeiymuPTVeMgWLs45Vj5LxjxU8gTmQX6nh1NVEsxQ-kmaE2uLKt3_SdaUogZv5LtKaiedO0Vdo,https://lh3.googleusercontent.com/geougc-cs/AB3l90Cno0030ukzL7Xaw8FuYfp0lx-lgKcFVOrf38R6wJq9l93tKBff945UXbHI824wyKdRaDb2D-RwE8hwPzEcpNuubS9BHDtA39pLP9VOWQN-LZtPikTmiFd1Q14p1vjpF71nuRdLU5rTZ5V1,https://lh3.googleusercontent.com/geougc-cs/AB3l90D7aEtmgPOiqzIPMDXCe2c6jxeyRvuQp6Cyd9rQrL7Pz9UKfusjlOKeGak4KAXzMfANA6CTBZUWBrOZ5le1i_tMXQKK4x42S_sQy1UWMUxnzwU5F_rdpoFmEd-lDd5SViNl-OaP-Gf1z7Am,https://lh3.googleusercontent.com/geougc-cs/AB3l90DXkMTnMHIlVjDdUK7yUjFq3dj74JrHztR4RE5_-Or7Co1YHf-CfjebcS9FgCS17_cS3qi7FCS4IEFm-daY_6r99IhzsKhM3hr5aVT-Uq72nsrgUeLHCgdkPLynUkAhbLjGI0vRJabjuNBi,https://lh3.googleusercontent.com/geougc-cs/AB3l90D_wHW4IDWhjwiH07YYEl1lAlnDaV1IZQYcU8dZqYZ38D6EHFxRjProP5Xx2m6r4CAgFQULYQztxlsY_A1xbMP6J3d3cV4uq4Fk5kAbmIcx-Q0psfOehM-AAHSJFX-woPO3MEnHDefydfjE,https://lh3.googleusercontent.com/geougc-cs/AB3l90DK7numjCnDQHHwWqGsvpaK5LqlxIwhiGaVPSSqE1rMSUaG3BVWw77BK9nWjdqRCO9CRruJyjmkCSrNl4T3RqGuhi1B3uh_9Y3zvCLUK4Qrp6_PaML5Tfl7CvtptepH1iQvlmdRdBZCWxck,https://lh3.googleusercontent.com/geougc-cs/AB3l90Dlxv79W8ezieIf2uKMX4oYACOfFcbk5E50uBF7TwlQ9uta9Kk6XH1NA_hGW-IKDaXWv9fHgGie7v8u5PXbXng9s6KDfCl4dQH5ZaMxhbNCad-VN22S-X5KIdguIc37fa1xTlbN0mxoPo75,https://lh3.googleusercontent.com/geougc-cs/AB3l90DQ7wPCnbub63jTouqCPXh_dmKVOZ7b_-MbCm0W6lDrMQj2KiVB23Za7jklZQ7BtJb5pdyrt2gfS0_0kmPs4Gy9LD-eANvxC11YcGwdxdxPROWS4ocuoShkKxh3VdstxYJlgdseVZHWIJis,https://lh3.googleusercontent.com/geougc-cs/AB3l90CtQwovfygk9NZ3M8_Y5WoaZ_yT4SjjvJWVQQo6eAxmZmhwB7PnzUFlXZutZOopoLfBzo-seth6K3UTs07-Z2OXM4XW65rQyZFmbmN1U2dExYuPsKhckCvVwpqC6OF4WXqY4bJ1IP7zRkoR,https://lh3.googleusercontent.com/geougc-cs/AB3l90ABQV1N4S0dEssWckFDeN5bASLhrLMSdNSqnp1V-KN_4YV9MqtrDffHp5Hlx60jOFveEfEfDoluZrW6MSlUOFiPvY6CcWMpENLAaKVz_twi-gl_9wT3JQiw389Kz0kyZhjsfgsbr5Hr3uA,,,,,,,,,,,,,,,,,,,,,,,,,,,,,,,,Google,https://www.google.com/maps/reviews/data=!4m8!14m7!1m6!2m5!1sCi9DQUlRQUNvZENodHljRjlvT2toMU0zUXRlbXAyUVZOUGVUVjBNRW8xVmt4TlFVRRAB!2m1!1s0x0:0xf0217a90db10660!3m1!1s2@1:CAIQACodChtycF9oOkh1M3Qtemp2QVNPeTV0MEo1VkxNQUE%7C%7C?hl=en,104441695220480325532,11,https://lh3.googleusercontent.com/a-/ALV-UjU4FaCzU-v8H2KB6PpgXmS0Xkk-6iV6ZMlNzzuZ-06mBphwzf7H=s1920-c-rp-mo-ba3-br100,https://www.google.com/maps/contrib/104441695220480325532?hl=en,1508,2025-09-21T15:08:11.430Z,"Direct Detail URL: https://www.google.com/maps/place/Kakadu+National+Park/@-13.0922879,132.3911909,17z/data=!4m8!3m7!1s0x2cb9d10f23ab6185:0xf0217a90db10660!8m2!3d-13.0922931!4d132.3937658!9m1!1b1!16zL20vMHBzZ3M?entry=ttu&g_ep=EgoyMDI1MDkxNy4wIKXMDSoASAFQAw%3D%3D",5,Northern Territory,Kakadu Hwy,False,"Kakadu National Park is a protected area in the Northern Territory of Australia, 171 km (106 mi) southeast of Darwin. It is a World Heritage Site. Kakadu is also gazetted as a locality, covering the same area as the national park, with 313 people recorded living there in the 2016 Australian census.

Kakadu National Park is located within the Alligator Rivers Region of the Northern Territory, covering an area of 19,804 km2 (7,646 sq mi), extending nearly 200 kilometres (124 mi) from north to south and over 100 kilometres (62 mi) from east to west. It is roughly the size of Wales or one-third the size of Tasmania, and is the second-largest national park in Australia, after the Munga-Thirri–Simpson Desert National Park. Most of the region is owned by the Aboriginal traditional owners, who have occupied the land for around 60,000 years and, today, manage the park jointly with Parks Australia. It is highly ecologically and biologically diverse, hosting a wide range of habitats and flora and fauna. It also includes a rich heritage of Aboriginal rock art, including highly significant sites, such as Ubirr. Kakadu is fully protected by the EPBC Act.

Kakadu is a place of enormous ecological and biological diversity. It extends from the coast and estuaries in the north through floodplains, billabongs and lowlands to rocky ridges and stone country in the south. These landscapes are home to a range of rare and endemic plants and animals, including more than one-third of Australia's bird species and one-quarter of its freshwater and estuarine fish species.🇦🇺🏞️🌲

卡卡杜国家公园是澳大利亚北领地的一个保护区，位于达尔文东南171公里（106英里）。它是世界遗产。卡卡杜也被列为地方政府，其面积与国家公园相同。2016年澳大利亚人口普查记录显示，共有313人居住于此。

卡卡杜国家公园位于北领地的鳄鱼河地区，占地19,804平方公里（7,646平方英里），南北绵延近200公里（124英里），东西绵延超过100公里（62英里）。它的面积大约相当于威尔士，或塔斯马尼亚岛面积的三分之一，是澳大利亚第二大国家公园，仅次于蒙加-瑟里-辛普森沙漠国家公园。该地区大部分土地归原住民传统所有者所有，他们已在此居住约6万年，如今与澳大利亚公园管理局共同管理该公园。该地区生态和生物多样性极高，拥有种类繁多的栖息地和动植物。此外，这里还拥有丰富的原住民岩画遗产，其中包括乌比尔等意义非凡的遗址。卡卡杜受到《环境、生物多样性和生物多样性法案》的全面保护。

卡卡杜拥有丰富的生态和生物多样性。它从北部的海岸和河口，穿过洪泛平原、死水潭和低地，一直延伸到南部的岩石山脊和石林。这些景观是各种珍稀特有动植物的家园，其中包括超过三分之一的澳大利亚鸟类以及四分之一的淡水和河口鱼类。🇦🇺🏞️🌲","Kakadu National Park is a protected area in the Northern Territory of Australia, 171 km (106 mi) southeast of Darwin. It is a World Heritage Site. Kakadu is also gazetted as a locality, covering the same area as the national park, with 313 people recorded living there in the 2016 Australian census.

Kakadu National Park is located within the Alligator Rivers Region of the Northern Territory, covering an area of ​​19,804 km2 (7,646 sq mi), extending nearly 200 kilometres (124 mi) from north to south and over 100 kilometres (62 mi) from east to west. It is roughly the size of Wales or one-third the size of Tasmania, and is the second-largest national park in Australia, after the Munga-Thirri–Simpson Desert National Park. Most of the region is owned by the Aboriginal traditional owners, who have occupied the land for around 60,000 years and, today, jointly manages the park with Parks Australia. It is highly ecologically and biologically diverse, hosting a wide range of habitats, flora, and fauna. It also includes a rich heritage of Aboriginal rock art, including highly significant sites such as Ubirr. Kakadu is fully protected by the EPBC Act.

Kakadu is a place of enormous ecological and biological diversity. It extends from the coast and estuaries in the north through floodplains, billabongs, and lowlands to rocky ridges and stone country in the south. These landscapes are home to a range of rare and endemic plants and animals, including more than one-third of Australia's bird species and one-quarter of its freshwater and estuarine fish species.🇦🇺🏞️🌲

Kakadu National Park is a protected area in Australia's Northern Territory, 171 kilometers (106 miles) southeast of Darwin. It is a World Heritage Site. Kakadu is also listed as a local government area, covering the same area as the national park. The 2016 Australian Census recorded a total of 313 people living in the area.

Kakadu National Park, located in the Alligator River region of the Northern Territory, covers 19,804 square kilometers (7,646 square miles), stretching nearly 200 kilometers (124 miles) from north to south and over 100 kilometers (62 miles) from east to west. At approximately one-third the size of Wales, or Tasmania, it is Australia's second-largest national park, after the Munga-Thuris-Simpson Desert National Park. Most of the land is owned by Aboriginal traditional owners, who have inhabited the area for approximately 60,000 years and now jointly manage the park with Parks Australia. The area boasts exceptional ecological and biodiversity, with a wide variety of habitats, flora and fauna. It also boasts a rich heritage of Aboriginal rock art, including significant sites such as Ubirr. Kakadu is fully protected under the Environment, Biodiversity and Biodiversity Act.

Kakadu is rich in ecological and biodiversity. It stretches from the coast and estuaries in the north, through floodplains, billabongs and lowlands, to rocky ridges and hoodoos in the south. These landscapes are home to a diverse range of rare and endemic plants and animals, including more than a third of Australia's bird species and a quarter of its freshwater and estuarine fish species. 🇦🇺🏞️🌲",Kakadu National Park,4.4,en,https://www.google.com/maps/search/?api=1&query=Kakadu%20National%20Park&query_place_id=ChIJhWGrIw_RuSwRYAaxDakXAg8,,Positive
"Kakadu Hwy, Jabiru NT 0886, Australia",National park,Tourist attraction,National park,1081452875368957536,Jabiru,AU,0x2cb9d10f23ab6185:0xf0217a90db10660,https://lh3.googleusercontent.com/gps-cs-s/AC9h4noMcRjq8FlUkmVp-XCMovSv9fHV5BRbNWXKKfrhkze23QjQapmDYpWuSq0oqOEfoXT-Q82PqEsslbbJCblydXfu8U-bSEMLRvezvJfec-eU3-hkN8I2kjcRXi4fXtvvCBJiCBIk6A=w408-h306-k-no,False,True,en,0,-13.0922931,132.3937658,arash tayebbi,,en,False,ChIJhWGrIw_RuSwRYAaxDakXAg8,886,,2 weeks ago,2025-09-01T04:52:54.825Z,,,,,,,Ci9DQUlRQUNvZENodHljRjlvT2pCRUxTMDFNblZ6TTFFdFozaDBPV3B4WTBobWMyYxAB,,,,,,,,,,,,,,,,,,,,,,,,,,,,,,,,,,,,,,,,,,,,,,,,,,,Google,https://www.google.com/maps/reviews/data=!4m8!14m7!1m6!2m5!1sCi9DQUlRQUNvZENodHljRjlvT2pCRUxTMDFNblZ6TTFFdFozaDBPV3B4WTBobWMyYxAB!2m1!1s0x0:0xf0217a90db10660!3m1!1s2@1:CAIQACodChtycF9oOjBELS01MnVzM1EtZ3h0OWpxY0hmc2c%7C%7C?hl=en,115391455233449642308,110,https://lh3.googleusercontent.com/a-/ALV-UjUBcbJyoYYXWa79i0DjmaVS7J3soyAgG8IeDAf6AFomeTN6dicKEw=s1920-c-rp-mo-ba4-br100,https://www.google.com/maps/contrib/115391455233449642308?hl=en,1508,2025-09-21T15:08:11.430Z,"Direct Detail URL: https://www.google.com/maps/place/Kakadu+National+Park/@-13.0922879,132.3911909,17z/data=!4m8!3m7!1s0x2cb9d10f23ab6185:0xf0217a90db10660!8m2!3d-13.0922931!4d132.3937658!9m1!1b1!16zL20vMHBzZ3M?entry=ttu&g_ep=EgoyMDI1MDkxNy4wIKXMDSoASAFQAw%3D%3D",5,Northern Territory,Kakadu Hwy,False,The best place to visit. Amazing nature Amazing water falls everywhere beautiful,,Kakadu National Park,4.4,,https://www.google.com/maps/search/?api=1&query=Kakadu%20National%20Park&query_place_id=ChIJhWGrIw_RuSwRYAaxDakXAg8,,Positive
"Kakadu Hwy, Jabiru NT 0886, Australia",National park,Tourist attraction,National park,1081452875368957536,Jabiru,AU,0x2cb9d10f23ab6185:0xf0217a90db10660,https://lh3.googleusercontent.com/gps-cs-s/AC9h4noMcRjq8FlUkmVp-XCMovSv9fHV5BRbNWXKKfrhkze23QjQapmDYpWuSq0oqOEfoXT-Q82PqEsslbbJCblydXfu8U-bSEMLRvezvJfec-eU3-hkN8I2kjcRXi4fXtvvCBJiCBIk6A=w408-h306-k-no,False,True,en,0,-13.0922931,132.3937658,Packocho Bike,,es,False,ChIJhWGrIw_RuSwRYAaxDakXAg8,886,,3 weeks ago,2025-08-31T11:46:04.616Z,,,,,,,Ci9DQUlRQUNvZENodHljRjlvT20wNU1VNW9RMlZwV2xNeVQwbDNlVkp4UldNMGVuYxAB,,,,,,,,,,,,,,,,,,,,,,,,,,,,,,,,,,,,,,,,,,,,,,,,,,,Google,https://www.google.com/maps/reviews/data=!4m8!14m7!1m6!2m5!1sCi9DQUlRQUNvZENodHljRjlvT20wNU1VNW9RMlZwV2xNeVQwbDNlVkp4UldNMGVuYxAB!2m1!1s0x0:0xf0217a90db10660!3m1!1s2@1:CAIQACodChtycF9oOm05MU5oQ2VpWlMyT0l3eVJxRWM0enc%7C%7C?hl=en,110733085444682717814,21,https://lh3.googleusercontent.com/a-/ALV-UjVPsuAtam9wWgfMEg2jiSxtOWRs0gAeNPH3M6empVcIrZD80EO6=s1920-c-rp-mo-ba2-br100,https://www.google.com/maps/contrib/110733085444682717814?hl=en,1508,2025-09-21T15:08:11.430Z,"Direct Detail URL: https://www.google.com/maps/place/Kakadu+National+Park/@-13.0922879,132.3911909,17z/data=!4m8!3m7!1s0x2cb9d10f23ab6185:0xf0217a90db10660!8m2!3d-13.0922931!4d132.3937658!9m1!1b1!16zL20vMHBzZ3M?entry=ttu&g_ep=EgoyMDI1MDkxNy4wIKXMDSoASAFQAw%3D%3D",3,Northern Territory,Kakadu Hwy,False,"Una gran decepción. Falta señalización dentro del parque. Te dan un plano en el centro de visitantes y cuando sales, no sabes ni que carretera tomar. Solo encuentras señalización cuando estás llegando al punto. Y ahí es cuando te dicen que quedan 16 o 50 km, más la caminata. Haces 250 km desde Darwin y el paisaje es monótono. Solo se salvan las excepciones cuando eres capaz de encontrar algo. Se pasan muchas horas en el coche. No he venido al otro lado del mundo para esto. Se necesita más información, indicaciones y cartelería","A huge disappointment. There's no signage inside the park. They give you a map at the visitor center, and when you leave, you don't even know which road to take. You only find signs when you're approaching the point. And that's when they tell you it's 16 or 50 km, plus the hike. You're traveling 250 km from Darwin, and the landscape is monotonous. Only in rare cases are you able to find something. You spend many hours in the car. I didn't come halfway around the world for this. More information, signs, and signage are needed.",Kakadu National Park,4.4,en,https://www.google.com/maps/search/?api=1&query=Kakadu%20National%20Park&query_place_id=ChIJhWGrIw_RuSwRYAaxDakXAg8,,Neutral
"Kakadu Hwy, Jabiru NT 0886, Australia",National park,Tourist attraction,National park,1081452875368957536,Jabiru,AU,0x2cb9d10f23ab6185:0xf0217a90db10660,https://lh3.googleusercontent.com/gps-cs-s/AC9h4noMcRjq8FlUkmVp-XCMovSv9fHV5BRbNWXKKfrhkze23QjQapmDYpWuSq0oqOEfoXT-Q82PqEsslbbJCblydXfu8U-bSEMLRvezvJfec-eU3-hkN8I2kjcRXi4fXtvvCBJiCBIk6A=w408-h306-k-no,False,False,en,0,-13.0922931,132.3937658,DIVYA L PILLAI,,,False,ChIJhWGrIw_RuSwRYAaxDakXAg8,886,,3 weeks ago,2025-08-31T11:07:21.352Z,,,,,,,Ci9DQUlRQUNvZENodHljRjlvT2xwZk9VWXhYM1pTYWtkRU0zQmFhbk14UjBKclFsRRAB,,,,,,,,,,,,,,,,,,,,,,,,,,,,,,,,,,,,,,,,,,,,,,,,,,,Google,https://www.google.com/maps/reviews/data=!4m8!14m7!1m6!2m5!1sCi9DQUlRQUNvZENodHljRjlvT2xwZk9VWXhYM1pTYWtkRU0zQmFhbk14UjBKclFsRRAB!2m1!1s0x0:0xf0217a90db10660!3m1!1s2@1:CAIQACodChtycF9oOlpfOUYxX3ZSakdEM3BaanMxR0JrQlE%7C%7C?hl=en,109307125084165858693,2,https://lh3.googleusercontent.com/a/ACg8ocLvyyd0zdHWfh33NeUl6SssTOFIZpxOmCFVX21uU4TfgCML9wI=s1920-c-rp-mo-br100,https://www.google.com/maps/contrib/109307125084165858693?hl=en,1508,2025-09-21T15:08:11.430Z,"Direct Detail URL: https://www.google.com/maps/place/Kakadu+National+Park/@-13.0922879,132.3911909,17z/data=!4m8!3m7!1s0x2cb9d10f23ab6185:0xf0217a90db10660!8m2!3d-13.0922931!4d132.3937658!9m1!1b1!16zL20vMHBzZ3M?entry=ttu&g_ep=EgoyMDI1MDkxNy4wIKXMDSoASAFQAw%3D%3D",2,Northern Territory,Kakadu Hwy,False,,,Kakadu National Park,4.4,,https://www.google.com/maps/search/?api=1&query=Kakadu%20National%20Park&query_place_id=ChIJhWGrIw_RuSwRYAaxDakXAg8,,Negative
"Kakadu Hwy, Jabiru NT 0886, Australia",National park,Tourist attraction,National park,1081452875368957536,Jabiru,AU,0x2cb9d10f23ab6185:0xf0217a90db10660,https://lh3.googleusercontent.com/gps-cs-s/AC9h4noMcRjq8FlUkmVp-XCMovSv9fHV5BRbNWXKKfrhkze23QjQapmDYpWuSq0oqOEfoXT-Q82PqEsslbbJCblydXfu8U-bSEMLRvezvJfec-eU3-hkN8I2kjcRXi4fXtvvCBJiCBIk6A=w408-h306-k-no,False,False,en,0,-13.0922931,132.3937658,Ben Brough,,en,False,ChIJhWGrIw_RuSwRYAaxDakXAg8,886,,a month ago,2025-08-19T08:49:09.513Z,,,,,,,Ci9DQUlRQUNvZENodHljRjlvT21SSVNESTJTMEphWVRCZk0ydG9NRTUzWTFWSWIzYxAB,,,,,,,,,,,,,,,,,,,,,,,,,,,,,,,,,,,,,,,,,,,,,,,,,,,Google,https://www.google.com/maps/reviews/data=!4m8!14m7!1m6!2m5!1sCi9DQUlRQUNvZENodHljRjlvT21SSVNESTJTMEphWVRCZk0ydG9NRTUzWTFWSWIzYxAB!2m1!1s0x0:0xf0217a90db10660!3m1!1s2@1:CAIQACodChtycF9oOmRISDI2S0JaYTBfM2toME53Y1VIb3c%7C%7C?hl=en,110349188339787034571,8,https://lh3.googleusercontent.com/a/ACg8ocL9qEZ-tHwFjPyU7vT4SQlvE67imT-oUh0OQeTnQgs4iNmx7w=s1920-c-rp-mo-br100,https://www.google.com/maps/contrib/110349188339787034571?hl=en,1508,2025-09-21T15:08:11.430Z,"Direct Detail URL: https://www.google.com/maps/place/Kakadu+National+Park/@-13.0922879,132.3911909,17z/data=!4m8!3m7!1s0x2cb9d10f23ab6185:0xf0217a90db10660!8m2!3d-13.0922931!4d132.3937658!9m1!1b1!16zL20vMHBzZ3M?entry=ttu&g_ep=EgoyMDI1MDkxNy4wIKXMDSoASAFQAw%3D%3D",5,Northern Territory,Kakadu Hwy,False,"Amazing national park. Note you need a 4 wheel drive to do any of the Gorges off the main road (I.e Twin Falls, Jim Jim Falls, Motor Falls or Barramundi Gorge). A 2wd camper van cannot get to them.",,Kakadu National Park,4.4,,https://www.google.com/maps/search/?api=1&query=Kakadu%20National%20Park&query_place_id=ChIJhWGrIw_RuSwRYAaxDakXAg8,,Positive
"Kakadu Hwy, Jabiru NT 0886, Australia",National park,Tourist attraction,National park,1081452875368957536,Jabiru,AU,0x2cb9d10f23ab6185:0xf0217a90db10660,https://lh3.googleusercontent.com/gps-cs-s/AC9h4noMcRjq8FlUkmVp-XCMovSv9fHV5BRbNWXKKfrhkze23QjQapmDYpWuSq0oqOEfoXT-Q82PqEsslbbJCblydXfu8U-bSEMLRvezvJfec-eU3-hkN8I2kjcRXi4fXtvvCBJiCBIk6A=w408-h306-k-no,False,True,en,0,-13.0922931,132.3937658,Nakita Nia,,en,False,ChIJhWGrIw_RuSwRYAaxDakXAg8,886,,a month ago,2025-08-17T04:15:43.546Z,,,,,,,Ci9DQUlRQUNvZENodHljRjlvT2xGbVkyUmZMVmxUZEZCYWFFRnBhR2c1V0daeVYwRRAB,https://lh3.googleusercontent.com/geougc-cs/AB3l90C_lBKe6G1DuK4jVHl7aj7HINk-O9DoN_eNOrBM5NceX1mRXAGTnMic5pRZNV0pQ4_gBDW1C0Gysbog0DH6h84BmeuA-V5ZTZn9F6iP7of0IrLuvFujYSPvnEg3gJOVQt8_vsjAS116UYca,https://lh3.googleusercontent.com/geougc-cs/AB3l90DZPGb6vF5L0Knuv-3vXXmskRmPWkylVW6nk2wFm7bjdhyTabKYbIUMS90BtsQG-6xIbpgqqdBFSB7wY4OjAdLBGHTTrmhdwctoWXY7sQgix1-Vpmuxd-k99UXU3VFbZqlksH7v_ITnb_j5,https://lh3.googleusercontent.com/geougc-cs/AB3l90DTQTQ_baVblEaTDx-2NBBem4EzJspQ2eY5ft6qqsKWzv4tv2ftztLDJl75hBpfdWdp2hykmIWkf74A5oEmuXfeZge8dIPhKV-SPtbVVclO6rZgiRM0jPMOMHN7My1_CsJivaR0A_MKM3s,https://lh3.googleusercontent.com/geougc-cs/AB3l90AorwSJh5rBrEEoOUdjrUSRWwVzyDrfwo2RjrVwfRoA5YmPoZrbEYe1opnBGanRUcmCCEpUcni4bv2A8Phu2YUQlpZisVmLg-YuBM4-UH5VryvuoF2iNRDjXOSa_cdPpblYc-X50SAqRphA,,,,,,,,,,,,,,,,,,,,,,,,,,,,,,,,,,,,,,,,,,,,,,,Google,https://www.google.com/maps/reviews/data=!4m8!14m7!1m6!2m5!1sCi9DQUlRQUNvZENodHljRjlvT2xGbVkyUmZMVmxUZEZCYWFFRnBhR2c1V0daeVYwRRAB!2m1!1s0x0:0xf0217a90db10660!3m1!1s2@1:CAIQACodChtycF9oOlFmY2RfLVlTdFBaaEFpaGg5WGZyV0E%7C%7C?hl=en,103397633521462932335,43,https://lh3.googleusercontent.com/a-/ALV-UjV1E4UBZ3VfB86bPqo5DWkU1oPEDbdqgSDPK2evvIAMUBlHqjS6=s1920-c-rp-mo-ba4-br100,https://www.google.com/maps/contrib/103397633521462932335?hl=en,1508,2025-09-21T15:08:11.430Z,"Direct Detail URL: https://www.google.com/maps/place/Kakadu+National+Park/@-13.0922879,132.3911909,17z/data=!4m8!3m7!1s0x2cb9d10f23ab6185:0xf0217a90db10660!8m2!3d-13.0922931!4d132.3937658!9m1!1b1!16zL20vMHBzZ3M?entry=ttu&g_ep=EgoyMDI1MDkxNy4wIKXMDSoASAFQAw%3D%3D",5,Northern Territory,Kakadu Hwy,False,"Kakadu is the perfect place to spend a day with family, surrounded by incredible natural beauty. There are safe swimming spots where you can splash around and cool off, and plenty of shaded areas ideal for a picnic. The scenery is breathtaking, with stunning landscapes, wildlife, and waterholes that make every visit feel special. It’s a wonderful spot to unwind, share food, and enjoy the outdoors together. A must-do for families looking for both relaxation and adventure.",,Kakadu National Park,4.4,,https://www.google.com/maps/search/?api=1&query=Kakadu%20National%20Park&query_place_id=ChIJhWGrIw_RuSwRYAaxDakXAg8,,Positive
"Kakadu Hwy, Jabiru NT 0886, Australia",National park,Tourist attraction,National park,1081452875368957536,Jabiru,AU,0x2cb9d10f23ab6185:0xf0217a90db10660,https://lh3.googleusercontent.com/gps-cs-s/AC9h4noMcRjq8FlUkmVp-XCMovSv9fHV5BRbNWXKKfrhkze23QjQapmDYpWuSq0oqOEfoXT-Q82PqEsslbbJCblydXfu8U-bSEMLRvezvJfec-eU3-hkN8I2kjcRXi4fXtvvCBJiCBIk6A=w408-h306-k-no,False,True,en,0,-13.0922931,132.3937658,Marco Dionisi,,it,False,ChIJhWGrIw_RuSwRYAaxDakXAg8,886,,a month ago,2025-08-16T23:47:59.786Z,,,,,,,Ci9DQUlRQUNvZENodHljRjlvT2xwMGVteE9ZMUoyWmtWYVlXRXRhRkJxTlhGWFowRRAB,,,,,,,,,,,,,,,,,,,,,,,,,,,,,,,,,,,,,,,,,,,,,,,,,,,Google,https://www.google.com/maps/reviews/data=!4m8!14m7!1m6!2m5!1sCi9DQUlRQUNvZENodHljRjlvT2xwMGVteE9ZMUoyWmtWYVlXRXRhRkJxTlhGWFowRRAB!2m1!1s0x0:0xf0217a90db10660!3m1!1s2@1:CAIQACodChtycF9oOlp0emxOY1J2ZkVaYWEtaFBqNXFXZ0E%7C%7C?hl=en,104962409214657719934,182,https://lh3.googleusercontent.com/a/ACg8ocKdpIssFCuRAKf49PpUVV4vZL7tz_I0dRZjH2lKOGhmW7K3lA=s1920-c-rp-mo-ba4-br100,https://www.google.com/maps/contrib/104962409214657719934?hl=en,1508,2025-09-21T15:08:11.430Z,"Direct Detail URL: https://www.google.com/maps/place/Kakadu+National+Park/@-13.0922879,132.3911909,17z/data=!4m8!3m7!1s0x2cb9d10f23ab6185:0xf0217a90db10660!8m2!3d-13.0922931!4d132.3937658!9m1!1b1!16zL20vMHBzZ3M?entry=ttu&g_ep=EgoyMDI1MDkxNy4wIKXMDSoASAFQAw%3D%3D",5,Northern Territory,Kakadu Hwy,False,"Bello, visitato con tour di un giorno","Beautiful, visited with a day tour",Kakadu National Park,4.4,en,https://www.google.com/maps/search/?api=1&query=Kakadu%20National%20Park&query_place_id=ChIJhWGrIw_RuSwRYAaxDakXAg8,,Neutral
"Kakadu Hwy, Jabiru NT 0886, Australia",National park,Tourist attraction,National park,1081452875368957536,Jabiru,AU,0x2cb9d10f23ab6185:0xf0217a90db10660,https://lh3.googleusercontent.com/gps-cs-s/AC9h4noMcRjq8FlUkmVp-XCMovSv9fHV5BRbNWXKKfrhkze23QjQapmDYpWuSq0oqOEfoXT-Q82PqEsslbbJCblydXfu8U-bSEMLRvezvJfec-eU3-hkN8I2kjcRXi4fXtvvCBJiCBIk6A=w408-h306-k-no,False,False,en,0,-13.0922931,132.3937658,Clara Vitria Pujol,,,False,ChIJhWGrIw_RuSwRYAaxDakXAg8,886,,a month ago,2025-08-14T22:59:16.216Z,,,,,,,Ci9DQUlRQUNvZENodHljRjlvT2pKRE0xcHFPR3hSTW1SV2J6RmpVVnAzVkZSZlduYxAB,,,,,,,,,,,,,,,,,,,,,,,,,,,,,,,,,,,,,,,,,,,,,,,,,,,Google,https://www.google.com/maps/reviews/data=!4m8!14m7!1m6!2m5!1sCi9DQUlRQUNvZENodHljRjlvT2pKRE0xcHFPR3hSTW1SV2J6RmpVVnAzVkZSZlduYxAB!2m1!1s0x0:0xf0217a90db10660!3m1!1s2@1:CAIQACodChtycF9oOjJDM1pqOGxRMmRWbzFjUVp3VFRfWnc%7C%7C?hl=en,115182050555448414031,2,https://lh3.googleusercontent.com/a-/ALV-UjXzEevWVb1LUZohhvBQaUJ4OvV_9t2DxAwrnp1U6jDFpiBLr_Iz=s1920-c-rp-mo-br100,https://www.google.com/maps/contrib/115182050555448414031?hl=en,1508,2025-09-21T15:08:11.430Z,"Direct Detail URL: https://www.google.com/maps/place/Kakadu+National+Park/@-13.0922879,132.3911909,17z/data=!4m8!3m7!1s0x2cb9d10f23ab6185:0xf0217a90db10660!8m2!3d-13.0922931!4d132.3937658!9m1!1b1!16zL20vMHBzZ3M?entry=ttu&g_ep=EgoyMDI1MDkxNy4wIKXMDSoASAFQAw%3D%3D",5,Northern Territory,Kakadu Hwy,False,,,Kakadu National Park,4.4,,https://www.google.com/maps/search/?api=1&query=Kakadu%20National%20Park&query_place_id=ChIJhWGrIw_RuSwRYAaxDakXAg8,,Positive
"Kakadu Hwy, Jabiru NT 0886, Australia",National park,Tourist attraction,National park,1081452875368957536,Jabiru,AU,0x2cb9d10f23ab6185:0xf0217a90db10660,https://lh3.googleusercontent.com/gps-cs-s/AC9h4noMcRjq8FlUkmVp-XCMovSv9fHV5BRbNWXKKfrhkze23QjQapmDYpWuSq0oqOEfoXT-Q82PqEsslbbJCblydXfu8U-bSEMLRvezvJfec-eU3-hkN8I2kjcRXi4fXtvvCBJiCBIk6A=w408-h306-k-no,False,True,en,0,-13.0922931,132.3937658,Emilia Cortés,,,False,ChIJhWGrIw_RuSwRYAaxDakXAg8,886,,a month ago,2025-08-14T21:34:23.226Z,,,,,,,Ci9DQUlRQUNvZENodHljRjlvT2tKVGRUVjNlWFZ4ZGpKWE5HVlZiWFl4VFZsVlNYYxAB,,,,,,,,,,,,,,,,,,,,,,,,,,,,,,,,,,,,,,,,,,,,,,,,,,,Google,https://www.google.com/maps/reviews/data=!4m8!14m7!1m6!2m5!1sCi9DQUlRQUNvZENodHljRjlvT2tKVGRUVjNlWFZ4ZGpKWE5HVlZiWFl4VFZsVlNYYxAB!2m1!1s0x0:0xf0217a90db10660!3m1!1s2@1:CAIQACodChtycF9oOkJTdTV3eXVxdjJXNGVVbXYxTVlVSXc%7C%7C?hl=en,105560031096271843215,38,https://lh3.googleusercontent.com/a/ACg8ocKaonivWq8IZcR-Ybv9v-zg5VIuaC3mBxbL2S99WQFv4wJL9g=s1920-c-rp-mo-ba6-br100,https://www.google.com/maps/contrib/105560031096271843215?hl=en,1508,2025-09-21T15:08:11.430Z,"Direct Detail URL: https://www.google.com/maps/place/Kakadu+National+Park/@-13.0922879,132.3911909,17z/data=!4m8!3m7!1s0x2cb9d10f23ab6185:0xf0217a90db10660!8m2!3d-13.0922931!4d132.3937658!9m1!1b1!16zL20vMHBzZ3M?entry=ttu&g_ep=EgoyMDI1MDkxNy4wIKXMDSoASAFQAw%3D%3D",5,Northern Territory,Kakadu Hwy,False,,,Kakadu National Park,4.4,,https://www.google.com/maps/search/?api=1&query=Kakadu%20National%20Park&query_place_id=ChIJhWGrIw_RuSwRYAaxDakXAg8,,Positive
"Kakadu Hwy, Jabiru NT 0886, Australia",National park,Tourist attraction,National park,1081452875368957536,Jabiru,AU,0x2cb9d10f23ab6185:0xf0217a90db10660,https://lh3.googleusercontent.com/gps-cs-s/AC9h4noMcRjq8FlUkmVp-XCMovSv9fHV5BRbNWXKKfrhkze23QjQapmDYpWuSq0oqOEfoXT-Q82PqEsslbbJCblydXfu8U-bSEMLRvezvJfec-eU3-hkN8I2kjcRXi4fXtvvCBJiCBIk6A=w408-h306-k-no,False,True,en,0,-13.0922931,132.3937658,fabien dousse,,fr,False,ChIJhWGrIw_RuSwRYAaxDakXAg8,886,,a month ago,2025-08-14T15:09:11.296Z,,,,,,,Ci9DQUlRQUNvZENodHljRjlvT213NGEwbE9Uak40YWpCdWEycFpMVVpPVlVKeVozYxAB,https://lh3.googleusercontent.com/geougc-cs/AB3l90BzVNLzDdIMUyWdBZd2SIMNvL0dXjieRTg_QfVJHnWa9LXfg8NbBgSSiYlYt0rlQRlR7nZhEU1x-PRWsqgVOxl4ud2vB4q-Yqhe2BUtj4h_Id_6XWmLtltqqhw63ZR8ZpgcBKom8_WOv9Up,https://lh3.googleusercontent.com/geougc-cs/AB3l90ALgv4_cK9ZD-fj8Zx6sXdoJhvBbpYvn8jIZMR0LgWGa0K-xKbn6WnmKBoreBPnt9BSPKgOvDPu50HfLUfYE6SEapgrwyWNGMuEZEpnzCOjRQvKhGooTyYziSTlc620Q3MaSXdY3XNSbNuO,https://lh3.googleusercontent.com/geougc-cs/AB3l90BsnpNhI2Ee9xWmZjRDjrgfS4SXiGDxcJiC3Zkc6hwn_K6mj47POBymsXmiRYy3bHCw2SzP0mq9WZSw0Lh7MEWM9wNZcF_9VSTEWrCkXFvwdXlL33pU6SizQqg8XeTcQHH7VIQJk0krciA,https://lh3.googleusercontent.com/geougc-cs/AB3l90AkfvulwG0hq20xM2t0DlYwNucKL3o0P2zpc4xhtcS5bJAbsBcyCQmVU-U4oePyZ4wgGOOzvn2w9nXJh7JCwMXjkFYJZM0_enXH8Hzliy9zFrWVakFUSDbM4PaUVAvrGsvxu4ikJhlt7EPE,https://lh3.googleusercontent.com/geougc-cs/AB3l90D1_ZLjRPXVlU1j9KRFiteublPZv_hAACTtKucMBGyiJj58l1rSTDUXGBIWhUHmop9XfIxhKJ-j_mWSD8P4ZjW4R7NxC_SD84Hy4GiQyh67l0HO-4Hpda6Yg2i0_Alcv-wOv56T4faLP9gj,https://lh3.googleusercontent.com/geougc-cs/AB3l90B2qpjS8HKd838W9myxtk3EZFlbO0uM-EiXxIT1naY7qvV5R-KoXutmQPdzQd6JhCWZFtIzzVzWn0twh2SaGwCFArXxU7lcBdjxRwUoNTNt3ZsabBOQI_c4aL-udpbDiPvEToRfdPraTP2T,https://lh3.googleusercontent.com/geougc-cs/AB3l90DCY4CGySRbNGi6UGCUiEYgXARK-BDPLAhyRUZMrzHk4Y793VPEroinYY5AA1Xs0-9TUQ8Kpd40QUTgeptVn1TkLsvH3teDYAqS-Eo0oFj9GOVElJL8ejGYcgVC24deq3Z7GK0DSaLzp82H,https://lh3.googleusercontent.com/geougc-cs/AB3l90CFWV3kv7XdUYkVK4B9mJ1yjnJbjyPAj1LVtjn_ubvGpnKJlGZkos2mQ0aEt7B66Oi-Zu18xaxBGuiO69yQC4gFjfLbGX0pMmtBKfeyXzmppFnIYpDzT1-fzFxEs7-ll6RL9veSzR93QiqO,,,,,,,,,,,,,,,,,,,,,,,,,,,,,,,,,,,,,,,,,,,Google,https://www.google.com/maps/reviews/data=!4m8!14m7!1m6!2m5!1sCi9DQUlRQUNvZENodHljRjlvT213NGEwbE9Uak40YWpCdWEycFpMVVpPVlVKeVozYxAB!2m1!1s0x0:0xf0217a90db10660!3m1!1s2@1:CAIQACodChtycF9oOmw4a0lOTjN4ajBua2pZLUZOVUJyZ3c%7C%7C?hl=en,102695637868866243639,182,https://lh3.googleusercontent.com/a-/ALV-UjUwNJ677iIY6XagVJEsMH4PQkjIkFURRQ5uSGf8xugTnC7SbTNU=s1920-c-rp-mo-ba5-br100,https://www.google.com/maps/contrib/102695637868866243639?hl=en,1508,2025-09-21T15:08:11.430Z,"Direct Detail URL: https://www.google.com/maps/place/Kakadu+National+Park/@-13.0922879,132.3911909,17z/data=!4m8!3m7!1s0x2cb9d10f23ab6185:0xf0217a90db10660!8m2!3d-13.0922931!4d132.3937658!9m1!1b1!16zL20vMHBzZ3M?entry=ttu&g_ep=EgoyMDI1MDkxNy4wIKXMDSoASAFQAw%3D%3D",4,Northern Territory,Kakadu Hwy,False,"Belle réserve naturelle. Nous sommes restés sur notre faim en ce qui concerne l'observation de la faune animale, pas beaucoup d'oiseaux (comme c'est l'hiver, peut être ont ils migré ?).
En revanche, beaucoup de crocodiles sur la rivière Guluyambi. Très intéressante la croisière culturelle sur cette rivière, en compagnie d'un aborigène qui nous a expliqué plusieurs aspects de la culture de son peuple et nous a fait une démonstration de chasse avec son arme de jet.","Beautiful nature reserve. We were left wanting more in terms of wildlife observation; not many birds (since it's winter, maybe they've migrated?).
On the other hand, there were plenty of crocodiles on the Guluyambi River. The cultural cruise on this river was very interesting, accompanied by an Aboriginal man who explained several aspects of his people's culture and gave us a hunting demonstration with his throwing weapon.",Kakadu National Park,4.4,en,https://www.google.com/maps/search/?api=1&query=Kakadu%20National%20Park&query_place_id=ChIJhWGrIw_RuSwRYAaxDakXAg8,,Neutral
"Kakadu Hwy, Jabiru NT 0886, Australia",National park,Tourist attraction,National park,1081452875368957536,Jabiru,AU,0x2cb9d10f23ab6185:0xf0217a90db10660,https://lh3.googleusercontent.com/gps-cs-s/AC9h4noMcRjq8FlUkmVp-XCMovSv9fHV5BRbNWXKKfrhkze23QjQapmDYpWuSq0oqOEfoXT-Q82PqEsslbbJCblydXfu8U-bSEMLRvezvJfec-eU3-hkN8I2kjcRXi4fXtvvCBJiCBIk6A=w408-h306-k-no,False,True,en,0,-13.0922931,132.3937658,Clive Marks,,en,False,ChIJhWGrIw_RuSwRYAaxDakXAg8,886,,a month ago,2025-08-10T08:10:04.304Z,,,,,,,Ci9DQUlRQUNvZENodHljRjlvT2tKc1VteDROa0pyVG1Ob09EQmFPR3hFUmxCVWVGRRAB,https://lh3.googleusercontent.com/geougc-cs/AB3l90AEIdj1YmFEZDNqRo-uQZIDkP5AThgX8CYpVFLtg8W1QMocNcu13IchoD_q-Wb6-bcdU_MiGSDXC0U5HHIJnp09_l7MBalTq73gLDxXYcH5ueTI71q5fJ3iQylEvmNenmKd9OfFYJ5M-Uo,https://lh3.googleusercontent.com/geougc-cs/AB3l90CqJqO5BYQl9ft3hf_cSMpQBlhXUQid4J4Guv5UvaV8ZU-85GKskCYyNpn88beYUhbrQ5H0Sc9oI3bbvCQZuXehyOpe2I-YkKN_asF38nAjjdouVHPKJfazJQ5ziPatnKQqh9DahgSiLADe,,,,,,,,,,,,,,,,,,,,,,,,,,,,,,,,,,,,,,,,,,,,,,,,,Google,https://www.google.com/maps/reviews/data=!4m8!14m7!1m6!2m5!1sCi9DQUlRQUNvZENodHljRjlvT2tKc1VteDROa0pyVG1Ob09EQmFPR3hFUmxCVWVGRRAB!2m1!1s0x0:0xf0217a90db10660!3m1!1s2@1:CAIQACodChtycF9oOkJsUmx4NkJrTmNoODBaOGxERlBUeFE%7C%7C?hl=en,110778126086240623045,46,https://lh3.googleusercontent.com/a-/ALV-UjV_ctu0hFYDi570hK4dbz34vy6Ge3RallvLIeZd1dB5ftybD6V5=s1920-c-rp-mo-ba3-br100,https://www.google.com/maps/contrib/110778126086240623045?hl=en,1508,2025-09-21T15:08:11.430Z,"Direct Detail URL: https://www.google.com/maps/place/Kakadu+National+Park/@-13.0922879,132.3911909,17z/data=!4m8!3m7!1s0x2cb9d10f23ab6185:0xf0217a90db10660!8m2!3d-13.0922931!4d132.3937658!9m1!1b1!16zL20vMHBzZ3M?entry=ttu&g_ep=EgoyMDI1MDkxNy4wIKXMDSoASAFQAw%3D%3D",5,Northern Territory,Kakadu Hwy,False,Just beautiful,,Kakadu National Park,4.4,,https://www.google.com/maps/search/?api=1&query=Kakadu%20National%20Park&query_place_id=ChIJhWGrIw_RuSwRYAaxDakXAg8,,Positive
"Kakadu Hwy, Jabiru NT 0886, Australia",National park,Tourist attraction,National park,1081452875368957536,Jabiru,AU,0x2cb9d10f23ab6185:0xf0217a90db10660,https://lh3.googleusercontent.com/gps-cs-s/AC9h4noMcRjq8FlUkmVp-XCMovSv9fHV5BRbNWXKKfrhkze23QjQapmDYpWuSq0oqOEfoXT-Q82PqEsslbbJCblydXfu8U-bSEMLRvezvJfec-eU3-hkN8I2kjcRXi4fXtvvCBJiCBIk6A=w408-h306-k-no,False,True,en,0,-13.0922931,132.3937658,Rapti Makalanda,,,False,ChIJhWGrIw_RuSwRYAaxDakXAg8,886,,a month ago,2025-08-09T03:02:33.719Z,,,,,,,Ci9DQUlRQUNvZENodHljRjlvT2xkQk9ITnFkbHBtYkhoRFZHRnFiRjl3YnpBMVEyYxAB,,,,,,,,,,,,,,,,,,,,,,,,,,,,,,,,,,,,,,,,,,,,,,,,,,,Google,https://www.google.com/maps/reviews/data=!4m8!14m7!1m6!2m5!1sCi9DQUlRQUNvZENodHljRjlvT2xkQk9ITnFkbHBtYkhoRFZHRnFiRjl3YnpBMVEyYxAB!2m1!1s0x0:0xf0217a90db10660!3m1!1s2@1:CAIQACodChtycF9oOldBOHNqdlpmbHhDVGFqbF9wbzA1Q2c%7C%7C?hl=en,114327300839757582802,68,https://lh3.googleusercontent.com/a-/ALV-UjWv5XwNCRgBy3bkbhpWD9YnzKWvIy_Xz6q_4aGQqdfGQ_fWFanskg=s1920-c-rp-mo-ba4-br100,https://www.google.com/maps/contrib/114327300839757582802?hl=en,1508,2025-09-21T15:08:11.430Z,"Direct Detail URL: https://www.google.com/maps/place/Kakadu+National+Park/@-13.0922879,132.3911909,17z/data=!4m8!3m7!1s0x2cb9d10f23ab6185:0xf0217a90db10660!8m2!3d-13.0922931!4d132.3937658!9m1!1b1!16zL20vMHBzZ3M?entry=ttu&g_ep=EgoyMDI1MDkxNy4wIKXMDSoASAFQAw%3D%3D",5,Northern Territory,Kakadu Hwy,False,,,Kakadu National Park,4.4,,https://www.google.com/maps/search/?api=1&query=Kakadu%20National%20Park&query_place_id=ChIJhWGrIw_RuSwRYAaxDakXAg8,,Positive
"Kakadu Hwy, Jabiru NT 0886, Australia",National park,Tourist attraction,National park,1081452875368957536,Jabiru,AU,0x2cb9d10f23ab6185:0xf0217a90db10660,https://lh3.googleusercontent.com/gps-cs-s/AC9h4noMcRjq8FlUkmVp-XCMovSv9fHV5BRbNWXKKfrhkze23QjQapmDYpWuSq0oqOEfoXT-Q82PqEsslbbJCblydXfu8U-bSEMLRvezvJfec-eU3-hkN8I2kjcRXi4fXtvvCBJiCBIk6A=w408-h306-k-no,False,True,en,0,-13.0922931,132.3937658,Patrick Barlow,,en,False,ChIJhWGrIw_RuSwRYAaxDakXAg8,886,,a month ago,2025-08-04T04:36:52.317Z,,,,,,,Ci9DQUlRQUNvZENodHljRjlvT21rMFkzaFJMVXh1U1VOTVZtdFFVa05zVkRWcVRsRRAB,https://lh3.googleusercontent.com/geougc-cs/AB3l90Bp7RhGHrOSh5m_yzfs52cuMhWykUkpuS2GZP8Q0kmmnJWxsrO2SzDmMGexDhJu6eMENWbWrBfZqZW8oY1u_PIExv9R9nT8fsbDklPN_hLHBfFyT3CtpFc3FD5KHXnEzHsp6fp6NTba7Al9,https://lh3.googleusercontent.com/geougc-cs/AB3l90CaaEtT4zY-OP7q08qbjvl9whgrPG4aLtjaU3ALz-QeruqCJEkX3fEwpDzPsBmU-e-a8V0Amocc28LJ8N2Rkj_7VATkYCs2z7YxYjEv9Nh3sTlV3rvkMip4ZDSqo42HU1CDDtMRWbOX7Kiu,https://lh3.googleusercontent.com/geougc-cs/AB3l90CsknQmxfCdC1jN9dmmgSlAoEtwlu7Nahv2xVhQw7do9rV88on8BkiLIGAmuoM4t5URp5dVNDKVlsAcHMUeabnN_Miy_HwgJTMLQTQuyhX4y47dFmoeclkRlpGkFG4rF4nQ4EW2jCLCbTdd,https://lh3.googleusercontent.com/geougc-cs/AB3l90AyJAubGYfy-HH-XHddsfF-vZvgn-cKXJLPh4D_wzeTxZdVYHbPTM4_dgw2bBGy6LWIW5FjW8XGDhpgZUNGm3_iduK3xi4wNaJxGPeICrFgEuYxwFTbwQfXbgc3_PFpB-nI-cMB2V439MGP,https://lh3.googleusercontent.com/geougc-cs/AB3l90DhbfOGWoL3YPea2da1UEGfUDWaP6kS9V52lgN7LWPvvohW54aZOFa4KSJJcCJp8QydxeQrR_qgIbXqckxU6tMnrmrwAsoOjqXAbJ9BSjfo9qsJIZ-7iGNxFtZXmppKyqHFZQuQqBBaqTI,https://lh3.googleusercontent.com/geougc-cs/AB3l90DABxG-zgLfFlZ8sXYLmzTHzTyAWntnytolaNXyXcfFI_fSmpbu5SdFbQOXtaJlSa5WQItnABFeV5VDgNUeyJRDeYSTbZTAyFMZJg9zxfF8iAJYqoHSTlsE8XexVz4V7Ta497dsDASFPu0,,,,,,,,,,,,,,,,,,,,,,,,,,,,,,,,,,,,,,,,,,,,,Google,https://www.google.com/maps/reviews/data=!4m8!14m7!1m6!2m5!1sCi9DQUlRQUNvZENodHljRjlvT21rMFkzaFJMVXh1U1VOTVZtdFFVa05zVkRWcVRsRRAB!2m1!1s0x0:0xf0217a90db10660!3m1!1s2@1:CAIQACodChtycF9oOmk0Y3hRLUxuSUNMVmtQUkNsVDVqTlE%7C%7C?hl=en,117068163985503000846,61,https://lh3.googleusercontent.com/a/ACg8ocK_xdXXhmtmj1V1Vr1zPymNZQQYJQMWfyJEpP_phSQSZe-15Q=s1920-c-rp-mo-ba3-br100,https://www.google.com/maps/contrib/117068163985503000846?hl=en,1508,2025-09-21T15:08:11.430Z,"Direct Detail URL: https://www.google.com/maps/place/Kakadu+National+Park/@-13.0922879,132.3911909,17z/data=!4m8!3m7!1s0x2cb9d10f23ab6185:0xf0217a90db10660!8m2!3d-13.0922931!4d132.3937658!9m1!1b1!16zL20vMHBzZ3M?entry=ttu&g_ep=EgoyMDI1MDkxNy4wIKXMDSoASAFQAw%3D%3D",5,Northern Territory,Kakadu Hwy,False,A very spiritual experience.,,Kakadu National Park,4.4,,https://www.google.com/maps/search/?api=1&query=Kakadu%20National%20Park&query_place_id=ChIJhWGrIw_RuSwRYAaxDakXAg8,,Neutral
"Kakadu Hwy, Jabiru NT 0886, Australia",National park,Tourist attraction,National park,1081452875368957536,Jabiru,AU,0x2cb9d10f23ab6185:0xf0217a90db10660,https://lh3.googleusercontent.com/gps-cs-s/AC9h4noMcRjq8FlUkmVp-XCMovSv9fHV5BRbNWXKKfrhkze23QjQapmDYpWuSq0oqOEfoXT-Q82PqEsslbbJCblydXfu8U-bSEMLRvezvJfec-eU3-hkN8I2kjcRXi4fXtvvCBJiCBIk6A=w408-h306-k-no,False,False,en,0,-13.0922931,132.3937658,Inderpal Singh,,,False,ChIJhWGrIw_RuSwRYAaxDakXAg8,886,,a month ago,2025-08-01T04:59:53.563Z,,,,,,,Ci9DQUlRQUNvZENodHljRjlvT2xBeVJEaEpWM0ZxVlRSNWEweE5WVmcwVVdaNVYzYxAB,,,,,,,,,,,,,,,,,,,,,,,,,,,,,,,,,,,,,,,,,,,,,,,,,,,Google,https://www.google.com/maps/reviews/data=!4m8!14m7!1m6!2m5!1sCi9DQUlRQUNvZENodHljRjlvT2xBeVJEaEpWM0ZxVlRSNWEweE5WVmcwVVdaNVYzYxAB!2m1!1s0x0:0xf0217a90db10660!3m1!1s2@1:CAIQACodChtycF9oOlAyRDhJV3FqVTR5a0xNVVg0UWZ5V3c%7C%7C?hl=en,110624308392942144117,2,https://lh3.googleusercontent.com/a/ACg8ocJLN2hp82pCV2qzDDcJYu4CSw7dWokAhGDihvaKe3OWNE-ucw=s1920-c-rp-mo-br100,https://www.google.com/maps/contrib/110624308392942144117?hl=en,1508,2025-09-21T15:08:11.430Z,"Direct Detail URL: https://www.google.com/maps/place/Kakadu+National+Park/@-13.0922879,132.3911909,17z/data=!4m8!3m7!1s0x2cb9d10f23ab6185:0xf0217a90db10660!8m2!3d-13.0922931!4d132.3937658!9m1!1b1!16zL20vMHBzZ3M?entry=ttu&g_ep=EgoyMDI1MDkxNy4wIKXMDSoASAFQAw%3D%3D",5,Northern Territory,Kakadu Hwy,False,,,Kakadu National Park,4.4,,https://www.google.com/maps/search/?api=1&query=Kakadu%20National%20Park&query_place_id=ChIJhWGrIw_RuSwRYAaxDakXAg8,,Positive
"Kakadu Hwy, Jabiru NT 0886, Australia",National park,Tourist attraction,National park,1081452875368957536,Jabiru,AU,0x2cb9d10f23ab6185:0xf0217a90db10660,https://lh3.googleusercontent.com/gps-cs-s/AC9h4noMcRjq8FlUkmVp-XCMovSv9fHV5BRbNWXKKfrhkze23QjQapmDYpWuSq0oqOEfoXT-Q82PqEsslbbJCblydXfu8U-bSEMLRvezvJfec-eU3-hkN8I2kjcRXi4fXtvvCBJiCBIk6A=w408-h306-k-no,False,True,en,0,-13.0922931,132.3937658,jason C,,,False,ChIJhWGrIw_RuSwRYAaxDakXAg8,886,,a month ago,2025-08-01T02:24:50.712Z,,,,,,,Ci9DQUlRQUNvZENodHljRjlvT2xoTFNrcERNVTVOWlU5TVNISmhSRVI0YXpZek5IYxAB,,,,,,,,,,,,,,,,,,,,,,,,,,,,,,,,,,,,,,,,,,,,,,,,,,,Google,https://www.google.com/maps/reviews/data=!4m8!14m7!1m6!2m5!1sCi9DQUlRQUNvZENodHljRjlvT2xoTFNrcERNVTVOWlU5TVNISmhSRVI0YXpZek5IYxAB!2m1!1s0x0:0xf0217a90db10660!3m1!1s2@1:CAIQACodChtycF9oOlhLSkpDMU5NZU9MSHJhRER4azYzNHc%7C%7C?hl=en,112168900967561144224,19,https://lh3.googleusercontent.com/a/ACg8ocK14K9jJ0mOsmtM7LdCo_IL7UK3SydeItjw5DjP4xHbj5Q1SA=s1920-c-rp-mo-ba2-br100,https://www.google.com/maps/contrib/112168900967561144224?hl=en,1508,2025-09-21T15:08:11.430Z,"Direct Detail URL: https://www.google.com/maps/place/Kakadu+National+Park/@-13.0922879,132.3911909,17z/data=!4m8!3m7!1s0x2cb9d10f23ab6185:0xf0217a90db10660!8m2!3d-13.0922931!4d132.3937658!9m1!1b1!16zL20vMHBzZ3M?entry=ttu&g_ep=EgoyMDI1MDkxNy4wIKXMDSoASAFQAw%3D%3D",5,Northern Territory,Kakadu Hwy,False,,,Kakadu National Park,4.4,,https://www.google.com/maps/search/?api=1&query=Kakadu%20National%20Park&query_place_id=ChIJhWGrIw_RuSwRYAaxDakXAg8,,Positive
"Kakadu Hwy, Jabiru NT 0886, Australia",National park,Tourist attraction,National park,1081452875368957536,Jabiru,AU,0x2cb9d10f23ab6185:0xf0217a90db10660,https://lh3.googleusercontent.com/gps-cs-s/AC9h4noMcRjq8FlUkmVp-XCMovSv9fHV5BRbNWXKKfrhkze23QjQapmDYpWuSq0oqOEfoXT-Q82PqEsslbbJCblydXfu8U-bSEMLRvezvJfec-eU3-hkN8I2kjcRXi4fXtvvCBJiCBIk6A=w408-h306-k-no,False,True,en,0,-13.0922931,132.3937658,Monique Jansen,,nl,False,ChIJhWGrIw_RuSwRYAaxDakXAg8,886,,a month ago,2025-07-31T20:43:30.036Z,,,,,,,Ci9DQUlRQUNvZENodHljRjlvT25sc1FXdDVNR0pLZUhoWlQwOXRZakpWV1haUFprRRAB,https://lh3.googleusercontent.com/geougc-cs/AB3l90DIerVlFglJgsHH3Y655QRBYFojNUNcFiUhgnnixDvfv1L7AwMkhkvEuulo4UrVCYXZsB9CldCUTB5T9X9DYn-tj_5vaILaAmZcDVnW0nQSRncYcCnWvf_fEgdNdjjXZ9_MskWbvyQZ5tW9,https://lh3.googleusercontent.com/geougc-cs/AB3l90Ar_K_jrm19zeQGPAkxg_A4ezs23a84boQYlRJnSUj7FhsivPUqq45i0CYf_VsXHE6Ew6ILgdgxS8K4keJNwkBlB1mGvB6PJYJkPXteeQqytc0fULNBEz6LSzBoI1aJlUizM5p2RMjAkKg,https://lh3.googleusercontent.com/geougc-cs/AB3l90AfSqvpwAH6SPKjuTtDHzNOyv1JgjAuDsaCnzFeqVjwc_1mVkMK6lL3F2ioP5YE9o2vcCMmowsqMt0OPKsnxpCM2cOYdJ1WuFIhOdu2DWwMbnuQOaWVqfgyjLdRKBHm4bL0447afgYEzr5o,https://lh3.googleusercontent.com/geougc-cs/AB3l90Bb44NRGP9FUhvFIRDRP-16292CoIS1TfiRZeMPYlvwFWDI4lG2Mhsd5qL5z3SmTtvd6Rp1ijGk2Xyz67XOnBqc29i38hfSAyyZYtSPrlG1I2S4qPsvRJbqnrtdG8K5kl4X8ffthBPm9_g,,,,,,,,,,,,,,,,,,,,,,,,,,,,,,,,,,,,,,,,,,,,,,,Google,https://www.google.com/maps/reviews/data=!4m8!14m7!1m6!2m5!1sCi9DQUlRQUNvZENodHljRjlvT25sc1FXdDVNR0pLZUhoWlQwOXRZakpWV1haUFprRRAB!2m1!1s0x0:0xf0217a90db10660!3m1!1s2@1:CAIQACodChtycF9oOnlsQWt5MGJKeHhZT09tYjJVWXZPZkE%7C%7C?hl=en,117481514746306436088,51,https://lh3.googleusercontent.com/a/ACg8ocLFLE-FXygpQ8oKAmtfr64gRuaSVaHakHCRhJSKJan-R_RweA=s1920-c-rp-mo-ba4-br100,https://www.google.com/maps/contrib/117481514746306436088?hl=en,1508,2025-09-21T15:08:11.430Z,"Direct Detail URL: https://www.google.com/maps/place/Kakadu+National+Park/@-13.0922879,132.3911909,17z/data=!4m8!3m7!1s0x2cb9d10f23ab6185:0xf0217a90db10660!8m2!3d-13.0922931!4d132.3937658!9m1!1b1!16zL20vMHBzZ3M?entry=ttu&g_ep=EgoyMDI1MDkxNy4wIKXMDSoASAFQAw%3D%3D",5,Northern Territory,Kakadu Hwy,False,"Prachtige omgeving, en een geweldige boottocht gemaakt","Beautiful surroundings, and a great boat trip",Kakadu National Park,4.4,en,https://www.google.com/maps/search/?api=1&query=Kakadu%20National%20Park&query_place_id=ChIJhWGrIw_RuSwRYAaxDakXAg8,,Neutral
"Kakadu Hwy, Jabiru NT 0886, Australia",National park,Tourist attraction,National park,1081452875368957536,Jabiru,AU,0x2cb9d10f23ab6185:0xf0217a90db10660,https://lh3.googleusercontent.com/gps-cs-s/AC9h4noMcRjq8FlUkmVp-XCMovSv9fHV5BRbNWXKKfrhkze23QjQapmDYpWuSq0oqOEfoXT-Q82PqEsslbbJCblydXfu8U-bSEMLRvezvJfec-eU3-hkN8I2kjcRXi4fXtvvCBJiCBIk6A=w408-h306-k-no,False,False,en,0,-13.0922931,132.3937658,Alex Henry,,,False,ChIJhWGrIw_RuSwRYAaxDakXAg8,886,,a month ago,2025-07-28T05:04:24.774Z,,,,,,,Ci9DQUlRQUNvZENodHljRjlvT2sxNlNuRmFSM2Q0WmpoWk0zVnhSVjkzVmpZNExVRRAB,,,,,,,,,,,,,,,,,,,,,,,,,,,,,,,,,,,,,,,,,,,,,,,,,,,Google,https://www.google.com/maps/reviews/data=!4m8!14m7!1m6!2m5!1sCi9DQUlRQUNvZENodHljRjlvT2sxNlNuRmFSM2Q0WmpoWk0zVnhSVjkzVmpZNExVRRAB!2m1!1s0x0:0xf0217a90db10660!3m1!1s2@1:CAIQACodChtycF9oOk16SnFaR3d4ZjhZM3VxRV93VjY4LUE%7C%7C?hl=en,106747080397068575062,10,https://lh3.googleusercontent.com/a-/ALV-UjXsf5_kxpP2qwBnMGBZ_xxGKvtm8pK5ENSTQ9gmy6Cv2ctCiDI=s1920-c-rp-mo-br100,https://www.google.com/maps/contrib/106747080397068575062?hl=en,1508,2025-09-21T15:08:11.430Z,"Direct Detail URL: https://www.google.com/maps/place/Kakadu+National+Park/@-13.0922879,132.3911909,17z/data=!4m8!3m7!1s0x2cb9d10f23ab6185:0xf0217a90db10660!8m2!3d-13.0922931!4d132.3937658!9m1!1b1!16zL20vMHBzZ3M?entry=ttu&g_ep=EgoyMDI1MDkxNy4wIKXMDSoASAFQAw%3D%3D",5,Northern Territory,Kakadu Hwy,False,,,Kakadu National Park,4.4,,https://www.google.com/maps/search/?api=1&query=Kakadu%20National%20Park&query_place_id=ChIJhWGrIw_RuSwRYAaxDakXAg8,,Positive
"Kakadu Hwy, Jabiru NT 0886, Australia",National park,Tourist attraction,National park,1081452875368957536,Jabiru,AU,0x2cb9d10f23ab6185:0xf0217a90db10660,https://lh3.googleusercontent.com/gps-cs-s/AC9h4noMcRjq8FlUkmVp-XCMovSv9fHV5BRbNWXKKfrhkze23QjQapmDYpWuSq0oqOEfoXT-Q82PqEsslbbJCblydXfu8U-bSEMLRvezvJfec-eU3-hkN8I2kjcRXi4fXtvvCBJiCBIk6A=w408-h306-k-no,False,True,en,0,-13.0922931,132.3937658,Nurul Najwa Ahmad,,,False,ChIJhWGrIw_RuSwRYAaxDakXAg8,886,,a month ago,2025-07-27T05:34:32.375Z,,,,,,,Ci9DQUlRQUNvZENodHljRjlvT2tSQ1NpMDVZak5IUW1aSlFVMXlTMWx2V201UmJtYxAB,,,,,,,,,,,,,,,,,,,,,,,,,,,,,,,,,,,,,,,,,,,,,,,,,,,Google,https://www.google.com/maps/reviews/data=!4m8!14m7!1m6!2m5!1sCi9DQUlRQUNvZENodHljRjlvT2tSQ1NpMDVZak5IUW1aSlFVMXlTMWx2V201UmJtYxAB!2m1!1s0x0:0xf0217a90db10660!3m1!1s2@1:CAIQACodChtycF9oOkRCSi05YjNHQmZJQU1yS1lvWm5Rbmc%7C%7C?hl=en,107437076677273148381,15,https://lh3.googleusercontent.com/a-/ALV-UjVzqRRyp9SRc7NKJ9cPOggbFZUHAYzpzSe2J4ADkDHYGIeVn0v5=s1920-c-rp-mo-ba2-br100,https://www.google.com/maps/contrib/107437076677273148381?hl=en,1508,2025-09-21T15:08:11.430Z,"Direct Detail URL: https://www.google.com/maps/place/Kakadu+National+Park/@-13.0922879,132.3911909,17z/data=!4m8!3m7!1s0x2cb9d10f23ab6185:0xf0217a90db10660!8m2!3d-13.0922931!4d132.3937658!9m1!1b1!16zL20vMHBzZ3M?entry=ttu&g_ep=EgoyMDI1MDkxNy4wIKXMDSoASAFQAw%3D%3D",5,Northern Territory,Kakadu Hwy,False,,,Kakadu National Park,4.4,,https://www.google.com/maps/search/?api=1&query=Kakadu%20National%20Park&query_place_id=ChIJhWGrIw_RuSwRYAaxDakXAg8,,Positive
"Kakadu Hwy, Jabiru NT 0886, Australia",National park,Tourist attraction,National park,1081452875368957536,Jabiru,AU,0x2cb9d10f23ab6185:0xf0217a90db10660,https://lh3.googleusercontent.com/gps-cs-s/AC9h4noMcRjq8FlUkmVp-XCMovSv9fHV5BRbNWXKKfrhkze23QjQapmDYpWuSq0oqOEfoXT-Q82PqEsslbbJCblydXfu8U-bSEMLRvezvJfec-eU3-hkN8I2kjcRXi4fXtvvCBJiCBIk6A=w408-h306-k-no,False,True,en,0,-13.0922931,132.3937658,Seumois Thomas,,fr,False,ChIJhWGrIw_RuSwRYAaxDakXAg8,886,,a month ago,2025-07-26T23:11:15.346Z,,,,,,,Ci9DQUlRQUNvZENodHljRjlvT21SRmFYSjFZM0pCTTA5RlpIRk9lbTF4UzBjM1IyYxAB,,,,,,,,,,,,,,,,,,,,,,,,,,,,,,,,,,,,,,,,,,,,,,,,,,,Google,https://www.google.com/maps/reviews/data=!4m8!14m7!1m6!2m5!1sCi9DQUlRQUNvZENodHljRjlvT21SRmFYSjFZM0pCTTA5RlpIRk9lbTF4UzBjM1IyYxAB!2m1!1s0x0:0xf0217a90db10660!3m1!1s2@1:CAIQACodChtycF9oOmRFaXJ1Y3JBM09FZHFOem1xS0c3R2c%7C%7C?hl=en,108319525578539524129,293,https://lh3.googleusercontent.com/a-/ALV-UjWcOpidncUiqyvNXFeWwtXUFq_P3DvnYUfd2dG60NlCuJwmkS0J=s1920-c-rp-mo-ba4-br100,https://www.google.com/maps/contrib/108319525578539524129?hl=en,1508,2025-09-21T15:08:11.430Z,"Direct Detail URL: https://www.google.com/maps/place/Kakadu+National+Park/@-13.0922879,132.3911909,17z/data=!4m8!3m7!1s0x2cb9d10f23ab6185:0xf0217a90db10660!8m2!3d-13.0922931!4d132.3937658!9m1!1b1!16zL20vMHBzZ3M?entry=ttu&g_ep=EgoyMDI1MDkxNy4wIKXMDSoASAFQAw%3D%3D",5,Northern Territory,Kakadu Hwy,False,Très beau parc pleins de crocodiles et d'oiseaux migrateurs,Very beautiful park full of crocodiles and migratory birds,Kakadu National Park,4.4,en,https://www.google.com/maps/search/?api=1&query=Kakadu%20National%20Park&query_place_id=ChIJhWGrIw_RuSwRYAaxDakXAg8,,Neutral
"Kakadu Hwy, Jabiru NT 0886, Australia",National park,Tourist attraction,National park,1081452875368957536,Jabiru,AU,0x2cb9d10f23ab6185:0xf0217a90db10660,https://lh3.googleusercontent.com/gps-cs-s/AC9h4noMcRjq8FlUkmVp-XCMovSv9fHV5BRbNWXKKfrhkze23QjQapmDYpWuSq0oqOEfoXT-Q82PqEsslbbJCblydXfu8U-bSEMLRvezvJfec-eU3-hkN8I2kjcRXi4fXtvvCBJiCBIk6A=w408-h306-k-no,False,True,en,0,-13.0922931,132.3937658,KILONEWTONS,,en,False,ChIJhWGrIw_RuSwRYAaxDakXAg8,886,,a month ago,2025-07-24T10:43:37.290Z,,,,,,,Ci9DQUlRQUNvZENodHljRjlvT2taeFRFMVdUSHB5Wlc1c1dVdERaa2hDYW1reVltYxAB,,,,,,,,,,,,,,,,,,,,,,,,,,,,,,,,,,,,,,,,,,,,,,,,,,,Google,https://www.google.com/maps/reviews/data=!4m8!14m7!1m6!2m5!1sCi9DQUlRQUNvZENodHljRjlvT2taeFRFMVdUSHB5Wlc1c1dVdERaa2hDYW1reVltYxAB!2m1!1s0x0:0xf0217a90db10660!3m1!1s2@1:CAIQACodChtycF9oOkZxTE1WTHpyZW5sWUtDZkhCamkyYmc%7C%7C?hl=en,107125299070643570057,22,https://lh3.googleusercontent.com/a-/ALV-UjVNfE0anN-brpV8LUfpC2O-ZyU6F1tsl0iFbggcN5Mnys5G0Zd5=s1920-c-rp-mo-ba4-br100,https://www.google.com/maps/contrib/107125299070643570057?hl=en,1508,2025-09-21T15:08:11.430Z,"Direct Detail URL: https://www.google.com/maps/place/Kakadu+National+Park/@-13.0922879,132.3911909,17z/data=!4m8!3m7!1s0x2cb9d10f23ab6185:0xf0217a90db10660!8m2!3d-13.0922931!4d132.3937658!9m1!1b1!16zL20vMHBzZ3M?entry=ttu&g_ep=EgoyMDI1MDkxNy4wIKXMDSoASAFQAw%3D%3D",5,Northern Territory,Kakadu Hwy,False,Nice,,Kakadu National Park,4.4,,https://www.google.com/maps/search/?api=1&query=Kakadu%20National%20Park&query_place_id=ChIJhWGrIw_RuSwRYAaxDakXAg8,,Positive
"Kakadu Hwy, Jabiru NT 0886, Australia",National park,Tourist attraction,National park,1081452875368957536,Jabiru,AU,0x2cb9d10f23ab6185:0xf0217a90db10660,https://lh3.googleusercontent.com/gps-cs-s/AC9h4noMcRjq8FlUkmVp-XCMovSv9fHV5BRbNWXKKfrhkze23QjQapmDYpWuSq0oqOEfoXT-Q82PqEsslbbJCblydXfu8U-bSEMLRvezvJfec-eU3-hkN8I2kjcRXi4fXtvvCBJiCBIk6A=w408-h306-k-no,False,False,en,0,-13.0922931,132.3937658,François BORNE,,,False,ChIJhWGrIw_RuSwRYAaxDakXAg8,886,,a month ago,2025-07-23T08:06:54.429Z,,,,,,,Ci9DQUlRQUNvZENodHljRjlvT21oUlVDMVZNWGxOVTA5a2VVbE1jbWhSY25KMVNVRRAB,,,,,,,,,,,,,,,,,,,,,,,,,,,,,,,,,,,,,,,,,,,,,,,,,,,Google,https://www.google.com/maps/reviews/data=!4m8!14m7!1m6!2m5!1sCi9DQUlRQUNvZENodHljRjlvT21oUlVDMVZNWGxOVTA5a2VVbE1jbWhSY25KMVNVRRAB!2m1!1s0x0:0xf0217a90db10660!3m1!1s2@1:CAIQACodChtycF9oOmhRUC1VMXlNU09keUlMcmhRcnJ1SUE%7C%7C?hl=en,102014019686573255703,6,https://lh3.googleusercontent.com/a/ACg8ocK9cFas0oDpybK9VI0LK301iXHMXSpfIYFlSfS6EL4wnKrCbw=s1920-c-rp-mo-br100,https://www.google.com/maps/contrib/102014019686573255703?hl=en,1508,2025-09-21T15:08:11.430Z,"Direct Detail URL: https://www.google.com/maps/place/Kakadu+National+Park/@-13.0922879,132.3911909,17z/data=!4m8!3m7!1s0x2cb9d10f23ab6185:0xf0217a90db10660!8m2!3d-13.0922931!4d132.3937658!9m1!1b1!16zL20vMHBzZ3M?entry=ttu&g_ep=EgoyMDI1MDkxNy4wIKXMDSoASAFQAw%3D%3D",5,Northern Territory,Kakadu Hwy,False,,,Kakadu National Park,4.4,,https://www.google.com/maps/search/?api=1&query=Kakadu%20National%20Park&query_place_id=ChIJhWGrIw_RuSwRYAaxDakXAg8,,Positive
"Kakadu Hwy, Jabiru NT 0886, Australia",National park,Tourist attraction,National park,1081452875368957536,Jabiru,AU,0x2cb9d10f23ab6185:0xf0217a90db10660,https://lh3.googleusercontent.com/gps-cs-s/AC9h4noMcRjq8FlUkmVp-XCMovSv9fHV5BRbNWXKKfrhkze23QjQapmDYpWuSq0oqOEfoXT-Q82PqEsslbbJCblydXfu8U-bSEMLRvezvJfec-eU3-hkN8I2kjcRXi4fXtvvCBJiCBIk6A=w408-h306-k-no,False,False,en,0,-13.0922931,132.3937658,G GG,,,False,ChIJhWGrIw_RuSwRYAaxDakXAg8,886,,a month ago,2025-07-22T00:54:45.962Z,,,,,,,Ci9DQUlRQUNvZENodHljRjlvT2xWVVFVZzRiMUJOY0RWTVRUaHdSUzFPVHprek1YYxAB,,,,,,,,,,,,,,,,,,,,,,,,,,,,,,,,,,,,,,,,,,,,,,,,,,,Google,https://www.google.com/maps/reviews/data=!4m8!14m7!1m6!2m5!1sCi9DQUlRQUNvZENodHljRjlvT2xWVVFVZzRiMUJOY0RWTVRUaHdSUzFPVHprek1YYxAB!2m1!1s0x0:0xf0217a90db10660!3m1!1s2@1:CAIQACodChtycF9oOlVUQUg4b1BNcDVMTThwRS1OTzkzMXc%7C%7C?hl=en,110681886835083787797,2,https://lh3.googleusercontent.com/a/ACg8ocJxlyXAZWsdyeKXPLHE14SlQjk6Auy4DM_coaxH5hp89hwyYQ=s1920-c-rp-mo-br100,https://www.google.com/maps/contrib/110681886835083787797?hl=en,1508,2025-09-21T15:08:11.430Z,"Direct Detail URL: https://www.google.com/maps/place/Kakadu+National+Park/@-13.0922879,132.3911909,17z/data=!4m8!3m7!1s0x2cb9d10f23ab6185:0xf0217a90db10660!8m2!3d-13.0922931!4d132.3937658!9m1!1b1!16zL20vMHBzZ3M?entry=ttu&g_ep=EgoyMDI1MDkxNy4wIKXMDSoASAFQAw%3D%3D",5,Northern Territory,Kakadu Hwy,False,,,Kakadu National Park,4.4,,https://www.google.com/maps/search/?api=1&query=Kakadu%20National%20Park&query_place_id=ChIJhWGrIw_RuSwRYAaxDakXAg8,,Positive
"Kakadu Hwy, Jabiru NT 0886, Australia",National park,Tourist attraction,National park,1081452875368957536,Jabiru,AU,0x2cb9d10f23ab6185:0xf0217a90db10660,https://lh3.googleusercontent.com/gps-cs-s/AC9h4noMcRjq8FlUkmVp-XCMovSv9fHV5BRbNWXKKfrhkze23QjQapmDYpWuSq0oqOEfoXT-Q82PqEsslbbJCblydXfu8U-bSEMLRvezvJfec-eU3-hkN8I2kjcRXi4fXtvvCBJiCBIk6A=w408-h306-k-no,False,True,en,0,-13.0922931,132.3937658,marguerite sparkes,,,False,ChIJhWGrIw_RuSwRYAaxDakXAg8,886,,2 months ago,2025-07-21T11:17:34.694Z,,,,,,,Ci9DQUlRQUNvZENodHljRjlvT2tGblducEVSa1paWlVwMmNYSndjbkZ6Y1cxelMwRRAB,https://lh3.googleusercontent.com/geougc-cs/AB3l90DGiTd9UiAXdhD737nqc_7GwoHFgva26Tr56cGf-6fgYXLTHM9a-LpHMy3Ln0BTuKU0ow_7ZmrTJ8XitUAZZlhANFLDX14xG9urgFaewtUNgKcLpWSZJbebQzmxLxZQjfv_ziqpgSh85gNY,https://lh3.googleusercontent.com/geougc-cs/AB3l90CRs2g_pezaATW9GgG9eZu0oMtmN2hQFFCukdVRUinqGTUHHfJ2jMLT3xEYKuGTn-paUZJTON-AtzxJiC_d8WBwwgH_NN8YrEgttuTZuO116nTU1oDIIHZ7gS5YklnCvLiF-H7GtosWYpIn,https://lh3.googleusercontent.com/geougc-cs/AB3l90DPzl0b-TBnamNXbezy2nVa4Gbmir8Mb3es2f4d5BZbiyjGGv1XvAAEwsAMJbWmrkBnusitAI05Q5bIDM-EGWWXUxytrU2qaLWHwDILXR1-ujlA7pb1GfnyLJRbSBC62B8G-8Uo6A4dKEuj,https://lh3.googleusercontent.com/geougc-cs/AB3l90Cz0VQkmug4MbeTYSvVjRf8mDZ0h9ZkILKB4gKmuEMEfF6Siv3H9rXnSHM7--wXS27UjIOmEDoISW7oUu2slDDh2ouMBbw8KZuoGuxeZhFPT0j8GbbTTd6Iq0KG35Rizi2fZL5aZ2Luahg,,,,,,,,,,,,,,,,,,,,,,,,,,,,,,,,,,,,,,,,,,,,,,,Google,https://www.google.com/maps/reviews/data=!4m8!14m7!1m6!2m5!1sCi9DQUlRQUNvZENodHljRjlvT2tGblducEVSa1paWlVwMmNYSndjbkZ6Y1cxelMwRRAB!2m1!1s0x0:0xf0217a90db10660!3m1!1s2@1:CAIQACodChtycF9oOkFnWnpERkZZZUp2cXJwcnFzcW1zS0E%7C%7C?hl=en,111710622331137453460,216,https://lh3.googleusercontent.com/a-/ALV-UjV5QHSqVkW3m1dpENWOx0G63cm2m4QDK2Io1Q-NlmYhR2oSDFd1=s1920-c-rp-mo-ba4-br100,https://www.google.com/maps/contrib/111710622331137453460?hl=en,1508,2025-09-21T15:08:11.430Z,"Direct Detail URL: https://www.google.com/maps/place/Kakadu+National+Park/@-13.0922879,132.3911909,17z/data=!4m8!3m7!1s0x2cb9d10f23ab6185:0xf0217a90db10660!8m2!3d-13.0922931!4d132.3937658!9m1!1b1!16zL20vMHBzZ3M?entry=ttu&g_ep=EgoyMDI1MDkxNy4wIKXMDSoASAFQAw%3D%3D",3,Northern Territory,Kakadu Hwy,False,,,Kakadu National Park,4.4,,https://www.google.com/maps/search/?api=1&query=Kakadu%20National%20Park&query_place_id=ChIJhWGrIw_RuSwRYAaxDakXAg8,,Neutral
"Kakadu Hwy, Jabiru NT 0886, Australia",National park,Tourist attraction,National park,1081452875368957536,Jabiru,AU,0x2cb9d10f23ab6185:0xf0217a90db10660,https://lh3.googleusercontent.com/gps-cs-s/AC9h4noMcRjq8FlUkmVp-XCMovSv9fHV5BRbNWXKKfrhkze23QjQapmDYpWuSq0oqOEfoXT-Q82PqEsslbbJCblydXfu8U-bSEMLRvezvJfec-eU3-hkN8I2kjcRXi4fXtvvCBJiCBIk6A=w408-h306-k-no,False,False,en,0,-13.0922931,132.3937658,Lakshmi Boyapati,,,False,ChIJhWGrIw_RuSwRYAaxDakXAg8,886,,2 months ago,2025-07-21T07:03:10.939Z,,,,,,,Ci9DQUlRQUNvZENodHljRjlvT2t0UE4ySllUR1pQYlMxRFNEWlVhalYwVlZKNlpuYxAB,,,,,,,,,,,,,,,,,,,,,,,,,,,,,,,,,,,,,,,,,,,,,,,,,,,Google,https://www.google.com/maps/reviews/data=!4m8!14m7!1m6!2m5!1sCi9DQUlRQUNvZENodHljRjlvT2t0UE4ySllUR1pQYlMxRFNEWlVhalYwVlZKNlpuYxAB!2m1!1s0x0:0xf0217a90db10660!3m1!1s2@1:CAIQACodChtycF9oOktPN2JYTGZPbS1DSDZUajV0VVJ6Znc%7C%7C?hl=en,105400615924551758329,3,https://lh3.googleusercontent.com/a-/ALV-UjVGgO12dAtVtZzc37n0ckWQw-VwXwHhLO-QXnP01IDJgRfeI_iQnQ=s1920-c-rp-mo-br100,https://www.google.com/maps/contrib/105400615924551758329?hl=en,1508,2025-09-21T15:08:11.430Z,"Direct Detail URL: https://www.google.com/maps/place/Kakadu+National+Park/@-13.0922879,132.3911909,17z/data=!4m8!3m7!1s0x2cb9d10f23ab6185:0xf0217a90db10660!8m2!3d-13.0922931!4d132.3937658!9m1!1b1!16zL20vMHBzZ3M?entry=ttu&g_ep=EgoyMDI1MDkxNy4wIKXMDSoASAFQAw%3D%3D",5,Northern Territory,Kakadu Hwy,False,,,Kakadu National Park,4.4,,https://www.google.com/maps/search/?api=1&query=Kakadu%20National%20Park&query_place_id=ChIJhWGrIw_RuSwRYAaxDakXAg8,,Positive
"Kakadu Hwy, Jabiru NT 0886, Australia",National park,Tourist attraction,National park,1081452875368957536,Jabiru,AU,0x2cb9d10f23ab6185:0xf0217a90db10660,https://lh3.googleusercontent.com/gps-cs-s/AC9h4noMcRjq8FlUkmVp-XCMovSv9fHV5BRbNWXKKfrhkze23QjQapmDYpWuSq0oqOEfoXT-Q82PqEsslbbJCblydXfu8U-bSEMLRvezvJfec-eU3-hkN8I2kjcRXi4fXtvvCBJiCBIk6A=w408-h306-k-no,False,False,en,0,-13.0922931,132.3937658,Dipop saud,,,False,ChIJhWGrIw_RuSwRYAaxDakXAg8,886,,2 months ago,2025-07-20T05:13:36.841Z,,,,,,,Ci9DQUlRQUNvZENodHljRjlvT2xwcmIzTkJSRWxMYmtoS2VHTlhWM04xYVdGSFduYxAB,,,,,,,,,,,,,,,,,,,,,,,,,,,,,,,,,,,,,,,,,,,,,,,,,,,Google,https://www.google.com/maps/reviews/data=!4m8!14m7!1m6!2m5!1sCi9DQUlRQUNvZENodHljRjlvT2xwcmIzTkJSRWxMYmtoS2VHTlhWM04xYVdGSFduYxAB!2m1!1s0x0:0xf0217a90db10660!3m1!1s2@1:CAIQACodChtycF9oOlprb3NBRElLbkhKeGNXV3N1aWFHWnc%7C%7C?hl=en,116444044999377795637,0,https://lh3.googleusercontent.com/a-/ALV-UjUVp3Kyag9lbDjLfalltf8NWUqi1OQVizBW7maii3ikVtEgOCKf=s1920-c-rp-mo-br100,https://www.google.com/maps/contrib/116444044999377795637?hl=en,1508,2025-09-21T15:08:11.430Z,"Direct Detail URL: https://www.google.com/maps/place/Kakadu+National+Park/@-13.0922879,132.3911909,17z/data=!4m8!3m7!1s0x2cb9d10f23ab6185:0xf0217a90db10660!8m2!3d-13.0922931!4d132.3937658!9m1!1b1!16zL20vMHBzZ3M?entry=ttu&g_ep=EgoyMDI1MDkxNy4wIKXMDSoASAFQAw%3D%3D",5,Northern Territory,Kakadu Hwy,False,,,Kakadu National Park,4.4,,https://www.google.com/maps/search/?api=1&query=Kakadu%20National%20Park&query_place_id=ChIJhWGrIw_RuSwRYAaxDakXAg8,,Positive
"Kakadu Hwy, Jabiru NT 0886, Australia",National park,Tourist attraction,National park,1081452875368957536,Jabiru,AU,0x2cb9d10f23ab6185:0xf0217a90db10660,https://lh3.googleusercontent.com/gps-cs-s/AC9h4noMcRjq8FlUkmVp-XCMovSv9fHV5BRbNWXKKfrhkze23QjQapmDYpWuSq0oqOEfoXT-Q82PqEsslbbJCblydXfu8U-bSEMLRvezvJfec-eU3-hkN8I2kjcRXi4fXtvvCBJiCBIk6A=w408-h306-k-no,False,True,en,0,-13.0922931,132.3937658,Shohre Mansouri,,en,False,ChIJhWGrIw_RuSwRYAaxDakXAg8,886,,2 months ago,2025-07-19T00:48:15.761Z,,,,,,,Ci9DQUlRQUNvZENodHljRjlvT2twNVRrbEdNMDFHWVhsdE9XSnFkRGRWV0cxMlpVRRAB,,,,,,,,,,,,,,,,,,,,,,,,,,,,,,,,,,,,,,,,,,,,,,,,,,,Google,https://www.google.com/maps/reviews/data=!4m8!14m7!1m6!2m5!1sCi9DQUlRQUNvZENodHljRjlvT2twNVRrbEdNMDFHWVhsdE9XSnFkRGRWV0cxMlpVRRAB!2m1!1s0x0:0xf0217a90db10660!3m1!1s2@1:CAIQACodChtycF9oOkp5TklGM01GYXltOWJqdDdVWG12ZUE%7C%7C?hl=en,100872471206212157720,48,https://lh3.googleusercontent.com/a-/ALV-UjX_yAerutmmEltlHYec9sO0kA26iV3v7j7w5h-msyEEea5opybO5A=s1920-c-rp-mo-ba4-br100,https://www.google.com/maps/contrib/100872471206212157720?hl=en,1508,2025-09-21T15:08:11.430Z,"Direct Detail URL: https://www.google.com/maps/place/Kakadu+National+Park/@-13.0922879,132.3911909,17z/data=!4m8!3m7!1s0x2cb9d10f23ab6185:0xf0217a90db10660!8m2!3d-13.0922931!4d132.3937658!9m1!1b1!16zL20vMHBzZ3M?entry=ttu&g_ep=EgoyMDI1MDkxNy4wIKXMDSoASAFQAw%3D%3D",5,Northern Territory,Kakadu Hwy,False,Magical place,,Kakadu National Park,4.4,,https://www.google.com/maps/search/?api=1&query=Kakadu%20National%20Park&query_place_id=ChIJhWGrIw_RuSwRYAaxDakXAg8,,Positive
"Kakadu Hwy, Jabiru NT 0886, Australia",National park,Tourist attraction,National park,1081452875368957536,Jabiru,AU,0x2cb9d10f23ab6185:0xf0217a90db10660,https://lh3.googleusercontent.com/gps-cs-s/AC9h4noMcRjq8FlUkmVp-XCMovSv9fHV5BRbNWXKKfrhkze23QjQapmDYpWuSq0oqOEfoXT-Q82PqEsslbbJCblydXfu8U-bSEMLRvezvJfec-eU3-hkN8I2kjcRXi4fXtvvCBJiCBIk6A=w408-h306-k-no,False,True,en,0,-13.0922931,132.3937658,Randy Randy,,en,False,ChIJhWGrIw_RuSwRYAaxDakXAg8,886,,2 months ago,2025-07-18T11:46:37.794Z,,,,,,,Ci9DQUlRQUNvZENodHljRjlvT2tOUlJHUXlTbHBYU2tNM1NrdzVkeko1VFRsYVNsRRAB,,,,,,,,,,,,,,,,,,,,,,,,,,,,,,,,,,,,,,,,,,,,,,,,,,,Google,https://www.google.com/maps/reviews/data=!4m8!14m7!1m6!2m5!1sCi9DQUlRQUNvZENodHljRjlvT2tOUlJHUXlTbHBYU2tNM1NrdzVkeko1VFRsYVNsRRAB!2m1!1s0x0:0xf0217a90db10660!3m1!1s2@1:CAIQACodChtycF9oOkNRRGQySlpXSkM3Skw5dzJ5TTlaSlE%7C%7C?hl=en,100225574745079808076,85,https://lh3.googleusercontent.com/a/ACg8ocIs1w8EPFNqd1p13F1dkRP0yAb1XzMsBc3XSDniMR11nsMe8w=s1920-c-rp-mo-ba3-br100,https://www.google.com/maps/contrib/100225574745079808076?hl=en,1508,2025-09-21T15:08:11.430Z,"Direct Detail URL: https://www.google.com/maps/place/Kakadu+National+Park/@-13.0922879,132.3911909,17z/data=!4m8!3m7!1s0x2cb9d10f23ab6185:0xf0217a90db10660!8m2!3d-13.0922931!4d132.3937658!9m1!1b1!16zL20vMHBzZ3M?entry=ttu&g_ep=EgoyMDI1MDkxNy4wIKXMDSoASAFQAw%3D%3D",5,Northern Territory,Kakadu Hwy,False,Amazing. I hear a lot of it is now closed to the general public but it's still awesome,,Kakadu National Park,4.4,,https://www.google.com/maps/search/?api=1&query=Kakadu%20National%20Park&query_place_id=ChIJhWGrIw_RuSwRYAaxDakXAg8,,Positive
"Kakadu Hwy, Jabiru NT 0886, Australia",National park,Tourist attraction,National park,1081452875368957536,Jabiru,AU,0x2cb9d10f23ab6185:0xf0217a90db10660,https://lh3.googleusercontent.com/gps-cs-s/AC9h4noMcRjq8FlUkmVp-XCMovSv9fHV5BRbNWXKKfrhkze23QjQapmDYpWuSq0oqOEfoXT-Q82PqEsslbbJCblydXfu8U-bSEMLRvezvJfec-eU3-hkN8I2kjcRXi4fXtvvCBJiCBIk6A=w408-h306-k-no,False,True,en,0,-13.0922931,132.3937658,Jeena Berdeprado,,,False,ChIJhWGrIw_RuSwRYAaxDakXAg8,886,,2 months ago,2025-07-16T16:37:50.646Z,,,,,,,Ci9DQUlRQUNvZENodHljRjlvT2s1MVVscGlRM2swU2sxemFVZFNZVVZyVFRSUk0yYxAB,,,,,,,,,,,,,,,,,,,,,,,,,,,,,,,,,,,,,,,,,,,,,,,,,,,Google,https://www.google.com/maps/reviews/data=!4m8!14m7!1m6!2m5!1sCi9DQUlRQUNvZENodHljRjlvT2s1MVVscGlRM2swU2sxemFVZFNZVVZyVFRSUk0yYxAB!2m1!1s0x0:0xf0217a90db10660!3m1!1s2@1:CAIQACodChtycF9oOk51UlpiQ3k0Sk1zaUdSYUVrTTRRM2c%7C%7C?hl=en,108915935952214451430,18,https://lh3.googleusercontent.com/a-/ALV-UjWhHLedPPAn4jMwlcw1kLxSpJUnddRAYFrYr1aiUzZy9OTY0jjptQ=s1920-c-rp-mo-ba3-br100,https://www.google.com/maps/contrib/108915935952214451430?hl=en,1508,2025-09-21T15:08:11.430Z,"Direct Detail URL: https://www.google.com/maps/place/Kakadu+National+Park/@-13.0922879,132.3911909,17z/data=!4m8!3m7!1s0x2cb9d10f23ab6185:0xf0217a90db10660!8m2!3d-13.0922931!4d132.3937658!9m1!1b1!16zL20vMHBzZ3M?entry=ttu&g_ep=EgoyMDI1MDkxNy4wIKXMDSoASAFQAw%3D%3D",5,Northern Territory,Kakadu Hwy,False,,,Kakadu National Park,4.4,,https://www.google.com/maps/search/?api=1&query=Kakadu%20National%20Park&query_place_id=ChIJhWGrIw_RuSwRYAaxDakXAg8,,Positive
"Kakadu Hwy, Jabiru NT 0886, Australia",National park,Tourist attraction,National park,1081452875368957536,Jabiru,AU,0x2cb9d10f23ab6185:0xf0217a90db10660,https://lh3.googleusercontent.com/gps-cs-s/AC9h4noMcRjq8FlUkmVp-XCMovSv9fHV5BRbNWXKKfrhkze23QjQapmDYpWuSq0oqOEfoXT-Q82PqEsslbbJCblydXfu8U-bSEMLRvezvJfec-eU3-hkN8I2kjcRXi4fXtvvCBJiCBIk6A=w408-h306-k-no,False,True,en,0,-13.0922931,132.3937658,Erwin TB,,en,False,ChIJhWGrIw_RuSwRYAaxDakXAg8,886,,2 months ago,2025-07-16T04:30:48.733Z,,,,,,,Ci9DQUlRQUNvZENodHljRjlvT2xSYVMzVXlkM0ozYkhKUmRVVkhaRTF1TUdOTVYxRRAB,,,,,,,,,,,,,,,,,,,,,,,,,,,,,,,,,,,,,,,,,,,,,,,,,,,Google,https://www.google.com/maps/reviews/data=!4m8!14m7!1m6!2m5!1sCi9DQUlRQUNvZENodHljRjlvT2xSYVMzVXlkM0ozYkhKUmRVVkhaRTF1TUdOTVYxRRAB!2m1!1s0x0:0xf0217a90db10660!3m1!1s2@1:CAIQACodChtycF9oOlRaS3Uyd3J3bHJRdUVHZE1uMGNMV1E%7C%7C?hl=en,105382308151712925716,43,https://lh3.googleusercontent.com/a/ACg8ocJI3_219TjfVsqmQDteq8ySqrJsXIOc3wG_DALC3w-U5PEGSg=s1920-c-rp-mo-ba3-br100,https://www.google.com/maps/contrib/105382308151712925716?hl=en,1508,2025-09-21T15:08:11.430Z,"Direct Detail URL: https://www.google.com/maps/place/Kakadu+National+Park/@-13.0922879,132.3911909,17z/data=!4m8!3m7!1s0x2cb9d10f23ab6185:0xf0217a90db10660!8m2!3d-13.0922931!4d132.3937658!9m1!1b1!16zL20vMHBzZ3M?entry=ttu&g_ep=EgoyMDI1MDkxNy4wIKXMDSoASAFQAw%3D%3D",3,Northern Territory,Kakadu Hwy,False,To be honest very disappointed Expected something special for me it wasn’t,,Kakadu National Park,4.4,,https://www.google.com/maps/search/?api=1&query=Kakadu%20National%20Park&query_place_id=ChIJhWGrIw_RuSwRYAaxDakXAg8,,Negative
"Kakadu Hwy, Jabiru NT 0886, Australia",National park,Tourist attraction,National park,1081452875368957536,Jabiru,AU,0x2cb9d10f23ab6185:0xf0217a90db10660,https://lh3.googleusercontent.com/gps-cs-s/AC9h4noMcRjq8FlUkmVp-XCMovSv9fHV5BRbNWXKKfrhkze23QjQapmDYpWuSq0oqOEfoXT-Q82PqEsslbbJCblydXfu8U-bSEMLRvezvJfec-eU3-hkN8I2kjcRXi4fXtvvCBJiCBIk6A=w408-h306-k-no,False,False,en,0,-13.0922931,132.3937658,Stéphanie V.,,fr,False,ChIJhWGrIw_RuSwRYAaxDakXAg8,886,,2 months ago,2025-07-14T04:31:10.631Z,,,,,,,Ci9DQUlRQUNvZENodHljRjlvT2tsa2RVTk5ORU5SZFZaSVFsWlpOa0k1ZWtReGFuYxAB,,,,,,,,,,,,,,,,,,,,,,,,,,,,,,,,,,,,,,,,,,,,,,,,,,,Google,https://www.google.com/maps/reviews/data=!4m8!14m7!1m6!2m5!1sCi9DQUlRQUNvZENodHljRjlvT2tsa2RVTk5ORU5SZFZaSVFsWlpOa0k1ZWtReGFuYxAB!2m1!1s0x0:0xf0217a90db10660!3m1!1s2@1:CAIQACodChtycF9oOklkdUNNNENRdVZIQlZZNkI5ekQxanc%7C%7C?hl=en,100446743675475812082,16,https://lh3.googleusercontent.com/a/ACg8ocKL6h6JSJMTeU46YhYlDAMG-entC3_xz30MpKi-S91R0IUSBg=s1920-c-rp-mo-br100,https://www.google.com/maps/contrib/100446743675475812082?hl=en,1508,2025-09-21T15:08:11.430Z,"Direct Detail URL: https://www.google.com/maps/place/Kakadu+National+Park/@-13.0922879,132.3911909,17z/data=!4m8!3m7!1s0x2cb9d10f23ab6185:0xf0217a90db10660!8m2!3d-13.0922931!4d132.3937658!9m1!1b1!16zL20vMHBzZ3M?entry=ttu&g_ep=EgoyMDI1MDkxNy4wIKXMDSoASAFQAw%3D%3D",5,Northern Territory,Kakadu Hwy,False,Tout simplement un des plus intéressants endroits du monde!,Simply one of the most interesting places in the world!,Kakadu National Park,4.4,en,https://www.google.com/maps/search/?api=1&query=Kakadu%20National%20Park&query_place_id=ChIJhWGrIw_RuSwRYAaxDakXAg8,,Neutral
"Kakadu Hwy, Jabiru NT 0886, Australia",National park,Tourist attraction,National park,1081452875368957536,Jabiru,AU,0x2cb9d10f23ab6185:0xf0217a90db10660,https://lh3.googleusercontent.com/gps-cs-s/AC9h4noMcRjq8FlUkmVp-XCMovSv9fHV5BRbNWXKKfrhkze23QjQapmDYpWuSq0oqOEfoXT-Q82PqEsslbbJCblydXfu8U-bSEMLRvezvJfec-eU3-hkN8I2kjcRXi4fXtvvCBJiCBIk6A=w408-h306-k-no,False,False,en,0,-13.0922931,132.3937658,kathryn mcgill,,en,False,ChIJhWGrIw_RuSwRYAaxDakXAg8,886,,2 months ago,2025-07-11T13:56:15.489Z,,,,,,,Ci9DQUlRQUNvZENodHljRjlvT2kxNk1YZGtUa1Z3WDJJd1drdzVTRFl5Y2xGRVZYYxAB,,,,,,,,,,,,,,,,,,,,,,,,,,,,,,,,,,,,,,,,,,,,,,,,,,,Google,https://www.google.com/maps/reviews/data=!4m8!14m7!1m6!2m5!1sCi9DQUlRQUNvZENodHljRjlvT2kxNk1YZGtUa1Z3WDJJd1drdzVTRFl5Y2xGRVZYYxAB!2m1!1s0x0:0xf0217a90db10660!3m1!1s2@1:CAIQACodChtycF9oOi16MXdkTkVwX2IwWkw5SDYyclFEVXc%7C%7C?hl=en,107893022721359399856,4,https://lh3.googleusercontent.com/a/ACg8ocLfvKwyIErDw7-pqTMMp26-Ubiofj7r9tb1X0tWrx8o5KAMTg=s1920-c-rp-mo-br100,https://www.google.com/maps/contrib/107893022721359399856?hl=en,1508,2025-09-21T15:08:11.430Z,"Direct Detail URL: https://www.google.com/maps/place/Kakadu+National+Park/@-13.0922879,132.3911909,17z/data=!4m8!3m7!1s0x2cb9d10f23ab6185:0xf0217a90db10660!8m2!3d-13.0922931!4d132.3937658!9m1!1b1!16zL20vMHBzZ3M?entry=ttu&g_ep=EgoyMDI1MDkxNy4wIKXMDSoASAFQAw%3D%3D",1,Northern Territory,Kakadu Hwy,False,"Should have read the reviews before wasting time driving out there. Place is just a money grab! There was no signage or any real warning that all the swimming spots and most walking tracks were closed. Even when you book accommodation they don’t bother telling you. It’s a long way to go to end up using a man made swimming pool 😂 Litchfield is 💯 nicer, more user friendly, better sights and swimming and you don’t have to drive half the day to see that something is closed. Kakadu has been hyped up and I don’t even know who started that urban legend but I’m going to hold your hand when I say this “ there are nicer places to visit”!!",,Kakadu National Park,4.4,,https://www.google.com/maps/search/?api=1&query=Kakadu%20National%20Park&query_place_id=ChIJhWGrIw_RuSwRYAaxDakXAg8,,Positive
"Kakadu Hwy, Jabiru NT 0886, Australia",National park,Tourist attraction,National park,1081452875368957536,Jabiru,AU,0x2cb9d10f23ab6185:0xf0217a90db10660,https://lh3.googleusercontent.com/gps-cs-s/AC9h4noMcRjq8FlUkmVp-XCMovSv9fHV5BRbNWXKKfrhkze23QjQapmDYpWuSq0oqOEfoXT-Q82PqEsslbbJCblydXfu8U-bSEMLRvezvJfec-eU3-hkN8I2kjcRXi4fXtvvCBJiCBIk6A=w408-h306-k-no,False,True,en,0,-13.0922931,132.3937658,Beata Seta,,en,False,ChIJhWGrIw_RuSwRYAaxDakXAg8,886,,2 months ago,2025-07-08T11:53:27.725Z,,,,,,,Ci9DQUlRQUNvZENodHljRjlvT2tnMU5WRjZaR1JMTW5Cc1ZqRndWMU51ZWpkbUxYYxAB,https://lh3.googleusercontent.com/geougc-cs/AB3l90D1RHUWPA53URWS0J7kiUHt6lfs_Z9iL6ua23N_-UkNuFmiLw9CSkRWtGQYWFBsozBfGhfH_88Unm_Q20d60u3rInAGMAeDbZUBoNJXNg7Zc1ZxiUitgrpGke-dhLtcehCteCPr9zPCI2Pd,https://lh3.googleusercontent.com/geougc-cs/AB3l90BtIpI3xArGuLFyoVx1BPntEtXu-SetrPXYS9F7tWtNcIpeU6GhuoLIGxmzCHeHNnGVy_FuO9v4KGdjaTIkYuCtgKnqnTmEVEv02QOrnghhn_QpU-r1ptUgs1wUn5XOxacOYmetV-mO-Xw,https://lh3.googleusercontent.com/geougc-cs/AB3l90B1F9fc8irr4gGIakdlSpk9iQz9PKHWkJ7P6d5NvmU_36b1lWPdiSflcITGnpeX5ti7EfKJK2tcf7gwr523ZSm16--n6yeBMBx9e90ZUTOY9EzuDB1Bc59Lpgd0Ylon8f5oE_BQ-p6Un9ep,https://lh3.googleusercontent.com/geougc-cs/AB3l90CGpzC7mY4LaGM-AeMm77nPNqZdC1zET_uyY7RyRmhe57JnN9IxqAR66Um3-XSgDqP3SQraw6XvwfofZAHiHhN6B6K4oTYHf3ExWH0H4y8UEG1OrUyr8hk_EUTJcZzOLz_AFje4Onr7TDWH,https://lh3.googleusercontent.com/geougc-cs/AB3l90BUDUh_QjpoyNqjKXNiHLhrAW5bGSPZXy8UmqnUvd7TFibPPgKJOr-4Nsw9trJuerKu-I-KJBBwfW-MEGRC7Uz9vglQ12Kos-77UE4eFC7HPiZUUc2B0Zw1C6e1O862Suo-LJvXb2B-Ah7S,https://lh3.googleusercontent.com/geougc-cs/AB3l90DoH4uxom8_qUOV57KLVYiK0sWGdGTbH4i63CYWrbC0xLRnthans4nqdtoDYUYJ4qVd3Un5CquYdm6hf-rDPsV19MpPTaahj0uQM6dEJAyYU98s-b4I3zvkXsy1bwPS0qG6SeWFyFkpaAs,https://lh3.googleusercontent.com/geougc-cs/AB3l90C28jZxZALjZGVkQpMfo9vMbkbFokdRWa_CSWDcpR3UqsWwBOLnJ2QNM5ViUTUZZeQQ4jWkKmkVYEsCr_MFMUNTzOWt9rL-emnZYWMOBLqzupV4DcjupJMc4ZkZBvG8tec0ZG9AtpwgLCES,,,,,,,,,,,,,,,,,,,,,,,,,,,,,,,,,,,,,,,,,,,,Google,https://www.google.com/maps/reviews/data=!4m8!14m7!1m6!2m5!1sCi9DQUlRQUNvZENodHljRjlvT2tnMU5WRjZaR1JMTW5Cc1ZqRndWMU51ZWpkbUxYYxAB!2m1!1s0x0:0xf0217a90db10660!3m1!1s2@1:CAIQACodChtycF9oOkg1NVF6ZGRLMnBsVjFwV1NuejdmLXc%7C%7C?hl=en,111165569459677269850,106,https://lh3.googleusercontent.com/a/ACg8ocIjabmsch8Z9RcZwNeI1WPjxi9s7vvhXKOYwvvEzmjd-v20PQ=s1920-c-rp-mo-ba4-br100,https://www.google.com/maps/contrib/111165569459677269850?hl=en,1508,2025-09-21T15:08:11.430Z,"Direct Detail URL: https://www.google.com/maps/place/Kakadu+National+Park/@-13.0922879,132.3911909,17z/data=!4m8!3m7!1s0x2cb9d10f23ab6185:0xf0217a90db10660!8m2!3d-13.0922931!4d132.3937658!9m1!1b1!16zL20vMHBzZ3M?entry=ttu&g_ep=EgoyMDI1MDkxNy4wIKXMDSoASAFQAw%3D%3D",5,Northern Territory,Kakadu Hwy,False,Great,,Kakadu National Park,4.4,,https://www.google.com/maps/search/?api=1&query=Kakadu%20National%20Park&query_place_id=ChIJhWGrIw_RuSwRYAaxDakXAg8,,Positive
"Kakadu Hwy, Jabiru NT 0886, Australia",National park,Tourist attraction,National park,1081452875368957536,Jabiru,AU,0x2cb9d10f23ab6185:0xf0217a90db10660,https://lh3.googleusercontent.com/gps-cs-s/AC9h4noMcRjq8FlUkmVp-XCMovSv9fHV5BRbNWXKKfrhkze23QjQapmDYpWuSq0oqOEfoXT-Q82PqEsslbbJCblydXfu8U-bSEMLRvezvJfec-eU3-hkN8I2kjcRXi4fXtvvCBJiCBIk6A=w408-h306-k-no,False,True,en,0,-13.0922931,132.3937658,Terry Veling,,en,False,ChIJhWGrIw_RuSwRYAaxDakXAg8,886,,2 months ago,2025-07-08T00:57:23.802Z,,,,,,,Ci9DQUlRQUNvZENodHljRjlvT2kxbFZUVmtMWGw1TUZCMFEwdEdiVTg1WW5OT2MyYxAB,,,,,,,,,,,,,,,,,,,,,,,,,,,,,,,,,,,,,,,,,,,,,,,,,,,Google,https://www.google.com/maps/reviews/data=!4m8!14m7!1m6!2m5!1sCi9DQUlRQUNvZENodHljRjlvT2kxbFZUVmtMWGw1TUZCMFEwdEdiVTg1WW5OT2MyYxAB!2m1!1s0x0:0xf0217a90db10660!3m1!1s2@1:CAIQACodChtycF9oOi1lVTVkLXl5MFB0Q0tGbU85YnNOc2c%7C%7C?hl=en,115390392501353663298,45,https://lh3.googleusercontent.com/a-/ALV-UjXEMEBCfGqTJVd-zotIZHvKJ8TF-dsUf55hX93NgwyHZ7wrUSM=s1920-c-rp-mo-ba3-br100,https://www.google.com/maps/contrib/115390392501353663298?hl=en,1508,2025-09-21T15:08:11.430Z,"Direct Detail URL: https://www.google.com/maps/place/Kakadu+National+Park/@-13.0922879,132.3911909,17z/data=!4m8!3m7!1s0x2cb9d10f23ab6185:0xf0217a90db10660!8m2!3d-13.0922931!4d132.3937658!9m1!1b1!16zL20vMHBzZ3M?entry=ttu&g_ep=EgoyMDI1MDkxNy4wIKXMDSoASAFQAw%3D%3D",3,Northern Territory,Kakadu Hwy,False,"When you buy a Park pass, check to see what parts of the park are open. Many of the major sections and billabongs were closed during our visit. It was a bit frustrating not knowing this information when we purchased our pass online.",,Kakadu National Park,4.4,,https://www.google.com/maps/search/?api=1&query=Kakadu%20National%20Park&query_place_id=ChIJhWGrIw_RuSwRYAaxDakXAg8,,Positive
"Kakadu Hwy, Jabiru NT 0886, Australia",National park,Tourist attraction,National park,1081452875368957536,Jabiru,AU,0x2cb9d10f23ab6185:0xf0217a90db10660,https://lh3.googleusercontent.com/gps-cs-s/AC9h4noMcRjq8FlUkmVp-XCMovSv9fHV5BRbNWXKKfrhkze23QjQapmDYpWuSq0oqOEfoXT-Q82PqEsslbbJCblydXfu8U-bSEMLRvezvJfec-eU3-hkN8I2kjcRXi4fXtvvCBJiCBIk6A=w408-h306-k-no,False,True,en,0,-13.0922931,132.3937658,Lynne Philp,,en,False,ChIJhWGrIw_RuSwRYAaxDakXAg8,886,,2 months ago,2025-07-06T06:40:03.032Z,,,,,,,Ci9DQUlRQUNvZENodHljRjlvT25rMk5HWkRiVzB5U25Gbk9HdFBaVGw2V1RNME5YYxAB,,,,,,,,,,,,,,,,,,,,,,,,,,,,,,,,,,,,,,,,,,,,,,,,,,,Google,https://www.google.com/maps/reviews/data=!4m8!14m7!1m6!2m5!1sCi9DQUlRQUNvZENodHljRjlvT25rMk5HWkRiVzB5U25Gbk9HdFBaVGw2V1RNME5YYxAB!2m1!1s0x0:0xf0217a90db10660!3m1!1s2@1:CAIQACodChtycF9oOnk2NGZDbW0ySnFnOGtPZTl6WTM0NXc%7C%7C?hl=en,117116251046607288388,107,https://lh3.googleusercontent.com/a/ACg8ocJgR_q7gsQNYvjjPzH-SzcCANxH1-idQkdWe34THUzxVr-0nQ=s1920-c-rp-mo-ba4-br100,https://www.google.com/maps/contrib/117116251046607288388?hl=en,1508,2025-09-21T15:08:11.430Z,"Direct Detail URL: https://www.google.com/maps/place/Kakadu+National+Park/@-13.0922879,132.3911909,17z/data=!4m8!3m7!1s0x2cb9d10f23ab6185:0xf0217a90db10660!8m2!3d-13.0922931!4d132.3937658!9m1!1b1!16zL20vMHBzZ3M?entry=ttu&g_ep=EgoyMDI1MDkxNy4wIKXMDSoASAFQAw%3D%3D",5,Northern Territory,Kakadu Hwy,False,Always worth a visit. Although very busy during school holidays.,,Kakadu National Park,4.4,,https://www.google.com/maps/search/?api=1&query=Kakadu%20National%20Park&query_place_id=ChIJhWGrIw_RuSwRYAaxDakXAg8,,Positive
"Kakadu Hwy, Jabiru NT 0886, Australia",National park,Tourist attraction,National park,1081452875368957536,Jabiru,AU,0x2cb9d10f23ab6185:0xf0217a90db10660,https://lh3.googleusercontent.com/gps-cs-s/AC9h4noMcRjq8FlUkmVp-XCMovSv9fHV5BRbNWXKKfrhkze23QjQapmDYpWuSq0oqOEfoXT-Q82PqEsslbbJCblydXfu8U-bSEMLRvezvJfec-eU3-hkN8I2kjcRXi4fXtvvCBJiCBIk6A=w408-h306-k-no,False,True,en,0,-13.0922931,132.3937658,Jack Mower,,en,False,ChIJhWGrIw_RuSwRYAaxDakXAg8,886,,2 months ago,2025-06-26T06:44:10.734Z,,,,,,,Ci9DQUlRQUNvZENodHljRjlvT21KM1ZETmxYME5KUkVjd0xYaGZha2QyY2tOcFNtYxAB,https://lh3.googleusercontent.com/geougc-cs/AB3l90DVpqAfVtSvBcc6bU_J-plOY641bVDYY-LvrQiuTPKS-PxaFhJPzsXZXHeKMGTqMY_7n_Egd9-NgsglP5s5L1jEKdumeMNAYoSEVmSI2EKt9q1KE4QptjIveEnjw69IFn8PHYZ1Yzxi-rPn,https://lh3.googleusercontent.com/geougc-cs/AB3l90BJ5KOgZcTjwav59JrB9nislaRNtNzmYd0k3K45c2h3o_YN6Fhj5CRVKCPEc2v7EYFeSy5DTU0pXeyV1x4lf9tMrza91ybPFmaEU3bgYUwPkBJfxNg8RLSHulNQj4tMBZ9O9Sy72ngF2kFU,https://lh3.googleusercontent.com/geougc-cs/AB3l90BsjNL_i-BaPrNwUs1sSO1-YBCKvZmz96kl9hjPQH7XKwCtiCIaulw5tHd3M13RpsbffUCRnaEympxacVcEvY8I1NINb-l2u7L2oIpybd8DmInzxvu_WtdBy4VoUNfS4RIjOM1xscGEE-o,https://lh3.googleusercontent.com/geougc-cs/AB3l90AvlxnlBGntKiAwKLSKKQDi9UP-2PvgL_5HcN45JWczUQeSYDRXtyR-N9AwYYta4Ku6tpAuyDmJtGmIiFGJHnsGJP9iPUjxUb1krczLvtI3SSjQAZydPShAlzE5QXic-v_E1py8F8qyEKy9,https://lh3.googleusercontent.com/geougc-cs/AB3l90B0vZhXZ6-KOJPR7rY02VWRBT0PLuasAZLN2WdCXp7DbfZLsSJXL5Ypkw0oREWK5hwBxvKolw5u2-06JHsSbDwc7LfqMVH6y1hBsm2hCJ7rKF2Xgi2hSCs18tmdufSxTFw0VZRvHObWuWE,https://lh3.googleusercontent.com/geougc-cs/AB3l90AAepAL3_gT3N9-bTmXUl12Tyjh2guCVrMsXrfHyo0dG-RlbiFsXZ8ilT7V6jZD9d3EyPu30EqUvS_NRvARbhFLGSme5jm9Op093bJI3nhE9UgfDwf_ddnX7el38Suilq1lEReIM3-H52b_,,,,,,,,,,,,,,,,,,,,,,,,,,,,,,,,,,,,,,,,,,,,,Google,https://www.google.com/maps/reviews/data=!4m8!14m7!1m6!2m5!1sCi9DQUlRQUNvZENodHljRjlvT21KM1ZETmxYME5KUkVjd0xYaGZha2QyY2tOcFNtYxAB!2m1!1s0x0:0xf0217a90db10660!3m1!1s2@1:CAIQACodChtycF9oOmJ3VDNlX0NJREcwLXhfakd2ckNpSmc%7C%7C?hl=en,100021756899067503039,26,https://lh3.googleusercontent.com/a-/ALV-UjVMaWcqqIoBROiFh9J2DLDSRLEKLoaYQdhqswYdBT9IgnJslg8B6w=s1920-c-rp-mo-ba3-br100,https://www.google.com/maps/contrib/100021756899067503039?hl=en,1508,2025-09-21T15:08:11.430Z,"Direct Detail URL: https://www.google.com/maps/place/Kakadu+National+Park/@-13.0922879,132.3911909,17z/data=!4m8!3m7!1s0x2cb9d10f23ab6185:0xf0217a90db10660!8m2!3d-13.0922931!4d132.3937658!9m1!1b1!16zL20vMHBzZ3M?entry=ttu&g_ep=EgoyMDI1MDkxNy4wIKXMDSoASAFQAw%3D%3D",5,Northern Territory,Kakadu Hwy,False,I explored Kakadu on a day trip from Darwin with Autopia tours. Our guide Aaron was super knowledgeable and gave loads of information on the rock art and some of the specious of wildlife we saw along the way. The park itself is stunning and you must go to the top of the viewpoint to take it all in.,,Kakadu National Park,4.4,,https://www.google.com/maps/search/?api=1&query=Kakadu%20National%20Park&query_place_id=ChIJhWGrIw_RuSwRYAaxDakXAg8,,Positive
"Kakadu Hwy, Jabiru NT 0886, Australia",National park,Tourist attraction,National park,1081452875368957536,Jabiru,AU,0x2cb9d10f23ab6185:0xf0217a90db10660,https://lh3.googleusercontent.com/gps-cs-s/AC9h4noMcRjq8FlUkmVp-XCMovSv9fHV5BRbNWXKKfrhkze23QjQapmDYpWuSq0oqOEfoXT-Q82PqEsslbbJCblydXfu8U-bSEMLRvezvJfec-eU3-hkN8I2kjcRXi4fXtvvCBJiCBIk6A=w408-h306-k-no,False,True,en,0,-13.0922931,132.3937658,John Baxter,,,False,ChIJhWGrIw_RuSwRYAaxDakXAg8,886,,2 months ago,2025-06-25T04:55:23.796Z,,,,,,,Ci9DQUlRQUNvZENodHljRjlvT2xKTmJVaHNVMWhWV205VWJteHBaeTF2U2xacmNVRRAB,,,,,,,,,,,,,,,,,,,,,,,,,,,,,,,,,,,,,,,,,,,,,,,,,,,Google,https://www.google.com/maps/reviews/data=!4m8!14m7!1m6!2m5!1sCi9DQUlRQUNvZENodHljRjlvT2xKTmJVaHNVMWhWV205VWJteHBaeTF2U2xacmNVRRAB!2m1!1s0x0:0xf0217a90db10660!3m1!1s2@1:CAIQACodChtycF9oOlJNbUhsU1hVWm9UbmxpZy1vSlZrcUE%7C%7C?hl=en,103327677280165324331,54,https://lh3.googleusercontent.com/a/ACg8ocK7ebMmvD0uxaLAsIiCuLNNAzFga-hyGrj82Q9O6D1TUtHYnw=s1920-c-rp-mo-ba3-br100,https://www.google.com/maps/contrib/103327677280165324331?hl=en,1508,2025-09-21T15:08:11.430Z,"Direct Detail URL: https://www.google.com/maps/place/Kakadu+National+Park/@-13.0922879,132.3911909,17z/data=!4m8!3m7!1s0x2cb9d10f23ab6185:0xf0217a90db10660!8m2!3d-13.0922931!4d132.3937658!9m1!1b1!16zL20vMHBzZ3M?entry=ttu&g_ep=EgoyMDI1MDkxNy4wIKXMDSoASAFQAw%3D%3D",5,Northern Territory,Kakadu Hwy,False,,,Kakadu National Park,4.4,,https://www.google.com/maps/search/?api=1&query=Kakadu%20National%20Park&query_place_id=ChIJhWGrIw_RuSwRYAaxDakXAg8,,Positive
"Kakadu Hwy, Jabiru NT 0886, Australia",National park,Tourist attraction,National park,1081452875368957536,Jabiru,AU,0x2cb9d10f23ab6185:0xf0217a90db10660,https://lh3.googleusercontent.com/gps-cs-s/AC9h4noMcRjq8FlUkmVp-XCMovSv9fHV5BRbNWXKKfrhkze23QjQapmDYpWuSq0oqOEfoXT-Q82PqEsslbbJCblydXfu8U-bSEMLRvezvJfec-eU3-hkN8I2kjcRXi4fXtvvCBJiCBIk6A=w408-h306-k-no,False,True,en,0,-13.0922931,132.3937658,Mary Brown,,en,False,ChIJhWGrIw_RuSwRYAaxDakXAg8,886,,2 months ago,2025-06-22T04:41:26.920Z,,,,,,,Ci9DQUlRQUNvZENodHljRjlvT2pVeFIwdzRRVkJUYXpKVVZHaFVhRTUyWVhBMGEyYxAB,,,,,,,,,,,,,,,,,,,,,,,,,,,,,,,,,,,,,,,,,,,,,,,,,,,Google,https://www.google.com/maps/reviews/data=!4m8!14m7!1m6!2m5!1sCi9DQUlRQUNvZENodHljRjlvT2pVeFIwdzRRVkJUYXpKVVZHaFVhRTUyWVhBMGEyYxAB!2m1!1s0x0:0xf0217a90db10660!3m1!1s2@1:CAIQACodChtycF9oOjUxR0w4QVBTazJUVGhUaE52YXA0a2c%7C%7C?hl=en,113535451604271105084,53,https://lh3.googleusercontent.com/a/ACg8ocL5yXuM_5GWUphOAiY0jVsbVRq1NKkPimxlTFicpi2qnm1dbQ=s1920-c-rp-mo-ba3-br100,https://www.google.com/maps/contrib/113535451604271105084?hl=en,1508,2025-09-21T15:08:11.430Z,"Direct Detail URL: https://www.google.com/maps/place/Kakadu+National+Park/@-13.0922879,132.3911909,17z/data=!4m8!3m7!1s0x2cb9d10f23ab6185:0xf0217a90db10660!8m2!3d-13.0922931!4d132.3937658!9m1!1b1!16zL20vMHBzZ3M?entry=ttu&g_ep=EgoyMDI1MDkxNy4wIKXMDSoASAFQAw%3D%3D",3,Northern Territory,Kakadu Hwy,False,"So sad so many places in kakadu are closed. We came a long way to experience this beautiful place, have to just dream about it. Enjoying camping anyway",,Kakadu National Park,4.4,,https://www.google.com/maps/search/?api=1&query=Kakadu%20National%20Park&query_place_id=ChIJhWGrIw_RuSwRYAaxDakXAg8,,Positive
"Kakadu Hwy, Jabiru NT 0886, Australia",National park,Tourist attraction,National park,1081452875368957536,Jabiru,AU,0x2cb9d10f23ab6185:0xf0217a90db10660,https://lh3.googleusercontent.com/gps-cs-s/AC9h4noMcRjq8FlUkmVp-XCMovSv9fHV5BRbNWXKKfrhkze23QjQapmDYpWuSq0oqOEfoXT-Q82PqEsslbbJCblydXfu8U-bSEMLRvezvJfec-eU3-hkN8I2kjcRXi4fXtvvCBJiCBIk6A=w408-h306-k-no,False,False,en,0,-13.0922931,132.3937658,Mansfield Mkuchamano,,,False,ChIJhWGrIw_RuSwRYAaxDakXAg8,886,,3 months ago,2025-06-20T08:09:45.526Z,,,,,,,Ci9DQUlRQUNvZENodHljRjlvT2tsaWFHbGpWMFpMU2s5SmQyWmZTVjlYTkZZelMzYxAB,https://lh3.googleusercontent.com/geougc-cs/AB3l90DFj7xyDnKJjfz7LCz0dk1xB_xS23Wa-ZBH0AW4XXsjIvAXQ2buPWJuSEhWo1YXNcdxh40paIC9IeH1jf-26nfdVVtRChqF_ksjTuY83noMNO89C-aK_QXzG5OnL-2MHwdMM-S7lxdhYzi2,,,,,,,,,,,,,,,,,,,,,,,,,,,,,,,,,,,,,,,,,,,,,,,,,,Google,https://www.google.com/maps/reviews/data=!4m8!14m7!1m6!2m5!1sCi9DQUlRQUNvZENodHljRjlvT2tsaWFHbGpWMFpMU2s5SmQyWmZTVjlYTkZZelMzYxAB!2m1!1s0x0:0xf0217a90db10660!3m1!1s2@1:CAIQACodChtycF9oOkliaGljV0ZLSk9Jd2ZfSV9XNFYzS3c%7C%7C?hl=en,103413736516916962223,7,https://lh3.googleusercontent.com/a-/ALV-UjWOvhlIILKpfBU1Mr_aVTfptnNXyYBLXdIBnGoSOPbo-ZAYG2k=s1920-c-rp-mo-br100,https://www.google.com/maps/contrib/103413736516916962223?hl=en,1508,2025-09-21T15:08:11.430Z,"Direct Detail URL: https://www.google.com/maps/place/Kakadu+National+Park/@-13.0922879,132.3911909,17z/data=!4m8!3m7!1s0x2cb9d10f23ab6185:0xf0217a90db10660!8m2!3d-13.0922931!4d132.3937658!9m1!1b1!16zL20vMHBzZ3M?entry=ttu&g_ep=EgoyMDI1MDkxNy4wIKXMDSoASAFQAw%3D%3D",5,Northern Territory,Kakadu Hwy,False,,,Kakadu National Park,4.4,,https://www.google.com/maps/search/?api=1&query=Kakadu%20National%20Park&query_place_id=ChIJhWGrIw_RuSwRYAaxDakXAg8,,Positive
"Kakadu Hwy, Jabiru NT 0886, Australia",National park,Tourist attraction,National park,1081452875368957536,Jabiru,AU,0x2cb9d10f23ab6185:0xf0217a90db10660,https://lh3.googleusercontent.com/gps-cs-s/AC9h4noMcRjq8FlUkmVp-XCMovSv9fHV5BRbNWXKKfrhkze23QjQapmDYpWuSq0oqOEfoXT-Q82PqEsslbbJCblydXfu8U-bSEMLRvezvJfec-eU3-hkN8I2kjcRXi4fXtvvCBJiCBIk6A=w408-h306-k-no,False,False,en,0,-13.0922931,132.3937658,Diane Sherwood,,en,False,ChIJhWGrIw_RuSwRYAaxDakXAg8,886,,3 months ago,2025-06-20T01:08:09.611Z,,,,,,,Ci9DQUlRQUNvZENodHljRjlvT2pGUmJFNW1iV3BvY2sxbFpYSnRkMjl3WmtOdFNIYxAB,,,,,,,,,,,,,,,,,,,,,,,,,,,,,,,,,,,,,,,,,,,,,,,,,,,Google,https://www.google.com/maps/reviews/data=!4m8!14m7!1m6!2m5!1sCi9DQUlRQUNvZENodHljRjlvT2pGUmJFNW1iV3BvY2sxbFpYSnRkMjl3WmtOdFNIYxAB!2m1!1s0x0:0xf0217a90db10660!3m1!1s2@1:CAIQACodChtycF9oOjFRbE5mbWpock1lZXJtd29wZkNtSHc%7C%7C?hl=en,100142160863290535780,9,https://lh3.googleusercontent.com/a/ACg8ocLMa0RbfCTeBLYly063-gOpm_dZwGhXluw3cA40FgMidNyDsQ=s1920-c-rp-mo-br100,https://www.google.com/maps/contrib/100142160863290535780?hl=en,1508,2025-09-21T15:08:11.430Z,"Direct Detail URL: https://www.google.com/maps/place/Kakadu+National+Park/@-13.0922879,132.3911909,17z/data=!4m8!3m7!1s0x2cb9d10f23ab6185:0xf0217a90db10660!8m2!3d-13.0922931!4d132.3937658!9m1!1b1!16zL20vMHBzZ3M?entry=ttu&g_ep=EgoyMDI1MDkxNy4wIKXMDSoASAFQAw%3D%3D",2,Northern Territory,Kakadu Hwy,False,Very disappointing to discover on arrival that most of the Kakadu highlights are closed. It is the middle of the dry and we can't visit any waterfalls. When you buy your expensive parks pass on line you should be told that these places are closed. Should be renamed Kakadon't.,,Kakadu National Park,4.4,,https://www.google.com/maps/search/?api=1&query=Kakadu%20National%20Park&query_place_id=ChIJhWGrIw_RuSwRYAaxDakXAg8,,Negative
"Kakadu Hwy, Jabiru NT 0886, Australia",National park,Tourist attraction,National park,1081452875368957536,Jabiru,AU,0x2cb9d10f23ab6185:0xf0217a90db10660,https://lh3.googleusercontent.com/gps-cs-s/AC9h4noMcRjq8FlUkmVp-XCMovSv9fHV5BRbNWXKKfrhkze23QjQapmDYpWuSq0oqOEfoXT-Q82PqEsslbbJCblydXfu8U-bSEMLRvezvJfec-eU3-hkN8I2kjcRXi4fXtvvCBJiCBIk6A=w408-h306-k-no,False,True,en,0,-13.0922931,132.3937658,Sarina Haynitzsch,,en,False,ChIJhWGrIw_RuSwRYAaxDakXAg8,886,,3 months ago,2025-06-20T00:39:28.751Z,,,,,,,Ci9DQUlRQUNvZENodHljRjlvT2pGRE1rZFlVazV6WTBock5VOUdkMU5mU0U1QlVHYxAB,,,,,,,,,,,,,,,,,,,,,,,,,,,,,,,,,,,,,,,,,,,,,,,,,,,Google,https://www.google.com/maps/reviews/data=!4m8!14m7!1m6!2m5!1sCi9DQUlRQUNvZENodHljRjlvT2pGRE1rZFlVazV6WTBock5VOUdkMU5mU0U1QlVHYxAB!2m1!1s0x0:0xf0217a90db10660!3m1!1s2@1:CAIQACodChtycF9oOjFDMkdYUk5zY0hrNU9Gd1NfSE5BUGc%7C%7C?hl=en,108216115848245338317,6,https://lh3.googleusercontent.com/a/ACg8ocJC-BsvQbhn6SN2NayYIpdZmacNq4cYiJlKStIDIv8y1iZMZg=s1920-c-rp-mo-ba2-br100,https://www.google.com/maps/contrib/108216115848245338317?hl=en,1508,2025-09-21T15:08:11.430Z,"Direct Detail URL: https://www.google.com/maps/place/Kakadu+National+Park/@-13.0922879,132.3911909,17z/data=!4m8!3m7!1s0x2cb9d10f23ab6185:0xf0217a90db10660!8m2!3d-13.0922931!4d132.3937658!9m1!1b1!16zL20vMHBzZ3M?entry=ttu&g_ep=EgoyMDI1MDkxNy4wIKXMDSoASAFQAw%3D%3D",1,Northern Territory,Kakadu Hwy,False,"Do not purchase a park pass before going to a visitor center! We did by a week ticket for two adults before entering, cause everywhere where signs that you should, only to figure out shortly after in one of the visitor centers that all waterfalls and gorges are closed, even though it is late june in the middle of the dry season! Also we've got told at the visitor center that it is  fine if you enter the park without a park pass, as long as you by one once you've got all the information to plan your stay and than by one directly in the visitor center!
We wouldn't have bought a week pass if we would have known that that much is closed! An information sign in front of the park entrance or an up to date website with park information would help!
If you aren't able to maintain the roads just keep the park closed. But it is definetly not right to charge the full price if there is that less to do!",,Kakadu National Park,4.4,,https://www.google.com/maps/search/?api=1&query=Kakadu%20National%20Park&query_place_id=ChIJhWGrIw_RuSwRYAaxDakXAg8,,Negative
"Kakadu Hwy, Jabiru NT 0886, Australia",National park,Tourist attraction,National park,1081452875368957536,Jabiru,AU,0x2cb9d10f23ab6185:0xf0217a90db10660,https://lh3.googleusercontent.com/gps-cs-s/AC9h4noMcRjq8FlUkmVp-XCMovSv9fHV5BRbNWXKKfrhkze23QjQapmDYpWuSq0oqOEfoXT-Q82PqEsslbbJCblydXfu8U-bSEMLRvezvJfec-eU3-hkN8I2kjcRXi4fXtvvCBJiCBIk6A=w408-h306-k-no,False,True,en,0,-13.0922931,132.3937658,Harald,,de,False,ChIJhWGrIw_RuSwRYAaxDakXAg8,886,,3 months ago,2025-06-17T10:41:13.452Z,,,,,,,Ci9DQUlRQUNvZENodHljRjlvT2pNMmFEVkhaakJOVUVOQ1lURjNXVGxHUVU4MlYyYxAB,,,,,,,,,,,,,,,,,,,,,,,,,,,,,,,,,,,,,,,,,,,,,,,,,,,Google,https://www.google.com/maps/reviews/data=!4m8!14m7!1m6!2m5!1sCi9DQUlRQUNvZENodHljRjlvT2pNMmFEVkhaakJOVUVOQ1lURjNXVGxHUVU4MlYyYxAB!2m1!1s0x0:0xf0217a90db10660!3m1!1s2@1:CAIQACodChtycF9oOjM2aDVHZjBNUENCYTF3WTlGQU82V2c%7C%7C?hl=en,109963708828735271605,177,https://lh3.googleusercontent.com/a-/ALV-UjUQTrF7Yy9qOfeNvInGdutTKjAt7GoBO7JHr-1LL5jz5xFd4RpY=s1920-c-rp-mo-ba5-br100,https://www.google.com/maps/contrib/109963708828735271605?hl=en,1508,2025-09-21T15:08:11.430Z,"Direct Detail URL: https://www.google.com/maps/place/Kakadu+National+Park/@-13.0922879,132.3911909,17z/data=!4m8!3m7!1s0x2cb9d10f23ab6185:0xf0217a90db10660!8m2!3d-13.0922931!4d132.3937658!9m1!1b1!16zL20vMHBzZ3M?entry=ttu&g_ep=EgoyMDI1MDkxNy4wIKXMDSoASAFQAw%3D%3D",5,Northern Territory,Kakadu Hwy,False,Eine Reise wert,Worth a trip,Kakadu National Park,4.4,en,https://www.google.com/maps/search/?api=1&query=Kakadu%20National%20Park&query_place_id=ChIJhWGrIw_RuSwRYAaxDakXAg8,,Neutral
"Kakadu Hwy, Jabiru NT 0886, Australia",National park,Tourist attraction,National park,1081452875368957536,Jabiru,AU,0x2cb9d10f23ab6185:0xf0217a90db10660,https://lh3.googleusercontent.com/gps-cs-s/AC9h4noMcRjq8FlUkmVp-XCMovSv9fHV5BRbNWXKKfrhkze23QjQapmDYpWuSq0oqOEfoXT-Q82PqEsslbbJCblydXfu8U-bSEMLRvezvJfec-eU3-hkN8I2kjcRXi4fXtvvCBJiCBIk6A=w408-h306-k-no,False,True,en,0,-13.0922931,132.3937658,Aaron Pendlebury,,,False,ChIJhWGrIw_RuSwRYAaxDakXAg8,886,,3 months ago,2025-06-12T08:45:09.088Z,,,,,,,Ci9DQUlRQUNvZENodHljRjlvT2xaS01FNHpXRTR6TTA1QlZGb3hSVlV6UlRWNldHYxAB,,,,,,,,,,,,,,,,,,,,,,,,,,,,,,,,,,,,,,,,,,,,,,,,,,,Google,https://www.google.com/maps/reviews/data=!4m8!14m7!1m6!2m5!1sCi9DQUlRQUNvZENodHljRjlvT2xaS01FNHpXRTR6TTA1QlZGb3hSVlV6UlRWNldHYxAB!2m1!1s0x0:0xf0217a90db10660!3m1!1s2@1:CAIQACodChtycF9oOlZKME4zWE4zM05BVFoxRVUzRTV6WGc%7C%7C?hl=en,113138667261633986998,12,https://lh3.googleusercontent.com/a/ACg8ocJs5QW9xbYiWlsVHwt2QGKhPFcuhAPKX3-xLlhCVozXItNNTA=s1920-c-rp-mo-ba2-br100,https://www.google.com/maps/contrib/113138667261633986998?hl=en,1508,2025-09-21T15:08:11.430Z,"Direct Detail URL: https://www.google.com/maps/place/Kakadu+National+Park/@-13.0922879,132.3911909,17z/data=!4m8!3m7!1s0x2cb9d10f23ab6185:0xf0217a90db10660!8m2!3d-13.0922931!4d132.3937658!9m1!1b1!16zL20vMHBzZ3M?entry=ttu&g_ep=EgoyMDI1MDkxNy4wIKXMDSoASAFQAw%3D%3D",5,Northern Territory,Kakadu Hwy,False,,,Kakadu National Park,4.4,,https://www.google.com/maps/search/?api=1&query=Kakadu%20National%20Park&query_place_id=ChIJhWGrIw_RuSwRYAaxDakXAg8,,Positive
"Kakadu Hwy, Jabiru NT 0886, Australia",National park,Tourist attraction,National park,1081452875368957536,Jabiru,AU,0x2cb9d10f23ab6185:0xf0217a90db10660,https://lh3.googleusercontent.com/gps-cs-s/AC9h4noMcRjq8FlUkmVp-XCMovSv9fHV5BRbNWXKKfrhkze23QjQapmDYpWuSq0oqOEfoXT-Q82PqEsslbbJCblydXfu8U-bSEMLRvezvJfec-eU3-hkN8I2kjcRXi4fXtvvCBJiCBIk6A=w408-h306-k-no,False,False,en,0,-13.0922931,132.3937658,Ed Murphy,,en,False,ChIJhWGrIw_RuSwRYAaxDakXAg8,886,,3 months ago,2025-06-04T17:52:32.566Z,,,,,,,ChdDSUhNMG9nS0VQSDZ4dXlGXzZHVTZ3RRAB,,,,,,,,,,,,,,,,,,,,,,,,,,,,,,,,,,,,,,,,,,,,,,,,,,,Google,https://www.google.com/maps/reviews/data=!4m8!14m7!1m6!2m5!1sChdDSUhNMG9nS0VQSDZ4dXlGXzZHVTZ3RRAB!2m1!1s0x0:0xf0217a90db10660!3m1!1s2@1:CIHM0ogKEPH6xuyF_6GU6wE%7C%7C?hl=en,116001377606036116581,5,https://lh3.googleusercontent.com/a/ACg8ocLXBL3nIK4E9vE0CAWkOswRyaqu-6UhtftJGgTlUKzRT9WoYw=s1920-c-rp-mo-br100,https://www.google.com/maps/contrib/116001377606036116581?hl=en,1508,2025-09-21T15:08:11.430Z,"Direct Detail URL: https://www.google.com/maps/place/Kakadu+National+Park/@-13.0922879,132.3911909,17z/data=!4m8!3m7!1s0x2cb9d10f23ab6185:0xf0217a90db10660!8m2!3d-13.0922931!4d132.3937658!9m1!1b1!16zL20vMHBzZ3M?entry=ttu&g_ep=EgoyMDI1MDkxNy4wIKXMDSoASAFQAw%3D%3D",2,Northern Territory,Kakadu Hwy,False,Too far!,,Kakadu National Park,4.4,,https://www.google.com/maps/search/?api=1&query=Kakadu%20National%20Park&query_place_id=ChIJhWGrIw_RuSwRYAaxDakXAg8,,Positive
"Kakadu Hwy, Jabiru NT 0886, Australia",National park,Tourist attraction,National park,1081452875368957536,Jabiru,AU,0x2cb9d10f23ab6185:0xf0217a90db10660,https://lh3.googleusercontent.com/gps-cs-s/AC9h4noMcRjq8FlUkmVp-XCMovSv9fHV5BRbNWXKKfrhkze23QjQapmDYpWuSq0oqOEfoXT-Q82PqEsslbbJCblydXfu8U-bSEMLRvezvJfec-eU3-hkN8I2kjcRXi4fXtvvCBJiCBIk6A=w408-h306-k-no,False,True,en,0,-13.0922931,132.3937658,Kökény Zsófia,,en,False,ChIJhWGrIw_RuSwRYAaxDakXAg8,886,,3 months ago,2025-06-04T00:41:48.872Z,,,,,,,ChRDSUhNMG9nS0VPSEU4YmZUM3BjRRAB,,,,,,,,,,,,,,,,,,,,,,,,,,,,,,,,,,,,,,,,,,,,,,,,,,,Google,https://www.google.com/maps/reviews/data=!4m8!14m7!1m6!2m5!1sChRDSUhNMG9nS0VPSEU4YmZUM3BjRRAB!2m1!1s0x0:0xf0217a90db10660!3m1!1s2@1:CIHM0ogKEOHE8bfT3pcE%7C%7C?hl=en,102917604857158615460,12,https://lh3.googleusercontent.com/a/ACg8ocK8Bq9kfkVMT5AbXuxfBWLlt-T269NhqbEkVoDAcPejGKSSfw=s1920-c-rp-mo-ba2-br100,https://www.google.com/maps/contrib/102917604857158615460?hl=en,1508,2025-09-21T15:08:11.430Z,"Direct Detail URL: https://www.google.com/maps/place/Kakadu+National+Park/@-13.0922879,132.3911909,17z/data=!4m8!3m7!1s0x2cb9d10f23ab6185:0xf0217a90db10660!8m2!3d-13.0922931!4d132.3937658!9m1!1b1!16zL20vMHBzZ3M?entry=ttu&g_ep=EgoyMDI1MDkxNy4wIKXMDSoASAFQAw%3D%3D",4,Northern Territory,Kakadu Hwy,False,"Beautiful national park. I especially enjoyed Ubirr which (if you climb it) had one of the most spectacular views I have seen in my life. The rock art is also very fascinating, and it’s nice that there are information-boards so you know what you are looking at. The downside of the national park is that it in the evening is a literal mosquito hell during the beginning of the dry season (May-June when we were there). From sunset to sunrise it is basically impossible to be or move outside without being attacked and completely covered in mosquitoes. I stayed one two nights in the north of this park camping in a van, and it is safe to sad that they were the two worst nights of my life. So don’t be like me and always remember to do your homework before going somewhere 😔",,Kakadu National Park,4.4,,https://www.google.com/maps/search/?api=1&query=Kakadu%20National%20Park&query_place_id=ChIJhWGrIw_RuSwRYAaxDakXAg8,,Positive
"Kakadu Hwy, Jabiru NT 0886, Australia",National park,Tourist attraction,National park,1081452875368957536,Jabiru,AU,0x2cb9d10f23ab6185:0xf0217a90db10660,https://lh3.googleusercontent.com/gps-cs-s/AC9h4noMcRjq8FlUkmVp-XCMovSv9fHV5BRbNWXKKfrhkze23QjQapmDYpWuSq0oqOEfoXT-Q82PqEsslbbJCblydXfu8U-bSEMLRvezvJfec-eU3-hkN8I2kjcRXi4fXtvvCBJiCBIk6A=w408-h306-k-no,False,True,en,0,-13.0922931,132.3937658,Milio Baltas (Μιλτιάδης Μπαλτάς),,,False,ChIJhWGrIw_RuSwRYAaxDakXAg8,886,,3 months ago,2025-06-02T09:49:33.403Z,,,,,,,ChZDSUhNMG9nS0VQM043THZEZzZfVEZBEAE,,,,,,,,,,,,,,,,,,,,,,,,,,,,,,,,,,,,,,,,,,,,,,,,,,,Google,https://www.google.com/maps/reviews/data=!4m8!14m7!1m6!2m5!1sChZDSUhNMG9nS0VQM043THZEZzZfVEZBEAE!2m1!1s0x0:0xf0217a90db10660!3m1!1s2@1:CIHM0ogKEP3N7LvDg6_TFA%7C%7C?hl=en,107280198950586179872,77,https://lh3.googleusercontent.com/a-/ALV-UjXDIw_c1_VSNwMrtW5OBaqDHIhbeSUP4xDLTp0GnZWy9gyAY018XQ=s1920-c-rp-mo-ba5-br100,https://www.google.com/maps/contrib/107280198950586179872?hl=en,1508,2025-09-21T15:08:11.430Z,"Direct Detail URL: https://www.google.com/maps/place/Kakadu+National+Park/@-13.0922879,132.3911909,17z/data=!4m8!3m7!1s0x2cb9d10f23ab6185:0xf0217a90db10660!8m2!3d-13.0922931!4d132.3937658!9m1!1b1!16zL20vMHBzZ3M?entry=ttu&g_ep=EgoyMDI1MDkxNy4wIKXMDSoASAFQAw%3D%3D",5,Northern Territory,Kakadu Hwy,False,,,Kakadu National Park,4.4,,https://www.google.com/maps/search/?api=1&query=Kakadu%20National%20Park&query_place_id=ChIJhWGrIw_RuSwRYAaxDakXAg8,,Positive
"Kakadu Hwy, Jabiru NT 0886, Australia",National park,Tourist attraction,National park,1081452875368957536,Jabiru,AU,0x2cb9d10f23ab6185:0xf0217a90db10660,https://lh3.googleusercontent.com/gps-cs-s/AC9h4noMcRjq8FlUkmVp-XCMovSv9fHV5BRbNWXKKfrhkze23QjQapmDYpWuSq0oqOEfoXT-Q82PqEsslbbJCblydXfu8U-bSEMLRvezvJfec-eU3-hkN8I2kjcRXi4fXtvvCBJiCBIk6A=w408-h306-k-no,False,True,en,0,-13.0922931,132.3937658,Rob Ironside,,,False,ChIJhWGrIw_RuSwRYAaxDakXAg8,886,,3 months ago,2025-06-01T09:42:31.486Z,,,,,,,ChZDSUhNMG9nS0VNLVRvSmlEdE9hTFR3EAE,,,,,,,,,,,,,,,,,,,,,,,,,,,,,,,,,,,,,,,,,,,,,,,,,,,Google,https://www.google.com/maps/reviews/data=!4m8!14m7!1m6!2m5!1sChZDSUhNMG9nS0VNLVRvSmlEdE9hTFR3EAE!2m1!1s0x0:0xf0217a90db10660!3m1!1s2@1:CIHM0ogKEM-ToJiDtOaLTw%7C%7C?hl=en,108496356073643751496,22,https://lh3.googleusercontent.com/a/ACg8ocIeZT3by48LGd7YLYulJ3akuqjcMXnUOTG7j7h_w9uAIrxYww=s1920-c-rp-mo-ba2-br100,https://www.google.com/maps/contrib/108496356073643751496?hl=en,1508,2025-09-21T15:08:11.430Z,"Direct Detail URL: https://www.google.com/maps/place/Kakadu+National+Park/@-13.0922879,132.3911909,17z/data=!4m8!3m7!1s0x2cb9d10f23ab6185:0xf0217a90db10660!8m2!3d-13.0922931!4d132.3937658!9m1!1b1!16zL20vMHBzZ3M?entry=ttu&g_ep=EgoyMDI1MDkxNy4wIKXMDSoASAFQAw%3D%3D",5,Northern Territory,Kakadu Hwy,False,,,Kakadu National Park,4.4,,https://www.google.com/maps/search/?api=1&query=Kakadu%20National%20Park&query_place_id=ChIJhWGrIw_RuSwRYAaxDakXAg8,,Positive
"Kakadu Hwy, Jabiru NT 0886, Australia",National park,Tourist attraction,National park,1081452875368957536,Jabiru,AU,0x2cb9d10f23ab6185:0xf0217a90db10660,https://lh3.googleusercontent.com/gps-cs-s/AC9h4noMcRjq8FlUkmVp-XCMovSv9fHV5BRbNWXKKfrhkze23QjQapmDYpWuSq0oqOEfoXT-Q82PqEsslbbJCblydXfu8U-bSEMLRvezvJfec-eU3-hkN8I2kjcRXi4fXtvvCBJiCBIk6A=w408-h306-k-no,False,False,en,0,-13.0922931,132.3937658,Emily Italiano,,,False,ChIJhWGrIw_RuSwRYAaxDakXAg8,886,,3 months ago,2025-05-29T03:00:38.707Z,,,,,,,Ci9DQUlRQUNvZENodHljRjlvT2tnNVRuQk9SMTgwUm1zNVNsaGhSRTgxVjE4MWJuYxAB,,,,,,,,,,,,,,,,,,,,,,,,,,,,,,,,,,,,,,,,,,,,,,,,,,,Google,https://www.google.com/maps/reviews/data=!4m8!14m7!1m6!2m5!1sCi9DQUlRQUNvZENodHljRjlvT2tnNVRuQk9SMTgwUm1zNVNsaGhSRTgxVjE4MWJuYxAB!2m1!1s0x0:0xf0217a90db10660!3m1!1s2@1:CAIQACodChtycF9oOkg5TnBOR180Rms5SlhhRE81V181bnc%7C%7C?hl=en,108936802930986881519,7,https://lh3.googleusercontent.com/a/ACg8ocIcNxbTq6yM5ecEEOvy0m9s2khsLmmyJ-i4Njf02zDbcSdhZg=s1920-c-rp-mo-br100,https://www.google.com/maps/contrib/108936802930986881519?hl=en,1508,2025-09-21T15:08:11.430Z,"Direct Detail URL: https://www.google.com/maps/place/Kakadu+National+Park/@-13.0922879,132.3911909,17z/data=!4m8!3m7!1s0x2cb9d10f23ab6185:0xf0217a90db10660!8m2!3d-13.0922931!4d132.3937658!9m1!1b1!16zL20vMHBzZ3M?entry=ttu&g_ep=EgoyMDI1MDkxNy4wIKXMDSoASAFQAw%3D%3D",5,Northern Territory,Kakadu Hwy,False,,,Kakadu National Park,4.4,,https://www.google.com/maps/search/?api=1&query=Kakadu%20National%20Park&query_place_id=ChIJhWGrIw_RuSwRYAaxDakXAg8,,Positive
"Kakadu Hwy, Jabiru NT 0886, Australia",National park,Tourist attraction,National park,1081452875368957536,Jabiru,AU,0x2cb9d10f23ab6185:0xf0217a90db10660,https://lh3.googleusercontent.com/gps-cs-s/AC9h4noMcRjq8FlUkmVp-XCMovSv9fHV5BRbNWXKKfrhkze23QjQapmDYpWuSq0oqOEfoXT-Q82PqEsslbbJCblydXfu8U-bSEMLRvezvJfec-eU3-hkN8I2kjcRXi4fXtvvCBJiCBIk6A=w408-h306-k-no,False,True,en,0,-13.0922931,132.3937658,Gary Barber,,en,False,ChIJhWGrIw_RuSwRYAaxDakXAg8,886,,3 months ago,2025-05-25T22:42:04.193Z,,,,,,,ChZDSUhNMG9nS0VQbms0OUhwN0tENUNREAE,https://lh3.googleusercontent.com/geougc-cs/AB3l90D8UmBeqeKbO788UetF_WNgVUrXLdCVUrAe7Tx6O4HXcHtNhfFcddDrA_yHgtxdeKl3NoEh87aAOAEEadAAmkVwk0E4ZhJ7S9Fnj6ypoY2xXde6S9reSngT0LKqC9S2lpg0p-OiSA,https://lh3.googleusercontent.com/geougc-cs/AB3l90D7hwA09xp6LyFzZEA94NCKhiyq0xYBRFBjik0Tgdq2tUEDQ6AphgcX3n6CQA5DRuOCxwRHRzDiR45jYRmdjDf7z6shrzK5lcHUFOz1RsqbpeDdsEW41Sm9HOc6JcrT8J6xEcMp,https://lh3.googleusercontent.com/geougc-cs/AB3l90DwcklxxB56O9KW_JEuTcoEsSPKJ3WmwBtj2f-Cx9aKlicsz3knabCRa7ays5WC3O0_xX0cRVYvqxCyIB9wdTrQ9WhiMp0DFDY0NzJVZeIHLWnohKY9997VNvn4Vut8DEAUptq5Wg,https://lh3.googleusercontent.com/geougc-cs/AB3l90DcFUadc_AI175I1jf49cTFiXsGe4yOtz4xl-mQ1LHS2y825-9JPmmbCcnPrpo3N1td8zdEGcBNY1eO8Je_o0CsOFxXSW5jZS1OgFolHSJkObAnrPWQ-m9DIztmhpW7rrw0Ia_dXA,https://lh3.googleusercontent.com/geougc-cs/AB3l90DISrhXSPcFxPxfgRcswNLrKs3Vu25USQETAgLWZicFOZ2Q1xjc1jnBJJfxaMr3ojZi6rFLVjjHnli0xlydOQhQNApciGyoI2wzslYjfjhX0ksPHgH7WgWFJeLcXId0XOrxfzXg,https://lh3.googleusercontent.com/geougc-cs/AB3l90ASAiDCy8a__n71CJw-HB3cCkVg_k82tQS1wIilaLd-uIpwOkH2_iZF_myosT9C9M2KByCpqKcIP6B0-5mw4sJkIiQPo7mM9MvFVe1-YeyIK9vTWWeZfG720R_-pY6_lob-WGjZ,https://lh3.googleusercontent.com/geougc-cs/AB3l90DijpCRfp8uxjeZKAjSBr61O-Yx0EPpem9XwHdxzI2-VHLoKGUQD7MFJBpJ-xA4hlsh6L5aNiIlEuoxHh_VT2wJJ71Z-20ltzNaJ9pErsw8fb7BkvuayRQ7NHNlTEvN21ku_LJ1,https://lh3.googleusercontent.com/geougc-cs/AB3l90BMD2RRojhstQKqsssO3xPL5X36Zx6qbRz9XkdV5pAlVak0Jvopfb9d16W2O2Qf8V3tigkaQvSAa5q26LQAmlLZoQcLWO1n-YX5z17VuEn19Ta7_1CYOxtz-EiTqi-GMp73vODb,https://lh3.googleusercontent.com/geougc-cs/AB3l90BPr1Ljjn3bQy0x7o4sirk20bzyKvw2pF88Dm1xBJ0njFGNsh-ZNnLWaYc3qJHUJNGrucS1NHX--araTVjksttIMuwEIquReXVw9sjMyD8NsjjGEaNRnzHhXuu51kSc7auGNs369A,https://lh3.googleusercontent.com/geougc-cs/AB3l90CCTVwWw1NPFTHmUwscnO1wyOajo8PJQ2k627RXfXdouDUmG1TpxdR7uyFRt1tingQ5UXzL4-qqgTpumidkrzWAauxRCVsk0W5DagaLBoUTZmd_ODrcf0LS29mH-TfdStOU8A-OQg,https://lh3.googleusercontent.com/geougc-cs/AB3l90Cz4VxG0tcDxYiJsvTsQOiquQxDcEmoOYjw8HtmC2es5OwLiNiW5bgUSb_O8WqPz5hsONIW6hVP5zrRQAhBPIMHj7meBUXyTPUwC_Wq_WpU_TF7MUWYUomq_WIAtrt5XVvuCyPu,https://lh3.googleusercontent.com/geougc-cs/AB3l90AAIaxZrr49tL9qh-cc1rKCG8t6IrP154Vdg35_PAxkqzFt9J2Aknw7cdQhSe1oxTK3QyYboLW8KgYGAm1jZLvNnf_NjfxqAaVh1P7WBWHAzZGmpiQub7USTFTqVkwXmTiSDkOB,,,,,,,,,,,,,,,,,,,,,,,,,,,,,,,,,,,,,,,Google,https://www.google.com/maps/reviews/data=!4m8!14m7!1m6!2m5!1sChZDSUhNMG9nS0VQbms0OUhwN0tENUNREAE!2m1!1s0x0:0xf0217a90db10660!3m1!1s2@1:CIHM0ogKEPnk49Hp7KD5CQ%7C%7C?hl=en,114778384638039917169,66,https://lh3.googleusercontent.com/a-/ALV-UjW3beRBnwsfXB4RUlRicVFPkRJFhiwl2c5qKQIzaZvBtXCvdDYQ=s1920-c-rp-mo-ba4-br100,https://www.google.com/maps/contrib/114778384638039917169?hl=en,1508,2025-09-21T15:08:11.430Z,"Direct Detail URL: https://www.google.com/maps/place/Kakadu+National+Park/@-13.0922879,132.3911909,17z/data=!4m8!3m7!1s0x2cb9d10f23ab6185:0xf0217a90db10660!8m2!3d-13.0922931!4d132.3937658!9m1!1b1!16zL20vMHBzZ3M?entry=ttu&g_ep=EgoyMDI1MDkxNy4wIKXMDSoASAFQAw%3D%3D",5,Northern Territory,Kakadu Hwy,False,A must see!,,Kakadu National Park,4.4,,https://www.google.com/maps/search/?api=1&query=Kakadu%20National%20Park&query_place_id=ChIJhWGrIw_RuSwRYAaxDakXAg8,,Neutral
"Kakadu Hwy, Jabiru NT 0886, Australia",National park,Tourist attraction,National park,1081452875368957536,Jabiru,AU,0x2cb9d10f23ab6185:0xf0217a90db10660,https://lh3.googleusercontent.com/gps-cs-s/AC9h4noMcRjq8FlUkmVp-XCMovSv9fHV5BRbNWXKKfrhkze23QjQapmDYpWuSq0oqOEfoXT-Q82PqEsslbbJCblydXfu8U-bSEMLRvezvJfec-eU3-hkN8I2kjcRXi4fXtvvCBJiCBIk6A=w408-h306-k-no,False,False,en,0,-13.0922931,132.3937658,Barry,,en,False,ChIJhWGrIw_RuSwRYAaxDakXAg8,886,,3 months ago,2025-05-24T07:51:21.829Z,,,,,,,ChdDSUhNMG9nS0VPTF9yZXp4OHAzdDhBRRAB,,,,,,,,,,,,,,,,,,,,,,,,,,,,,,,,,,,,,,,,,,,,,,,,,,,Google,https://www.google.com/maps/reviews/data=!4m8!14m7!1m6!2m5!1sChdDSUhNMG9nS0VPTF9yZXp4OHAzdDhBRRAB!2m1!1s0x0:0xf0217a90db10660!3m1!1s2@1:CIHM0ogKEOL_rezx8p3t8AE%7C%7C?hl=en,106030674661955342402,2,https://lh3.googleusercontent.com/a/ACg8ocKAnubOCohSInpBacmwZ3wuK6fefsq7pom_FHGw7wAbIXcMzA=s1920-c-rp-mo-br100,https://www.google.com/maps/contrib/106030674661955342402?hl=en,1508,2025-09-21T15:08:11.430Z,"Direct Detail URL: https://www.google.com/maps/place/Kakadu+National+Park/@-13.0922879,132.3911909,17z/data=!4m8!3m7!1s0x2cb9d10f23ab6185:0xf0217a90db10660!8m2!3d-13.0922931!4d132.3937658!9m1!1b1!16zL20vMHBzZ3M?entry=ttu&g_ep=EgoyMDI1MDkxNy4wIKXMDSoASAFQAw%3D%3D",2,Northern Territory,Kakadu Hwy,False,Very overrated Jabaroo is a hole.,,Kakadu National Park,4.4,,https://www.google.com/maps/search/?api=1&query=Kakadu%20National%20Park&query_place_id=ChIJhWGrIw_RuSwRYAaxDakXAg8,,Positive
"Kakadu Hwy, Jabiru NT 0886, Australia",National park,Tourist attraction,National park,1081452875368957536,Jabiru,AU,0x2cb9d10f23ab6185:0xf0217a90db10660,https://lh3.googleusercontent.com/gps-cs-s/AC9h4noMcRjq8FlUkmVp-XCMovSv9fHV5BRbNWXKKfrhkze23QjQapmDYpWuSq0oqOEfoXT-Q82PqEsslbbJCblydXfu8U-bSEMLRvezvJfec-eU3-hkN8I2kjcRXi4fXtvvCBJiCBIk6A=w408-h306-k-no,False,True,en,0,-13.0922931,132.3937658,claydoc1,,en,False,ChIJhWGrIw_RuSwRYAaxDakXAg8,886,,4 months ago,2025-05-21T02:07:10.942Z,,,,,,,ChdDSUhNMG9nS0VOVHVvXzNnd3BTSDlBRRAB,https://lh3.googleusercontent.com/geougc-cs/AB3l90ANPiO-pStUggoNsj8lHGlyasEFohEzq-SRJxpc77Es18kbI_UX2eYXMpwUv1XJ5JHqDNa7LeOBpSkcxpYwyKfN9pKTcyAXCjGaBK-LxARpidFPZUrZ0vDuYABooYzWbkPKQcD86w,https://lh3.googleusercontent.com/geougc-cs/AB3l90BnaJuQJlaGfd8LqMfKxLzehFz2KEcNP3YMilw50uXTV8oZ_o08vCUIcN-mzYhd5lv2aZpreCQNIH2K-usQEhUyN7kwKkuksKMLWVnAo6_n4n_Kr3AVxCQwq2zbzm9XqLcyoyDg,,,,,,,,,,,,,,,,,,,,,,,,,,,,,,,,,,,,,,,,,,,,,,,,,Google,https://www.google.com/maps/reviews/data=!4m8!14m7!1m6!2m5!1sChdDSUhNMG9nS0VOVHVvXzNnd3BTSDlBRRAB!2m1!1s0x0:0xf0217a90db10660!3m1!1s2@1:CIHM0ogKENTuo_3gwpSH9AE%7C%7C?hl=en,116193305138095401077,53,https://lh3.googleusercontent.com/a/ACg8ocL5022Fh9WeWr9Gg9XVohMVQray26iIyDWYU965vlWM6F2j7Q=s1920-c-rp-mo-ba3-br100,https://www.google.com/maps/contrib/116193305138095401077?hl=en,1508,2025-09-21T15:08:11.430Z,"Direct Detail URL: https://www.google.com/maps/place/Kakadu+National+Park/@-13.0922879,132.3911909,17z/data=!4m8!3m7!1s0x2cb9d10f23ab6185:0xf0217a90db10660!8m2!3d-13.0922931!4d132.3937658!9m1!1b1!16zL20vMHBzZ3M?entry=ttu&g_ep=EgoyMDI1MDkxNy4wIKXMDSoASAFQAw%3D%3D",1,Northern Territory,Kakadu Hwy,False,Very disappointing.. over hyped.. most attractions closed.. goto Litchfield instead,,Kakadu National Park,4.4,,https://www.google.com/maps/search/?api=1&query=Kakadu%20National%20Park&query_place_id=ChIJhWGrIw_RuSwRYAaxDakXAg8,,Negative
"Kakadu Hwy, Jabiru NT 0886, Australia",National park,Tourist attraction,National park,1081452875368957536,Jabiru,AU,0x2cb9d10f23ab6185:0xf0217a90db10660,https://lh3.googleusercontent.com/gps-cs-s/AC9h4noMcRjq8FlUkmVp-XCMovSv9fHV5BRbNWXKKfrhkze23QjQapmDYpWuSq0oqOEfoXT-Q82PqEsslbbJCblydXfu8U-bSEMLRvezvJfec-eU3-hkN8I2kjcRXi4fXtvvCBJiCBIk6A=w408-h306-k-no,False,True,en,0,-13.0922931,132.3937658,Hannah Sophie,,,False,ChIJhWGrIw_RuSwRYAaxDakXAg8,886,,4 months ago,2025-05-20T05:20:06.166Z,,,,,,,ChZDSUhNMG9nS0VQU2dsdC1na0x1YVFREAE,,,,,,,,,,,,,,,,,,,,,,,,,,,,,,,,,,,,,,,,,,,,,,,,,,,Google,https://www.google.com/maps/reviews/data=!4m8!14m7!1m6!2m5!1sChZDSUhNMG9nS0VQU2dsdC1na0x1YVFREAE!2m1!1s0x0:0xf0217a90db10660!3m1!1s2@1:CIHM0ogKEPSglt-gkLuaQQ%7C%7C?hl=en,114659908699350535001,20,https://lh3.googleusercontent.com/a-/ALV-UjVBfYQbgRyNpSG4aC1qHwhfSG9adFUKbMXJ27LVY9nRB1an9rtn=s1920-c-rp-mo-ba2-br100,https://www.google.com/maps/contrib/114659908699350535001?hl=en,1508,2025-09-21T15:08:11.430Z,"Direct Detail URL: https://www.google.com/maps/place/Kakadu+National+Park/@-13.0922879,132.3911909,17z/data=!4m8!3m7!1s0x2cb9d10f23ab6185:0xf0217a90db10660!8m2!3d-13.0922931!4d132.3937658!9m1!1b1!16zL20vMHBzZ3M?entry=ttu&g_ep=EgoyMDI1MDkxNy4wIKXMDSoASAFQAw%3D%3D",4,Northern Territory,Kakadu Hwy,False,,,Kakadu National Park,4.4,,https://www.google.com/maps/search/?api=1&query=Kakadu%20National%20Park&query_place_id=ChIJhWGrIw_RuSwRYAaxDakXAg8,,Positive
"Kakadu Hwy, Jabiru NT 0886, Australia",National park,Tourist attraction,National park,1081452875368957536,Jabiru,AU,0x2cb9d10f23ab6185:0xf0217a90db10660,https://lh3.googleusercontent.com/gps-cs-s/AC9h4noMcRjq8FlUkmVp-XCMovSv9fHV5BRbNWXKKfrhkze23QjQapmDYpWuSq0oqOEfoXT-Q82PqEsslbbJCblydXfu8U-bSEMLRvezvJfec-eU3-hkN8I2kjcRXi4fXtvvCBJiCBIk6A=w408-h306-k-no,False,True,en,0,-13.0922931,132.3937658,Chandler Lee,,,False,ChIJhWGrIw_RuSwRYAaxDakXAg8,886,,4 months ago,2025-05-18T03:20:19.068Z,,,,,,,ChdDSUhNMG9nS0VNT1B5NG5wdGFDQmh3RRAB,,,,,,,,,,,,,,,,,,,,,,,,,,,,,,,,,,,,,,,,,,,,,,,,,,,Google,https://www.google.com/maps/reviews/data=!4m8!14m7!1m6!2m5!1sChdDSUhNMG9nS0VNT1B5NG5wdGFDQmh3RRAB!2m1!1s0x0:0xf0217a90db10660!3m1!1s2@1:CIHM0ogKEMOPy4nptaCBhwE%7C%7C?hl=en,100127870476353686505,8,https://lh3.googleusercontent.com/a-/ALV-UjV-495JT0jEJLWizaztHj5R2qdodkgplHURde7erTQ83E5yEa9WEA=s1920-c-rp-mo-ba4-br100,https://www.google.com/maps/contrib/100127870476353686505?hl=en,1508,2025-09-21T15:08:11.430Z,"Direct Detail URL: https://www.google.com/maps/place/Kakadu+National+Park/@-13.0922879,132.3911909,17z/data=!4m8!3m7!1s0x2cb9d10f23ab6185:0xf0217a90db10660!8m2!3d-13.0922931!4d132.3937658!9m1!1b1!16zL20vMHBzZ3M?entry=ttu&g_ep=EgoyMDI1MDkxNy4wIKXMDSoASAFQAw%3D%3D",5,Northern Territory,Kakadu Hwy,False,,,Kakadu National Park,4.4,,https://www.google.com/maps/search/?api=1&query=Kakadu%20National%20Park&query_place_id=ChIJhWGrIw_RuSwRYAaxDakXAg8,,Positive
"Kakadu Hwy, Jabiru NT 0886, Australia",National park,Tourist attraction,National park,1081452875368957536,Jabiru,AU,0x2cb9d10f23ab6185:0xf0217a90db10660,https://lh3.googleusercontent.com/gps-cs-s/AC9h4noMcRjq8FlUkmVp-XCMovSv9fHV5BRbNWXKKfrhkze23QjQapmDYpWuSq0oqOEfoXT-Q82PqEsslbbJCblydXfu8U-bSEMLRvezvJfec-eU3-hkN8I2kjcRXi4fXtvvCBJiCBIk6A=w408-h306-k-no,False,True,en,0,-13.0922931,132.3937658,Johanne Mears,,en,False,ChIJhWGrIw_RuSwRYAaxDakXAg8,886,,4 months ago,2025-05-15T21:42:39.634Z,,,,,,,ChdDSUhNMG9nS0VNTzhvWnpONGNfem53RRAB,,,,,,,,,,,,,,,,,,,,,,,,,,,,,,,,,,,,,,,,,,,,,,,,,,,Google,https://www.google.com/maps/reviews/data=!4m8!14m7!1m6!2m5!1sChdDSUhNMG9nS0VNTzhvWnpONGNfem53RRAB!2m1!1s0x0:0xf0217a90db10660!3m1!1s2@1:CIHM0ogKEMO8oZzN4c_znwE%7C%7C?hl=en,114220998335501865907,28,https://lh3.googleusercontent.com/a/ACg8ocJ97WhMzyWI0x31VhGTz3SdQZF_0t_7jxLaM2oIVQilPtYkHw=s1920-c-rp-mo-ba3-br100,https://www.google.com/maps/contrib/114220998335501865907?hl=en,1508,2025-09-21T15:08:11.430Z,"Direct Detail URL: https://www.google.com/maps/place/Kakadu+National+Park/@-13.0922879,132.3911909,17z/data=!4m8!3m7!1s0x2cb9d10f23ab6185:0xf0217a90db10660!8m2!3d-13.0922931!4d132.3937658!9m1!1b1!16zL20vMHBzZ3M?entry=ttu&g_ep=EgoyMDI1MDkxNy4wIKXMDSoASAFQAw%3D%3D",4,Northern Territory,Kakadu Hwy,False,"It has so many natural wonders. However when we visited in mid May most were still closed and even the few that were open were only accessible by 4WD, so for us, slightly diaspointing, but that's the natural world. To be sure of access wait till June or July.",,Kakadu National Park,4.4,,https://www.google.com/maps/search/?api=1&query=Kakadu%20National%20Park&query_place_id=ChIJhWGrIw_RuSwRYAaxDakXAg8,,Positive
"Kakadu Hwy, Jabiru NT 0886, Australia",National park,Tourist attraction,National park,1081452875368957536,Jabiru,AU,0x2cb9d10f23ab6185:0xf0217a90db10660,https://lh3.googleusercontent.com/gps-cs-s/AC9h4noMcRjq8FlUkmVp-XCMovSv9fHV5BRbNWXKKfrhkze23QjQapmDYpWuSq0oqOEfoXT-Q82PqEsslbbJCblydXfu8U-bSEMLRvezvJfec-eU3-hkN8I2kjcRXi4fXtvvCBJiCBIk6A=w408-h306-k-no,False,True,en,0,-13.0922931,132.3937658,Deb England,,en,False,ChIJhWGrIw_RuSwRYAaxDakXAg8,886,,4 months ago,2025-05-10T10:30:02.073Z,,,,,,,ChZDSUhNMG9nS0VMRE9nLXpQNi1DS1lREAE,https://lh3.googleusercontent.com/geougc-cs/AB3l90CFxZFpz8RPd1He20oN2933_6peskAreP090CaLDBU7qZ2BvGGD3KjUYYnq4_pqCs76dSlPJmyBtODfYSJCiGXzdSv2B6lthBDdDgFxNu8Bq7wbN5TXtMwvJ-yfDiz7xOvQFu4,https://lh3.googleusercontent.com/geougc-cs/AB3l90Csujk9v6u7ITB7oZldd5k92THWsAnLLl5bR-cN6e4QvlAqUbtO28GkNlDfZguq8__rKW9EFIvzL_n20gj80x2VcRlRCjT1vEnX2Erj3EWZjkewdO7fSFl3_AMKxLjV6YEXZE5t,https://lh3.googleusercontent.com/geougc-cs/AB3l90Aln3Iu_CbTsg-JVf44lAxMTJy_gmRKWhEU54m9k8jRW-ita1NtZZLBLJfokB_Hx6LNo39SxNs07aJEdqoG4yEPYYoBDq0YNnrAdz-7TVs0cVMiQWiI99bnhHnhPGw6Idc1fHbkWg,,,,,,,,,,,,,,,,,,,,,,,,,,,,,,,,,,,,,,,,,,,,,,,,Google,https://www.google.com/maps/reviews/data=!4m8!14m7!1m6!2m5!1sChZDSUhNMG9nS0VMRE9nLXpQNi1DS1lREAE!2m1!1s0x0:0xf0217a90db10660!3m1!1s2@1:CIHM0ogKELDOg-zP6-CKYQ%7C%7C?hl=en,105167516521415416834,108,https://lh3.googleusercontent.com/a/ACg8ocImNppWvlNCRxvOyKf1aDFsuyHWw2RyvhdRoOmCmeP3FOBk-w=s1920-c-rp-mo-ba4-br100,https://www.google.com/maps/contrib/105167516521415416834?hl=en,1508,2025-09-21T15:08:11.430Z,"Direct Detail URL: https://www.google.com/maps/place/Kakadu+National+Park/@-13.0922879,132.3911909,17z/data=!4m8!3m7!1s0x2cb9d10f23ab6185:0xf0217a90db10660!8m2!3d-13.0922931!4d132.3937658!9m1!1b1!16zL20vMHBzZ3M?entry=ttu&g_ep=EgoyMDI1MDkxNy4wIKXMDSoASAFQAw%3D%3D",5,Northern Territory,Kakadu Hwy,False,Kakadu is definitely a must-see before you die. Abundant wildlife and abundant scenery.  I absolutely love the area and am so glad I visited NT.,,Kakadu National Park,4.4,,https://www.google.com/maps/search/?api=1&query=Kakadu%20National%20Park&query_place_id=ChIJhWGrIw_RuSwRYAaxDakXAg8,,Positive
"Kakadu Hwy, Jabiru NT 0886, Australia",National park,Tourist attraction,National park,1081452875368957536,Jabiru,AU,0x2cb9d10f23ab6185:0xf0217a90db10660,https://lh3.googleusercontent.com/gps-cs-s/AC9h4noMcRjq8FlUkmVp-XCMovSv9fHV5BRbNWXKKfrhkze23QjQapmDYpWuSq0oqOEfoXT-Q82PqEsslbbJCblydXfu8U-bSEMLRvezvJfec-eU3-hkN8I2kjcRXi4fXtvvCBJiCBIk6A=w408-h306-k-no,False,True,en,0,-13.0922931,132.3937658,Little Koala,,en,False,ChIJhWGrIw_RuSwRYAaxDakXAg8,886,,4 months ago,2025-05-10T09:13:15.603Z,,,,,,,ChZDSUhNMG9nS0VQNko4YlNaNHNHSk93EAE,,,,,,,,,,,,,,,,,,,,,,,,,,,,,,,,,,,,,,,,,,,,,,,,,,,Google,https://www.google.com/maps/reviews/data=!4m8!14m7!1m6!2m5!1sChZDSUhNMG9nS0VQNko4YlNaNHNHSk93EAE!2m1!1s0x0:0xf0217a90db10660!3m1!1s2@1:CIHM0ogKEP6J8bSZ4sGJOw%7C%7C?hl=en,103802189401059094026,35,https://lh3.googleusercontent.com/a-/ALV-UjWfUlAPgFl0fkEO9vyqHBiExnRM8lsnsJ9oBqfErL-87yctPuM=s1920-c-rp-mo-ba3-br100,https://www.google.com/maps/contrib/103802189401059094026?hl=en,1508,2025-09-21T15:08:11.430Z,"Direct Detail URL: https://www.google.com/maps/place/Kakadu+National+Park/@-13.0922879,132.3911909,17z/data=!4m8!3m7!1s0x2cb9d10f23ab6185:0xf0217a90db10660!8m2!3d-13.0922931!4d132.3937658!9m1!1b1!16zL20vMHBzZ3M?entry=ttu&g_ep=EgoyMDI1MDkxNy4wIKXMDSoASAFQAw%3D%3D",1,Northern Territory,Kakadu Hwy,False,I didn't see any kakadus,,Kakadu National Park,4.4,,https://www.google.com/maps/search/?api=1&query=Kakadu%20National%20Park&query_place_id=ChIJhWGrIw_RuSwRYAaxDakXAg8,,Neutral
"Kakadu Hwy, Jabiru NT 0886, Australia",National park,Tourist attraction,National park,1081452875368957536,Jabiru,AU,0x2cb9d10f23ab6185:0xf0217a90db10660,https://lh3.googleusercontent.com/gps-cs-s/AC9h4noMcRjq8FlUkmVp-XCMovSv9fHV5BRbNWXKKfrhkze23QjQapmDYpWuSq0oqOEfoXT-Q82PqEsslbbJCblydXfu8U-bSEMLRvezvJfec-eU3-hkN8I2kjcRXi4fXtvvCBJiCBIk6A=w408-h306-k-no,False,True,en,0,-13.0922931,132.3937658,Anthony Mikati,,en,False,ChIJhWGrIw_RuSwRYAaxDakXAg8,886,,4 months ago,2025-04-30T08:08:19.187Z,,,,,,,ChdDSUhNMG9nS0VJQ0FnTUNZa01LZWx3RRAB,,,,,,,,,,,,,,,,,,,,,,,,,,,,,,,,,,,,,,,,,,,,,,,,,,,Google,https://www.google.com/maps/reviews/data=!4m8!14m7!1m6!2m5!1sChdDSUhNMG9nS0VJQ0FnTUNZa01LZWx3RRAB!2m1!1s0x0:0xf0217a90db10660!3m1!1s2@1:CIHM0ogKEICAgMCYkMKelwE%7C%7C?hl=en,114374023450284595627,117,https://lh3.googleusercontent.com/a-/ALV-UjWV0gmZH8JxNxT5CClDqHvVOHz6tcy2bmb6akdY59dwJGQPfTwUFQ=s1920-c-rp-mo-ba4-br100,https://www.google.com/maps/contrib/114374023450284595627?hl=en,1508,2025-09-21T15:08:11.430Z,"Direct Detail URL: https://www.google.com/maps/place/Kakadu+National+Park/@-13.0922879,132.3911909,17z/data=!4m8!3m7!1s0x2cb9d10f23ab6185:0xf0217a90db10660!8m2!3d-13.0922931!4d132.3937658!9m1!1b1!16zL20vMHBzZ3M?entry=ttu&g_ep=EgoyMDI1MDkxNy4wIKXMDSoASAFQAw%3D%3D",5,Northern Territory,Kakadu Hwy,False,"One of the most beautiful, peaceful places in Australia I've been to and incredibly diverse birds and wildlife",,Kakadu National Park,4.4,,https://www.google.com/maps/search/?api=1&query=Kakadu%20National%20Park&query_place_id=ChIJhWGrIw_RuSwRYAaxDakXAg8,,Positive
"Kakadu Hwy, Jabiru NT 0886, Australia",National park,Tourist attraction,National park,1081452875368957536,Jabiru,AU,0x2cb9d10f23ab6185:0xf0217a90db10660,https://lh3.googleusercontent.com/gps-cs-s/AC9h4noMcRjq8FlUkmVp-XCMovSv9fHV5BRbNWXKKfrhkze23QjQapmDYpWuSq0oqOEfoXT-Q82PqEsslbbJCblydXfu8U-bSEMLRvezvJfec-eU3-hkN8I2kjcRXi4fXtvvCBJiCBIk6A=w408-h306-k-no,False,True,en,0,-13.0922931,132.3937658,Andrew Sayer,,en,False,ChIJhWGrIw_RuSwRYAaxDakXAg8,886,,4 months ago,2025-04-24T07:03:09.989Z,,,,,,,ChZDSUhNMG9nS0VJQ0FnTURvaHU3ckVBEAE,https://lh3.googleusercontent.com/geougc-cs/AB3l90DMmfyVbWElaJxgbgOVCbjpMjby9dEtnl6epOxmE0h9dMk08ImHEWjqkjupr2yaPR5YVNJP5XYT0MySmJEswlAz3uKqswWiVBNpeG12ny-pjwO3ZXrHfHoSUGlNR1DY3DLDiR0DnA,https://lh3.googleusercontent.com/geougc-cs/AB3l90BjRPyQ5cEDFtA-pEb6m4PqapiL-RmIRunr6KgYvy2hROmJg6WO5i2C2klMY3XG0aPYTEOaJe2s7vh4hmwXUL4nxKiA13knnIUJ8dnTs4K8oFqM-fxzugDVLCOVyceJlzQ6WAYv,https://lh3.googleusercontent.com/geougc-cs/AB3l90BLv9Ns2USH_6-Xp7h8HC7r-LWu03J9PPbuRxlKENd_i2kq_x45XlGZmtajmxfE0SYMIpxluEgqxY6rVElLbVFZK2V3Tq0jj2XdG6IaL9ni2JRQ46VwyxpvkPPxHLr7NVzW7rjyFg,https://lh3.googleusercontent.com/geougc-cs/AB3l90BbiD7ch8-LM8siQixlP1AEJYqqa99PFiiDttXdMK7HQSJju9BsLNLFBzYRr9Tb50r7dSVAoLt05HmjtTcx2mXoR66XBplpon34bVZOcmhFS_u5PnXLki__22AVSrs-_gmIRkY,https://lh3.googleusercontent.com/geougc-cs/AB3l90AIyHfYnV0CfgSxzr08aqew_Zbot0wv5_NHEIAVkF-vLxl4K54Xx-dR5cbP5sJyniyAZ8vSch9p6DUGi4LfbwkagD53HUQjfg9GT6F9AYOnw9bu1g-r-w9xgEBvMC7vcF9Rpev7ng,https://lh3.googleusercontent.com/geougc-cs/AB3l90DA4Z_I54iP1sti-0dFswUXs4tkw4RzOT5hNI2UmmPUAa93BJBpSipuTS6FlPKA501fAtYC1RbLRvJHy-Zy4DKIiQj-5KyS1E80RnVa6GEbJekSSM24-f9CsVvCbwbtN0AfAaHi,https://lh3.googleusercontent.com/geougc-cs/AB3l90AWXI5mfkZDq6SwbAenZg-0R1m7sLf4rz1ICjx2F-OaCOosnm56cOfjU55nr7am6BaY4GsVsC6vIrS-SCPAB-V44QYVinGtluID4Jm6g5UJ_THXgdD5P06p7nKCAwfxacsEEgYc,https://lh3.googleusercontent.com/geougc-cs/AB3l90CLgHQm9KLeoZ2X5RWPPE4Wu2qBjzfvRm-CbLSr2kOG643OvpcG7w2bkCz4wS0WG6XCGB2LPDPLkxZwqKXC1MiFFkPpc0NvHSWH-rZDpBnHcYyQECXZ2O7aYqNDWPLduvuW5tse,https://lh3.googleusercontent.com/geougc-cs/AB3l90AxnDtY5CrdeuyezO8-vS3ljrC5d1ykiiaGEEVKztfqMOPa1y5J_hV95JZyh5bO4DM9MeA7QoZ2S6fpaXKh_smxAthONFH9YwMTVtgIbQnMr_jYybxeeFTq0xNxyaCarmapiwhpjg,https://lh3.googleusercontent.com/geougc-cs/AB3l90BpdVHP8nLuPkirlG88FDIcqAu_WbGC2t_PIDgRQDDELi1zYd8Fe9-Kk7lh6gjSsnUW-MVFGygZA1aSwOLGUwaGMwLLOZuPKDAt2D0a9eFE147CWLs5mQ2hzTrINFgc24FuieML,https://lh3.googleusercontent.com/geougc-cs/AB3l90CZa-zAbuI90j-H1W9c8Q5iqMNVleaXdWvlV85y42F08MNL3a8vUwGLKnz4kjESIbIq1DNi0Yt7hATfRc6IFBR53wmBSVCh5Mr3EADwE20ifvwznno3oykHkrwALhD2MGtOuLGpOQ,https://lh3.googleusercontent.com/geougc-cs/AB3l90DVC4T4UvllQuZyjuvSPmm2PDjs5YwSuVbKkwov7JJ5bm5u3Gimx9dyWzfejWT4NDoQQWJNVhgleME0-u4nIipG6zeU3Wf09TVfqRs86INOOkEm1QU07hes0kSDbhJydT2nFCMr,https://lh3.googleusercontent.com/geougc-cs/AB3l90BAvrDLhqvcEFEVEoxUyl7dZMFIJeNLWJTqZsrpkPSmQLRXsLLkcipCS5_TaYG-ug1hwcCbRh6PrqFA-pM77p2u21OLvxZeoW2VtECDK-pUXeDcPYfJ-L6xWow4O7tbmN43iK3b,https://lh3.googleusercontent.com/geougc-cs/AB3l90DNL8Z2lPS1reUMaEcPRuR45FXrKIBHP-1EAO6tGckaIFikUDnRa3rRuPsaau8MumMevOVENj-hXMNQoyeiWDR8J84kZwzCWqicDKPPplCBEBYlBTt-oXfN0tNBQYSP4Sv5NKRQ,https://lh3.googleusercontent.com/geougc-cs/AB3l90D8atGtAyryI3OFHLDJgZyLQDautomUMd94mIrsn_cte_QwqcWOlVYyxqIHNHDg1LAFpI8Ico5nPOsKl7nJl08iJIp9klMFclDLNJX4v5TekUwGVnGEbVmJ6pqdXmLzVwPBjlfrUg,https://lh3.googleusercontent.com/geougc-cs/AB3l90DL1m4W67WORPfDbTKg00WGZZgeRjf2LSHxhgvK1nAXNc_ayJlofpWF-lbyZhu_QXtLFv-_bFfuwjBL1hyCZI6Uw8idRGynNo9n-76QUVZxnSFFitY6t5mKqHIdUprbLbks7rNz,https://lh3.googleusercontent.com/geougc-cs/AB3l90ATQ_5ZMsAWQVk256hCY9tTBCHprJd5OFKjMeYSkuhCMHrO_mjVrlS-8tjDHkfTrDR2If9Lanl04nyhnVn051FgnLyeCkO2QaT98yEzjDcnurdEMt8ceaw2HgkAKyp3GZZC7iQ37A,https://lh3.googleusercontent.com/geougc-cs/AB3l90Ayh2Qw94cK28F2InTj9o0x8e1uVEg7elDFCJOs0SwClKYQt_jO4dK2JZ6qqWyrlEGjM1W-PfsSru0AW8b7YSTykD-GCtnDyiq6pd2FreJjqBHqCin4l1OflvLQphDGZqBtoLeA,https://lh3.googleusercontent.com/geougc-cs/AB3l90Df-XrYiE4ZQ6nKwEUnBFo1maffAmGzm2agXn1NU7L1R6cYW2OByPZm_rNBd9T_n9SJanHXpfz6KZ2AAfH5wvkM2GnwqB41I6K9oloprdEdbiQKdojVc1LdkL4PagIbVIYzfg6aZA,https://lh3.googleusercontent.com/geougc-cs/AB3l90BMcFKtZhio1hAbgo4_duIKCcnnhApH3OqOv0LSol2q1IHG4uCueF7wdYGCNUBvmaBrrobqOJrMDRZxyFxWydBxNq4qD-8LHMT79WKwnpZlczaOmXoF9G1ohzY8AANliPlmwUhs,https://lh3.googleusercontent.com/geougc-cs/AB3l90CSCLMg739t8-PJFgZIpl4QHJRtvsJoPmFfhH6qwRzZfg7pEZLKBv1sg4ByHmrIbHaqVbKJilZpMQOns_Up-hGPnzEGCMmrSaasEFCneq_x-F1vygKv_bYv4bPg_w0gGNbCew64jg,https://lh3.googleusercontent.com/geougc-cs/AB3l90DkJZn54fDaV4aoPzyvG4T1FKVxeoiIntCqcr3XnSOwx_JWZ-5HRmvE7GxHMBtP_dU7ij7sjTQYOS3Y0c9a3MLGe2l4y-jJVs_dqbwnFusAA0hBLf5FHwo553xN8IwwOFBjKE0,https://lh3.googleusercontent.com/geougc-cs/AB3l90Cwo9AKZERouLooHq_C8QmGgssSS9yLF-RK8UsjmE0dzpygR5D4Qr5Q-hd3Rbthv6POkZjjawxGDL7T0hYOLHtTA0NrQl9AzFAEc-js-0YQcUgdghlzP_ltGLBPWCZPkeIzbLMsMg,https://lh3.googleusercontent.com/geougc-cs/AB3l90A7B4RoA7e1Nezzv3WLu-rcqV4cH4d_lJtIIiedlI8uRyVOPu2uN0Lr7Ha_0D3C9jnvuoXLgUI-EPRhTzRK8Z2RiV-IW7htgb1RlwhSnWfeIfL_oMpgrGFcZTa2fT3PE1TuCiw,,,,,,,,,,,,,,,,,,,,,,,,,,,Google,https://www.google.com/maps/reviews/data=!4m8!14m7!1m6!2m5!1sChZDSUhNMG9nS0VJQ0FnTURvaHU3ckVBEAE!2m1!1s0x0:0xf0217a90db10660!3m1!1s2@1:CIHM0ogKEICAgMDohu7rEA%7C%7C?hl=en,110803191221693817459,642,https://lh3.googleusercontent.com/a-/ALV-UjW9gFqCjIcCgDO9fGO0vJEjzA6Welzg6bzpy_NDfwuBu5cHKSlIqw=s1920-c-rp-mo-ba6-br100,https://www.google.com/maps/contrib/110803191221693817459?hl=en,1508,2025-09-21T15:08:11.430Z,"Direct Detail URL: https://www.google.com/maps/place/Kakadu+National+Park/@-13.0922879,132.3911909,17z/data=!4m8!3m7!1s0x2cb9d10f23ab6185:0xf0217a90db10660!8m2!3d-13.0922931!4d132.3937658!9m1!1b1!16zL20vMHBzZ3M?entry=ttu&g_ep=EgoyMDI1MDkxNy4wIKXMDSoASAFQAw%3D%3D",5,Northern Territory,Kakadu Hwy,False,Nothing else like it on the planet. Go up in a plane or helicopter and do a lap or two out of Jabiru. Do a river Yellow River cruise and try not to be eaten by a croc. Jim Jim falls is worth a visit. Play your cards right and come down in late April.,,Kakadu National Park,4.4,,https://www.google.com/maps/search/?api=1&query=Kakadu%20National%20Park&query_place_id=ChIJhWGrIw_RuSwRYAaxDakXAg8,,Positive
"Kakadu Hwy, Jabiru NT 0886, Australia",National park,Tourist attraction,National park,1081452875368957536,Jabiru,AU,0x2cb9d10f23ab6185:0xf0217a90db10660,https://lh3.googleusercontent.com/gps-cs-s/AC9h4noMcRjq8FlUkmVp-XCMovSv9fHV5BRbNWXKKfrhkze23QjQapmDYpWuSq0oqOEfoXT-Q82PqEsslbbJCblydXfu8U-bSEMLRvezvJfec-eU3-hkN8I2kjcRXi4fXtvvCBJiCBIk6A=w408-h306-k-no,False,False,en,0,-13.0922931,132.3937658,S Caine,,,False,ChIJhWGrIw_RuSwRYAaxDakXAg8,886,,5 months ago,2025-04-19T09:15:25.140Z,,,,,,,ChdDSUhNMG9nS0VJQ0FnTUNvdmNxUm5nRRAB,,,,,,,,,,,,,,,,,,,,,,,,,,,,,,,,,,,,,,,,,,,,,,,,,,,Google,https://www.google.com/maps/reviews/data=!4m8!14m7!1m6!2m5!1sChdDSUhNMG9nS0VJQ0FnTUNvdmNxUm5nRRAB!2m1!1s0x0:0xf0217a90db10660!3m1!1s2@1:CIHM0ogKEICAgMCovcqRngE%7C%7C?hl=en,114526626672396390373,0,https://lh3.googleusercontent.com/a/ACg8ocL28gE0ilZnkDywSapRGp38UGd0cFdaqoWyejaylv4sUEKu-w=s1920-c-rp-mo-br100,https://www.google.com/maps/contrib/114526626672396390373?hl=en,1508,2025-09-21T15:08:11.430Z,"Direct Detail URL: https://www.google.com/maps/place/Kakadu+National+Park/@-13.0922879,132.3911909,17z/data=!4m8!3m7!1s0x2cb9d10f23ab6185:0xf0217a90db10660!8m2!3d-13.0922931!4d132.3937658!9m1!1b1!16zL20vMHBzZ3M?entry=ttu&g_ep=EgoyMDI1MDkxNy4wIKXMDSoASAFQAw%3D%3D",5,Northern Territory,Kakadu Hwy,False,,,Kakadu National Park,4.4,,https://www.google.com/maps/search/?api=1&query=Kakadu%20National%20Park&query_place_id=ChIJhWGrIw_RuSwRYAaxDakXAg8,,Positive
"Kakadu Hwy, Jabiru NT 0886, Australia",National park,Tourist attraction,National park,1081452875368957536,Jabiru,AU,0x2cb9d10f23ab6185:0xf0217a90db10660,https://lh3.googleusercontent.com/gps-cs-s/AC9h4noMcRjq8FlUkmVp-XCMovSv9fHV5BRbNWXKKfrhkze23QjQapmDYpWuSq0oqOEfoXT-Q82PqEsslbbJCblydXfu8U-bSEMLRvezvJfec-eU3-hkN8I2kjcRXi4fXtvvCBJiCBIk6A=w408-h306-k-no,False,True,en,0,-13.0922931,132.3937658,Frank Lehmann,,de,False,ChIJhWGrIw_RuSwRYAaxDakXAg8,886,,6 months ago,2025-03-20T04:07:52.137Z,,,,,,"Gibt es, an vielen Parkplätze im Park.",ChZDSUhNMG9nS0VJQ0FnTUN3cGRiUkNnEAE,https://lh3.googleusercontent.com/geougc-cs/AB3l90AEhs80aLwKDMn_e6j3Z-8c0RMlOgIxBXxQ4qRzO36CIwneRYGVgJ-qXX_Xjwt6k0WGjSEWuv7aIuVd4LCnYGP6-sSBlLcW6llsno0785f701I0Q2n1daCpP7gO0xsTFPdQsxFV,https://lh3.googleusercontent.com/geougc-cs/AB3l90D9nI_R5RldkktpHDv7ba-zCuph4LmTmc6BTmbmwhxJQz8GIT7n3Amb64qN0Akl-01QcgW1V0ynWZ_jnN5PhUQdb9kmfwQK4Tt4XB5XdJ0VIjD0VLNGuFS85_ZXTylvS1Ib-H0,https://lh3.googleusercontent.com/geougc-cs/AB3l90A9M-qAjcGrvOLW8ZBMWPOv30ZJygm2MlTzAnqQjjq2NS7etAGKxN5pfLxt6ePkI3wGijEwG229uy_HkSyAxX9f0nP3ku5XPaDL1YYjLUTuiujtf8-NRPoRlBX87e5lfEIoS_CZDg,https://lh3.googleusercontent.com/geougc-cs/AB3l90B9JkIIT3xJIo6kSP9h76jfM6n_x6Rli45LfqdvKJx5v-4GL1JJzaTQ-DVxT-hEGkIp-de3530YfGENuTuq-F9gBSfEt3tIcXCUN311x0pc2lLZV0s0X_PWLomEl9JkyVz_ttAo,https://lh3.googleusercontent.com/geougc-cs/AB3l90BxutJ9zGB1BfAC7bfTHDm7hkkOkUJJWdtKdfRI6xSpV_iaFLPkT4OHsuWW7hcjl-vt1r0b85E8wQZrIOVlkaiDVBHbRjHlZdl_utFqXTWHhGGtYgjmkeQRyL5cwksbUtTr6iwW,https://lh3.googleusercontent.com/geougc-cs/AB3l90AqbBZE9p-gZ1qApJE6PZ2jFcRsNj4xXd-DGv7_juQpnC1q5a1aWh4BS7OjSMdOVyCrDVzerFFXSeObPmaxyqbiAbYTqR8HjcRCWwqlxnCVr5yZjndUtrh8eH5NkM4SzcAONWXE,https://lh3.googleusercontent.com/geougc-cs/AB3l90CahgeiipKICrk555ExOui9ZhcMSNoiA5eLoX8u_2nD88DIHfH5qTbDLqR2rJ3-N8vDLfD6EqZqFQ-VrZ4KRRa14pXsudYPpngDDuuczn6p2fZ2SQNyt_ng9qory_qqW03jlSXrCw,https://lh3.googleusercontent.com/geougc-cs/AB3l90DbRuMDoYsg9cEIoMUujIkLHEHGjcD4Ta_8aqQFWoRviHMSB9-x7BOgcK0pZT6WWWnrnCIwJ7niEko7cqFFLd8WCHsRRSXj-W-TC_j7q3-Gp64EQfyBZQZCk6EiKewbtpOSDEOh,https://lh3.googleusercontent.com/geougc-cs/AB3l90B_3NmySWnVoVOtdEnJ3aQDgn7voyZnCY08Uq9Ck0XM_rpxZ6SHq-P3kHBCPw4zqwvzQDlTqW6TrjkZo9oifNYrK5BSukTLKC-5IXxGhHIcyiDbKwD1h16MiRPDGM_kWxlQxOmQ4w,https://lh3.googleusercontent.com/geougc-cs/AB3l90CGEVn548yylwp1auEHUn-28_ZorgxgMspQ7DsF9oMoDOB0DOKVYIP61MuwTR8OxC9NuOdisw34kBrpgVhj9nuLvlvHt5sFlH28Q5cdXU0Qsxb93q4YGfCmFSguSCyOHzlCsbwP,https://lh3.googleusercontent.com/geougc-cs/AB3l90CuUqP4fqueXttPhIOFseIVFoHOJl3Jv4RfSgOlAWlMGKieR9ge0ZhvKiN0_9sA9Dbp4fdvvNcSy8dwHajkJPlfGAHstglNP1yNMQXPIzlHECgi9equFRImuM8ttzxdf26lNO_s-g,https://lh3.googleusercontent.com/geougc-cs/AB3l90CtHYyAnZvZh4zOI5ean5PujIDCbJDyx-jq5ve59g0L1Z4dlvJi4OE-mkT4SXT1PaTb0e87X4YwjBRLAvSQAruwcWGNu8fYE4e3L7nVZf6xabIDhsphzDjc8w0xXZmcOqs1M8c,https://lh3.googleusercontent.com/geougc-cs/AB3l90BAjJn_uy7uXB8jlkugyMSRGCJ36ez3mpXAdZhkvmj_y-l8rmf7bNiNFevb74viRtBqE-ZdtDxXgblAdYxNd-zISQj9I58porPDYsCanEjzmZpJZ88rMY6qMsBpJZ1WcLnJC1iflA,https://lh3.googleusercontent.com/geougc-cs/AB3l90BeSVqh-i9SCX7KPTun5DXMJ8ZtFS6bYTFYIRe8JYZnojt2UQKT_ly9K5g8Axl4nCknOJGUzlNodm1v_ZuxJy3PPXxTpWzGjpFR-Bj7bAk9Ms_IbPaY2ibeQf2F30cCxc-wjNvMoA,https://lh3.googleusercontent.com/geougc-cs/AB3l90AWdy27k5lCdlgoIjoNLWTgkqUn9T0MZbARMtyJj7tePLtok0lHk3JcxNOSfQTvUB4nF2lauS2HwatOBw2-BWFBVVdm1HVjhhHXvRsseMcD-Q7znQPc2VYV2VXJOveKw6pbfIhK,https://lh3.googleusercontent.com/geougc-cs/AB3l90A0cg0JLl9vkzPeRKB9uC14X4se-POqujEV79vSLdiZfA1v1Cr9x7YywKC72W7sZ28xwaPx-AZL-RovoBnCcPzFKEZ2DRokGuFMBiIMEomC2gaYhI_ljTX3Ka73q-O7PVXgVoBDhQ,https://lh3.googleusercontent.com/geougc-cs/AB3l90D24H8jP8iV4-tAdCuT4TmZMKOQUxBBsrlVAcypb-QuGCufY_HA5Taakyq5ZRwYFzrL3xPEJ8hGXnD7xsKoeUCnET4RbNBomJE59w9qC_lJkKfLwIIaNqPDnRCb78_UbkzQbCdP,https://lh3.googleusercontent.com/geougc-cs/AB3l90DgaXSXtls0E1ICs9u48Wxepd4W_RbWd_xOHDwozwswzlBx4r0SeOKErg5ClsUWPx74KOTOUWioxiCNSwIQBUzmMMQR3PNCd1bGP_2mVVNxtbNBRY9zrio1G-cWig6t1p1ufcrd,https://lh3.googleusercontent.com/geougc-cs/AB3l90DCyoCKX0AYViOI7DXC_RNp9V6sByZXmop2rM_r82NJNjxFpsY_ZYhE6rqGmIFwDxNQMJQ8ABet5LdDyWDAb72JsrrmcI1JJm_dgAE3VoLxftShSKHJDvjILB0f6YGvhTa8080,https://lh3.googleusercontent.com/geougc-cs/AB3l90DnyvYdtNAo4Ocr06MpG6aV_bGcnRN2TPf1E_vbY5HSzJJao8If8UmopfAi6j-ODxaXqSsbHbnUMFkyUeCY0Pcy6IH63ithWu4wkR0_kX10lYywY4ogHZg50OCiSkHLR0800HAQiA,https://lh3.googleusercontent.com/geougc-cs/AB3l90DkhPIiuGlIxiVucWMyCy7j9VRL2KxKzHP8e4oun2HG_x6MVtO0HIWHD6jBOyVGxugUkfhQCjwrpjGf8G1tMXwQ49OU6F1QdweokbTJpD-MOAY-sQlglGwDaHBizCbTTpoXYwO1,https://lh3.googleusercontent.com/geougc-cs/AB3l90DAxFcQsoj9IfZmD0M2BEKRl5NMj4ezFUx0fp2nHeuURiu8ad1L22zvMVR92QRFagQrVkF5hw7mOEdOjM5ahEjq2cC9s29KvRrf8RO7P2eG18RGCaDDBvCkBwqyObIlOtPo7vG_Nw,https://lh3.googleusercontent.com/geougc-cs/AB3l90BbHw0q-ShhGW8jjyeq7OcYBSVzTY3wBVdCUVcPGpoviVr81GcKaBmpdTwmpIzTnIzXDirZ-IMZGCAPoM2aEjsH1x0OG6UeIJztVgm0jBt98ACy2fXsFKEYjSEzLPBzo0ZjmBrC,https://lh3.googleusercontent.com/geougc-cs/AB3l90C4h8xIFjwnQgpH2UIrig781yxw8ctu8PPu_GmXwcOgKbTSMZbZ5QQmDD6FLyKpqU6qZ-43dfDeA6z6kHNAVMmrRmpDpiNmlU3HNAwoHBuAp7fpsAUi0_ilnE0VNWmNf1QDEhhGvw,https://lh3.googleusercontent.com/geougc-cs/AB3l90DqqRPv-uw7R5rX5qxCv9CHozqAFIuOelBG6qg83dg0b2DirDQTptyRQ0EwP76ey5GWWaHsrxdbzElLgMsiu5bEyXyTp7Y1pT4gZesvm6UN1PQRFzEjJTSK8ENell7J7CKypoc,https://lh3.googleusercontent.com/geougc-cs/AB3l90CRywYMYXCQbjiDmJ30YTdGLLCIqLjygRSf-jlHvinjpXmt15NaQSrgWO3dfVvuOJ7YlrHIegP_SFGU5F_mca0cUoJpLzghCNl0wCg8Z5dv6ywLkA12FVIAFdcrN-JuirJTTtwB-w,https://lh3.googleusercontent.com/geougc-cs/AB3l90B8X-ca7BbQf36P8r5ATEaqm-inoJhdnDdjJE1tjoAbC6iN2Hx9pJ0buloZifcQeopMxmd-Cv42lTMFOUSaT9WIcjGa5B3KSfIMaJ41sgEHKDml8_iXp7pSGkvbNBruhFzbskSO,https://lh3.googleusercontent.com/geougc-cs/AB3l90A9DUF-oYqqWtTjzGLrbuBFfNujS-1qwRiZqq_tFkF-WJI7Lod2A462puUVaF0sIwsaLqza16FgUeorD8MaqqMTAYKmX7b7cXuZJb19lIHy4UwTiCqi9X831yMk70gAa-LPv8fGNA,https://lh3.googleusercontent.com/geougc-cs/AB3l90BOfAyynJ3CHBRUwDInI2ZvILWY0uFb7uD093D3ekizkqvmUsY-u7QY-YtNNs6USFvku9BDQAU_CXMqGQTXewARpdCQvW92dU_QSRWG_ngVJPwa5aL51Ikx57vEWFW08fEj4mGF,https://lh3.googleusercontent.com/geougc-cs/AB3l90Aj5wFKN8APue9n7n1CziT6ijtlZvrWuFId5YuoBQVFDF26vRP8bDeWH2MiGPyC3oY-G6qU-x9gU4Enr2FoGzxALL_CkSPoF4auZMNQCtrh6S5OsFS2xwNylAvmC5ns3k1jVSOixA,https://lh3.googleusercontent.com/geougc-cs/AB3l90DHvjlE4cohv5FzlXRDyWoSzHTzkW-GEBV0qIDwWoq1TGxQvCT06DIrVGewihUQbfPju8-8UaLrPJ3mqdIorDLQKZhjkwauM0PpQo1y9h6jTLbyVdaeIu1KhvTKyfyAkuAhof4a,,,,,,,,,,,,,,,,,,,,Google,https://www.google.com/maps/reviews/data=!4m8!14m7!1m6!2m5!1sChZDSUhNMG9nS0VJQ0FnTUN3cGRiUkNnEAE!2m1!1s0x0:0xf0217a90db10660!3m1!1s2@1:CIHM0ogKEICAgMCwpdbRCg%7C%7C?hl=en,116089478430197445667,156,https://lh3.googleusercontent.com/a-/ALV-UjUJs3m0f17VMiM2nHLBxAxQZoM8iGBhbTxaoz_4LxzyAzcKEuoTOQ=s1920-c-rp-mo-ba5-br100,https://www.google.com/maps/contrib/116089478430197445667?hl=en,1508,2025-09-21T15:08:11.430Z,"Direct Detail URL: https://www.google.com/maps/place/Kakadu+National+Park/@-13.0922879,132.3911909,17z/data=!4m8!3m7!1s0x2cb9d10f23ab6185:0xf0217a90db10660!8m2!3d-13.0922931!4d132.3937658!9m1!1b1!16zL20vMHBzZ3M?entry=ttu&g_ep=EgoyMDI1MDkxNy4wIKXMDSoASAFQAw%3D%3D",5,Northern Territory,Kakadu Hwy,False,"Wenn man in Darwin ist und Zeit hat, sollte man den Kakadu NP besuchen. Man sollte mindestens einen Tag einplanen und man sieht dann nur einen kleinen Einblick. Viel Natur und alte Kultur.","If you are in Darwin and have time, you should visit Kakadu NP. You should plan at least a day and then you will only see a small insight. Lots of nature and old culture.",Kakadu National Park,4.4,en,https://www.google.com/maps/search/?api=1&query=Kakadu%20National%20Park&query_place_id=ChIJhWGrIw_RuSwRYAaxDakXAg8,,Neutral
"Kakadu Hwy, Jabiru NT 0886, Australia",National park,Tourist attraction,National park,1081452875368957536,Jabiru,AU,0x2cb9d10f23ab6185:0xf0217a90db10660,https://lh3.googleusercontent.com/gps-cs-s/AC9h4noMcRjq8FlUkmVp-XCMovSv9fHV5BRbNWXKKfrhkze23QjQapmDYpWuSq0oqOEfoXT-Q82PqEsslbbJCblydXfu8U-bSEMLRvezvJfec-eU3-hkN8I2kjcRXi4fXtvvCBJiCBIk6A=w408-h306-k-no,False,False,en,0,-13.0922931,132.3937658,Muhammad Umar Aslam,,en,False,ChIJhWGrIw_RuSwRYAaxDakXAg8,886,,6 months ago,2025-03-19T06:38:46.532Z,,,,,,,ChZDSUhNMG9nS0VJQ0FnTUN3Z2FMWllBEAE,,,,,,,,,,,,,,,,,,,,,,,,,,,,,,,,,,,,,,,,,,,,,,,,,,,Google,https://www.google.com/maps/reviews/data=!4m8!14m7!1m6!2m5!1sChZDSUhNMG9nS0VJQ0FnTUN3Z2FMWllBEAE!2m1!1s0x0:0xf0217a90db10660!3m1!1s2@1:CIHM0ogKEICAgMCwgaLZYA%7C%7C?hl=en,113547438974153004955,5,https://lh3.googleusercontent.com/a-/ALV-UjX1q2X-ur2tgqsxzuyF0C_PL6D1c696Mbazi-1Ke55RrAIy3ioy=s1920-c-rp-mo-br100,https://www.google.com/maps/contrib/113547438974153004955?hl=en,1508,2025-09-21T15:08:11.430Z,"Direct Detail URL: https://www.google.com/maps/place/Kakadu+National+Park/@-13.0922879,132.3911909,17z/data=!4m8!3m7!1s0x2cb9d10f23ab6185:0xf0217a90db10660!8m2!3d-13.0922931!4d132.3937658!9m1!1b1!16zL20vMHBzZ3M?entry=ttu&g_ep=EgoyMDI1MDkxNy4wIKXMDSoASAFQAw%3D%3D",5,Northern Territory,Kakadu Hwy,False,"Nature's beauty lies in its endless colors, peaceful rhythms, and breathtaking landscapes that inspire the soul.",,Kakadu National Park,4.4,,https://www.google.com/maps/search/?api=1&query=Kakadu%20National%20Park&query_place_id=ChIJhWGrIw_RuSwRYAaxDakXAg8,,Positive
"Kakadu Hwy, Jabiru NT 0886, Australia",National park,Tourist attraction,National park,1081452875368957536,Jabiru,AU,0x2cb9d10f23ab6185:0xf0217a90db10660,https://lh3.googleusercontent.com/gps-cs-s/AC9h4noMcRjq8FlUkmVp-XCMovSv9fHV5BRbNWXKKfrhkze23QjQapmDYpWuSq0oqOEfoXT-Q82PqEsslbbJCblydXfu8U-bSEMLRvezvJfec-eU3-hkN8I2kjcRXi4fXtvvCBJiCBIk6A=w408-h306-k-no,False,False,en,0,-13.0922931,132.3937658,Rakesh Rahman,,en,False,ChIJhWGrIw_RuSwRYAaxDakXAg8,886,,6 months ago,2025-03-17T04:33:13.825Z,,,,,,,ChZDSUhNMG9nS0VJQ0FnTUN3ckszeWJREAE,,,,,,,,,,,,,,,,,,,,,,,,,,,,,,,,,,,,,,,,,,,,,,,,,,,Google,https://www.google.com/maps/reviews/data=!4m8!14m7!1m6!2m5!1sChZDSUhNMG9nS0VJQ0FnTUN3ckszeWJREAE!2m1!1s0x0:0xf0217a90db10660!3m1!1s2@1:CIHM0ogKEICAgMCwrK3ybQ%7C%7C?hl=en,112731739060581794408,4,https://lh3.googleusercontent.com/a-/ALV-UjVk5rkbWGfrd5EbI81OEBBivyJiOZ5Tr0DbXEWoLys8wQ7c9_GcPw=s1920-c-rp-mo-br100,https://www.google.com/maps/contrib/112731739060581794408?hl=en,1508,2025-09-21T15:08:11.430Z,"Direct Detail URL: https://www.google.com/maps/place/Kakadu+National+Park/@-13.0922879,132.3911909,17z/data=!4m8!3m7!1s0x2cb9d10f23ab6185:0xf0217a90db10660!8m2!3d-13.0922931!4d132.3937658!9m1!1b1!16zL20vMHBzZ3M?entry=ttu&g_ep=EgoyMDI1MDkxNy4wIKXMDSoASAFQAw%3D%3D",5,Northern Territory,Kakadu Hwy,False,Great spot for a weekend run with fam! We've had picnic as well one time. Must visit!,,Kakadu National Park,4.4,,https://www.google.com/maps/search/?api=1&query=Kakadu%20National%20Park&query_place_id=ChIJhWGrIw_RuSwRYAaxDakXAg8,,Positive
"Kakadu Hwy, Jabiru NT 0886, Australia",National park,Tourist attraction,National park,1081452875368957536,Jabiru,AU,0x2cb9d10f23ab6185:0xf0217a90db10660,https://lh3.googleusercontent.com/gps-cs-s/AC9h4noMcRjq8FlUkmVp-XCMovSv9fHV5BRbNWXKKfrhkze23QjQapmDYpWuSq0oqOEfoXT-Q82PqEsslbbJCblydXfu8U-bSEMLRvezvJfec-eU3-hkN8I2kjcRXi4fXtvvCBJiCBIk6A=w408-h306-k-no,False,False,en,0,-13.0922931,132.3937658,Jacques Herve Cezar,,en,False,ChIJhWGrIw_RuSwRYAaxDakXAg8,886,,6 months ago,2025-03-15T04:58:13.919Z,,,,,,,ChZDSUhNMG9nS0VJQ0FnTURRMTlxcEpnEAE,,,,,,,,,,,,,,,,,,,,,,,,,,,,,,,,,,,,,,,,,,,,,,,,,,,Google,https://www.google.com/maps/reviews/data=!4m8!14m7!1m6!2m5!1sChZDSUhNMG9nS0VJQ0FnTURRMTlxcEpnEAE!2m1!1s0x0:0xf0217a90db10660!3m1!1s2@1:CIHM0ogKEICAgMDQ19qpJg%7C%7C?hl=en,111149014721251212690,9,https://lh3.googleusercontent.com/a-/ALV-UjUnuWg2aYOo1Z2BTNf189DP6LJDqY2-6LHESZI66Pr4qyaDyxSm=s1920-c-rp-mo-br100,https://www.google.com/maps/contrib/111149014721251212690?hl=en,1508,2025-09-21T15:08:11.430Z,"Direct Detail URL: https://www.google.com/maps/place/Kakadu+National+Park/@-13.0922879,132.3911909,17z/data=!4m8!3m7!1s0x2cb9d10f23ab6185:0xf0217a90db10660!8m2!3d-13.0922931!4d132.3937658!9m1!1b1!16zL20vMHBzZ3M?entry=ttu&g_ep=EgoyMDI1MDkxNy4wIKXMDSoASAFQAw%3D%3D",5,Northern Territory,Kakadu Hwy,False,"Kakadu National Park is a true Australian treasure! Stunning waterfalls, diverse wildlife, and ancient Aboriginal rock art make it an unforgettable experience. The landscapes are breathtaking, and the cultural significance adds depth to every visit. Highly recommended for nature lovers and adventure seekers!",,Kakadu National Park,4.4,,https://www.google.com/maps/search/?api=1&query=Kakadu%20National%20Park&query_place_id=ChIJhWGrIw_RuSwRYAaxDakXAg8,,Positive
"Kakadu Hwy, Jabiru NT 0886, Australia",National park,Tourist attraction,National park,1081452875368957536,Jabiru,AU,0x2cb9d10f23ab6185:0xf0217a90db10660,https://lh3.googleusercontent.com/gps-cs-s/AC9h4noMcRjq8FlUkmVp-XCMovSv9fHV5BRbNWXKKfrhkze23QjQapmDYpWuSq0oqOEfoXT-Q82PqEsslbbJCblydXfu8U-bSEMLRvezvJfec-eU3-hkN8I2kjcRXi4fXtvvCBJiCBIk6A=w408-h306-k-no,False,True,en,0,-13.0922931,132.3937658,Karen Norris,,en,False,ChIJhWGrIw_RuSwRYAaxDakXAg8,886,,6 months ago,2025-03-11T09:20:23.801Z,,,,,,,ChdDSUhNMG9nS0VJQ0FnTURRM291ajdBRRAB,https://lh3.googleusercontent.com/geougc-cs/AB3l90BI7CLEHKLvBJHD6ZZQaAo5nt6xgWCYbUc1WtTgLR85QoAmOBIcD8013fUyMPHlUBdg-fmiIsB7suNMDF6Bxa0rtZ91bwk2u2KTr2DhfNAOnxSoCQ3OGxH9dom0J8f9Z4WysUt1,https://lh3.googleusercontent.com/geougc-cs/AB3l90DFclVQUpWFRmBADpMQwaZnSR5OGXgE6dPXQCu7lG7hevthVPgt-N9nRIaIQzyZzSRtjzrCQJt0EOYptt49pYGI5e4dmNJIwDz_ZOIYk1R6ph7EDHvZ9IkJIz4j_J88GxqRGlkXQA,,,,,,,,,,,,,,,,,,,,,,,,,,,,,,,,,,,,,,,,,,,,,,,,,Google,https://www.google.com/maps/reviews/data=!4m8!14m7!1m6!2m5!1sChdDSUhNMG9nS0VJQ0FnTURRM291ajdBRRAB!2m1!1s0x0:0xf0217a90db10660!3m1!1s2@1:CIHM0ogKEICAgMDQ3ouj7AE%7C%7C?hl=en,107506350749117232319,101,https://lh3.googleusercontent.com/a/ACg8ocIVzz7OERMZ867K8sXbtpnUKzHmJ9ffuofi6s7uI-cwkLHSGA=s1920-c-rp-mo-ba6-br100,https://www.google.com/maps/contrib/107506350749117232319?hl=en,1508,2025-09-21T15:08:11.430Z,"Direct Detail URL: https://www.google.com/maps/place/Kakadu+National+Park/@-13.0922879,132.3911909,17z/data=!4m8!3m7!1s0x2cb9d10f23ab6185:0xf0217a90db10660!8m2!3d-13.0922931!4d132.3937658!9m1!1b1!16zL20vMHBzZ3M?entry=ttu&g_ep=EgoyMDI1MDkxNy4wIKXMDSoASAFQAw%3D%3D",5,Northern Territory,Kakadu Hwy,False,A must see once in a lifetime,,Kakadu National Park,4.4,,https://www.google.com/maps/search/?api=1&query=Kakadu%20National%20Park&query_place_id=ChIJhWGrIw_RuSwRYAaxDakXAg8,,Neutral
"Kakadu Hwy, Jabiru NT 0886, Australia",National park,Tourist attraction,National park,1081452875368957536,Jabiru,AU,0x2cb9d10f23ab6185:0xf0217a90db10660,https://lh3.googleusercontent.com/gps-cs-s/AC9h4noMcRjq8FlUkmVp-XCMovSv9fHV5BRbNWXKKfrhkze23QjQapmDYpWuSq0oqOEfoXT-Q82PqEsslbbJCblydXfu8U-bSEMLRvezvJfec-eU3-hkN8I2kjcRXi4fXtvvCBJiCBIk6A=w408-h306-k-no,False,True,en,0,-13.0922931,132.3937658,Juan Carlos,,es,False,ChIJhWGrIw_RuSwRYAaxDakXAg8,886,,6 months ago,2025-03-07T21:41:43.843Z,,,,"Todo tipo de animal,✅",Muchísimas,Naturales,ChZDSUhNMG9nS0VJQ0FnTUNRdDZ5TmJ3EAE,,,,,,,,,,,,,,,,,,,,,,,,,,,,,,,,,,,,,,,,,,,,,,,,,,,Google,https://www.google.com/maps/reviews/data=!4m8!14m7!1m6!2m5!1sChZDSUhNMG9nS0VJQ0FnTUNRdDZ5TmJ3EAE!2m1!1s0x0:0xf0217a90db10660!3m1!1s2@1:CIHM0ogKEICAgMCQt6yNbw%7C%7C?hl=en,107473999688426263091,537,https://lh3.googleusercontent.com/a/ACg8ocIHL5hwxT6vipSuTm3ZOhSjsl0QSf8NKV4yihuteqOvSl1Ae_U=s1920-c-rp-mo-ba5-br100,https://www.google.com/maps/contrib/107473999688426263091?hl=en,1508,2025-09-21T15:08:11.430Z,"Direct Detail URL: https://www.google.com/maps/place/Kakadu+National+Park/@-13.0922879,132.3911909,17z/data=!4m8!3m7!1s0x2cb9d10f23ab6185:0xf0217a90db10660!8m2!3d-13.0922931!4d132.3937658!9m1!1b1!16zL20vMHBzZ3M?entry=ttu&g_ep=EgoyMDI1MDkxNy4wIKXMDSoASAFQAw%3D%3D",4,Northern Territory,Kakadu Hwy,False,Naturaleza al 100% 👍🏽,100% Nature 👍🏽,Kakadu National Park,4.4,en,https://www.google.com/maps/search/?api=1&query=Kakadu%20National%20Park&query_place_id=ChIJhWGrIw_RuSwRYAaxDakXAg8,,Neutral
"Kakadu Hwy, Jabiru NT 0886, Australia",National park,Tourist attraction,National park,1081452875368957536,Jabiru,AU,0x2cb9d10f23ab6185:0xf0217a90db10660,https://lh3.googleusercontent.com/gps-cs-s/AC9h4noMcRjq8FlUkmVp-XCMovSv9fHV5BRbNWXKKfrhkze23QjQapmDYpWuSq0oqOEfoXT-Q82PqEsslbbJCblydXfu8U-bSEMLRvezvJfec-eU3-hkN8I2kjcRXi4fXtvvCBJiCBIk6A=w408-h306-k-no,False,False,en,0,-13.0922931,132.3937658,Regiane Brito,,,False,ChIJhWGrIw_RuSwRYAaxDakXAg8,886,,6 months ago,2025-03-07T02:44:56.600Z,,,,,,,ChZDSUhNMG9nS0VJQ0FnTUNRODlXekNBEAE,,,,,,,,,,,,,,,,,,,,,,,,,,,,,,,,,,,,,,,,,,,,,,,,,,,Google,https://www.google.com/maps/reviews/data=!4m8!14m7!1m6!2m5!1sChZDSUhNMG9nS0VJQ0FnTUNRODlXekNBEAE!2m1!1s0x0:0xf0217a90db10660!3m1!1s2@1:CIHM0ogKEICAgMCQ89WzCA%7C%7C?hl=en,104304302105779905946,1,https://lh3.googleusercontent.com/a-/ALV-UjVZMruaWEWN_Gfs7VIPVFkfCdCY73pau-QbvAIlnoAbBng8tbfUoA=s1920-c-rp-mo-br100,https://www.google.com/maps/contrib/104304302105779905946?hl=en,1508,2025-09-21T15:08:11.430Z,"Direct Detail URL: https://www.google.com/maps/place/Kakadu+National+Park/@-13.0922879,132.3911909,17z/data=!4m8!3m7!1s0x2cb9d10f23ab6185:0xf0217a90db10660!8m2!3d-13.0922931!4d132.3937658!9m1!1b1!16zL20vMHBzZ3M?entry=ttu&g_ep=EgoyMDI1MDkxNy4wIKXMDSoASAFQAw%3D%3D",5,Northern Territory,Kakadu Hwy,False,,,Kakadu National Park,4.4,,https://www.google.com/maps/search/?api=1&query=Kakadu%20National%20Park&query_place_id=ChIJhWGrIw_RuSwRYAaxDakXAg8,,Positive
"Kakadu Hwy, Jabiru NT 0886, Australia",National park,Tourist attraction,National park,1081452875368957536,Jabiru,AU,0x2cb9d10f23ab6185:0xf0217a90db10660,https://lh3.googleusercontent.com/gps-cs-s/AC9h4noMcRjq8FlUkmVp-XCMovSv9fHV5BRbNWXKKfrhkze23QjQapmDYpWuSq0oqOEfoXT-Q82PqEsslbbJCblydXfu8U-bSEMLRvezvJfec-eU3-hkN8I2kjcRXi4fXtvvCBJiCBIk6A=w408-h306-k-no,False,False,en,0,-13.0922931,132.3937658,Elizabeth Moran,,en,False,ChIJhWGrIw_RuSwRYAaxDakXAg8,886,,6 months ago,2025-03-06T08:46:11.396Z,,,,,,,ChZDSUhNMG9nS0VJQ0FnTUNRNWJ6MGJBEAE,,,,,,,,,,,,,,,,,,,,,,,,,,,,,,,,,,,,,,,,,,,,,,,,,,,Google,https://www.google.com/maps/reviews/data=!4m8!14m7!1m6!2m5!1sChZDSUhNMG9nS0VJQ0FnTUNRNWJ6MGJBEAE!2m1!1s0x0:0xf0217a90db10660!3m1!1s2@1:CIHM0ogKEICAgMCQ5bz0bA%7C%7C?hl=en,117917234746086828420,4,https://lh3.googleusercontent.com/a-/ALV-UjWHuznXPTb9_NrySqTNnSIbsR6jVYBKWtT_lGW3zRFad4_iszQ=s1920-c-rp-mo-br100,https://www.google.com/maps/contrib/117917234746086828420?hl=en,1508,2025-09-21T15:08:11.430Z,"Direct Detail URL: https://www.google.com/maps/place/Kakadu+National+Park/@-13.0922879,132.3911909,17z/data=!4m8!3m7!1s0x2cb9d10f23ab6185:0xf0217a90db10660!8m2!3d-13.0922931!4d132.3937658!9m1!1b1!16zL20vMHBzZ3M?entry=ttu&g_ep=EgoyMDI1MDkxNy4wIKXMDSoASAFQAw%3D%3D",5,Northern Territory,Kakadu Hwy,False,Beautiful place to experience a free walk with friends and family’s where you are connected closely to restaurants and pubs to enjoy afterwards.,,Kakadu National Park,4.4,,https://www.google.com/maps/search/?api=1&query=Kakadu%20National%20Park&query_place_id=ChIJhWGrIw_RuSwRYAaxDakXAg8,,Positive
"Kakadu Hwy, Jabiru NT 0886, Australia",National park,Tourist attraction,National park,1081452875368957536,Jabiru,AU,0x2cb9d10f23ab6185:0xf0217a90db10660,https://lh3.googleusercontent.com/gps-cs-s/AC9h4noMcRjq8FlUkmVp-XCMovSv9fHV5BRbNWXKKfrhkze23QjQapmDYpWuSq0oqOEfoXT-Q82PqEsslbbJCblydXfu8U-bSEMLRvezvJfec-eU3-hkN8I2kjcRXi4fXtvvCBJiCBIk6A=w408-h306-k-no,False,True,en,0,-13.0922931,132.3937658,Rene Hartmann,,en,False,ChIJhWGrIw_RuSwRYAaxDakXAg8,886,,Edited 7 months ago,2025-02-10T21:26:06.912Z,,,,,,,ChdDSUhNMG9nS0VJQ0FnTURBc2FEVGdBRRAB,,,,,,,,,,,,,,,,,,,,,,,,,,,,,,,,,,,,,,,,,,,,,,,,,,,Google,https://www.google.com/maps/reviews/data=!4m8!14m7!1m6!2m5!1sChdDSUhNMG9nS0VJQ0FnTURBc2FEVGdBRRAB!2m1!1s0x0:0xf0217a90db10660!3m1!1s2@1:CIHM0ogKEICAgMDAsaDTgAE%7C%7C?hl=en,101684466117848277267,76,https://lh3.googleusercontent.com/a/ACg8ocJE5XjTTa64i_KnpU5uBvxbx7NwXbY-HF8M6CYgoRyh7azt7A=s1920-c-rp-mo-ba4-br100,https://www.google.com/maps/contrib/101684466117848277267?hl=en,1508,2025-09-21T15:08:11.430Z,"Direct Detail URL: https://www.google.com/maps/place/Kakadu+National+Park/@-13.0922879,132.3911909,17z/data=!4m8!3m7!1s0x2cb9d10f23ab6185:0xf0217a90db10660!8m2!3d-13.0922931!4d132.3937658!9m1!1b1!16zL20vMHBzZ3M?entry=ttu&g_ep=EgoyMDI1MDkxNy4wIKXMDSoASAFQAw%3D%3D",5,Northern Territory,Kakadu Hwy,False,"Never Been there
But from what I heard
It's a very incredible amazingly beut place
Thinking of getting engaged there.",,Kakadu National Park,4.4,,https://www.google.com/maps/search/?api=1&query=Kakadu%20National%20Park&query_place_id=ChIJhWGrIw_RuSwRYAaxDakXAg8,,Positive
"Kakadu Hwy, Jabiru NT 0886, Australia",National park,Tourist attraction,National park,1081452875368957536,Jabiru,AU,0x2cb9d10f23ab6185:0xf0217a90db10660,https://lh3.googleusercontent.com/gps-cs-s/AC9h4noMcRjq8FlUkmVp-XCMovSv9fHV5BRbNWXKKfrhkze23QjQapmDYpWuSq0oqOEfoXT-Q82PqEsslbbJCblydXfu8U-bSEMLRvezvJfec-eU3-hkN8I2kjcRXi4fXtvvCBJiCBIk6A=w408-h306-k-no,False,True,en,0,-13.0922931,132.3937658,Dietmar Schade,,en,False,ChIJhWGrIw_RuSwRYAaxDakXAg8,886,,7 months ago,2025-02-08T17:37:41.298Z,,,,,,,ChdDSUhNMG9nS0VJQ0FnTURBNXVQZTV3RRAB,,,,,,,,,,,,,,,,,,,,,,,,,,,,,,,,,,,,,,,,,,,,,,,,,,,Google,https://www.google.com/maps/reviews/data=!4m8!14m7!1m6!2m5!1sChdDSUhNMG9nS0VJQ0FnTURBNXVQZTV3RRAB!2m1!1s0x0:0xf0217a90db10660!3m1!1s2@1:CIHM0ogKEICAgMDA5uPe5wE%7C%7C?hl=en,115299516710534582856,335,https://lh3.googleusercontent.com/a-/ALV-UjVxWHq9Sqe-xsONDGEKQkFluKN7nHahjCwnPcdd9YRTXHqUgfXU=s1920-c-rp-mo-ba4-br100,https://www.google.com/maps/contrib/115299516710534582856?hl=en,1508,2025-09-21T15:08:11.430Z,"Direct Detail URL: https://www.google.com/maps/place/Kakadu+National+Park/@-13.0922879,132.3911909,17z/data=!4m8!3m7!1s0x2cb9d10f23ab6185:0xf0217a90db10660!8m2!3d-13.0922931!4d132.3937658!9m1!1b1!16zL20vMHBzZ3M?entry=ttu&g_ep=EgoyMDI1MDkxNy4wIKXMDSoASAFQAw%3D%3D",2,Northern Territory,Kakadu Hwy,False,"Not a nice national park. Only a bit nice landscape.
After the trip, locals told me that the visit isn't worth it. I agree.",,Kakadu National Park,4.4,,https://www.google.com/maps/search/?api=1&query=Kakadu%20National%20Park&query_place_id=ChIJhWGrIw_RuSwRYAaxDakXAg8,,Positive
"Kakadu Hwy, Jabiru NT 0886, Australia",National park,Tourist attraction,National park,1081452875368957536,Jabiru,AU,0x2cb9d10f23ab6185:0xf0217a90db10660,https://lh3.googleusercontent.com/gps-cs-s/AC9h4noMcRjq8FlUkmVp-XCMovSv9fHV5BRbNWXKKfrhkze23QjQapmDYpWuSq0oqOEfoXT-Q82PqEsslbbJCblydXfu8U-bSEMLRvezvJfec-eU3-hkN8I2kjcRXi4fXtvvCBJiCBIk6A=w408-h306-k-no,False,False,en,0,-13.0922931,132.3937658,Karlie Jade,,en,False,ChIJhWGrIw_RuSwRYAaxDakXAg8,886,,8 months ago,2025-01-12T04:22:15.273Z,,,,,,,ChdDSUhNMG9nS0VJQ0FnSUNfc0lQVHVBRRAB,,,,,,,,,,,,,,,,,,,,,,,,,,,,,,,,,,,,,,,,,,,,,,,,,,,Google,https://www.google.com/maps/reviews/data=!4m8!14m7!1m6!2m5!1sChdDSUhNMG9nS0VJQ0FnSUNfc0lQVHVBRRAB!2m1!1s0x0:0xf0217a90db10660!3m1!1s2@1:CIHM0ogKEICAgIC_sIPTuAE%7C%7C?hl=en,110899143213814623003,5,https://lh3.googleusercontent.com/a-/ALV-UjUymnOm_xPqJK_xkj-oI29njj5rC9TA-uaZb0T27B8U8gDcFe8b=s1920-c-rp-mo-br100,https://www.google.com/maps/contrib/110899143213814623003?hl=en,1508,2025-09-21T15:08:11.430Z,"Direct Detail URL: https://www.google.com/maps/place/Kakadu+National+Park/@-13.0922879,132.3911909,17z/data=!4m8!3m7!1s0x2cb9d10f23ab6185:0xf0217a90db10660!8m2!3d-13.0922931!4d132.3937658!9m1!1b1!16zL20vMHBzZ3M?entry=ttu&g_ep=EgoyMDI1MDkxNy4wIKXMDSoASAFQAw%3D%3D",5,Northern Territory,Kakadu Hwy,False,"This place is magical. The aboriginal rock art is unbelievable,the scenery is to die for.
Cahill crossing is the best also, loved that experience, croc central.",,Kakadu National Park,4.4,,https://www.google.com/maps/search/?api=1&query=Kakadu%20National%20Park&query_place_id=ChIJhWGrIw_RuSwRYAaxDakXAg8,,Positive
"Kakadu Hwy, Jabiru NT 0886, Australia",National park,Tourist attraction,National park,1081452875368957536,Jabiru,AU,0x2cb9d10f23ab6185:0xf0217a90db10660,https://lh3.googleusercontent.com/gps-cs-s/AC9h4noMcRjq8FlUkmVp-XCMovSv9fHV5BRbNWXKKfrhkze23QjQapmDYpWuSq0oqOEfoXT-Q82PqEsslbbJCblydXfu8U-bSEMLRvezvJfec-eU3-hkN8I2kjcRXi4fXtvvCBJiCBIk6A=w408-h306-k-no,False,True,en,0,-13.0922931,132.3937658,Anson Joseph,,,False,ChIJhWGrIw_RuSwRYAaxDakXAg8,886,,8 months ago,2025-01-11T12:25:18.276Z,,,,,,,ChZDSUhNMG9nS0VJQ0FnSURmMzl1dkpREAE,,,,,,,,,,,,,,,,,,,,,,,,,,,,,,,,,,,,,,,,,,,,,,,,,,,Google,https://www.google.com/maps/reviews/data=!4m8!14m7!1m6!2m5!1sChZDSUhNMG9nS0VJQ0FnSURmMzl1dkpREAE!2m1!1s0x0:0xf0217a90db10660!3m1!1s2@1:CIHM0ogKEICAgIDf39uvJQ%7C%7C?hl=en,113208907024441383630,32,https://lh3.googleusercontent.com/a-/ALV-UjUeaR5RIyq_apW_JS5kGR3-CqekSt6N2_aXqhDT-F8CKv7kdFk2=s1920-c-rp-mo-ba3-br100,https://www.google.com/maps/contrib/113208907024441383630?hl=en,1508,2025-09-21T15:08:11.430Z,"Direct Detail URL: https://www.google.com/maps/place/Kakadu+National+Park/@-13.0922879,132.3911909,17z/data=!4m8!3m7!1s0x2cb9d10f23ab6185:0xf0217a90db10660!8m2!3d-13.0922931!4d132.3937658!9m1!1b1!16zL20vMHBzZ3M?entry=ttu&g_ep=EgoyMDI1MDkxNy4wIKXMDSoASAFQAw%3D%3D",5,Northern Territory,Kakadu Hwy,False,,,Kakadu National Park,4.4,,https://www.google.com/maps/search/?api=1&query=Kakadu%20National%20Park&query_place_id=ChIJhWGrIw_RuSwRYAaxDakXAg8,,Positive
"Kakadu Hwy, Jabiru NT 0886, Australia",National park,Tourist attraction,National park,1081452875368957536,Jabiru,AU,0x2cb9d10f23ab6185:0xf0217a90db10660,https://lh3.googleusercontent.com/gps-cs-s/AC9h4noMcRjq8FlUkmVp-XCMovSv9fHV5BRbNWXKKfrhkze23QjQapmDYpWuSq0oqOEfoXT-Q82PqEsslbbJCblydXfu8U-bSEMLRvezvJfec-eU3-hkN8I2kjcRXi4fXtvvCBJiCBIk6A=w408-h306-k-no,False,False,en,0,-13.0922931,132.3937658,Norman Payne,,,False,ChIJhWGrIw_RuSwRYAaxDakXAg8,886,,8 months ago,2024-12-30T21:23:13.427Z,,,,,,,ChZDSUhNMG9nS0VJQ0FnSUNmaGZxWktBEAE,,,,,,,,,,,,,,,,,,,,,,,,,,,,,,,,,,,,,,,,,,,,,,,,,,,Google,https://www.google.com/maps/reviews/data=!4m8!14m7!1m6!2m5!1sChZDSUhNMG9nS0VJQ0FnSUNmaGZxWktBEAE!2m1!1s0x0:0xf0217a90db10660!3m1!1s2@1:CIHM0ogKEICAgICfhfqZKA%7C%7C?hl=en,108747413820067554240,135,https://lh3.googleusercontent.com/a-/ALV-UjWPYEQcJfWNv8UMuxIYT6xhVg9H8TYuye1iCqODo86Ksqqad3jmQA=s1920-c-rp-mo-br100,https://www.google.com/maps/contrib/108747413820067554240?hl=en,1508,2025-09-21T15:08:11.430Z,"Direct Detail URL: https://www.google.com/maps/place/Kakadu+National+Park/@-13.0922879,132.3911909,17z/data=!4m8!3m7!1s0x2cb9d10f23ab6185:0xf0217a90db10660!8m2!3d-13.0922931!4d132.3937658!9m1!1b1!16zL20vMHBzZ3M?entry=ttu&g_ep=EgoyMDI1MDkxNy4wIKXMDSoASAFQAw%3D%3D",5,Northern Territory,Kakadu Hwy,False,,,Kakadu National Park,4.4,,https://www.google.com/maps/search/?api=1&query=Kakadu%20National%20Park&query_place_id=ChIJhWGrIw_RuSwRYAaxDakXAg8,,Positive
"Kakadu Hwy, Jabiru NT 0886, Australia",National park,Tourist attraction,National park,1081452875368957536,Jabiru,AU,0x2cb9d10f23ab6185:0xf0217a90db10660,https://lh3.googleusercontent.com/gps-cs-s/AC9h4noMcRjq8FlUkmVp-XCMovSv9fHV5BRbNWXKKfrhkze23QjQapmDYpWuSq0oqOEfoXT-Q82PqEsslbbJCblydXfu8U-bSEMLRvezvJfec-eU3-hkN8I2kjcRXi4fXtvvCBJiCBIk6A=w408-h306-k-no,False,True,en,0,-13.0922931,132.3937658,George Sarspedo,,,False,ChIJhWGrIw_RuSwRYAaxDakXAg8,886,,8 months ago,2024-12-24T01:34:10.201Z,,,,,,,ChZDSUhNMG9nS0VJQ0FnSUR2ODlfTFd3EAE,,,,,,,,,,,,,,,,,,,,,,,,,,,,,,,,,,,,,,,,,,,,,,,,,,,Google,https://www.google.com/maps/reviews/data=!4m8!14m7!1m6!2m5!1sChZDSUhNMG9nS0VJQ0FnSUR2ODlfTFd3EAE!2m1!1s0x0:0xf0217a90db10660!3m1!1s2@1:CIHM0ogKEICAgIDv89_LWw%7C%7C?hl=en,108405185869948479724,869,https://lh3.googleusercontent.com/a-/ALV-UjWal-VcnxHL-BnX57bkKqRDxciu22fQEDJ2HVBDbn8ngzTFXfg=s1920-c-rp-mo-ba8-br100,https://www.google.com/maps/contrib/108405185869948479724?hl=en,1508,2025-09-21T15:08:11.430Z,"Direct Detail URL: https://www.google.com/maps/place/Kakadu+National+Park/@-13.0922879,132.3911909,17z/data=!4m8!3m7!1s0x2cb9d10f23ab6185:0xf0217a90db10660!8m2!3d-13.0922931!4d132.3937658!9m1!1b1!16zL20vMHBzZ3M?entry=ttu&g_ep=EgoyMDI1MDkxNy4wIKXMDSoASAFQAw%3D%3D",5,Northern Territory,Kakadu Hwy,False,,,Kakadu National Park,4.4,,https://www.google.com/maps/search/?api=1&query=Kakadu%20National%20Park&query_place_id=ChIJhWGrIw_RuSwRYAaxDakXAg8,,Positive
"Kakadu Hwy, Jabiru NT 0886, Australia",National park,Tourist attraction,National park,1081452875368957536,Jabiru,AU,0x2cb9d10f23ab6185:0xf0217a90db10660,https://lh3.googleusercontent.com/gps-cs-s/AC9h4noMcRjq8FlUkmVp-XCMovSv9fHV5BRbNWXKKfrhkze23QjQapmDYpWuSq0oqOEfoXT-Q82PqEsslbbJCblydXfu8U-bSEMLRvezvJfec-eU3-hkN8I2kjcRXi4fXtvvCBJiCBIk6A=w408-h306-k-no,False,False,en,0,-13.0922931,132.3937658,Nash Wahab,,,False,ChIJhWGrIw_RuSwRYAaxDakXAg8,886,,9 months ago,2024-12-18T17:11:16.317Z,,,,,,,ChdDSUhNMG9nS0VJQ0FnSUR2X0pXVnNRRRAB,,,,,,,,,,,,,,,,,,,,,,,,,,,,,,,,,,,,,,,,,,,,,,,,,,,Google,https://www.google.com/maps/reviews/data=!4m8!14m7!1m6!2m5!1sChdDSUhNMG9nS0VJQ0FnSUR2X0pXVnNRRRAB!2m1!1s0x0:0xf0217a90db10660!3m1!1s2@1:CIHM0ogKEICAgIDv_JWVsQE%7C%7C?hl=en,110924750781942397472,0,https://lh3.googleusercontent.com/a-/ALV-UjWb0APQXqHvsUAQUWgm3dr-vO_ucbKexgzfcAjPCx73QLFIwoY=s1920-c-rp-mo-br100,https://www.google.com/maps/contrib/110924750781942397472?hl=en,1508,2025-09-21T15:08:11.430Z,"Direct Detail URL: https://www.google.com/maps/place/Kakadu+National+Park/@-13.0922879,132.3911909,17z/data=!4m8!3m7!1s0x2cb9d10f23ab6185:0xf0217a90db10660!8m2!3d-13.0922931!4d132.3937658!9m1!1b1!16zL20vMHBzZ3M?entry=ttu&g_ep=EgoyMDI1MDkxNy4wIKXMDSoASAFQAw%3D%3D",4,Northern Territory,Kakadu Hwy,False,,,Kakadu National Park,4.4,,https://www.google.com/maps/search/?api=1&query=Kakadu%20National%20Park&query_place_id=ChIJhWGrIw_RuSwRYAaxDakXAg8,,Positive
"Kakadu Hwy, Jabiru NT 0886, Australia",National park,Tourist attraction,National park,1081452875368957536,Jabiru,AU,0x2cb9d10f23ab6185:0xf0217a90db10660,https://lh3.googleusercontent.com/gps-cs-s/AC9h4noMcRjq8FlUkmVp-XCMovSv9fHV5BRbNWXKKfrhkze23QjQapmDYpWuSq0oqOEfoXT-Q82PqEsslbbJCblydXfu8U-bSEMLRvezvJfec-eU3-hkN8I2kjcRXi4fXtvvCBJiCBIk6A=w408-h306-k-no,False,False,en,0,-13.0922931,132.3937658,Dreamer 05,,en,False,ChIJhWGrIw_RuSwRYAaxDakXAg8,886,,9 months ago,2024-12-04T21:05:27.655Z,,,,,,,ChdDSUhNMG9nS0VJQ0FnSURQbmZURjdRRRAB,,,,,,,,,,,,,,,,,,,,,,,,,,,,,,,,,,,,,,,,,,,,,,,,,,,Google,https://www.google.com/maps/reviews/data=!4m8!14m7!1m6!2m5!1sChdDSUhNMG9nS0VJQ0FnSURQbmZURjdRRRAB!2m1!1s0x0:0xf0217a90db10660!3m1!1s2@1:CIHM0ogKEICAgIDPnfTF7QE%7C%7C?hl=en,102733940970308876677,2,https://lh3.googleusercontent.com/a-/ALV-UjWWSMHFHS1R47QJJdb0SNG8sUQuQALucM4k5Xd6YjGq791tOK_9=s1920-c-rp-mo-br100,https://www.google.com/maps/contrib/102733940970308876677?hl=en,1508,2025-09-21T15:08:11.430Z,"Direct Detail URL: https://www.google.com/maps/place/Kakadu+National+Park/@-13.0922879,132.3911909,17z/data=!4m8!3m7!1s0x2cb9d10f23ab6185:0xf0217a90db10660!8m2!3d-13.0922931!4d132.3937658!9m1!1b1!16zL20vMHBzZ3M?entry=ttu&g_ep=EgoyMDI1MDkxNy4wIKXMDSoASAFQAw%3D%3D",5,Northern Territory,Kakadu Hwy,False,Would recommend really good views,,Kakadu National Park,4.4,,https://www.google.com/maps/search/?api=1&query=Kakadu%20National%20Park&query_place_id=ChIJhWGrIw_RuSwRYAaxDakXAg8,,Positive
"Kakadu Hwy, Jabiru NT 0886, Australia",National park,Tourist attraction,National park,1081452875368957536,Jabiru,AU,0x2cb9d10f23ab6185:0xf0217a90db10660,https://lh3.googleusercontent.com/gps-cs-s/AC9h4noMcRjq8FlUkmVp-XCMovSv9fHV5BRbNWXKKfrhkze23QjQapmDYpWuSq0oqOEfoXT-Q82PqEsslbbJCblydXfu8U-bSEMLRvezvJfec-eU3-hkN8I2kjcRXi4fXtvvCBJiCBIk6A=w408-h306-k-no,False,True,en,0,-13.0922931,132.3937658,Brandon Lee Saltenberger,,de,False,ChIJhWGrIw_RuSwRYAaxDakXAg8,886,,10 months ago,2024-11-16T21:03:05.581Z,,,,,,,ChZDSUhNMG9nS0VJQ0FnSUQzaGVhWGNnEAE,,,,,,,,,,,,,,,,,,,,,,,,,,,,,,,,,,,,,,,,,,,,,,,,,,,Google,https://www.google.com/maps/reviews/data=!4m8!14m7!1m6!2m5!1sChZDSUhNMG9nS0VJQ0FnSUQzaGVhWGNnEAE!2m1!1s0x0:0xf0217a90db10660!3m1!1s2@1:CIHM0ogKEICAgID3heaXcg%7C%7C?hl=en,113063891331660137350,30,https://lh3.googleusercontent.com/a-/ALV-UjWaRRFKFLgOS0D9CJjzh0keJX1SmuD4eyJ-Pe8QAc7yzicU24fH=s1920-c-rp-mo-ba3-br100,https://www.google.com/maps/contrib/113063891331660137350?hl=en,1508,2025-09-21T15:08:11.430Z,"Direct Detail URL: https://www.google.com/maps/place/Kakadu+National+Park/@-13.0922879,132.3911909,17z/data=!4m8!3m7!1s0x2cb9d10f23ab6185:0xf0217a90db10660!8m2!3d-13.0922931!4d132.3937658!9m1!1b1!16zL20vMHBzZ3M?entry=ttu&g_ep=EgoyMDI1MDkxNy4wIKXMDSoASAFQAw%3D%3D",5,Northern Territory,Kakadu Hwy,False,Wunderschön,Beautiful,Kakadu National Park,4.4,en,https://www.google.com/maps/search/?api=1&query=Kakadu%20National%20Park&query_place_id=ChIJhWGrIw_RuSwRYAaxDakXAg8,,Neutral
"Kakadu Hwy, Jabiru NT 0886, Australia",National park,Tourist attraction,National park,1081452875368957536,Jabiru,AU,0x2cb9d10f23ab6185:0xf0217a90db10660,https://lh3.googleusercontent.com/gps-cs-s/AC9h4noMcRjq8FlUkmVp-XCMovSv9fHV5BRbNWXKKfrhkze23QjQapmDYpWuSq0oqOEfoXT-Q82PqEsslbbJCblydXfu8U-bSEMLRvezvJfec-eU3-hkN8I2kjcRXi4fXtvvCBJiCBIk6A=w408-h306-k-no,False,True,en,0,-13.0922931,132.3937658,Maria Baho,,,False,ChIJhWGrIw_RuSwRYAaxDakXAg8,886,,10 months ago,2024-11-13T06:02:05.845Z,,,,,,,ChZDSUhNMG9nS0VJQ0FnSUQzM0plalp3EAE,,,,,,,,,,,,,,,,,,,,,,,,,,,,,,,,,,,,,,,,,,,,,,,,,,,Google,https://www.google.com/maps/reviews/data=!4m8!14m7!1m6!2m5!1sChZDSUhNMG9nS0VJQ0FnSUQzM0plalp3EAE!2m1!1s0x0:0xf0217a90db10660!3m1!1s2@1:CIHM0ogKEICAgID33JejZw%7C%7C?hl=en,104077943298754826073,15,https://lh3.googleusercontent.com/a/ACg8ocLwc2u6xs2ycEKfycep7ERO1urAWdnhOS0lvyNaoHOQGciEASE=s1920-c-rp-mo-ba3-br100,https://www.google.com/maps/contrib/104077943298754826073?hl=en,1508,2025-09-21T15:08:11.430Z,"Direct Detail URL: https://www.google.com/maps/place/Kakadu+National+Park/@-13.0922879,132.3911909,17z/data=!4m8!3m7!1s0x2cb9d10f23ab6185:0xf0217a90db10660!8m2!3d-13.0922931!4d132.3937658!9m1!1b1!16zL20vMHBzZ3M?entry=ttu&g_ep=EgoyMDI1MDkxNy4wIKXMDSoASAFQAw%3D%3D",1,Northern Territory,Kakadu Hwy,False,,,Kakadu National Park,4.4,,https://www.google.com/maps/search/?api=1&query=Kakadu%20National%20Park&query_place_id=ChIJhWGrIw_RuSwRYAaxDakXAg8,,Negative
"Kakadu Hwy, Jabiru NT 0886, Australia",National park,Tourist attraction,National park,1081452875368957536,Jabiru,AU,0x2cb9d10f23ab6185:0xf0217a90db10660,https://lh3.googleusercontent.com/gps-cs-s/AC9h4noMcRjq8FlUkmVp-XCMovSv9fHV5BRbNWXKKfrhkze23QjQapmDYpWuSq0oqOEfoXT-Q82PqEsslbbJCblydXfu8U-bSEMLRvezvJfec-eU3-hkN8I2kjcRXi4fXtvvCBJiCBIk6A=w408-h306-k-no,False,True,en,0,-13.0922931,132.3937658,G G,,,False,ChIJhWGrIw_RuSwRYAaxDakXAg8,886,,10 months ago,2024-11-08T05:00:19.507Z,,,,,,,ChdDSUhNMG9nS0VJQ0FnSUMzN2ZLazFRRRAB,,,,,,,,,,,,,,,,,,,,,,,,,,,,,,,,,,,,,,,,,,,,,,,,,,,Google,https://www.google.com/maps/reviews/data=!4m8!14m7!1m6!2m5!1sChdDSUhNMG9nS0VJQ0FnSUMzN2ZLazFRRRAB!2m1!1s0x0:0xf0217a90db10660!3m1!1s2@1:CIHM0ogKEICAgIC37fKk1QE%7C%7C?hl=en,118047155148054086118,184,https://lh3.googleusercontent.com/a-/ALV-UjW2Ap6a8c6q9Km2O1wRT60QmZNy3fVUw-6m11-roOkdyY-6S_UuvA=s1920-c-rp-mo-ba6-br100,https://www.google.com/maps/contrib/118047155148054086118?hl=en,1508,2025-09-21T15:08:11.430Z,"Direct Detail URL: https://www.google.com/maps/place/Kakadu+National+Park/@-13.0922879,132.3911909,17z/data=!4m8!3m7!1s0x2cb9d10f23ab6185:0xf0217a90db10660!8m2!3d-13.0922931!4d132.3937658!9m1!1b1!16zL20vMHBzZ3M?entry=ttu&g_ep=EgoyMDI1MDkxNy4wIKXMDSoASAFQAw%3D%3D",5,Northern Territory,Kakadu Hwy,False,,,Kakadu National Park,4.4,,https://www.google.com/maps/search/?api=1&query=Kakadu%20National%20Park&query_place_id=ChIJhWGrIw_RuSwRYAaxDakXAg8,,Positive
"Kakadu Hwy, Jabiru NT 0886, Australia",National park,Tourist attraction,National park,1081452875368957536,Jabiru,AU,0x2cb9d10f23ab6185:0xf0217a90db10660,https://lh3.googleusercontent.com/gps-cs-s/AC9h4noMcRjq8FlUkmVp-XCMovSv9fHV5BRbNWXKKfrhkze23QjQapmDYpWuSq0oqOEfoXT-Q82PqEsslbbJCblydXfu8U-bSEMLRvezvJfec-eU3-hkN8I2kjcRXi4fXtvvCBJiCBIk6A=w408-h306-k-no,False,False,en,0,-13.0922931,132.3937658,Odhran McLaughlin,,,False,ChIJhWGrIw_RuSwRYAaxDakXAg8,886,,10 months ago,2024-11-07T02:12:55.428Z,,,,,,,ChZDSUhNMG9nS0VJQ0FnSUMzMmRqcE13EAE,,,,,,,,,,,,,,,,,,,,,,,,,,,,,,,,,,,,,,,,,,,,,,,,,,,Google,https://www.google.com/maps/reviews/data=!4m8!14m7!1m6!2m5!1sChZDSUhNMG9nS0VJQ0FnSUMzMmRqcE13EAE!2m1!1s0x0:0xf0217a90db10660!3m1!1s2@1:CIHM0ogKEICAgIC32djpMw%7C%7C?hl=en,114902956744908416285,1,https://lh3.googleusercontent.com/a/ACg8ocKZQTkmXz4Sc5xkfMQ1_J7waFZaZrgSGD6W7mZuahVMPfkU=s1920-c-rp-mo-br100,https://www.google.com/maps/contrib/114902956744908416285?hl=en,1508,2025-09-21T15:08:11.430Z,"Direct Detail URL: https://www.google.com/maps/place/Kakadu+National+Park/@-13.0922879,132.3911909,17z/data=!4m8!3m7!1s0x2cb9d10f23ab6185:0xf0217a90db10660!8m2!3d-13.0922931!4d132.3937658!9m1!1b1!16zL20vMHBzZ3M?entry=ttu&g_ep=EgoyMDI1MDkxNy4wIKXMDSoASAFQAw%3D%3D",4,Northern Territory,Kakadu Hwy,False,,,Kakadu National Park,4.4,,https://www.google.com/maps/search/?api=1&query=Kakadu%20National%20Park&query_place_id=ChIJhWGrIw_RuSwRYAaxDakXAg8,,Positive
"Kakadu Hwy, Jabiru NT 0886, Australia",National park,Tourist attraction,National park,1081452875368957536,Jabiru,AU,0x2cb9d10f23ab6185:0xf0217a90db10660,https://lh3.googleusercontent.com/gps-cs-s/AC9h4noMcRjq8FlUkmVp-XCMovSv9fHV5BRbNWXKKfrhkze23QjQapmDYpWuSq0oqOEfoXT-Q82PqEsslbbJCblydXfu8U-bSEMLRvezvJfec-eU3-hkN8I2kjcRXi4fXtvvCBJiCBIk6A=w408-h306-k-no,False,True,en,0,-13.0922931,132.3937658,Alejandro Zazueta Beltran,,,False,ChIJhWGrIw_RuSwRYAaxDakXAg8,886,,10 months ago,2024-11-04T00:46:04.206Z,,,,,,,ChZDSUhNMG9nS0VJQ0FnSUMzZ3BMdkV3EAE,,,,,,,,,,,,,,,,,,,,,,,,,,,,,,,,,,,,,,,,,,,,,,,,,,,Google,https://www.google.com/maps/reviews/data=!4m8!14m7!1m6!2m5!1sChZDSUhNMG9nS0VJQ0FnSUMzZ3BMdkV3EAE!2m1!1s0x0:0xf0217a90db10660!3m1!1s2@1:CIHM0ogKEICAgIC3gpLvEw%7C%7C?hl=en,107582733276817344466,3,https://lh3.googleusercontent.com/a-/ALV-UjXCEMbXnl-nd7VTs1UdbU1UAZCJ_LLyxOcu0xwS51TgOgpkQKQ=s1920-c-rp-mo-ba2-br100,https://www.google.com/maps/contrib/107582733276817344466?hl=en,1508,2025-09-21T15:08:11.430Z,"Direct Detail URL: https://www.google.com/maps/place/Kakadu+National+Park/@-13.0922879,132.3911909,17z/data=!4m8!3m7!1s0x2cb9d10f23ab6185:0xf0217a90db10660!8m2!3d-13.0922931!4d132.3937658!9m1!1b1!16zL20vMHBzZ3M?entry=ttu&g_ep=EgoyMDI1MDkxNy4wIKXMDSoASAFQAw%3D%3D",4,Northern Territory,Kakadu Hwy,False,,,Kakadu National Park,4.4,,https://www.google.com/maps/search/?api=1&query=Kakadu%20National%20Park&query_place_id=ChIJhWGrIw_RuSwRYAaxDakXAg8,,Positive
"Kakadu Hwy, Jabiru NT 0886, Australia",National park,Tourist attraction,National park,1081452875368957536,Jabiru,AU,0x2cb9d10f23ab6185:0xf0217a90db10660,https://lh3.googleusercontent.com/gps-cs-s/AC9h4noMcRjq8FlUkmVp-XCMovSv9fHV5BRbNWXKKfrhkze23QjQapmDYpWuSq0oqOEfoXT-Q82PqEsslbbJCblydXfu8U-bSEMLRvezvJfec-eU3-hkN8I2kjcRXi4fXtvvCBJiCBIk6A=w408-h306-k-no,False,True,en,0,-13.0922931,132.3937658,Trey Cate,,en,False,ChIJhWGrIw_RuSwRYAaxDakXAg8,886,,10 months ago,2024-10-23T21:33:37.666Z,,,,,,,ChZDSUhNMG9nS0VJQ0FnSURYMk9IWElnEAE,,,,,,,,,,,,,,,,,,,,,,,,,,,,,,,,,,,,,,,,,,,,,,,,,,,Google,https://www.google.com/maps/reviews/data=!4m8!14m7!1m6!2m5!1sChZDSUhNMG9nS0VJQ0FnSURYMk9IWElnEAE!2m1!1s0x0:0xf0217a90db10660!3m1!1s2@1:CIHM0ogKEICAgIDX2OHXIg%7C%7C?hl=en,102198634580337083686,29,https://lh3.googleusercontent.com/a/ACg8ocIM2OdUJpZDf9JaLN2m_MLtBrO8PEzrjahcD9JJkhnQPc0NXg=s1920-c-rp-mo-ba3-br100,https://www.google.com/maps/contrib/102198634580337083686?hl=en,1508,2025-09-21T15:08:11.430Z,"Direct Detail URL: https://www.google.com/maps/place/Kakadu+National+Park/@-13.0922879,132.3911909,17z/data=!4m8!3m7!1s0x2cb9d10f23ab6185:0xf0217a90db10660!8m2!3d-13.0922931!4d132.3937658!9m1!1b1!16zL20vMHBzZ3M?entry=ttu&g_ep=EgoyMDI1MDkxNy4wIKXMDSoASAFQAw%3D%3D",1,Northern Territory,Kakadu Hwy,False,"Lots of kaka, but nothing to du.",,Kakadu National Park,4.4,,https://www.google.com/maps/search/?api=1&query=Kakadu%20National%20Park&query_place_id=ChIJhWGrIw_RuSwRYAaxDakXAg8,,Neutral
"Kakadu Hwy, Jabiru NT 0886, Australia",National park,Tourist attraction,National park,1081452875368957536,Jabiru,AU,0x2cb9d10f23ab6185:0xf0217a90db10660,https://lh3.googleusercontent.com/gps-cs-s/AC9h4noMcRjq8FlUkmVp-XCMovSv9fHV5BRbNWXKKfrhkze23QjQapmDYpWuSq0oqOEfoXT-Q82PqEsslbbJCblydXfu8U-bSEMLRvezvJfec-eU3-hkN8I2kjcRXi4fXtvvCBJiCBIk6A=w408-h306-k-no,False,False,en,0,-13.0922931,132.3937658,Крістіна Вжешневська,,uk,False,ChIJhWGrIw_RuSwRYAaxDakXAg8,886,,11 months ago,2024-10-15T14:52:34.677Z,,,,,,,ChZDSUhNMG9nS0VJQ0FnSUNYdXRDSFh3EAE,,,,,,,,,,,,,,,,,,,,,,,,,,,,,,,,,,,,,,,,,,,,,,,,,,,Google,https://www.google.com/maps/reviews/data=!4m8!14m7!1m6!2m5!1sChZDSUhNMG9nS0VJQ0FnSUNYdXRDSFh3EAE!2m1!1s0x0:0xf0217a90db10660!3m1!1s2@1:CIHM0ogKEICAgICXutCHXw%7C%7C?hl=en,118288665572704451766,1,https://lh3.googleusercontent.com/a/ACg8ocKjcy5fv7gktTF1QKgnSP3P9BC2eDeIRZgbiS_kgcn8m_LfJw=s1920-c-rp-mo-br100,https://www.google.com/maps/contrib/118288665572704451766?hl=en,1508,2025-09-21T15:08:11.430Z,"Direct Detail URL: https://www.google.com/maps/place/Kakadu+National+Park/@-13.0922879,132.3911909,17z/data=!4m8!3m7!1s0x2cb9d10f23ab6185:0xf0217a90db10660!8m2!3d-13.0922931!4d132.3937658!9m1!1b1!16zL20vMHBzZ3M?entry=ttu&g_ep=EgoyMDI1MDkxNy4wIKXMDSoASAFQAw%3D%3D",1,Northern Territory,Kakadu Hwy,False,Не написано нічого про його історію скорочено тільки написано що непотрібно!,"Nothing is written about his story, abbreviated, only what is unnecessary is written!",Kakadu National Park,4.4,en,https://www.google.com/maps/search/?api=1&query=Kakadu%20National%20Park&query_place_id=ChIJhWGrIw_RuSwRYAaxDakXAg8,,Neutral
"Kakadu Hwy, Jabiru NT 0886, Australia",National park,Tourist attraction,National park,1081452875368957536,Jabiru,AU,0x2cb9d10f23ab6185:0xf0217a90db10660,https://lh3.googleusercontent.com/gps-cs-s/AC9h4noMcRjq8FlUkmVp-XCMovSv9fHV5BRbNWXKKfrhkze23QjQapmDYpWuSq0oqOEfoXT-Q82PqEsslbbJCblydXfu8U-bSEMLRvezvJfec-eU3-hkN8I2kjcRXi4fXtvvCBJiCBIk6A=w408-h306-k-no,False,True,en,0,-13.0922931,132.3937658,Kevin Fraser,,en,False,ChIJhWGrIw_RuSwRYAaxDakXAg8,886,,11 months ago,2024-09-28T06:44:58.716Z,,,,,,,ChZDSUhNMG9nS0VJQ0FnSUNuMWJXQUtnEAE,https://lh3.googleusercontent.com/geougc-cs/AB3l90AbYiYRYVH-7slBbUpkuyY-jptT8LJwPC1tydCTknLRSPl43KDY1lpV9qX8fN-pJ3cyw5JLvEKkFo2CssCMGDwDw6SgZOrklfXK3fcwM83fz-rW_CllYs_dTHvQRoLRGWTBoXvcmA,https://lh3.googleusercontent.com/geougc-cs/AB3l90BC_vzOaKRoglQcu7gwt7vilpe7vpAUtx7_HZqKSnSd68vjVHUHo2psEAYYUQ3X0LJBM0rRAEuM0lRr3-ICv6ce7p2XNzFT_8tHu6zzbeuXGxuIghcOSxbVfBa2Roq72jGJxrC1,https://lh3.googleusercontent.com/geougc-cs/AB3l90AST3QwcZ5wsL6fl62RVRxiyH-ElZp7d_KN0nMyLdfvDVDBUkrFqQgoCGyQUFoEtL6nGlqTrjuvR06HDaYOBt9kZG1ST-RETJo_6B_4OaAQfFtg_u07KMrMdBKQxAzDtW4ORePZTg,https://lh3.googleusercontent.com/geougc-cs/AB3l90DT0c_8RL5XkwGnetCBecHVuCOKGWqyv3W4tL6FZExDahODKDJCVfGBnLU0Dps3kUrYElRQ1wD_beX2hHyelekzStfXV7Cx1TLLmZQ7STaJyjens-S9iiIxcpHN8kARUwFxDrk,,,,,,,,,,,,,,,,,,,,,,,,,,,,,,,,,,,,,,,,,,,,,,,Google,https://www.google.com/maps/reviews/data=!4m8!14m7!1m6!2m5!1sChZDSUhNMG9nS0VJQ0FnSUNuMWJXQUtnEAE!2m1!1s0x0:0xf0217a90db10660!3m1!1s2@1:CIHM0ogKEICAgICn1bWAKg%7C%7C?hl=en,100915499308194607650,60,https://lh3.googleusercontent.com/a/ACg8ocIUOKX5JAF-z35O9sb2FmZyIE3I9Hv8e_vAHoSXvj5fL8GEww=s1920-c-rp-mo-ba4-br100,https://www.google.com/maps/contrib/100915499308194607650?hl=en,1508,2025-09-21T15:08:11.430Z,"Direct Detail URL: https://www.google.com/maps/place/Kakadu+National+Park/@-13.0922879,132.3911909,17z/data=!4m8!3m7!1s0x2cb9d10f23ab6185:0xf0217a90db10660!8m2!3d-13.0922931!4d132.3937658!9m1!1b1!16zL20vMHBzZ3M?entry=ttu&g_ep=EgoyMDI1MDkxNy4wIKXMDSoASAFQAw%3D%3D",5,Northern Territory,Kakadu Hwy,False,Soon good it is still untouched or spoiled,,Kakadu National Park,4.4,,https://www.google.com/maps/search/?api=1&query=Kakadu%20National%20Park&query_place_id=ChIJhWGrIw_RuSwRYAaxDakXAg8,,Positive
"Kakadu Hwy, Jabiru NT 0886, Australia",National park,Tourist attraction,National park,1081452875368957536,Jabiru,AU,0x2cb9d10f23ab6185:0xf0217a90db10660,https://lh3.googleusercontent.com/gps-cs-s/AC9h4noMcRjq8FlUkmVp-XCMovSv9fHV5BRbNWXKKfrhkze23QjQapmDYpWuSq0oqOEfoXT-Q82PqEsslbbJCblydXfu8U-bSEMLRvezvJfec-eU3-hkN8I2kjcRXi4fXtvvCBJiCBIk6A=w408-h306-k-no,False,False,en,0,-13.0922931,132.3937658,Quang 32. Lương Đức Quang,,,False,ChIJhWGrIw_RuSwRYAaxDakXAg8,886,,a year ago,2024-09-14T14:55:03.068Z,,,,,,,ChZDSUhNMG9nS0VJQ0FnSURIaXRPc01REAE,,,,,,,,,,,,,,,,,,,,,,,,,,,,,,,,,,,,,,,,,,,,,,,,,,,Google,https://www.google.com/maps/reviews/data=!4m8!14m7!1m6!2m5!1sChZDSUhNMG9nS0VJQ0FnSURIaXRPc01REAE!2m1!1s0x0:0xf0217a90db10660!3m1!1s2@1:CIHM0ogKEICAgIDHitOsMQ%7C%7C?hl=en,102912741362530080817,0,https://lh3.googleusercontent.com/a/ACg8ocLL63_EYEvWVM-Th-BqvomPKVa84OmYF0DbGqJKhCSBfg7dmA=s1920-c-rp-mo-br100,https://www.google.com/maps/contrib/102912741362530080817?hl=en,1508,2025-09-21T15:08:11.430Z,"Direct Detail URL: https://www.google.com/maps/place/Kakadu+National+Park/@-13.0922879,132.3911909,17z/data=!4m8!3m7!1s0x2cb9d10f23ab6185:0xf0217a90db10660!8m2!3d-13.0922931!4d132.3937658!9m1!1b1!16zL20vMHBzZ3M?entry=ttu&g_ep=EgoyMDI1MDkxNy4wIKXMDSoASAFQAw%3D%3D",5,Northern Territory,Kakadu Hwy,False,,,Kakadu National Park,4.4,,https://www.google.com/maps/search/?api=1&query=Kakadu%20National%20Park&query_place_id=ChIJhWGrIw_RuSwRYAaxDakXAg8,,Positive
"Kakadu Hwy, Jabiru NT 0886, Australia",National park,Tourist attraction,National park,1081452875368957536,Jabiru,AU,0x2cb9d10f23ab6185:0xf0217a90db10660,https://lh3.googleusercontent.com/gps-cs-s/AC9h4noMcRjq8FlUkmVp-XCMovSv9fHV5BRbNWXKKfrhkze23QjQapmDYpWuSq0oqOEfoXT-Q82PqEsslbbJCblydXfu8U-bSEMLRvezvJfec-eU3-hkN8I2kjcRXi4fXtvvCBJiCBIk6A=w408-h306-k-no,False,True,en,0,-13.0922931,132.3937658,Sanjay Patel,,en,False,ChIJhWGrIw_RuSwRYAaxDakXAg8,886,,a year ago,2024-09-14T03:07:38.320Z,,,,,,,ChZDSUhNMG9nS0VJQ0FnSURINHFUaWFBEAE,,,,,,,,,,,,,,,,,,,,,,,,,,,,,,,,,,,,,,,,,,,,,,,,,,,Google,https://www.google.com/maps/reviews/data=!4m8!14m7!1m6!2m5!1sChZDSUhNMG9nS0VJQ0FnSURINHFUaWFBEAE!2m1!1s0x0:0xf0217a90db10660!3m1!1s2@1:CIHM0ogKEICAgIDH4qTiaA%7C%7C?hl=en,113411204479604443734,332,https://lh3.googleusercontent.com/a-/ALV-UjXgvM5p_v3I-1pY9mVJgBZ2qW-J8wfFMLMHNA5xNe8olGsDES4Ekw=s1920-c-rp-mo-ba5-br100,https://www.google.com/maps/contrib/113411204479604443734?hl=en,1508,2025-09-21T15:08:11.430Z,"Direct Detail URL: https://www.google.com/maps/place/Kakadu+National+Park/@-13.0922879,132.3911909,17z/data=!4m8!3m7!1s0x2cb9d10f23ab6185:0xf0217a90db10660!8m2!3d-13.0922931!4d132.3937658!9m1!1b1!16zL20vMHBzZ3M?entry=ttu&g_ep=EgoyMDI1MDkxNy4wIKXMDSoASAFQAw%3D%3D",5,Northern Territory,Kakadu Hwy,False,Must go place and had to be part of your bucket list; doesn't matter which part of the world you live.,,Kakadu National Park,4.4,,https://www.google.com/maps/search/?api=1&query=Kakadu%20National%20Park&query_place_id=ChIJhWGrIw_RuSwRYAaxDakXAg8,,Positive
"Kakadu Hwy, Jabiru NT 0886, Australia",National park,Tourist attraction,National park,1081452875368957536,Jabiru,AU,0x2cb9d10f23ab6185:0xf0217a90db10660,https://lh3.googleusercontent.com/gps-cs-s/AC9h4noMcRjq8FlUkmVp-XCMovSv9fHV5BRbNWXKKfrhkze23QjQapmDYpWuSq0oqOEfoXT-Q82PqEsslbbJCblydXfu8U-bSEMLRvezvJfec-eU3-hkN8I2kjcRXi4fXtvvCBJiCBIk6A=w408-h306-k-no,False,True,en,0,-13.0922931,132.3937658,L E “Mary-jayne” Taylor,,en,False,ChIJhWGrIw_RuSwRYAaxDakXAg8,886,,a year ago,2024-09-11T16:55:05.940Z,,,,,,,ChdDSUhNMG9nS0VJQ0FnSURIOE42RDZBRRAB,,,,,,,,,,,,,,,,,,,,,,,,,,,,,,,,,,,,,,,,,,,,,,,,,,,Google,https://www.google.com/maps/reviews/data=!4m8!14m7!1m6!2m5!1sChdDSUhNMG9nS0VJQ0FnSURIOE42RDZBRRAB!2m1!1s0x0:0xf0217a90db10660!3m1!1s2@1:CIHM0ogKEICAgIDH8N6D6AE%7C%7C?hl=en,104442568296112211387,195,https://lh3.googleusercontent.com/a-/ALV-UjWfyl-fpAdwR-bGiBve0iZdVB04gxhb4ZPwBMm9MsJL_CFi_1yu=s1920-c-rp-mo-ba5-br100,https://www.google.com/maps/contrib/104442568296112211387?hl=en,1508,2025-09-21T15:08:11.430Z,"Direct Detail URL: https://www.google.com/maps/place/Kakadu+National+Park/@-13.0922879,132.3911909,17z/data=!4m8!3m7!1s0x2cb9d10f23ab6185:0xf0217a90db10660!8m2!3d-13.0922931!4d132.3937658!9m1!1b1!16zL20vMHBzZ3M?entry=ttu&g_ep=EgoyMDI1MDkxNy4wIKXMDSoASAFQAw%3D%3D",5,Northern Territory,Kakadu Hwy,False,For the top end of Australia is one of the best views in the world. other than the south end of Australia.,,Kakadu National Park,4.4,,https://www.google.com/maps/search/?api=1&query=Kakadu%20National%20Park&query_place_id=ChIJhWGrIw_RuSwRYAaxDakXAg8,,Positive
"Kakadu Hwy, Jabiru NT 0886, Australia",National park,Tourist attraction,National park,1081452875368957536,Jabiru,AU,0x2cb9d10f23ab6185:0xf0217a90db10660,https://lh3.googleusercontent.com/gps-cs-s/AC9h4noMcRjq8FlUkmVp-XCMovSv9fHV5BRbNWXKKfrhkze23QjQapmDYpWuSq0oqOEfoXT-Q82PqEsslbbJCblydXfu8U-bSEMLRvezvJfec-eU3-hkN8I2kjcRXi4fXtvvCBJiCBIk6A=w408-h306-k-no,False,True,en,0,-13.0922931,132.3937658,Craig Burnard,,en,False,ChIJhWGrIw_RuSwRYAaxDakXAg8,886,,a year ago,2024-08-28T11:52:36.142Z,,,,,,,ChdDSUhNMG9nS0VJQ0FnSUQ3ODhlWTB3RRAB,,,,,,,,,,,,,,,,,,,,,,,,,,,,,,,,,,,,,,,,,,,,,,,,,,,Google,https://www.google.com/maps/reviews/data=!4m8!14m7!1m6!2m5!1sChdDSUhNMG9nS0VJQ0FnSUQ3ODhlWTB3RRAB!2m1!1s0x0:0xf0217a90db10660!3m1!1s2@1:CIHM0ogKEICAgID788eY0wE%7C%7C?hl=en,108256426779045538420,50,https://lh3.googleusercontent.com/a/ACg8ocKjJURmlWsnoPLDzb6kCzxw9oT_iqCkLRxm8TAZLCDesurmEPg=s1920-c-rp-mo-ba3-br100,https://www.google.com/maps/contrib/108256426779045538420?hl=en,1508,2025-09-21T15:08:11.430Z,"Direct Detail URL: https://www.google.com/maps/place/Kakadu+National+Park/@-13.0922879,132.3911909,17z/data=!4m8!3m7!1s0x2cb9d10f23ab6185:0xf0217a90db10660!8m2!3d-13.0922931!4d132.3937658!9m1!1b1!16zL20vMHBzZ3M?entry=ttu&g_ep=EgoyMDI1MDkxNy4wIKXMDSoASAFQAw%3D%3D",5,Northern Territory,Kakadu Hwy,False,"We did free (book online) Ranger guided tours at Cahill Crossing and Ubirr. Natasha aka Tash,or Nat, did an outstanding job!  Not only is her immediate family custodians of Kakadu but her endearing personality, humour, knowledge, grace, coupled with a wealth of information, dreaming stories, and anecdotes kept us enthralled. Tash also gracefully managed to calm and engage some excitable little kids. We need to help support such
enterprise and commitment.",,Kakadu National Park,4.4,,https://www.google.com/maps/search/?api=1&query=Kakadu%20National%20Park&query_place_id=ChIJhWGrIw_RuSwRYAaxDakXAg8,,Positive
"Kakadu Hwy, Jabiru NT 0886, Australia",National park,Tourist attraction,National park,1081452875368957536,Jabiru,AU,0x2cb9d10f23ab6185:0xf0217a90db10660,https://lh3.googleusercontent.com/gps-cs-s/AC9h4noMcRjq8FlUkmVp-XCMovSv9fHV5BRbNWXKKfrhkze23QjQapmDYpWuSq0oqOEfoXT-Q82PqEsslbbJCblydXfu8U-bSEMLRvezvJfec-eU3-hkN8I2kjcRXi4fXtvvCBJiCBIk6A=w408-h306-k-no,False,True,en,0,-13.0922931,132.3937658,Kev Carroll,,en,False,ChIJhWGrIw_RuSwRYAaxDakXAg8,886,,Edited a year ago,2024-08-26T06:59:20.883Z,,,,,,,ChdDSUhNMG9nS0VJQ0FnSURiNDhpMDlnRRAB,https://lh3.googleusercontent.com/geougc-cs/AB3l90An02cbAqGy5BgH5nEjWzcM_eWHHeKo0UNH3Ys2Flrr2tl-39oz7fl2XrHHIFjPqIFlAKrb8usIO9kK03wDF74UmyUPG5s4d2Rmnbn_5J5rhUaYqyR0Jd53XW0znJshZw0XXgJI,,,,,,,,,,,,,,,,,,,,,,,,,,,,,,,,,,,,,,,,,,,,,,,,,,Google,https://www.google.com/maps/reviews/data=!4m8!14m7!1m6!2m5!1sChdDSUhNMG9nS0VJQ0FnSURiNDhpMDlnRRAB!2m1!1s0x0:0xf0217a90db10660!3m1!1s2@1:CIHM0ogKEICAgIDb48i09gE%7C%7C?hl=en,106988531307801674616,82,https://lh3.googleusercontent.com/a/ACg8ocKTKh-mp7xtP11PfoWxSKTQcB9QfXsdDtskt8ZRpam9tUw1Cw=s1920-c-rp-mo-ba3-br100,https://www.google.com/maps/contrib/106988531307801674616?hl=en,1508,2025-09-21T15:08:11.430Z,"Direct Detail URL: https://www.google.com/maps/place/Kakadu+National+Park/@-13.0922879,132.3911909,17z/data=!4m8!3m7!1s0x2cb9d10f23ab6185:0xf0217a90db10660!8m2!3d-13.0922931!4d132.3937658!9m1!1b1!16zL20vMHBzZ3M?entry=ttu&g_ep=EgoyMDI1MDkxNy4wIKXMDSoASAFQAw%3D%3D",4,Northern Territory,Kakadu Hwy,False,"Enjoyable stay, great memories and saw lots of wonderful things.",,Kakadu National Park,4.4,,https://www.google.com/maps/search/?api=1&query=Kakadu%20National%20Park&query_place_id=ChIJhWGrIw_RuSwRYAaxDakXAg8,,Positive
"Kakadu Hwy, Jabiru NT 0886, Australia",National park,Tourist attraction,National park,1081452875368957536,Jabiru,AU,0x2cb9d10f23ab6185:0xf0217a90db10660,https://lh3.googleusercontent.com/gps-cs-s/AC9h4noMcRjq8FlUkmVp-XCMovSv9fHV5BRbNWXKKfrhkze23QjQapmDYpWuSq0oqOEfoXT-Q82PqEsslbbJCblydXfu8U-bSEMLRvezvJfec-eU3-hkN8I2kjcRXi4fXtvvCBJiCBIk6A=w408-h306-k-no,False,False,en,0,-13.0922931,132.3937658,Rebeca Hernández,,,False,ChIJhWGrIw_RuSwRYAaxDakXAg8,886,,a year ago,2024-08-23T21:29:22.165Z,,,,,,,ChdDSUhNMG9nS0VJQ0FnSUQ3eHNLR3JRRRAB,,,,,,,,,,,,,,,,,,,,,,,,,,,,,,,,,,,,,,,,,,,,,,,,,,,Google,https://www.google.com/maps/reviews/data=!4m8!14m7!1m6!2m5!1sChdDSUhNMG9nS0VJQ0FnSUQ3eHNLR3JRRRAB!2m1!1s0x0:0xf0217a90db10660!3m1!1s2@1:CIHM0ogKEICAgID7xsKGrQE%7C%7C?hl=en,111138674454063997162,2,https://lh3.googleusercontent.com/a/ACg8ocIM0V5ramzY1qUGdZDGq6Jy-kFdQLrvBZ7c9KO21hRWfWDDsw=s1920-c-rp-mo-br100,https://www.google.com/maps/contrib/111138674454063997162?hl=en,1508,2025-09-21T15:08:11.430Z,"Direct Detail URL: https://www.google.com/maps/place/Kakadu+National+Park/@-13.0922879,132.3911909,17z/data=!4m8!3m7!1s0x2cb9d10f23ab6185:0xf0217a90db10660!8m2!3d-13.0922931!4d132.3937658!9m1!1b1!16zL20vMHBzZ3M?entry=ttu&g_ep=EgoyMDI1MDkxNy4wIKXMDSoASAFQAw%3D%3D",5,Northern Territory,Kakadu Hwy,False,,,Kakadu National Park,4.4,,https://www.google.com/maps/search/?api=1&query=Kakadu%20National%20Park&query_place_id=ChIJhWGrIw_RuSwRYAaxDakXAg8,,Positive
"Kakadu Hwy, Jabiru NT 0886, Australia",National park,Tourist attraction,National park,1081452875368957536,Jabiru,AU,0x2cb9d10f23ab6185:0xf0217a90db10660,https://lh3.googleusercontent.com/gps-cs-s/AC9h4noMcRjq8FlUkmVp-XCMovSv9fHV5BRbNWXKKfrhkze23QjQapmDYpWuSq0oqOEfoXT-Q82PqEsslbbJCblydXfu8U-bSEMLRvezvJfec-eU3-hkN8I2kjcRXi4fXtvvCBJiCBIk6A=w408-h306-k-no,False,True,en,0,-13.0922931,132.3937658,Nea Barabea,,en,False,ChIJhWGrIw_RuSwRYAaxDakXAg8,886,,a year ago,2024-08-20T12:51:33.898Z,,,,,,,ChZDSUhNMG9nS0VJQ0FnSUQ3OEpyQVh3EAE,,,,,,,,,,,,,,,,,,,,,,,,,,,,,,,,,,,,,,,,,,,,,,,,,,,Google,https://www.google.com/maps/reviews/data=!4m8!14m7!1m6!2m5!1sChZDSUhNMG9nS0VJQ0FnSUQ3OEpyQVh3EAE!2m1!1s0x0:0xf0217a90db10660!3m1!1s2@1:CIHM0ogKEICAgID78JrAXw%7C%7C?hl=en,107394315308972592045,322,https://lh3.googleusercontent.com/a-/ALV-UjWBEysWUYX25jFVyI66-WTyhiTTDTlTRE0GNkK20Q6ajOJott3L3A=s1920-c-rp-mo-ba5-br100,https://www.google.com/maps/contrib/107394315308972592045?hl=en,1508,2025-09-21T15:08:11.430Z,"Direct Detail URL: https://www.google.com/maps/place/Kakadu+National+Park/@-13.0922879,132.3911909,17z/data=!4m8!3m7!1s0x2cb9d10f23ab6185:0xf0217a90db10660!8m2!3d-13.0922931!4d132.3937658!9m1!1b1!16zL20vMHBzZ3M?entry=ttu&g_ep=EgoyMDI1MDkxNy4wIKXMDSoASAFQAw%3D%3D",5,Northern Territory,Kakadu Hwy,False,Beautiful national park!,,Kakadu National Park,4.4,,https://www.google.com/maps/search/?api=1&query=Kakadu%20National%20Park&query_place_id=ChIJhWGrIw_RuSwRYAaxDakXAg8,,Positive
"Kakadu Hwy, Jabiru NT 0886, Australia",National park,Tourist attraction,National park,1081452875368957536,Jabiru,AU,0x2cb9d10f23ab6185:0xf0217a90db10660,https://lh3.googleusercontent.com/gps-cs-s/AC9h4noMcRjq8FlUkmVp-XCMovSv9fHV5BRbNWXKKfrhkze23QjQapmDYpWuSq0oqOEfoXT-Q82PqEsslbbJCblydXfu8U-bSEMLRvezvJfec-eU3-hkN8I2kjcRXi4fXtvvCBJiCBIk6A=w408-h306-k-no,False,True,en,0,-13.0922931,132.3937658,Darrell Turner,,,False,ChIJhWGrIw_RuSwRYAaxDakXAg8,886,,a year ago,2024-08-14T07:04:14.380Z,,,,,,,ChZDSUhNMG9nS0VJQ0FnSUM3a3N6NVhBEAE,,,,,,,,,,,,,,,,,,,,,,,,,,,,,,,,,,,,,,,,,,,,,,,,,,,Google,https://www.google.com/maps/reviews/data=!4m8!14m7!1m6!2m5!1sChZDSUhNMG9nS0VJQ0FnSUM3a3N6NVhBEAE!2m1!1s0x0:0xf0217a90db10660!3m1!1s2@1:CIHM0ogKEICAgIC7ksz5XA%7C%7C?hl=en,106098299660151308492,10,https://lh3.googleusercontent.com/a-/ALV-UjVb25q75ie_mKmiS3W3KE19C0skN02WiaOQUQDkMkK4M48HKN25=s1920-c-rp-mo-ba2-br100,https://www.google.com/maps/contrib/106098299660151308492?hl=en,1508,2025-09-21T15:08:11.430Z,"Direct Detail URL: https://www.google.com/maps/place/Kakadu+National+Park/@-13.0922879,132.3911909,17z/data=!4m8!3m7!1s0x2cb9d10f23ab6185:0xf0217a90db10660!8m2!3d-13.0922931!4d132.3937658!9m1!1b1!16zL20vMHBzZ3M?entry=ttu&g_ep=EgoyMDI1MDkxNy4wIKXMDSoASAFQAw%3D%3D",1,Northern Territory,Kakadu Hwy,False,,,Kakadu National Park,4.4,,https://www.google.com/maps/search/?api=1&query=Kakadu%20National%20Park&query_place_id=ChIJhWGrIw_RuSwRYAaxDakXAg8,,Negative
"Kakadu Hwy, Jabiru NT 0886, Australia",National park,Tourist attraction,National park,1081452875368957536,Jabiru,AU,0x2cb9d10f23ab6185:0xf0217a90db10660,https://lh3.googleusercontent.com/gps-cs-s/AC9h4noMcRjq8FlUkmVp-XCMovSv9fHV5BRbNWXKKfrhkze23QjQapmDYpWuSq0oqOEfoXT-Q82PqEsslbbJCblydXfu8U-bSEMLRvezvJfec-eU3-hkN8I2kjcRXi4fXtvvCBJiCBIk6A=w408-h306-k-no,False,False,en,0,-13.0922931,132.3937658,Cameron Anderson,,,False,ChIJhWGrIw_RuSwRYAaxDakXAg8,886,,a year ago,2024-08-08T11:35:59.869Z,,,,,,,ChZDSUhNMG9nS0VJQ0FnSURibmMySkRnEAE,,,,,,,,,,,,,,,,,,,,,,,,,,,,,,,,,,,,,,,,,,,,,,,,,,,Google,https://www.google.com/maps/reviews/data=!4m8!14m7!1m6!2m5!1sChZDSUhNMG9nS0VJQ0FnSURibmMySkRnEAE!2m1!1s0x0:0xf0217a90db10660!3m1!1s2@1:CIHM0ogKEICAgIDbnc2JDg%7C%7C?hl=en,107832579548130128436,2,https://lh3.googleusercontent.com/a/ACg8ocLemwmEp-LWB5RPOQkSHnKS1b6jCQ3hsbpItXDqVctJemCG6w=s1920-c-rp-mo-br100,https://www.google.com/maps/contrib/107832579548130128436?hl=en,1508,2025-09-21T15:08:11.430Z,"Direct Detail URL: https://www.google.com/maps/place/Kakadu+National+Park/@-13.0922879,132.3911909,17z/data=!4m8!3m7!1s0x2cb9d10f23ab6185:0xf0217a90db10660!8m2!3d-13.0922931!4d132.3937658!9m1!1b1!16zL20vMHBzZ3M?entry=ttu&g_ep=EgoyMDI1MDkxNy4wIKXMDSoASAFQAw%3D%3D",5,Northern Territory,Kakadu Hwy,False,,,Kakadu National Park,4.4,,https://www.google.com/maps/search/?api=1&query=Kakadu%20National%20Park&query_place_id=ChIJhWGrIw_RuSwRYAaxDakXAg8,,Positive
"Kakadu Hwy, Jabiru NT 0886, Australia",National park,Tourist attraction,National park,1081452875368957536,Jabiru,AU,0x2cb9d10f23ab6185:0xf0217a90db10660,https://lh3.googleusercontent.com/gps-cs-s/AC9h4noMcRjq8FlUkmVp-XCMovSv9fHV5BRbNWXKKfrhkze23QjQapmDYpWuSq0oqOEfoXT-Q82PqEsslbbJCblydXfu8U-bSEMLRvezvJfec-eU3-hkN8I2kjcRXi4fXtvvCBJiCBIk6A=w408-h306-k-no,False,False,en,0,-13.0922931,132.3937658,stephen betheras,,en,False,ChIJhWGrIw_RuSwRYAaxDakXAg8,886,,a year ago,2024-08-06T05:08:32.128Z,,,,,,,ChZDSUhNMG9nS0VJQ0FnSURiZ2ZlZGJBEAE,,,,,,,,,,,,,,,,,,,,,,,,,,,,,,,,,,,,,,,,,,,,,,,,,,,Google,https://www.google.com/maps/reviews/data=!4m8!14m7!1m6!2m5!1sChZDSUhNMG9nS0VJQ0FnSURiZ2ZlZGJBEAE!2m1!1s0x0:0xf0217a90db10660!3m1!1s2@1:CIHM0ogKEICAgIDbgfedbA%7C%7C?hl=en,107358195318177045389,5,https://lh3.googleusercontent.com/a/ACg8ocKfJ2P5VS9TCTbLJ95FaqGOPQr-0fAuPfQtIzVvYr4IA5uzwA=s1920-c-rp-mo-br100,https://www.google.com/maps/contrib/107358195318177045389?hl=en,1508,2025-09-21T15:08:11.430Z,"Direct Detail URL: https://www.google.com/maps/place/Kakadu+National+Park/@-13.0922879,132.3911909,17z/data=!4m8!3m7!1s0x2cb9d10f23ab6185:0xf0217a90db10660!8m2!3d-13.0922931!4d132.3937658!9m1!1b1!16zL20vMHBzZ3M?entry=ttu&g_ep=EgoyMDI1MDkxNy4wIKXMDSoASAFQAw%3D%3D",1,Northern Territory,Kakadu Hwy,False,"Only Jim Jim Falls open way to far and dangerous to walk to the pool All other falls with pools shut Last there 4 years ago signs at Nourlangie and Ubirr unreadale middle of dry and Tourist season no guides on weekend obviously too lazy to work
Back to the Kakadon't days Serious waste of Taxpayers $",,Kakadu National Park,4.4,,https://www.google.com/maps/search/?api=1&query=Kakadu%20National%20Park&query_place_id=ChIJhWGrIw_RuSwRYAaxDakXAg8,,Negative
"Kakadu Hwy, Jabiru NT 0886, Australia",National park,Tourist attraction,National park,1081452875368957536,Jabiru,AU,0x2cb9d10f23ab6185:0xf0217a90db10660,https://lh3.googleusercontent.com/gps-cs-s/AC9h4noMcRjq8FlUkmVp-XCMovSv9fHV5BRbNWXKKfrhkze23QjQapmDYpWuSq0oqOEfoXT-Q82PqEsslbbJCblydXfu8U-bSEMLRvezvJfec-eU3-hkN8I2kjcRXi4fXtvvCBJiCBIk6A=w408-h306-k-no,False,True,en,0,-13.0922931,132.3937658,Dani Prange,,de,False,ChIJhWGrIw_RuSwRYAaxDakXAg8,886,,a year ago,2024-07-31T12:23:58.481Z,,,,,,,ChdDSUhNMG9nS0VJQ0FnSUNibjlySWdnRRAB,https://lh3.googleusercontent.com/geougc-cs/AB3l90DijsTDaAi9bOZ2dnKb23yJnfsWVmGCw1A3VW1UpMD3hN_VqEh-jyuC-Y63SvyGZRmbc_6ASZ8Lf0NS16j4RFf88SqjV_ULA-iXSbfP_7qvk6GVDRAiMuPXHY1Ggk_nRXRPVPY,https://lh3.googleusercontent.com/geougc-cs/AB3l90ASUkdiLgg5f2oIiri9eTARStulQ7b_Xw13dCmoUpImEuE_be9LV6q2aCt7QjbsVOy7w482fAvGg7Uo516YpXAGAl2R5Rv5zf8T1zZBNW_5_SXVz-AsvwFA2ZG2IdmvwX85SbWsVA,https://lh3.googleusercontent.com/geougc-cs/AB3l90DM5zpgfvZWJRB40_8QvR6p0RTkHcJJjO-iehEA4HaQj2gA2zZXlz_nuyCUB_PJEwHPu6QUG2_mznt4e3qjCZbE3ox7lloeP8Sj9Nq18-wRqLYbkY0y90PRiklXYXlqBB1rNmCd,https://lh3.googleusercontent.com/geougc-cs/AB3l90DU9eHpm0Z0PDxYEZuRm-D_6wNPhcrhMfZ28VfP4h22JQJMTVq8zc3uGJhGRy2yNKfAkfcA-jKI8OrGHR0_mN0x52377rbbhdiMxt14D5JfvdA0JkPJULxQGnKK5BpIP0YW79gmfQ,https://lh3.googleusercontent.com/geougc-cs/AB3l90CIvseOtDOILxi0WE3DRFXKhC7EJF2tb5wuaXE7ZWYMRoh_98fyNBo6s3TJJlTmESPRuTSbihisPrjB4pAUK68GOcKvc54HYepPsfBqkJGmxwvELaRffF6KyeE0DFN2qh15vSZ1,https://lh3.googleusercontent.com/geougc-cs/AB3l90B-txCOoSm5saz1Z79n2zzLXZymPv7gSNZ_wWrN93tyIUF5bhfKJSmSVXBmopY4qZvKvxQD3XSXLN7DUqpWYkFMNA5UnBD6W73Q1bVGYXKN7gbWWjHQbiVzRCJi_S-L9Mv5c4Nw,https://lh3.googleusercontent.com/geougc-cs/AB3l90D86TKsx8j-jui1DZMPF5Bv4jIdsfRUiQfpMIWYjxL-DSWkVEDnN8pjJSP0DV9H5xpbDlmX4DutAnbdZ-ODUhd7obNZvVwuF35rUW2iNx2Hb3u7GN1JVyPxvqXRQjN5NpDWwy2W,https://lh3.googleusercontent.com/geougc-cs/AB3l90Cygb3cFd0umSYo89uTsvVaUtevuHTWhjv5o9A5k9GYWTRqeYHgtftA_YiG0h5nFX1OUfKRi2qxhw-_yXsd7V00uQfcrJodpdXxrJuNVIW98QIoqgrpPCQUDtrm4Gbo4F7G2cBbQQ,https://lh3.googleusercontent.com/geougc-cs/AB3l90DE1g-idGOPIBtJUpRgR1-ChEVaqZVA8F4sri-cNJAVR7p__MCO76yjUG9VGU__ltISUFyb-bULNbDXP6fFB4e9Vn_OolkAg7eZzNvVneykP5vj1Ffre1trTYiFhKfYeotUm_u6,https://lh3.googleusercontent.com/geougc-cs/AB3l90AVAhmiMVyzUdJpbviaxEcwL0Txje8HzlexMqqNy7LpoOV8FXT9Z8-QgnjNN2AJ3L6l2f8u6SqaaB_qRVfyb6qizyt97C_weSFpdu44t4G67Vd76YGQe8UBjkn8PRQqvPS7_VY4hQ,https://lh3.googleusercontent.com/geougc-cs/AB3l90AzZcF8crpploGyS-QjvoHlc_j87pwg1FX0mccE3_IL2b3e76mt2g-o3Y5sscPrUWBIEgNSWDP18fEuW3q9UECre6LgCIno62J47aWOVdMZijRmFv65hBQ666GxptDFWjWgGw8,https://lh3.googleusercontent.com/geougc-cs/AB3l90C1idyipcwcE_UADAFDrGZFianQN0ALv5h5BlGHuOylUgQDvu-cdicwzsMZPAeny0G9L9t-GE6wDn66EokLCYC_8E3J_Y45vqf_o-JWI23BX7VjyVJuHhUY8B5yS-ntzANr0ACEMw,https://lh3.googleusercontent.com/geougc-cs/AB3l90Aqw8Xx8NY-mYmnu59tFM_2AF1yDw4ZLu8H8bWjpemON3bVHM2oLJBpboMV6tgu_hQ4vSkE6FIEYRVuz1ZChUy9bSW8p_OabWMca1xTI_r5zAAwfdJysBHYQpRoPsRnQ981ijp8,https://lh3.googleusercontent.com/geougc-cs/AB3l90CyUoo2B8vEvfBDQACjEjieeh_-MxibYaEpX2AhoDDyis5NlN4Ec7DmElAj9Rs9qcPRirMcBQEd28ATztL-yK5DJMMZdsKILjCAk-qtIha_NuEwOPwIoAGB9AkjJTB3Pstbr73x8w,https://lh3.googleusercontent.com/geougc-cs/AB3l90De8kUopOkidQSJxuyX99LUC7t3t_Fq8flihT-IPEwuafO_NZk1EIY_ivjdpcbIEzPN2GoAmD9ZVyWl_jJ3U161J1mVi4wzo03M6_NNEIb5yl8miXBMuJGzlBdjXIyOMkiMYLdD,https://lh3.googleusercontent.com/geougc-cs/AB3l90AKZWKp11AdCehEK35an8nZ3ccctwDPMOAqCQdXhqMxtnh64z8H_-x0FOXEcjiaZFi3yZaH8y5HSGL82fZMwBtkLB6Iq1vZemIUIwA9gMqwb9TElIfeFXQQCmh4pCmM5PXWwLQh,https://lh3.googleusercontent.com/geougc-cs/AB3l90DKWPzOQ8Rj2OdVc6XSahmYiiVSD7FLI6A7wUMjAUAjNpGdCy739WFT4pV_-D-UxqWUqhbJjVZAh2Y1bhoGnIn4HtDS0TbjiriwhzahyPq3Xbc2l-Yu5HUd1S6OR3elwo1MKc4k,https://lh3.googleusercontent.com/geougc-cs/AB3l90Dl8mOLygNwmjuY-VPwuLvh_sG_dXK3c7rGLvM0nziDIQlAH6-d7--7W7XXVIKwezOSszT_mQhkdbJ_5e257X63JAbJfyB9qAAL2VzR8HD17qi6XiSGEdYmuR7NLiR_D_1YHZkP1A,https://lh3.googleusercontent.com/geougc-cs/AB3l90DGMOBQ4IXQy3hnEhPuEuQvMi-Th7PeAacydDTzaVRdBCMJPC8advscu0DbEDyYes_rcpcU_-xxt7z_8IJZYVarXJyHlIxusZ1owIYOnx7Y29dn1baElhcJ2llaLTnVOvEjHMQP,https://lh3.googleusercontent.com/geougc-cs/AB3l90Ck5iUQd7MixmRKyU0wZgixYcH25JsGTaKMi3ATUiPK8x42atiYvZ5ajfoTIQ-0MVyU1m1mJPIcwHpvPf3xha6rNe_Fxur6OaFd4xZ0yP6pmUzU2l1ou_P8nR1Lba38ttw4H3fj,https://lh3.googleusercontent.com/geougc-cs/AB3l90BtjmqxIlaqeryOTyKsIBlnPJKnztsUrt5KVtWIfpKIBAvR4z4uz-v-FCgRCcXDye6XhH3oMuGHa9a78DMDlHv_OmsKfZtpat4ZGI1D-b_5j8jU97ghPBcAxWidO5O3ekALMM3d,https://lh3.googleusercontent.com/geougc-cs/AB3l90B2ogvzQ_sdPYy9KO9k4Z4aVO9goBT2uU96mzkCsHBUz4X8lS8RyBy35a_wpkXKdLT7gyBt510PB2S0gPAjnvHWFi6GoMvtYQXOIvhFShv5kkvGMxVu2PrZcV7SOoXfRj2cSPTi,https://lh3.googleusercontent.com/geougc-cs/AB3l90BE25aauxclgI85kWW-P2EkNLgQzhrbpK--YKKL5aq38KgZYrBGnYio45ZmjOvM1tSZFRtP12u4WPFiO_ynnJMA-iOM1Ql9CE7DmQ9NrpWn7veUztzTvVzuEvWgZfbdEFqq6z9l,https://lh3.googleusercontent.com/geougc-cs/AB3l90CKZuc07js3MjInOHsoD8UxynKMo3AC2K1l0DuwZnu0mgpz0yKSFF1jWrG76WSz8k8xc_zWzMPl_xZbrdeKpcmPHHWVQypsJ0CLk-duN7HL20DuKHJUYARII9_3tDJyZXkLR2dboA,https://lh3.googleusercontent.com/geougc-cs/AB3l90CfoSl0t6H4FYm0NTbnfMccept6p5dyja21kdi78mNqMDUi7pyscbYmmSapl0I3YbmXBDMHoDoEc4qg6tsGZ1De4RtYghECUZw5tZluSjRnsmYBl4baISPnfGC0sSNxvYlMq7kh,https://lh3.googleusercontent.com/geougc-cs/AB3l90AlHVKokzYLKT8wNV_9crDCuEEnETOO0mumtd2uGY7yF3gpD-RZ_IvQ6Z7sLBOUhF__oJ2-ERr4VPwu3QhB7WN_tgVf1s_lhA0u1ZNsBBbA6mZD9-74qNnnjGTReehyC4P0Szt_,https://lh3.googleusercontent.com/geougc-cs/AB3l90AWBn9dRfgyVT0U-tQVk1Ss67loxMazVAOm65OX_90_N2DoSyenfWu6iJcgey3XcdoVcg_IDHO_C-8ifR0OAQPUa8CTotoGSBzPSJs0rVIownWh-sC6mVwyb6cdbJARFjcmmW0,https://lh3.googleusercontent.com/geougc-cs/AB3l90Cz3v7ZePUyCT2oXkpucTmgSczCUXanARt03ozgnyRUEGfmwRKoUTHwf8UK-LAbk0vuhTlXKqBHpqcrmhF4CcVGLZUdXhAhnGDsjXf5gM4vW0MWHJeAQ6TSV4eS4v1VLSCcsXQzNA,https://lh3.googleusercontent.com/geougc-cs/AB3l90AZcQUdCeRA-mYIk8rHsxcjj4CWVlCVvBtlnLTaXfLWETDPudsrRrauYy_y1v-0vADNO5XDQTRoja6HWM2NQF_sZSgCzty2QV1V2duttn9cKDNHn02RJQbDhI5s_MdU8qlSFh8,https://lh3.googleusercontent.com/geougc-cs/AB3l90C2UZHfVDOoVc826Lc4h-2Lnj-GwhmkqNYqH-XmUH9WnPvyzzXGseZuHOSAt6B4ENZiE6gvrGo6stE5TseUPWZmRp3CmF7WUw-zd15cNhbLUvOwRU-Dfd59UkE367MqFYNTIl-O,https://lh3.googleusercontent.com/geougc-cs/AB3l90APZfhoGMtqIK7NSUj-mzaMWsEQaaouAFN6VapsSdE3ukTrtpcPYbhFiaoXvT8Vz0OksjkoRU1p1rRzyUPqnZ3XvUl4cf_zEmUr9GdHoiM362jIUPAQroFUu9MCKCdC2CiMQqOJ,https://lh3.googleusercontent.com/geougc-cs/AB3l90DRvyHmBr70G7_YSXgP34e1YrAt5u3xG0k-m9ypWkO-2rX76u8jKH1_w5gjQM01eKP2YZMtJ_BBqS7W_LcHqNBec9jgFUJitWkAqe1M83zQt2NrlZNICQKcJIG0icjGS6eylj8fOg,https://lh3.googleusercontent.com/geougc-cs/AB3l90BNwj5bifQY9CXOgKIeX1htoz1eL41Orj6Xsnwo0oD0-_7_V9WzFGTBoZHVs_1V3eZZv2HRs0ecM5TOJ73aAsbEcAcvq1-_tMgrtzV-XXXZ7H_HOl1V5VHHP6-5WAO8rZylyraQ,https://lh3.googleusercontent.com/geougc-cs/AB3l90AlLkxJC39HHumtGtf2oOoi4sH07knefTQB3S5nrRygH_LoPzDLKe1hlTeGbdBvJBWvm1MOKG5zyyupfHwxjptgx6UgtpkFSrvxr1oVMqXnWM6U_H9ReL0vvPlpS5RWOKAWfhIG,https://lh3.googleusercontent.com/geougc-cs/AB3l90C2DqGYwoWLesKQTLttuHX8ZR2tzP8nslsh6OzABjtBy_ROYmVudjjHyNFw0c9j7Vxumg2fcGiplAyOFnGfRPTKkLoIMVcTG1_M4EJ7N3DpQqVZDpwIv4fnT2i660BkN_i203g,https://lh3.googleusercontent.com/geougc-cs/AB3l90BALvvE7SpoeZbEoP9xXXX88JDOnFElaRXn-NRD469rHAjadrAGMHbxMz9z-cD9qxsBZa-12QmvLncXLrYecgH7A2KK3IWIhl1eXK4gmCrAc1Zd5MHBFfr4rOaMi8bhpQ_g9zVDVw,https://lh3.googleusercontent.com/geougc-cs/AB3l90CNlDGJf6s6m6FXYkpOs8P1WIyksntAsppR9m5gJrE0BEQnVLAEYLhJjaAKSuhImvzClBgAXvs6WfGRWERFwkHKoVAmkcUeXtAUfVM9jzyuJLMndxNVVFhHjcXsZu4clWK4AHo,https://lh3.googleusercontent.com/geougc-cs/AB3l90AZYzSopYihda5Scip97CbI5qZH8TjO5l7gl-SNCFEZDUZJk8oNldHCs6CY05dkKb-TnPciUOkyMjORhaxKEioiNjOk_ogM08aAkxSfeVor_I057PJ3bAbLp97xNKuSaf0ONmLvXw,https://lh3.googleusercontent.com/geougc-cs/AB3l90CaIq9bBy2EhPIY5GwPsky0QXeZADU--3DO51Syne9BzdGOsrrNTYg3acge2LUGLI7_f9RFglS6GUzjdGgEE0CJcZAUqV6JkWmytGZ2btdbmnS2E5v93rM3vXC3kdco1E-rLZ8,https://lh3.googleusercontent.com/geougc-cs/AB3l90AmR7RuuS5l4f7Pkng-bekWZko0_Bjghz_1yCywfuWsgiLLEjMVDfuEJou0FdSpotl7XuUS_0jZoqJruz8TfHkfJewjRF-FNbDeXLgEwsfHijL7QzAY2tjx90PTWzElRjkT_qBJ9A,https://lh3.googleusercontent.com/geougc-cs/AB3l90BXkvCrMHmn67G0kmzewycwP6HnPK6WGWhPARfUhJi0qsVzWX6LPlhHR_tlUulClXPoawdGkE9-U9_nls2KsS56l4g1AVQDF2r7s7Tx9HSzvYtTc6V08GkErvLoO27b9NkOR10,https://lh3.googleusercontent.com/geougc-cs/AB3l90DpWJoGCitjnvZ8l2fZSZVrkBAv49mfJuZYGSxohqvDsP74uP6aNmBXYjL8jlLF_Lj7VDDt3Lc4JZQUUVqEtpiyc0ajRelfe0M4ilJt3jzyRtrZUSwicLWVIHeaZhJi1OId5rRw,https://lh3.googleusercontent.com/geougc-cs/AB3l90Cn-01uYVAFXUQKHsVCjHGwZiOr2w2gorwk3kn94ozczYPQJoPLRB46oyozCF5amZ6Z-7NLClIvSRxgDk6o44YHd0xLB4zDvvkGMyuOwKLaiJ5sWJGeOtMEooT-Y3Z-dXNmebxz,https://lh3.googleusercontent.com/geougc-cs/AB3l90DzWNA1tTz3inD0sQE8c3p13ng78HY0qvZDHsi2YeIBO9Tjevf7RRjqCLysyuYSXd8fMgH5gXofyya_o2uIZAWw4ZgE_KBUnSuBz-YaGgZWlqzN2UEe-5MByOVg2nxZxJz-9_OR,https://lh3.googleusercontent.com/geougc-cs/AB3l90DhLEBaD9ySVy3H8k-ltLVXSrxUctYCpc1n_Soam4GyGADkxORnKcHBULVhNE_Ny93py17CGIyIgNUaBL1GxQw8WE-MyCvRHF09bYeTnrwQl5rTFItZgx2HEquAgwF6vHlIiHnj,https://lh3.googleusercontent.com/geougc-cs/AB3l90AodkY-t8cG5LN9aIxbGxU2BP4zJjg-ptnMMYWZgB9s4a6QWxGwEPGqkZi23Msy3NBlPb6J17b_4zyysmN5_zQ9vmqme0P8HzM1KCojH1D_saLcDF1xjB8hbQ3YeyuHWtW0H9LJVQ,https://lh3.googleusercontent.com/geougc-cs/AB3l90CR8IMfpfUcqg_3wZ5Sut2PDSsWoOrxRZPamnGaeYNWhL8Y5ULTXqUxPVJWVuUF-SSbqPWkHI-dms-jiGz-bWnAlflBJMQ5RjoVC94fN7_WZGKzVZ0DO8jzJdQUXM8bWZwMOLDP,https://lh3.googleusercontent.com/geougc-cs/AB3l90AvvmUzwCDK-w5gO3MxQ6TGUmg6seGzMbX8bS2AJ8scQFE_yiu-VuqvRHoUL69DkQEfywH4cB-5vtvQICHpXOWZH6lhIDTKyUgz3OFvNXMl5aj_JUW_VNflqByS1AT0I-as50BymA,https://lh3.googleusercontent.com/geougc-cs/AB3l90AdKkZeputa-0QxE-foAF_-cyegaxHm71uRqgv-OvG37p8zaN9SKguUee1T7hFR6IFRF-H0j5loTINAqLo2R2Tjlbfn9jxtR9qxey8RGJkPrGjoNvepyD_HKqMkAeJIEedWikTL,https://lh3.googleusercontent.com/geougc-cs/AB3l90Du_d0CV7c22B2_1ftdWAIgJmQIHKUPJzqfeFMKYZ6E14OXypyDSpQZxFRIwnPO3GQYXZWbyODc87k5_ACSTY3kOgHDDsywbrFsgeIjrtUvCcBD5JnD2i2uzK3zXpspzRhkI8_hBw,Google,https://www.google.com/maps/reviews/data=!4m8!14m7!1m6!2m5!1sChdDSUhNMG9nS0VJQ0FnSUNibjlySWdnRRAB!2m1!1s0x0:0xf0217a90db10660!3m1!1s2@1:CIHM0ogKEICAgICbn9rIggE%7C%7C?hl=en,105556621223422046120,34,https://lh3.googleusercontent.com/a/ACg8ocLzxVULde-LkUx7TyRygbD4XZmRVkh3koXI5oTNiQdx4SYx5w=s1920-c-rp-mo-ba4-br100,https://www.google.com/maps/contrib/105556621223422046120?hl=en,1508,2025-09-21T15:08:11.430Z,"Direct Detail URL: https://www.google.com/maps/place/Kakadu+National+Park/@-13.0922879,132.3911909,17z/data=!4m8!3m7!1s0x2cb9d10f23ab6185:0xf0217a90db10660!8m2!3d-13.0922931!4d132.3937658!9m1!1b1!16zL20vMHBzZ3M?entry=ttu&g_ep=EgoyMDI1MDkxNy4wIKXMDSoASAFQAw%3D%3D",5,Northern Territory,Kakadu Hwy,False,"Traumhaft schön und Natur pur, so weit wie das Auge gucken kann.
Hier und da sieht man Australiens Tierwelt.
Eine Artgalerie der Aborigines kann man hier auch entdecken","Dreamily beautiful and pure nature, as far as the eye can see.
Here and there, you can see Australian wildlife.
You can also discover an Aboriginal art gallery here.",Kakadu National Park,4.4,en,https://www.google.com/maps/search/?api=1&query=Kakadu%20National%20Park&query_place_id=ChIJhWGrIw_RuSwRYAaxDakXAg8,,Neutral
"Kakadu Hwy, Jabiru NT 0886, Australia",National park,Tourist attraction,National park,1081452875368957536,Jabiru,AU,0x2cb9d10f23ab6185:0xf0217a90db10660,https://lh3.googleusercontent.com/gps-cs-s/AC9h4noMcRjq8FlUkmVp-XCMovSv9fHV5BRbNWXKKfrhkze23QjQapmDYpWuSq0oqOEfoXT-Q82PqEsslbbJCblydXfu8U-bSEMLRvezvJfec-eU3-hkN8I2kjcRXi4fXtvvCBJiCBIk6A=w408-h306-k-no,False,True,en,0,-13.0922931,132.3937658,Walter Sutter,,en,False,ChIJhWGrIw_RuSwRYAaxDakXAg8,886,,a year ago,2024-07-27T05:43:58.765Z,,,,,,,ChdDSUhNMG9nS0VJQ0FnSUNienVxNzdBRRAB,,,,,,,,,,,,,,,,,,,,,,,,,,,,,,,,,,,,,,,,,,,,,,,,,,,Google,https://www.google.com/maps/reviews/data=!4m8!14m7!1m6!2m5!1sChdDSUhNMG9nS0VJQ0FnSUNienVxNzdBRRAB!2m1!1s0x0:0xf0217a90db10660!3m1!1s2@1:CIHM0ogKEICAgICbzuq77AE%7C%7C?hl=en,107806242160682262535,58,https://lh3.googleusercontent.com/a-/ALV-UjWF-srj6eJ7uRIys9G8vgvkvBRlIkmCBv8ZYBIvOb6go7q2algCWQ=s1920-c-rp-mo-ba3-br100,https://www.google.com/maps/contrib/107806242160682262535?hl=en,1508,2025-09-21T15:08:11.430Z,"Direct Detail URL: https://www.google.com/maps/place/Kakadu+National+Park/@-13.0922879,132.3911909,17z/data=!4m8!3m7!1s0x2cb9d10f23ab6185:0xf0217a90db10660!8m2!3d-13.0922931!4d132.3937658!9m1!1b1!16zL20vMHBzZ3M?entry=ttu&g_ep=EgoyMDI1MDkxNy4wIKXMDSoASAFQAw%3D%3D",5,Northern Territory,Kakadu Hwy,False,Amazing wildlife and fascinating pre-historic rock art sites.,,Kakadu National Park,4.4,,https://www.google.com/maps/search/?api=1&query=Kakadu%20National%20Park&query_place_id=ChIJhWGrIw_RuSwRYAaxDakXAg8,,Positive
"Kakadu Hwy, Jabiru NT 0886, Australia",National park,Tourist attraction,National park,1081452875368957536,Jabiru,AU,0x2cb9d10f23ab6185:0xf0217a90db10660,https://lh3.googleusercontent.com/gps-cs-s/AC9h4noMcRjq8FlUkmVp-XCMovSv9fHV5BRbNWXKKfrhkze23QjQapmDYpWuSq0oqOEfoXT-Q82PqEsslbbJCblydXfu8U-bSEMLRvezvJfec-eU3-hkN8I2kjcRXi4fXtvvCBJiCBIk6A=w408-h306-k-no,False,True,en,0,-13.0922931,132.3937658,Sarah Nicole,,en,False,ChIJhWGrIw_RuSwRYAaxDakXAg8,886,,a year ago,2024-07-21T01:54:20.499Z,,,,,,,ChZDSUhNMG9nS0VJQ0FnSURyMThTT1FnEAE,https://lh3.googleusercontent.com/geougc-cs/AB3l90BS6SzKLSsgvOFpQnwA2iEIkEhNZe5bZI5gMxF81zYbzraX13cmcCuMHQe0IKGatkhkGF9G6jLZv90n6oKUBvf5xzJ9s8lj9LJD376oFanojfABUHi6EhjbUwQ8u5fkW-pdK6vL,https://lh3.googleusercontent.com/geougc-cs/AB3l90CWJzrWKEpYHuJThFrbQHgdAMDQU2Nn7VqWbdTaIgGC0g_ynsjn_2kiz0JjGK26TuKcOnHBpNdk_1fpQBuS2hbdARnWsan-PEDy3Hzx-CE0U5x9VLURlv1XPKbBU_P_cCwDMZBX,https://lh3.googleusercontent.com/geougc-cs/AB3l90DTHoARjJLIEUu8obzbIuDY0Z40uq4y4WvfSShm5Eq46lI-fkG2HGnsHDvPIISFVm0nHocb_D26JvGoGxMsTncm1HmfpDQy4b8dWXMNRZ4Fc3TqWucs7qkavtknvRyQnONrg0w,https://lh3.googleusercontent.com/geougc-cs/AB3l90DSRNq2hDClORp9e7mPFpAS8RwS-R1XUSJnBaV63ZpJ9pfAIE_qW_6BYbFNzys_tzn8Qyoszv__j_mKIq1wzssfnXzwZosgtq80vmfGxxK2QocFfV5ghnQUitd0LSDMsYqxF-4Tdw,https://lh3.googleusercontent.com/geougc-cs/AB3l90Di_JAOTqaUhYXMJEM9aVOMwd79WUX0l_l7OShOQfqZrUh_f2uTb-jqHSUBR8qLhXr8xft6jfuH42y-MprZz1R7_nPgo-jg2nMi7kEyYsVDb6NU-LNa2JDoYK5N2H21dLVt9L-i7A,https://lh3.googleusercontent.com/geougc-cs/AB3l90Au_WsUJz19_ftFaQdXe6V1cZMgNP1qYjyzMYGlXTI3mKCNkR0ymfUgSUdElUxEwDsWcMkAr7pqlavOAMyZkcrwe3rZvffJ9ya-MBZNBILtu-u4MIaLb3nNJkiO_-D6dMLSIlTd,https://lh3.googleusercontent.com/geougc-cs/AB3l90DuzC99V4DKvEuiubngcQ5-8EeWA2638XIo_GEcR4slTFjH_333tb8p4OPvB9__NoBLExeoc4khXF1H8qnWNw2MOlUQAyDwpIexBaIOM7PDxLCcpKPycgS2FczCMZDricT34GpIYA,https://lh3.googleusercontent.com/geougc-cs/AB3l90Abl1imrEPivlQDuJ3iIpwW6yV8dD6MhDxgDTkyWb54A09qab6oXCFKqTcxDFkrUZUivi0ZAs-42_1obQbBjKp2NS_NWB1fBPPRxXIh46PRpF7eFf1XVPZX71I3DhI6DJpV8qXM,,,,,,,,,,,,,,,,,,,,,,,,,,,,,,,,,,,,,,,,,,,Google,https://www.google.com/maps/reviews/data=!4m8!14m7!1m6!2m5!1sChZDSUhNMG9nS0VJQ0FnSURyMThTT1FnEAE!2m1!1s0x0:0xf0217a90db10660!3m1!1s2@1:CIHM0ogKEICAgIDr18SOQg%7C%7C?hl=en,106365699028318412840,18,https://lh3.googleusercontent.com/a/ACg8ocKOtyT0HL0PKXrq84YPtWLCD5bW0LMKs8odJ7HmlHMUZwOrcw=s1920-c-rp-mo-ba2-br100,https://www.google.com/maps/contrib/106365699028318412840?hl=en,1508,2025-09-21T15:08:11.430Z,"Direct Detail URL: https://www.google.com/maps/place/Kakadu+National+Park/@-13.0922879,132.3911909,17z/data=!4m8!3m7!1s0x2cb9d10f23ab6185:0xf0217a90db10660!8m2!3d-13.0922931!4d132.3937658!9m1!1b1!16zL20vMHBzZ3M?entry=ttu&g_ep=EgoyMDI1MDkxNy4wIKXMDSoASAFQAw%3D%3D",5,Northern Territory,Kakadu Hwy,False,Amazing wildlife including crocodiles and so many birds. The map you can get is really helpful to show where different things are. Very nice camp grounds and tours. Amazing to see the rock art too. Great hikes to beautiful swimming holes,,Kakadu National Park,4.4,,https://www.google.com/maps/search/?api=1&query=Kakadu%20National%20Park&query_place_id=ChIJhWGrIw_RuSwRYAaxDakXAg8,,Positive
"Kakadu Hwy, Jabiru NT 0886, Australia",National park,Tourist attraction,National park,1081452875368957536,Jabiru,AU,0x2cb9d10f23ab6185:0xf0217a90db10660,https://lh3.googleusercontent.com/gps-cs-s/AC9h4noMcRjq8FlUkmVp-XCMovSv9fHV5BRbNWXKKfrhkze23QjQapmDYpWuSq0oqOEfoXT-Q82PqEsslbbJCblydXfu8U-bSEMLRvezvJfec-eU3-hkN8I2kjcRXi4fXtvvCBJiCBIk6A=w408-h306-k-no,False,True,en,0,-13.0922931,132.3937658,Anna Mahuika,,,False,ChIJhWGrIw_RuSwRYAaxDakXAg8,886,,a year ago,2024-07-16T10:01:17.674Z,,,,,,,ChdDSUhNMG9nS0VJQ0FnSURyNHYtNW93RRAB,,,,,,,,,,,,,,,,,,,,,,,,,,,,,,,,,,,,,,,,,,,,,,,,,,,Google,https://www.google.com/maps/reviews/data=!4m8!14m7!1m6!2m5!1sChdDSUhNMG9nS0VJQ0FnSURyNHYtNW93RRAB!2m1!1s0x0:0xf0217a90db10660!3m1!1s2@1:CIHM0ogKEICAgIDr4v-5owE%7C%7C?hl=en,101140066852723915389,18,https://lh3.googleusercontent.com/a/ACg8ocKZpdKKTV8ic9-4A4wDPgvL7zbcWzGDpCRXnzwG5HuLkahhXA=s1920-c-rp-mo-ba2-br100,https://www.google.com/maps/contrib/101140066852723915389?hl=en,1508,2025-09-21T15:08:11.430Z,"Direct Detail URL: https://www.google.com/maps/place/Kakadu+National+Park/@-13.0922879,132.3911909,17z/data=!4m8!3m7!1s0x2cb9d10f23ab6185:0xf0217a90db10660!8m2!3d-13.0922931!4d132.3937658!9m1!1b1!16zL20vMHBzZ3M?entry=ttu&g_ep=EgoyMDI1MDkxNy4wIKXMDSoASAFQAw%3D%3D",5,Northern Territory,Kakadu Hwy,False,,,Kakadu National Park,4.4,,https://www.google.com/maps/search/?api=1&query=Kakadu%20National%20Park&query_place_id=ChIJhWGrIw_RuSwRYAaxDakXAg8,,Positive
"Kakadu Hwy, Jabiru NT 0886, Australia",National park,Tourist attraction,National park,1081452875368957536,Jabiru,AU,0x2cb9d10f23ab6185:0xf0217a90db10660,https://lh3.googleusercontent.com/gps-cs-s/AC9h4noMcRjq8FlUkmVp-XCMovSv9fHV5BRbNWXKKfrhkze23QjQapmDYpWuSq0oqOEfoXT-Q82PqEsslbbJCblydXfu8U-bSEMLRvezvJfec-eU3-hkN8I2kjcRXi4fXtvvCBJiCBIk6A=w408-h306-k-no,False,False,en,0,-13.0922931,132.3937658,Thy Nguyen,,en,False,ChIJhWGrIw_RuSwRYAaxDakXAg8,886,,a year ago,2024-07-15T09:06:31.617Z,,,,,,,ChZDSUhNMG9nS0VJQ0FnSURybElPRU93EAE,,,,,,,,,,,,,,,,,,,,,,,,,,,,,,,,,,,,,,,,,,,,,,,,,,,Google,https://www.google.com/maps/reviews/data=!4m8!14m7!1m6!2m5!1sChZDSUhNMG9nS0VJQ0FnSURybElPRU93EAE!2m1!1s0x0:0xf0217a90db10660!3m1!1s2@1:CIHM0ogKEICAgIDrlIOEOw%7C%7C?hl=en,113326215393690480509,12,https://lh3.googleusercontent.com/a-/ALV-UjW2ukDjHTmKegBDGzYfBPzZk8buXUgeRqoeucCmSsfLJtiJXfnl=s1920-c-rp-mo-br100,https://www.google.com/maps/contrib/113326215393690480509?hl=en,1508,2025-09-21T15:08:11.430Z,"Direct Detail URL: https://www.google.com/maps/place/Kakadu+National+Park/@-13.0922879,132.3911909,17z/data=!4m8!3m7!1s0x2cb9d10f23ab6185:0xf0217a90db10660!8m2!3d-13.0922931!4d132.3937658!9m1!1b1!16zL20vMHBzZ3M?entry=ttu&g_ep=EgoyMDI1MDkxNy4wIKXMDSoASAFQAw%3D%3D",1,Northern Territory,Kakadu Hwy,False,"Disappointed with my experience considering Kakadu National Park has been on my to do list for a very long time. While I understand the value of this space for the indigenous community, there is still much that needs to be developed and adjusted if it intends to be a tourist destination setup to showcase the culture and customs of an amazing lineage. On many occasions, the programs we booked did not run or the communication regarding delays were not communicated effectively.",,Kakadu National Park,4.4,,https://www.google.com/maps/search/?api=1&query=Kakadu%20National%20Park&query_place_id=ChIJhWGrIw_RuSwRYAaxDakXAg8,,Positive
