,categories/0,categories/1,categories/2,categories/3,categoryName,isLocalGuide,language,publishAt,publishedAtDate,reviewContext/Reservation recommended,reviewContext/Visited on,reviewContext/Wait time,reviewerNumberOfReviews,reviewsCount,stars,state,text,title,categories/4,responseFromOwnerDate,responseFromOwnerText,categories/5,categories/6,categories/7,categories/8,categories/9,sentiment,year_published,review_text_count,cleaned_text
0,War museum,Cafe,Souvenir store,Tourist attraction,War museum,True,en,a week ago,2025-09-08T03:51:50.357Z,No,Weekend,No wait,40,2118,5,Northern Territory,"The Darwin Military Museum is a must-visit if you’re in Darwin! 🇦🇺✨ I found it fascinating because it really brings the city’s history to life, especially the events of 1942 during World War II.

Walking through the museum, you get to see an impressive collection of army trucks 🚛, uniforms 🎖️, and historic weapons 🔫. The displays are well set out and give you a real sense of what Darwin went through during the bombing raids. The multimedia presentations and exhibits make the history feel alive — it’s not just reading information, it’s like stepping back in time.

If you love history, the military, or just want to understand Darwin on a deeper level, this place is definitely worth the visit. 🙌",Darwin Military Museum,None,None,None,None,None,None,None,None,Positive,2025,120,great place spend couple hour interesting exhibition lot history culture friendly staff downside bicycle parking shaded wanting return melted saddle park accross road ski club
1,War museum,Cafe,Souvenir store,Tourist attraction,War museum,True,en,a week ago,2025-09-13T05:22:07.428Z,No,Weekend,No wait,24,2118,5,Northern Territory,"WOW. This has to one of the best museums I have visited in a long time. The cinema was so great and the movie was very well made. Displays were also well worth the visit, and as someone coming from Europe, it was nice to see all the exhibits and get a view on the war from the other side of the world. We spent good well over two hours and we would definetely come again.
Thank you",Darwin Military Museum,None,None,None,None,None,None,None,None,Positive,2025,77,definately recommend visiting museum art gallery nt lot see entomology display cyclone tracey exhibit amazing aboriginal torres strait islander art would definately set aside time expect look everything display lucky enough visit telstra natsia display artwork varied captivating difficult select favourite vote
2,War museum,Cafe,Souvenir store,Tourist attraction,War museum,True,en,3 months ago,2025-06-14T03:32:58.201Z,No,Weekend,No wait,168,2118,5,Northern Territory,"Wow! You need to stop here and allow a few hours! There is an interactive room that locks up and plays a re-enactment of the day Darwin was bombed; there is an interactive table which allows you to listen to first count stories and there are so many areas & stories to read and explore! So much thought has gone into this museum and it is well looked after. Plenty of parking, toilets and a tiny Cafe and gift shop. Well done to Norm & the staff. Will be taking all out Southern Visitors to share this exceptional experience.",Darwin Military Museum,None,None,None,None,None,None,None,None,Positive,2025,99,great much see wish wed allowed time visit get round see everything cyclone tracy display vivid interesting lot footage interview time collection marine animal bird insect well displayed beautiful look contemporary aboriginal art exhibition stunning
3,War museum,Cafe,Souvenir store,Tourist attraction,War museum,True,en,5 months ago,2025-04-19T06:44:06.934Z,No,Weekday,No wait,42,2118,4,Northern Territory,"Quite good if your ok with self guided. There was a lot to look at and the information was good but you need a fair amount of time to read everything.

The interactive screens are good and the show was informative but left out a lot of details, leaving you searching for more info.
I thought I would have a better understanding of the history leaving the theatre, but then found it in pieces while walking around the property.",Darwin Military Museum,None,None,None,None,None,None,None,None,Positive,2025,77,museum exceeded expectation especially free interesting lovely staff also great cafe wonderful gift shop youre looking special aboriginal momento well worth visiting
4,War museum,Cafe,Souvenir store,Tourist attraction,War museum,True,en,a month ago,2025-07-25T09:06:57.937Z,No,Weekday,No wait,1451,2118,5,Northern Territory,Awesome museum. Lots of cool displays and there's a huge outdoor area. Lots to learn from WWII and the defence members who were part of various wars.,Darwin Military Museum,None,None,None,None,None,None,None,None,Positive,2025,27,amazing museum many exhibit see learn something everyone including art animal sea land air local darwin history maritime history much oh also free
5,War museum,Cafe,Souvenir store,Tourist attraction,War museum,True,en,a month ago,2025-07-30T07:32:15.943Z,Not sure,Public holiday,No wait,471,2118,5,Northern Territory,"Visited as part of WW2 Half Day Tour by Land & Sea recent Fri 25/7. Blown away literally! Only visited war memorial museums previously.  This is on the actual WW2 Fortification heritage listed site on Darwin's military zone East Point area.

The best part is outside - Armoured tanks & military vehicles, Bailey Bridges, recreated living quarters, Gun emplacement building on its original site with exhibits in bunker area surrounded by memorial plaques outside. Plus Holocaust indoor mini complex - it is a huge area set amongst gargantuan Banyan trees & nature's camouflage.
So our allocated 1.5 hours was never going to be enough.

I watched the Defence of Darwin experience when the war siren activated. After this - did a quick whizz inside & headed out. Covered almost all outdoor exhibits & military fortification by speed reading & taking pics to peruse later. Thankful indeed to live in peaceful times but also in absolute awe of the might, size & sheer intimidation of the military vehicles & equipment of yore. The Furphy water tank in good condition was another highlight- the phrase ""to spin a furphy"" originated!",Darwin Military Museum,None,None,None,None,None,None,None,None,Positive,2025,186,magnt small wonderfully curated museum best completely free enter though small donation appreciated 5day road trip alice spring nobrainer stop upon arriving darwin exhibit diverse engaging featuring beautiful showcase local fauna indigenous art deeply moving section dedicated cyclone tracy visiting wednesday meant crowd making experience calm easy navigate unhurried real plus well airconditioned room offered refreshing escape heat humidity outside overall magnt hidden gem thats well worth visit especially given accessible location free entry highly recommended anyone exploring darwin
6,War museum,Cafe,Souvenir store,Tourist attraction,War museum,True,en,a month ago,2025-08-06T00:58:14.948Z,No,Weekday,No wait,547,2118,5,Northern Territory,"My favourite museum in Darwin.
The air conditioned internal section features a theatre and is full of photos, informative posters, interactive displays and memorabilia.
The grounds are filled with old Jeeps, tanks and more outbuildings.",Darwin Military Museum,None,None,None,None,None,None,None,None,Positive,2025,33,museum art gallery northern territory offer great mix natural history aboriginal art local story especially enjoyed learning cyclone tracy seeing iconic sweetheart crocodile mustvisit youre darwinengaging educational beautifully presented
7,War museum,Cafe,Souvenir store,Tourist attraction,War museum,True,en,a month ago,2025-08-04T20:17:06.531Z,No,Weekend,No wait,166,2118,5,Northern Territory,"Great place to learn if the near invasion of Darwin, movie is epic and a must see ..make sure you have at least 2 hrs too see all ..it's huge ..",Darwin Military Museum,None,None,None,None,None,None,None,None,Positive,2025,31,nice interesting display cultural art fauna found nt recommend spending half day allocated 2 hour initially return next day extra 3 hour
8,War museum,Cafe,Souvenir store,Tourist attraction,War museum,True,en,2 months ago,2025-07-07T09:01:34.822Z,No,Weekend,No wait,21,2118,4,Northern Territory,"Wonderful displays and a wealth of information and memorabilia from several international conflicts. You'll need a good couple of hours to cover everything. A better experience would include more interactive experiences, guided tours and a more expensive cafe. Nevertheless, for war buffs, the DMM is highly recommended.",Darwin Military Museum,None,None,None,None,None,None,None,None,Positive,2025,47,excellent showcasing nt history culture free entry transformation prehistory cyclone tracy unruly day rebellion chinese immigrant contribution contemporary aboriginal artwork mesmerising life size sweetheart croc little known maritime history nt darwin huge warehouse style special exhibition area area backdrop darwin harbour absolutely wow immersive engaging small gift shop bundilla saltwater restaurant pretty good well done curator captured essence nt perfectly overwhelming adequate though course time 15 hour short
9,War museum,Cafe,Souvenir store,Tourist attraction,War museum,True,en,a month ago,2025-07-27T08:05:24.782Z,Yes,Weekday,Up to 10 min,24,2118,4,Northern Territory,"It's a great place to learn history of Darwin as the front door to Australia from northern part.
There are lots to see,  bring a hat and water as plenty of areas to walk around",Darwin Military Museum,None,None,None,None,None,None,None,None,Positive,2025,35,museum art gallery northern territory mustvisit destination darwin offer fascinating exhibition first nation culture region history marine life even dramatic story cyclone tracy admission free staff exceptionally welcoming knowledgeable making memorable experience visitor age
10,War museum,Cafe,Souvenir store,Tourist attraction,War museum,True,en,a month ago,2025-08-04T11:51:35.225Z,No,Weekday,No wait,188,2118,4,Northern Territory,"Very informative inside displays of the rise of the Nazis in Australia. Concentration camp conditions and stories. Lots of war memorabilia outside. Not a large display, but easy to get around.",Darwin Military Museum,None,None,None,None,None,None,None,None,Positive,2025,31,spent hour browsing around exhibit museum well laid thing see normally found type museum especially liked cyclone tracey exhibit
11,War museum,Cafe,Souvenir store,Tourist attraction,War museum,True,en,2 months ago,2025-07-16T05:05:01.927Z,No,Weekday,No wait,123,2118,5,Northern Territory,Great range of exhibits and displays. Not crowd so easy to walk around and enjoy the displays.,Darwin Military Museum,None,None,None,None,None,None,None,None,Positive,2025,17,amazing glad decide activity lot see learn big really interesting free entry place amazing staff friendly helpful finish browsing place favour go cafe bite really highly recommend
12,War museum,Cafe,Souvenir store,Tourist attraction,War museum,True,en,10 months ago,2024-10-28T12:37:37.717Z,No,Weekday,No wait,200,2118,5,Northern Territory,"The museum is very interesting, and tells the military history of Darwin really well, especially the interactive visual media display of the 1942 bombings. There is lots you can do explore, and the outlying buildings are mostly air conditioned if you need a little respite from the heat. Allow at least 2 hours to get a full overview of the displays, especially the big gun and bunker.",Darwin Military Museum,None,None,None,None,None,None,None,None,Positive,2024,67,absolutely far best wildlife display varied show culture art historical thing cyclone exhibition must best thing absolutely free
13,War museum,Cafe,Souvenir store,Tourist attraction,War museum,True,en,9 months ago,2024-11-28T06:58:03.904Z,Not sure,Weekday,No wait,446,2118,5,Northern Territory,Excellent museum! Whoever produced the 12 minute video is to be highly commended as it was spectacular! Sobering enough to bring tears to your eyes though necessary in order to remember. The rest of the museum including the outdoor area was quite interesting as well.,Darwin Military Museum,None,None,None,None,None,None,None,None,Positive,2024,45,compact intensely interesting museum art gallery particularly enjoyed cyclone tracy exhibit extensive collection aboriginal art
14,War museum,Cafe,Souvenir store,Tourist attraction,War museum,True,en,3 months ago,2025-06-13T22:35:26.872Z,No,Weekday,No wait,18,2118,5,Northern Territory,It was very interesting and the short film should not be missed. There is so much to see both inside and outside.,Darwin Military Museum,None,None,None,None,None,None,None,None,Positive,2025,22,add museum darwin itinerary free entry venue close around 4pm daily multiple display including cyclone tracey war film artefact bird insect wander thru self guided tour reception provide venue map information strictly food beverage rule applies inside museum area free water fountain near reception toilet visitor use public bus stop directly front cdc bus line plenty free parking vehicle size stay long like allowed approximately 2 hour visit disability accessibility walking frame wheelchair
15,War museum,Cafe,Souvenir store,Tourist attraction,War museum,True,en,a month ago,2025-07-30T08:10:20.306Z,No,Weekday,No wait,34,2118,4,Northern Territory,The story of how Japan invaded Darwin. Some of the stories were such an eye opener.  Horrible to know it's still happening today.,Darwin Military Museum,None,None,None,None,None,None,None,None,Negative,2025,24,good interactive experience vr goggles etc allow hour half everything watching show purchase go towards royal flying doctor service
16,War museum,Cafe,Souvenir store,Tourist attraction,War museum,True,en,4 months ago,2025-05-16T12:09:54.039Z,No,Weekday,No wait,22,2118,5,Northern Territory,This is such an amazing and beautifully peaceful museum of such a destructive time of war. Highly recommend,Darwin Military Museum,None,None,None,None,None,None,None,None,Positive,2025,18,whats like art center coast got watch sunset aboriginal art award experience little ordinary art display mindbogglingbut sweetheart fixture sight beholdi cant imagine encountering crocodile size nature
17,War museum,Cafe,Souvenir store,Tourist attraction,War museum,True,en,5 months ago,2025-03-24T04:52:16.427Z,No,Weekday,No wait,1261,2118,5,Northern Territory,"Very good museum and great value at $20

Food, drink, toilets, a/c plus wide variety of indoor and outdoor exhibits

Free WiFi too

Nice museum",Darwin Military Museum,None,None,None,None,None,None,None,None,Positive,2025,22,love amazing museum need least 1hour half see everything best part free
18,War museum,Cafe,Souvenir store,Tourist attraction,War museum,True,en,a year ago,2024-09-14T06:53:35.527Z,No,Weekday,No wait,173,2118,5,Northern Territory,"This is one of the must-visit attractions in Darwin. It features a wide variety of tanks, cannons, firearms, uniforms, badges, and more, both indoors and outdoors. The largest cannon in Australia is here, and it’s truly impressive. Interestingly, there was a frog sleeping inside the barrel of one of the outdoor cannons, which was adorable. It’s recommended to visit the indoor exhibits first before heading to the outdoor area. The indoor section has a very well-done video that uses sound and imagery to transport you to the scene of the Japanese bombing of Darwin during the war, which is quite powerful. If you get tired from touring the exhibits, there's a café where you can grab a snack and take a break. This attraction is great for local families with children and is also a good spot for tourists to learn about Darwin’s history.",Darwin Military Museum,None,None,None,None,None,None,None,None,Positive,2024,144,someone love certainly real history buff thought fantastic much see read b52 massive see f111 awesome built plastic model another life wife really interested prior certainly impressed really worth visit
19,War museum,Cafe,Souvenir store,Tourist attraction,War museum,True,en,a month ago,2025-08-11T22:33:25.421Z,Not sure,Weekend,No wait,157,2118,5,Northern Territory,Well worth the visit if you are interested in Australian Military history. Allow a couple of hours.,Darwin Military Museum,None,None,None,None,None,None,None,None,Positive,2025,17,brilliant day surreal experience especially cyclone tracy exhibit spent 2 hr walking around enjoyed every minute
20,War museum,Cafe,Souvenir store,Tourist attraction,War museum,True,en,a month ago,2025-08-18T04:44:51.726Z,No,Weekday,No wait,96,2118,4,Northern Territory,Small venue but many interesting   and informative audio visual displays.,Darwin Military Museum,None,None,None,None,None,None,None,None,Positive,2025,12,great place spend time learn history geology cyclone tracey incredible exhibition give witness devastation tracey brought upon darwin
21,War museum,Cafe,Souvenir store,Tourist attraction,War museum,True,en,a week ago,2025-09-09T09:05:56.081Z,No,Weekday,No wait,399,2118,5,Northern Territory,It now has Vietnamese war shed and a Holocaust one. It's a must to go to when you are in Darwin.,Darwin Military Museum,None,None,None,None,None,None,None,None,Neutral,2025,21,certainly worth visiting exhibit top class easily reached public transport also great place cool gaining knowledge time
22,War museum,Cafe,Souvenir store,Tourist attraction,War museum,True,en,10 months ago,2024-11-10T07:15:45.676Z,No,Weekend,No wait,137,2118,5,Northern Territory,A very respectful commemorative space. The cinema was very good and the many and various displays have something for everyone. Lots of military items on display outside too. We even enjoyed a sit down in the air-conditioned Cafe whilst we ate our goodies. And bought our granddaughter a lovely little book. Loved the 1000 origami folded cranes representing peace. Well worth a visit.,Darwin Military Museum,None,None,None,None,None,None,None,None,Positive,2024,63,small museum interesting exhibition one regarding cyclone tracy fancy interesting piece worth visit town probably spend one hour ish inside
23,War museum,Cafe,Souvenir store,Tourist attraction,War museum,True,en,a year ago,2024-09-03T05:56:45.558Z,No,Weekday,No wait,246,2118,3,Northern Territory,Plenty of history and displays to see but be prepared for a LOT of reading. Good movie played in the theatre and again plenty to read there also. Fantastic bunker and canon display but other than that the rest is in need for some TLC. The place has a bit of forgotten feel about it and there is a definite feel of maintenance needed. The out door displays good but once again in need of some TLC.,Darwin Military Museum,None,None,None,None,None,None,None,None,Positive,2024,77,wow kid thought place going boring loved spent 2 hour exploring learning rfd attack darwin 1942 definitely watch 20 min movie attack vr headset love
24,War museum,Cafe,Souvenir store,Tourist attraction,War museum,True,en,4 weeks ago,2025-08-24T05:32:22.743Z,No,Weekday,No wait,95,2118,5,Northern Territory,Donot miss this.. An absolute must while visiting Darwin.,Darwin Military Museum,None,None,None,None,None,None,None,None,Positive,2025,9,small museum art gallery easily done hour admission free also outdoor section café check
25,War museum,Cafe,Souvenir store,Tourist attraction,War museum,True,en,4 months ago,2025-04-24T03:00:21.104Z,No,Weekday,No wait,278,2118,4,Northern Territory,Wonderfully laud out with a great presentation on Darwin bombing . Features all facets of war weaponry and presents a lifestyle view of the time. Worth a visit and worth the entry fee.,Darwin Military Museum,None,None,None,None,None,None,None,None,Positive,2025,33,wonderful exhibition one megafauna cyclone tracy particularly good
26,War museum,Cafe,Souvenir store,Tourist attraction,War museum,True,en,a year ago,2024-07-24T05:51:49.886Z,No,Weekday,No wait,1081,2118,5,Northern Territory,"The museum was recommended to me.
Well worth the visit. Very informative and several touch screen displays. The bombing of Darwin documentary movie was great.
Some of the displays and garden area need a little TLC though.",Darwin Military Museum,None,None,None,None,None,None,None,None,Positive,2024,35,fascinating day museum daughter wonderful time museum art gallery northern territory today stunning local art fascinating natural history exhibit much explore learn together perfect mix fun education u
27,War museum,Cafe,Souvenir store,Tourist attraction,War museum,True,en,2 months ago,2025-06-23T08:37:29.587Z,No,Weekday,No wait,128,2118,5,Northern Territory,"From the outside this museum doesn’t look very big but once u get inside there are many visual & physical displays inside & out - definitely need a few hours to see it all & sadly we didn’t allow enough time & got caught out by the 4pm closure.
would highly recommend anyone visit the museum it’s a key piece of Australian military history.",Darwin Military Museum,None,None,None,None,None,None,None,None,Negative,2025,63,museum full information indigenous nt history spent hour cafe reasonably priced lovey food drink
28,War museum,Cafe,Souvenir store,Tourist attraction,War museum,True,en,2 years ago,2023-06-29T00:45:11.197Z,No,Weekday,No wait,99,2118,4,Northern Territory,"Well worth a look. Guided tours would be an advantage (if there was it wasn’t offered) and give the displays a good dusting.
Educate the front desk staff what a veterans pension card is as both of them didn’t know.
Presented mine and at first it was refused as they said it wasn’t a pension card.
After showing them the smaller writing on the back (Vet affairs) was accepted",Darwin Military Museum,None,None,None,None,None,None,None,None,Positive,2023,66,great museum really well presented wish allocated much time
29,War museum,Cafe,Souvenir store,Tourist attraction,War museum,True,en,a month ago,2025-08-07T03:16:34.631Z,No,Weekday,No wait,15,2118,5,Northern Territory,"Tells a fantastic story of the history in Darwin during WWII. I then goes into further history of WW1, WWII, Vietnam with lots of artefacts from all time frames. Which includes 2 Matilda tank hulls, Grant tank, Centurion Mk3 and other delightful relics. It also has a collection of items from the holocaust, which is very confronting. It's a timely reminder of what is happening in the middle east and what we must do as a society!",Darwin Military Museum,None,None,None,None,None,None,None,None,Positive,2025,77,wonderful museum visit lot tell darwin history colonial cyclone tracy rebuilt came many interactive exhibition made visit felt engaging would highly recommend
30,War museum,Cafe,Souvenir store,Tourist attraction,War museum,True,en,a year ago,2023-10-26T00:04:25.241Z,No,Weekend,No wait,105,2118,5,Northern Territory,"Drive out to East Point to the Darwin military museum. It is a wonderful exhibit and history lesson.
The drive out to East Point is really scenic and there's a lot of places to stop and take photographs or enjoy a picnic lunch.
The museum is worth the visit. It is very educational and the exhibits and recreation of the bombing of Darwin from historic photographs into a film is incredible.
Highly recommend.",Darwin Military Museum,None,None,None,None,None,None,None,None,Positive,2023,70,lot eyecatching display nt flora fauna geology culture art cyclone tracey free parking available site
31,War museum,Cafe,Souvenir store,Tourist attraction,War museum,True,en,a week ago,2025-09-07T23:14:23.357Z,No,Weekday,No wait,67,2118,5,Northern Territory,A brilliant record of Darwins past. Well worth visiting.,Darwin Military Museum,None,None,None,None,None,None,None,None,Positive,2025,9,free plenty see spend hour good whole family
32,War museum,Cafe,Souvenir store,Tourist attraction,War museum,True,en,3 months ago,2025-06-15T15:16:41.557Z,No,Weekday,No wait,11,2118,5,Northern Territory,"An absolute must! The movie is the best depiction of the Bombings I've seen, I wish they would make into a feature length film! The gardens and out buildings are full of history, you will definitely learn something",Darwin Military Museum,None,None,None,None,None,None,None,None,Positive,2025,38,cute need take museum context excellent job telling local story darwin history people many way lack boat say appreciated aboriginal art larger australian museum isnt lourve doesnt claim excellent local flavor make stop
33,War museum,Cafe,Souvenir store,Tourist attraction,War museum,True,en,a year ago,2024-04-21T04:52:13.322Z,No,Weekday,No wait,970,2118,5,Northern Territory,"Well worth visiting, lots of Darwin's WW2 history on display. It would be great if the old 9.2 inch concrete cannon mount was unlocked for visitors though, it appears that it used to be opened during daylight hours, and the sun weathered exterior signs need to be restored to be able to read them.",Darwin Military Museum,None,None,None,None,None,None,None,None,Positive,2024,54,really fantastic wish could spent longer think everyones list visit area
34,War museum,Cafe,Souvenir store,Tourist attraction,War museum,True,en,4 years ago,2021-03-30T08:12:19.972Z,No,Weekday,No wait,576,2118,5,Northern Territory,"It was absolutely brilliant. After all the whinging from the kids in the car beforehand about another  boring museum (They loved it). We all learned a lot about Darwin's efforts during the war. Some areas are air conditioned and some are not, very friendly staff.  Highly recommended for anyone visiting Darwin.",Darwin Military Museum,None,None,None,None,None,None,None,None,Positive,2021,53,loved indigenous art gallery gallery interesting along small maritine
35,War museum,Cafe,Souvenir store,Tourist attraction,War museum,False,en,2 months ago,2025-07-08T06:26:06.047Z,Not sure,Weekday,Up to 10 min,2,2118,3,Northern Territory,"Very tired displays. Value for money not really thought it was over priced for what we saw.
Many of the outdoor displays need a good clean to rid the cobwebs. Several of the indoor displays had out of order on them.

Definitely no Wow factor",Darwin Military Museum,None,None,None,None,None,None,None,None,Positive,2025,43,loved organized gallery museum everything clearly marked labeled provides opportunity learn item free enter donation box highly recommend contributing effort maintain fantastic instructional informative gallery enjoyed learning northern territory history cyclone exhibit informative loved onsite gift shop take backpack inside offer secure space bag
36,War museum,Cafe,Souvenir store,Tourist attraction,War museum,True,en,a year ago,2024-02-06T04:07:47.784Z,No,Weekday,No wait,22,2118,5,Northern Territory,"Awesome visit. You can easily spend 2-3hrs here, with many outside and inside installations. The video in the theatre is also a must watch.",Darwin Military Museum,None,None,None,None,None,None,None,None,Positive,2024,24,nt museum art gallery great collection interesting exhibit eye popping art huge took hour get around well worth effort entry free
37,War museum,Cafe,Souvenir store,Tourist attraction,War museum,True,en,3 years ago,2022-07-04T00:28:47.747Z,No,Weekday,No wait,75,2118,5,Northern Territory,"We were thoroughly surprised by how much this seemingly small museum contained! There is a range of displays, memorabilia, machines and information on display. The museum is spread out across an inside building to outside with sheds and other buildings. There is a short movie about the bombing of Darwin that plays which was very good. Highly recommend a visit, and allow a good couple of hours if you can.",Darwin Military Museum,None,None,None,None,None,None,None,None,Positive,2022,70,outstanding experience informative display give huge insight territorian life culture display cyclone tracey superb sobering definitely recommend visit darwin free entry free parking also cafe tranquil setting sea water view
38,War museum,Cafe,Souvenir store,Tourist attraction,War museum,True,en,a year ago,2024-07-19T09:04:37.840Z,No,Weekday,No wait,19,2118,5,Northern Territory,My 1st time visiting and I was beyond moved! The video that played was so well put together and the displays were fascinating. I highly recommend visiting here.,Darwin Military Museum,None,None,None,None,None,None,None,None,Positive,2024,28,best tourist place darwin see darwin informative nice staff vr amazing free shuttle bus attraction place nearby spend rest day also water front eating place next museum good lunch
39,War museum,Cafe,Souvenir store,Tourist attraction,War museum,True,en,3 years ago,2022-07-07T07:40:06.116Z,No,Weekday,No wait,223,2118,5,Northern Territory,"This museum has a great collection.  It's very informative,  self paced and interesting.  There's a w min video presentation that plays continually during the day.  Listen for the air raid siren as your cue to move into the theatre.
They have a cafe with lots of shadey trees to suit under.
There is just one thing,  there are signs every where asking people (kids mainly) to stay off the exhibits, please adhere to this and do not let your kids climb over the tanks,  guns etc.  It really needs to be preserved for everyone and for generations to come.",Darwin Military Museum,None,None,None,None,None,None,None,None,Positive,2022,104,modern neat tidy relatively small museum unfortunately cyclone tracey exhibit closed due renovation upcoming 50th anniversary hard tried wasnt able appreciate art exhibit natural exhibit good undercover outdoor small marine exhibit given temperature humidity day unbearable walk around museum entry free staff helpful friendly overall worth visit
40,War museum,Cafe,Souvenir store,Tourist attraction,War museum,True,en,2 years ago,2023-08-08T11:25:34.455Z,No,Weekday,No wait,279,2118,5,Northern Territory,"So much to see in this place. The grounds go on forever with lots of great informative displays. Inside was WW2 info including a really good movie on the bombing of Darwin.
Worth a visit",Darwin Military Museum,None,None,None,None,None,None,None,None,Positive,2023,34,museum free enter packed wonderful exhibit information geographical location history culture aboriginal art luved well worth visit darwin city
41,War museum,Cafe,Souvenir store,Tourist attraction,War museum,True,en,3 months ago,2025-05-23T06:28:56.683Z,Not sure,Weekday,No wait,31,2118,4,Northern Territory,"The museum itself is impressive. Wish we had more time there because there is a lot to take in. We only had 1 1/2 hr  before closing, unfortunately. The only negative was a rather rude man at reception who was clearly not very  interested in answering questions. And, 45 min before closing we were going to order a cup of tea, but before we could even ask the question he already said; ‘No, the coffee machine has already been turned off because we are closing at 4pm.’",Darwin Military Museum,None,None,None,None,None,None,None,None,Positive,2025,89,brilliant museum adult child free entry donation suggested pushed informative brilliant display really lovely indigenous artwork cyclone tracy display display wet v dry season nt display local wildlife day went treasure hunt kid find lego mini figure exhibit ingenious idea fun adult kid alike
42,War museum,Cafe,Souvenir store,Tourist attraction,War museum,True,en,4 months ago,2025-05-06T11:04:27.456Z,No,Weekend,No wait,83,2118,4,Northern Territory,Well worth a visit when in Darwin. There is an eclectic mix of hardware outside you can wander around and some good information. It really brings home the reality of the war in Darwin. Inside is a bit odd I felt. There is a movie and some other elements which are interesting but require time and concentration. Definitely get along there.,Darwin Military Museum,None,None,None,None,None,None,None,None,Positive,2025,61,enjoyed watching vertual reality goggle hologram john flynn flying doctor 3d virtual reality bombing darwin harbour
43,War museum,Cafe,Souvenir store,Tourist attraction,War museum,True,en,a year ago,2024-02-13T00:58:51.732Z,No,Weekday,No wait,53,2118,5,Northern Territory,"Very engaging theatre ecperience about darwin bombing in ww2. Extensive bespoke collection of military paraphernalia over acreage.  fascinating large reinforced gun bunker and emplacement, very extensive communications ans secret signals display and extensive rifle and small arms display. Very worthwhile visit.",Darwin Military Museum,None,None,None,None,None,None,None,None,Positive,2024,42,love amazing museum need least 1hour half see everything best part free
44,War museum,Cafe,Souvenir store,Tourist attraction,War museum,True,en,2 years ago,2022-10-02T22:32:03.565Z,No,Weekday,No wait,1007,2118,5,Northern Territory,"Adult ticket $20. Receptionist briefly introduced it concluded outdoor exhibition. We spent 2hrs, including taking rest at little Gunner's Rest Cafe, and shopping souvenirs.
The main building exhibits all about the Japanese bombing on 12 February 1942. Very informative and interesting. Siren alert us to watch the video and closed the door every 20minutes. The few minutes video let us feel the bombing in Darwin.
At the rear, there are few shacks (air-conditioned or with fan only) displaying other wars, military materials, uniforms, etc.
Outdoor: a lot of used heavy war weapons, tanks, and machines in the sun.
Toilets: good maintenance. Using good quality of toilet papers.",Darwin Military Museum,None,None,None,None,None,None,None,None,Positive,2022,103,must see darwin cyclone tracey exhibit must
45,War museum,Cafe,Souvenir store,Tourist attraction,War museum,True,en,6 months ago,2025-03-01T04:40:16.092Z,Yes,Weekday,No wait,173,2118,4,Northern Territory,"The Darwin Military Museum is a fantastic spot for anyone interested in Australia’s military history, especially around the events of World War II.",Darwin Military Museum,None,None,None,None,None,None,None,None,Positive,2025,23,excellent informative display rfd history bombing darwin vr experience terrific
46,War museum,Cafe,Souvenir store,Tourist attraction,War museum,True,en,2 years ago,2023-06-27T09:58:21.913Z,No,Weekday,No wait,699,2118,4,Northern Territory,There are so many information and education exhibits related to the involvement of Australia in various wars around the war and in defence during WW2. We enjoyed both the internal and external exhibits of military vehicles and equipment. I am a bit concern that conservation of the items may need to be more frequent.,Darwin Military Museum,None,None,None,None,None,None,None,None,Positive,2023,54,good place visit want learn cyclone tracy fantastic display animal sealife great display art gallery great highly recommend visit free entry gift shop site cafe
47,War museum,Cafe,Souvenir store,Tourist attraction,War museum,True,en,3 years ago,2022-06-09T10:32:17.869Z,No,Weekday,No wait,337,2118,5,Northern Territory,"We were really impressed by the museum with a lot if original exhibits from WWII and other wars.
Be aware that most if the exhibits are outside and in buildings seperate from the main building.
You will find a lot of information about the 1942 attack on Darwin along with an impressive collection of guns and memorabilia.
Heaps of car parking space, bathroom facilities and a small Cafe. Didn't have one but the pies looked delicious.",Darwin Military Museum,None,None,None,None,None,None,None,None,Positive,2022,73,great museum well designed laid lot taxidermy animal help show size colour exhibit well covering history darwin city part austronesian area huge area full sized boat sea craft particularly cool
48,War museum,Cafe,Souvenir store,Tourist attraction,War museum,True,en,a year ago,2024-09-02T08:07:50.866Z,No,Weekend,No wait,25,2118,5,Northern Territory,"Such an awesome place with so much war items on display, worth a look if your in Darwin for sure. A must do highly recommend",Darwin Military Museum,None,None,None,None,None,None,None,None,Positive,2024,25,wonderful institution natural social history well superlative national indigenous art award exhibition contemporary visual art programming bonus decent cafe million dollar view darwin ski club next door always worth stop see whats inside
49,War museum,Cafe,Souvenir store,Tourist attraction,War museum,False,en,2 weeks ago,2025-09-04T08:03:12.459Z,No,Weekday,No wait,7,2118,5,Northern Territory,Informative & interesting. Excellent vehicle display. Lots of sections to visit both indoor & out.,Darwin Military Museum,None,None,None,None,None,None,None,None,Positive,2025,15,expectation glad decided visit easily spent couple hour could spent longer loved modern art cyclone tracey display boat fantastic available free charge definitely visit next darwin
50,War museum,Cafe,Souvenir store,Tourist attraction,War museum,True,en,a year ago,2024-07-09T22:00:52.411Z,No,Weekday,No wait,14,2118,5,Northern Territory,Really well done. Very informative. Lots of displays. Need at least 2 hours to see everything.,Darwin Military Museum,None,None,None,None,None,None,None,None,Positive,2024,16,highly recommend visitthe staff friendly helpful entrance free great exhibition indigenous artist work terrifying display creature kill absolutely loved museum native bird display entrancing cyclone tracey exhibit moving must visit tourist free locker available loved
51,War museum,Cafe,Souvenir store,Tourist attraction,War museum,True,en,3 years ago,2022-01-15T06:36:08.150Z,No,Weekday,No wait,153,2118,5,Northern Territory,"Fabulous collection of war machines, stories, equipment, weapons, and personal memorabilia. The 12 min movie for Darwin bombing is on display after every 20 min.

At the entrance gallery you’ll enjoy the story of early arrival in Darwin with only a population of 3000 people.

This display on side walls seems like you are watching some action out of a train window. The placards with descriptions in gallery are embossed from the wall and when you are concentrating on reading something, it seems like it is zooming in and expanding. Pretty interesting.

The display in yard outside of cafe is tremendous and for me it was the key highlight. Do not miss this section and enjoy your time here !

Plan at least 2 hours if you are keen and interested. For a quick run through, 45 min should be enough.",Darwin Military Museum,None,None,None,None,None,None,None,None,Positive,2022,137,free admission donation appreciated learn history darwin tracy cyclone aboriginal people art animal around area good place go hot weather also good bring kid recommend allow 12 hour museum even longer relax travel schedule gift shop lot sell staff friendly
52,War museum,Cafe,Souvenir store,Tourist attraction,War museum,True,en,2 years ago,2023-05-20T00:24:35.565Z,No,Weekday,No wait,77,2118,5,Northern Territory,This is such an emotional spot. Makes you feel very privileged to live in the beautiful country we have. The area outside in the park is also great to walk around just wish we had of been able to read the signs they need to be re done,Darwin Military Museum,None,None,None,None,None,None,None,None,Positive,2023,48,must go place want know city territory
53,War museum,Cafe,Souvenir store,Tourist attraction,War museum,True,en,3 years ago,2021-10-09T10:38:29.541Z,No,Weekday,No wait,90,2118,5,Northern Territory,Great experience my Father served during this time and the presentation of war memorabilia excellent the interaction of touch screen brought it home for my grandchildren so very appreciated of our the veterans through all their efforts. Deep respect for the indigenous Men and Women for their contribution.,Darwin Military Museum,None,None,None,None,None,None,None,None,Positive,2021,48,end wharf 10 15 minute walk waterfront also take free shuttle bus run quite frequently museum small plenty spent 15 hour virtual reality headset depicts scene plane bombing 8 minute 2 hologram movie 20 minute also sit pilot seat real size plane pretty cool informative
54,War museum,Cafe,Souvenir store,Tourist attraction,War museum,True,en,2 years ago,2023-03-12T06:44:30.896Z,No,Weekday,No wait,252,2118,5,Northern Territory,Definitely a worthwhile trip when you're visiting Darwin. Feels surreal that this happened on home turf. Love how everything is preserved but not restored.,Darwin Military Museum,None,None,None,None,None,None,None,None,Positive,2023,24,informative interactive numerous display helped u getting much better appreciation darwin bombing great work carried rfd thought entry fee bit steep however soon got realising reliant service donation sponsorship
55,War museum,Cafe,Souvenir store,Tourist attraction,War museum,True,en,a month ago,2025-08-19T21:09:43.181Z,No,Weekday,No wait,135,2118,5,Northern Territory,This place was a great historical visit. There is plenty to do including indoor museum and outdoor displays. There is also a cafe and plenty of shade areas to sit and relax.,Darwin Military Museum,None,None,None,None,None,None,None,None,Positive,2025,32,great place lot information culture definitely worth visit free plus restaurant attached great meal breakfast dinner easily spend hour especially maritime section different boat canoe large roof artwork quite something exhibition 51 taxidermied body sweetheart croc fascinating well vessel full sail quite sight see get chance go look wont disappointed thoroughly enjoyed
56,War museum,Cafe,Souvenir store,Tourist attraction,War museum,False,en,11 months ago,2024-10-20T07:09:21.572Z,No,Weekend,No wait,9,2118,5,Northern Territory,Excellent amount of History at the location- definitely worth having a look - good value for money!,Darwin Military Museum,None,None,None,None,None,None,None,None,Positive,2024,17,wonderful gallery nadio exhibition truly amazing
57,War museum,Cafe,Souvenir store,Tourist attraction,War museum,True,en,Edited a year ago,2023-10-19T04:03:20.715Z,Yes,Weekday,1 hr+,46,2118,5,Northern Territory,"Today I took my 11 year old grandson to the DMM he said it has been his best day ever. Temp is 38' 🌞 however we went through every exhibition and he read most (time permitting) of the information that he could.
I personally believe our young ones learn as much as they can about the history of war and Australia's part in the hope that history does not repeat itself.",Darwin Military Museum,None,None,None,None,None,None,None,None,Positive,2023,70,disappointing shop gift suvoneer relating cyclone tracey sweetheart instead gift shop focused overseas tourist majority gift made china aboriginal artefact need cater tourist
58,War museum,Cafe,Souvenir store,Tourist attraction,War museum,True,en,2 months ago,2025-06-28T21:57:24.615Z,No,Weekday,No wait,50,2118,5,Northern Territory,Excellent displays and informative,Darwin Military Museum,None,None,None,None,None,None,None,None,Positive,2025,4,amazing easy walk around variety exhibit perfect coffee cafe
59,War museum,Cafe,Souvenir store,Tourist attraction,War museum,True,en,6 years ago,2019-08-18T05:25:31.908Z,No,Weekday,No wait,42,2118,5,Northern Territory,"This is a very clean museum,  the restrooms are very nice. The associates are kind and welcome military.  It's full of sights and sounds (projectors everywhere). The air conditioning system works amazing I suggest a light sweater if you are a person that is easily cold. The large gun in the back has a bunker you can go into. You can really get into the story behind the Darwin WWII events. They also have a place where you can share a story if you or anyone you know may have been involved, you can record yourself to add the the history.",Darwin Military Museum,None,None,None,None,None,None,None,None,Positive,2019,103,compact intensely interesting museum art gallery particularly enjoyed cyclone tracy exhibit extensive collection aboriginal art
60,War museum,Cafe,Souvenir store,Tourist attraction,War museum,True,en,4 years ago,2020-12-18T04:38:31.807Z,No,Weekday,No wait,238,2118,4,Northern Territory,"This is a recommended attraction for any history buffs visiting Darwin. Although the main attractions are focused around the bombing of Darwin by the Japanese Imperial Forces in Feb 1942, you’ll also learn about the history of Darwin itself, Japanese expansionism in Asia and the Pacific, starting in the early 1930s, and the events that took place subsequent to the infamous bombing.

It’s an interesting museum, beautifully curated with love, care and attention to detail. There are inside and outside displays and a movie theatre where you can watch a short movie on the actual event of 19 Feb 1942. It’s full of tension and foreboding, and extremely cleverly put together, with original footage, and recreated animations to show how the Japanese perpetrated the dastardly deed, and the grim aftermath.

Inside just next to the ticket office is a little cafe selling coffee, sandwiches and snacks etc. Next to that is a shop selling the usual souvenirs and books.

The day we visited, it was pretty quiet, just a smattering of other visitors.

The museum is in a bit of a remote location on East Point reserve, about 8km from Darwin city centre. There’s no public transport, but a taxi or uber will cost about $20 each way.

Seniors tickets are $15 each, regular ones are $20 each.

Make this your no 1 attraction to visit in Darwin.",Darwin Military Museum,None,None,None,None,None,None,None,None,Positive,2020,222,one favourite place darwin there sweetheart crocodile love cyclone tracy display fabulous great cafe
61,War museum,Cafe,Souvenir store,Tourist attraction,War museum,True,en,3 months ago,2025-06-19T06:00:03.078Z,No,Weekday,No wait,30,2118,5,Northern Territory,Great experience. The outdoor displays were great.,Darwin Military Museum,None,None,None,None,None,None,None,None,Positive,2025,7,idea existed driving around friend interstate much attention detail gone planning small museum although small dont fooled packed much information every 20 minute air raid siren go go middle building going leave wont ruin experience lot information royal flying doctor well darwin bombing much didnt know bombing cant wait come back watch viewing next time
62,War museum,Cafe,Souvenir store,Tourist attraction,War museum,True,en,6 years ago,2019-05-12T04:41:25.781Z,No,Weekday,No wait,380,2118,5,Northern Territory,"Taxi or museum bus needed, it is a bit of a walk but magical bay and park view. Thr museum is peaceful calm, well organised and full of open air displays. Two hours needed to really enjoy and view all the displays and read the history of the bombing of Darwin. Great for kids to run outside in open air sheltered by magnificent trees. $20 for 1 adult is a little expensive, but soon forgotten once the whole atmosphere sinks in; the serenity alone pays for the fee. Highly recommended. Coffee shop available. Staff was friendly and informative.",Darwin Military Museum,None,None,None,None,None,None,None,None,Positive,2019,98,surprisingly amazing im museum person rainy weather lot else darwin figured would check beautiful indigenous artwork cafe pretty basic nice option
63,War museum,Cafe,Souvenir store,Tourist attraction,War museum,True,en,3 years ago,2022-07-16T07:10:33.822Z,No,Weekday,No wait,493,2118,5,Northern Territory,"This museum has an impressive collection of weapons, machinery, and military equipment. The indoor portion was a bit disappointing, a lot of repeated information from outside and not much ""substance"". There is a limited amount of free parking at the museum or more parking along the street. Plan to spend at least a few hours here. There is a cafe that serves food and espresso, not many other restaurants etc in the area.",Darwin Military Museum,None,None,None,None,None,None,None,None,Positive,2022,73,planned many wedding event museum art gallery northern territory one favourite venue private back space great blank canvas would suit many type wedding style staff friendly helpful
64,War museum,Cafe,Souvenir store,Tourist attraction,War museum,True,en,4 years ago,2021-03-20T09:48:21.930Z,No,Weekday,No wait,42,2118,5,Northern Territory,"This museum is definitely a MUST if you visit Darwin. And to be honest, I am not a huge fan of museums! Kids will love it as there are a
lot of interactive things to do/watch.",Darwin Military Museum,None,None,None,None,None,None,None,None,Positive,2021,35,wonderful exhibition one megafauna cyclone tracy particularly good
65,War museum,Cafe,Souvenir store,Tourist attraction,War museum,True,en,3 years ago,2022-09-12T05:43:27.754Z,No,Weekday,Up to 10 min,122,2118,5,Northern Territory,"It was a complex experience.  So many exhibits about ww1 and ww2 as well as other wars on which Australia was involved and an exhibition about bombing of Darwin. Exhibits with weapons, uniforms, machinery, medical and radios as well as informational movies. An appropriate way to pay tribute to those that served.
Unfortunately the access to the East Point is seriously restricted because there is no bus stop nearby (we walked 30 min to get there) and the information received from the hotel and the bus driver was confusing and untrue. One can reach the museum only by private car, cab or organised tour.",Darwin Military Museum,None,None,None,None,None,None,None,None,Negative,2022,104,beautiful museum fresh vibrant full relative history area state also free definite must staff also helpful approachable
66,War museum,Cafe,Souvenir store,Tourist attraction,War museum,True,en,4 years ago,2021-04-11T06:09:24.947Z,No,Weekday,No wait,204,2118,4,Northern Territory,A great range of memorabilia. A bit mixed up and all over the place but fine if you don't care what weapons were used in what Wars. Definitely a good place to go and see about the bombing of Darwin.,Darwin Military Museum,None,None,None,None,None,None,None,None,Positive,2021,40,loved indigenous artwork section cyclone tracey also informative sound recording made cyclone real eyeopener highly recommend visiting
67,War museum,Cafe,Souvenir store,Tourist attraction,War museum,True,en,a year ago,2023-10-27T05:53:38.616Z,No,Weekday,No wait,438,2118,5,Northern Territory,"Really interesting museum, lots of informative info on the bombing of Darwin and a quite emotive interactive experience.
Plenty of displays also.
Easy to spend 2 to 3 hours here.",Darwin Military Museum,None,None,None,None,None,None,None,None,Positive,2023,28,one best museum ive australia free admission natsiaa art award showing amazing work recorded memory cyclone 74 engaging large exhibition real boat impressive account travel vietnam touching overall much see great cafe beautiful location water excellent resource way spend half day darwin
68,War museum,Cafe,Souvenir store,Tourist attraction,War museum,True,en,7 years ago,2018-05-28T06:45:54.670Z,No,Weekday,No wait,106,2118,4,Northern Territory,"What a great museum. A real surprise. It's not the most advanced there is, but it has some really great pieces and machinery and weaponry I've never seen before. The biggest surprise was walking around a corner and staring into the barrel of a massive canon. This is well worth visiting!",Darwin Military Museum,None,None,None,None,None,None,None,None,Positive,2018,51,interesting place lot interactive thing seegive donation never know need use
69,War museum,Cafe,Souvenir store,Tourist attraction,War museum,True,en,2 years ago,2023-02-28T07:45:59.548Z,No,Weekday,No wait,82,2118,4,Northern Territory,"Well worth the visit for anyone remotely interested in Darwin's history. Well presented
We visited in the Wet Season so not many tourists about.",Darwin Military Museum,None,None,None,None,None,None,None,None,Positive,2023,23,nice interesting display cultural art fauna found nt recommend spending half day allocated 2 hour initially return next day extra 3 hour
70,War museum,Cafe,Souvenir store,Tourist attraction,War museum,True,en,2 months ago,2025-07-02T23:23:10.759Z,No,Weekday,No wait,15,2118,3,Northern Territory,"Intetesting and some good exhibits, but let down by the lack of maintenance. Signs are faded and unreadable. It looks very tired.",Darwin Military Museum,None,None,None,None,None,None,None,None,Positive,2025,22,youre darwin def come check place lot different painting statue history stuff entry free nearby beautiful beach sure allowed swim tho really enjoyed museum today
71,War museum,Cafe,Souvenir store,Tourist attraction,War museum,True,en,a year ago,2024-06-18T10:39:17.410Z,No,Weekday,No wait,105,2118,5,Northern Territory,"A historical trove of stories and unknown facts, immersive experiences and secret maps! Allow yourself more time than you think to discover it all.",Darwin Military Museum,None,None,None,None,None,None,None,None,Negative,2024,24,friendly staff excellent use technology help u learn rfd bombing darwin entry price little high side learn rfd rely partially donation keep operating
72,War museum,Cafe,Souvenir store,Tourist attraction,War museum,True,en,a year ago,2024-06-28T02:26:59.228Z,Not sure,Weekday,No wait,16,2118,4,Northern Territory,Pleasant surroundings for the items of war. The canteen is limited in space and menu but the prices and service are good. Outdoor exhibitions are great.  A must visit place when in Darwin.,Darwin Military Museum,None,None,None,None,None,None,None,None,Positive,2024,34,great place take family lot thing see way bigger first thought loved see many different view australian history old boat cyclone tracy child loved see well preserved presented animal tell museum really wantes best display
73,War museum,Cafe,Souvenir store,Tourist attraction,War museum,True,en,a year ago,2024-02-21T06:20:26.652Z,No,Weekend,No wait,65,2118,5,Northern Territory,"Excellent small museum mostly focused on World War II, featuring stories from the Darwin air raids. There is an immersive video presentation of the first air raid on 19 February 1942 which was really moving. Outside there are tanks, trucks naval guns and other buildings holding themed exhibits such as the Royal Australian Navy and the civilian experience of war. Part of the museum is in one of the gun emplacements which were built as part of Fortress Darwin. Just inside the main entrance is a small shop selling snacks, souvenirs, books and replica medals. Very impressed with the whole experience and will be back again for another visit. Highly recommended.",Darwin Military Museum,None,None,None,None,None,None,None,None,Positive,2024,111,nice museum artiful arranged exhibit worth spend couple hour enter free charge restaurant facing ocean colorful museum shop
74,War museum,Cafe,Souvenir store,Tourist attraction,War museum,True,en,2 years ago,2022-10-28T00:57:47.378Z,No,Weekday,No wait,66,2118,5,Northern Territory,"Wow so glad to have visited here on our holiday. What a fantastic way to show off history. The live manor of walking through was brilliant. A great effort to honor the past and the people putting the effort in now.
Well done",Darwin Military Museum,None,None,None,None,None,None,None,None,Positive,2022,42,husband visited rfd bombing darwin tourist facility yesterday morning recommended u darwin local met litmiluk gorge thank delightful front counter lady reception making u feel welcome ill wear rfd supporter tshirt pride see next time visit wonderful city
75,War museum,Cafe,Souvenir store,Tourist attraction,War museum,True,en,3 months ago,2025-06-14T06:07:35.066Z,No,Weekday,No wait,18,2118,1,Northern Territory,Great museum but confronting having a holocaust exhibit whilst Israel’s genocide against Palestinians is happening. I had hoped that humanity would have learnt from WW2 but obviously not. It’s sad what humans do to each other 😓,Darwin Military Museum,None,None,None,None,None,None,None,None,Positive,2025,37,nice small tourist centre virtual reality bombing darwin great holographic documentary rfd informative sure bombing darwin documentary experience told perspective u navy personnel interesting
76,War museum,Cafe,Souvenir store,Tourist attraction,War museum,False,en,a week ago,2025-09-08T01:12:45.524Z,No,Weekday,1 hr+,6,2118,4,Northern Territory,Great place to see the history of the war history in Darwin. Indoor viewing was fantastic.,Darwin Military Museum,None,None,None,None,None,None,None,None,Positive,2025,16,museum multiple time friend wanted see well worth visit multiple exhibition different content suit learn history darwin wildlife fauna see beautiful boat region think free everyone there excuse skip youre
77,War museum,Cafe,Souvenir store,Tourist attraction,War museum,True,en,a year ago,2024-06-02T07:37:32.380Z,No,Weekend,No wait,24,2118,5,Northern Territory,"Beautifully set up.  Outside exhibits have all of these wonderful nooks and crannies, loaded with information and artefacts.",Darwin Military Museum,None,None,None,None,None,None,None,None,Positive,2024,19,started saturday exploring museum art gallery rich collection give justice various significant aspect development region early geology indigenous people flora fauna maritime industrial agricultural age darwin 20th21st century really enjoyed collection
78,War museum,Cafe,Souvenir store,Tourist attraction,War museum,True,en,2 years ago,2023-06-29T05:55:07.110Z,No,Weekday,No wait,57,2118,4,Northern Territory,Not enough people know about Australia’s history specifically 1942 Feb 19th. This museum beautifully presents this time in history whilst also recognising Darwin’s significance in other War stories. Absolutely worth the visit.,Darwin Military Museum,None,None,None,None,None,None,None,None,Positive,2023,32,interesting place vr experience awesome
79,War museum,Cafe,Souvenir store,Tourist attraction,War museum,True,en,10 months ago,2024-11-19T23:40:16.291Z,No,Weekday,No wait,38,2118,5,Northern Territory,This place was nothing shot of spectacular. There was so much history enriched in this experience with heaps of artefacts. I have learnt so much and enjoy this very much.,Darwin Military Museum,None,None,None,None,None,None,None,None,Positive,2024,30,absolutely fantastic great display informative staff clean
80,War museum,Cafe,Souvenir store,Tourist attraction,War museum,True,en,2 months ago,2025-07-21T11:37:32.863Z,No,Weekday,No wait,85,2118,5,Northern Territory,Quite overwhelming actually. Too much to take it all in. Great display of history and well presented. Allow hours if this is your thing,Darwin Military Museum,None,None,None,None,None,None,None,None,Positive,2025,24,selective sample od darwin history
81,War museum,Cafe,Souvenir store,Tourist attraction,War museum,True,en,4 years ago,2021-04-13T11:41:19.385Z,No,Weekday,No wait,101,2118,5,Northern Territory,"The indoor museum describes the 1942 bombing of Darwin in great detail, however the museum is much more than that. Various artillery and armoured equipment is on display in the beautiful tropical grounds, while bunkers provide information on different wars and tools of war.

The electromechanical artillery computers and range finding equipment was of particular interest.

The museum is on the site of the gun emplacements protecting Darwin and you can see the huge 9 inch gun mounted in one.

Even if you are not particularly interested in military matters there should be enough here to make it worth a visit. For military and history buffs it is a must see.",Darwin Military Museum,None,None,None,None,None,None,None,None,Positive,2021,108,great collection aeroplane age must see anyone visiting darwin little retail shop well reasonable price great service aviation enthusiast go look still go look enjoy
82,War museum,Cafe,Souvenir store,Tourist attraction,War museum,True,en,a year ago,2024-06-05T10:00:20.367Z,No,Weekday,No wait,154,2118,5,Northern Territory,One of the best military museums I have seen. Great displays with heaps of information,Darwin Military Museum,None,None,None,None,None,None,None,None,Positive,2024,15,excellent great learn much well presented informative thank opportunity free enter highly recommend youre darwin
83,War museum,Cafe,Souvenir store,Tourist attraction,War museum,True,en,a year ago,2023-10-11T07:37:05.379Z,No,Weekday,No wait,45,2118,5,Northern Territory,Even if your not a military buff you will still find this place well worth seeing. So much history and artefacts to see. Give yourself a couple of hours if your a buff so much to see,Darwin Military Museum,None,None,None,None,None,None,None,None,Positive,2023,37,oh never ever seen like museum incredible also staff member great service visitor talked one younger woman kind pretty professional communication thank make feeling warm
84,War museum,Cafe,Souvenir store,Tourist attraction,War museum,True,en,2 years ago,2022-11-06T02:43:42.111Z,No,Weekday,No wait,220,2118,5,Northern Territory,Very interesting museum.  A big collection and in good condition. The most interesting are the cannons with the rooms/warehouses underneath them.,Darwin Military Museum,None,None,None,None,None,None,None,None,Positive,2022,22,great museum clean cool display free entry provide locker 2 refundable coin required valuable backpack allowed inside amazing section cyclone tracy also see huge crocodile captured darwin
85,War museum,Cafe,Souvenir store,Tourist attraction,War museum,True,en,a month ago,2025-08-19T05:12:15.871Z,Not sure,Weekday,No wait,132,2118,5,Northern Territory,"Fascinating experience, left me wondering about how the survivors felt whenever they heard a plane go over",Darwin Military Museum,None,None,None,None,None,None,None,None,Positive,2025,17,really enjoyed effort went creating installation really great
86,War museum,Cafe,Souvenir store,Tourist attraction,War museum,True,en,2 years ago,2023-04-17T10:34:15.637Z,Yes,Weekend,No wait,311,2118,5,Northern Territory,Enjoyed visiting this museum during the Darwin trip. I highly recommend to visit this place to know about the history. The video provides more information about the Darwin attack.,Darwin Military Museum,None,None,None,None,None,None,None,None,Positive,2023,29,great round experience especially bombing darwin rfd vr friendly helpful staff loved getting go inside rfd aeroplane
87,War museum,Cafe,Souvenir store,Tourist attraction,War museum,True,en,5 months ago,2025-03-23T04:12:11.890Z,No,Weekend,No wait,54,2118,5,Northern Territory,"1 word  ""WOW""

Absolutely outstanding!!",Darwin Military Museum,None,None,None,None,None,None,None,None,Positive,2025,5,decommissioned plane sit lot great merchandise give great insight important lifesaving service must missed virtual reality part remember recording going background dont forget ww2 darwin bombing simulation holographic presentation captain willy b definitely well worth visiting dont forget cheaper buy ticket big red bus
88,War museum,Cafe,Souvenir store,Tourist attraction,War museum,True,en,6 years ago,2019-06-17T09:13:54.022Z,No,Weekday,No wait,211,2118,5,Northern Territory,"Really first class.   Like most things that happened long ago, unless you see it, and hear it, it hasn't happened.   I knew Darwin had been bombed in WW2, but not much more.

The Darwin Military Museum virtually takes you there, and it's very clever.

Front of house staff were fabulous and helpful, and the whole vibe of the place, with all of its exhibits, and Cafe, make it a must see.   You should allow two to four hours to get best value.",Darwin Military Museum,None,None,None,None,None,None,None,None,Positive,2019,86,moving display photo wreckage cyclone never forgotten
89,War museum,Cafe,Souvenir store,Tourist attraction,War museum,True,en,2 years ago,2023-05-30T11:05:09.173Z,No,Weekday,No wait,61,2118,5,Northern Territory,"Absolutely brilliant! The layout, exhibitions, attention to detail and Vidio is amazing",Darwin Military Museum,None,None,None,None,None,None,None,None,Positive,2023,12,great interactive display lot information history
90,War museum,Cafe,Souvenir store,Tourist attraction,War museum,False,en,a year ago,2024-01-04T10:47:28.563Z,No,Weekday,No wait,10,2118,4,Northern Territory,"Really good exhibits, especially all those outside, if you can bear the heat.",Darwin Military Museum,None,None,None,None,None,None,None,None,Positive,2024,13,great experience must go great learn history bombing darwin history rfd picture
91,War museum,Cafe,Souvenir store,Tourist attraction,War museum,True,en,2 years ago,2023-07-19T03:05:55.212Z,No,Weekday,No wait,265,2118,4,Northern Territory,"Fairly good little museum, probably more suited to the older generations unless you have a little one who will appreciate the artifacts in the garden. Nice shaded area with lots of machinery. I appreciated the colour flames added into all the black and white pics in the movie haha😉",Darwin Military Museum,None,None,None,None,None,None,None,None,Positive,2023,49,love museum especially iconic crocodile called sweetheart well presented information darwin northern territory history landscape native animal
92,War museum,Cafe,Souvenir store,Tourist attraction,War museum,True,en,9 months ago,2024-12-12T04:22:11.882Z,Not sure,Weekday,No wait,80,2118,4,Northern Territory,"As ex forces member got discount entry result, lots of exhibits especially moving was the holocaust part interesting in relation to the involvement and bombing by the Japanese",Darwin Military Museum,None,None,None,None,None,None,None,None,Positive,2024,28,great place visit learnt lot darwin sea creature butterfly etc free entry choose donate gift store sell mango ice cream locally handmade butterfly brooch
93,War museum,Cafe,Souvenir store,Tourist attraction,War museum,True,en,2 years ago,2023-04-30T03:18:26.649Z,No,Weekday,No wait,442,2118,4,Northern Territory,"Great place, so much info. so many displays well worth the visit",Darwin Military Museum,None,None,None,None,None,None,None,None,Positive,2023,12,spent couple hour wandering museum gallery good mix art nt history exhibition good little cafe sit lunch cold drink overlooking ocean incorporate walk botanical garden museum well worth
94,War museum,Cafe,Souvenir store,Tourist attraction,War museum,True,en,3 years ago,2022-01-30T08:39:48.593Z,No,Weekday,No wait,505,2118,4,Northern Territory,"For a little Military Museum, located in Darwin it has a good collection of Military Memorabilia related to Darwin's bombing on 12 February 1942.
We spent about 3 hours looking at the exhibits.",Darwin Military Museum,None,None,None,None,None,None,None,None,Positive,2022,32,excellent use virtual reality bring life explain darwin bombing experience rfd airlift great able climb aboard one pilatus plane watch historic film footage interact display friendly helpful staff reasonable gift shop entertaining informative presentation
95,War museum,Cafe,Souvenir store,Tourist attraction,War museum,True,en,3 months ago,2025-06-11T05:43:30.555Z,No,Weekday,No wait,364,2118,5,Northern Territory,It gives a very extensive account of the booming of Darwin. It also has great exhibits from all wars Australia has been in. A must do when visiting Darwin.,Darwin Military Museum,None,None,None,None,None,None,None,None,Positive,2025,29,free entry museum fairly well laid map little confusing building doesnt flow well need double back get area 80 exhibit havent change last 15years new area added area changeover visited gift shop overpriced 14 stubby cooler seems overwhelmed theme much territory would purchased replica butterfly keyring dont pas outdoor monsoon area turtle swim around glass door left main entrance plenty parking overflow across road cold water bubble situated throughout building wheelchair use assist someone around museum
96,War museum,Cafe,Souvenir store,Tourist attraction,War museum,True,en,Edited 7 years ago,2018-01-08T13:46:31.491Z,No,Weekday,No wait,432,2118,5,Northern Territory,"If your up in Darwin this is a must see, the real army jets flying overhead are a bit loud sometimes but if you want to learn about Australia's top end history and what the Japanese did in world was two you'll learn alot and be able to see some real full on bits and pieces that will help explain things. A excellent interactive show is held a few times a day at least which is just awesome for the kids, and me I must admit, lol!",Darwin Military Museum,None,None,None,None,None,None,None,None,Positive,2018,87,clean modern well laid small museum hidden gem adult child us hologram virtual reality goggles short interactive film imagery take back time learnt bombing darwin achievement royal flying doctor service know founder john flynn 20 note calming place ground level easy access pram wheelchair exciting interesting age enjoy stroll darwin harbour pier drink bar meal even fish chip excellent used hop hop bus easy get around age felt safe relaxed pretty spot
97,War museum,Cafe,Souvenir store,Tourist attraction,War museum,True,en,a year ago,2024-07-09T05:01:09.335Z,Not sure,Weekday,No wait,45,2118,5,Northern Territory,Loved the way it is presented. The movie was great . Plenty of military items to look at.,Darwin Military Museum,None,None,None,None,None,None,None,None,Positive,2024,18,awesome setup pretty cool vr experience plenty merch wish buy history darwin bombing rfd work along history special thanks reception staff taking time introduce u facility giving u brief tour
98,War museum,Cafe,Souvenir store,Tourist attraction,War museum,True,en,4 years ago,2021-01-05T03:51:24.056Z,No,Weekday,No wait,495,2118,4,Northern Territory,"Great place to see the WWII history of Darwin.
Impressive interactive displays.
Would recommend.",Darwin Military Museum,None,None,None,None,None,None,None,None,Positive,2021,12,must free activity darwin informative unexpected great exhibit different animal cyclone tracy lovely art work come walking darwin coastal track also must jonique life follow journey around australia facebook instagram tik tok youtube highlight wonderful experience magical place add ever growing bucket list
99,War museum,Cafe,Souvenir store,Tourist attraction,War museum,True,en,2 years ago,2023-05-31T08:31:36.324Z,No,Weekday,No wait,196,2118,5,Northern Territory,Really great to see. A lot of history there to see. Well worth the trip.,Darwin Military Museum,None,None,None,None,None,None,None,None,Positive,2023,15,recommended look enjoyable early history darwin cyclone tracey boat refugee display much make 500 quick card donation add way enjoyed like thank im tourist
0,War museum,Cafe,Souvenir store,Tourist attraction,War museum,True,en,9 hours ago,2025-09-21T04:52:55.108Z,No,Weekday,No wait,53,2118,5,Northern Territory,A must visit but sad to be reminded of so much war.,Darwin Military Museum,None,None,None,None,None,None,None,None,Negative,2025,12,great place spend couple hour interesting exhibition lot history culture friendly staff downside bicycle parking shaded wanting return melted saddle park accross road ski club
2,War museum,Cafe,Souvenir store,Tourist attraction,War museum,True,en,a day ago,2025-09-20T00:03:31.922Z,No,Weekday,No wait,27,2118,5,Northern Territory,Definitely worth a look. My brother and father like to read all the things around the place. Me personally just like looking at all the equipment. Everyone enjoyed themselves,Darwin Military Museum,None,None,None,None,None,None,None,None,Positive,2025,29,great much see wish wed allowed time visit get round see everything cyclone tracy display vivid interesting lot footage interview time collection marine animal bird insect well displayed beautiful look contemporary aboriginal art exhibition stunning
3,War museum,Cafe,Souvenir store,Tourist attraction,War museum,True,en,2 days ago,2025-09-19T02:44:26.915Z,No,Weekday,No wait,127,2118,5,Northern Territory,"Loved it lots to look at, allow at least 3 hrs if want to look and see everything",Darwin Military Museum,None,None,None,None,None,None,None,None,Positive,2025,18,museum exceeded expectation especially free interesting lovely staff also great cafe wonderful gift shop youre looking special aboriginal momento well worth visiting
4,War museum,Cafe,Souvenir store,Tourist attraction,War museum,True,en,3 days ago,2025-09-18T10:41:57.240Z,No,Weekday,No wait,128,2118,5,Northern Territory,Well worth visiting. Very moving.,Darwin Military Museum,None,None,None,None,None,None,None,None,Positive,2025,5,amazing museum many exhibit see learn something everyone including art animal sea land air local darwin history maritime history much oh also free
6,War museum,Cafe,Souvenir store,Tourist attraction,War museum,True,en,4 days ago,2025-09-17T13:34:03.939Z,No,Weekday,No wait,22,2118,5,Northern Territory,For the war historians this museum is a must. Be prepared to spend at least half a day there. There is an interesting film presentation which should not be missed and a number of interactive panels to explore.,Darwin Military Museum,None,None,None,None,None,None,None,None,Positive,2025,38,museum art gallery northern territory offer great mix natural history aboriginal art local story especially enjoyed learning cyclone tracy seeing iconic sweetheart crocodile mustvisit youre darwinengaging educational beautifully presented
8,War museum,Cafe,Souvenir store,Tourist attraction,War museum,True,en,a week ago,2025-09-13T05:22:07.428Z,No,Weekend,No wait,24,2118,5,Northern Territory,"WOW. This has to one of the best museums I have visited in a long time. The cinema was so great and the movie was very well made. Displays were also well worth the visit, and as someone coming from Europe, it was nice to see all the exhibits and get a view on the war from the other side of the world. We spent good well over two hours and we would definetely come again.
Thank you",Darwin Military Museum,None,None,None,None,None,None,None,None,Positive,2025,77,excellent showcasing nt history culture free entry transformation prehistory cyclone tracy unruly day rebellion chinese immigrant contribution contemporary aboriginal artwork mesmerising life size sweetheart croc little known maritime history nt darwin huge warehouse style special exhibition area area backdrop darwin harbour absolutely wow immersive engaging small gift shop bundilla saltwater restaurant pretty good well done curator captured essence nt perfectly overwhelming adequate though course time 15 hour short
0,Museum,Event venue,Heritage museum,History museum,Museum,True,en,a week ago,2025-09-10T00:51:43.068Z,No,Weekday,No wait,26,1196,5,Northern Territory,"The Darwin Aviation Museum offers an outstanding collection of historic aircraft and aviation memorabilia. The highlight is the massive B-52 bomber, alongside many other well-preserved planes. A fascinating visit for history and aviation enthusiasts alike.",Darwin Aviation Museum,Tourist attraction,None,None,None,None,None,None,None,Positive,2025,35,great place spend couple hour interesting exhibition lot history culture friendly staff downside bicycle parking shaded wanting return melted saddle park accross road ski club
1,Museum,Event venue,Heritage museum,History museum,Museum,True,en,3 months ago,2025-06-01T04:39:55.262Z,No,Weekend,No wait,25,1196,4,Northern Territory,"It's pretty impressive what this group of passionate volunteers do to bring together an amazing collection of displays and we'll kept aircraft. The centerpiece, which takes up the whole width and length of the museum, the B-52 Stratofortress needs to be seen to be believed. Of you're lucky to go on an ""open cockpit day"" you'll get some real unique experiences.",Darwin Aviation Museum,Tourist attraction,None,None,None,None,None,None,None,Positive,2025,61,definately recommend visiting museum art gallery nt lot see entomology display cyclone tracey exhibit amazing aboriginal torres strait islander art would definately set aside time expect look everything display lucky enough visit telstra natsia display artwork varied captivating difficult select favourite vote
2,Museum,Event venue,Heritage museum,History museum,Museum,True,en,2 months ago,2025-07-16T06:53:32.499Z,No,Weekday,No wait,18,1196,5,Northern Territory,A great combination of Aircraft and WW2 history. The B52 is a fantastic thing to see. Other highlights for me were the Cobra and F1-11. Well worth a visit. Also there is a bus from the city that stops directly out front.,Darwin Aviation Museum,Tourist attraction,None,None,None,None,None,None,None,Positive,2025,42,great much see wish wed allowed time visit get round see everything cyclone tracy display vivid interesting lot footage interview time collection marine animal bird insect well displayed beautiful look contemporary aboriginal art exhibition stunning
3,Museum,Event venue,Heritage museum,History museum,Museum,True,en,3 months ago,2025-06-08T13:15:59.717Z,No,Weekend,No wait,34,1196,5,Northern Territory,"It was breathtaking seeing all the planes in the hangar. had fun taking photos, as well as reading up on the facts of each plane. worth a visit for sure! there's a souvenir shop too.",Darwin Aviation Museum,Tourist attraction,None,None,None,None,None,None,None,Positive,2025,35,museum exceeded expectation especially free interesting lovely staff also great cafe wonderful gift shop youre looking special aboriginal momento well worth visiting
4,Museum,Event venue,Heritage museum,History museum,Museum,True,en,2 months ago,2025-07-12T04:04:32.187Z,No,Weekend,30–60 min,92,1196,4,Northern Territory,"Nice aviation museum, but there are better ones. Not much to explore and learn for kids. A working flight simulator would be a benefit for example. Caravan or trailer parking is missing.",Darwin Aviation Museum,Tourist attraction,None,None,None,None,None,None,None,Positive,2025,32,amazing museum many exhibit see learn something everyone including art animal sea land air local darwin history maritime history much oh also free
5,Museum,Event venue,Heritage museum,History museum,Museum,True,en,2 months ago,2025-07-14T02:18:42.917Z,No,Weekend,No wait,56,1196,5,Northern Territory,"Great museum, you get to look inside various aircrafts and heaps of information around the place with 2 videos to watch. Really interesting",Darwin Aviation Museum,Tourist attraction,None,None,None,None,None,None,None,Positive,2025,23,magnt small wonderfully curated museum best completely free enter though small donation appreciated 5day road trip alice spring nobrainer stop upon arriving darwin exhibit diverse engaging featuring beautiful showcase local fauna indigenous art deeply moving section dedicated cyclone tracy visiting wednesday meant crowd making experience calm easy navigate unhurried real plus well airconditioned room offered refreshing escape heat humidity outside overall magnt hidden gem thats well worth visit especially given accessible location free entry highly recommended anyone exploring darwin
6,Museum,Event venue,Heritage museum,History museum,Museum,True,en,a month ago,2025-08-06T00:38:30.662Z,No,Weekday,No wait,547,1196,5,Northern Territory,"Being able to get up close with all the old planes and learn their history was fascinating.
The F-111 was particularly interesting - it's hard to appreciate the shape when you see it on TV.",Darwin Aviation Museum,Tourist attraction,None,None,None,None,None,None,None,Positive,2025,34,museum art gallery northern territory offer great mix natural history aboriginal art local story especially enjoyed learning cyclone tracy seeing iconic sweetheart crocodile mustvisit youre darwinengaging educational beautifully presented
7,Museum,Event venue,Heritage museum,History museum,Museum,True,en,3 months ago,2025-06-07T06:04:24.786Z,No,Weekday,No wait,168,1196,5,Northern Territory,"There was an open cockpit day on the day that we attended - total fluke as we hadn't seen it advertised - it should have been advertised better as we had the best time and I'm sure lots of other people would have enjoyed the experience of sitting in some of these amazing planes & helicopters! The displays and information are an amazing experience and getting up so close amd personal is an honour.
There are toilets amd a souvenir shop.",Darwin Aviation Museum,Tourist attraction,None,None,None,None,None,None,None,Positive,2025,80,nice interesting display cultural art fauna found nt recommend spending half day allocated 2 hour initially return next day extra 3 hour
8,Museum,Event venue,Heritage museum,History museum,Museum,True,en,a month ago,2025-08-10T04:36:39.798Z,No,Weekend,No wait,285,1196,5,Northern Territory,One of must visit places in Darwin. Seeing F-18 or B-52 is amazing. Knowing about the history is enriching.,Darwin Aviation Museum,Tourist attraction,None,None,None,None,None,None,None,Positive,2025,19,excellent showcasing nt history culture free entry transformation prehistory cyclone tracy unruly day rebellion chinese immigrant contribution contemporary aboriginal artwork mesmerising life size sweetheart croc little known maritime history nt darwin huge warehouse style special exhibition area area backdrop darwin harbour absolutely wow immersive engaging small gift shop bundilla saltwater restaurant pretty good well done curator captured essence nt perfectly overwhelming adequate though course time 15 hour short
9,Museum,Event venue,Heritage museum,History museum,Museum,True,en,a month ago,2025-07-26T00:22:54.751Z,No,Weekday,No wait,14,1196,5,Northern Territory,Many planes to see close up including the massive B52 bomber. Can easily spend a couple of hours learning about aviation.,Darwin Aviation Museum,Tourist attraction,None,None,None,None,None,None,None,Positive,2025,21,museum art gallery northern territory mustvisit destination darwin offer fascinating exhibition first nation culture region history marine life even dramatic story cyclone tracy admission free staff exceptionally welcoming knowledgeable making memorable experience visitor age
10,Museum,Event venue,Heritage museum,History museum,Museum,True,en,3 weeks ago,2025-08-29T01:24:06.334Z,No,Weekday,No wait,26,1196,4,Northern Territory,"If you like planes, this is the place to explore. Handy for the number 8 bus from the CBD, my none intreated in planes missus and I spent a couple of hours wandering around. I recommend taking an old air craft seat and watching the video first. There is a great shop, seats to enjoy an ice cream and planes. Did I mention the planes.",Darwin Aviation Museum,Tourist attraction,None,None,None,None,None,None,None,Positive,2025,65,spent hour browsing around exhibit museum well laid thing see normally found type museum especially liked cyclone tracey exhibit
11,Museum,Event venue,Heritage museum,History museum,Museum,True,en,4 weeks ago,2025-08-24T03:20:52.557Z,No,Weekend,No wait,283,1196,5,Northern Territory,"Great place and great value, the B52 is a must see. Plenty of cool gifts in the gift shop",Darwin Aviation Museum,Tourist attraction,None,None,None,None,None,None,None,Positive,2025,19,amazing glad decide activity lot see learn big really interesting free entry place amazing staff friendly helpful finish browsing place favour go cafe bite really highly recommend
12,Museum,Event venue,Heritage museum,History museum,Museum,False,en,Edited a week ago,2025-09-11T13:00:32.634Z,No,Weekday,No wait,5,1196,5,Northern Territory,It's well worth the time and would recommend you leave at least two hours to get through it all.,Darwin Aviation Museum,Tourist attraction,None,None,None,None,None,None,None,Neutral,2025,19,absolutely far best wildlife display varied show culture art historical thing cyclone exhibition must best thing absolutely free
13,Museum,Event venue,Heritage museum,History museum,Museum,True,en,3 months ago,2025-06-19T06:08:51.548Z,No,Weekday,No wait,30,1196,5,Northern Territory,Loved our visit. Amazing array of planes you can get up close to. Kids loved it.,Darwin Aviation Museum,Tourist attraction,None,None,None,None,None,None,None,Positive,2025,16,compact intensely interesting museum art gallery particularly enjoyed cyclone tracy exhibit extensive collection aboriginal art
14,Museum,Event venue,Heritage museum,History museum,Museum,True,en,2 months ago,2025-07-16T05:07:30.932Z,No,Weekend,No wait,123,1196,5,Northern Territory,Fantastic aircraft museum. You can get up close and see some great aircraft.,Darwin Aviation Museum,Tourist attraction,None,None,None,None,None,None,None,Positive,2025,13,add museum darwin itinerary free entry venue close around 4pm daily multiple display including cyclone tracey war film artefact bird insect wander thru self guided tour reception provide venue map information strictly food beverage rule applies inside museum area free water fountain near reception toilet visitor use public bus stop directly front cdc bus line plenty free parking vehicle size stay long like allowed approximately 2 hour visit disability accessibility walking frame wheelchair
15,Museum,Event venue,Heritage museum,History museum,Museum,True,en,2 months ago,2025-07-19T12:49:33.282Z,No,Weekday,No wait,9,1196,4,Northern Territory,"Lots to see. Fighter jets flew over whilst we were there.
Very interesting",Darwin Aviation Museum,Tourist attraction,None,None,None,None,None,None,None,Positive,2025,12,good interactive experience vr goggles etc allow hour half everything watching show purchase go towards royal flying doctor service
16,Museum,Event venue,Heritage museum,History museum,Museum,False,en,5 months ago,2025-04-12T14:32:34.820Z,Not sure,Weekday,No wait,2,1196,5,Northern Territory,"Great experience, the B-52G is magnificent. It seems small, but don’t be fooled, if you are fan of history in general, be prepared that you will spend a lot of time in there. 100 % worth the visit.",Darwin Aviation Museum,Tourist attraction,None,None,None,None,None,None,None,Positive,2025,38,whats like art center coast got watch sunset aboriginal art award experience little ordinary art display mindbogglingbut sweetheart fixture sight beholdi cant imagine encountering crocodile size nature
17,Museum,Event venue,Heritage museum,History museum,Museum,False,en,6 months ago,2025-02-25T21:13:09.932Z,No,Public holiday,No wait,2,1196,5,Northern Territory,"Great visit during Ex Pitch Black 2024, great collection of aircraft and one of the employees opened up the F-111 Aardvark so we could see inside the cockpit and gave me a ""We Believe In Ghosts"" patch from 71 Tactical Group ""Richthofen"" of the German Air Force",Darwin Aviation Museum,Tourist attraction,None,None,None,None,None,None,None,Positive,2025,47,love amazing museum need least 1hour half see everything best part free
18,Museum,Event venue,Heritage museum,History museum,Museum,True,en,a year ago,2024-06-11T07:52:22.436Z,No,Weekend,No wait,152,1196,5,Northern Territory,"For someone who loves but is certainly not a real history buff, I thought it was fantastic. There is so much to see and read about. The B52 is massive when you see it. The F-111, awesome. I built some of these plastic models in another life.
My wife, not really that interested prior, was certainly impressed. Really worth the visit.",Darwin Aviation Museum,Tourist attraction,None,None,None,None,None,None,None,Positive,2024,60,someone love certainly real history buff thought fantastic much see read b52 massive see f111 awesome built plastic model another life wife really interested prior certainly impressed really worth visit
19,Museum,Event venue,Heritage museum,History museum,Museum,True,en,11 months ago,2024-10-06T12:34:53.486Z,No,Weekday,No wait,173,1196,4,Northern Territory,"A large collection of aircraft from different eras is on display here, with both indoor and outdoor exhibition areas. The exhibition area only has electric fans and no air conditioning, so if it gets too hot during your visit, you can go to the ticketing area to enjoy the air conditioning, have an ice cream or a drink, and then return to the exhibition area to continue your visit.",Darwin Aviation Museum,Tourist attraction,None,None,None,None,None,None,None,Positive,2024,69,brilliant day surreal experience especially cyclone tracy exhibit spent 2 hr walking around enjoyed every minute
20,Museum,Event venue,Heritage museum,History museum,Museum,True,en,a month ago,2025-07-26T08:38:08.900Z,No,Weekday,No wait,66,1196,5,Northern Territory,"Awesome experience, we brought the combo ticket for here and the RFDS- definitely well worth it. The museum has so much to see and great movies to tell you the story of aviation and the Bombing of Darwin. The planes, engines etc are wonderful and so well maintained. Great job everyone.",Darwin Aviation Museum,Tourist attraction,None,None,None,None,None,None,None,Positive,2025,51,great place spend time learn history geology cyclone tracey incredible exhibition give witness devastation tracey brought upon darwin
21,Museum,Event venue,Heritage museum,History museum,Museum,True,en,a month ago,2025-08-04T20:21:19.424Z,No,Weekend,No wait,166,1196,5,Northern Territory,Make sure you have plenty of time to look around.. it's a massive place with lots to read and look at.. the great way to learn more about Darwin.,Darwin Aviation Museum,Tourist attraction,None,None,None,None,None,None,None,Positive,2025,29,certainly worth visiting exhibit top class easily reached public transport also great place cool gaining knowledge time
22,Museum,Event venue,Heritage museum,History museum,Museum,True,en,4 months ago,2025-05-07T02:27:03.665Z,No,Weekday,No wait,7,1196,5,Northern Territory,"If you love planes and history, this is a must see. Absolutely a highlight for our Darwin stay.",Darwin Aviation Museum,Tourist attraction,None,None,None,None,None,None,None,Positive,2025,18,small museum interesting exhibition one regarding cyclone tracy fancy interesting piece worth visit town probably spend one hour ish inside
23,Museum,Event venue,Heritage museum,History museum,Museum,True,en,a month ago,2025-08-12T08:47:58.223Z,No,Weekday,No wait,50,1196,5,Northern Territory,"Pretty amazing museum
Lots to see and info to read. The B52 looms over everything which is pretty amazing. Lots of history on Darwin. Old Japanese plane wrecks. Only one thing could make this place better is being able to go in the B52!!! Don't come here in a hurry to get through it. Take your time. Really worth the entry fee.",Darwin Aviation Museum,Tourist attraction,None,None,None,None,None,None,None,Positive,2025,61,wow kid thought place going boring loved spent 2 hour exploring learning rfd attack darwin 1942 definitely watch 20 min movie attack vr headset love
24,Museum,Event venue,Heritage museum,History museum,Museum,True,en,a year ago,2023-09-29T06:29:58.581Z,No,Weekday,No wait,483,1196,5,Northern Territory,"We spent a good hour and a half here checking out the impressive collection of aircraft inside the fan cooled hangar.  It was smoking hot the day we visited so we passed on the planes outside in the sun. The writeups were interesting and informative. It is an excellent collection. The highlight has to be the B-52.  What a monster aircraft!

If you enjoy planes you'll get a kick out of this place.  Well worth the $16/adult entrance fee.  Bring some water if the day is hot or you can buy it at the front desk.",Darwin Aviation Museum,Tourist attraction,None,None,None,None,None,None,None,Positive,2023,99,small museum art gallery easily done hour admission free also outdoor section café check
25,Museum,Event venue,Heritage museum,History museum,Museum,True,en,a year ago,2024-02-07T03:29:49.345Z,No,Weekend,No wait,65,1196,5,Northern Territory,"Our family recently visit the Darwin Aviation Museum and we were very impressed! Dozens of aircraft, engines and other vehicles are on display, including the only B-52 on display in the Southern Hemisphere and one of three outside the United States. Also on display were various historical items such as uniforms, medals, models and relics from air crashes and the 1942 bombing of Darwin. There is also an excellent and well-stocked shop where I was able to buy lots of toys, models and souvenirs for the family. Highly recommended!!",Darwin Aviation Museum,Tourist attraction,None,None,None,None,None,None,None,Positive,2024,89,wonderful exhibition one megafauna cyclone tracy particularly good
26,Museum,Event venue,Heritage museum,History museum,Museum,True,en,2 years ago,2023-08-08T11:38:49.486Z,No,Weekday,No wait,279,1196,5,Northern Territory,"Being honest, it wasn't my cup of tea 😀 but my husband and brother loved it. Spent a lot of time looking at all the amazing planes and aircraft. Even had a full B52 bomber which was amazing. More planes outside too. A small viewing platform to take a pic of the B52.
Good variety in the gift shop with some reasonable priced souvenirs.
Staff very helpful.",Darwin Aviation Museum,Tourist attraction,None,None,None,None,None,None,None,Positive,2023,65,fascinating day museum daughter wonderful time museum art gallery northern territory today stunning local art fascinating natural history exhibit much explore learn together perfect mix fun education u
27,Museum,Event venue,Heritage museum,History museum,Museum,True,en,a year ago,2024-05-07T01:51:51.189Z,Not sure,Weekday,No wait,155,1196,5,Northern Territory,Excellent display of aircraft well set out. Heaps of information re wartime Darwin. The major draw card is a B52 bomber it is huge. The hanger was purpose built for it. We spent 2 hours there and were sorry we had arranged a 2 hour pickup we could have easily spent more time there.,Darwin Aviation Museum,Tourist attraction,None,None,None,None,None,None,None,Positive,2024,54,museum full information indigenous nt history spent hour cafe reasonably priced lovey food drink
28,Museum,Event venue,Heritage museum,History museum,Museum,True,en,a year ago,2024-09-04T10:26:55.204Z,Not sure,Weekend,No wait,91,1196,5,Northern Territory,This place is super cool and very informative. The B-52 (not love shack variety) is sooooo massive. The F1-11 was my favourite jet as a kid and it was awesome to see one close up,Darwin Aviation Museum,Tourist attraction,None,None,None,None,None,None,None,Positive,2024,35,great museum really well presented wish allocated much time
29,Museum,Event venue,Heritage museum,History museum,Museum,True,en,a year ago,2024-07-16T11:44:49.393Z,No,Weekday,No wait,399,1196,5,Northern Territory,This would be a place that I would visit often. So much to see and appreciate. Being able to see some of these aircraft again and up close is just great. Comparing a B52 size to a bi plane in close proximity is something.,Darwin Aviation Museum,Tourist attraction,None,None,None,None,None,None,None,Positive,2024,44,wonderful museum visit lot tell darwin history colonial cyclone tracy rebuilt came many interactive exhibition made visit felt engaging would highly recommend
30,Museum,Event venue,Heritage museum,History museum,Museum,True,en,2 months ago,2025-07-21T07:09:14.256Z,No,Weekday,No wait,15,1196,4,Northern Territory,"A nice little museum...had some excellent exhibits including an FA18, F111, B52 and a great display on the 1919 England to Australia air race.
Very friendly staff.
Parked right out the front and walked straight in without any wait.",Darwin Aviation Museum,Tourist attraction,None,None,None,None,None,None,None,Positive,2025,37,lot eyecatching display nt flora fauna geology culture art cyclone tracey free parking available site
31,Museum,Event venue,Heritage museum,History museum,Museum,True,en,3 weeks ago,2025-08-30T01:49:57.310Z,No,Weekday,No wait,129,1196,5,Northern Territory,Fantastic place if you are in Darwin you have to go.,Darwin Aviation Museum,Tourist attraction,None,None,None,None,None,None,None,Positive,2025,11,free plenty see spend hour good whole family
32,Museum,Event venue,Heritage museum,History museum,Museum,True,en,2 years ago,2023-08-04T00:04:48.921Z,No,Weekday,No wait,281,1196,5,Northern Territory,"It's a large display with restored planes and also wreckage from various planes from the war. The B52 certainly looms over the other exhibits. It's massive to see in person. There are also lots of displays about our early aviation and aviators and also about Cyclone Tracy. All the displays tell good in-depth stories of their history.

We have a small dog 🐕, and upon asking, I was allowed to take her in on the condition that I carry her as they have no insurance to cover dog incidents. I was very grateful that I could take her in and didn't mind carrying her, so that was OK.

The staff was very friendly.",Darwin Aviation Museum,Tourist attraction,None,None,None,None,None,None,None,Positive,2023,111,cute need take museum context excellent job telling local story darwin history people many way lack boat say appreciated aboriginal art larger australian museum isnt lourve doesnt claim excellent local flavor make stop
33,Museum,Event venue,Heritage museum,History museum,Museum,True,en,11 months ago,2024-10-04T03:22:01.739Z,Yes,Weekday,No wait,30,1196,4,Northern Territory,"An interesting place to see various types of aircraft and also learn some of our war time history.
Younger ones might be inclined to get bored while parents read the information on the plaques.",Darwin Aviation Museum,Tourist attraction,None,None,None,None,None,None,None,Neutral,2024,33,really fantastic wish could spent longer think everyones list visit area
34,Museum,Event venue,Heritage museum,History museum,Museum,True,en,4 months ago,2025-04-22T23:17:36.433Z,No,Weekday,No wait,278,1196,4,Northern Territory,Great collection of varied aircraft. Note worthy are the bits and pieces of warbirds recovered. Lots of stories about serving personnel and aviation history. Gift shop has an impressive amount of appropriate related items for purchase at very reasonable prices. Ladies at counter nice and helpful,Darwin Aviation Museum,Tourist attraction,None,None,None,None,None,None,None,Positive,2025,46,loved indigenous art gallery gallery interesting along small maritine
35,Museum,Event venue,Heritage museum,History museum,Museum,True,en,3 weeks ago,2025-08-29T08:26:26.006Z,No,Weekend,No wait,28,1196,5,Northern Territory,Took my family here for my son’s birthday as he is obsessed with planes at the moment and he definitely got his fix here! The variety and information is absolutely amazing we all loved it and will definitely be going back as I’m pretty sure we’d find more things we missed first time round!,Darwin Aviation Museum,Tourist attraction,None,None,None,None,None,None,None,Positive,2025,54,loved organized gallery museum everything clearly marked labeled provides opportunity learn item free enter donation box highly recommend contributing effort maintain fantastic instructional informative gallery enjoyed learning northern territory history cyclone exhibit informative loved onsite gift shop take backpack inside offer secure space bag
36,Museum,Event venue,Heritage museum,History museum,Museum,True,en,2 months ago,2025-06-30T02:14:25.927Z,No,Weekday,No wait,563,1196,5,Northern Territory,"You can easily spend a day here. Very informative, beaut displays",Darwin Aviation Museum,Tourist attraction,None,None,None,None,None,None,None,Positive,2025,11,nt museum art gallery great collection interesting exhibit eye popping art huge took hour get around well worth effort entry free
37,Museum,Event venue,Heritage museum,History museum,Museum,True,en,2 years ago,2023-07-09T04:44:37.665Z,Not sure,Weekend,No wait,127,1196,4,Northern Territory,"Good museum! Buy a package with visual effects for family, but need to go to the CBD to watch it. The museum is just ok, not too many things to explore.",Darwin Aviation Museum,Tourist attraction,None,None,None,None,None,None,None,Positive,2023,31,outstanding experience informative display give huge insight territorian life culture display cyclone tracey superb sobering definitely recommend visit darwin free entry free parking also cafe tranquil setting sea water view
38,Museum,Event venue,Heritage museum,History museum,Museum,True,en,a year ago,2024-05-29T04:27:30.217Z,No,Weekday,No wait,34,1196,5,Northern Territory,"Spent 2.5 hours here. Great displays, so much to see and wow the B52 is enormous. There’s even a TV in the bottom of the fuselage to watch videos of it in flight and learn more.",Darwin Aviation Museum,Tourist attraction,None,None,None,None,None,None,None,Positive,2024,36,best tourist place darwin see darwin informative nice staff vr amazing free shuttle bus attraction place nearby spend rest day also water front eating place next museum good lunch
39,Museum,Event venue,Heritage museum,History museum,Museum,True,en,8 months ago,2024-12-28T01:49:08.441Z,No,Weekend,No wait,974,1196,4,Northern Territory,Above average aviation museum with the great B-52 on display. Just wish it was more interactive.,Darwin Aviation Museum,Tourist attraction,None,None,None,None,None,None,None,Positive,2024,16,modern neat tidy relatively small museum unfortunately cyclone tracey exhibit closed due renovation upcoming 50th anniversary hard tried wasnt able appreciate art exhibit natural exhibit good undercover outdoor small marine exhibit given temperature humidity day unbearable walk around museum entry free staff helpful friendly overall worth visit
40,Museum,Event venue,Heritage museum,History museum,Museum,True,en,4 months ago,2025-05-12T02:59:23.812Z,No,Weekend,No wait,71,1196,5,Northern Territory,"I rated the museum highly because I'm an aviation nut. I grew up making aircraft models and even flew in a tiger moth back in the day. The highlight for me was the display on the air race from UK to Australia in 1913. I would have liked to have peeked inside some of the aircraft a little more, especially the Orion parked outside.",Darwin Aviation Museum,Tourist attraction,None,None,None,None,None,None,None,Positive,2025,64,museum free enter packed wonderful exhibit information geographical location history culture aboriginal art luved well worth visit darwin city
41,Museum,Event venue,Heritage museum,History museum,Museum,True,en,a year ago,2023-11-10T05:27:40.506Z,No,Weekday,No wait,164,1196,5,Northern Territory,"Excellent museum with good Australian history, including Japanese and a couple of the USA as well. If you are in Darwin and interested in your aviation history, this is a great museum to visit",Darwin Aviation Museum,Tourist attraction,None,None,None,None,None,None,None,Positive,2023,34,brilliant museum adult child free entry donation suggested pushed informative brilliant display really lovely indigenous artwork cyclone tracy display display wet v dry season nt display local wildlife day went treasure hunt kid find lego mini figure exhibit ingenious idea fun adult kid alike
42,Museum,Event venue,Heritage museum,History museum,Museum,True,en,3 years ago,2022-06-27T08:41:09.418Z,No,Weekday,No wait,369,1196,4,Northern Territory,"Great place if you are into Aviation. There are 3 video presentations, lots of aircraft including the b52. Parking is easy and 2hours should give you time for a detailed overview. We got a combination ticket when buying our RFDS tickets to save a few bucks.",Darwin Aviation Museum,Tourist attraction,None,None,None,None,None,None,None,Positive,2022,46,enjoyed watching vertual reality goggle hologram john flynn flying doctor 3d virtual reality bombing darwin harbour
43,Museum,Event venue,Heritage museum,History museum,Museum,True,en,a year ago,2024-05-28T22:46:44.603Z,No,Weekday,No wait,57,1196,5,Northern Territory,"If you are interested in aviation and the Bombing of Darwin, then this is a great opportunity to learn about some history of Darwin in WWII. Great displays of planes. And to see the last B-52 that flew into Australia on display is pretty cool.",Darwin Aviation Museum,Tourist attraction,None,None,None,None,None,None,None,Positive,2024,45,love amazing museum need least 1hour half see everything best part free
44,Museum,Event venue,Heritage museum,History museum,Museum,True,en,2 years ago,2023-07-30T12:43:21.912Z,Not sure,Weekday,No wait,378,1196,4,Northern Territory,"Really fun medium sized museum with excellent static displays and some great videos for ww2 and info on womans aviation in the area and beyond. One of the guys at the ticket desk/shop could do with a little training on how to be more pleasant to paying customers but on the whole, a great place to visit.",Darwin Aviation Museum,Tourist attraction,None,None,None,None,None,None,None,Positive,2023,57,must see darwin cyclone tracey exhibit must
45,Museum,Event venue,Heritage museum,History museum,Museum,True,en,a year ago,2024-08-11T00:43:08.044Z,Yes,Weekend,No wait,26,1196,5,Northern Territory,"Wonderful planes and staff, was just disappointed as we could not go in cockpit. We were advised on our exit that cockpit sitting is only on certain days, please check their website or call to avoid disappointment:) but well worth the trip!",Darwin Aviation Museum,Tourist attraction,None,None,None,None,None,None,None,Positive,2024,42,excellent informative display rfd history bombing darwin vr experience terrific
46,Museum,Event venue,Heritage museum,History museum,Museum,False,en,2 months ago,2025-07-04T11:31:10.064Z,No,Weekday,No wait,3,1196,5,Northern Territory,Magnificent display....more should be known about Darwin in WW2...the aviation museum gives a fantastic insight into Australia's wartime history..take your time when you visit and soak it all in Lest We Forget,Darwin Aviation Museum,Tourist attraction,None,None,None,None,None,None,None,Positive,2025,32,good place visit want learn cyclone tracy fantastic display animal sealife great display art gallery great highly recommend visit free entry gift shop site cafe
47,Museum,Event venue,Heritage museum,History museum,Museum,True,en,Edited a year ago,2024-07-20T14:28:24.293Z,No,Weekend,No wait,19,1196,5,Northern Territory,Wow!! Love this place. Great being able to get up close to these wonderful planes. Lots to see and read. Will visit again,Darwin Aviation Museum,Tourist attraction,None,None,None,None,None,None,None,Positive,2024,23,great museum well designed laid lot taxidermy animal help show size colour exhibit well covering history darwin city part austronesian area huge area full sized boat sea craft particularly cool
48,Museum,Event venue,Heritage museum,History museum,Museum,True,en,a month ago,2025-07-29T11:05:53.192Z,No,Weekday,No wait,138,1196,4,Northern Territory,It's interesting to remind us of what happened in our past and the hardships they endured.,Darwin Aviation Museum,Tourist attraction,None,None,None,None,None,None,None,Positive,2025,16,wonderful institution natural social history well superlative national indigenous art award exhibition contemporary visual art programming bonus decent cafe million dollar view darwin ski club next door always worth stop see whats inside
49,Museum,Event venue,Heritage museum,History museum,Museum,True,en,2 years ago,2022-10-03T07:16:07.149Z,No,Weekday,No wait,1007,1196,5,Northern Territory,"Better using Google map to get here (GPS is chaotic).
Easy parking. Admission Fee: $16/adults.
A lot of aircraft models and souvenirs in the air conditioned gift shop.
Then, all are about aviation in the showroom: 3 videos,  pictures, photos, stories, Air force, Quatus, and various aircraft including B52, James bond's aircraft.... Very close up to many aircrafts, only not sit in.
No air-conditioning in the showroom but good ventilation as many electric fans.
Outdoor: old aircrafts and helicopters.
Senior staff are nice.
Spent ~2hrs",Darwin Aviation Museum,Tourist attraction,None,None,None,None,None,None,None,Positive,2022,79,expectation glad decided visit easily spent couple hour could spent longer loved modern art cyclone tracey display boat fantastic available free charge definitely visit next darwin
50,Museum,Event venue,Heritage museum,History museum,Museum,True,en,2 months ago,2025-07-18T03:19:43.584Z,Yes,Weekday,No wait,34,1196,4,Northern Territory,"Interesting collection of planes, some  artefact exhibits a little dusty in appearance and explanation. Gift shop was not quite as big as the resident B52.",Darwin Aviation Museum,Tourist attraction,None,None,None,None,None,None,None,Negative,2025,26,highly recommend visitthe staff friendly helpful entrance free great exhibition indigenous artist work terrifying display creature kill absolutely loved museum native bird display entrancing cyclone tracey exhibit moving must visit tourist free locker available loved
51,Museum,Event venue,Heritage museum,History museum,Museum,True,en,8 months ago,2024-12-28T03:47:20.099Z,No,Weekday,No wait,157,1196,5,Northern Territory,"Love it, great friendly service by the two fellas working, great displays and well laid out with good information available.  Hot day so the massive fans in the shed made a huge difference.",Darwin Aviation Museum,Tourist attraction,None,None,None,None,None,None,None,Positive,2024,34,free admission donation appreciated learn history darwin tracy cyclone aboriginal people art animal around area good place go hot weather also good bring kid recommend allow 12 hour museum even longer relax travel schedule gift shop lot sell staff friendly
52,Museum,Event venue,Heritage museum,History museum,Museum,True,en,Edited a year ago,2023-09-29T06:45:51.680Z,No,Weekday,No wait,721,1196,5,Northern Territory,"At $16/adult this was well worth the cost. The displays are informative and well done. The staff we welcoming and friendly, letting people know what to look for. Everything was well laid out and easy to access. Enjoyable to spend a couple of hours wandering around.",Darwin Aviation Museum,Tourist attraction,None,None,None,None,None,None,None,Positive,2023,46,must go place want know city territory
53,Museum,Event venue,Heritage museum,History museum,Museum,True,en,3 years ago,2022-08-02T09:20:21.481Z,Not sure,Weekend,No wait,381,1196,5,Northern Territory,"About 10 km from the city centre, this amazing museum is a must see in Darwin. There's a vast array of Aircrafts/Helicopters ranging from light biplane like -- Tigermoth, to famous WW2 Spitfire fighter, Sabre jet, F-111C Jet, to the mighty B52 Bomber. But the B52 Bomber truly appears like a Monolith dwarfing all other planes/everything else, with its huge wingspan, mounted with Eight (8) Huge Pratt & whitney Jet engines! This Enormous Aircraft almost occupies the entire length & width of this beautiful museum hangar so to speak. There's lots of history about WW2. Few short documentary videos of Darwin bombing etc are available to watch. You can easily spend 90 minutes to about 2 hours inside this amazing aviation museum and still not have enough of it. Very good staff at the reception. Highly recommended.",Darwin Aviation Museum,Tourist attraction,None,None,None,None,None,None,None,Positive,2022,137,end wharf 10 15 minute walk waterfront also take free shuttle bus run quite frequently museum small plenty spent 15 hour virtual reality headset depicts scene plane bombing 8 minute 2 hologram movie 20 minute also sit pilot seat real size plane pretty cool informative
54,Museum,Event venue,Heritage museum,History museum,Museum,True,en,4 weeks ago,2025-08-22T05:45:39.838Z,No,Weekday,No wait,39,1196,5,Northern Territory,Had a great time wondering around the air museum if you take your time and read about various exhibits you can learn a lot from the the past and not so long ago in Australian air history great place to visit.,Darwin Aviation Museum,Tourist attraction,None,None,None,None,None,None,None,Positive,2025,41,informative interactive numerous display helped u getting much better appreciation darwin bombing great work carried rfd thought entry fee bit steep however soon got realising reliant service donation sponsorship
55,Museum,Event venue,Heritage museum,History museum,Museum,True,en,4 years ago,2021-03-31T11:13:48.285Z,No,Weekday,No wait,576,1196,5,Northern Territory,"Awesome place to visit, reasonably priced and we spent over an hour here with 3 young kids. Avoid the gift shop as you will want to buy everything lol. Freindly and informative staff. A must see if in the Darwin area.",Darwin Aviation Museum,Tourist attraction,None,None,None,None,None,None,None,Positive,2021,41,great place lot information culture definitely worth visit free plus restaurant attached great meal breakfast dinner easily spend hour especially maritime section different boat canoe large roof artwork quite something exhibition 51 taxidermied body sweetheart croc fascinating well vessel full sail quite sight see get chance go look wont disappointed thoroughly enjoyed
56,Museum,Event venue,Heritage museum,History museum,Museum,True,en,2 years ago,2022-10-25T01:41:59.444Z,No,Weekday,No wait,408,1196,5,Northern Territory,Only a hop from Dawrin city. This place is a labour of love! It was easy to navigate and with easy to read signs. Really appreciated being able to touch the aircraft both inside and out of the hanger. We travelled early October and boy the tin shed gets hot! The staff have set up fans to circulate the air but come prepared.,Darwin Aviation Museum,Tourist attraction,None,None,None,None,None,None,None,Positive,2022,63,wonderful gallery nadio exhibition truly amazing
57,Museum,Event venue,Heritage museum,History museum,Museum,True,en,2 years ago,2023-06-21T02:58:26.722Z,No,Weekday,No wait,153,1196,5,Northern Territory,Love this place you can get so close to planes and jets lots of information on all planes and the big bomber wow. Staff great kids would love it. It's a must see 😀😎,Darwin Aviation Museum,Tourist attraction,None,None,None,None,None,None,None,Positive,2023,34,disappointing shop gift suvoneer relating cyclone tracey sweetheart instead gift shop focused overseas tourist majority gift made china aboriginal artefact need cater tourist
58,Museum,Event venue,Heritage museum,History museum,Museum,True,en,2 months ago,2025-07-13T09:19:35.440Z,No,Weekday,No wait,41,1196,5,Northern Territory,Great place to hear about early flights to Australia and WW2 history,Darwin Aviation Museum,Tourist attraction,None,None,None,None,None,None,None,Positive,2025,12,amazing easy walk around variety exhibit perfect coffee cafe
59,Museum,Event venue,Heritage museum,History museum,Museum,True,en,a month ago,2025-07-26T00:13:31.613Z,No,Weekday,No wait,248,1196,5,Northern Territory,Great spot next to the airport. Loads of different planes to see and info to take in. Easy to get the baby round and also had ba y changing.,Darwin Aviation Museum,Tourist attraction,None,None,None,None,None,None,None,Positive,2025,29,compact intensely interesting museum art gallery particularly enjoyed cyclone tracy exhibit extensive collection aboriginal art
60,Museum,Event venue,Heritage museum,History museum,Museum,True,en,a year ago,2024-06-01T01:43:33.384Z,Not sure,Weekend,No wait,143,1196,5,Northern Territory,"An excellent aviation museum, possibly one of the best in Australia.  Lots of RAAF & USAF aircraft including a B-52.",Darwin Aviation Museum,Tourist attraction,None,None,None,None,None,None,None,Positive,2024,21,one favourite place darwin there sweetheart crocodile love cyclone tracy display fabulous great cafe
61,Museum,Event venue,Heritage museum,History museum,Museum,True,en,3 years ago,2022-07-16T03:21:49.730Z,No,Weekend,No wait,12,1196,5,Northern Territory,"The museum is great lots of information, B52 is huge and loads of other planes and video presentations. Gift shop is clean and some tables to have a drink and snack from the fridge. Staff were wonderfull.",Darwin Aviation Museum,Tourist attraction,None,None,None,None,None,None,None,Positive,2022,37,idea existed driving around friend interstate much attention detail gone planning small museum although small dont fooled packed much information every 20 minute air raid siren go go middle building going leave wont ruin experience lot information royal flying doctor well darwin bombing much didnt know bombing cant wait come back watch viewing next time
62,Museum,Event venue,Heritage museum,History museum,Museum,True,en,6 years ago,2018-10-29T01:56:01.468Z,No,Weekday,No wait,93,1196,5,Northern Territory,Great experience. Always a favourite place to visit in Darwin. The sheer size of the B52 is one thing but the highlight is all the memorabilia and parts from old wrecks like the Japanese Zero that really capture your imagination. Getting to sit in the bomb bay of the B52 was a treat too!,Darwin Aviation Museum,Tourist attraction,None,None,None,None,None,None,None,Positive,2018,54,surprisingly amazing im museum person rainy weather lot else darwin figured would check beautiful indigenous artwork cafe pretty basic nice option
63,Museum,Event venue,Heritage museum,History museum,Museum,False,en,3 months ago,2025-05-23T07:45:24.611Z,No,Weekend,No wait,6,1196,4,Northern Territory,Awesome experience.  Very well done and quite sobering particularly the holocaust museum. The cafe is a bit basic but functional enough.,Darwin Aviation Museum,Tourist attraction,None,None,None,None,None,None,None,Positive,2025,22,planned many wedding event museum art gallery northern territory one favourite venue private back space great blank canvas would suit many type wedding style staff friendly helpful
64,Museum,Event venue,Heritage museum,History museum,Museum,True,en,8 years ago,2017-03-04T19:43:48.491Z,No,Weekday,No wait,89,1196,4,Northern Territory,Just teaming with amazing aviation lore and relics. Fascinating displays that are well kept. Place is a bit dated but hey so is the content! Highly recommend seeing this priceless collection of Australian Aviation history.,Darwin Aviation Museum,Tourist attraction,None,None,None,None,None,None,None,Positive,2017,35,wonderful exhibition one megafauna cyclone tracy particularly good
65,Museum,Event venue,Heritage museum,History museum,Museum,True,en,2 years ago,2023-08-01T16:36:19.309Z,No,Weekend,No wait,47,1196,5,Northern Territory,"I have been to Darwin a few times now and did not realise this museum existed.

Worth a visit for one of the very few B52s on display in the world. But there's so much more here. Even my wife enjoyed it.",Darwin Aviation Museum,Tourist attraction,None,None,None,None,None,None,None,Positive,2023,41,beautiful museum fresh vibrant full relative history area state also free definite must staff also helpful approachable
66,Museum,Event venue,Heritage museum,History museum,Museum,True,en,a year ago,2024-05-23T12:11:55.761Z,No,Weekday,No wait,30,1196,5,Northern Territory,"Has so much cool planes  a whole B52 Bomber,choopers and history make sure u allow a few hours as there is alot to see and take in 😍🤩🤙💚 would highly recommend it and gives young kids a bit of idea of what man and woman gave up there lives or how tough it was back then compared to how we all have pretty good this day and age🤦‍♂️🫣",Darwin Aviation Museum,Tourist attraction,None,None,None,None,None,None,None,Positive,2024,69,loved indigenous artwork section cyclone tracey also informative sound recording made cyclone real eyeopener highly recommend visiting
67,Museum,Event venue,Heritage museum,History museum,Museum,True,en,a month ago,2025-08-11T08:57:22.794Z,No,Weekday,No wait,97,1196,5,Northern Territory,"You need at least 2hrs, exhibits where good",Darwin Aviation Museum,Tourist attraction,None,None,None,None,None,None,None,Positive,2025,8,one best museum ive australia free admission natsiaa art award showing amazing work recorded memory cyclone 74 engaging large exhibition real boat impressive account travel vietnam touching overall much see great cafe beautiful location water excellent resource way spend half day darwin
68,Museum,Event venue,Heritage museum,History museum,Museum,True,en,2 months ago,2025-07-06T22:36:43.904Z,No,Weekday,No wait,43,1196,4,Northern Territory,Really interesting history of Darwin WW2 Cyclone Tracey & RAAF men & women involvement.  Loved the HUGE B52 & other planes.  Thank you,Darwin Aviation Museum,Tourist attraction,None,None,None,None,None,None,None,Positive,2025,25,interesting place lot interactive thing seegive donation never know need use
69,Museum,Event venue,Heritage museum,History museum,Museum,True,en,4 years ago,2021-01-07T11:40:38.325Z,No,Weekday,No wait,238,1196,4,Northern Territory,"We paid $24 for two senior ticks, and we had the place virtually to ourselves on a quiet weekday morning, before a tour bus rolled up and disgorged a few more souls.

There is a shop selling books, t-shirts, souvenirs and the like. I noticed some tables and chairs at the back of the shop, which once upon a time may have been for food service from a cafe which doesn’t exist anymore, but it’s handy if you want to bring your own lunch and need a place to sit down.

The museum is quite easy to get to. From the bus stop outside Woolies in Cavenagh St., it took us about 25 mins to get there on bus no. 5. Getting back wasn’t so easy though, requiring us to cross over the busy Stuart Highway, and get the bus on the other side, where they aren’t so frequent. We waited about 35 minutes for bus no 8 to take us back to the city. It’s advisable therefore to plan your visit, if using pub transport, so as not to spend too much time waiting at the bus shelter on the Highway near the Darwin Showgrounds, with very little in the way of shops or cafes in the near vicinity.

But back to the museum! It’s main attraction is the massive B52 bomber, right in the centre of the hangar. You can peek inside the cockpit and go down into the belly of the beast where an improvised little cinema has been set up that shows a movie of the history of the B-52 bomber, it’s association with Aust and how this particular one came to be where it is today.

Just near the entrance is another little theatre which shows two movies: one called the “Battle of Australia”, about the bombing of Darwin and the aftermath, another one which I only saw snippets of, showcasing Darwin’s aviation history.

But the principal focus here is a military one, and most of the exhibits are military aircraft, from WW2 onwards including aforementioned B-52 bomber, the famous Aussie Sabre fighter, the Cobra attack helicopter and various other instruments of war, alongside some exhibits of civil aviation.

There’s plenty to see, and the exhibits are well spaced out in a large and airy hangar, making it a breeze to comfortably move around from one exhibit to the next. The lack of crowds also helped.

I did notice that the exhibits seemed quite old, and probably haven’t been updated for a few decades. One exhibit of civilian aviation had a sign that said “This Display Sponsored by Ansett Australia'', but we all know that Ansett Aust went out of business nearly 20 yrs ago. Time to update, guys.

Toilets are in the far corner just as you enter the exhibition hall. The gents are a tad small with only one cubicle, which isn’t really adequate.

But still, coming here was a worthwhile experience, and it’s an enjoyable way to spend a few hours while in Darwin. I recommend a visit.",Darwin Aviation Museum,Tourist attraction,None,None,None,None,None,None,None,Positive,2021,497,nice interesting display cultural art fauna found nt recommend spending half day allocated 2 hour initially return next day extra 3 hour
70,Museum,Event venue,Heritage museum,History museum,Museum,True,en,a year ago,2023-10-27T05:48:25.339Z,No,Weekday,No wait,47,1196,5,Northern Territory,What a great museum full of WW2 artefacts and recent notable aircraft. Definitely worth a visit if you're an aviation tragic!,Darwin Aviation Museum,Tourist attraction,None,None,None,None,None,None,None,Positive,2023,21,youre darwin def come check place lot different painting statue history stuff entry free nearby beautiful beach sure allowed swim tho really enjoyed museum today
71,Museum,Event venue,Heritage museum,History museum,Museum,True,en,7 years ago,2017-12-20T07:27:32.394Z,No,Weekday,No wait,45,1196,4,Northern Territory,"Great museum if you are into planes, engines, history. They have a gift shop and toilets. There is a very informative 13 min movie about the WWII Darwin bombing and check out their website for great info. There is a awesome enormous B52 Bomber plane which was the highlight for me. Everything is contained in a huge hanger like shed cooled by fans (not air conditioned!) so can be a bit hot. Big display of many different planes. Staff were very pleasant.",Darwin Aviation Museum,Tourist attraction,None,None,None,None,None,None,None,Positive,2017,82,friendly staff excellent use technology help u learn rfd bombing darwin entry price little high side learn rfd rely partially donation keep operating
72,Museum,Event venue,Heritage museum,History museum,Museum,True,en,2 months ago,2025-07-21T11:46:16.372Z,No,Weekday,No wait,85,1196,5,Northern Territory,Impressive. Walk in to see the B-52. Great way to start the visit. Thats 1 huge aircraft,Darwin Aviation Museum,Tourist attraction,None,None,None,None,None,None,None,Positive,2025,17,great place take family lot thing see way bigger first thought loved see many different view australian history old boat cyclone tracy child loved see well preserved presented animal tell museum really wantes best display
73,Museum,Event venue,Heritage museum,History museum,Museum,True,en,3 weeks ago,2025-08-26T20:39:21.866Z,No,Weekday,No wait,44,1196,5,Northern Territory,Well worth the visit if aviation is something you get geeky about. B52s are big! But not that big.,Darwin Aviation Museum,Tourist attraction,None,None,None,None,None,None,None,Positive,2025,19,nice museum artiful arranged exhibit worth spend couple hour enter free charge restaurant facing ocean colorful museum shop
74,Museum,Event venue,Heritage museum,History museum,Museum,True,en,2 years ago,2023-04-15T03:08:15.604Z,No,Weekday,No wait,32,1196,5,Northern Territory,"The Aviation Museum is a must-see on the 'Things To Do List' in Darwin. There are 19 aircraft on show, including a B52 bomber, 21 engines, and unique amateur footage of Darwin's first air raid.",Darwin Aviation Museum,Tourist attraction,None,None,None,None,None,None,None,Positive,2023,35,husband visited rfd bombing darwin tourist facility yesterday morning recommended u darwin local met litmiluk gorge thank delightful front counter lady reception making u feel welcome ill wear rfd supporter tshirt pride see next time visit wonderful city
75,Museum,Event venue,Heritage museum,History museum,Museum,True,en,4 years ago,2021-06-05T01:15:48.157Z,No,Weekday,No wait,346,1196,5,Northern Territory,"HIGHLY RECOMMENDED. Visited here whilst on a half day bus tour of Darwin. Staff were very, very good and the exhibits were first class. They have a B52 bomber on display and it's the only one in the Southern Hemisphere.",Darwin Aviation Museum,Tourist attraction,None,None,None,None,None,None,None,Positive,2021,40,nice small tourist centre virtual reality bombing darwin great holographic documentary rfd informative sure bombing darwin documentary experience told perspective u navy personnel interesting
76,Museum,Event venue,Heritage museum,History museum,Museum,False,en,11 months ago,2024-10-20T07:17:38.389Z,No,Weekend,No wait,9,1196,5,Northern Territory,Great value for money - enjoyed it immensely!  Especially the B52 on display.,Darwin Aviation Museum,Tourist attraction,None,None,None,None,None,None,None,Positive,2024,14,museum multiple time friend wanted see well worth visit multiple exhibition different content suit learn history darwin wildlife fauna see beautiful boat region think free everyone there excuse skip youre
77,Museum,Event venue,Heritage museum,History museum,Museum,True,en,3 years ago,2022-08-24T12:44:31.516Z,No,Weekday,No wait,260,1196,4,Northern Territory,"What a place. If you have even a slight interest in anything aviation, this place has done amazing things to see, do, and touch. The B52 was an absolute show stopper. It is such a shame you can't go inside any of the exhibits. Even just one for the kids and the big kids to interact with would have just nailed the 5 stars in my eyes.",Darwin Aviation Museum,Tourist attraction,None,None,None,None,None,None,None,Positive,2022,67,started saturday exploring museum art gallery rich collection give justice various significant aspect development region early geology indigenous people flora fauna maritime industrial agricultural age darwin 20th21st century really enjoyed collection
78,Museum,Event venue,Heritage museum,History museum,Museum,True,en,a year ago,2024-06-23T08:46:57.200Z,No,Weekend,No wait,27,1196,5,Northern Territory,"A great museum for learning more about what happened during WWII, as well as information on events in Vietnam, plus a few extras on the world of aviation in general.",Darwin Aviation Museum,Tourist attraction,None,None,None,None,None,None,None,Positive,2024,30,interesting place vr experience awesome
79,Museum,Event venue,Heritage museum,History museum,Museum,True,en,5 years ago,2020-07-08T12:23:25.886Z,No,Weekday,No wait,251,1196,5,Northern Territory,"A fantastic aviation museum with the only B52 bomber in the southern hemisphere, surrounded by many Aussie warplanes and history of the Australian aviation.
Darwin was 1st port of call in the early days of international flight when it used to take a couple of days to get to Singapore and S.E.Asia and 10 + days to reach Europe, and early aviators made landfall in Darwin.
Great museum and exhibits.",Darwin Aviation Museum,Tourist attraction,None,None,None,None,None,None,None,Positive,2020,68,absolutely fantastic great display informative staff clean
80,Museum,Event venue,Heritage museum,History museum,Museum,True,en,a year ago,2023-09-23T03:16:13.383Z,No,Weekend,No wait,79,1196,3,Northern Territory,"Great exhibit of a diverse range of aircraft. Could be a little more interactive, but we’ll worth a visit. Loved the fighter jets",Darwin Aviation Museum,Tourist attraction,None,None,None,None,None,None,None,Positive,2023,23,selective sample od darwin history
81,Museum,Event venue,Heritage museum,History museum,Museum,True,en,6 years ago,2018-09-26T12:22:37.802Z,No,Weekday,No wait,86,1196,5,Northern Territory,"Great collection of aeroplanes from all ages. A must see for anyone visiting Darwin.
There is a little retail shop there as well. Very reasonable prices and great service!
If you are aviation enthusiast, go and have a look. If you are not, still go and have a look!! You will enjoy it.",Darwin Aviation Museum,Tourist attraction,None,None,None,None,None,None,None,Positive,2018,51,great collection aeroplane age must see anyone visiting darwin little retail shop well reasonable price great service aviation enthusiast go look still go look enjoy
82,Museum,Event venue,Heritage museum,History museum,Museum,True,en,3 months ago,2025-06-20T07:18:38.171Z,No,Weekday,No wait,740,1196,5,Northern Territory,"Outstanding, a credit to the people of Darwin and everybody who looks after the place.

If you’re an aviation enthusiast, it has to be on your list to do and keep your hands in your pocket because you will walk out having brought something I’m sure.",Darwin Aviation Museum,Tourist attraction,None,None,None,None,None,None,None,Positive,2025,45,excellent great learn much well presented informative thank opportunity free enter highly recommend youre darwin
83,Museum,Event venue,Heritage museum,History museum,Museum,False,en,2 weeks ago,2025-09-04T02:20:04.000Z,Yes,Weekend,Up to 10 min,3,1196,5,Northern Territory,WOW! This place is amazing this is your sign to go there now! i had the best experience there.,Darwin Aviation Museum,Tourist attraction,None,None,None,None,None,None,None,Positive,2025,19,oh never ever seen like museum incredible also staff member great service visitor talked one younger woman kind pretty professional communication thank make feeling warm
84,Museum,Event venue,Heritage museum,History museum,Museum,True,en,a month ago,2025-08-06T02:52:36.201Z,No,Weekday,No wait,400,1196,5,Northern Territory,"We were lucky enough to have a guide....enhanced tgd experience so much. Well done on keeping this display up to date, clean  neat and relevant.",Darwin Aviation Museum,Tourist attraction,None,None,None,None,None,None,None,Positive,2025,26,great museum clean cool display free entry provide locker 2 refundable coin required valuable backpack allowed inside amazing section cyclone tracy also see huge crocodile captured darwin
85,Museum,Event venue,Heritage museum,History museum,Museum,True,en,8 years ago,2016-12-13T13:13:31.830Z,No,Weekday,No wait,38,1196,5,Northern Territory,"Filled with beautiful aircraft and the massive B-52 bomber. Overall the aircraft are kept in fairly good condition considering that this is in Darwin, enduring the hot and humid conditions. Despite this weather, the only airconditioned area is the the lobby which contains small collectables, old magazines and souvenirs. Though this makes sense as airconditioning an entire hangers is far too expensive to maintain for such a museum.",Darwin Aviation Museum,Tourist attraction,None,None,None,None,None,None,None,Positive,2016,68,really enjoyed effort went creating installation really great
86,Museum,Event venue,Heritage museum,History museum,Museum,True,en,3 years ago,2022-03-23T00:53:34.716Z,No,Weekday,No wait,205,1196,5,Northern Territory,"Very interesting place. B-52 bomber is huge. Spitfire was fantastic. The whole place is amazing, a must see for Darwin.",Darwin Aviation Museum,Tourist attraction,None,None,None,None,None,None,None,Positive,2022,20,great round experience especially bombing darwin rfd vr friendly helpful staff loved getting go inside rfd aeroplane
87,Museum,Event venue,Heritage museum,History museum,Museum,True,en,6 months ago,2025-03-15T07:44:35.848Z,Yes,Weekday,No wait,76,1196,5,Northern Territory,"Visited as part of an excursion from a cruise ship. Hangar holding the aircraft was very hot due to it being a hot and humid day in Darwin so only had a quick look round.

Great staff at the museum.",Darwin Aviation Museum,Tourist attraction,None,None,None,None,None,None,None,Positive,2025,39,decommissioned plane sit lot great merchandise give great insight important lifesaving service must missed virtual reality part remember recording going background dont forget ww2 darwin bombing simulation holographic presentation captain willy b definitely well worth visiting dont forget cheaper buy ticket big red bus
88,Museum,Event venue,Heritage museum,History museum,Museum,True,en,5 months ago,2025-04-06T10:59:13.941Z,No,Weekday,No wait,178,1196,5,Northern Territory,Definitely a lot to read but the items on display is in good condition that's worth seeing. Very informative with shows that may take you around 2 hours to browse properly.,Darwin Aviation Museum,Tourist attraction,None,None,None,None,None,None,None,Positive,2025,31,moving display photo wreckage cyclone never forgotten
89,Museum,Event venue,Heritage museum,History museum,Museum,True,en,3 weeks ago,2025-08-28T10:20:12.831Z,Not sure,Weekday,No wait,74,1196,5,Northern Territory,Lots of warplanes and very wide set up.,Darwin Aviation Museum,Tourist attraction,None,None,None,None,None,None,None,Negative,2025,8,great interactive display lot information history
90,Museum,Event venue,Heritage museum,History museum,Museum,True,en,3 years ago,2022-01-12T01:14:01.880Z,No,Weekday,No wait,363,1196,5,Northern Territory,I lot of love has gone into making this museum one of the best I have seen in Australia. The B52 is so impressive and the rest of the displays are detailed and interesting.,Darwin Aviation Museum,Tourist attraction,None,None,None,None,None,None,None,Positive,2022,34,great experience must go great learn history bombing darwin history rfd picture
91,Museum,Event venue,Heritage museum,History museum,Museum,True,en,3 years ago,2022-09-01T10:44:18.382Z,No,Weekday,No wait,70,1196,4,Northern Territory,Top place  1-2 hours. b52 inside  I sat in the bomb bay to watch a video  .  take note almost all ww2 eqpment was us.made Australia was lucky they did and still like us,Darwin Aviation Museum,Tourist attraction,None,None,None,None,None,None,None,Positive,2022,38,love museum especially iconic crocodile called sweetheart well presented information darwin northern territory history landscape native animal
92,Museum,Event venue,Heritage museum,History museum,Museum,True,en,3 months ago,2025-05-24T22:37:44.976Z,No,Weekday,No wait,66,1196,5,Northern Territory,"Wonderful display, great videos to watch there too explaining Darwin's part in the war, cyclone Tracy and aviation feats.",Darwin Aviation Museum,Tourist attraction,None,None,None,None,None,None,None,Positive,2025,19,great place visit learnt lot darwin sea creature butterfly etc free entry choose donate gift store sell mango ice cream locally handmade butterfly brooch
93,Museum,Event venue,Heritage museum,History museum,Museum,True,en,a year ago,2024-05-01T23:19:06.902Z,No,Weekday,No wait,168,1196,5,Northern Territory,"Had a great morning here. Lots to see,  especially if you love aviation.",Darwin Aviation Museum,Tourist attraction,None,None,None,None,None,None,None,Positive,2024,14,spent couple hour wandering museum gallery good mix art nt history exhibition good little cafe sit lunch cold drink overlooking ocean incorporate walk botanical garden museum well worth
94,Museum,Event venue,Heritage museum,History museum,Museum,True,en,a year ago,2024-06-23T06:11:23.473Z,No,Weekend,No wait,202,1196,3,Northern Territory,"I love aerospace  and it saddens me that in Australia, it seems like historical societies run places like these. Yes, there is a b52 and an f1-11  in the hanger,  a few other great statis plans, most in need of a wash at the very least. A few sad plane's deteriorating on the outdoor tarmac.  Worth a look can't remember  the price, kids loved it. The raaf association  on in Perth is better.  But darwin has a B52 which is amazing.",Darwin Aviation Museum,Tourist attraction,None,None,None,None,None,None,None,Positive,2024,88,excellent use virtual reality bring life explain darwin bombing experience rfd airlift great able climb aboard one pilatus plane watch historic film footage interact display friendly helpful staff reasonable gift shop entertaining informative presentation
95,Museum,Event venue,Heritage museum,History museum,Museum,True,en,2 years ago,2023-07-28T10:43:23.568Z,No,Weekday,No wait,46,1196,5,Northern Territory,Must see if you’re in Darwin. Absolutely underrated attraction. Unbelievable that a small town like darwin has this on display.,Darwin Aviation Museum,Tourist attraction,None,None,None,None,None,None,None,Negative,2023,20,free entry museum fairly well laid map little confusing building doesnt flow well need double back get area 80 exhibit havent change last 15years new area added area changeover visited gift shop overpriced 14 stubby cooler seems overwhelmed theme much territory would purchased replica butterfly keyring dont pas outdoor monsoon area turtle swim around glass door left main entrance plenty parking overflow across road cold water bubble situated throughout building wheelchair use assist someone around museum
96,Museum,Event venue,Heritage museum,History museum,Museum,True,en,6 years ago,2019-07-01T01:33:14.210Z,No,Weekday,No wait,86,1196,5,Northern Territory,"Had a great experience here. B-52 very huge, and very impressive! Good to see they have one of the F-111s here too.

Lots of preserved stuff from the Battle of Darwin.",Darwin Aviation Museum,Tourist attraction,None,None,None,None,None,None,None,Positive,2019,30,clean modern well laid small museum hidden gem adult child us hologram virtual reality goggles short interactive film imagery take back time learnt bombing darwin achievement royal flying doctor service know founder john flynn 20 note calming place ground level easy access pram wheelchair exciting interesting age enjoy stroll darwin harbour pier drink bar meal even fish chip excellent used hop hop bus easy get around age felt safe relaxed pretty spot
97,Museum,Event venue,Heritage museum,History museum,Museum,True,en,2 years ago,2023-09-04T05:54:57.994Z,No,Weekday,No wait,467,1196,5,Northern Territory,Wow this place is an aviators dream. Standing next to some of the world's most iconic military planes is amazing.,Darwin Aviation Museum,Tourist attraction,None,None,None,None,None,None,None,Positive,2023,20,awesome setup pretty cool vr experience plenty merch wish buy history darwin bombing rfd work along history special thanks reception staff taking time introduce u facility giving u brief tour
98,Museum,Event venue,Heritage museum,History museum,Museum,True,en,Edited 4 years ago,2020-10-12T09:14:06.036Z,No,Weekday,No wait,58,1196,5,Northern Territory,Stay a while or a short time. Great place to visit while staying in Darwin. Kids and adults will enjoy it just the same. The B52 dwarfs the other exibits. It even makes the F111 look small. Well worth the small entry fee.,Darwin Aviation Museum,Tourist attraction,None,None,None,None,None,None,None,Positive,2020,43,must free activity darwin informative unexpected great exhibit different animal cyclone tracy lovely art work come walking darwin coastal track also must jonique life follow journey around australia facebook instagram tik tok youtube highlight wonderful experience magical place add ever growing bucket list
99,Museum,Event venue,Heritage museum,History museum,Museum,True,en,5 years ago,2020-08-14T07:48:56.285Z,No,Weekday,No wait,418,1196,5,Northern Territory,"B52, F111 are standout highlights. Well presented large display.  Excellent value.",Darwin Aviation Museum,Tourist attraction,None,None,None,None,None,None,None,Positive,2020,12,recommended look enjoyable early history darwin cyclone tracey boat refugee display much make 500 quick card donation add way enjoyed like thank im tourist
0,Museum,Event venue,Heritage museum,History museum,Museum,True,en,a day ago,2025-09-20T00:07:43.974Z,No,Weekday,No wait,27,1196,5,Northern Territory,9 of use went. 9 of use left happy and amazed with everything inside. The history inside this place is incredible. MUST VISIT,Darwin Aviation Museum,Tourist attraction,None,None,None,None,None,None,None,Positive,2025,23,great place spend couple hour interesting exhibition lot history culture friendly staff downside bicycle parking shaded wanting return melted saddle park accross road ski club
1,Museum,Event venue,Heritage museum,History museum,Museum,True,en,2 days ago,2025-09-19T02:42:56.817Z,No,Weekday,No wait,127,1196,5,Northern Territory,Loved it very interesting,Darwin Aviation Museum,Tourist attraction,None,None,None,None,None,None,None,Positive,2025,4,definately recommend visiting museum art gallery nt lot see entomology display cyclone tracey exhibit amazing aboriginal torres strait islander art would definately set aside time expect look everything display lucky enough visit telstra natsia display artwork varied captivating difficult select favourite vote
2,Museum,Event venue,Heritage museum,History museum,Museum,True,en,3 days ago,2025-09-18T10:54:31.313Z,No,Weekday,No wait,128,1196,5,Northern Territory,"Very enjoyable, easy to get around displays with heaps of information about WWII and cyclone Tracy.",Darwin Aviation Museum,Tourist attraction,None,None,None,None,None,None,None,Positive,2025,16,great much see wish wed allowed time visit get round see everything cyclone tracy display vivid interesting lot footage interview time collection marine animal bird insect well displayed beautiful look contemporary aboriginal art exhibition stunning
4,Museum,Event venue,Heritage museum,History museum,Museum,False,en,Edited a week ago,2025-09-11T13:00:32.634Z,No,Weekday,No wait,5,1196,5,Northern Territory,It's well worth the time and would recommend you leave at least two hours to get through it all.,Darwin Aviation Museum,Tourist attraction,None,None,None,None,None,None,None,Neutral,2025,19,amazing museum many exhibit see learn something everyone including art animal sea land air local darwin history maritime history much oh also free
6,Museum,Event venue,Heritage museum,History museum,Museum,True,en,a week ago,2025-09-10T00:51:43.068Z,No,Weekday,No wait,26,1196,5,Northern Territory,"The Darwin Aviation Museum offers an outstanding collection of historic aircraft and aviation memorabilia. The highlight is the massive B-52 bomber, alongside many other well-preserved planes. A fascinating visit for history and aviation enthusiasts alike.",Darwin Aviation Museum,Tourist attraction,None,None,None,None,None,None,None,Positive,2025,35,museum art gallery northern territory offer great mix natural history aboriginal art local story especially enjoyed learning cyclone tracy seeing iconic sweetheart crocodile mustvisit youre darwinengaging educational beautifully presented
7,Museum,Event venue,Heritage museum,History museum,Museum,True,en,2 weeks ago,2025-09-04T09:00:06.432Z,No,Weekday,No wait,64,1196,5,Northern Territory,"Some much under one roof, was totally absorbed for hours. We'll worth the visit.",Darwin Aviation Museum,Tourist attraction,None,None,None,None,None,None,None,Positive,2025,14,nice interesting display cultural art fauna found nt recommend spending half day allocated 2 hour initially return next day extra 3 hour
8,Museum,Event venue,Heritage museum,History museum,Museum,False,en,2 weeks ago,2025-09-04T02:20:04.000Z,Yes,Weekend,Up to 10 min,3,1196,5,Northern Territory,WOW! This place is amazing this is your sign to go there now! i had the best experience there.,Darwin Aviation Museum,Tourist attraction,None,None,None,None,None,None,None,Positive,2025,19,excellent showcasing nt history culture free entry transformation prehistory cyclone tracy unruly day rebellion chinese immigrant contribution contemporary aboriginal artwork mesmerising life size sweetheart croc little known maritime history nt darwin huge warehouse style special exhibition area area backdrop darwin harbour absolutely wow immersive engaging small gift shop bundilla saltwater restaurant pretty good well done curator captured essence nt perfectly overwhelming adequate though course time 15 hour short
9,Museum,Event venue,Heritage museum,History museum,Museum,True,en,3 weeks ago,2025-08-30T01:49:57.310Z,No,Weekday,No wait,129,1196,5,Northern Territory,Fantastic place if you are in Darwin you have to go.,Darwin Aviation Museum,Tourist attraction,None,None,None,None,None,None,None,Positive,2025,11,museum art gallery northern territory mustvisit destination darwin offer fascinating exhibition first nation culture region history marine life even dramatic story cyclone tracy admission free staff exceptionally welcoming knowledgeable making memorable experience visitor age
10,Museum,Event venue,Heritage museum,History museum,Museum,True,en,3 weeks ago,2025-08-29T08:26:26.006Z,No,Weekend,No wait,28,1196,5,Northern Territory,Took my family here for my son’s birthday as he is obsessed with planes at the moment and he definitely got his fix here! The variety and information is absolutely amazing we all loved it and will definitely be going back as I’m pretty sure we’d find more things we missed first time round!,Darwin Aviation Museum,Tourist attraction,None,None,None,None,None,None,None,Positive,2025,54,spent hour browsing around exhibit museum well laid thing see normally found type museum especially liked cyclone tracey exhibit
12,Museum,Event venue,Heritage museum,History museum,Museum,True,en,3 weeks ago,2025-08-29T01:24:06.334Z,No,Weekday,No wait,26,1196,4,Northern Territory,"If you like planes, this is the place to explore. Handy for the number 8 bus from the CBD, my none intreated in planes missus and I spent a couple of hours wandering around. I recommend taking an old air craft seat and watching the video first. There is a great shop, seats to enjoy an ice cream and planes. Did I mention the planes.",Darwin Aviation Museum,Tourist attraction,None,None,None,None,None,None,None,Positive,2025,65,absolutely far best wildlife display varied show culture art historical thing cyclone exhibition must best thing absolutely free
13,Museum,Event venue,Heritage museum,History museum,Museum,True,en,3 weeks ago,2025-08-28T10:20:12.831Z,Not sure,Weekday,No wait,74,1196,5,Northern Territory,Lots of warplanes and very wide set up.,Darwin Aviation Museum,Tourist attraction,None,None,None,None,None,None,None,Negative,2025,8,compact intensely interesting museum art gallery particularly enjoyed cyclone tracy exhibit extensive collection aboriginal art
15,Museum,Event venue,Heritage museum,History museum,Museum,True,en,3 weeks ago,2025-08-26T20:39:21.866Z,No,Weekday,No wait,44,1196,5,Northern Territory,Well worth the visit if aviation is something you get geeky about. B52s are big! But not that big.,Darwin Aviation Museum,Tourist attraction,None,None,None,None,None,None,None,Positive,2025,19,good interactive experience vr goggles etc allow hour half everything watching show purchase go towards royal flying doctor service
16,Museum,Event venue,Heritage museum,History museum,Museum,True,en,3 weeks ago,2025-08-25T07:45:13.457Z,No,Weekday,No wait,132,1196,4,Northern Territory,Enjoyed all the aircraft but would have liked to see in the cockpit,Darwin Aviation Museum,Tourist attraction,None,None,None,None,None,None,None,Positive,2025,13,whats like art center coast got watch sunset aboriginal art award experience little ordinary art display mindbogglingbut sweetheart fixture sight beholdi cant imagine encountering crocodile size nature
17,Museum,Event venue,Heritage museum,History museum,Museum,True,en,4 weeks ago,2025-08-24T03:20:52.557Z,No,Weekend,No wait,283,1196,5,Northern Territory,"Great place and great value, the B52 is a must see. Plenty of cool gifts in the gift shop",Darwin Aviation Museum,Tourist attraction,None,None,None,None,None,None,None,Positive,2025,19,love amazing museum need least 1hour half see everything best part free
19,Museum,Event venue,Heritage museum,History museum,Museum,True,en,4 weeks ago,2025-08-22T05:45:39.838Z,No,Weekday,No wait,39,1196,5,Northern Territory,Had a great time wondering around the air museum if you take your time and read about various exhibits you can learn a lot from the the past and not so long ago in Australian air history great place to visit.,Darwin Aviation Museum,Tourist attraction,None,None,None,None,None,None,None,Positive,2025,41,brilliant day surreal experience especially cyclone tracy exhibit spent 2 hr walking around enjoyed every minute
20,Museum,Event venue,Heritage museum,History museum,Museum,True,en,a month ago,2025-08-21T07:33:25.013Z,No,Weekday,No wait,50,1196,4,Northern Territory,Well worth a visit.,Darwin Aviation Museum,Tourist attraction,None,None,None,None,None,None,None,Positive,2025,4,great place spend time learn history geology cyclone tracey incredible exhibition give witness devastation tracey brought upon darwin
24,Museum,Event venue,Heritage museum,History museum,Museum,True,en,a month ago,2025-08-12T08:47:58.223Z,No,Weekday,No wait,50,1196,5,Northern Territory,"Pretty amazing museum
Lots to see and info to read. The B52 looms over everything which is pretty amazing. Lots of history on Darwin. Old Japanese plane wrecks. Only one thing could make this place better is being able to go in the B52!!! Don't come here in a hurry to get through it. Take your time. Really worth the entry fee.",Darwin Aviation Museum,Tourist attraction,None,None,None,None,None,None,None,Positive,2025,61,small museum art gallery easily done hour admission free also outdoor section café check
0,Tourist attraction,History museum,Local history museum,Museum,Tourist attraction,True,en,a month ago,2025-07-28T23:15:10.309Z,Not sure,Weekend,No wait,471,1072,5,Northern Territory,"A premier Darwin highlight that is equally informative, engrossing & educational. Recounts not only the origins of the crucial medical & allied health services Australia's Flying Doctors Services provide to the remote & inaccessible outback regions but also the WW2 Bombing of Darwin from a different perspective.

After half day tour of Darwin's WW2 bombarment the day prior, I should have been fatigued by overload of info on this subject matter but not! The VR & holographic presentations are brief & totally ""eye witness"" immersive experience not to be missed.

Excellent & moving tribute to essential services RFDS provides to health & mental well-being of remote communities. The origin of this service by Rev. John Flynn & others who contributed is illuminating as is the association with Quensland & NT Aerial Services (Qantas). The VR that showcases this section is in 2 parts: one takes you soaring over the red centre of this continent with pilot's narrative.  2nd: you are in the plane in an emergency situation with a real patient (not confronting). A sensory appreciation for the services & skills of highly trained nurse & navigating pilot. Explore the interior of an actual RFDS plane.

Facilty staff are very welcoming & helpful with suggestions on how best to utilise your 1.5 to 2 hours here.

A free courtesy shuttle bus operates to pick up & drop off in front of facilty from 11.30 am onwards every 15 mins (check the post outside for times & locations).  Operates only from upper areas to this lower Wharf facility which is quite an uphill climb to return.  Was almost 2km walk from my hotel middle of Esplanade to get down here but an eye pleasing cliff edge scenic walk heading towards Darwin Waterfront via Skybridge.

Got here just after 9.00 am opening y'day Sun 27/7/25.  Much quieter! Avoid VR strap on after a sweaty walk - fogs up the lenses ☺️. Courtesy wipes & sanitisers provided for before & after use. Excellent gift shop here.

Loved it! ❤️❤️",RFDS Darwin Tourist Facility,None,2025-07-30T04:00:38.000Z,We appreciate the time you have taken to review your experience at RFDS Darwin Tourist Facility. Thank you!,None,None,None,None,None,Positive,2025,334,great place spend couple hour interesting exhibition lot history culture friendly staff downside bicycle parking shaded wanting return melted saddle park accross road ski club
1,Tourist attraction,History museum,Local history museum,Museum,Tourist attraction,True,en,4 months ago,2025-05-14T11:32:51.324Z,No,Weekday,No wait,23,1072,5,Northern Territory,"Helpful and friendly staff. Great museum for everyone, 10 to 110 years of age. Includes Interactive VR experiences, Hologram films. Plenty of reading material but not too much. Gives good insight into RFDS and the bombing of Darwin.",RFDS Darwin Tourist Facility,None,2025-07-04T06:43:46.000Z,Thank you for your lovely review and taking the time to add pictures! ,None,None,None,None,None,Positive,2025,38,definately recommend visiting museum art gallery nt lot see entomology display cyclone tracey exhibit amazing aboriginal torres strait islander art would definately set aside time expect look everything display lucky enough visit telstra natsia display artwork varied captivating difficult select favourite vote
2,Tourist attraction,History museum,Local history museum,Museum,Tourist attraction,False,en,a month ago,2025-07-24T02:16:46.024Z,No,Weekday,No wait,10,1072,5,Northern Territory,"I owe the RFDS a debt I will never be able to pay and the Darwin, VR experience was fantastic thank you. Keep up the good work.",RFDS Darwin Tourist Facility,None,2025-07-31T00:19:18.000Z,"Thank you for your kind review Andrew, it is greatly appreciated as is that beautiful picture!
Kind regards,
Team RFDS",None,None,None,None,None,Positive,2025,27,great much see wish wed allowed time visit get round see everything cyclone tracy display vivid interesting lot footage interview time collection marine animal bird insect well displayed beautiful look contemporary aboriginal art exhibition stunning
3,Tourist attraction,History museum,Local history museum,Museum,Tourist attraction,True,en,a month ago,2025-07-28T22:37:30.385Z,No,Weekday,No wait,135,1072,5,Northern Territory,"This tourist facility is not only about the Royal Flying Doctors Service but also about the bombing of Darwin. It has lots of interesting and interactive displays, including VR stations, interactive windows, and a holographic theatre, amongst other things. My boy loved the flight simulation and kept him entertained for a while.",RFDS Darwin Tourist Facility,None,2025-07-31T00:15:58.000Z,"Thank you Rachel for leaving such a wonderful review - we are glad to hear you and your boy enjoyed the experience so much!
Kind regards,
Team RFDS",None,None,None,None,None,Positive,2025,52,museum exceeded expectation especially free interesting lovely staff also great cafe wonderful gift shop youre looking special aboriginal momento well worth visiting
4,Tourist attraction,History museum,Local history museum,Museum,Tourist attraction,True,en,3 months ago,2025-05-22T07:03:24.731Z,No,Weekday,No wait,80,1072,5,Northern Territory,"Blown away by this place! The hologram videos are informative and entertaining, the other displays are great too!",RFDS Darwin Tourist Facility,None,2025-07-06T03:38:57.000Z,Thank you for taking the time to leave a review - we are very glad to hear you enjoyed the experience!,None,None,None,None,None,Positive,2025,18,amazing museum many exhibit see learn something everyone including art animal sea land air local darwin history maritime history much oh also free
5,Tourist attraction,History museum,Local history museum,Museum,Tourist attraction,True,en,3 weeks ago,2025-08-27T12:38:02.549Z,No,Weekend,No wait,19,1072,5,Northern Territory,"This is a great destination with war history and information about the Royal Flying Doctors.
The hologram films were very good.
You have to watch the re-enactment film on the big screen on entering!",RFDS Darwin Tourist Facility,None,2025-09-02T02:04:16.000Z,"Thank you so much for your wonderful review. We're thrilled to hear that you enjoyed our hologram movies and our window of 1942.
It means a lot to our team to know we made your visit memorable.
We look forward to welcoming you back again soon.
Kind Regards 
Trish CSA",None,None,None,None,None,Positive,2025,32,magnt small wonderfully curated museum best completely free enter though small donation appreciated 5day road trip alice spring nobrainer stop upon arriving darwin exhibit diverse engaging featuring beautiful showcase local fauna indigenous art deeply moving section dedicated cyclone tracy visiting wednesday meant crowd making experience calm easy navigate unhurried real plus well airconditioned room offered refreshing escape heat humidity outside overall magnt hidden gem thats well worth visit especially given accessible location free entry highly recommended anyone exploring darwin
6,Tourist attraction,History museum,Local history museum,Museum,Tourist attraction,True,en,2 weeks ago,2025-09-01T10:55:35.152Z,No,Weekday,No wait,23,1072,3,Northern Territory,We were slightly disappointed with the experience today. Having been before we were disappointed with the changes to the virtual experience. We'd expected to get the same feel but it wasn't so. Very well done but we feel it was a lot better before. What genius thought that up?,RFDS Darwin Tourist Facility,None,2025-09-08T03:52:45.000Z,"Hi Cherry,
Thank you for sharing your feedback with us. I’m sorry to hear that you were left a little disappointed after your visit, especially since you’ve been before and enjoyed the earlier version of the virtual experience. We do make changes from time to time to keep the content fresh and to highlight new stories, but we completely understand that this can feel different for returning visitors who loved the previous format.
I’ll be sure to pass your comments along to our team, as feedback like yours helps us review and improve. We’re really glad to hear you still found it well presented, and we hope you’ll come back again to see what else we’re working on in the future.
Thanks again for taking the time to let us know your thoughts.

- Emmalee Tranebo, Tourist Facility Manager ",None,None,None,None,None,Negative,2025,49,museum art gallery northern territory offer great mix natural history aboriginal art local story especially enjoyed learning cyclone tracy seeing iconic sweetheart crocodile mustvisit youre darwinengaging educational beautifully presented
7,Tourist attraction,History museum,Local history museum,Museum,Tourist attraction,True,en,3 months ago,2025-05-25T03:27:36.332Z,No,Weekday,No wait,92,1072,5,Northern Territory,Very friendly and helpful staff. Great display and I’m happy to give money to such a great cause.,RFDS Darwin Tourist Facility,None,2025-07-04T04:46:58.000Z,"Thank you for your kind words, we appreciate the support!",None,None,None,None,None,Positive,2025,18,nice interesting display cultural art fauna found nt recommend spending half day allocated 2 hour initially return next day extra 3 hour
8,Tourist attraction,History museum,Local history museum,Museum,Tourist attraction,True,en,4 months ago,2025-05-06T07:43:08.796Z,No,Weekday,No wait,1003,1072,5,Northern Territory,Excellent - this was really good and highly recommended for anyone visiting Darwin.,RFDS Darwin Tourist Facility,None,2025-05-06T23:48:50.000Z,"Thank you Norm for taking the time to leave a review, we are very happy to hear you had such a great time!
RFDS team",None,None,None,None,None,Positive,2025,13,excellent showcasing nt history culture free entry transformation prehistory cyclone tracy unruly day rebellion chinese immigrant contribution contemporary aboriginal artwork mesmerising life size sweetheart croc little known maritime history nt darwin huge warehouse style special exhibition area area backdrop darwin harbour absolutely wow immersive engaging small gift shop bundilla saltwater restaurant pretty good well done curator captured essence nt perfectly overwhelming adequate though course time 15 hour short
9,Tourist attraction,History museum,Local history museum,Museum,Tourist attraction,True,en,3 years ago,2022-09-09T08:10:43.582Z,No,Weekday,No wait,122,1072,5,Northern Territory,"This visit was an amazing experience. We were welcomed by a staff that on few words told us what can we see and what order would work best. That really saved us a lot of time. The 2 hologram stories quite informative, about the bombing of Darwin and how Royal Flying Doctor Service was born and is operated. We checked out a plane with RFDS equipment and the virtual reality experience about bombing of Darwin was quite a treat. The souvenirs store had lots of new and original items. They passed with Flying colours. Highly recommended!",RFDS Darwin Tourist Facility,None,2022-09-10T00:53:30.000Z,"Thank you for your amazing 5 star review Maria! We are so glad you enjoyed your time exploring our tourist facility.

Kind Regards,
The RFDS Tourist Facility Team",None,None,None,None,None,Positive,2022,96,museum art gallery northern territory mustvisit destination darwin offer fascinating exhibition first nation culture region history marine life even dramatic story cyclone tracy admission free staff exceptionally welcoming knowledgeable making memorable experience visitor age
10,Tourist attraction,History museum,Local history museum,Museum,Tourist attraction,True,en,a month ago,2025-07-26T08:33:43.325Z,No,Weekday,No wait,66,1072,5,Northern Territory,"What a fabulous facility; awesome displays, movies and interactive stations to have a surreal experience of what it would have been like to live through the bombing of Darwin and a patient on the RFDS. Definitely a place to visit.
We purchased the Combo ticket for here and Aviation Museum - absolutely worth the money.",RFDS Darwin Tourist Facility,None,2025-07-31T00:17:52.000Z,"Hi Leonie, great to hear our facility left such a positive impression! 
Thank you,
Team RFDS
",None,None,None,None,None,Positive,2025,54,spent hour browsing around exhibit museum well laid thing see normally found type museum especially liked cyclone tracey exhibit
11,Tourist attraction,History museum,Local history museum,Museum,Tourist attraction,True,en,3 months ago,2025-05-22T12:15:26.449Z,No,Weekday,No wait,64,1072,5,Northern Territory,"This place is awesome.The movies were so entertaining and interesting. The Virtual Goggles were a totally new experience and had you right there. It's a fascinating place to learn about not only the RFDS but the bombing of Darwin which interestingly happened where this center is. Trish was extremely lovely and helpful.Fantastic and Highly recommend.
Phil and Karen
LANDWATCH AUSTRALIA",RFDS Darwin Tourist Facility,None,2025-07-04T05:02:07.000Z,"Thank you for visiting the RFDS Tourist Facility, glad to hear you enjoyed the experience!",None,None,None,None,None,Positive,2025,58,amazing glad decide activity lot see learn big really interesting free entry place amazing staff friendly helpful finish browsing place favour go cafe bite really highly recommend
12,Tourist attraction,History museum,Local history museum,Museum,Tourist attraction,True,en,a year ago,2024-06-26T23:57:33.309Z,Yes,Weekday,No wait,82,1072,5,Northern Territory,"So much to see and do! A great way to donate to the RFDs as well. There’s a huge gift shop with loads of options, there’s movies to watch, heaps of interactive displays, you could easy spend half a day here. It’s cheaper if you package it up with the aviation museum as well",RFDS Darwin Tourist Facility,None,2024-07-02T02:28:30.000Z,"Thank you for your wonderful review.
We are so glad you enjoyed our theatre and technology showcasing both the RFDS and The bombing of Darwin.
We hope to see you back in the future.
Kind Regards,
The RFDS Team.",None,None,None,None,None,Positive,2024,54,absolutely far best wildlife display varied show culture art historical thing cyclone exhibition must best thing absolutely free
13,Tourist attraction,History museum,Local history museum,Museum,Tourist attraction,True,en,3 years ago,2022-05-15T03:32:21.980Z,No,Weekday,No wait,337,1072,5,Northern Territory,"A great interactive experience which talks you through the bombing of Darwin and the formation of the Royal Flying Doctor Service.
Virtual reality headsets give you a realistic view of the bombing and what it's like on the Flying Dr plane.
There is an actual plane that you can enter and gain a first hand experience.
Definitely worth a visit.",RFDS Darwin Tourist Facility,None,2022-05-17T05:53:14.000Z,"Thank you so much David for your great review! We are so glad to hear you enjoyed your visit and learnt about two of Australia's iconic stories. We hope to see you again in the future!

Kind Regards
RFDS Team",None,None,None,None,None,Positive,2022,57,compact intensely interesting museum art gallery particularly enjoyed cyclone tracy exhibit extensive collection aboriginal art
14,Tourist attraction,History museum,Local history museum,Museum,Tourist attraction,True,en,2 years ago,2023-02-28T09:07:37.892Z,Yes,Weekday,Up to 10 min,119,1072,5,Northern Territory,"It doesn’t look like much but this interactive and formative place will have you mesmerised and inspired by our WWII efforts and the attack on Darwin and the birth of RFDS and how it all came about with their short screening, a must see! You can also checkout the VR headset experience of the WWII attack of Darwin harbour or RFDS medical mission of the outback. Our favourite was able to checkout the old and retired RFDS plane they had inside the museum, that was cool to look at and experience.",RFDS Darwin Tourist Facility,None,2023-03-01T00:39:16.000Z,"Thank so much for the great review, we are pleased that you enjoyed the experience and got some valuable information at the same time.
Regards from the 
RFDS team.",None,None,None,None,None,Positive,2023,91,add museum darwin itinerary free entry venue close around 4pm daily multiple display including cyclone tracey war film artefact bird insect wander thru self guided tour reception provide venue map information strictly food beverage rule applies inside museum area free water fountain near reception toilet visitor use public bus stop directly front cdc bus line plenty free parking vehicle size stay long like allowed approximately 2 hour visit disability accessibility walking frame wheelchair
15,Tourist attraction,History museum,Local history museum,Museum,Tourist attraction,True,en,a month ago,2025-08-09T11:40:41.092Z,No,Weekend,No wait,17,1072,4,Northern Territory,"It has good interactive experiences, VR goggles etc. you should allow yourself about an hour and a half to do everything there watching all the shows. Any purchases go towards the Royal flying doctor service.",RFDS Darwin Tourist Facility,None,2025-08-24T23:53:34.000Z,Thank you for visiting the RFDS Darwin tourist facility and leaving such a great review. ,None,None,None,None,None,Positive,2025,35,good interactive experience vr goggles etc allow hour half everything watching show purchase go towards royal flying doctor service
16,Tourist attraction,History museum,Local history museum,Museum,Tourist attraction,False,en,a month ago,2025-08-09T03:50:15.832Z,No,Weekend,No wait,3,1072,2,Northern Territory,Not what we expected. Was a bit contrived would have liked more information and background on the RFDS and the good work they do. The bombing stuff has no relevance to RFDS. Pricing for 2 Adults expensive.,RFDS Darwin Tourist Facility,None,2025-09-01T02:16:13.000Z,"Thank you for taking the time to share your feedback. I’m sorry to hear the experience didn’t meet your expectations. We truly value your perspective as it helps us continue to improve.
At the RFDS Darwin Tourist Facility, we aim to balance two key stories – the vital work of the Royal Flying Doctor Service across Australia, and the significant role Darwin played during World War II with the Bombing of Darwin. The aviation and medical history of the RFDS is central to our displays, and the wartime exhibits are included to provide a broader context of the challenges faced in the Top End during that period.
That said, we take your comments on board regarding the desire for more in-depth information about the RFDS itself. We are always looking at ways to strengthen how we tell that story and highlight the incredible work our teams continue to do across the country.
We also understand your concerns about pricing. Our ticket sales go directly toward supporting the ongoing operations of the RFDS and maintaining the facility, which allows us to continue sharing these important stories with visitors.
We truly appreciate your visit and your feedback. If you’d like to discuss this further or share more detail, please don’t hesitate to reach out directly to us at emmalee.tranebo@flyingdoctor.net.
Warm regards
Emmalee Tranebo, Tourist Facility Manager
",None,None,None,None,None,Positive,2025,37,whats like art center coast got watch sunset aboriginal art award experience little ordinary art display mindbogglingbut sweetheart fixture sight beholdi cant imagine encountering crocodile size nature
17,Tourist attraction,History museum,Local history museum,Museum,Tourist attraction,True,en,2 years ago,2023-08-02T12:58:18.567Z,Not sure,Weekday,No wait,279,1072,5,Northern Territory,"What a great place to find out about the history of the Royal Flying Doctor service and the bombing of Darwin Harbour. Lots of interactive displays and the virtual reality was great.
I loved being able to climb aboard the RFDS plane and I chose the patient virtual reality clip. I kept turning around to see the pilot which was very cool!",RFDS Darwin Tourist Facility,None,2023-08-03T02:54:14.000Z,"Thanks Kathryn for the great review, the technology used is a great way to share these two iconic stories.
Kind Regards
The RFDS team.",None,None,None,None,None,Positive,2023,61,love amazing museum need least 1hour half see everything best part free
19,Tourist attraction,History museum,Local history museum,Museum,Tourist attraction,False,en,2 weeks ago,2025-09-01T02:34:42.786Z,No,Weekday,No wait,8,1072,5,Northern Territory,Very informative.  Greeted by Gee Gee who was an absolute delight and guided us to what was on show.  Highly recommend.  A must see.,RFDS Darwin Tourist Facility,None,2025-09-02T02:23:10.000Z,"Margaret we are so grateful for your 5 Star review . 
It is fantastic to know that Gee Gee made such a positive impression.
Thank you for taking the time to share - we would love to see you again.",None,None,None,None,None,Positive,2025,27,brilliant day surreal experience especially cyclone tracy exhibit spent 2 hr walking around enjoyed every minute
20,Tourist attraction,History museum,Local history museum,Museum,Tourist attraction,False,en,5 months ago,2025-04-13T11:24:31.575Z,No,Weekday,No wait,3,1072,5,Northern Territory,"Fantastic experience! The information on both the RFDS and the bombing of Darwin was presented really well. The movies were terrific and the VR presentations were great. Gee Gee was most helpful, friendly and engaging.",RFDS Darwin Tourist Facility,None,2025-04-15T23:52:57.000Z,"Thank you for taking the time to review your experience at RFDS Darwin Tourist Facility. We are happy to know you had such a great time.
Regards, RFDS team",None,None,None,None,None,Positive,2025,35,great place spend time learn history geology cyclone tracey incredible exhibition give witness devastation tracey brought upon darwin
21,Tourist attraction,History museum,Local history museum,Museum,Tourist attraction,True,en,2 years ago,2022-10-17T23:54:58.789Z,No,Weekday,No wait,56,1072,4,Northern Territory,"The VR experience is a great way for adults and kids to experience what the war was like.

They have two video sessions in a theatre as well which talks about the history of the RFDS which was very interesting.

The museum has a replica of one of the RFDS planes for everyone to see.

Although its a small museum its a great one to visit.

You need maximum 1.5 hours but latest time you can enter is 2.30pm for a session.",RFDS Darwin Tourist Facility,None,2022-10-19T04:52:54.000Z,"Thank you for visiting Badi and for your fantastic review. We are glad you enjoyed your experience with us!

Kind Regards,
The RFDS Tourist Facility Team",None,None,None,None,None,Positive,2022,78,certainly worth visiting exhibit top class easily reached public transport also great place cool gaining knowledge time
22,Tourist attraction,History museum,Local history museum,Museum,Tourist attraction,True,en,a year ago,2024-08-06T05:27:52.697Z,Not sure,Weekday,1 hr+,12,1072,5,Northern Territory,"Loved this little museum  very informative and interesting on the history of the rfds and the bombing of darwin,the platform and virtual headsets are a must,the theatre goes through a great history story of the rfds,will definitely go again",RFDS Darwin Tourist Facility,None,2024-08-18T02:27:03.000Z,"Thank you for your 5 star review.
We are so glad you immersed yourself in all that our facility has to offer and look forward to seeing you again in the future.

King regards,
The RFDS Team.",None,None,None,None,None,Positive,2024,40,small museum interesting exhibition one regarding cyclone tracy fancy interesting piece worth visit town probably spend one hour ish inside
23,Tourist attraction,History museum,Local history museum,Museum,Tourist attraction,True,en,4 years ago,2021-03-29T12:43:53.334Z,No,Weekday,No wait,576,1072,5,Northern Territory,"Wow, the kids thought this place was going to be boring. They loved it! We spent just under 2 hours exploring and learning about the RFDS and the attack on Darwin in 1942. Definitely watch the 20 min movie on the attack and do the VR headsets, you will love it.",RFDS Darwin Tourist Facility,None,2021-03-31T02:01:24.000Z,Thank you for your review. The kids have fun while learning about 2 important parts of our history which is great!,None,None,None,None,None,Positive,2021,51,wow kid thought place going boring loved spent 2 hour exploring learning rfd attack darwin 1942 definitely watch 20 min movie attack vr headset love
24,Tourist attraction,History museum,Local history museum,Museum,Tourist attraction,True,en,4 years ago,2021-08-21T04:04:02.524Z,No,Weekday,No wait,1856,1072,5,Northern Territory,"History of RFDS and the WWII attack on Darwin. I liked the VR goggles which puts you right in the action.
2x 15min video accounts as well as a 2min surreal bombing run where you stand around an active display.",RFDS Darwin Tourist Facility,None,2021-08-26T23:56:55.000Z,Thank you for visiting the RFDS Darwin Tourist Facility and for sharing your experience.,None,None,None,None,None,Positive,2021,39,small museum art gallery easily done hour admission free also outdoor section café check
25,Tourist attraction,History museum,Local history museum,Museum,Tourist attraction,True,en,4 months ago,2025-04-27T06:55:33.047Z,Yes,Weekday,No wait,56,1072,5,Northern Territory,"A must-do for anyone visiting Darwin. Family friendly, kid friendly, and extremely informative.

The staff make this place shine. Alda was simply amazing. Friendly and helpful, with a kindness about her that made you feel like talking to an old friend. Mitchell was professional and lovely in serving us, making sure we had a good experience. The staff throughout were amazing, but Alda and Michell deserve a special mention!",RFDS Darwin Tourist Facility,None,2025-05-06T23:55:35.000Z,"Thank you Giselle for taking to time to leave such a wonderful review! We are so happy to hear of your great experience and will be sure to give Alda and Mitchell a staff nomination for going above and beyond.
Cheers,
RFDS team",None,None,None,None,None,Positive,2025,68,wonderful exhibition one megafauna cyclone tracy particularly good
26,Tourist attraction,History museum,Local history museum,Museum,Tourist attraction,False,en,3 months ago,2025-06-15T05:20:36.517Z,No,Weekday,No wait,8,1072,4,Northern Territory,They have some really interesting interactive and theatre experiences about the RFDS and the bombing of Darwin. Theres also a decommissioned aircraft you can climb into and gives you an appreciation for how difficult the work that is done in the air by the RFDS,RFDS Darwin Tourist Facility,None,2025-06-19T04:50:00.000Z,"Thank you for taking the time to leave this wonderful review, glad to know you enjoyed the experience.
Team RFDS",None,None,None,None,None,Neutral,2025,45,fascinating day museum daughter wonderful time museum art gallery northern territory today stunning local art fascinating natural history exhibit much explore learn together perfect mix fun education u
27,Tourist attraction,History museum,Local history museum,Museum,Tourist attraction,True,en,2 months ago,2025-06-29T05:19:31.444Z,No,Weekend,No wait,18,1072,5,Northern Territory,Very informative and the VR story's are amazing,RFDS Darwin Tourist Facility,None,2025-06-30T00:44:29.000Z,"Hi Nathan
Thank you very much for your review Nathan.
The VR experiance certainly is a highlight for our visitors.
Regards 
The Team from RFDS Darwin",None,None,None,None,None,Positive,2025,8,museum full information indigenous nt history spent hour cafe reasonably priced lovey food drink
28,Tourist attraction,History museum,Local history museum,Museum,Tourist attraction,False,en,11 months ago,2024-10-20T07:14:36.679Z,No,Weekend,No wait,9,1072,5,Northern Territory,"Excellent value for money - fantastic exhibition, especially the VR and Hologram tours!  Also has the Bombing of Darwin!",RFDS Darwin Tourist Facility,None,2024-10-23T04:12:23.000Z,"Hey Speedy,
Thanks so much for your 5 Star review! We are glad that you enjoyed your time with us!

Kind regards,
The RFDS team",None,None,None,None,None,Positive,2024,20,great museum really well presented wish allocated much time
29,Tourist attraction,History museum,Local history museum,Museum,Tourist attraction,True,en,a year ago,2023-12-15T18:57:45.201Z,Yes,Weekday,Up to 10 min,133,1072,5,Northern Territory,"museum on the bombing of darwin and rfds all in one! concession available and they have group tickets with other tourist sites like crocosaurus cove too. inspiration to hear about the beginnings and current works of the rfds. merch shop and donate to support the rfds! staff were super friendly and helpful with showing us around the facility also. worth a visit, especially if you catch the Darwin waterfront free shuttle.",RFDS Darwin Tourist Facility,None,2023-12-16T00:31:22.000Z,"Thanks for the amazing 5 star review, we are pleased that you enjoyed your time at our facility and took the time to rate us. The staff love receiving 5 stars!
Kind Regards
The RFDS team.",None,None,None,None,None,Positive,2023,71,wonderful museum visit lot tell darwin history colonial cyclone tracy rebuilt came many interactive exhibition made visit felt engaging would highly recommend
30,Tourist attraction,History museum,Local history museum,Museum,Tourist attraction,True,en,a year ago,2024-08-27T21:55:32.551Z,No,Weekday,No wait,188,1072,4,Northern Territory,Excellent display and well worth the visit. Note there are 2 excellent virtual reality experiences included and if VR makes you sick it is not worth doing.,RFDS Darwin Tourist Facility,None,2024-09-03T00:08:47.000Z,"Hi Angus,
Thanks for taking the time to review our facility! We are happy you enjoyed our 2 virtual reality experiences on the Bombing of Darwin and the Royal Flying Doctor Service.
Many thanks,
The RFDS Team",None,None,None,None,None,Positive,2024,27,lot eyecatching display nt flora fauna geology culture art cyclone tracey free parking available site
31,Tourist attraction,History museum,Local history museum,Museum,Tourist attraction,True,en,3 years ago,2021-10-19T16:20:58.107Z,No,Weekday,No wait,345,1072,5,Northern Territory,"Worth a visit the interactive and virtual viewing of the Darwin Bombing was amazing to learn about.
There was also the history of the flying Doctors.",RFDS Darwin Tourist Facility,None,2022-01-10T03:48:51.000Z,"Hi Vicki, thank you for the amazing 5 star review! We agree there is so much to learn about both stories. Thanks again for visiting.",None,None,None,None,None,Positive,2021,25,free plenty see spend hour good whole family
32,Tourist attraction,History museum,Local history museum,Museum,Tourist attraction,True,en,4 years ago,2021-03-01T09:09:14.357Z,No,Weekday,No wait,22,1072,5,Northern Territory,"Spent a good hour and half enjoying the interactive displays of the royal flying doctor service.excellent !! Tool a nueron scooter down to Darwin waterfront, where we had a great lunch on the weekend.",RFDS Darwin Tourist Facility,None,2021-03-03T04:07:19.000Z,"Thank you for visiting the RFDS Darwin Tourist Facility, and for your 5 star rating!
Kind Regards
Sam",None,None,None,None,None,Positive,2021,34,cute need take museum context excellent job telling local story darwin history people many way lack boat say appreciated aboriginal art larger australian museum isnt lourve doesnt claim excellent local flavor make stop
33,Tourist attraction,History museum,Local history museum,Museum,Tourist attraction,True,en,6 months ago,2025-03-15T07:40:23.143Z,Yes,Weekday,No wait,76,1072,5,Northern Territory,"Visited as part of an excursion from a cruise ship. Saw a great film about the history of the Royal Flying Doctor Service in Australia.

A place definitely worth visiting to see the history of Australia.  They also have a display about the attack on Darwin in WW2.",RFDS Darwin Tourist Facility,None,2025-03-17T00:00:30.000Z,"Dear Anthony 
Thank you for your review .
We appreciate you taking the time to review our facilty .
We are very pleased you enjoyed the experience and have given us a great review.
Kind Regards
The RFDS Team ",None,None,None,None,None,Positive,2025,48,really fantastic wish could spent longer think everyones list visit area
34,Tourist attraction,History museum,Local history museum,Museum,Tourist attraction,True,en,3 months ago,2025-06-20T13:08:29.332Z,No,Weekday,No wait,58,1072,5,Northern Territory,It's fantastic to learn all about the history of the RFDS . The great services that they have delivered and the countless lives that have been changed and saved through the foresight of one man.,RFDS Darwin Tourist Facility,None,2025-07-04T04:45:53.000Z,"Thank you for taking the time to visit our RFDS Tourist Facility, we are very glad to hear you enjoyed the experience!",None,None,None,None,None,Positive,2025,35,loved indigenous art gallery gallery interesting along small maritine
35,Tourist attraction,History museum,Local history museum,Museum,Tourist attraction,False,en,2 years ago,2023-08-15T03:21:40.394Z,No,Weekday,No wait,41,1072,5,Northern Territory,"Love what they've done to help us see through virtual reality what happened when Darwin was bombed, very emotional.

Hats off to the RFDS , great insight into an average day in your life . Highly recommend a visit here! $30 Adult $24 Seniors",RFDS Darwin Tourist Facility,None,2023-08-15T23:41:44.000Z,"Thanks for taking the time to review our facility, we are pleased that you enjoyed your visit and learned more about these iconic events.

Kind regards
The RFDS team.",None,None,None,None,None,Positive,2023,43,loved organized gallery museum everything clearly marked labeled provides opportunity learn item free enter donation box highly recommend contributing effort maintain fantastic instructional informative gallery enjoyed learning northern territory history cyclone exhibit informative loved onsite gift shop take backpack inside offer secure space bag
36,Tourist attraction,History museum,Local history museum,Museum,Tourist attraction,True,en,a year ago,2024-03-11T11:36:09.985Z,No,Weekday,No wait,283,1072,5,Northern Territory,"So glad we visited; two excellent attractions in one. First the story of the first Japanese air raid on Darwin (19 February 1942), and second the history of the Royal Flying Doctor Service.

Both are brilliantly presented with holographic movies. There are also excellent VR presentations featuring both attractions.

A withdrawn RFDS aircraft completes the display. Sit in the pilots seat, or lie on the patients couch.

Great staff too…",RFDS Darwin Tourist Facility,None,2024-03-12T00:29:46.000Z,"Hi Stephen
Thanks for your 5 star review. 
We are so happy you appreciated the technology that brings both important stories to life as well as the real RFDS Pilatus PC-12 plane. 
Regards
The RFDS Team",None,None,None,None,None,Positive,2024,67,nt museum art gallery great collection interesting exhibit eye popping art huge took hour get around well worth effort entry free
38,Tourist attraction,History museum,Local history museum,Museum,Tourist attraction,True,en,5 years ago,2020-01-09T00:54:35.595Z,No,Weekday,No wait,51,1072,5,Northern Territory,"Best tourist place in Darwin. Should see when in Darwin. Very informative. Nice staff. VR was amazing. Free shuttle bus to other attraction places nearby to spend the rest of your day. Also there are water front eating place next to the museum, good for lunch.",RFDS Darwin Tourist Facility,None,2020-11-02T02:36:51.000Z,"Thank you for visiting the RFDS Darwin Tourist Facility, and for your awesome review! We're so pleased that you found your visit informative and interesting. Our team is very proud of RFDS history and our place in the community, and we agree the Virtual Reality experience is amazing and immersing. Thank you for recommending us so highly, and we hope to see you again.

Kind Regards
Sam",None,None,None,None,None,Positive,2020,46,best tourist place darwin see darwin informative nice staff vr amazing free shuttle bus attraction place nearby spend rest day also water front eating place next museum good lunch
39,Tourist attraction,History museum,Local history museum,Museum,Tourist attraction,False,en,3 weeks ago,2025-08-24T23:55:40.874Z,No,Weekend,No wait,7,1072,5,Northern Territory,What a great experience at RFDS museum!! Very entertaining and informative. Friendly and helpful staff. Highly recommended!!!,RFDS Darwin Tourist Facility,None,2025-08-26T23:53:05.000Z,thank you for your kind words about the RFDS tourist facility Darwin we are so glad you enjoyed your time here we hope to see you again soon,None,None,None,None,None,Positive,2025,17,modern neat tidy relatively small museum unfortunately cyclone tracey exhibit closed due renovation upcoming 50th anniversary hard tried wasnt able appreciate art exhibit natural exhibit good undercover outdoor small marine exhibit given temperature humidity day unbearable walk around museum entry free staff helpful friendly overall worth visit
40,Tourist attraction,History museum,Local history museum,Museum,Tourist attraction,True,en,2 years ago,2023-07-06T09:06:13.670Z,No,Weekday,No wait,28,1072,4,Northern Territory,I enjoyed the RFDS display especially the interactive headsets and the plane. There is also a display on the bombing of Darwin.,RFDS Darwin Tourist Facility,None,2023-07-07T01:24:09.000Z,"Thanks for reviewing our facility, the virtual reality is a great way to experience the two stories.
Kind regards
The RFDS team.",None,None,None,None,None,Positive,2023,22,museum free enter packed wonderful exhibit information geographical location history culture aboriginal art luved well worth visit darwin city
41,Tourist attraction,History museum,Local history museum,Museum,Tourist attraction,False,en,11 months ago,2024-09-24T05:42:04.387Z,Yes,Weekday,No wait,25,1072,5,Northern Territory,Really interesting for adults and kids. Combined it with the bombing cruise which was also great.,RFDS Darwin Tourist Facility,None,2024-09-26T02:46:34.000Z,"Thank you for your wonderful review Tanya.
We are glad you combined a visit to the facility with the cruise. It is a fantastic way to learn about the history of the Bombing of Darwin and The RFDS by both land and sea!
Kind Regards,
The RFDS Team.",None,None,None,None,None,Positive,2024,16,brilliant museum adult child free entry donation suggested pushed informative brilliant display really lovely indigenous artwork cyclone tracy display display wet v dry season nt display local wildlife day went treasure hunt kid find lego mini figure exhibit ingenious idea fun adult kid alike
42,Tourist attraction,History museum,Local history museum,Museum,Tourist attraction,True,en,2 years ago,2023-06-14T12:47:38.877Z,No,Weekday,No wait,16,1072,5,Northern Territory,"I enjoyed watching the vertual reality goggle, hologram by John Flynn, Flying Doctors, 3D Virtual Reality The Bombing of Darwin Harbour.",RFDS Darwin Tourist Facility,None,2023-06-14T23:50:14.000Z,"Thanks for taking the time to review our facility, we agree the technology is a great tool to learn about these events.

Kind Regards
The RFDS team.",None,None,None,None,None,Positive,2023,21,enjoyed watching vertual reality goggle hologram john flynn flying doctor 3d virtual reality bombing darwin harbour
43,Tourist attraction,History museum,Local history museum,Museum,Tourist attraction,True,en,3 years ago,2021-11-23T06:24:09.225Z,No,Weekday,No wait,142,1072,5,Northern Territory,Absolutely loved this place. The history of the RFDS and The Bombing of Darwin is well worth the visit. It very well set up and takes u back in time to really understand the history.  The virtual goggle experience was amazing taking u through the  time of the bombing. Giving you a sense of what it was like. I highly recommend a visit to this place,RFDS Darwin Tourist Facility,None,2021-12-01T03:49:30.000Z,"Thanks Joanne for your excellent review! Its great to hear you enjoyed your visit!
Take care and we can wait to welcome you back one day!",None,None,None,None,None,Positive,2021,68,love amazing museum need least 1hour half see everything best part free
45,Tourist attraction,History museum,Local history museum,Museum,Tourist attraction,True,en,5 months ago,2025-04-14T22:37:26.022Z,No,Weekend,No wait,113,1072,5,Northern Territory,Excellent informative display of both RFDS history and the bombing of Darwin. The VR experiences were terrific,RFDS Darwin Tourist Facility,None,2025-04-15T23:15:45.000Z,"Thank you Elizabeth, we are very happy to hear you enjoyed your experience at RFDS Darwin Tourist Facility!
Regards, RFDS team",None,None,None,None,None,Positive,2025,17,excellent informative display rfd history bombing darwin vr experience terrific
46,Tourist attraction,History museum,Local history museum,Museum,Tourist attraction,True,en,3 years ago,2022-08-14T04:33:54.495Z,No,Weekday,No wait,629,1072,5,Northern Territory,Nice museam right next to the big  darwin ferris wheel. Lots of vr related things. Medical plane inside and a couple of movies to see.,RFDS Darwin Tourist Facility,None,2022-08-15T00:19:03.000Z,"Thank you for visiting and your 5 star review Vance!
Kind Regards,
The RFDS Tourist Facility Team",None,None,None,None,None,Positive,2022,26,good place visit want learn cyclone tracy fantastic display animal sealife great display art gallery great highly recommend visit free entry gift shop site cafe
47,Tourist attraction,History museum,Local history museum,Museum,Tourist attraction,True,en,a year ago,2024-09-06T03:30:03.843Z,No,Weekday,No wait,35,1072,2,Northern Territory,"So so experience. Even for me who loves VR and technology. Basically nothing to do here. Watch 2 movies in theatres, 2 VR, real ambulance plane",RFDS Darwin Tourist Facility,None,2024-09-09T04:25:46.000Z,Thanks for sharing your thoughts. We are continuously developing our product. Hope to see you next time.,None,None,None,None,None,Positive,2024,26,great museum well designed laid lot taxidermy animal help show size colour exhibit well covering history darwin city part austronesian area huge area full sized boat sea craft particularly cool
48,Tourist attraction,History museum,Local history museum,Museum,Tourist attraction,False,en,6 years ago,2018-10-27T06:53:38.364Z,No,Weekday,No wait,3,1072,4,Northern Territory,"This is a very well set up snippet of our past, present and future. IMPORTANT history well presented. Very moving and something for all to see. Our children: 10, 9, 5 & 3yrs. Thumbs up",RFDS Darwin Tourist Facility,None,2018-11-28T08:07:11.000Z,"The RFDS team is very happy to hear that you enjoyed the heroic tales of the birth and growth of the RFDS and relived the drama of the Bombing of Darwin Harbour, we agree that the interactive technology is designed to brings history to life and engage with our guests of all ages.",None,None,None,None,None,Positive,2018,35,wonderful institution natural social history well superlative national indigenous art award exhibition contemporary visual art programming bonus decent cafe million dollar view darwin ski club next door always worth stop see whats inside
49,Tourist attraction,History museum,Local history museum,Museum,Tourist attraction,True,en,4 years ago,2021-01-28T04:14:52.933Z,No,Weekday,No wait,114,1072,5,Northern Territory,"Very informative, VR experiences were great, not a huge experience but the whole family enjoyed it. Entry fee on the higher end of the scale, but well worth it.",RFDS Darwin Tourist Facility,None,2021-01-31T01:28:50.000Z,"Thank you very much for your great review. The RFDS Darwin Tourist Facility Team really appreciate hearing about your experience and are happy to hear that you enjoyed your visit. We do offer a Territory Pass for Darwin locals where they pay the full admission price and receive 12 months unlimited entry with the ticket purchase, it is a great way to save money with visiting friends, relatives, school holiday fun and weekends.
Kind Regards,
Sam",None,None,None,None,None,Positive,2021,29,expectation glad decided visit easily spent couple hour could spent longer loved modern art cyclone tracey display boat fantastic available free charge definitely visit next darwin
50,Tourist attraction,History museum,Local history museum,Museum,Tourist attraction,True,en,a month ago,2025-08-04T11:14:48.310Z,No,Weekday,No wait,188,1072,4,Northern Territory,Very good informative movie about the bombing of Darwin. A rescue plane inside to check out how they operate.,RFDS Darwin Tourist Facility,None,2025-08-05T03:44:28.000Z,"Thank you Randy for taking the time to share your experience!
",None,None,None,None,None,Positive,2025,19,highly recommend visitthe staff friendly helpful entrance free great exhibition indigenous artist work terrifying display creature kill absolutely loved museum native bird display entrancing cyclone tracey exhibit moving must visit tourist free locker available loved
51,Tourist attraction,History museum,Local history museum,Museum,Tourist attraction,True,en,4 years ago,2021-04-13T11:54:43.130Z,No,Weekday,No wait,101,1072,3,Northern Territory,"A bit disappointed with the Darwin RFDS Experience compared to Dubbo, which we visited earlier in the year. The Rev Flynn movie was mainly shouty acting, though the Etheridge Grant movie was actually interesting. The VR RFDS videos from inside the aircraft were enjoyable, but the bombing of Darwin VR was more motion sick inducing.

Unlike Dubbo, you could climb aboard the PC-12 and sit in the cockpit, which was great. However, I found less connection with the important work that the RFDS does.

If you haven't been to Dubbo this might be worthwhile.",RFDS Darwin Tourist Facility,None,2021-05-02T04:29:50.000Z,"Thank you for visiting the RFDS Darwin Tourist Facility and for sharing your experience
Kind Regards
Sam",None,None,None,None,None,Positive,2021,92,free admission donation appreciated learn history darwin tracy cyclone aboriginal people art animal around area good place go hot weather also good bring kid recommend allow 12 hour museum even longer relax travel schedule gift shop lot sell staff friendly
52,Tourist attraction,History museum,Local history museum,Museum,Tourist attraction,True,en,Edited 3 years ago,2022-01-07T23:28:07.121Z,No,Weekday,No wait,115,1072,5,Northern Territory,"Where does one start, from the impressive frontage of the facility  to the interactive displays within,This facility would appeal to all ages, the history within the (VR) Virtual Reality experience is truly mind blowing!! You are virtually there on the disastrous day, and witness exerts from the moments, and saw ships blowing up, planes being shot down etc. The RFDS side of things is also very interesting, telling the dream of John Flynn and the overall outcome of the modern day RFDS, as we see it today.
I suggest all family members witness this wonderful facility, and the friendly and helpful staff were only too happy to answer almost any question you threw at them.",RFDS Darwin Tourist Facility,None,2021-05-09T02:33:15.000Z,"Thanks for sharing your experience! Our team is delighted to hear that you enjoyed the heroic tales of the birth and growth of the RFDS and relived the drama of the Bombing of Darwin Harbour, we agree that the interactive technology is designed to brings history to life and engage with our guests of all ages.

Kind Regards
Sam",None,None,None,None,None,Positive,2022,115,must go place want know city territory
53,Tourist attraction,History museum,Local history museum,Museum,Tourist attraction,True,en,6 years ago,2018-10-13T03:52:26.225Z,No,Weekday,No wait,132,1072,5,Northern Territory,"It’s at the end of the wharf so it’s about 10 to 15 minutes walk from the waterfront. You can also take the free shuttle bus that runs quite frequently. The museum is small, but has plenty to do and I spent 1.5 hour here. There is a virtual reality headset which depicts a scene from a plane bombing (8 minutes) and 2 hologram movies (20 minutes each). You can also sit in the pilot’s seat in a real size plane. Pretty cool and informative.",RFDS Darwin Tourist Facility,None,2018-11-28T08:08:10.000Z,"Thank you very much for your great review. We agree the Virtual Reality experience is immersing and should be experienced more than once. Our team is very proud to be able to share the two iconic stories, the heroic tales of the birth and growth of the RFDS and the drama and history of Bombing of Darwin Harbour through the wonder of technology designed to bring history to life.",None,None,None,None,None,Positive,2018,85,end wharf 10 15 minute walk waterfront also take free shuttle bus run quite frequently museum small plenty spent 15 hour virtual reality headset depicts scene plane bombing 8 minute 2 hologram movie 20 minute also sit pilot seat real size plane pretty cool informative
54,Tourist attraction,History museum,Local history museum,Museum,Tourist attraction,True,en,2 years ago,2022-10-25T23:44:19.758Z,No,Weekday,No wait,408,1072,5,Northern Territory,"Very informative and interactive. Numerous displays which helped us getting a much better appreciation of the Darwin bombings, and the great work carried out by RFDS. We had thought the entry fee was a bit steep, however soon got over this after realising how reliant the service is on donations and sponsorships.",RFDS Darwin Tourist Facility,None,2022-10-26T00:24:45.000Z,"Thankyou for the great review, happy to hear that you understand the need for the entry fee, all proceeds go to keeping the RFDS up and running. The bombing of Darwin exhibit is an added bonus to our facility.
Kind regards
The RFDS team.",None,None,None,None,None,Positive,2022,52,informative interactive numerous display helped u getting much better appreciation darwin bombing great work carried rfd thought entry fee bit steep however soon got realising reliant service donation sponsorship
55,Tourist attraction,History museum,Local history museum,Museum,Tourist attraction,True,en,3 years ago,2022-06-03T23:55:49.940Z,Not sure,Weekday,No wait,276,1072,5,Northern Territory,"With some experience now visiting RFDS experiences this location is a superb example very clean and spacious with a mini cinema and areas to be immersed into the history and importance of the Royal Flying Doctors Service and the lives of people who's determination and drive not to mention generosity from donations give us this absolutely vital emergency service.

Combined with the Bombing of Darwin Experience here you will want approx 90mins maybe even 2hours there.

Bus services or even taxi are easy but it is quite a short walk down from CBD of Darwin across the sky walk and out to the wharf.",RFDS Darwin Tourist Facility,None,2022-06-05T00:15:07.000Z,"Thank you Darren for your kind review! We agree the work of the RFDS is extremely impressive and we are so lucky to have a service that helps so many people. We are thrilled to hear you enjoyed your visit and we hope to see you again in the future!

Kind Regards
RFDS Team",None,None,None,None,None,Positive,2022,102,great place lot information culture definitely worth visit free plus restaurant attached great meal breakfast dinner easily spend hour especially maritime section different boat canoe large roof artwork quite something exhibition 51 taxidermied body sweetheart croc fascinating well vessel full sail quite sight see get chance go look wont disappointed thoroughly enjoyed
56,Tourist attraction,History museum,Local history museum,Museum,Tourist attraction,True,en,4 months ago,2025-04-27T04:52:45.978Z,Not sure,Weekend,No wait,83,1072,5,Northern Territory,Fantastic exhibition. Very informative. Good to donate or buy something from the shop. Such an important service.,RFDS Darwin Tourist Facility,None,2025-05-06T23:56:59.000Z,"Thank you for taking the time to visit our facility during your travels and leaving such a lovely review!
RFDS team",None,None,None,None,None,Positive,2025,17,wonderful gallery nadio exhibition truly amazing
57,Tourist attraction,History museum,Local history museum,Museum,Tourist attraction,False,en,a year ago,2024-01-13T01:31:54.016Z,Not sure,Weekday,No wait,20,1072,5,Northern Territory,"Great displays, VR type experiences and cinema shows. They even lent me a towel to dry off with when I entered the building soaking wet. Highly recommend this place!",RFDS Darwin Tourist Facility,None,2024-01-13T03:41:34.000Z,"Thanks for the 5 star review, glad we dried you off at the same time!.. The VRs are one of the highlights of our facility along with the hologram films, a great way to learn more about these iconic avents.
Kind Regards
The RFDS team.",None,None,None,None,None,Positive,2024,29,disappointing shop gift suvoneer relating cyclone tracey sweetheart instead gift shop focused overseas tourist majority gift made china aboriginal artefact need cater tourist
59,Tourist attraction,History museum,Local history museum,Museum,Tourist attraction,True,en,3 years ago,2022-04-29T01:43:35.928Z,No,Weekday,No wait,106,1072,5,Northern Territory,"A great place of history, the hologram videos were great and the VR experience gave you that further history which you would not have known about.",RFDS Darwin Tourist Facility,None,2022-04-29T23:43:32.000Z,"Thank you Celia for your great review! We agree the technology we have to offer here is a great way to learn about the history of both stories. We hope to see you again in the future!

Kind Regards
RFDS Team",None,None,None,None,None,Positive,2022,26,compact intensely interesting museum art gallery particularly enjoyed cyclone tracy exhibit extensive collection aboriginal art
60,Tourist attraction,History museum,Local history museum,Museum,Tourist attraction,True,en,8 months ago,2025-01-19T03:52:26.710Z,No,Weekend,No wait,123,1072,5,Northern Territory,"An amazing experience, you get to see and feel what it was like during the bombing of Darwin. Also included was an insight into the Royal flying doctors service, past and present. Such and important service provided by the Australian government and public donations,",RFDS Darwin Tourist Facility,None,2025-02-17T01:17:17.000Z,"Hi Chris - Thank you for your 5 stars! We appreciate you taking time to leave a review.
Regards,
RFDS Team",None,None,None,None,None,Positive,2025,44,one favourite place darwin there sweetheart crocodile love cyclone tracy display fabulous great cafe
61,Tourist attraction,History museum,Local history museum,Museum,Tourist attraction,True,en,3 years ago,2022-01-13T11:15:35.848Z,No,Weekday,No wait,74,1072,5,Northern Territory,"I had no idea this existed until I was driving around with my friend from interstate.
So much attention to detail had gone into the planning of this small museum, and although it's small, don't be fooled! It is packed with so much information and every 20 minutes the air raid siren goes off, to which you go to the middle of the building.... and I am going to leave it there because I won't ruin your experience.
It has lots of information on the Royal Flying Doctors as well as the Darwin bombings.
There was so much I didn't know about the bombings and I can't wait to come back and watch the viewings next time.",RFDS Darwin Tourist Facility,None,2022-01-22T01:14:15.000Z,"Hi Annalise, thank you so much for your great review! The bombing platform is a favourite for many of our visitors. So glad you enjoyed your time here and we look forward to seeing you again!
- RFDS team",None,None,None,None,None,Positive,2022,114,idea existed driving around friend interstate much attention detail gone planning small museum although small dont fooled packed much information every 20 minute air raid siren go go middle building going leave wont ruin experience lot information royal flying doctor well darwin bombing much didnt know bombing cant wait come back watch viewing next time
62,Tourist attraction,History museum,Local history museum,Museum,Tourist attraction,True,en,3 years ago,2022-04-26T06:13:21.639Z,Not sure,Public holiday,No wait,31,1072,5,Northern Territory,"Absolutely amazing experience! Very interesting history of Royal Flying Doctor Service and also Darwin during WWII including movies and VR experience!
A real RFDS PC12 aircraft (VH-FMP), which was in service for many years, makes the visit a very special as well.",RFDS Darwin Tourist Facility,None,2022-04-28T04:14:57.000Z,"Thank you so much Karen for your great review! The plane is always one of the favourite features we have to offer, especially the young ones. We hope to see you again another time!

Kind Regards
RFDS Team",None,None,None,None,None,Positive,2022,41,surprisingly amazing im museum person rainy weather lot else darwin figured would check beautiful indigenous artwork cafe pretty basic nice option
63,Tourist attraction,History museum,Local history museum,Museum,Tourist attraction,True,en,4 years ago,2021-06-01T22:09:33.617Z,No,Weekday,No wait,19,1072,5,Northern Territory,"Very exciting place, No 1 on your list, down on the wharf near all the restaurants. A very good display of RFDS includes a movie, 3D head sets, the bombing of Darwin plus. Plenty to keep you occupied for a couple of hours admin.is reasonable.",RFDS Darwin Tourist Facility,None,2021-06-19T03:51:17.000Z,Thank you for your great review. We are happy to hear you enjoyed your time at our facility and Stokes Hills Wharf.,None,None,None,None,None,Positive,2021,45,planned many wedding event museum art gallery northern territory one favourite venue private back space great blank canvas would suit many type wedding style staff friendly helpful
64,Tourist attraction,History museum,Local history museum,Museum,Tourist attraction,True,en,4 months ago,2025-05-07T06:08:49.005Z,No,Weekday,No wait,43,1072,4,Northern Territory,"Good experience, loved the VR & hologram (but please clean the screen).",RFDS Darwin Tourist Facility,None,2025-07-06T03:40:02.000Z,Thank you for taking the time to leave feedback on your experience at RFDS Darwin Tourist Facility.,None,None,None,None,None,Positive,2025,12,wonderful exhibition one megafauna cyclone tracy particularly good
65,Tourist attraction,History museum,Local history museum,Museum,Tourist attraction,True,en,5 months ago,2025-04-17T07:39:54.961Z,Yes,Weekend,No wait,46,1072,5,Northern Territory,This place is another must do in Darwin another amazing experience the virtual reality displays put you in the hot seat fantastic,RFDS Darwin Tourist Facility,None,2025-04-19T03:42:09.000Z,"Thank you so much for taking time to leave us a review. We are so happy you came to visit us. We hope to see you again one day,
Your RFDS team in Darwin 
",None,None,None,None,None,Positive,2025,22,beautiful museum fresh vibrant full relative history area state also free definite must staff also helpful approachable
66,Tourist attraction,History museum,Local history museum,Museum,Tourist attraction,True,en,3 months ago,2025-06-15T14:59:48.205Z,No,Weekday,No wait,11,1072,5,Northern Territory,Small facility but the movies they play are excellent and informative,RFDS Darwin Tourist Facility,None,2025-06-19T04:48:06.000Z,"We appreciate you taking the time to review our exhibit and very glad to hear it worthy of 5 stars!
Team RFDS",None,None,None,None,None,Positive,2025,11,loved indigenous artwork section cyclone tracey also informative sound recording made cyclone real eyeopener highly recommend visiting
67,Tourist attraction,History museum,Local history museum,Museum,Tourist attraction,True,en,a year ago,2024-06-26T08:36:35.630Z,Yes,Weekend,No wait,151,1072,5,Northern Territory,"Visited on our first day. Probably the best museum anywhere. Incredible use of virtual reality headsets for information on the Darwin bombing and RFDS plane. 2 very informative films on these subjects. Nice gift shop to buy things to support RFDS.
Very helpful staff to explain use of the goggles and offered to store bags.",RFDS Darwin Tourist Facility,None,2024-07-02T04:53:43.000Z,"Thank you for your wonderful review.
Our team is delighted to hear you made great use of the virtual reality and technology we have available. 
Thank you for your support of the RFDS, and we hope to see you back at the Darwin Tourist Facility soon! 

Kind regards, 
The RFDS Team",None,None,None,None,None,Positive,2024,54,one best museum ive australia free admission natsiaa art award showing amazing work recorded memory cyclone 74 engaging large exhibition real boat impressive account travel vietnam touching overall much see great cafe beautiful location water excellent resource way spend half day darwin
68,Tourist attraction,History museum,Local history museum,Museum,Tourist attraction,True,en,3 years ago,2022-08-08T07:35:18.863Z,Yes,Weekday,No wait,455,1072,5,Northern Territory,"A very interesting place, a lot of interactive things to do and see.Give a donation when there as you never know when you will need to use them.",RFDS Darwin Tourist Facility,None,2022-08-10T23:56:06.000Z,"Thank you Karen for your 5 star review! The RFDS appreciates any donation big or small. We are thrilled to hear you enjoyed your time at our facility!

Kind Regards
RFDS Team",None,None,None,None,None,Positive,2022,28,interesting place lot interactive thing seegive donation never know need use
69,Tourist attraction,History museum,Local history museum,Museum,Tourist attraction,True,en,a year ago,2024-05-12T10:52:44.537Z,No,Weekday,No wait,95,1072,5,Northern Territory,Definitely worth a visit if you are in Darwin. Lots of things to see. Highly recommend.,RFDS Darwin Tourist Facility,None,2024-05-14T02:47:02.000Z,"Thank you for your five star review! Our staff are pleased you enjoyed your visit to the facility and hope to see you again!

Kind Regards,

The RFDS Team.",None,None,None,None,None,Positive,2024,16,nice interesting display cultural art fauna found nt recommend spending half day allocated 2 hour initially return next day extra 3 hour
70,Tourist attraction,History museum,Local history museum,Museum,Tourist attraction,True,en,Edited 2 years ago,2022-10-04T13:37:46.718Z,No,Weekend,No wait,233,1072,5,Northern Territory,Excellent and informative site. Perhaps let people know there is a free shuttle around the waterfront  it took me over an hour to walk.,RFDS Darwin Tourist Facility,None,2022-10-03T04:05:44.000Z,"Thanks so much for the 5 Star review, we are very proud of our facility.
Kind Regards the RFDS team.",None,None,None,None,None,Positive,2022,25,youre darwin def come check place lot different painting statue history stuff entry free nearby beautiful beach sure allowed swim tho really enjoyed museum today
71,Tourist attraction,History museum,Local history museum,Museum,Tourist attraction,True,en,2 years ago,2023-01-11T04:55:21.284Z,No,Weekday,No wait,87,1072,5,Northern Territory,"Very friendly staff, excellent use of technology to help us learn all about the RFDS and the bombing of Darwin. Entry price was a little on the high side but you learn that the RFDS does rely partially on donations to keep operating.",RFDS Darwin Tourist Facility,None,2023-01-14T03:26:53.000Z,"Thanks Caroline for the 5 star review, we are so happy that you enjoyed the experience and learned more about these iconic events. The entry fee goes back to helping keep the RFDS going, all donations are greatly appreciated.
Kind Regards
The RFDS team.",None,None,None,None,None,Positive,2023,43,friendly staff excellent use technology help u learn rfd bombing darwin entry price little high side learn rfd rely partially donation keep operating
73,Tourist attraction,History museum,Local history museum,Museum,Tourist attraction,True,en,4 years ago,2021-05-23T04:05:14.639Z,No,Weekday,No wait,161,1072,5,Northern Territory,"Absolutely the best experience to date in Darwin. VR experience, holigram are excellent. staff very helpful",RFDS Darwin Tourist Facility,None,2021-06-18T02:36:51.000Z,"Thank you for your wonderful review, our team is very happy to hear that you enjoyed your visit to the RFDS Facility
Kind Regards
Sam",None,None,None,None,None,Positive,2021,16,nice museum artiful arranged exhibit worth spend couple hour enter free charge restaurant facing ocean colorful museum shop
74,Tourist attraction,History museum,Local history museum,Museum,Tourist attraction,False,en,10 months ago,2024-11-21T05:08:00.300Z,Yes,Weekday,No wait,3,1072,5,Northern Territory,My husband and I visited the RFDS and the Bombing of Darwin Tourist Facility yesterday morning.  It was recommended to us by a Darwin local who we met at Litmiluk Gorge.  Thank you to the delightful front counter lady on reception for making us feel so welcome.  I’ll wear my RFDS Supporter t-shirt with pride.  See you next time we visit this wonderful city.,RFDS Darwin Tourist Facility,None,2024-11-24T00:13:52.000Z,"Hi Michele
Thanks for your 5 star review and we are so happy to hear how much you enjoyed your visit and Darwin in general.
It's great to know that all proceeds from our beautiful souvenir store go to the RFDS and you truly are supporting us.
Regards
RFDS Team",None,None,None,None,None,Positive,2024,68,husband visited rfd bombing darwin tourist facility yesterday morning recommended u darwin local met litmiluk gorge thank delightful front counter lady reception making u feel welcome ill wear rfd supporter tshirt pride see next time visit wonderful city
75,Tourist attraction,History museum,Local history museum,Museum,Tourist attraction,True,en,11 months ago,2024-10-02T11:20:44.124Z,No,Weekend,No wait,103,1072,5,Northern Territory,A nice small tourist centre. The virtual reality of the bombing of Darwin was great and the holographic documentary of the RFDS was very informative. Not sure why the bombing of Darwin documentary experience was told from the perspective of a US Navy personnel but it was interesting.,RFDS Darwin Tourist Facility,None,2024-10-08T23:24:19.000Z,"Hi Amy, thank you for your five star review!
The Bombing of Darwin hologram film is told from the perspective of Rear Admiral Etheridge Grant because he was the person that kept the most detailed notes/information about what happened, and his personal experience on the 19th of February 1942.

Kind regards,
The RFDS Team",None,None,None,None,None,Positive,2024,48,nice small tourist centre virtual reality bombing darwin great holographic documentary rfd informative sure bombing darwin documentary experience told perspective u navy personnel interesting
76,Tourist attraction,History museum,Local history museum,Museum,Tourist attraction,True,en,a month ago,2025-07-22T04:09:42.704Z,No,Weekday,No wait,63,1072,5,Northern Territory,"Great exhibition on the bombing of Darwin, definitely worth a visit.",RFDS Darwin Tourist Facility,None,2025-07-31T00:20:15.000Z,"Thank you for taking the time to leave such a positive review!
Kind regards,
Team RFDS",None,None,None,None,None,Positive,2025,11,museum multiple time friend wanted see well worth visit multiple exhibition different content suit learn history darwin wildlife fauna see beautiful boat region think free everyone there excuse skip youre
77,Tourist attraction,History museum,Local history museum,Museum,Tourist attraction,True,en,2 years ago,2023-09-07T12:35:41.657Z,No,Weekday,No wait,31,1072,5,Northern Territory,Very informative War Museum and RFDS Museum. Cool VR experiences of the Bombing of Darwin and RFDS Flights. Awesome location as well!,RFDS Darwin Tourist Facility,None,2023-09-07T23:44:09.000Z,"Thanks for taking the time to review our facility, great that you found the experience informative, we agree the technology is a cool way to learn about these iconic events.
Kind Regards
The RFDS team.",None,None,None,None,None,Positive,2023,22,started saturday exploring museum art gallery rich collection give justice various significant aspect development region early geology indigenous people flora fauna maritime industrial agricultural age darwin 20th21st century really enjoyed collection
78,Tourist attraction,History museum,Local history museum,Museum,Tourist attraction,True,en,Edited 2 years ago,2023-05-11T20:11:53.388Z,No,Weekday,No wait,144,1072,4,Northern Territory,A very interesting place. The VR experiences were awesome.,RFDS Darwin Tourist Facility,None,2022-11-06T00:35:21.000Z,"Thank you Michelle for taking the time to leave us a review! We're glad to hear you enjoyed your time with us. 

Kind Regards,
RFDS Team",None,None,None,None,None,Positive,2023,9,interesting place vr experience awesome
79,Tourist attraction,History museum,Local history museum,Museum,Tourist attraction,True,en,3 years ago,2022-05-05T04:07:45.363Z,No,Weekday,No wait,390,1072,5,Northern Territory,Absolutely fantastic. Great display. Very informative staff. Very clean.,RFDS Darwin Tourist Facility,None,2022-05-07T03:57:10.000Z,"Thank you so much Linda for your kind review! We are so glad you enjoyed your time at our facility and we hope you come back again!

Kind Regards
RFDS Team",None,None,None,None,None,Positive,2022,9,absolutely fantastic great display informative staff clean
80,Tourist attraction,History museum,Local history museum,Museum,Tourist attraction,True,en,Edited 3 months ago,2025-05-29T11:13:51.847Z,No,Weekend,No wait,328,1072,4,Northern Territory,"Very interesting, but very small, not a great deal there, but worth a look",RFDS Darwin Tourist Facility,None,2022-08-31T00:03:34.000Z,"Thanks for sharing your experience and your feedback is valuable to us. We are disappointed that you didn't think we had a lot to offer. We believe that the technology used to tell our stories such as the virtual reality of the Bombing of Darwin Harbour and the RFDS plus the two holograms in our cinema sessions, four interactive ghost hosts, Bombing platform, an actual RFDS Plane as well as many historical story boards, combine to create an interactive and informative way to bring history back to life.
Kind Regards
The RFDS Team",None,None,None,None,None,Positive,2025,14,selective sample od darwin history
82,Tourist attraction,History museum,Local history museum,Museum,Tourist attraction,True,en,7 years ago,2018-06-26T10:34:07.812Z,No,Weekday,No wait,145,1072,5,Northern Territory,"Great attraction with the VR experience of the bombing of Darwin combined with the Royal Flying Doctor hologram outlining the formation of the Royal Flying Doctor Service makes for a great experience, Plenty of Interactive exhibitions very reasonably priced admission would recommend for young and old",RFDS Darwin Tourist Facility,None,2018-06-27T06:43:59.000Z,"Wow! What a wonderful review, our team is very happy to hear that you enjoyed the heroic tales of the birth and growth of the RFDS and relived the drama of the Bombing of Darwin Harbour, we agree that the interactive technology is designed to brings history to life and engage with our guests of all ages.

Kind Regards
Sam",None,None,None,None,None,Positive,2018,46,excellent great learn much well presented informative thank opportunity free enter highly recommend youre darwin
83,Tourist attraction,History museum,Local history museum,Museum,Tourist attraction,True,en,2 years ago,2023-07-04T11:05:43.179Z,Yes,Weekend,No wait,16,1072,5,Northern Territory,"Great experience covering not only the history of the RFDS, but also the history of the bombing of Darwin in World War II.
The staff were great - really friendly, happy to help and actively trying to show people around the facility. Full of knowledge, definitely a great testament to the attitude and goals of the RFDS!
The facility was amazing, the now decommissioned PC-12 set up at the back for people to walk through and get an understanding of the space and setup. The info movies in the mini cinema are a must for everyone - so many facts and great stories!
The VR experience is also a must do! Experiencing a flight from the front of a PC12 with an obviously very knowledgeable and caring pilot doing the narration.
If you’re in Darwin, take an hour of your day at least to visit this incredible attraction!",RFDS Darwin Tourist Facility,None,2023-07-05T23:46:45.000Z,"Thanks James for the great 5 star review, we are pleased that you enjoyed your time exploring our facility, the staff are very proud to be RFDS team members.
Kind regards
The RFDS team.",None,None,None,None,None,Positive,2023,144,oh never ever seen like museum incredible also staff member great service visitor talked one younger woman kind pretty professional communication thank make feeling warm
84,Tourist attraction,History museum,Local history museum,Museum,Tourist attraction,True,en,Edited 4 years ago,2021-09-04T07:44:57.810Z,No,Weekday,No wait,141,1072,5,Northern Territory,"Excellent everyone should go, very educational, toilets on site, air conditioning, seats if you need a rest, on site shop with good quality gifts, staff are very helpful,wheel chair friendly,recommend this business.",RFDS Darwin Tourist Facility,None,2021-08-26T23:46:53.000Z,"Amazing feedback, thank you. Our team is delighted to hear you rate the experience and customer service so highly.",None,None,None,None,None,Positive,2021,32,great museum clean cool display free entry provide locker 2 refundable coin required valuable backpack allowed inside amazing section cyclone tracy also see huge crocodile captured darwin
85,Tourist attraction,History museum,Local history museum,Museum,Tourist attraction,True,en,6 years ago,2018-11-12T06:17:57.574Z,No,Weekday,No wait,44,1072,5,Northern Territory,What a moving educational experience. Learnt much about both the Flying Doctors and bombing of Darwin. The virtual tour of the day of the bombing was a sureal experience not to be missed.,RFDS Darwin Tourist Facility,None,2018-11-28T08:02:58.000Z,"Thank you for visiting the RFDS Darwin Tourist Facility and for sharing your experience, we agree the Virtual Reality experience is immersive and designed to bring history to life.",None,None,None,None,None,Positive,2018,33,really enjoyed effort went creating installation really great
86,Tourist attraction,History museum,Local history museum,Museum,Tourist attraction,False,en,4 years ago,2021-04-23T08:10:12.646Z,No,Weekday,No wait,6,1072,5,Northern Territory,"Great all round experience, especially the Bombing of Darwin and RFDS VR. Friendly and helpful staff. Loved getting to go inside a RFDS aeroplane.",RFDS Darwin Tourist Facility,None,2021-05-02T04:28:16.000Z,"Thank you for visiting the RFDS Darwin Tourist Facility, and for your awesome review!
Kind Regards
Sam",None,None,None,None,None,Positive,2021,24,great round experience especially bombing darwin rfd vr friendly helpful staff loved getting go inside rfd aeroplane
87,Tourist attraction,History museum,Local history museum,Museum,Tourist attraction,True,en,2 years ago,2023-08-11T01:34:56.559Z,Yes,Weekday,No wait,1354,1072,5,Northern Territory,"They have a decommissioned plane you can sit in and a lot of great merchandise; it gives you a great insight into how important and lifesaving this service is! We must have missed the virtual reality part, but I remember the recording going on in the background.
Don't forget they have a WW2 Darwin bombing simulation, too, and a holographic presentation of the captain of the Willy B.
It's definitely well worth visiting. And don't forget it's cheaper to buy your tickets off the Big Red Bus!",RFDS Darwin Tourist Facility,None,2023-08-11T01:49:29.000Z,"Thanks for taking the time to review our facility, we are pleased that you enjoyed your time at our museum and for supporting the RFDS.
Kind regards
The RFDS team.",None,None,None,None,None,Positive,2023,85,decommissioned plane sit lot great merchandise give great insight important lifesaving service must missed virtual reality part remember recording going background dont forget ww2 darwin bombing simulation holographic presentation captain willy b definitely well worth visiting dont forget cheaper buy ticket big red bus
88,Tourist attraction,History museum,Local history museum,Museum,Tourist attraction,False,en,2 years ago,2023-04-28T06:10:19.819Z,No,Weekday,No wait,4,1072,5,Northern Territory,"We had the opportunity to visit the RFDS museum today.
It was a spare of the moment idea and I’m extremely glad we made it!
The staff were amazing! - especially Geoff! There was a mini movie cinema, multiple VR experiences, we had the chance to go into a retired RFDS plane… and even the gift shop was great with even RM Williams merchandise!
Defiantly worth the time and money! Highly recommend!",RFDS Darwin Tourist Facility,None,2023-04-29T00:44:08.000Z,"Thanks for your 5 Star review Brittney, we are pleased that you enjoyed your visit.
Kind Regards
The RFDS Team",None,None,None,None,None,Positive,2023,69,moving display photo wreckage cyclone never forgotten
89,Tourist attraction,History museum,Local history museum,Museum,Tourist attraction,True,en,3 years ago,2022-09-04T04:25:14.169Z,No,Weekday,No wait,136,1072,5,Northern Territory,Great interactive  displays and lots of information and history.,RFDS Darwin Tourist Facility,None,2022-09-05T00:37:12.000Z,"Thank you Kay! We're so pleased that you found your visit informative, interesting and emotional, and were able to spend some time with us to discover the incredible stories of the Bombing of Darwin and the amazing history of the Royal Flying Doctor Service of Australia.
Thank you for visiting the RFDS Darwin Tourist Facility, and for your great review.",None,None,None,None,None,Positive,2022,10,great interactive display lot information history
90,Tourist attraction,History museum,Local history museum,Museum,Tourist attraction,True,en,3 years ago,2022-06-10T06:46:30.117Z,Not sure,Weekday,No wait,181,1072,5,Northern Territory,"Was a great experience
A must go to
Great to learn history about bombing of Darwin and history on RFDS
Not just pictures here",RFDS Darwin Tourist Facility,None,2022-06-11T00:04:45.000Z,"Thank you Bronwyn for your review! We agree that its an interactive and fun way to learn about the history of both the RFDS and the Bombing of Darwin.

Kind Regards,
RFDS Team",None,None,None,None,None,Positive,2022,21,great experience must go great learn history bombing darwin history rfd picture
91,Tourist attraction,History museum,Local history museum,Museum,Tourist attraction,True,en,4 years ago,2021-01-14T07:51:36.870Z,No,Weekday,No wait,175,1072,5,Northern Territory,Brilliant interactive display of the bombing of Darwin and  The Royal Flying Doctor service. It's two Museums in one and a must visit when In Darwin,RFDS Darwin Tourist Facility,None,2021-01-31T01:19:49.000Z,"Thank you for your great review. Our team is very happy to hear that you enjoyed the heroic tales of the birth and growth of the RFDS and relived the drama of the Bombing of Darwin Harbour through the wonder of technology and the static displays.
Your feedback is very valuable to us, our team prides themselves on being professional and friendly and we hope to see you again at the RFDS Darwin Tourist Facility.
Kind Regards,
Sam",None,None,None,None,None,Positive,2021,27,love museum especially iconic crocodile called sweetheart well presented information darwin northern territory history landscape native animal
92,Tourist attraction,History museum,Local history museum,Museum,Tourist attraction,True,en,2 years ago,2023-08-26T04:19:02.490Z,Not sure,Weekday,1 hr+,19,1072,5,Northern Territory,This museum tells 2 stories. The origin of RFDS and the bombing of Darwin in 1942. The stories are told by short movie in a bespoke cinema and there is an interactive platform where you can experience the air raid.  There is also a virtual reality headset section which wS interesting too.  The staff were friendly and helpful.  Great place to spend an hour or two.,RFDS Darwin Tourist Facility,None,2023-08-28T00:05:23.000Z,"Thanks for the 5 star review, we are pleased that you enjoyed the technology used to tell these two iconic stories.
Kind regards
The RFDS team",None,None,None,None,None,Positive,2023,69,great place visit learnt lot darwin sea creature butterfly etc free entry choose donate gift store sell mango ice cream locally handmade butterfly brooch
93,Tourist attraction,History museum,Local history museum,Museum,Tourist attraction,True,en,4 years ago,2021-08-27T09:51:48.509Z,No,Weekday,No wait,31,1072,5,Northern Territory,Fantastic VR presentation about the Darwin bombing of 1942. Good display and history of the RFDS. Fantastic staff.,RFDS Darwin Tourist Facility,None,2021-09-07T02:17:18.000Z,Thank you for your great review! Our staff are thrilled that you enjoyed your visit and we agree that the Virtual Reality is an amazing viewing perspective of the event.,None,None,None,None,None,Positive,2021,18,spent couple hour wandering museum gallery good mix art nt history exhibition good little cafe sit lunch cold drink overlooking ocean incorporate walk botanical garden museum well worth
94,Tourist attraction,History museum,Local history museum,Museum,Tourist attraction,True,en,3 years ago,2022-09-14T23:48:23.226Z,Yes,Weekday,No wait,83,1072,5,Northern Territory,"Excellent use of Virtual Reality to bring to life and explain the Darwin Bombing, and to experience an RFDS airlift. Great to be able to climb aboard one of their Pilatus planes, watch some historic film footage and interact with other displays. Very friendly and helpful staff, and a reasonable gift shop. Very entertaining and informative presentation.",RFDS Darwin Tourist Facility,None,2022-09-18T04:22:00.000Z,"Thank you so much for this lovely review. Our team is very happy to hear that you enjoyed the heroic tales of the birth and growth of the Royal Flying Doctor Service of Australia and relived the drama of the Bombing of Darwin Harbour. The interactive technology really brings history to life, doesn't it!

Kind Regards
RFDS Team",None,None,None,None,None,Positive,2022,57,excellent use virtual reality bring life explain darwin bombing experience rfd airlift great able climb aboard one pilatus plane watch historic film footage interact display friendly helpful staff reasonable gift shop entertaining informative presentation
95,Tourist attraction,History museum,Local history museum,Museum,Tourist attraction,True,en,a year ago,2024-07-24T05:01:18.405Z,Yes,Weekday,No wait,19,1072,5,Northern Territory,"Really fantastic facility, lots of interactive exhibits. Good information about both the RFDS and the bombing of Darwin. Friendly staff and a nice excuse to walk down to the waterfront!",RFDS Darwin Tourist Facility,None,2024-07-25T00:19:21.000Z,"Hi Ben,
Thanks for visiting the facility and leaving your 5-star review! We are glad you enjoyed the interactive technologies and chatting with the RFDS staff. 
Kind regards,
RFDS Darwin",None,None,None,None,None,Positive,2024,30,free entry museum fairly well laid map little confusing building doesnt flow well need double back get area 80 exhibit havent change last 15years new area added area changeover visited gift shop overpriced 14 stubby cooler seems overwhelmed theme much territory would purchased replica butterfly keyring dont pas outdoor monsoon area turtle swim around glass door left main entrance plenty parking overflow across road cold water bubble situated throughout building wheelchair use assist someone around museum
96,Tourist attraction,History museum,Local history museum,Museum,Tourist attraction,True,en,2 years ago,2023-08-14T23:06:08.931Z,No,Weekday,No wait,361,1072,5,Northern Territory,"This clean, modern, well laid out small museum has hidden gems. For adults and children. It uses holograms, virtual reality goggles and short interactive films and imagery to take you back in time. We learnt about the bombing of Darwin AND the achievements of the Royal Flying Doctors Service. Now I know why the founder John Flynn is on your $20 notes! A very calming place, all ground level, easy access for prams and wheelchairs, exciting and interesting for all ages. And enjoy the stroll on the Darwin harbour pier after it. You can have a drink at the bar, a meal and even fish and chips. Excellent. We used the Hop on hop off bus. So easy to get around. All ages down there and felt very safe and relaxed. A very pretty spot.",RFDS Darwin Tourist Facility,None,2023-08-15T23:45:54.000Z,"Thanks for the 5 star review, great that you enjoyed your time here and took advantage of the wharf facilities, the hop on hop off is a great way to get around Darwin.
Kind regards
The RFDS team.",None,None,None,None,None,Positive,2023,135,clean modern well laid small museum hidden gem adult child us hologram virtual reality goggles short interactive film imagery take back time learnt bombing darwin achievement royal flying doctor service know founder john flynn 20 note calming place ground level easy access pram wheelchair exciting interesting age enjoy stroll darwin harbour pier drink bar meal even fish chip excellent used hop hop bus easy get around age felt safe relaxed pretty spot
97,Tourist attraction,History museum,Local history museum,Museum,Tourist attraction,True,en,2 years ago,2023-07-02T11:04:32.278Z,No,Weekend,No wait,262,1072,5,Northern Territory,"Awesome setup with a pretty cool VR experience, plenty of merch if you wish to buy some. With some history of the darwin bombings, and how the RFDS works along with some its history.

Special thanks to the reception staff for taking time to introduce us to the facility and giving us a brief tour..",RFDS Darwin Tourist Facility,None,2023-07-05T23:48:02.000Z,"Thanks Troy for taking the time to review our facility and for giving us a 5 star review. 
Kind regards
The RFDS team.",None,None,None,None,None,Positive,2023,54,awesome setup pretty cool vr experience plenty merch wish buy history darwin bombing rfd work along history special thanks reception staff taking time introduce u facility giving u brief tour
98,Tourist attraction,History museum,Local history museum,Museum,Tourist attraction,True,en,a year ago,2024-06-24T23:29:36.529Z,No,Weekend,Up to 10 min,15,1072,1,Northern Territory,"More about the bombing of Darwin than the Amazing work of the RFDS. Absolutely a disappointment.

Entry fees to just access a gift shop.

Doesn't even try to show the scale of the area that the various RFDS bases actually cover, nor does it show the importance of the service to remote and regional Australians.

Waste of time.
There's more to Darwin than the bombing.",RFDS Darwin Tourist Facility,None,2024-07-19T01:11:39.000Z,"Hi Jack, 
We are disappointed to read this review.
We aim to share equal information of both important Australian stories. There are two virtual experience for the RFDS and one experience for the Bombing of Darwin. Within our theatre, there are two 17 min movie sessions. The RFDS story is portrayed from Rev John Flynn's perspective, from where we started, our present services and our plans for the future. 
The RFDS is here to support healthier and happier Australians, no matter where they live, work or play.
Many thanks,
RFDS Darwin",None,None,None,None,None,Positive,2024,61,must free activity darwin informative unexpected great exhibit different animal cyclone tracy lovely art work come walking darwin coastal track also must jonique life follow journey around australia facebook instagram tik tok youtube highlight wonderful experience magical place add ever growing bucket list
99,Tourist attraction,History museum,Local history museum,Museum,Tourist attraction,True,en,a year ago,2024-09-05T09:34:08.876Z,No,Weekday,No wait,119,1072,5,Northern Territory,An informative and delightful space. Holographic movies covering the bombing of Darwin and the history of the RFDS was inspirational. A great place to visit 😀,RFDS Darwin Tourist Facility,None,2024-09-06T03:17:49.000Z,"Hi Carol 
Thank you so much for your five-star review! We are very proud of our educational technology. 
Kind regards 
The RFDS team ",None,None,None,None,None,Positive,2024,26,recommended look enjoyable early history darwin cyclone tracey boat refugee display much make 500 quick card donation add way enjoyed like thank im tourist
1,Tourist attraction,History museum,Local history museum,Museum,Tourist attraction,True,en,2 weeks ago,2025-09-01T10:55:35.152Z,No,Weekday,No wait,23,1072,3,Northern Territory,We were slightly disappointed with the experience today. Having been before we were disappointed with the changes to the virtual experience. We'd expected to get the same feel but it wasn't so. Very well done but we feel it was a lot better before. What genius thought that up?,RFDS Darwin Tourist Facility,None,2025-09-08T03:52:45.000Z,"Hi Cherry,
Thank you for sharing your feedback with us. I’m sorry to hear that you were left a little disappointed after your visit, especially since you’ve been before and enjoyed the earlier version of the virtual experience. We do make changes from time to time to keep the content fresh and to highlight new stories, but we completely understand that this can feel different for returning visitors who loved the previous format.
I’ll be sure to pass your comments along to our team, as feedback like yours helps us review and improve. We’re really glad to hear you still found it well presented, and we hope you’ll come back again to see what else we’re working on in the future.
Thanks again for taking the time to let us know your thoughts.

- Emmalee Tranebo, Tourist Facility Manager ",None,None,None,None,None,Negative,2025,49,definately recommend visiting museum art gallery nt lot see entomology display cyclone tracey exhibit amazing aboriginal torres strait islander art would definately set aside time expect look everything display lucky enough visit telstra natsia display artwork varied captivating difficult select favourite vote
2,Tourist attraction,History museum,Local history museum,Museum,Tourist attraction,False,en,2 weeks ago,2025-09-01T02:34:42.786Z,No,Weekday,No wait,8,1072,5,Northern Territory,Very informative.  Greeted by Gee Gee who was an absolute delight and guided us to what was on show.  Highly recommend.  A must see.,RFDS Darwin Tourist Facility,None,2025-09-02T02:23:10.000Z,"Margaret we are so grateful for your 5 Star review . 
It is fantastic to know that Gee Gee made such a positive impression.
Thank you for taking the time to share - we would love to see you again.",None,None,None,None,None,Positive,2025,27,great much see wish wed allowed time visit get round see everything cyclone tracy display vivid interesting lot footage interview time collection marine animal bird insect well displayed beautiful look contemporary aboriginal art exhibition stunning
3,Tourist attraction,History museum,Local history museum,Museum,Tourist attraction,True,en,3 weeks ago,2025-08-27T12:38:02.549Z,No,Weekend,No wait,19,1072,5,Northern Territory,"This is a great destination with war history and information about the Royal Flying Doctors.
The hologram films were very good.
You have to watch the re-enactment film on the big screen on entering!",RFDS Darwin Tourist Facility,None,2025-09-02T02:04:16.000Z,"Thank you so much for your wonderful review. We're thrilled to hear that you enjoyed our hologram movies and our window of 1942.
It means a lot to our team to know we made your visit memorable.
We look forward to welcoming you back again soon.
Kind Regards 
Trish CSA",None,None,None,None,None,Positive,2025,32,museum exceeded expectation especially free interesting lovely staff also great cafe wonderful gift shop youre looking special aboriginal momento well worth visiting
4,Tourist attraction,History museum,Local history museum,Museum,Tourist attraction,False,en,3 weeks ago,2025-08-24T23:55:40.874Z,No,Weekend,No wait,7,1072,5,Northern Territory,What a great experience at RFDS museum!! Very entertaining and informative. Friendly and helpful staff. Highly recommended!!!,RFDS Darwin Tourist Facility,None,2025-08-26T23:53:05.000Z,thank you for your kind words about the RFDS tourist facility Darwin we are so glad you enjoyed your time here we hope to see you again soon,None,None,None,None,None,Positive,2025,17,amazing museum many exhibit see learn something everyone including art animal sea land air local darwin history maritime history much oh also free
8,Tourist attraction,History museum,Local history museum,Museum,Tourist attraction,True,en,a month ago,2025-08-17T01:16:22.319Z,No,Weekday,No wait,102,1072,5,Northern Territory,Awesome,RFDS Darwin Tourist Facility,None,2025-08-24T23:54:59.000Z,"Glad to see your experience rated so highly! 
Thank you from all of us at RFDS Darwin.",None,None,None,None,None,Positive,2025,1,excellent showcasing nt history culture free entry transformation prehistory cyclone tracy unruly day rebellion chinese immigrant contribution contemporary aboriginal artwork mesmerising life size sweetheart croc little known maritime history nt darwin huge warehouse style special exhibition area area backdrop darwin harbour absolutely wow immersive engaging small gift shop bundilla saltwater restaurant pretty good well done curator captured essence nt perfectly overwhelming adequate though course time 15 hour short
0,Museum,Art gallery,Art museum,Cultural landmark,Museum,True,en,6 hours ago,2025-09-21T08:01:08.823Z,None,None,None,242,3661,5,Northern Territory,"Admission is free, and donations are much appreciated. I loved learning more about the Tiwi culture. The facilities are beautiful and the staff is friendly.",Museum and Art Gallery of the Northern Territory,History museum,None,None,Local history museum,Maritime museum,Natural history museum,Science museum,Tourist attraction,Positive,2025,25,great place spend couple hour interesting exhibition lot history culture friendly staff downside bicycle parking shaded wanting return melted saddle park accross road ski club
1,Museum,Art gallery,Art museum,Cultural landmark,Museum,True,en,8 hours ago,2025-09-21T05:11:42.431Z,No,Weekday,No wait,40,3661,5,Northern Territory,Check it out when in Darwin!,Museum and Art Gallery of the Northern Territory,History museum,None,None,Local history museum,Maritime museum,Natural history museum,Science museum,Tourist attraction,Neutral,2025,6,definately recommend visiting museum art gallery nt lot see entomology display cyclone tracey exhibit amazing aboriginal torres strait islander art would definately set aside time expect look everything display lucky enough visit telstra natsia display artwork varied captivating difficult select favourite vote
2,Museum,Art gallery,Art museum,Cultural landmark,Museum,False,en,2 days ago,2025-09-19T09:06:28.975Z,None,Weekday,None,0,3661,5,Northern Territory,"This Museum exceeded our expectations, especially as it’s free. Very interesting, lovely staff, also great cafe and a wonderful gift shop if you’re looking for a special aboriginal momento. Well worth visiting.",Museum and Art Gallery of the Northern Territory,History museum,None,None,Local history museum,Maritime museum,Natural history museum,Science museum,Tourist attraction,Positive,2025,32,great much see wish wed allowed time visit get round see everything cyclone tracy display vivid interesting lot footage interview time collection marine animal bird insect well displayed beautiful look contemporary aboriginal art exhibition stunning
9,Museum,Art gallery,Art museum,Cultural landmark,Museum,True,en,5 days ago,2025-09-16T01:46:19.604Z,No,Weekday,No wait,264,3661,5,Northern Territory,"Absolutely by far the best wildlife displays. And a varied show of culture, art and historical things.
Cyclone exhibition is a must.
And the best things is, this is absolutely free.",Museum and Art Gallery of the Northern Territory,History museum,None,None,Local history museum,Maritime museum,Natural history museum,Science museum,Tourist attraction,Positive,2025,29,museum art gallery northern territory mustvisit destination darwin offer fascinating exhibition first nation culture region history marine life even dramatic story cyclone tracy admission free staff exceptionally welcoming knowledgeable making memorable experience visitor age
12,Museum,Art gallery,Art museum,Cultural landmark,Museum,True,en,a week ago,2025-09-13T11:52:04.468Z,None,None,None,12,3661,4,Northern Territory,Great place to spend a couple of hours.  Very Interesting exhibitions.  Lots of history and culture here. Friendly staff. Only downside is that the bicycle parking was not shaded.  Not wanting to return to a melted saddle i had to park it accross the road at the ski club.,Museum and Art Gallery of the Northern Territory,History museum,None,None,Local history museum,Maritime museum,Natural history museum,Science museum,Tourist attraction,Positive,2025,52,absolutely far best wildlife display varied show culture art historical thing cyclone exhibition must best thing absolutely free
14,Museum,Art gallery,Art museum,Cultural landmark,Museum,True,en,a week ago,2025-09-12T08:16:28.868Z,None,None,None,8,3661,5,Northern Territory,งานศิลปะและประวัติศาสตร์เยอะมาก,Museum and Art Gallery of the Northern Territory,History museum,None,None,Local history museum,Maritime museum,Natural history museum,Science museum,Tourist attraction,Neutral,2025,1,add museum darwin itinerary free entry venue close around 4pm daily multiple display including cyclone tracey war film artefact bird insect wander thru self guided tour reception provide venue map information strictly food beverage rule applies inside museum area free water fountain near reception toilet visitor use public bus stop directly front cdc bus line plenty free parking vehicle size stay long like allowed approximately 2 hour visit disability accessibility walking frame wheelchair
30,Museum,Art gallery,Art museum,Cultural landmark,Museum,True,en,2 weeks ago,2025-09-01T10:16:11.938Z,No,Weekend,No wait,16,3661,5,Northern Territory,Amazing. Easy to walk around and the variety of exhibits is perfect. Then coffee at Cafe.,Museum and Art Gallery of the Northern Territory,History museum,None,None,Local history museum,Maritime museum,Natural history museum,Science museum,Tourist attraction,Positive,2025,16,lot eyecatching display nt flora fauna geology culture art cyclone tracey free parking available site
43,Museum,Art gallery,Art museum,Cultural landmark,Museum,True,en,3 weeks ago,2025-08-26T01:31:26.431Z,No,Weekday,No wait,91,3661,5,Northern Territory,"Love it! Amazing museum! You need at least 1hour and half to see everything. The best part, is free !!!!!",Museum and Art Gallery of the Northern Territory,History museum,None,None,Local history museum,Maritime museum,Natural history museum,Science museum,Tourist attraction,Positive,2025,20,love amazing museum need least 1hour half see everything best part free
44,Museum,Art gallery,Art museum,Cultural landmark,Museum,True,en,3 weeks ago,2025-08-25T06:48:07.282Z,None,Weekday,No wait,13,3661,5,Northern Territory,"What an amazing museum! So many exhibits to see and learn about. They have something for everyone including art, animals (sea, land, and air), local Darwin history, maritime history, and much more. Oh and it's also FREE?!?",Museum and Art Gallery of the Northern Territory,History museum,None,None,Local history museum,Maritime museum,Natural history museum,Science museum,Tourist attraction,Positive,2025,37,must see darwin cyclone tracey exhibit must
49,Museum,Art gallery,Art museum,Cultural landmark,Museum,True,en,4 weeks ago,2025-08-23T03:22:26.533Z,None,None,None,97,3661,5,Northern Territory,"Loved Indigenous art galleries, other galleries interesting along with small maritine",Museum and Art Gallery of the Northern Territory,History museum,None,None,Local history museum,Maritime museum,Natural history museum,Science museum,Tourist attraction,Positive,2025,11,expectation glad decided visit easily spent couple hour could spent longer loved modern art cyclone tracey display boat fantastic available free charge definitely visit next darwin
59,Museum,Art gallery,Art museum,Cultural landmark,Museum,True,en,a month ago,2025-08-20T03:46:02.525Z,No,Weekday,No wait,259,3661,5,Northern Territory,A very compact but intensely interesting museum and art gallery. I particularly enjoyed the Cyclone Tracy exhibit and the extensive collection of Aboriginal art,Museum and Art Gallery of the Northern Territory,History museum,None,None,Local history museum,Maritime museum,Natural history museum,Science museum,Tourist attraction,Positive,2025,24,compact intensely interesting museum art gallery particularly enjoyed cyclone tracy exhibit extensive collection aboriginal art
64,Museum,Art gallery,Art museum,Cultural landmark,Museum,True,en,a month ago,2025-08-17T07:05:34.884Z,No,Weekend,No wait,137,3661,5,Northern Territory,"Wonderful exhibitions, the ones on Megafauna and Cyclone Tracy were particularly good.",Museum and Art Gallery of the Northern Territory,History museum,None,None,Local history museum,Maritime museum,Natural history museum,Science museum,Tourist attraction,Positive,2025,12,wonderful exhibition one megafauna cyclone tracy particularly good
65,Museum,Art gallery,Art museum,Cultural landmark,Museum,True,en,a month ago,2025-08-17T05:59:28.863Z,None,Weekday,None,61,3661,5,Northern Territory,"A museum that finally showcases Aboriginal art. For those who love history, you can relive the terrible hurricane that almost completely destroyed the city with neighborhood maps showing the ruin from that event and how the entire city was rebuilt from the rubble",Museum and Art Gallery of the Northern Territory,History museum,None,None,Local history museum,Maritime museum,Natural history museum,Science museum,Tourist attraction,Negative,2025,43,beautiful museum fresh vibrant full relative history area state also free definite must staff also helpful approachable
69,Museum,Art gallery,Art museum,Cultural landmark,Museum,True,en,a month ago,2025-08-16T07:51:13.044Z,No,Weekday,No wait,25,3661,5,Northern Territory,"Very nice and interesting display of cultural art and fauna found in NT.
Recommend spending half a day here. Allocated 2 hours initially, but I had to return the next day for extra 3 hours.",Museum and Art Gallery of the Northern Territory,History museum,None,None,Local history museum,Maritime museum,Natural history museum,Science museum,Tourist attraction,Positive,2025,34,nice interesting display cultural art fauna found nt recommend spending half day allocated 2 hour initially return next day extra 3 hour
0,Museum,Art gallery,Art museum,Cultural landmark,Museum,True,en,2 weeks ago,2025-09-13T11:52:04.468Z,None,None,None,12,3672,4,Northern Territory,Great place to spend a couple of hours.  Very Interesting exhibitions.  Lots of history and culture here. Friendly staff. Only downside is that the bicycle parking was not shaded.  Not wanting to return to a melted saddle i had to park it accross the road at the ski club.,Museum and Art Gallery of the Northern Territory,History museum,None,None,Local history museum,Maritime museum,Natural history museum,Science museum,Tourist attraction,Positive,2025,52,great place spend couple hour interesting exhibition lot history culture friendly staff downside bicycle parking shaded wanting return melted saddle park accross road ski club
1,Museum,Art gallery,Art museum,Cultural landmark,Museum,True,en,a month ago,2025-08-06T12:51:33.797Z,None,Weekday,No wait,77,3672,5,Northern Territory,"Definately recommend visiting the Museum and Art Gallery of the NT. There is a lot to see here from the entomology displays, cyclone Tracey exhibit and the amazing Aboriginal and Torres Strait Islander art. I would definately set aside more time than you expect to look at everything on display. We were lucky enough to visit during the Telstra NATSIA display. The artwork was so varied and captivating it was difficult to select a favourite to vote for.",Museum and Art Gallery of the Northern Territory,History museum,None,None,Local history museum,Maritime museum,Natural history museum,Science museum,Tourist attraction,Positive,2025,78,definately recommend visiting museum art gallery nt lot see entomology display cyclone tracey exhibit amazing aboriginal torres strait islander art would definately set aside time expect look everything display lucky enough visit telstra natsia display artwork varied captivating difficult select favourite vote
2,Museum,Art gallery,Art museum,Cultural landmark,Museum,True,en,2 months ago,2025-06-30T10:56:53.648Z,No,Weekday,No wait,29,3672,5,Northern Territory,"Great! So much to see, I wish we'd allowed more time for the visit. But we did get round to see everything (just). The Cyclone Tracy display is very vivid and interesting, lots of footage and interviews from the time. The collections of marine animal, birds and insects were very well displayed, beautiful to look at.
The contemporary Aboriginal art exhibition which was stunning.",Museum and Art Gallery of the Northern Territory,History museum,None,None,Local history museum,Maritime museum,Natural history museum,Science museum,Tourist attraction,Positive,2025,63,great much see wish wed allowed time visit get round see everything cyclone tracy display vivid interesting lot footage interview time collection marine animal bird insect well displayed beautiful look contemporary aboriginal art exhibition stunning
3,Museum,Art gallery,Art museum,Cultural landmark,Museum,False,en,a week ago,2025-09-19T09:06:28.975Z,None,Weekday,None,2,3672,5,Northern Territory,"This Museum exceeded our expectations, especially as it’s free. Very interesting, lovely staff, also great cafe and a wonderful gift shop if you’re looking for a special aboriginal momento. Well worth visiting.",Museum and Art Gallery of the Northern Territory,History museum,None,None,Local history museum,Maritime museum,Natural history museum,Science museum,Tourist attraction,Positive,2025,32,museum exceeded expectation especially free interesting lovely staff also great cafe wonderful gift shop youre looking special aboriginal momento well worth visiting
4,Museum,Art gallery,Art museum,Cultural landmark,Museum,True,en,a month ago,2025-08-25T06:48:07.282Z,None,Weekday,No wait,13,3672,5,Northern Territory,"What an amazing museum! So many exhibits to see and learn about. They have something for everyone including art, animals (sea, land, and air), local Darwin history, maritime history, and much more. Oh and it's also FREE?!?",Museum and Art Gallery of the Northern Territory,History museum,None,None,Local history museum,Maritime museum,Natural history museum,Science museum,Tourist attraction,Positive,2025,37,amazing museum many exhibit see learn something everyone including art animal sea land air local darwin history maritime history much oh also free
5,Museum,Art gallery,Art museum,Cultural landmark,Museum,True,en,a month ago,2025-08-05T16:08:59.316Z,None,Weekday,No wait,14,3672,5,Northern Territory,"MAGNT is a small but wonderfully curated museum — and best of all, completely free to enter (though small donations are appreciated). After our 5-day road trip from Alice Springs, it was a no-brainer stop upon arriving in Darwin.

The exhibits were diverse and engaging, featuring a beautiful showcase of local fauna, Indigenous art, and a deeply moving section dedicated to Cyclone Tracy. Visiting on a Wednesday meant few crowds, making the experience calm, easy to navigate, and unhurried — a real plus.

The well air-conditioned rooms offered a refreshing escape from the heat and humidity outside. Overall, MAGNT is a hidden gem that’s well worth a visit, especially given its accessible location and free entry. Highly recommended for anyone exploring Darwin.",Museum and Art Gallery of the Northern Territory,History museum,None,None,Local history museum,Maritime museum,Natural history museum,Science museum,Tourist attraction,Positive,2025,120,magnt small wonderfully curated museum best completely free enter though small donation appreciated 5day road trip alice spring nobrainer stop upon arriving darwin exhibit diverse engaging featuring beautiful showcase local fauna indigenous art deeply moving section dedicated cyclone tracy visiting wednesday meant crowd making experience calm easy navigate unhurried real plus well airconditioned room offered refreshing escape heat humidity outside overall magnt hidden gem thats well worth visit especially given accessible location free entry highly recommended anyone exploring darwin
6,Museum,Art gallery,Art museum,Cultural landmark,Museum,True,en,5 months ago,2025-04-13T02:56:53.898Z,None,None,None,208,3672,5,Northern Territory,"The Museum and Art Gallery of the Northern Territory offers a great mix of natural history, Aboriginal art, and local stories. We especially enjoyed learning about Cyclone Tracy and seeing the iconic Sweetheart crocodile. A must-visit if you’re in Darwin—engaging, educational, and beautifully presented!",Museum and Art Gallery of the Northern Territory,History museum,None,None,Local history museum,Maritime museum,Natural history museum,Science museum,Tourist attraction,Positive,2025,44,museum art gallery northern territory offer great mix natural history aboriginal art local story especially enjoyed learning cyclone tracy seeing iconic sweetheart crocodile mustvisit youre darwinengaging educational beautifully presented
7,Museum,Art gallery,Art museum,Cultural landmark,Museum,True,en,a month ago,2025-08-16T07:51:13.044Z,No,Weekday,No wait,25,3672,5,Northern Territory,"Very nice and interesting display of cultural art and fauna found in NT.
Recommend spending half a day here. Allocated 2 hours initially, but I had to return the next day for extra 3 hours.",Museum and Art Gallery of the Northern Territory,History museum,None,None,Local history museum,Maritime museum,Natural history museum,Science museum,Tourist attraction,Positive,2025,34,nice interesting display cultural art fauna found nt recommend spending half day allocated 2 hour initially return next day extra 3 hour
8,Museum,Art gallery,Art museum,Cultural landmark,Museum,True,en,a month ago,2025-07-31T04:56:50.288Z,No,Weekday,No wait,477,3672,5,Northern Territory,"Excellent showcasing of NT's history & culture. Free entry. Transformations: from pre-history to Cyclone Tracy, Unruly days of rebellion & chinese immigrants' contributions, contemporary Aboriginal artwork that is mesmerising, life size Sweetheart the Croc & above all - the little known Maritime history of NT & Darwin in a huge warehouse style special exhibition area of its own. This area has the backdrop of Darwin Harbour - is absolutely Wow! immersive & engaging. Small gift shop & Bundilla @ Saltwater restaurant is pretty good.

Well done to curator who captured essence of NT perfectly - not overwhelming but adequate. Though of course - our time of 1.5 hours was too short!",Museum and Art Gallery of the Northern Territory,History museum,None,None,Local history museum,Maritime museum,Natural history museum,Science museum,Tourist attraction,Positive,2025,110,excellent showcasing nt history culture free entry transformation prehistory cyclone tracy unruly day rebellion chinese immigrant contribution contemporary aboriginal artwork mesmerising life size sweetheart croc little known maritime history nt darwin huge warehouse style special exhibition area area backdrop darwin harbour absolutely wow immersive engaging small gift shop bundilla saltwater restaurant pretty good well done curator captured essence nt perfectly overwhelming adequate though course time 15 hour short
9,Museum,Art gallery,Art museum,Cultural landmark,Museum,True,en,4 months ago,2025-05-08T03:52:21.530Z,No,Public holiday,No wait,145,3672,5,Northern Territory,"The Museum and Art Gallery of the Northern Territory is a must-visit destination when in Darwin. It offers fascinating exhibitions on First Nations culture, the region’s history, marine life, and even the dramatic story of Cyclone Tracy. Admission is free, and the staff are exceptionally welcoming and knowledgeable, making it a memorable experience for visitors of all ages.",Museum and Art Gallery of the Northern Territory,History museum,None,None,Local history museum,Maritime museum,Natural history museum,Science museum,Tourist attraction,Positive,2025,58,museum art gallery northern territory mustvisit destination darwin offer fascinating exhibition first nation culture region history marine life even dramatic story cyclone tracy admission free staff exceptionally welcoming knowledgeable making memorable experience visitor age
10,Museum,Art gallery,Art museum,Cultural landmark,Museum,True,en,a month ago,2025-08-11T08:35:09.259Z,No,Weekend,No wait,330,3672,5,Northern Territory,Spent a few hours browsing around the exhibits at this museum. It was well laid out and had things to see not normally found in this type of museum. Especially liked the cyclone Tracey exhibit.,Museum and Art Gallery of the Northern Territory,History museum,None,None,Local history museum,Maritime museum,Natural history museum,Science museum,Tourist attraction,Positive,2025,35,spent hour browsing around exhibit museum well laid thing see normally found type museum especially liked cyclone tracey exhibit
11,Museum,Art gallery,Art museum,Cultural landmark,Museum,True,en,3 months ago,2025-06-03T07:05:20.060Z,None,None,None,159,3672,5,Northern Territory,"AMAZING!! WE WERE SO GLAD TO DECIDE TO DO THIS ACTIVITY. A LOT TO SEE AND LEARN. ITS SO BIG AND REALLY INTERESTING. ITS FREE ENTRY. THE PLACE IS AMAZING! THE STAFF WERE FRIENDLY AND VERY HELPFUL. AND AFTER YOU FINISH BROWSING THE PLACE, DO YOURSELVES A FAVOUR, GO TO THE CAFE AND HAVE A BITE THERE, I REALLY HIGHLY RECOMMEND IT😋👍",Museum and Art Gallery of the Northern Territory,History museum,None,None,Local history museum,Maritime museum,Natural history museum,Science museum,Tourist attraction,Positive,2025,62,amazing glad decide activity lot see learn big really interesting free entry place amazing staff friendly helpful finish browsing place favour go cafe bite really highly recommend
12,Museum,Art gallery,Art museum,Cultural landmark,Museum,True,en,a week ago,2025-09-16T01:46:19.604Z,No,Weekday,No wait,265,3672,5,Northern Territory,"Absolutely by far the best wildlife displays. And a varied show of culture, art and historical things.
Cyclone exhibition is a must.
And the best things is, this is absolutely free.",Museum and Art Gallery of the Northern Territory,History museum,None,None,Local history museum,Maritime museum,Natural history museum,Science museum,Tourist attraction,Positive,2025,29,absolutely far best wildlife display varied show culture art historical thing cyclone exhibition must best thing absolutely free
13,Museum,Art gallery,Art museum,Cultural landmark,Museum,True,en,a month ago,2025-08-20T03:46:02.525Z,No,Weekday,No wait,259,3672,5,Northern Territory,A very compact but intensely interesting museum and art gallery. I particularly enjoyed the Cyclone Tracy exhibit and the extensive collection of Aboriginal art,Museum and Art Gallery of the Northern Territory,History museum,None,None,Local history museum,Maritime museum,Natural history museum,Science museum,Tourist attraction,Positive,2025,24,compact intensely interesting museum art gallery particularly enjoyed cyclone tracy exhibit extensive collection aboriginal art
14,Museum,Art gallery,Art museum,Cultural landmark,Museum,True,en,5 months ago,2025-03-31T17:50:43.067Z,No,Weekday,No wait,35,3672,5,Northern Territory,"Add the museum to your Darwin itinerary with free entry the venue closes around 4pm daily. Multiple displays including Cyclone Tracey War and films, artefacts, birds, insects and more.
Wander thru on your self guided tour, reception provide a venue map and information. Strictly no food or beverage rule applies once inside museum area. There is a free water fountain near reception with toilets for visitor use. The public bus stop is directly out the front CDC Bus lines, plenty of free parking for all vehicle sizes.
Stay as long as you like I allowed approximately 2 hours for my visit.
Disability accessibility for walking frames and wheelchairs",Museum and Art Gallery of the Northern Territory,History museum,None,None,Local history museum,Maritime museum,Natural history museum,Science museum,Tourist attraction,Positive,2025,105,add museum darwin itinerary free entry venue close around 4pm daily multiple display including cyclone tracey war film artefact bird insect wander thru self guided tour reception provide venue map information strictly food beverage rule applies inside museum area free water fountain near reception toilet visitor use public bus stop directly front cdc bus line plenty free parking vehicle size stay long like allowed approximately 2 hour visit disability accessibility walking frame wheelchair
16,Museum,Art gallery,Art museum,Cultural landmark,Museum,True,en,a month ago,2025-08-09T22:25:14.444Z,None,None,None,62,3672,4,Northern Territory,"What's not to like about an art center on the coast? Got to watch the sunset during the Aboriginal Art Awards so my experience is a little out of the ordinary. The art on display was mind-boggling...but ""Sweetheart"" is a fixture that is a sight to behold...I can't imagine encountering a crocodile of his size out in nature 😳🫠",Museum and Art Gallery of the Northern Territory,History museum,None,None,Local history museum,Maritime museum,Natural history museum,Science museum,Tourist attraction,Negative,2025,59,whats like art center coast got watch sunset aboriginal art award experience little ordinary art display mindbogglingbut sweetheart fixture sight beholdi cant imagine encountering crocodile size nature
17,Museum,Art gallery,Art museum,Cultural landmark,Museum,True,en,a month ago,2025-08-26T01:31:26.431Z,No,Weekday,No wait,91,3672,5,Northern Territory,"Love it! Amazing museum! You need at least 1hour and half to see everything. The best part, is free !!!!!",Museum and Art Gallery of the Northern Territory,History museum,None,None,Local history museum,Maritime museum,Natural history museum,Science museum,Tourist attraction,Positive,2025,20,love amazing museum need least 1hour half see everything best part free
19,Museum,Art gallery,Art museum,Cultural landmark,Museum,False,en,2 months ago,2025-07-04T03:02:38.066Z,None,None,No wait,5,3672,5,Northern Territory,"Brilliant day out!!! Very surreal experience, especially the Cyclone Tracy exhibit. I spent 2 hrs walking around and enjoyed every minute.",Museum and Art Gallery of the Northern Territory,History museum,None,None,Local history museum,Maritime museum,Natural history museum,Science museum,Tourist attraction,Positive,2025,21,brilliant day surreal experience especially cyclone tracy exhibit spent 2 hr walking around enjoyed every minute
20,Museum,Art gallery,Art museum,Cultural landmark,Museum,True,en,3 months ago,2025-06-08T22:53:48.261Z,No,Weekday,No wait,54,3672,5,Northern Territory,"A great place to spend some time to learn about history, geology and Cyclones Tracey. An incredible exhibition that give witness to the devastation Tracey brought upon Darwin.",Museum and Art Gallery of the Northern Territory,History museum,None,None,Local history museum,Maritime museum,Natural history museum,Science museum,Tourist attraction,Positive,2025,28,great place spend time learn history geology cyclone tracey incredible exhibition give witness devastation tracey brought upon darwin
21,Museum,Art gallery,Art museum,Cultural landmark,Museum,True,en,a month ago,2025-07-28T07:40:23.460Z,No,Weekend,No wait,170,3672,5,Northern Territory,"This certainly worth visiting . The exhibits are top class, easily reached by public transport and also a great place to cool down, gaining knowledge at the same time.",Museum and Art Gallery of the Northern Territory,History museum,None,None,Local history museum,Maritime museum,Natural history museum,Science museum,Tourist attraction,Positive,2025,29,certainly worth visiting exhibit top class easily reached public transport also great place cool gaining knowledge time
22,Museum,Art gallery,Art museum,Cultural landmark,Museum,True,en,5 months ago,2025-03-30T23:51:20.583Z,None,None,None,245,3672,3,Northern Territory,"Small museum with some interesting exhibition, such as the one regarding cyclone Tracy.
Not too fancy but with some interesting pieces, it is worth a visit if you are in town.
Probably you will spend one hour ish inside",Museum and Art Gallery of the Northern Territory,History museum,None,None,Local history museum,Maritime museum,Natural history museum,Science museum,Tourist attraction,Positive,2025,37,small museum interesting exhibition one regarding cyclone tracy fancy interesting piece worth visit town probably spend one hour ish inside
24,Museum,Art gallery,Art museum,Cultural landmark,Museum,True,en,2 months ago,2025-07-05T11:45:09.266Z,No,Weekday,No wait,243,3672,5,Northern Territory,"It's a small museum and art gallery, and can easily be done in an hour. Admission is free. There is also an outdoor section with a café that you can check out.",Museum and Art Gallery of the Northern Territory,History museum,None,None,Local history museum,Maritime museum,Natural history museum,Science museum,Tourist attraction,Positive,2025,32,small museum art gallery easily done hour admission free also outdoor section café check
25,Museum,Art gallery,Art museum,Cultural landmark,Museum,True,en,a month ago,2025-08-17T07:05:34.884Z,No,Weekend,No wait,138,3672,5,Northern Territory,"Wonderful exhibitions, the ones on Megafauna and Cyclone Tracy were particularly good.",Museum and Art Gallery of the Northern Territory,History museum,None,None,Local history museum,Maritime museum,Natural history museum,Science museum,Tourist attraction,Positive,2025,12,wonderful exhibition one megafauna cyclone tracy particularly good
26,Museum,Art gallery,Art museum,Cultural landmark,Museum,True,en,5 months ago,2025-04-25T03:38:19.191Z,Yes,Public holiday,No wait,60,3672,5,Northern Territory,"A Fascinating Day at the Museum
My daughter and I had a wonderful time at the Museum and Art Gallery of the Northern Territory today. From stunning local art to fascinating natural history exhibits, there was so much to explore and learn together. A perfect mix of fun and education for both of us!",Museum and Art Gallery of the Northern Territory,History museum,None,None,Local history museum,Maritime museum,Natural history museum,Science museum,Tourist attraction,Positive,2025,53,fascinating day museum daughter wonderful time museum art gallery northern territory today stunning local art fascinating natural history exhibit much explore learn together perfect mix fun education u
27,Museum,Art gallery,Art museum,Cultural landmark,Museum,True,en,2 months ago,2025-07-22T04:47:41.505Z,None,Weekday,No wait,14,3672,5,Northern Territory,"This museum is so full of information, indigenous, NT history we spent hours there. The cafe was reasonably priced with lovey food and drinks.",Museum and Art Gallery of the Northern Territory,History museum,None,None,Local history museum,Maritime museum,Natural history museum,Science museum,Tourist attraction,Positive,2025,24,museum full information indigenous nt history spent hour cafe reasonably priced lovey food drink
28,Museum,Art gallery,Art museum,Cultural landmark,Museum,True,en,4 months ago,2025-05-22T07:04:34.460Z,None,None,None,80,3672,5,Northern Territory,"A great museum, really well presented - I just wish I allocated so much more time!",Museum and Art Gallery of the Northern Territory,History museum,None,None,Local history museum,Maritime museum,Natural history museum,Science museum,Tourist attraction,Positive,2025,16,great museum really well presented wish allocated much time
29,Museum,Art gallery,Art museum,Cultural landmark,Museum,True,en,a year ago,2024-09-22T07:18:16.105Z,None,None,None,241,3672,5,Northern Territory,"Wonderful museum to visit, which has a lot to tell about Darwin's history, from colonial to cyclone Tracy, and the rebuilt that came after. Many interactive exhibitions that made our visit felt very engaging. Would highly recommend.",Museum and Art Gallery of the Northern Territory,History museum,None,None,Local history museum,Maritime museum,Natural history museum,Science museum,Tourist attraction,Positive,2024,37,wonderful museum visit lot tell darwin history colonial cyclone tracy rebuilt came many interactive exhibition made visit felt engaging would highly recommend
30,Museum,Art gallery,Art museum,Cultural landmark,Museum,True,en,6 months ago,2025-03-22T03:53:57.325Z,None,None,None,467,3672,5,Northern Territory,"Lots of eye-catching displays of NT flora, fauna, geology, culture , art, and Cyclone Tracey. It's free and parking available on site.",Museum and Art Gallery of the Northern Territory,History museum,None,None,Local history museum,Maritime museum,Natural history museum,Science museum,Tourist attraction,Positive,2025,22,lot eyecatching display nt flora fauna geology culture art cyclone tracey free parking available site
31,Museum,Art gallery,Art museum,Cultural landmark,Museum,True,en,2 months ago,2025-07-25T09:18:42.654Z,None,None,None,1457,3672,5,Northern Territory,Free and plenty to see to spend a few hours at. Good for the whole family.,Museum and Art Gallery of the Northern Territory,History museum,None,None,Local history museum,Maritime museum,Natural history museum,Science museum,Tourist attraction,Positive,2025,16,free plenty see spend hour good whole family
32,Museum,Art gallery,Art museum,Cultural landmark,Museum,True,en,9 months ago,2024-12-11T09:44:30.563Z,None,None,None,272,3672,5,Northern Territory,"It's cute. You need to take the museum in context.  It does an excellent job of telling the local story of Darwin, its history, people (in many ways the lack their of) and boats. I will say I appreciated the Aboriginal art here more than I have in other larger Australian museums. This isn't the Lourve. It doesn't claim to be. Excellent local flavor. Make the stop.",Museum and Art Gallery of the Northern Territory,History museum,None,None,Local history museum,Maritime museum,Natural history museum,Science museum,Tourist attraction,Positive,2024,68,cute need take museum context excellent job telling local story darwin history people many way lack boat say appreciated aboriginal art larger australian museum isnt lourve doesnt claim excellent local flavor make stop
33,Museum,Art gallery,Art museum,Cultural landmark,Museum,True,en,4 months ago,2025-05-16T10:54:06.000Z,None,None,None,19,3672,5,Northern Territory,"Really fantastic and wish we could have spent longer here, think it should be on everyone’s list who visits this area!",Museum and Art Gallery of the Northern Territory,History museum,None,None,Local history museum,Maritime museum,Natural history museum,Science museum,Tourist attraction,Positive,2025,21,really fantastic wish could spent longer think everyones list visit area
34,Museum,Art gallery,Art museum,Cultural landmark,Museum,True,en,a month ago,2025-08-23T03:22:26.533Z,None,None,None,97,3672,5,Northern Territory,"Loved Indigenous art galleries, other galleries interesting along with small maritine",Museum and Art Gallery of the Northern Territory,History museum,None,None,Local history museum,Maritime museum,Natural history museum,Science museum,Tourist attraction,Positive,2025,11,loved indigenous art gallery gallery interesting along small maritine
35,Museum,Art gallery,Art museum,Cultural landmark,Museum,True,en,a year ago,2024-07-06T07:48:39.269Z,None,None,None,204,3672,5,Northern Territory,"I loved how organized this gallery and museum is, and everything is clearly marked and labeled, which provides an opportunity to learn more about each item. It is free to enter, but they do have a donation box and I highly recommend contributing to their efforts to maintain this fantastic instructional and informative gallery. I enjoyed learning about the Northern Territory and its history. The Cyclone exhibit was very informative. Loved the on-site gift shop! You cannot take a backpack inside, but they do offer a secure space for bags.",Museum and Art Gallery of the Northern Territory,History museum,None,None,Local history museum,Maritime museum,Natural history museum,Science museum,Tourist attraction,Positive,2024,90,loved organized gallery museum everything clearly marked labeled provides opportunity learn item free enter donation box highly recommend contributing effort maintain fantastic instructional informative gallery enjoyed learning northern territory history cyclone exhibit informative loved onsite gift shop take backpack inside offer secure space bag
36,Museum,Art gallery,Art museum,Cultural landmark,Museum,True,en,10 months ago,2024-11-02T22:19:19.395Z,Not sure,Weekday,No wait,45,3672,5,Northern Territory,"The NT Museum and Art Gallery was a great collection of interesting exhibits and eye popping art. It’s not huge, it took just over an hour to get around. Well worth the effort and entry is free!",Museum and Art Gallery of the Northern Territory,History museum,None,None,Local history museum,Maritime museum,Natural history museum,Science museum,Tourist attraction,Positive,2024,37,nt museum art gallery great collection interesting exhibit eye popping art huge took hour get around well worth effort entry free
37,Museum,Art gallery,Art museum,Cultural landmark,Museum,True,en,a year ago,2024-07-28T07:02:45.346Z,No,Weekend,No wait,360,3672,5,Northern Territory,"An outstanding experience and very informative displays. Gives a huge insight into Territorian life and culture. The display on Cyclone Tracey was superb and sobering.
Definitely recommend on any visit to Darwin. Free entry and free parking.
Also, the cafe is in a tranquil setting by the sea with water views.",Museum and Art Gallery of the Northern Territory,History museum,None,None,Local history museum,Maritime museum,Natural history museum,Science museum,Tourist attraction,Positive,2024,49,outstanding experience informative display give huge insight territorian life culture display cyclone tracey superb sobering definitely recommend visit darwin free entry free parking also cafe tranquil setting sea water view
39,Museum,Art gallery,Art museum,Cultural landmark,Museum,True,en,10 months ago,2024-11-15T23:42:04.250Z,None,None,None,145,3672,3,Northern Territory,"Modern, neat and tidy but a relatively small museum. Unfortunately the cyclone Tracey exhibit was closed due to renovations for the upcoming 50'th anniversary. As hard as I tried, I wasn't able to appreciate the art exhibits. The natural exhibit was good and there was an undercover but outdoor, small marine exhibit but given the temperature and humidity on the day, was unbearable to walk around. The museum entry was free, staff were very helpful and friendly and overall it was worth the visit.",Museum and Art Gallery of the Northern Territory,History museum,None,None,Local history museum,Maritime museum,Natural history museum,Science museum,Tourist attraction,Positive,2024,84,modern neat tidy relatively small museum unfortunately cyclone tracey exhibit closed due renovation upcoming 50th anniversary hard tried wasnt able appreciate art exhibit natural exhibit good undercover outdoor small marine exhibit given temperature humidity day unbearable walk around museum entry free staff helpful friendly overall worth visit
40,Museum,Art gallery,Art museum,Cultural landmark,Museum,True,en,a year ago,2024-09-10T07:39:16.224Z,None,None,None,28,3672,5,Northern Territory,"This museum is free to enter and is packed with wonderful exhibits.  There is information about geographical locations, history, culture and aboriginal art. Luv’ed it all. Well worth the visit as is all of Darwin city.",Museum and Art Gallery of the Northern Territory,History museum,None,None,Local history museum,Maritime museum,Natural history museum,Science museum,Tourist attraction,Positive,2024,37,museum free enter packed wonderful exhibit information geographical location history culture aboriginal art luved well worth visit darwin city
41,Museum,Art gallery,Art museum,Cultural landmark,Museum,True,en,a year ago,2024-01-12T23:25:22.336Z,No,Weekday,No wait,128,3672,5,Northern Territory,"This was a brilliant museum for both adults and children. It had free entry, with donations suggested but not pushed.
It was very informative and had some brilliant displays. There were some really lovely indigenous artwork, a cyclone Tracy display, displays on the wet vs dry season in the NT and displays on local wildlife.
On the day that we went, there was a treasure hunt for kids to find all of the Lego mini figures in the exhibits. This was an ingenious idea and was fun for adults and kids alike.",Museum and Art Gallery of the Northern Territory,History museum,None,None,Local history museum,Maritime museum,Natural history museum,Science museum,Tourist attraction,Positive,2024,90,brilliant museum adult child free entry donation suggested pushed informative brilliant display really lovely indigenous artwork cyclone tracy display display wet v dry season nt display local wildlife day went treasure hunt kid find lego mini figure exhibit ingenious idea fun adult kid alike
44,Museum,Art gallery,Art museum,Cultural landmark,Museum,True,en,4 days ago,2025-09-23T08:30:44.848Z,None,None,None,388,3672,4,Northern Territory,A must see if in Darwin the Cyclone Tracey exhibit is a must,Museum and Art Gallery of the Northern Territory,History museum,None,None,Local history museum,Maritime museum,Natural history museum,Science museum,Tourist attraction,Neutral,2025,13,must see darwin cyclone tracey exhibit must
46,Museum,Art gallery,Art museum,Cultural landmark,Museum,True,en,a year ago,2024-05-27T02:43:22.766Z,No,Weekday,No wait,324,3672,4,Northern Territory,"Good place to visit if you want to learn about Cyclone Tracy.  Fantastic displays of animals, sealife and other great displays.  Art gallery was great too.  Highly recommend a visit and free entry too.  Gift shop and on site cafe.",Museum and Art Gallery of the Northern Territory,History museum,None,None,Local history museum,Maritime museum,Natural history museum,Science museum,Tourist attraction,Positive,2024,44,good place visit want learn cyclone tracy fantastic display animal sealife great display art gallery great highly recommend visit free entry gift shop site cafe
47,Museum,Art gallery,Art museum,Cultural landmark,Museum,True,en,2 years ago,2023-06-22T03:35:19.649Z,No,Weekday,No wait,182,3672,5,Northern Territory,Great museum! Well designed and laid out. Lots of taxidermy animals which help show size and colours. Exhibits do well covering the history of Darwin as a city and as part of the Austronesian area. A huge area of full sized boats and sea craft was particularly cool.,Museum and Art Gallery of the Northern Territory,History museum,None,None,Local history museum,Maritime museum,Natural history museum,Science museum,Tourist attraction,Positive,2023,48,great museum well designed laid lot taxidermy animal help show size colour exhibit well covering history darwin city part austronesian area huge area full sized boat sea craft particularly cool
48,Museum,Art gallery,Art museum,Cultural landmark,Museum,True,en,2 years ago,2023-08-21T04:16:17.152Z,None,None,None,279,3672,5,Northern Territory,"Wonderful institution for natural and social history, as well as the superlative National Indigenous Art Award exhibition and contemporary visual arts programming. Bonus, a decent cafe and million dollar view, with the Darwin Ski Club just next door. It's always worth a stop to see what's inside...",Museum and Art Gallery of the Northern Territory,History museum,None,None,Local history museum,Maritime museum,Natural history museum,Science museum,Tourist attraction,Positive,2023,47,wonderful institution natural social history well superlative national indigenous art award exhibition contemporary visual art programming bonus decent cafe million dollar view darwin ski club next door always worth stop see whats inside
49,Museum,Art gallery,Art museum,Cultural landmark,Museum,True,en,2 years ago,2023-08-28T10:10:02.574Z,Not sure,Weekday,No wait,69,3672,5,Northern Territory,"We had no expectations and were so glad we decided to visit. We easily spent a couple of hours here, we could have spent longer.
Loved the modern art, the cyclone Tracey display & all the boats
So fantastic this is available free of charge.
Will definitely visit when we are next in Darwin",Museum and Art Gallery of the Northern Territory,History museum,None,None,Local history museum,Maritime museum,Natural history museum,Science museum,Tourist attraction,Positive,2023,51,expectation glad decided visit easily spent couple hour could spent longer loved modern art cyclone tracey display boat fantastic available free charge definitely visit next darwin
50,Museum,Art gallery,Art museum,Cultural landmark,Museum,True,en,a year ago,2024-02-06T02:12:19.233Z,No,Weekday,No wait,54,3672,5,Northern Territory,"Highly recommend you visit.The staff are very friendly and helpful, entrance is free. Great exhibition of indigenous artists work. Terrifying display of creatures that can kill you, absolutely loved the museum. The native bird displays were entrancing. Cyclone Tracey exhibit was very moving. This is a must visit for tourists. Free Lockers available. Loved it!",Museum and Art Gallery of the Northern Territory,History museum,None,None,Local history museum,Maritime museum,Natural history museum,Science museum,Tourist attraction,Positive,2024,55,highly recommend visitthe staff friendly helpful entrance free great exhibition indigenous artist work terrifying display creature kill absolutely loved museum native bird display entrancing cyclone tracey exhibit moving must visit tourist free locker available loved
51,Museum,Art gallery,Art museum,Cultural landmark,Museum,True,en,3 years ago,2022-08-16T09:49:50.236Z,No,Weekday,No wait,433,3672,5,Northern Territory,"Free admission. Donation will be appreciated.
Learn some history about Darwin the Tracy the cyclone and aboriginals people and arts and animals around this area. Good place to go for a hot weather. And also good to bring your kids. Recommend  allow  1-2 hour for this Museum or even longer if you have a relax travel schedule. Gift shop has a lot to sell and the staff are friendly.",Museum and Art Gallery of the Northern Territory,History museum,None,None,Local history museum,Maritime museum,Natural history museum,Science museum,Tourist attraction,Positive,2022,70,free admission donation appreciated learn history darwin tracy cyclone aboriginal people art animal around area good place go hot weather also good bring kid recommend allow 12 hour museum even longer relax travel schedule gift shop lot sell staff friendly
52,Museum,Art gallery,Art museum,Cultural landmark,Museum,True,en,2 months ago,2025-06-29T11:52:49.070Z,No,Weekend,No wait,202,3672,5,Northern Territory,A must go place if you want to know about this city and territory.,Museum and Art Gallery of the Northern Territory,History museum,None,None,Local history museum,Maritime museum,Natural history museum,Science museum,Tourist attraction,Neutral,2025,14,must go place want know city territory
55,Museum,Art gallery,Art museum,Cultural landmark,Museum,True,en,11 months ago,2024-10-12T05:49:24.546Z,No,Weekend,No wait,381,3672,5,Northern Territory,"Great place 👌
Lots of information and culture
It's definitely worth a visit, and it's FREE. Plus, the restaurant attached has great meals from breakfast to dinner
You can easily spend a few hours there, especially in the maritime section, with all the different boats and canoes they have under a large roof.
The artwork is quite something, the exhibition of 5.1 m taxidermied body of Sweetheart the croc is fascinating as well
Some of these vessels are in full sail
Quite a sight to see so if you get the chance go have a look, you won't be disappointed.
I thoroughly enjoyed myself",Museum and Art Gallery of the Northern Territory,History museum,None,None,Local history museum,Maritime museum,Natural history museum,Science museum,Tourist attraction,Positive,2024,97,great place lot information culture definitely worth visit free plus restaurant attached great meal breakfast dinner easily spend hour especially maritime section different boat canoe large roof artwork quite something exhibition 51 taxidermied body sweetheart croc fascinating well vessel full sail quite sight see get chance go look wont disappointed thoroughly enjoyed
56,Museum,Art gallery,Art museum,Cultural landmark,Museum,True,en,2 months ago,2025-07-24T11:54:09.675Z,None,None,None,115,3672,5,Northern Territory,What a wonderful gallery and the Nadio exhibition was truly amazing,Museum and Art Gallery of the Northern Territory,History museum,None,None,Local history museum,Maritime museum,Natural history museum,Science museum,Tourist attraction,Positive,2025,11,wonderful gallery nadio exhibition truly amazing
57,Museum,Art gallery,Art museum,Cultural landmark,Museum,True,en,a year ago,2024-08-06T12:17:25.736Z,None,Weekday,No wait,44,3672,2,Northern Territory,"Very disappointing, the shop had no gifts or suvoneer relating to  cyclone tracey, sweetheart.  Instead, the gift shop is only focused on overseas tourists with a majority of gifts made in China aboriginal artefacts.  You need to cater to all tourists.",Museum and Art Gallery of the Northern Territory,History museum,None,None,Local history museum,Maritime museum,Natural history museum,Science museum,Tourist attraction,Negative,2024,44,disappointing shop gift suvoneer relating cyclone tracey sweetheart instead gift shop focused overseas tourist majority gift made china aboriginal artefact need cater tourist
58,Museum,Art gallery,Art museum,Cultural landmark,Museum,True,en,3 weeks ago,2025-09-01T10:16:11.938Z,No,Weekend,No wait,16,3672,5,Northern Territory,Amazing. Easy to walk around and the variety of exhibits is perfect. Then coffee at Cafe.,Museum and Art Gallery of the Northern Territory,History museum,None,None,Local history museum,Maritime museum,Natural history museum,Science museum,Tourist attraction,Positive,2025,16,amazing easy walk around variety exhibit perfect coffee cafe
60,Museum,Art gallery,Art museum,Cultural landmark,Museum,True,en,Edited a year ago,2024-04-25T09:59:35.447Z,None,None,None,62,3672,5,Northern Territory,"One of my favourite places in Darwin. There's Sweetheart the Crocodile who loves you and Cyclone Tracy display, which is fabulous too! And... a great cafe!!",Museum and Art Gallery of the Northern Territory,History museum,None,None,Local history museum,Maritime museum,Natural history museum,Science museum,Tourist attraction,Positive,2024,26,one favourite place darwin there sweetheart crocodile love cyclone tracy display fabulous great cafe
62,Museum,Art gallery,Art museum,Cultural landmark,Museum,False,en,a year ago,2024-01-29T11:42:29.517Z,No,Weekend,No wait,24,3672,5,Northern Territory,"This was surprisingly amazing! I’m not of a museum person, and with rainy weather and not a lot else to do in Darwin we figured we would check it out. Beautiful indigenous artwork! The cafe is pretty basic but it’s nice that they have it there as an option",Museum and Art Gallery of the Northern Territory,History museum,None,None,Local history museum,Maritime museum,Natural history museum,Science museum,Tourist attraction,Positive,2024,49,surprisingly amazing im museum person rainy weather lot else darwin figured would check beautiful indigenous artwork cafe pretty basic nice option
63,Museum,Art gallery,Art museum,Cultural landmark,Museum,True,en,2 years ago,2023-08-02T13:31:21.864Z,None,None,None,11,3672,5,Northern Territory,I have planned many weddings and events at the Museum and Art Gallery of the Northern Territory and it is one of my favourite venues because it is very private at the back. The space is a great blank canvas that would suit many types of wedding styles.  The staff are friendly and helpful.,Museum and Art Gallery of the Northern Territory,History museum,None,None,Local history museum,Maritime museum,Natural history museum,Science museum,Tourist attraction,Positive,2023,55,planned many wedding event museum art gallery northern territory one favourite venue private back space great blank canvas would suit many type wedding style staff friendly helpful
65,Museum,Art gallery,Art museum,Cultural landmark,Museum,True,en,a year ago,2024-07-11T05:55:33.294Z,No,Weekday,No wait,99,3672,5,Northern Territory,"A beautiful
Museum, fresh, vibrant and full of relative history to the area and state. It’s also free a definite must do. Staff are also very helpful and approachable",Museum and Art Gallery of the Northern Territory,History museum,None,None,Local history museum,Maritime museum,Natural history museum,Science museum,Tourist attraction,Positive,2024,28,beautiful museum fresh vibrant full relative history area state also free definite must staff also helpful approachable
66,Museum,Art gallery,Art museum,Cultural landmark,Museum,False,en,a year ago,2024-08-26T22:52:19.072Z,None,None,None,3,3672,5,Northern Territory,Loved the indigenous artwork! The section about Cyclone Tracey was also very informative - the sound recording made during the cyclone was a real eye-opener. Highly recommend visiting!,Museum and Art Gallery of the Northern Territory,History museum,None,None,Local history museum,Maritime museum,Natural history museum,Science museum,Tourist attraction,Positive,2024,28,loved indigenous artwork section cyclone tracey also informative sound recording made cyclone real eyeopener highly recommend visiting
67,Museum,Art gallery,Art museum,Cultural landmark,Museum,True,en,3 years ago,2022-08-27T22:47:38.273Z,None,None,None,26,3672,5,Northern Territory,"One of the best museums I've been to in Australia! And free admission. NATSIAA Art Awards were showing. Amazing work. Recorded memories of the cyclone in 74 are engaging. The large exhibition of real boats is impressive and the accounts of travel from Vietnam touching. Overall, so much to see here, great cafe, and beautiful location by the water. An excellent resource and way to spend half a day in Darwin.",Museum and Art Gallery of the Northern Territory,History museum,None,None,Local history museum,Maritime museum,Natural history museum,Science museum,Tourist attraction,Positive,2022,71,one best museum ive australia free admission natsiaa art award showing amazing work recorded memory cyclone 74 engaging large exhibition real boat impressive account travel vietnam touching overall much see great cafe beautiful location water excellent resource way spend half day darwin
70,Museum,Art gallery,Art museum,Cultural landmark,Museum,True,en,2 years ago,2022-12-02T11:01:23.887Z,No,Weekday,No wait,30,3672,5,Northern Territory,"If you're in Darwin, def come and check this place out. They have lots of different paintings, statues, history stuff. And entry is for free. Nearby is a beautiful beach, not sure if you are allowed to swim there tho. I really enjoyed this museum today!",Museum and Art Gallery of the Northern Territory,History museum,None,None,Local history museum,Maritime museum,Natural history museum,Science museum,Tourist attraction,Positive,2022,46,youre darwin def come check place lot different painting statue history stuff entry free nearby beautiful beach sure allowed swim tho really enjoyed museum today
72,Museum,Art gallery,Art museum,Cultural landmark,Museum,True,en,5 years ago,2020-07-08T08:59:29.835Z,None,None,None,116,3672,5,Northern Territory,A great place to take the family. Lots of things to see and do. Way bigger than I first thought. I loved to see so many different views of Australian history. From old boats to cyclone tracy. My children loved to see all the very well preserved and presented animals. You can tell the museum really wantes the best out of there displays.,Museum and Art Gallery of the Northern Territory,History museum,None,None,Local history museum,Maritime museum,Natural history museum,Science museum,Tourist attraction,Positive,2020,63,great place take family lot thing see way bigger first thought loved see many different view australian history old boat cyclone tracy child loved see well preserved presented animal tell museum really wantes best display
73,Museum,Art gallery,Art museum,Cultural landmark,Museum,True,en,a year ago,2024-08-17T07:54:39.472Z,No,Weekend,No wait,26,3672,5,Northern Territory,"Very nice Museum with artiful arranged exhibits. Worth to spend a couple of hours. The enter is free of charge, and there is a restaurant facing ocean and a colorful museum shop.",Museum and Art Gallery of the Northern Territory,History museum,None,None,Local history museum,Maritime museum,Natural history museum,Science museum,Tourist attraction,Positive,2024,32,nice museum artiful arranged exhibit worth spend couple hour enter free charge restaurant facing ocean colorful museum shop
76,Museum,Art gallery,Art museum,Cultural landmark,Museum,True,en,a year ago,2024-03-04T05:20:45.460Z,No,Weekday,Up to 10 min,50,3672,5,Northern Territory,"Have been at the museum multiple times as we had friends who wanted to see. Well worth a visit, there are multiple exhibitions with different content to suit most. You can learn more about the history of Darwin, the wildlife, fauna, see beautiful boats from the region and more. I think it’s for free for everyone, so there’s no excuse to skip it while you’re here :)",Museum and Art Gallery of the Northern Territory,History museum,None,None,Local history museum,Maritime museum,Natural history museum,Science museum,Tourist attraction,Positive,2024,67,museum multiple time friend wanted see well worth visit multiple exhibition different content suit learn history darwin wildlife fauna see beautiful boat region think free everyone there excuse skip youre
77,Museum,Art gallery,Art museum,Cultural landmark,Museum,True,en,4 years ago,2021-02-28T09:54:06.237Z,None,None,None,1699,3672,5,Northern Territory,"We started our Saturday by exploring the museum and art gallery - such a rich collection which gives justice to the various and most significant aspects of the development of this region - early geology; indigenous peoples, flora and fauna, maritime, industrial and agricultural age and Darwin in the 20th/21st centuries. Really enjoyed the collection",Museum and Art Gallery of the Northern Territory,History museum,None,None,Local history museum,Maritime museum,Natural history museum,Science museum,Tourist attraction,Positive,2021,55,started saturday exploring museum art gallery rich collection give justice various significant aspect development region early geology indigenous people flora fauna maritime industrial agricultural age darwin 20th21st century really enjoyed collection
80,Museum,Art gallery,Art museum,Cultural landmark,Museum,True,en,2 months ago,2025-07-20T12:57:04.977Z,None,None,None,508,3672,5,Northern Territory,A selective samples od Darwins history.,Museum and Art Gallery of the Northern Territory,History museum,None,None,Local history museum,Maritime museum,Natural history museum,Science museum,Tourist attraction,Neutral,2025,6,selective sample od darwin history
82,Museum,Art gallery,Art museum,Cultural landmark,Museum,True,en,a year ago,2024-04-09T23:38:00.323Z,No,Weekday,No wait,174,3672,5,Northern Territory,"Excellent! Great to learn about so much, well presented, informative, thank you for the opportunity, and it was free to enter!! Highly recommend if you're in Darwin",Museum and Art Gallery of the Northern Territory,History museum,None,None,Local history museum,Maritime museum,Natural history museum,Science museum,Tourist attraction,Positive,2024,27,excellent great learn much well presented informative thank opportunity free enter highly recommend youre darwin
83,Museum,Art gallery,Art museum,Cultural landmark,Museum,True,en,2 years ago,2023-06-15T13:07:29.573Z,Yes,Weekday,1 hr+,111,3672,5,Northern Territory,"Oh… never ever seen like the museum!! It’s incredible! Also staff members were great service for visitors ;) I talked one of the younger women, she was kind and pretty professional for communication. Thank you make me feeling warm.",Museum and Art Gallery of the Northern Territory,History museum,None,None,Local history museum,Maritime museum,Natural history museum,Science museum,Tourist attraction,Positive,2023,39,oh never ever seen like museum incredible also staff member great service visitor talked one younger woman kind pretty professional communication thank make feeling warm
84,Museum,Art gallery,Art museum,Cultural landmark,Museum,True,en,7 years ago,2017-12-22T09:54:59.952Z,None,None,None,45,3672,5,Northern Territory,"This is a great museum, which is clean with very cool displays. It is free entry and they provide lockers ($2 refundable coin required) for valuables as backpacks not allowed inside. There is an amazing section on Cyclone Tracy. You can also see the huge crocodile that was captured in Darwin.",Museum and Art Gallery of the Northern Territory,History museum,None,None,Local history museum,Maritime museum,Natural history museum,Science museum,Tourist attraction,Positive,2017,51,great museum clean cool display free entry provide locker 2 refundable coin required valuable backpack allowed inside amazing section cyclone tracy also see huge crocodile captured darwin
85,Museum,Art gallery,Art museum,Cultural landmark,Museum,True,en,3 months ago,2025-06-04T03:53:01.592Z,None,None,None,315,3672,5,Northern Territory,I really enjoyed the effort that went into creating the installations.  Really great!,Museum and Art Gallery of the Northern Territory,History museum,None,None,Local history museum,Maritime museum,Natural history museum,Science museum,Tourist attraction,Positive,2025,14,really enjoyed effort went creating installation really great
88,Museum,Art gallery,Art museum,Cultural landmark,Museum,True,en,2 months ago,2025-07-05T11:23:43.716Z,No,Weekday,No wait,81,3672,5,Northern Territory,Very moving display of photos and wreckage from the cyclone. Never to be forgotten.,Museum and Art Gallery of the Northern Territory,History museum,None,None,Local history museum,Maritime museum,Natural history museum,Science museum,Tourist attraction,Positive,2025,14,moving display photo wreckage cyclone never forgotten
91,Museum,Art gallery,Art museum,Cultural landmark,Museum,True,en,2 years ago,2023-06-22T11:09:23.797Z,None,Weekday,None,134,3672,5,Northern Territory,"Love this museum, especially the iconic crocodile called ""sweetheart""
Well presented information about Darwin and Northern territory history, landscape and native animals.",Museum and Art Gallery of the Northern Territory,History museum,None,None,Local history museum,Maritime museum,Natural history museum,Science museum,Tourist attraction,Positive,2023,21,love museum especially iconic crocodile called sweetheart well presented information darwin northern territory history landscape native animal
92,Museum,Art gallery,Art museum,Cultural landmark,Museum,True,en,4 years ago,2021-04-13T21:27:10.090Z,None,None,None,123,3672,5,Northern Territory,"It’s a great place to visit. I learnt a lot about Darwin, sea creatures, butterflies, etc.  It’s free entry, you can choose to donate or not. The gift store sells mango ice cream & locally handmade butterfly brooches.",Museum and Art Gallery of the Northern Territory,History museum,None,None,Local history museum,Maritime museum,Natural history museum,Science museum,Tourist attraction,Positive,2021,39,great place visit learnt lot darwin sea creature butterfly etc free entry choose donate gift store sell mango ice cream locally handmade butterfly brooch
93,Museum,Art gallery,Art museum,Cultural landmark,Museum,False,en,4 years ago,2021-05-25T05:10:52.440Z,None,None,None,10,3672,4,Northern Territory,Spent a couple of hours wandering through the museum and gallery. Had a good mix of art and NT history on exhibition. Good little Cafe to sit and have lunch or a cold drink overlooking the ocean. Incorporate a walk through the botanical gardens before or after the museum is well worth it too.,Museum and Art Gallery of the Northern Territory,History museum,None,None,Local history museum,Maritime museum,Natural history museum,Science museum,Tourist attraction,Positive,2021,54,spent couple hour wandering museum gallery good mix art nt history exhibition good little cafe sit lunch cold drink overlooking ocean incorporate walk botanical garden museum well worth
95,Museum,Art gallery,Art museum,Cultural landmark,Museum,False,en,3 months ago,2025-05-31T05:51:40.702Z,No,Weekend,No wait,0,3672,5,Northern Territory,"FREE ENTRY
The museum is fairly well laid out, the map is a little confusing and the building doesn't ""flow well"" as you need to double back to get to other areas. 80% of the exhibits haven't change in the last 15years, a few new areas have been added and there was an area under changeover when we visited. The gift shop is very overpriced ($14 for a stubby cooler) and seems to be overwhelmed with the same ""theme"" where there is so much more to the Territory (I would have purchased a replica butterfly keyring).
Don't pass the outdoor monsoon area, there are a few turtles that swim around (Glass doors left of the main entrance).
Plenty of parking with overflow across the road.
Cold water bubbles situated throughout the building.
There are wheelchairs you can use to assist someone around the museum.",Museum and Art Gallery of the Northern Territory,History museum,None,None,Local history museum,Maritime museum,Natural history museum,Science museum,Tourist attraction,Positive,2025,139,free entry museum fairly well laid map little confusing building doesnt flow well need double back get area 80 exhibit havent change last 15years new area added area changeover visited gift shop overpriced 14 stubby cooler seems overwhelmed theme much territory would purchased replica butterfly keyring dont pas outdoor monsoon area turtle swim around glass door left main entrance plenty parking overflow across road cold water bubble situated throughout building wheelchair use assist someone around museum
98,Museum,Art gallery,Art museum,Cultural landmark,Museum,True,en,4 years ago,2021-08-18T08:21:34.069Z,None,None,None,571,3672,5,Northern Territory,"This is a must do! This is a free activity in Darwin which is so informative and unexpected how great it was. There is exhibits on different animals, Cyclone Tracy and lovely art work. You can come here by walking on the Darwin coastal track which is also a must do.

“Jonique Life”
Follow our journey around Australia on Facebook, Instagram, Tik Tok and YouTube as we highlight wonderful experiences and magical places you can add to your ever growing bucket list.",Museum and Art Gallery of the Northern Territory,History museum,None,None,Local history museum,Maritime museum,Natural history museum,Science museum,Tourist attraction,Positive,2021,80,must free activity darwin informative unexpected great exhibit different animal cyclone tracy lovely art work come walking darwin coastal track also must jonique life follow journey around australia facebook instagram tik tok youtube highlight wonderful experience magical place add ever growing bucket list
99,Museum,Art gallery,Art museum,Cultural landmark,Museum,True,en,2 years ago,2022-10-25T01:25:37.494Z,No,Weekday,1 hr+,301,3672,5,Northern Territory,"Was recommended to have a look.
Was very enjoyable.
Early history,
Darwin  Cyclone Tracey,
Boats from the refugees display.
And much more.
Make a $ 5.00 quick card donation  and add more on the way out if you enjoyed it like me.
Thank you.
I'm a tourist.",Museum and Art Gallery of the Northern Territory,History museum,None,None,Local history museum,Maritime museum,Natural history museum,Science museum,Tourist attraction,Positive,2022,41,recommended look enjoyable early history darwin cyclone tracey boat refugee display much make 500 quick card donation add way enjoyed like thank im tourist
100,Museum,Art gallery,Art museum,Cultural landmark,Museum,True,en,a year ago,2024-08-06T05:34:22.235Z,No,Weekday,No wait,12,3672,5,Northern Territory,"Love this place,its a must everything I go to darwin,love the art work and the history of cyclone Tracy,the sound room is so surreal and very eerie and quite sad at the same time,can't forget sweetheart the famous crocodile such a tragic tale of such a beautiful but dangerous animal",Museum and Art Gallery of the Northern Territory,History museum,None,None,Local history museum,Maritime museum,Natural history museum,Science museum,Tourist attraction,Negative,2024,50,love placeits must everything go darwinlove art work history cyclone tracythe sound room surreal eerie quite sad timecant forget sweetheart famous crocodile tragic tale beautiful dangerous animal
101,Museum,Art gallery,Art museum,Cultural landmark,Museum,True,en,a year ago,2024-08-04T02:22:02.735Z,Not sure,Weekday,No wait,239,3672,5,Northern Territory,"Great Museum! Enormous boats, animals, history and more. Definitely worth a visit.
Two favourite artworks from the exhibition attached too.",Museum and Art Gallery of the Northern Territory,History museum,None,None,Local history museum,Maritime museum,Natural history museum,Science museum,Tourist attraction,Positive,2024,19,great museum enormous boat animal history definitely worth visit two favourite artwork exhibition attached
102,Museum,Art gallery,Art museum,Cultural landmark,Museum,True,en,2 years ago,2023-01-05T11:35:44.281Z,No,Weekday,No wait,159,3672,5,Northern Territory,Awesome way to walk off breakfast. Some great art and interesting things to see. Free do accept donations. Wonderful ALPA story spanning 50 years.,Museum and Art Gallery of the Northern Territory,History museum,None,None,Local history museum,Maritime museum,Natural history museum,Science museum,Tourist attraction,Positive,2023,24,awesome way walk breakfast great art interesting thing see free accept donation wonderful alpa story spanning 50 year
103,Museum,Art gallery,Art museum,Cultural landmark,Museum,True,en,3 years ago,2022-07-01T13:42:18.863Z,None,None,None,21,3672,5,Northern Territory,"Outstanding gallery and exhibitions. Maritime museum a must do. Loved it all. Indigenous artwork and Songlines experience do good.
Restaurant amazing. Try the scallops. Beautiful food in a lovely location overlooking the water. Best thing in Darwin.",Museum and Art Gallery of the Northern Territory,History museum,None,None,Local history museum,Maritime museum,Natural history museum,Science museum,Tourist attraction,Positive,2022,36,outstanding gallery exhibition maritime museum must loved indigenous artwork songlines experience good restaurant amazing try scallop beautiful food lovely location overlooking water best thing darwin
104,Museum,Art gallery,Art museum,Cultural landmark,Museum,True,en,3 years ago,2022-06-03T07:18:56.775Z,None,None,None,45,3672,4,Northern Territory,"I was really pleased visiting the MAGNT. It’s free to enter, but they also have a tap and go donation point so quite easy to donate just five dollars. I think the museum was really well set up and the exhibits were beautiful. It was a lot more interactive than I expected it to be. Staff at the front desk were also very welcoming and friendly",Museum and Art Gallery of the Northern Territory,History museum,None,None,Local history museum,Maritime museum,Natural history museum,Science museum,Tourist attraction,Positive,2022,66,really pleased visiting magnt free enter also tap go donation point quite easy donate five dollar think museum really well set exhibit beautiful lot interactive expected staff front desk also welcoming friendly
106,Museum,Art gallery,Art museum,Cultural landmark,Museum,True,en,2 years ago,2022-12-18T05:09:10.172Z,None,None,None,77,3672,4,Northern Territory,Enjoyed so many aspects of this museum. Spent 2 hours mesmerised by amazing Aboriginal paintings etc. Theres cool fossils of ancient large fauna of Australia. Lots to see here. Highly recommend for an easy way to spend some time.,Museum and Art Gallery of the Northern Territory,History museum,None,None,Local history museum,Maritime museum,Natural history museum,Science museum,Tourist attraction,Positive,2022,39,enjoyed many aspect museum spent 2 hour mesmerised amazing aboriginal painting etc there cool fossil ancient large fauna australia lot see highly recommend easy way spend time
107,Museum,Art gallery,Art museum,Cultural landmark,Museum,True,en,6 years ago,2019-06-16T07:41:11.518Z,None,None,None,60,3672,5,Northern Territory,This museum is rich in its history of the area as well as offers fresh & contemporary works. I absolutely loved the Between the Moon and the Stars exhibit. The Cyclone Tracey exhibit is factual & emotionally evoking. The collection of boats from all parts of Asia & the pacific provide an insight into other cultures fishing & long distance transport practices. The cafe at the museum offers hearty portions of food - I recommend sharing one main meal between two.,Museum and Art Gallery of the Northern Territory,History museum,None,None,Local history museum,Maritime museum,Natural history museum,Science museum,Tourist attraction,Positive,2019,81,museum rich history area well offer fresh contemporary work absolutely loved moon star exhibit cyclone tracey exhibit factual emotionally evoking collection boat part asia pacific provide insight culture fishing long distance transport practice cafe museum offer hearty portion food recommend sharing one main meal two
108,Museum,Art gallery,Art museum,Cultural landmark,Museum,True,en,2 years ago,2023-07-19T03:07:45.127Z,No,Weekday,No wait,265,3672,5,Northern Territory,"Nice little museum, covers cyclone Tracy, animals, maritime history, Aboriginal art and Darwin history. Free entry and a pretty good spot to take children for an hour or two.",Museum and Art Gallery of the Northern Territory,History museum,None,None,Local history museum,Maritime museum,Natural history museum,Science museum,Tourist attraction,Positive,2023,29,nice little museum cover cyclone tracy animal maritime history aboriginal art darwin history free entry pretty good spot take child hour two
109,Museum,Art gallery,Art museum,Cultural landmark,Museum,True,en,a year ago,2024-08-15T00:19:10.544Z,No,Weekend,No wait,59,3672,5,Northern Territory,"It is a beautiful place with so much to look at. There's a large eating area for a break, and so many informative displays to see.",Museum and Art Gallery of the Northern Territory,History museum,None,None,Local history museum,Maritime museum,Natural history museum,Science museum,Tourist attraction,Positive,2024,26,beautiful place much look there large eating area break many informative display see
110,Museum,Art gallery,Art museum,Cultural landmark,Museum,True,en,2 years ago,2023-09-18T10:43:54.616Z,Yes,Weekday,No wait,298,3672,5,Northern Territory,Wonderful museum and it’s free!! The souvenir shop is small but good. They have a nice cafe with good view.,Museum and Art Gallery of the Northern Territory,History museum,None,None,Local history museum,Maritime museum,Natural history museum,Science museum,Tourist attraction,Positive,2023,20,wonderful museum free souvenir shop small good nice cafe good view
111,Museum,Art gallery,Art museum,Cultural landmark,Museum,True,en,a year ago,2024-04-14T00:09:01.075Z,Not sure,Weekday,No wait,42,3672,5,Northern Territory,"Very well displayed museum. Not too cluttered, flows really well and a good variety to see. Was very pleasantly surprised. Food was really good.",Museum and Art Gallery of the Northern Territory,History museum,None,None,Local history museum,Maritime museum,Natural history museum,Science museum,Tourist attraction,Positive,2024,24,well displayed museum cluttered flow really well good variety see pleasantly surprised food really good
112,Museum,Art gallery,Art museum,Cultural landmark,Museum,True,en,3 years ago,2022-07-16T06:39:52.089Z,None,None,None,493,3672,5,Northern Territory,"Fantastic museum with free entry. I loved how there was art, natural history, boats and a great Cyclone Tracy Museum. This is a great place to learn more about Darwin. All the exhibits were top notch. There's plenty of free parking right there and admission is free.",Museum and Art Gallery of the Northern Territory,History museum,None,None,Local history museum,Maritime museum,Natural history museum,Science museum,Tourist attraction,Positive,2022,47,fantastic museum free entry loved art natural history boat great cyclone tracy museum great place learn darwin exhibit top notch there plenty free parking right admission free
113,Museum,Art gallery,Art museum,Cultural landmark,Museum,True,en,a year ago,2024-04-07T09:50:57.549Z,None,Weekend,No wait,29,3672,5,Northern Territory,Helpful staff. Fantastic exhibits. Indigenous artwork interesting and informative.  Boat exhibits showed the degree of top end contact with northern neighbours over the years. Great lunch in  the Cafe.,Museum and Art Gallery of the Northern Territory,History museum,None,None,Local history museum,Maritime museum,Natural history museum,Science museum,Tourist attraction,Positive,2024,31,helpful staff fantastic exhibit indigenous artwork interesting informative boat exhibit showed degree top end contact northern neighbour year great lunch cafe
114,Museum,Art gallery,Art museum,Cultural landmark,Museum,True,en,4 years ago,2021-03-28T07:40:50.133Z,None,None,None,576,3672,5,Northern Territory,"Wow, this place was great. Kids loved it and the staff were super friendly. It was free and mostly air conditioned. Do yourself a favor and visit, you will learn a lot.",Museum and Art Gallery of the Northern Territory,History museum,None,None,Local history museum,Maritime museum,Natural history museum,Science museum,Tourist attraction,Positive,2021,32,wow place great kid loved staff super friendly free mostly air conditioned favor visit learn lot
116,Museum,Art gallery,Art museum,Cultural landmark,Museum,True,en,4 years ago,2021-01-13T18:16:43.735Z,None,None,None,175,3672,5,Northern Territory,Small but wonderful Museum and gallery. Easy to navigate and the Cyclone Tracy exhibition is a must. Lots of beautiful Aboriginal art on display. This is also the perfect place to escape the Darwin heat in the middle of the day.,Museum and Art Gallery of the Northern Territory,History museum,None,None,Local history museum,Maritime museum,Natural history museum,Science museum,Tourist attraction,Positive,2021,41,small wonderful museum gallery easy navigate cyclone tracy exhibition must lot beautiful aboriginal art display also perfect place escape darwin heat middle day
117,Museum,Art gallery,Art museum,Cultural landmark,Museum,True,en,3 years ago,2022-05-18T06:35:12.700Z,No,Weekday,No wait,337,3672,4,Northern Territory,Free entry so worth a visit. Not much in the way of art more local history than art. Displays of local wildlife was the best part for me.,Museum and Art Gallery of the Northern Territory,History museum,None,None,Local history museum,Maritime museum,Natural history museum,Science museum,Tourist attraction,Positive,2022,28,free entry worth visit much way art local history art display local wildlife best part
119,Museum,Art gallery,Art museum,Cultural landmark,Museum,True,en,5 years ago,2019-11-09T23:04:22.985Z,None,None,None,926,3672,5,Northern Territory,"Excellent museum and free. There is art but much more. An area is dedicated to Cyclone Tracy and there is a large crocodile. Dead and stuffed, fear not. All the humanities represented here. Gift shop and ample parking.",Museum and Art Gallery of the Northern Territory,History museum,None,None,Local history museum,Maritime museum,Natural history museum,Science museum,Tourist attraction,Positive,2019,38,excellent museum free art much area dedicated cyclone tracy large crocodile dead stuffed fear humanity represented gift shop ample parking
120,Museum,Art gallery,Art museum,Cultural landmark,Museum,True,en,6 years ago,2019-07-23T12:52:37.305Z,None,None,None,125,3672,5,Northern Territory,"Don't think this is a dusty old state museum with nothing to see and the only good museums are paid ones. This museum has great exhibits on local animals, eg amazing displays on termites, box jellyfish, snakes etc; minerals, gemstones; and of course the amazing section on Cyclone Tracey! What a great display, loads of info, displays of before and after, examples of whatb the houses were like at the time, great content presented in lots of different ways.

Best of all, this museum is free! I would happily have paid the $45 we paid to go to the Defence of Darwin museum to go to this one. We spent 2 hours here with 3 kids 9, 11, 13 and could easily have stayed longer!",Museum and Art Gallery of the Northern Territory,History museum,None,None,Local history museum,Maritime museum,Natural history museum,Science museum,Tourist attraction,Positive,2019,124,dont think dusty old state museum nothing see good museum paid one museum great exhibit local animal eg amazing display termite box jellyfish snake etc mineral gemstone course amazing section cyclone tracey great display load info display example whatb house like time great content presented lot different way best museum free would happily paid 45 paid go defence darwin museum go one spent 2 hour 3 kid 9 11 13 could easily stayed longer
121,Museum,Art gallery,Art museum,Cultural landmark,Museum,True,en,3 months ago,2025-06-25T10:51:50.261Z,No,Weekend,No wait,394,3672,5,Northern Territory,Fantastic museum and free!,Museum and Art Gallery of the Northern Territory,History museum,None,None,Local history museum,Maritime museum,Natural history museum,Science museum,Tourist attraction,Positive,2025,4,fantastic museum free
122,Museum,Art gallery,Art museum,Cultural landmark,Museum,True,en,3 years ago,2022-07-16T04:43:42.463Z,None,None,None,35,3672,5,Northern Territory,"I enjoyed it immensely. This is not a huge museum, however still very entertaining and informative. A very good exhibit about cyclone Tracy which hit Darwin in 1974 wiping it out. Lots of other things to see as well. Worth a look.",Museum and Art Gallery of the Northern Territory,History museum,None,None,Local history museum,Maritime museum,Natural history museum,Science museum,Tourist attraction,Positive,2022,42,enjoyed immensely huge museum however still entertaining informative good exhibit cyclone tracy hit darwin 1974 wiping lot thing see well worth look
124,Museum,Art gallery,Art museum,Cultural landmark,Museum,True,en,11 months ago,2024-10-26T08:31:40.711Z,None,None,None,23,3672,5,Northern Territory,One of the best place need to visit in Darwin if u want to know more about history and exploring,Museum and Art Gallery of the Northern Territory,History museum,None,None,Local history museum,Maritime museum,Natural history museum,Science museum,Tourist attraction,Positive,2024,20,one best place need visit darwin u want know history exploring
125,Museum,Art gallery,Art museum,Cultural landmark,Museum,True,en,2 months ago,2025-06-30T04:16:59.018Z,None,None,None,89,3672,5,Northern Territory,Free entry. Cool Ac. Multi works.,Museum and Art Gallery of the Northern Territory,History museum,None,None,Local history museum,Maritime museum,Natural history museum,Science museum,Tourist attraction,Positive,2025,6,free entry cool ac multi work
126,Museum,Art gallery,Art museum,Cultural landmark,Museum,True,en,a year ago,2024-05-26T01:53:33.994Z,None,None,None,105,3672,5,Northern Territory,"Wow what a great place to visit all you need to know about Darwin's history and animals
Got a great food bar and reception was good too advise you on what's in the place
And nice and cool",Museum and Art Gallery of the Northern Territory,History museum,None,None,Local history museum,Maritime museum,Natural history museum,Science museum,Tourist attraction,Positive,2024,36,wow great place visit need know darwin history animal got great food bar reception good advise whats place nice cool
127,Museum,Art gallery,Art museum,Cultural landmark,Museum,True,en,a year ago,2023-10-11T07:28:32.072Z,None,None,None,45,3672,5,Northern Territory,"Loved everything about this place, the amazing artwork, the stories behind the artists. The place is well thought out and the displays give the right amount of information. A must when you visit Darwin",Museum and Art Gallery of the Northern Territory,History museum,None,None,Local history museum,Maritime museum,Natural history museum,Science museum,Tourist attraction,Positive,2023,34,loved everything place amazing artwork story behind artist place well thought display give right amount information must visit darwin
128,Museum,Art gallery,Art museum,Cultural landmark,Museum,False,en,3 years ago,2022-06-28T12:04:52.457Z,None,Weekday,No wait,10,3672,5,Northern Territory,"Loved our visit here, on a Tuesday. So much to see. The art gallery and the museum were fascinating. Coffee shop great too. Helpful staff. A must see for Darwin visitors.",Museum and Art Gallery of the Northern Territory,History museum,None,None,Local history museum,Maritime museum,Natural history museum,Science museum,Tourist attraction,Positive,2022,31,loved visit tuesday much see art gallery museum fascinating coffee shop great helpful staff must see darwin visitor
129,Museum,Art gallery,Art museum,Cultural landmark,Museum,True,en,3 years ago,2022-08-08T09:34:53.412Z,None,None,None,748,3672,5,Northern Territory,"Escape the afternoon heat and visit a museum with free entry. Interesting exhibitions especially about cyclone Tracey, look at the boats exhibition and they have a nice cafe that even is licensed and under cover.",Museum and Art Gallery of the Northern Territory,History museum,None,None,Local history museum,Maritime museum,Natural history museum,Science museum,Tourist attraction,Positive,2022,35,escape afternoon heat visit museum free entry interesting exhibition especially cyclone tracey look boat exhibition nice cafe even licensed cover
130,Museum,Art gallery,Art museum,Cultural landmark,Museum,True,en,2 years ago,2022-09-29T16:40:01.538Z,No,Weekday,No wait,1008,3672,5,Northern Territory,"Approximately 12 minutes drive from CBD. Plenty of car parks.  Free admission for Art gallery & museum. Suits a family. Not very large, but very informative and interesting. Learn a lot from art, local history, wildlife, marine life, insects, and archaeology to Cyclone Tracy. Got through photo gallery, there is double automatic doors connected to a showroom of real boats. That's the only one place without air-condition.
Could spend 1-2 hours here. It also has a cafe and souvenir shop inside.",Museum and Art Gallery of the Northern Territory,History museum,None,None,Local history museum,Maritime museum,Natural history museum,Science museum,Tourist attraction,Positive,2022,81,approximately 12 minute drive cbd plenty car park free admission art gallery museum suit family large informative interesting learn lot art local history wildlife marine life insect archaeology cyclone tracy got photo gallery double automatic door connected showroom real boat thats one place without aircondition could spend 12 hour also cafe souvenir shop inside
131,Museum,Art gallery,Art museum,Cultural landmark,Museum,True,en,2 years ago,2023-07-31T06:13:58.099Z,None,None,None,86,3672,4,Northern Territory,"I spent an hour meandering through the museum as part of a half day city tour. Really interesting. Just a tip, don't take your coffee into the exhibits no matter what the bus driver says. You'll lose it. The attendants are quick off the mark and ready to take your coffee cup. Might be a plot to get you to go back to the cafe a second time. Ha ha. Lovely venue",Museum and Art Gallery of the Northern Territory,History museum,None,None,Local history museum,Maritime museum,Natural history museum,Science museum,Tourist attraction,Positive,2023,72,spent hour meandering museum part half day city tour really interesting tip dont take coffee exhibit matter bus driver say youll lose attendant quick mark ready take coffee cup might plot get go back cafe second time ha ha lovely venue
132,Museum,Art gallery,Art museum,Cultural landmark,Museum,True,en,2 years ago,2023-08-07T11:44:50.320Z,No,None,No wait,216,3672,5,Northern Territory,"Great place to go to see information about Cyclone Tracy.
The animal exhibition is really interesting as well.",Museum and Art Gallery of the Northern Territory,History museum,None,None,Local history museum,Maritime museum,Natural history museum,Science museum,Tourist attraction,Positive,2023,17,great place go see information cyclone tracy animal exhibition really interesting well
134,Museum,Art gallery,Art museum,Cultural landmark,Museum,True,en,3 years ago,2022-08-15T08:07:04.366Z,None,None,None,243,3672,5,Northern Territory,"Seeing the Art, local animal displays, crocodile 🐊 Sweetheart, aboriginal displays and a fantastic  place too visit 7 days a week & it's Free!! Must see the Cyclone Tracy exhibition 👏👍🥇",Museum and Art Gallery of the Northern Territory,History museum,None,None,Local history museum,Maritime museum,Natural history museum,Science museum,Tourist attraction,Positive,2022,32,seeing art local animal display crocodile sweetheart aboriginal display fantastic place visit 7 day week free must see cyclone tracy exhibition
135,Museum,Art gallery,Art museum,Cultural landmark,Museum,True,en,6 years ago,2018-10-13T05:00:17.171Z,None,None,None,132,3672,5,Northern Territory,"The star attraction is probably Sweetheart, a nasty saltie which drowned in a fishnet. I really enjoyed the variety of exhibitions detailing Darwin’s history, Cyclone Tracy, and contemporary art gallery. I spent around 2.5hour here. It’s one of the rare free places to enter in Darwin!",Museum and Art Gallery of the Northern Territory,History museum,None,None,Local history museum,Maritime museum,Natural history museum,Science museum,Tourist attraction,Positive,2018,46,star attraction probably sweetheart nasty saltie drowned fishnet really enjoyed variety exhibition detailing darwin history cyclone tracy contemporary art gallery spent around 25hour one rare free place enter darwin
136,Museum,Art gallery,Art museum,Cultural landmark,Museum,True,en,6 years ago,2019-06-02T03:57:31.349Z,None,None,None,390,3672,4,Northern Territory,"Great museum to visit. Bus No.4 from CBD. Spacious, informative and cool. Kids friendly, clean toilets. A few sitting spots to enjoy a film or rest, small gift shop, lockers to place bags ($2-returned). Small exhibitionarea at a cost. Free entry, Great investment to gift donation.",Museum and Art Gallery of the Northern Territory,History museum,None,None,Local history museum,Maritime museum,Natural history museum,Science museum,Tourist attraction,Positive,2019,46,great museum visit bus no4 cbd spacious informative cool kid friendly clean toilet sitting spot enjoy film rest small gift shop locker place bag 2returned small exhibitionarea cost free entry great investment gift donation
138,Museum,Art gallery,Art museum,Cultural landmark,Museum,True,en,a year ago,2024-06-28T08:34:57.732Z,None,None,None,146,3672,5,Northern Territory,This museum and art gallery’s Aboriginal collection must surely vie with the Canberra NGA’s Aboriginal collection as the best in Australia.,Museum and Art Gallery of the Northern Territory,History museum,None,None,Local history museum,Maritime museum,Natural history museum,Science museum,Tourist attraction,Positive,2024,21,museum art gallery aboriginal collection must surely vie canberra nga aboriginal collection best australia
139,Museum,Art gallery,Art museum,Cultural landmark,Museum,True,en,8 years ago,2016-11-19T20:24:26.947Z,None,None,None,55,3672,5,Northern Territory,Well worth the visit if you are in Darwin has a very extensive collection of Australian indigenous art (including some Albert Namatjira watercolours). Good displays on cyclone Tracey and territory wildlife. Free also,Museum and Art Gallery of the Northern Territory,History museum,None,None,Local history museum,Maritime museum,Natural history museum,Science museum,Tourist attraction,Positive,2016,33,well worth visit darwin extensive collection australian indigenous art including albert namatjira watercolour good display cyclone tracey territory wildlife free also
140,Museum,Art gallery,Art museum,Cultural landmark,Museum,True,en,2 years ago,2023-07-11T20:37:56.173Z,No,Weekday,No wait,53,3672,5,Northern Territory,"Absolutely brilliant. So impressed! Well laid out, plenty of space, clean, informative. Can't believe it was free entry. Had a most enjoyable 1.5 hrs here. Highly recommended.",Museum and Art Gallery of the Northern Territory,History museum,None,None,Local history museum,Maritime museum,Natural history museum,Science museum,Tourist attraction,Positive,2023,27,absolutely brilliant impressed well laid plenty space clean informative cant believe free entry enjoyable 15 hr highly recommended
142,Museum,Art gallery,Art museum,Cultural landmark,Museum,False,en,3 years ago,2022-09-22T07:31:25.347Z,No,Weekend,No wait,25,3672,5,Northern Territory,"So well laid out and so many things to look at.
If you want to know more about Cyclone Tracy this is the place to go.
It is free admission but feel free to donate on departing on arriving.",Museum and Art Gallery of the Northern Territory,History museum,None,None,Local history museum,Maritime museum,Natural history museum,Science museum,Tourist attraction,Positive,2022,37,well laid many thing look want know cyclone tracy place go free admission feel free donate departing arriving
143,Museum,Art gallery,Art museum,Cultural landmark,Museum,True,en,7 months ago,2025-02-12T22:50:08.638Z,None,Weekday,None,22,3672,5,Northern Territory,"I love the complex, it's interesting, involving and so many exhihibits that make you think.
The cafe is also excellent.",Museum and Art Gallery of the Northern Territory,History museum,None,None,Local history museum,Maritime museum,Natural history museum,Science museum,Tourist attraction,Positive,2025,19,love complex interesting involving many exhihibits make think cafe also excellent
145,Museum,Art gallery,Art museum,Cultural landmark,Museum,True,en,2 years ago,2023-08-08T11:31:17.231Z,No,Weekday,No wait,282,3672,4,Northern Territory,"Was ok. Best thing that separated it from other museums was the Cyclone Tracey exhibit which was very cool.
Free Entry",Museum and Art Gallery of the Northern Territory,History museum,None,None,Local history museum,Maritime museum,Natural history museum,Science museum,Tourist attraction,Positive,2023,20,ok best thing separated museum cyclone tracey exhibit cool free entry
146,Museum,Art gallery,Art museum,Cultural landmark,Museum,True,en,2 years ago,2023-09-23T21:24:05.863Z,No,Weekday,No wait,24,3672,5,Northern Territory,One of the best museums. All the exhibition made me so humble. So many wonderful things to see. It gave me a better understanding of the country from the Aboriginal perspective.,Museum and Art Gallery of the Northern Territory,History museum,None,None,Local history museum,Maritime museum,Natural history museum,Science museum,Tourist attraction,Positive,2023,31,one best museum exhibition made humble many wonderful thing see gave better understanding country aboriginal perspective
147,Museum,Art gallery,Art museum,Cultural landmark,Museum,True,en,11 months ago,2024-10-01T04:23:27.623Z,None,Weekday,None,61,3672,5,Northern Territory,"A fascinating and moving series of exhibits, very nicely presented and staffed by helpful and personable staff.",Museum and Art Gallery of the Northern Territory,History museum,None,None,Local history museum,Maritime museum,Natural history museum,Science museum,Tourist attraction,Positive,2024,17,fascinating moving series exhibit nicely presented staffed helpful personable staff
148,Museum,Art gallery,Art museum,Cultural landmark,Museum,True,en,a year ago,2024-02-06T04:37:50.422Z,No,Weekday,No wait,141,3672,5,Northern Territory,"Certainly worth the visit. Small museum focusing on Aboriginal art, cyclone Tracey & Australian fauna.",Museum and Art Gallery of the Northern Territory,History museum,None,None,Local history museum,Maritime museum,Natural history museum,Science museum,Tourist attraction,Positive,2024,15,certainly worth visit small museum focusing aboriginal art cyclone tracey australian fauna
150,Museum,Art gallery,Art museum,Cultural landmark,Museum,True,en,4 years ago,2021-01-13T01:50:46.711Z,None,None,None,238,3672,5,Northern Territory,"The good burghers of Darwin have made it easy to get here: Bus No 4, leaves from the bus stop outside Woolies on Cavenagh Street, and drops you right at the front door of the museum. It takes only about 20 minutes, perhaps less, in a nice, scenic route. When you’re done with the museum, just hop on the same bus back to Darwin, again, from right outside the front door to the museum - and no, I’m not exaggerating: The stop is outside the front door! Couldn’t be easier. And as if that’s not enough, entrance to the museum is free, and there’s a coterie of pretty young ladies on hand to welcome you. They’re helpful and polite, although, to be honest there isn’t a lot for them to do, apart from asking you to sign in for Covid-safe reasons, and to put your bags in a locker. Still, they do that with a friendly smile and will gladly answer any of your questions. It’s all very laid back and relaxed.

Inside you’ll find a beautifully curated museum and art gallery, that's spacious, airy and easy to move around in. The gallery features Aboriginal art only. I found the works interesting, complex and intricate, some quite colourful, some also with a political message. Just reading the display panels, gives you some idea about the long history, culture and attachment to the land of indigenous people. Quite fascinating as an outsider.

The other four elements of the gallery comprise a natural history section, a maritime section, an exhibition of sound recordings, film and photos about Cyclone Tracy that devastated Darwin on Christmas day 1974, and an exhibition titled “Unruly Days - Territory Life 1911-21” , showcasing Darwin’s anarchic first decade under Commonwealth rule. I enjoyed it all, especially the “Unruly Days” exhibit with it’s extensive collection of old photos, quotes and memorabilia from the period. The Cyclone Tracy Exhibit will also catch your attention, especially if you aren’t familiar with that story.

Next to the reception desk, is the little shop, with the usual collection of souvenirs, books etc, but unfortunately the little cafe is closed.

We enjoyed our first visit so much that we went back again the next day.

In terms of cultural activities, this was the highlight of our visit to Darwin.",Museum and Art Gallery of the Northern Territory,History museum,None,None,Local history museum,Maritime museum,Natural history museum,Science museum,Tourist attraction,Positive,2021,380,good burgher darwin made easy get bus 4 leaf bus stop outside woolies cavenagh street drop right front door museum take 20 minute perhaps less nice scenic route youre done museum hop bus back darwin right outside front door museum im exaggerating stop outside front door couldnt easier thats enough entrance museum free there coterie pretty young lady hand welcome theyre helpful polite although honest isnt lot apart asking sign covidsafe reason put bag locker still friendly smile gladly answer question laid back relaxed inside youll find beautifully curated museum art gallery thats spacious airy easy move around gallery feature aboriginal art found work interesting complex intricate quite colourful also political message reading display panel give idea long history culture attachment land indigenous people quite fascinating outsider four element gallery comprise natural history section maritime section exhibition sound recording film photo cyclone tracy devastated darwin christmas day 1974 exhibition titled unruly day territory life 191121 showcasing darwin anarchic first decade commonwealth rule enjoyed especially unruly day exhibit extensive collection old photo quote memorabilia period cyclone tracy exhibit also catch attention especially arent familiar story next reception desk little shop usual collection souvenir book etc unfortunately little cafe closed enjoyed first visit much went back next day term cultural activity highlight visit darwin
151,Museum,Art gallery,Art museum,Cultural landmark,Museum,True,en,6 years ago,2019-03-26T11:20:59.430Z,None,None,None,62,3672,5,Northern Territory,"Awesome.Spend a day,or keep coming back you can find something to study in detail or join the dots in the bigger picture.Darwin on all levels;physical and mental, and in different time periods (like a Mitchiner novel).All the scars revealed and ,here we are...Come get some answers.",Museum and Art Gallery of the Northern Territory,History museum,None,None,Local history museum,Maritime museum,Natural history museum,Science museum,Tourist attraction,Negative,2019,46,awesomespend dayor keep coming back find something study detail join dot bigger picturedarwin levelsphysical mental different time period like mitchiner novelall scar revealed arecome get answer
152,Museum,Art gallery,Art museum,Cultural landmark,Museum,True,en,4 years ago,2021-03-03T12:55:11.139Z,None,None,None,237,3672,5,Northern Territory,The red bis dropped us off spent1 hour here . Just in time for the bus to pick us up. It showed the devastion of cyclone tracey in 1974 and beautiful fauna ofthe area,Museum and Art Gallery of the Northern Territory,History museum,None,None,Local history museum,Maritime museum,Natural history museum,Science museum,Tourist attraction,Positive,2021,34,red bi dropped u spent1 hour time bus pick u showed devastion cyclone tracey 1974 beautiful fauna ofthe area
159,Museum,Art gallery,Art museum,Cultural landmark,Museum,True,en,2 years ago,2022-12-27T06:51:15.602Z,No,Public holiday,No wait,379,3672,4,Northern Territory,Free entry. Interesting exhibit of cyclone Tracy. Had a great aboriginal art display during my visit.,Museum and Art Gallery of the Northern Territory,History museum,None,None,Local history museum,Maritime museum,Natural history museum,Science museum,Tourist attraction,Positive,2022,16,free entry interesting exhibit cyclone tracy great aboriginal art display visit
160,Museum,Art gallery,Art museum,Cultural landmark,Museum,True,en,4 years ago,2021-06-23T11:55:18.817Z,None,None,None,38,3672,5,Northern Territory,Possibly the best Museum I have ever experienced. The breadth and quality of the exhibits is amazing. Congratulations on an amazing experience.,Museum and Art Gallery of the Northern Territory,History museum,None,None,Local history museum,Maritime museum,Natural history museum,Science museum,Tourist attraction,Positive,2021,22,possibly best museum ever experienced breadth quality exhibit amazing congratulation amazing experience
161,Museum,Art gallery,Art museum,Cultural landmark,Museum,True,en,2 years ago,2022-10-09T07:33:16.821Z,None,None,None,638,3672,5,Northern Territory,"Must visit, give the history of Darwin. Beautiful tribute to Cyclone Tracey. Also a delicious cafe attached to the back.",Museum and Art Gallery of the Northern Territory,History museum,None,None,Local history museum,Maritime museum,Natural history museum,Science museum,Tourist attraction,Positive,2022,20,must visit give history darwin beautiful tribute cyclone tracey also delicious cafe attached back
165,Museum,Art gallery,Art museum,Cultural landmark,Museum,True,en,2 years ago,2023-07-11T03:55:51.538Z,None,None,None,28,3672,5,Northern Territory,This is a fantastic place to bring the family lots of interesting displays and some amazing aboriginal art.,Museum and Art Gallery of the Northern Territory,History museum,None,None,Local history museum,Maritime museum,Natural history museum,Science museum,Tourist attraction,Positive,2023,18,fantastic place bring family lot interesting display amazing aboriginal art
166,Museum,Art gallery,Art museum,Cultural landmark,Museum,False,en,4 years ago,2021-06-01T07:43:50.092Z,None,None,None,519,3672,5,Northern Territory,"Astonishing jaw-dropping maritime section and brilliant on natural history; we loved it. Some great audiovisual pieces too, like an aboriginal person talking about his cultural knowledge in the local language, and a room in which to experience cyclone noise. Every section was a delight. Loved it.",Museum and Art Gallery of the Northern Territory,History museum,None,None,Local history museum,Maritime museum,Natural history museum,Science museum,Tourist attraction,Positive,2021,46,astonishing jawdropping maritime section brilliant natural history loved great audiovisual piece like aboriginal person talking cultural knowledge local language room experience cyclone noise every section delight loved
168,Museum,Art gallery,Art museum,Cultural landmark,Museum,False,en,6 years ago,2019-07-07T22:35:19.877Z,None,None,None,4,3672,5,Northern Territory,"Great price - free.   Young lady at reception was very pleasant.   Heaps of interesting exhibits!!!  Lots of fun for the kids 4, 6 and 8.  Great coffees and milkshakes.",Museum and Art Gallery of the Northern Territory,History museum,None,None,Local history museum,Maritime museum,Natural history museum,Science museum,Tourist attraction,Positive,2019,35,great price free young lady reception pleasant heap interesting exhibit lot fun kid 4 6 8 great coffee milkshake
169,Museum,Art gallery,Art museum,Cultural landmark,Museum,False,en,a year ago,2024-07-24T02:31:35.731Z,No,Weekday,No wait,9,3672,5,Northern Territory,Best museum so interesting cyclone Tracy installation amazing and all for free,Museum and Art Gallery of the Northern Territory,History museum,None,None,Local history museum,Maritime museum,Natural history museum,Science museum,Tourist attraction,Positive,2024,12,best museum interesting cyclone tracy installation amazing free
170,Museum,Art gallery,Art museum,Cultural landmark,Museum,True,en,5 years ago,2019-12-16T22:00:18.298Z,None,None,None,47,3672,5,Northern Territory,"I really love this museum, awesome, really huge and many things to learn, start from old past until today, in here we can feel about biggest storm in Darwin, that really scary thing, oh God, I pray for people that got impacts, I will give suggestions use your 4hours more here, you don’t need to hurry, and maybe that hours not enough hahaha, oh this is free museum! Thank you Darwin",Museum and Art Gallery of the Northern Territory,History museum,None,None,Local history museum,Maritime museum,Natural history museum,Science museum,Tourist attraction,Positive,2019,71,really love museum awesome really huge many thing learn start old past today feel biggest storm darwin really scary thing oh god pray people got impact give suggestion use 4hours dont need hurry maybe hour enough hahaha oh free museum thank darwin
173,Museum,Art gallery,Art museum,Cultural landmark,Museum,False,en,2 years ago,2023-08-20T03:41:40.900Z,None,Weekday,No wait,56,3672,5,Northern Territory,Brilliant collection of various themes and periods. The curatorial interpretation and signage is great. I especially feel my deepest condolences and sympathy for all the families that endured Cyclone Tracy on 21 Dec 1974 – 26 Dec 1974. I was really impressed with the recording of the events which were so accurate that we were able to find our family name listed in the curation. Credit to the museum for respecting all who had to endure this horrific event. The current indigenous art exhibition was truly wonderful.,Museum and Art Gallery of the Northern Territory,History museum,None,None,Local history museum,Maritime museum,Natural history museum,Science museum,Tourist attraction,Positive,2023,87,brilliant collection various theme period curatorial interpretation signage great especially feel deepest condolence sympathy family endured cyclone tracy 21 dec 1974 26 dec 1974 really impressed recording event accurate able find family name listed curation credit museum respecting endure horrific event current indigenous art exhibition truly wonderful
174,Museum,Art gallery,Art museum,Cultural landmark,Museum,True,en,4 years ago,2021-01-05T02:09:28.188Z,None,None,None,501,3672,4,Northern Territory,"Good museum with lots of Darwin and the NT history on show. Plenty of parking and free entry.
Worth a look.",Museum and Art Gallery of the Northern Territory,History museum,None,None,Local history museum,Maritime museum,Natural history museum,Science museum,Tourist attraction,Positive,2021,20,good museum lot darwin nt history show plenty parking free entry worth look
176,Museum,Art gallery,Art museum,Cultural landmark,Museum,True,en,5 years ago,2019-10-16T10:52:54.608Z,None,None,None,228,3672,5,Northern Territory,This is a must come since its one of the few free entry places. Cool yourself with the aircon while walking through various exhibitions ranging from aboriginals art to cyclone Tracey and etc,Museum and Art Gallery of the Northern Territory,History museum,None,None,Local history museum,Maritime museum,Natural history museum,Science museum,Tourist attraction,Positive,2019,33,must come since one free entry place cool aircon walking various exhibition ranging aboriginal art cyclone tracey etc
178,Museum,Art gallery,Art museum,Cultural landmark,Museum,True,en,a year ago,2024-09-19T04:09:30.571Z,No,Weekday,No wait,113,3672,5,Northern Territory,"The staffs are very friendly and helpful
Nice museum with free entry",Museum and Art Gallery of the Northern Territory,History museum,None,None,Local history museum,Maritime museum,Natural history museum,Science museum,Tourist attraction,Positive,2024,11,staff friendly helpful nice museum free entry
179,Museum,Art gallery,Art museum,Cultural landmark,Museum,True,en,3 years ago,2022-06-28T03:36:56.478Z,No,Weekday,No wait,89,3672,5,Northern Territory,"Great museum, definitely worth checking out. Need at least a couple of hours to see everything. Loved it. So good for a free activity",Museum and Art Gallery of the Northern Territory,History museum,None,None,Local history museum,Maritime museum,Natural history museum,Science museum,Tourist attraction,Positive,2022,24,great museum definitely worth checking need least couple hour see everything loved good free activity
180,Museum,Art gallery,Art museum,Cultural landmark,Museum,True,en,6 years ago,2019-05-18T23:20:05.051Z,None,None,None,1144,3672,4,Northern Territory,"PaleontologicalNice little museum ans art gallery. It provided a little insight into Darwins past especially, the devestation caused by cyclone Tracy in the 1970's. The paleontological remains are also qute stunning with mini dynasor skeletons avalable to see and offcourse a huge stuffed  Crocodile. The indeginous art is amazing and there are temporary exhibits that are also on (payed) The best part is that the museum is FREE to visit.",Museum and Art Gallery of the Northern Territory,History museum,None,None,Local history museum,Maritime museum,Natural history museum,Science museum,Tourist attraction,Positive,2019,71,paleontologicalnice little museum an art gallery provided little insight darwin past especially devestation caused cyclone tracy 1970s paleontological remains also qute stunning mini dynasor skeleton avalable see offcourse huge stuffed crocodile indeginous art amazing temporary exhibit also payed best part museum free visit
181,Museum,Art gallery,Art museum,Cultural landmark,Museum,True,en,6 years ago,2019-04-20T01:46:44.271Z,None,None,None,76,3672,5,Northern Territory,Excellent well worth the visit  and it was good to see they have upgraded some exhibits and added some new things.,Museum and Art Gallery of the Northern Territory,History museum,None,None,Local history museum,Maritime museum,Natural history museum,Science museum,Tourist attraction,Positive,2019,22,excellent well worth visit good see upgraded exhibit added new thing
182,Museum,Art gallery,Art museum,Cultural landmark,Museum,True,en,5 years ago,2020-03-07T16:01:06.150Z,None,None,None,847,3672,5,Northern Territory,"A free museum that offers a lot of explanations on Darwin and it's history. There are also a lot of arts exhibited inside.
That's one of the place that can't be missed while visiting Darwin.",Museum and Art Gallery of the Northern Territory,History museum,None,None,Local history museum,Maritime museum,Natural history museum,Science museum,Tourist attraction,Positive,2020,34,free museum offer lot explanation darwin history also lot art exhibited inside thats one place cant missed visiting darwin
183,Museum,Art gallery,Art museum,Cultural landmark,Museum,True,en,3 years ago,2022-05-10T11:03:39.592Z,None,None,None,64,3672,5,Northern Territory,Definitely worth seeing when in Darwin. The stories and photos of the cyclone are unbelievable and don’t forget to meet sweetheart when here,Museum and Art Gallery of the Northern Territory,History museum,None,None,Local history museum,Maritime museum,Natural history museum,Science museum,Tourist attraction,Positive,2022,23,definitely worth seeing darwin story photo cyclone unbelievable dont forget meet sweetheart
184,Museum,Art gallery,Art museum,Cultural landmark,Museum,True,en,3 years ago,2021-11-30T01:08:41.424Z,None,None,None,25,3672,5,Northern Territory,Excellent presentation of NT history and Culture. Opportunity to understand the devastation caused by cyclone Tracy. It's also free entry.,Museum and Art Gallery of the Northern Territory,History museum,None,None,Local history museum,Maritime museum,Natural history museum,Science museum,Tourist attraction,Positive,2021,20,excellent presentation nt history culture opportunity understand devastation caused cyclone tracy also free entry
188,Museum,Art gallery,Art museum,Cultural landmark,Museum,True,en,Edited 11 months ago,2024-10-22T15:57:13.488Z,None,None,None,629,3672,4,Northern Territory,A small but interesting museum with  indigenous art and well presented natural history. Good restaurant. Shame the hurricane exhibition was closed,Museum and Art Gallery of the Northern Territory,History museum,None,None,Local history museum,Maritime museum,Natural history museum,Science museum,Tourist attraction,Positive,2024,22,small interesting museum indigenous art well presented natural history good restaurant shame hurricane exhibition closed
189,Museum,Art gallery,Art museum,Cultural landmark,Museum,True,en,2 years ago,2023-08-06T08:31:18.610Z,No,Weekday,No wait,207,3672,5,Northern Territory,So interesting. Great Gallery and Museum. Terrific gift shop too. Awesome visit.,Museum and Art Gallery of the Northern Territory,History museum,None,None,Local history museum,Maritime museum,Natural history museum,Science museum,Tourist attraction,Positive,2023,12,interesting great gallery museum terrific gift shop awesome visit
193,Museum,Art gallery,Art museum,Cultural landmark,Museum,True,en,2 years ago,2023-03-01T02:32:22.187Z,Not sure,Weekday,No wait,59,3672,4,Northern Territory,It was quite a good experience. The arrangements are perfect and the historic pictures do take you back to the time.,Museum and Art Gallery of the Northern Territory,History museum,None,None,Local history museum,Maritime museum,Natural history museum,Science museum,Tourist attraction,Positive,2023,21,quite good experience arrangement perfect historic picture take back time
195,Museum,Art gallery,Art museum,Cultural landmark,Museum,True,en,3 years ago,2022-07-18T04:49:02.759Z,None,None,None,411,3672,5,Northern Territory,"Worth a visit.
More the top end story. The natural history of critters and creatures. A small collection of art. An extensive record of cyclone Tracy.",Museum and Art Gallery of the Northern Territory,History museum,None,None,Local history museum,Maritime museum,Natural history museum,Science museum,Tourist attraction,Positive,2022,25,worth visit top end story natural history critter creature small collection art extensive record cyclone tracy
197,Museum,Art gallery,Art museum,Cultural landmark,Museum,True,en,a year ago,2024-04-29T07:54:05.995Z,No,Weekend,No wait,134,3672,4,Northern Territory,Various rooms with eclectic art. The Cyclone Tracey exhibit was very interesting and confronting. Worth a visit.,Museum and Art Gallery of the Northern Territory,History museum,None,None,Local history museum,Maritime museum,Natural history museum,Science museum,Tourist attraction,Positive,2024,17,various room eclectic art cyclone tracey exhibit interesting confronting worth visit
198,Museum,Art gallery,Art museum,Cultural landmark,Museum,True,en,6 months ago,2025-03-19T08:58:42.674Z,No,Weekday,No wait,136,3672,5,Northern Territory,"Well worth the time spent, plenty to see",Museum and Art Gallery of the Northern Territory,History museum,None,None,Local history museum,Maritime museum,Natural history museum,Science museum,Tourist attraction,Positive,2025,8,well worth time spent plenty see
