review_title,place_url,rating,review_text,sentiment,p_negative,p_neutral,p_positive,sentiment_label,topic_id
Spirit of Darwin Sunset Dinner Cruise | Darwin’s most affordable Dinner cruise,https://www.google.com/maps/search/?api=1&query=Spirit%20of%20Darwin%20Sunset%20Dinner%20Cruise%20%7C%20Darwin%E2%80%99s%20most%20affordable%20Dinner%20cruise&query_place_id=ChIJESgQdhuRwCwR-dBkK4jB5fE,5.0,Lovely crew! Beautiful and romantic experience 🥰,0.9997757077217102,0.00011212679964955896,0.0,0.9998878240585327,positive,2
Spirit of Darwin Sunset Dinner Cruise | Darwin’s most affordable Dinner cruise,https://www.google.com/maps/search/?api=1&query=Spirit%20of%20Darwin%20Sunset%20Dinner%20Cruise%20%7C%20Darwin%E2%80%99s%20most%20affordable%20Dinner%20cruise&query_place_id=ChIJESgQdhuRwCwR-dBkK4jB5fE,5.0,"Wow! Soooo good, enjoyed the tour and learnt a bit more about Darwin, beautiful boat, great dinner! 😁👍Thank you",0.9997006058692932,0.0001496961631346494,0.0,0.9998502731323242,positive,6
Spirit of Darwin Sunset Dinner Cruise | Darwin’s most affordable Dinner cruise,https://www.google.com/maps/search/?api=1&query=Spirit%20of%20Darwin%20Sunset%20Dinner%20Cruise%20%7C%20Darwin%E2%80%99s%20most%20affordable%20Dinner%20cruise&query_place_id=ChIJESgQdhuRwCwR-dBkK4jB5fE,5.0,An amazing evening! Penny and the girls were great. I'll be recommending this cruise to everyone. And the fish and chips were fresh and hot. Totally worth it and I look forward to doing it again. Well done (girl) team 🙌,0.999762773513794,0.00011863085819641128,0.0,0.999881386756897,positive,1
Spirit of Darwin Sunset Dinner Cruise | Darwin’s most affordable Dinner cruise,https://www.google.com/maps/search/?api=1&query=Spirit%20of%20Darwin%20Sunset%20Dinner%20Cruise%20%7C%20Darwin%E2%80%99s%20most%20affordable%20Dinner%20cruise&query_place_id=ChIJESgQdhuRwCwR-dBkK4jB5fE,5.0,"Awesome cruise, lovely food, great hosts and friendly staff.
Highly recommend whilst visiting Darwin.",0.9997613430023193,0.00011931835615541786,0.0,0.9998806715011597,positive,2
Spirit of Darwin Sunset Dinner Cruise | Darwin’s most affordable Dinner cruise,https://www.google.com/maps/search/?api=1&query=Spirit%20of%20Darwin%20Sunset%20Dinner%20Cruise%20%7C%20Darwin%E2%80%99s%20most%20affordable%20Dinner%20cruise&query_place_id=ChIJESgQdhuRwCwR-dBkK4jB5fE,5.0,The captain gave a detailed introduction to Darwin. The meals were delicious. We even had a small fish feeding activity along the way. My family was very satisfied with this trip.,0.9996700286865234,0.0001649606419960037,0.0,0.9998350143432617,positive,1
Spirit of Darwin Sunset Dinner Cruise | Darwin’s most affordable Dinner cruise,https://www.google.com/maps/search/?api=1&query=Spirit%20of%20Darwin%20Sunset%20Dinner%20Cruise%20%7C%20Darwin%E2%80%99s%20most%20affordable%20Dinner%20cruise&query_place_id=ChIJESgQdhuRwCwR-dBkK4jB5fE,5.0,This dinner cruise was excellent.   The team on the Spirit of Darwin were friendly and professional and went over and above to make sure we had a great time.  The commentary was really interesting and the quality of the sound system was actually fantastic compared with what can often be the case on such cruises.   I loved the beanbags on the front deck; it gave it more of a 'cruising' feel rather than sitting inside the whole time.   The food was great and there was a really good variety of drinks available for purchase.   Overall a memorable evening.,0.9997023940086365,0.0001488041307311505,0.0,0.9998512268066406,positive,0
Spirit of Darwin Sunset Dinner Cruise | Darwin’s most affordable Dinner cruise,https://www.google.com/maps/search/?api=1&query=Spirit%20of%20Darwin%20Sunset%20Dinner%20Cruise%20%7C%20Darwin%E2%80%99s%20most%20affordable%20Dinner%20cruise&query_place_id=ChIJESgQdhuRwCwR-dBkK4jB5fE,5.0,"My partner organized this as a surprise for my birthday last night. We were both highly impressed, awesome crew so happy to have a chat, food was amazing and the sunset was beautiful. Cannot recommend this highly enough!",0.9997372627258301,0.00013137083442416042,0.0,0.999868631362915,positive,2
Spirit of Darwin Sunset Dinner Cruise | Darwin’s most affordable Dinner cruise,https://www.google.com/maps/search/?api=1&query=Spirit%20of%20Darwin%20Sunset%20Dinner%20Cruise%20%7C%20Darwin%E2%80%99s%20most%20affordable%20Dinner%20cruise&query_place_id=ChIJESgQdhuRwCwR-dBkK4jB5fE,5.0,"What a hidden gem! This family-owned and operated cruise was the perfect ending to our travels in Darwin. Would recommend to all my friends but none of them are Aussies!!! Great tour of the city and wonderful views, we enjoyed our literal last minute booking and dinner with the cruise staff being fun to talk with and extremely knowledgable. Dinner was extra tasty and the appetizers as we cruised were a nice bonus. Highly recommend versus other cruises!!!! Thanks",0.9995723962783813,0.00021382291743066162,0.0,0.9997861981391907,positive,0
Spirit of Darwin Sunset Dinner Cruise | Darwin’s most affordable Dinner cruise,https://www.google.com/maps/search/?api=1&query=Spirit%20of%20Darwin%20Sunset%20Dinner%20Cruise%20%7C%20Darwin%E2%80%99s%20most%20affordable%20Dinner%20cruise&query_place_id=ChIJESgQdhuRwCwR-dBkK4jB5fE,5.0,Great value. Excellent dinner. Fish feeding a bonus. Well done. Highly recommend.,0.9997370839118958,0.000131442749989219,0.0,0.9998685121536255,positive,2
Spirit of Darwin Sunset Dinner Cruise | Darwin’s most affordable Dinner cruise,https://www.google.com/maps/search/?api=1&query=Spirit%20of%20Darwin%20Sunset%20Dinner%20Cruise%20%7C%20Darwin%E2%80%99s%20most%20affordable%20Dinner%20cruise&query_place_id=ChIJESgQdhuRwCwR-dBkK4jB5fE,5.0,Absolutely the most beautiful sunset I’ve ever seen. You watch the sun going down and the magnificent colours of the sunset. They are the most brilliant comours.,0.9996748566627502,0.00016252782370429486,0.0,0.9998373985290527,positive,7
Spirit of Darwin Sunset Dinner Cruise | Darwin’s most affordable Dinner cruise,https://www.google.com/maps/search/?api=1&query=Spirit%20of%20Darwin%20Sunset%20Dinner%20Cruise%20%7C%20Darwin%E2%80%99s%20most%20affordable%20Dinner%20cruise&query_place_id=ChIJESgQdhuRwCwR-dBkK4jB5fE,5.0,"Great atmosphere from the first moment  Friendly welcoming staff. Food was fresh and delicious.  Drinks were cold and good value.
Commentary and cruise was very relaxing and informative.  I would definitely put this on the must do for Darwin",0.9996986389160156,0.00015067656931933016,0.0,0.9998493194580078,positive,2
Spirit of Darwin Sunset Dinner Cruise | Darwin’s most affordable Dinner cruise,https://www.google.com/maps/search/?api=1&query=Spirit%20of%20Darwin%20Sunset%20Dinner%20Cruise%20%7C%20Darwin%E2%80%99s%20most%20affordable%20Dinner%20cruise&query_place_id=ChIJESgQdhuRwCwR-dBkK4jB5fE,1.0,"I am certain that your cruises are exceptional, but why would you obstruct the view of the sunset from the primary Cable beach viewing point? There are numerous individuals on the beach; therefore, I kindly request that you move slightly to the side of the main viewing platform for the benefit of others.",-0.8569849133491516,0.9284924268722534,0.0,0.07150750607252121,negative,7
Spirit of Darwin Sunset Dinner Cruise | Darwin’s most affordable Dinner cruise,https://www.google.com/maps/search/?api=1&query=Spirit%20of%20Darwin%20Sunset%20Dinner%20Cruise%20%7C%20Darwin%E2%80%99s%20most%20affordable%20Dinner%20cruise&query_place_id=ChIJESgQdhuRwCwR-dBkK4jB5fE,5.0,Great food. Wonderful friendly staff.,0.9997613430023193,0.00011933360656257719,0.0,0.9998806715011597,positive,2
Spirit of Darwin Sunset Dinner Cruise | Darwin’s most affordable Dinner cruise,https://www.google.com/maps/search/?api=1&query=Spirit%20of%20Darwin%20Sunset%20Dinner%20Cruise%20%7C%20Darwin%E2%80%99s%20most%20affordable%20Dinner%20cruise&query_place_id=ChIJESgQdhuRwCwR-dBkK4jB5fE,5.0,"Great experience. All aspects of the cruise, greeting,dinner, commentary, good value for money.
Would certainly recommend.",0.9996733665466309,0.00016330828657373786,0.0,0.9998366832733154,positive,2
Spirit of Darwin Sunset Dinner Cruise | Darwin’s most affordable Dinner cruise,https://www.google.com/maps/search/?api=1&query=Spirit%20of%20Darwin%20Sunset%20Dinner%20Cruise%20%7C%20Darwin%E2%80%99s%20most%20affordable%20Dinner%20cruise&query_place_id=ChIJESgQdhuRwCwR-dBkK4jB5fE,5.0,"Booking of 6 for a birthday celebration. Service, food, crew all fantastic. Would highly recommend.",0.9995947480201721,0.0002026553120231256,0.0,0.9997974038124084,positive,2
Spirit of Darwin Sunset Dinner Cruise | Darwin’s most affordable Dinner cruise,https://www.google.com/maps/search/?api=1&query=Spirit%20of%20Darwin%20Sunset%20Dinner%20Cruise%20%7C%20Darwin%E2%80%99s%20most%20affordable%20Dinner%20cruise&query_place_id=ChIJESgQdhuRwCwR-dBkK4jB5fE,1.0,"Trying to eat dinner at the wharf (lovely btw), spirit of Darwin boat pulls up right in front of every table, starts throwing slices of white bread into the water. No fish even coming up, just polluted the water with white bread  which is so bad for fish and bird life alike. BOO 👎",-0.997277557849884,0.9986388087272644,0.0,0.0013612288748845458,negative,1
Spirit of Darwin Sunset Dinner Cruise | Darwin’s most affordable Dinner cruise,https://www.google.com/maps/search/?api=1&query=Spirit%20of%20Darwin%20Sunset%20Dinner%20Cruise%20%7C%20Darwin%E2%80%99s%20most%20affordable%20Dinner%20cruise&query_place_id=ChIJESgQdhuRwCwR-dBkK4jB5fE,5.0,Territory Day Sunset and Fireworks Cruise…..what a ripper trip.  Friendly staff that made sure everyone was taken care off.  Excellent 3 course meal and drinks at the bar.  Highly recommend.  Michelle and crew did a top job and the captain’s commentary filled in all the missing details,0.9992731213569641,0.000363401195500046,0.0,0.9996365308761597,positive,4
Spirit of Darwin Sunset Dinner Cruise | Darwin’s most affordable Dinner cruise,https://www.google.com/maps/search/?api=1&query=Spirit%20of%20Darwin%20Sunset%20Dinner%20Cruise%20%7C%20Darwin%E2%80%99s%20most%20affordable%20Dinner%20cruise&query_place_id=ChIJESgQdhuRwCwR-dBkK4jB5fE,5.0,"Highly recommend the Spirit of Darwin sunset cruise as must when visiting Darwin. A great way to spend the evening cruising around the harbour, while enjoying the sunset. Thank you Michelle, Darren and the rest of the crew. 🚢🌅 ⚓️",0.999711811542511,0.00014407069829758257,0.0,0.9998558759689331,positive,3
Spirit of Darwin Sunset Dinner Cruise | Darwin’s most affordable Dinner cruise,https://www.google.com/maps/search/?api=1&query=Spirit%20of%20Darwin%20Sunset%20Dinner%20Cruise%20%7C%20Darwin%E2%80%99s%20most%20affordable%20Dinner%20cruise&query_place_id=ChIJESgQdhuRwCwR-dBkK4jB5fE,3.0,Trip was cancelled by the provider. Did get 24 hrs notice; promised a refund.,-0.9970563054084778,0.9985281229019165,0.0,0.0014717968879267573,negative,5
Spirit of Darwin Sunset Dinner Cruise | Darwin’s most affordable Dinner cruise,https://www.google.com/maps/search/?api=1&query=Spirit%20of%20Darwin%20Sunset%20Dinner%20Cruise%20%7C%20Darwin%E2%80%99s%20most%20affordable%20Dinner%20cruise&query_place_id=ChIJESgQdhuRwCwR-dBkK4jB5fE,1.0,"Four of us booked and paid for this cruise. We booked another tour for the following day but it had to be bought forward to same day as the cruise. Although the day tour was supposed to be finished by 3pm it didn’t finish until 5pm. We called Darwin Sunset Cruises to change it to any of the next 5 days, NOT asking for a refund but just to defer.
Apparently you need to give 72 hours notice which we couldn’t do. There was no compassion or any other option but just NO NO NO!
It could have been a great cruise but after losing $600 it left a bitter taste in my mouth.",-0.9980491995811462,0.9990246295928955,0.0,0.0009754220372997224,negative,0
Spirit of Darwin Sunset Dinner Cruise | Darwin’s most affordable Dinner cruise,https://www.google.com/maps/search/?api=1&query=Spirit%20of%20Darwin%20Sunset%20Dinner%20Cruise%20%7C%20Darwin%E2%80%99s%20most%20affordable%20Dinner%20cruise&query_place_id=ChIJESgQdhuRwCwR-dBkK4jB5fE,4.0,Toller Trip... sehr empfehlenswert. Ob mit Dinner oder nur mit der Snack-Option auf dem Oberdeck. Die Preise für Getränke sind gut. Wir haben uns direkt für eine Flasche Wein entschieden. Das Schiff ist in guten Zustand und der Service war super.,-0.9819102883338928,0.9909551739692688,0.0,0.009044881910085678,negative,2
Spirit of Darwin Sunset Dinner Cruise | Darwin’s most affordable Dinner cruise,https://www.google.com/maps/search/?api=1&query=Spirit%20of%20Darwin%20Sunset%20Dinner%20Cruise%20%7C%20Darwin%E2%80%99s%20most%20affordable%20Dinner%20cruise&query_place_id=ChIJESgQdhuRwCwR-dBkK4jB5fE,5.0,A great experience with great hosts and great food. A well recommended evening cruise.,0.9997797608375549,0.00011011739115929231,0.0,0.9998898506164551,positive,2
Spirit of Darwin Sunset Dinner Cruise | Darwin’s most affordable Dinner cruise,https://www.google.com/maps/search/?api=1&query=Spirit%20of%20Darwin%20Sunset%20Dinner%20Cruise%20%7C%20Darwin%E2%80%99s%20most%20affordable%20Dinner%20cruise&query_place_id=ChIJESgQdhuRwCwR-dBkK4jB5fE,5.0,"Must do. Lovely staff, informative and good food.",0.9997594952583313,0.00012024259922327474,0.0,0.9998797178268433,positive,3
Spirit of Darwin Sunset Dinner Cruise | Darwin’s most affordable Dinner cruise,https://www.google.com/maps/search/?api=1&query=Spirit%20of%20Darwin%20Sunset%20Dinner%20Cruise%20%7C%20Darwin%E2%80%99s%20most%20affordable%20Dinner%20cruise&query_place_id=ChIJESgQdhuRwCwR-dBkK4jB5fE,5.0,"What a fantastic experience. From our first call to arrange a large group to the dinner cruise. Service was nothing short of excellent, food delicious. Thank you Michelle and all of the staff for making our night wonderful. I would recommend.",0.9997711181640625,0.00011442574759712443,0.0,0.9998855590820312,positive,2
Spirit of Darwin Sunset Dinner Cruise | Darwin’s most affordable Dinner cruise,https://www.google.com/maps/search/?api=1&query=Spirit%20of%20Darwin%20Sunset%20Dinner%20Cruise%20%7C%20Darwin%E2%80%99s%20most%20affordable%20Dinner%20cruise&query_place_id=ChIJESgQdhuRwCwR-dBkK4jB5fE,5.0,"We recently experienced an unforgettable sunset cruise with Spirit of Darwin Cruises for the day after our wedding with all our friends and family. It was nothing short of spectacular and all our family and friends loved it. From the moment we stepped aboard, we were greeted with warm hospitality and exceptional service.

The boat itself was pristine, comfortable, and spacious, providing ample room for everyone to relax and enjoy the journey.

The booking process and communication with Michelle was excellent, even offering advice and recommendations we hadn’t thought of.

We highly recommend Spirit of Darwin for your private events or to join for any sunset cruised",0.9997468590736389,0.00012654744205065072,0.0,0.9998733997344971,positive,0
Spirit of Darwin Sunset Dinner Cruise | Darwin’s most affordable Dinner cruise,https://www.google.com/maps/search/?api=1&query=Spirit%20of%20Darwin%20Sunset%20Dinner%20Cruise%20%7C%20Darwin%E2%80%99s%20most%20affordable%20Dinner%20cruise&query_place_id=ChIJESgQdhuRwCwR-dBkK4jB5fE,5.0,We had the best experience on this cruise. Staff were friendly and the 3 course meal was excellent. Sunset was spectacular even though there was cloud. Wonderful tour thoughly recommend.,0.9997414946556091,0.00012926262570545077,0.0,0.999870777130127,positive,2
Spirit of Darwin Sunset Dinner Cruise | Darwin’s most affordable Dinner cruise,https://www.google.com/maps/search/?api=1&query=Spirit%20of%20Darwin%20Sunset%20Dinner%20Cruise%20%7C%20Darwin%E2%80%99s%20most%20affordable%20Dinner%20cruise&query_place_id=ChIJESgQdhuRwCwR-dBkK4jB5fE,5.0,"What an amazing experience! Highly recommend this tour, Family run business with alot of knowledge on local areas. Good old fashion customer service and a friendly smile from everyone. Food was great and was offered to go back for thirds or fourths if needed as well.",0.9997477531433105,0.00012610956036951393,0.0,0.9998738765716553,positive,2
Spirit of Darwin Sunset Dinner Cruise | Darwin’s most affordable Dinner cruise,https://www.google.com/maps/search/?api=1&query=Spirit%20of%20Darwin%20Sunset%20Dinner%20Cruise%20%7C%20Darwin%E2%80%99s%20most%20affordable%20Dinner%20cruise&query_place_id=ChIJESgQdhuRwCwR-dBkK4jB5fE,5.0,"Awsome experience highly recommend
So friendly worth every cent",0.9972895979881287,0.0013551905285567045,0.0,0.9986447691917419,positive,2
Spirit of Darwin Sunset Dinner Cruise | Darwin’s most affordable Dinner cruise,https://www.google.com/maps/search/?api=1&query=Spirit%20of%20Darwin%20Sunset%20Dinner%20Cruise%20%7C%20Darwin%E2%80%99s%20most%20affordable%20Dinner%20cruise&query_place_id=ChIJESgQdhuRwCwR-dBkK4jB5fE,5.0,"Wonderful night with family and friends.
The cruise, the food, the service and the whole experience was awesome.",0.9997749328613281,0.00011250465468037874,0.0,0.9998874664306641,positive,2
Spirit of Darwin Sunset Dinner Cruise | Darwin’s most affordable Dinner cruise,https://www.google.com/maps/search/?api=1&query=Spirit%20of%20Darwin%20Sunset%20Dinner%20Cruise%20%7C%20Darwin%E2%80%99s%20most%20affordable%20Dinner%20cruise&query_place_id=ChIJESgQdhuRwCwR-dBkK4jB5fE,2.0,"Lost opportunity for something special.  I was solo and promptly placed at the back in the corner table for one.  Lots of opportunities for other seating.

First course was basically cheese biscuits and a shop brought dip which was disappointing.  The main buffet was very nice but very average, nothing outstanding. But there was plenty.

My choice of red wine would normally cost me $25 cost me $55 on the boat.

The commentary was dry and tired and started always with “OK folks”. The hostess were very good and happy to accommodate.

Was promised an amazing night and it didn’t deliver, but the beautiful sunset made it a good trip.  Could be much better.",0.7683830261230469,0.11580849438905716,0.0,0.8841915130615234,positive,7
Spirit of Darwin Sunset Dinner Cruise | Darwin’s most affordable Dinner cruise,https://www.google.com/maps/search/?api=1&query=Spirit%20of%20Darwin%20Sunset%20Dinner%20Cruise%20%7C%20Darwin%E2%80%99s%20most%20affordable%20Dinner%20cruise&query_place_id=ChIJESgQdhuRwCwR-dBkK4jB5fE,5.0,Beautiful Cruise and Sunset. Lovely friendly approachable Hosts and very informative and interesting.,0.9997744560241699,0.00011278910096734762,0.0,0.999887228012085,positive,3
Spirit of Darwin Sunset Dinner Cruise | Darwin’s most affordable Dinner cruise,https://www.google.com/maps/search/?api=1&query=Spirit%20of%20Darwin%20Sunset%20Dinner%20Cruise%20%7C%20Darwin%E2%80%99s%20most%20affordable%20Dinner%20cruise&query_place_id=ChIJESgQdhuRwCwR-dBkK4jB5fE,5.0,"Fantastic dinner cruise . The food was lovely, the drinks were reasonably priced and the staff were friendly and informative.",0.9997577667236328,0.00012112849071854725,0.0,0.9998788833618164,positive,3
Spirit of Darwin Sunset Dinner Cruise | Darwin’s most affordable Dinner cruise,https://www.google.com/maps/search/?api=1&query=Spirit%20of%20Darwin%20Sunset%20Dinner%20Cruise%20%7C%20Darwin%E2%80%99s%20most%20affordable%20Dinner%20cruise&query_place_id=ChIJESgQdhuRwCwR-dBkK4jB5fE,5.0,recommend to anyone,0.9994412660598755,0.0002793871972244233,0.0,0.9997206330299377,positive,2
Spirit of Darwin Sunset Dinner Cruise | Darwin’s most affordable Dinner cruise,https://www.google.com/maps/search/?api=1&query=Spirit%20of%20Darwin%20Sunset%20Dinner%20Cruise%20%7C%20Darwin%E2%80%99s%20most%20affordable%20Dinner%20cruise&query_place_id=ChIJESgQdhuRwCwR-dBkK4jB5fE,5.0,Always a great cruise I've done it about 4 times now,0.9994667768478394,0.0002666128275450319,0.0,0.9997333884239197,positive,3
Spirit of Darwin Sunset Dinner Cruise | Darwin’s most affordable Dinner cruise,https://www.google.com/maps/search/?api=1&query=Spirit%20of%20Darwin%20Sunset%20Dinner%20Cruise%20%7C%20Darwin%E2%80%99s%20most%20affordable%20Dinner%20cruise&query_place_id=ChIJESgQdhuRwCwR-dBkK4jB5fE,5.0,"Great experience  , excellent food and drinks , with an even better crew ... highly recommended",0.9997499585151672,0.00012497720308601856,0.0,0.9998749494552612,positive,2
Spirit of Darwin Sunset Dinner Cruise | Darwin’s most affordable Dinner cruise,https://www.google.com/maps/search/?api=1&query=Spirit%20of%20Darwin%20Sunset%20Dinner%20Cruise%20%7C%20Darwin%E2%80%99s%20most%20affordable%20Dinner%20cruise&query_place_id=ChIJESgQdhuRwCwR-dBkK4jB5fE,5.0,"Fabulous evening on the water. Commentary was interesting, food delicious, sunset superb",0.999762773513794,0.00011862406972795725,0.0,0.999881386756897,positive,3
Spirit of Darwin Sunset Dinner Cruise | Darwin’s most affordable Dinner cruise,https://www.google.com/maps/search/?api=1&query=Spirit%20of%20Darwin%20Sunset%20Dinner%20Cruise%20%7C%20Darwin%E2%80%99s%20most%20affordable%20Dinner%20cruise&query_place_id=ChIJESgQdhuRwCwR-dBkK4jB5fE,4.0,Great little escape,-0.9745932221412659,0.9872965812683105,0.0,0.01270336378365755,negative,3
Spirit of Darwin Sunset Dinner Cruise | Darwin’s most affordable Dinner cruise,https://www.google.com/maps/search/?api=1&query=Spirit%20of%20Darwin%20Sunset%20Dinner%20Cruise%20%7C%20Darwin%E2%80%99s%20most%20affordable%20Dinner%20cruise&query_place_id=ChIJESgQdhuRwCwR-dBkK4jB5fE,5.0,"Wonderful experience. Truly friendly and knowledgeable staff. The buffet and over all food and drinks service was excellent. The views on the water, the time you spend on the water, and of course the sun set, definitely a much tour to do. Thank you for your hospitality.",0.9997661709785461,0.00011687675578286871,0.0,0.9998830556869507,positive,3
Spirit of Darwin Sunset Dinner Cruise | Darwin’s most affordable Dinner cruise,https://www.google.com/maps/search/?api=1&query=Spirit%20of%20Darwin%20Sunset%20Dinner%20Cruise%20%7C%20Darwin%E2%80%99s%20most%20affordable%20Dinner%20cruise&query_place_id=ChIJESgQdhuRwCwR-dBkK4jB5fE,5.0,"Beautiful views, definitely worth it. Great service.",0.9997696876525879,0.00011513696517795324,0.0,0.999884843826294,positive,3
Spirit of Darwin Sunset Dinner Cruise | Darwin’s most affordable Dinner cruise,https://www.google.com/maps/search/?api=1&query=Spirit%20of%20Darwin%20Sunset%20Dinner%20Cruise%20%7C%20Darwin%E2%80%99s%20most%20affordable%20Dinner%20cruise&query_place_id=ChIJESgQdhuRwCwR-dBkK4jB5fE,5.0,"We loved this cruise, soo relaxing",0.9993438720703125,0.00032806090894155204,0.0,0.9996719360351562,positive,3
Spirit of Darwin Sunset Dinner Cruise | Darwin’s most affordable Dinner cruise,https://www.google.com/maps/search/?api=1&query=Spirit%20of%20Darwin%20Sunset%20Dinner%20Cruise%20%7C%20Darwin%E2%80%99s%20most%20affordable%20Dinner%20cruise&query_place_id=ChIJESgQdhuRwCwR-dBkK4jB5fE,5.0,"Great crew, great cruise,  perfect sunset,  small groups with room to move,  loved the sailing too,",0.9996843338012695,0.00015783458366058767,0.0,0.9998421669006348,positive,3
Spirit of Darwin Sunset Dinner Cruise | Darwin’s most affordable Dinner cruise,https://www.google.com/maps/search/?api=1&query=Spirit%20of%20Darwin%20Sunset%20Dinner%20Cruise%20%7C%20Darwin%E2%80%99s%20most%20affordable%20Dinner%20cruise&query_place_id=ChIJESgQdhuRwCwR-dBkK4jB5fE,5.0,"Fantastic cruise run by a wonderful couple, Darren and Michelle. Would recommend this as a must do for anyone visiting Darwin. Food was great and plentiful. The local knowledge shared by Darren was very informative and at times very humorous. Cheers Pat and Christine.",0.9991392493247986,0.0004303586611058563,0.0,0.9995695948600769,positive,3
Spirit of Darwin Sunset Dinner Cruise | Darwin’s most affordable Dinner cruise,https://www.google.com/maps/search/?api=1&query=Spirit%20of%20Darwin%20Sunset%20Dinner%20Cruise%20%7C%20Darwin%E2%80%99s%20most%20affordable%20Dinner%20cruise&query_place_id=ChIJESgQdhuRwCwR-dBkK4jB5fE,5.0,"Informative commentary from our host,  great service from the crew members and lovely buffet dinner. Beautiful view of the sunset. Thank you Spirit of Darwin!",0.999749481678009,0.00012523405894171447,0.0,0.9998747110366821,positive,3
Spirit of Darwin Sunset Dinner Cruise | Darwin’s most affordable Dinner cruise,https://www.google.com/maps/search/?api=1&query=Spirit%20of%20Darwin%20Sunset%20Dinner%20Cruise%20%7C%20Darwin%E2%80%99s%20most%20affordable%20Dinner%20cruise&query_place_id=ChIJESgQdhuRwCwR-dBkK4jB5fE,1.0,"Very disappointing! Canapes for a Party of 12 people were 3 very small plates consisting of a handful of bite sized snacks on each. Staff could barely give you the time of day. At $80 per person, I would have expected a little more. Sorry, but won't be sunsetting with them again.",-0.9974603056907654,0.9987301230430603,0.0,0.0012698397040367126,negative,7
Spirit of Darwin Sunset Dinner Cruise | Darwin’s most affordable Dinner cruise,https://www.google.com/maps/search/?api=1&query=Spirit%20of%20Darwin%20Sunset%20Dinner%20Cruise%20%7C%20Darwin%E2%80%99s%20most%20affordable%20Dinner%20cruise&query_place_id=ChIJESgQdhuRwCwR-dBkK4jB5fE,5.0,Loved it very informal as well. The food was great for what we paid,0.9997162818908691,0.00014186122280079871,0.0,0.9998581409454346,positive,3
Spirit of Darwin Sunset Dinner Cruise | Darwin’s most affordable Dinner cruise,https://www.google.com/maps/search/?api=1&query=Spirit%20of%20Darwin%20Sunset%20Dinner%20Cruise%20%7C%20Darwin%E2%80%99s%20most%20affordable%20Dinner%20cruise&query_place_id=ChIJESgQdhuRwCwR-dBkK4jB5fE,3.0,"Sunset was a tiny part of the cruise. Over an hour wasted away from it looking at landmarks in the dark, unwanted commentary, overrated. Food was good. Watch the sunset elsewhere.",0.8823838233947754,0.05880811810493469,0.0,0.9411919116973877,positive,3
Spirit of Darwin Sunset Dinner Cruise | Darwin’s most affordable Dinner cruise,https://www.google.com/maps/search/?api=1&query=Spirit%20of%20Darwin%20Sunset%20Dinner%20Cruise%20%7C%20Darwin%E2%80%99s%20most%20affordable%20Dinner%20cruise&query_place_id=ChIJESgQdhuRwCwR-dBkK4jB5fE,3.0,"The views and the sunset where beautiful,  the staff were lovely but the food was terrible. Soggy over cooked brocolli  and cauliflower, prawns did not seem fresh, rice salad was average, the seafood sauce just tasted like cheap mayonnaise and the chicken was dry and had little taste. For $130 per head it was very disappointing.",-0.9994081258773804,0.9997040629386902,0.0,0.0002959187258966267,negative,7
Spirit of Darwin Sunset Dinner Cruise | Darwin’s most affordable Dinner cruise,https://www.google.com/maps/search/?api=1&query=Spirit%20of%20Darwin%20Sunset%20Dinner%20Cruise%20%7C%20Darwin%E2%80%99s%20most%20affordable%20Dinner%20cruise&query_place_id=ChIJESgQdhuRwCwR-dBkK4jB5fE,5.0,Grat nite out,-0.9810509085655212,0.990525484085083,0.0,0.009474546648561954,negative,0
Spirit of Darwin Sunset Dinner Cruise | Darwin’s most affordable Dinner cruise,https://www.google.com/maps/search/?api=1&query=Spirit%20of%20Darwin%20Sunset%20Dinner%20Cruise%20%7C%20Darwin%E2%80%99s%20most%20affordable%20Dinner%20cruise&query_place_id=ChIJESgQdhuRwCwR-dBkK4jB5fE,5.0,"Such an amazing cruise. As a local who has spent many a sunsets on the harbour the crew of spirit of Darwin made it extra special. Wasa fantastic way to spend one of mine and my partners final nights in the NT. Couldn't recommend these guys enough. If you are thinking of booking a cruise or not sure what to do in Darwin definitely book yourself and family on. And the food just topped it all off, fantastic fresh feed and definately more then enough food served",0.9991156458854675,0.0004421558405738324,0.0,0.9995577931404114,positive,2
Spirit of Darwin Sunset Dinner Cruise | Darwin’s most affordable Dinner cruise,https://www.google.com/maps/search/?api=1&query=Spirit%20of%20Darwin%20Sunset%20Dinner%20Cruise%20%7C%20Darwin%E2%80%99s%20most%20affordable%20Dinner%20cruise&query_place_id=ChIJESgQdhuRwCwR-dBkK4jB5fE,4.0,Completed the cruise and had dinner in late June 2023. Food was above average although limited with amount of meat. The commentary about the history of Darwin by the Skipper added a lot to the experience.,0.9966030120849609,0.0016984845278784633,0.0,0.9983015060424805,positive,0
Spirit of Darwin Sunset Dinner Cruise | Darwin’s most affordable Dinner cruise,https://www.google.com/maps/search/?api=1&query=Spirit%20of%20Darwin%20Sunset%20Dinner%20Cruise%20%7C%20Darwin%E2%80%99s%20most%20affordable%20Dinner%20cruise&query_place_id=ChIJESgQdhuRwCwR-dBkK4jB5fE,2.0,"Cruising into the sunset was awesome and food was great. However, the captain and his assistant Michelle were rude and unprofessional in their interaction with our group. I would not recommend this cruise company based on my experience.",0.9604588150978088,0.019770560786128044,0.0,0.980229377746582,positive,2
Spirit of Darwin Sunset Dinner Cruise | Darwin’s most affordable Dinner cruise,https://www.google.com/maps/search/?api=1&query=Spirit%20of%20Darwin%20Sunset%20Dinner%20Cruise%20%7C%20Darwin%E2%80%99s%20most%20affordable%20Dinner%20cruise&query_place_id=ChIJESgQdhuRwCwR-dBkK4jB5fE,1.0,"Found the captain and beverage manager, Michelle, to be abrupt, verging on rude. Food was great. The Captain's talk was dampening any attempt at conversation as 'white noise' and his dialogue could not be understood. I understand why this cruise was the only cruise with seats available at the last minute.Would not recommend this cruise when there are others to choose from",-0.9850326776504517,0.9925163388252258,0.0,0.007483679801225662,negative,0
Spirit of Darwin Sunset Dinner Cruise | Darwin’s most affordable Dinner cruise,https://www.google.com/maps/search/?api=1&query=Spirit%20of%20Darwin%20Sunset%20Dinner%20Cruise%20%7C%20Darwin%E2%80%99s%20most%20affordable%20Dinner%20cruise&query_place_id=ChIJESgQdhuRwCwR-dBkK4jB5fE,5.0,"We had a wonderful time, staff where great, very funny commentary. Awesome food and great opportunity for a brilliant sunset.",0.9997788071632385,0.00011059176176786423,0.0,0.9998893737792969,positive,3
Spirit of Darwin Sunset Dinner Cruise | Darwin’s most affordable Dinner cruise,https://www.google.com/maps/search/?api=1&query=Spirit%20of%20Darwin%20Sunset%20Dinner%20Cruise%20%7C%20Darwin%E2%80%99s%20most%20affordable%20Dinner%20cruise&query_place_id=ChIJESgQdhuRwCwR-dBkK4jB5fE,5.0,"Fantastic sunset cruise. Ticks all the boxes. Small capacity on board is perfect for personal service and attention. The crew were awesome and never let our glass run dry. The food was plentiful and well thought out with out plates or cutlery required. The cruise itself is exactly what you’re looking for, cruise into the sunset and cruise back to dock by sail. Thoroughly recommend even for a person who keeps forgetting they are subject to sea sickness!",0.9994710683822632,0.0002644553314894438,0.0,0.9997355341911316,positive,0
Spirit of Darwin Sunset Dinner Cruise | Darwin’s most affordable Dinner cruise,https://www.google.com/maps/search/?api=1&query=Spirit%20of%20Darwin%20Sunset%20Dinner%20Cruise%20%7C%20Darwin%E2%80%99s%20most%20affordable%20Dinner%20cruise&query_place_id=ChIJESgQdhuRwCwR-dBkK4jB5fE,4.0,"Very enjoyable, stunning views, good food, and informative commentary",0.9997749924659729,0.00011249457020312548,0.0,0.9998874664306641,positive,3
Spirit of Darwin Sunset Dinner Cruise | Darwin’s most affordable Dinner cruise,https://www.google.com/maps/search/?api=1&query=Spirit%20of%20Darwin%20Sunset%20Dinner%20Cruise%20%7C%20Darwin%E2%80%99s%20most%20affordable%20Dinner%20cruise&query_place_id=ChIJESgQdhuRwCwR-dBkK4jB5fE,5.0,"Great night. great food, great sunset, great commentry about Darwin as we cruised,  but best of all was the friendly, personal service from all staff",0.9993417859077454,0.0003290927561465651,0.0,0.9996708631515503,positive,2
Spirit of Darwin Sunset Dinner Cruise | Darwin’s most affordable Dinner cruise,https://www.google.com/maps/search/?api=1&query=Spirit%20of%20Darwin%20Sunset%20Dinner%20Cruise%20%7C%20Darwin%E2%80%99s%20most%20affordable%20Dinner%20cruise&query_place_id=ChIJESgQdhuRwCwR-dBkK4jB5fE,4.0,"Very enjoyable cruise, commentary was detailed. At $45 for the buffet dinner, the food component was very overpriced.",0.5649495124816895,0.21752522885799408,0.0,0.7824747562408447,positive,3
Spirit of Darwin Sunset Dinner Cruise | Darwin’s most affordable Dinner cruise,https://www.google.com/maps/search/?api=1&query=Spirit%20of%20Darwin%20Sunset%20Dinner%20Cruise%20%7C%20Darwin%E2%80%99s%20most%20affordable%20Dinner%20cruise&query_place_id=ChIJESgQdhuRwCwR-dBkK4jB5fE,5.0,"Absolute highlight of our holiday, the view from the boat is spectacular and the skipper was very knowledgeable pointing out key landmarks along the way.

The crew were incredibly friendly and helpful (even when we were 15mins late due to a baby emergency). They helped my son feed the fish which he loved.

The food was delicious and there was ample for everyone on board.

Money well spent.",0.9996914863586426,0.00015423419245053083,0.0,0.9998457431793213,positive,2
Spirit of Darwin Sunset Dinner Cruise | Darwin’s most affordable Dinner cruise,https://www.google.com/maps/search/?api=1&query=Spirit%20of%20Darwin%20Sunset%20Dinner%20Cruise%20%7C%20Darwin%E2%80%99s%20most%20affordable%20Dinner%20cruise&query_place_id=ChIJESgQdhuRwCwR-dBkK4jB5fE,3.0,"We did this cruise with our family. The commentary with the history of Darwin was great & watching the sunset over the water was incredible! However the food was quite limited. The plates u r given are very small. U can help yourself to the salads but meats are served to u & u can only have 2 prawns 🦐 given to u, which was disappointing. We seemed to be cruising ahead of schedule so instead of killing some time out in the harbour watching the sunset we spent a lot of time around the wharf admiring the Ferris wheel!! While at the wharf we fed the fish 🐠. This was great, however what wasn’t great is what we fed them, WHITE BREAD!! This is terrible for marine life.
Doing so can put their health at serious risk. Bread contains gluten and yeast, which fish cannot digest properly. It also contains a lot of sugar, which is unhealthy for fish.
Far better to feed them
The fruits and vegetables that are generally alright to serve raw are bananas, plantains, pumpkins, pears, apples, carrots, potatoes and sweet potatoes. These should all be cut into small pieces before they are offered to the fish.
Overall we enjoyed the cruise but was disappointed in the food offered & the welfare of the fish.",-0.9746285676956177,0.9873142838478088,0.0,0.012685716152191162,negative,7
Spirit of Darwin Sunset Dinner Cruise | Darwin’s most affordable Dinner cruise,https://www.google.com/maps/search/?api=1&query=Spirit%20of%20Darwin%20Sunset%20Dinner%20Cruise%20%7C%20Darwin%E2%80%99s%20most%20affordable%20Dinner%20cruise&query_place_id=ChIJESgQdhuRwCwR-dBkK4jB5fE,5.0,"A lovely few hours on Darwin Harbour. Cold beers , great service , interesting commentary and buffet was good. Lots of people but be patient. Plenty of food and seconds if you want it. Tip - sit on top deck as downstairs can get very noisy.",0.985453188419342,0.007273405324667692,0.0,0.9927265644073486,positive,3
Spirit of Darwin Sunset Dinner Cruise | Darwin’s most affordable Dinner cruise,https://www.google.com/maps/search/?api=1&query=Spirit%20of%20Darwin%20Sunset%20Dinner%20Cruise%20%7C%20Darwin%E2%80%99s%20most%20affordable%20Dinner%20cruise&query_place_id=ChIJESgQdhuRwCwR-dBkK4jB5fE,5.0,"Amazing experience and views of Darwin and the arafura! Captain and crew were extremely experienced and friendly. An awesome tour of Darwin harbour and highly recommend!
Even though weather prevented the sunset views it was very much worth every cent!",0.9997093677520752,0.00014532504428643733,0.0,0.9998546838760376,positive,2
Spirit of Darwin Sunset Dinner Cruise | Darwin’s most affordable Dinner cruise,https://www.google.com/maps/search/?api=1&query=Spirit%20of%20Darwin%20Sunset%20Dinner%20Cruise%20%7C%20Darwin%E2%80%99s%20most%20affordable%20Dinner%20cruise&query_place_id=ChIJESgQdhuRwCwR-dBkK4jB5fE,5.0,Amazing food.I would highly recommend this cruise .Wonderful crew.Most enjoyable evening.,0.9997754693031311,0.00011226502829231322,0.0,0.9998877048492432,positive,2
Spirit of Darwin Sunset Dinner Cruise | Darwin’s most affordable Dinner cruise,https://www.google.com/maps/search/?api=1&query=Spirit%20of%20Darwin%20Sunset%20Dinner%20Cruise%20%7C%20Darwin%E2%80%99s%20most%20affordable%20Dinner%20cruise&query_place_id=ChIJESgQdhuRwCwR-dBkK4jB5fE,5.0,Awesome cruise with awesome staff. Recommend for a romantic scenic sunset.,0.9997572898864746,0.00012132847041357309,0.0,0.9998786449432373,positive,2
Spirit of Darwin Sunset Dinner Cruise | Darwin’s most affordable Dinner cruise,https://www.google.com/maps/search/?api=1&query=Spirit%20of%20Darwin%20Sunset%20Dinner%20Cruise%20%7C%20Darwin%E2%80%99s%20most%20affordable%20Dinner%20cruise&query_place_id=ChIJESgQdhuRwCwR-dBkK4jB5fE,5.0,A truely memorable cruise with amazing staff who will ensure your time on board is a special one no matter the occasion,0.9997568726539612,0.00012154617434134707,0.0,0.9998784065246582,positive,0
Spirit of Darwin Sunset Dinner Cruise | Darwin’s most affordable Dinner cruise,https://www.google.com/maps/search/?api=1&query=Spirit%20of%20Darwin%20Sunset%20Dinner%20Cruise%20%7C%20Darwin%E2%80%99s%20most%20affordable%20Dinner%20cruise&query_place_id=ChIJESgQdhuRwCwR-dBkK4jB5fE,5.0,Very enjoyable good Coventry on Darwin,0.9997434616088867,0.0001282962184632197,0.0,0.9998717308044434,positive,3
Spirit of Darwin Sunset Dinner Cruise | Darwin’s most affordable Dinner cruise,https://www.google.com/maps/search/?api=1&query=Spirit%20of%20Darwin%20Sunset%20Dinner%20Cruise%20%7C%20Darwin%E2%80%99s%20most%20affordable%20Dinner%20cruise&query_place_id=ChIJESgQdhuRwCwR-dBkK4jB5fE,4.0,"Beautiful sunset from the cruise! It was raining at the beginning thought that would be cloudy sunset but luckily it was beautiful sunset. Food is okay, got one complimentary drink also dessert. Can’t complain..",0.9990996718406677,0.00045011425390839577,0.0,0.9995498061180115,positive,3
Spirit of Darwin Sunset Dinner Cruise | Darwin’s most affordable Dinner cruise,https://www.google.com/maps/search/?api=1&query=Spirit%20of%20Darwin%20Sunset%20Dinner%20Cruise%20%7C%20Darwin%E2%80%99s%20most%20affordable%20Dinner%20cruise&query_place_id=ChIJESgQdhuRwCwR-dBkK4jB5fE,1.0,"For the over priced cost of this sunset dinner cruise wasn't worth it.. It was over crowded, the food hot and cold was below average..  Air Con wasn't working properly, very stuffy inside..The bar was slow, as was the table waiters.. Don't be fooled by the advertised photos for this cruise.. The sunset was the only plus, the rest was a waste of money...Very disappointing ..",-0.9995999932289124,0.9998000264167786,0.0,0.00020000584481749684,negative,7
Spirit of Darwin Sunset Dinner Cruise | Darwin’s most affordable Dinner cruise,https://www.google.com/maps/search/?api=1&query=Spirit%20of%20Darwin%20Sunset%20Dinner%20Cruise%20%7C%20Darwin%E2%80%99s%20most%20affordable%20Dinner%20cruise&query_place_id=ChIJESgQdhuRwCwR-dBkK4jB5fE,4.0,We had great weather and the service was very good.,0.9997196793556213,0.00014014415501151234,0.0,0.9998598098754883,positive,3
Spirit of Darwin Sunset Dinner Cruise | Darwin’s most affordable Dinner cruise,https://www.google.com/maps/search/?api=1&query=Spirit%20of%20Darwin%20Sunset%20Dinner%20Cruise%20%7C%20Darwin%E2%80%99s%20most%20affordable%20Dinner%20cruise&query_place_id=ChIJESgQdhuRwCwR-dBkK4jB5fE,5.0,"A lovely cruise to end our trip in Darwin. Some commentary + history shared by the host as we sailed along!
A complementary drink on arrival and reasonable priced drinks can be purchased thereafter from the bar. Food was a buffet style and was of good quality.
The boat is comfortable but not the most modern.",0.9953869581222534,0.0023065500427037477,0.0,0.9976934790611267,positive,3
Spirit of Darwin Sunset Dinner Cruise | Darwin’s most affordable Dinner cruise,https://www.google.com/maps/search/?api=1&query=Spirit%20of%20Darwin%20Sunset%20Dinner%20Cruise%20%7C%20Darwin%E2%80%99s%20most%20affordable%20Dinner%20cruise&query_place_id=ChIJESgQdhuRwCwR-dBkK4jB5fE,5.0,"The staffs are so warm and helpful, the host shared a lot of educational informations along the cruise, it is clean inside and outside, the foods are amazing but I was expecting more seafood, absolute excellent service.",0.9987678527832031,0.0006160722696222365,0.0,0.9993839263916016,positive,0
Spirit of Darwin Sunset Dinner Cruise | Darwin’s most affordable Dinner cruise,https://www.google.com/maps/search/?api=1&query=Spirit%20of%20Darwin%20Sunset%20Dinner%20Cruise%20%7C%20Darwin%E2%80%99s%20most%20affordable%20Dinner%20cruise&query_place_id=ChIJESgQdhuRwCwR-dBkK4jB5fE,5.0,"Had a fantastic time, staff were great, plenty of food, all while watching the beautiful sunset! 😊",0.999763011932373,0.00011848976282635704,0.0,0.9998815059661865,positive,3
Spirit of Darwin Sunset Dinner Cruise | Darwin’s most affordable Dinner cruise,https://www.google.com/maps/search/?api=1&query=Spirit%20of%20Darwin%20Sunset%20Dinner%20Cruise%20%7C%20Darwin%E2%80%99s%20most%20affordable%20Dinner%20cruise&query_place_id=ChIJESgQdhuRwCwR-dBkK4jB5fE,5.0,Omg what a wonderful event to do while in Darwin. We sailed last night and we enjoyed the whole evening. Great staff excellent food ( the buffet is back) with delicious prawns enough for second helpings!! Very knowledgeable Captain with interesting guides it’s a must do.,0.9996883273124695,0.00015583771164529026,0.0,0.9998441934585571,positive,3
Spirit of Darwin Sunset Dinner Cruise | Darwin’s most affordable Dinner cruise,https://www.google.com/maps/search/?api=1&query=Spirit%20of%20Darwin%20Sunset%20Dinner%20Cruise%20%7C%20Darwin%E2%80%99s%20most%20affordable%20Dinner%20cruise&query_place_id=ChIJESgQdhuRwCwR-dBkK4jB5fE,4.0,"Great night, skipper was very informative, on the mic most of the cruise, beautiful
Dinner. Reasonable bar prices.
Thoroughly recommend.",0.9997074604034424,0.00014629033103119582,0.0,0.9998537302017212,positive,3
Spirit of Darwin Sunset Dinner Cruise | Darwin’s most affordable Dinner cruise,https://www.google.com/maps/search/?api=1&query=Spirit%20of%20Darwin%20Sunset%20Dinner%20Cruise%20%7C%20Darwin%E2%80%99s%20most%20affordable%20Dinner%20cruise&query_place_id=ChIJESgQdhuRwCwR-dBkK4jB5fE,5.0,"Wonderful evening, we all had a fantastic time, thank you!",0.9997497200965881,0.0001251158828381449,0.0,0.9998748302459717,positive,2
Spirit of Darwin Sunset Dinner Cruise | Darwin’s most affordable Dinner cruise,https://www.google.com/maps/search/?api=1&query=Spirit%20of%20Darwin%20Sunset%20Dinner%20Cruise%20%7C%20Darwin%E2%80%99s%20most%20affordable%20Dinner%20cruise&query_place_id=ChIJESgQdhuRwCwR-dBkK4jB5fE,5.0,Best cruise experience in Darwin. We hired the whole cruise on 2 different occasions for private community events and they looked after us really well... Strongly recommended,0.9994692206382751,0.00026536229415796697,0.0,0.9997345805168152,positive,0
Spirit of Darwin Sunset Dinner Cruise | Darwin’s most affordable Dinner cruise,https://www.google.com/maps/search/?api=1&query=Spirit%20of%20Darwin%20Sunset%20Dinner%20Cruise%20%7C%20Darwin%E2%80%99s%20most%20affordable%20Dinner%20cruise&query_place_id=ChIJESgQdhuRwCwR-dBkK4jB5fE,4.0,"Fantastic value, harbour cruise and buffet. Great informative commentary and real friendly staff. A  genuine tourist attraction.",0.9997589588165283,0.00012050603254465386,0.0,0.9998794794082642,positive,3
Spirit of Darwin Sunset Dinner Cruise | Darwin’s most affordable Dinner cruise,https://www.google.com/maps/search/?api=1&query=Spirit%20of%20Darwin%20Sunset%20Dinner%20Cruise%20%7C%20Darwin%E2%80%99s%20most%20affordable%20Dinner%20cruise&query_place_id=ChIJESgQdhuRwCwR-dBkK4jB5fE,2.0,Need to book well in advance...like 2 months,-0.9888119101524353,0.99440598487854,0.0,0.0055940644815564156,negative,5
Spirit of Darwin Sunset Dinner Cruise | Darwin’s most affordable Dinner cruise,https://www.google.com/maps/search/?api=1&query=Spirit%20of%20Darwin%20Sunset%20Dinner%20Cruise%20%7C%20Darwin%E2%80%99s%20most%20affordable%20Dinner%20cruise&query_place_id=ChIJESgQdhuRwCwR-dBkK4jB5fE,5.0,"Absolutely wonderful experience.

The commentary was excellent, staff were very good, food was delightful (excellent vegan options) and the sights were glorious. Overall a very pleasant cruise. Highly recommend.",0.9997744560241699,0.00011275952419964597,0.0,0.999887228012085,positive,2
Spirit of Darwin Sunset Dinner Cruise | Darwin’s most affordable Dinner cruise,https://www.google.com/maps/search/?api=1&query=Spirit%20of%20Darwin%20Sunset%20Dinner%20Cruise%20%7C%20Darwin%E2%80%99s%20most%20affordable%20Dinner%20cruise&query_place_id=ChIJESgQdhuRwCwR-dBkK4jB5fE,5.0,"Our family of three (two adults and a four year old) had an awesome evening on board! The food was delicious, the view was fantastic and the service was so friendly. The whole vibe of the crew and captain made the experience awesome. Would definitely go again!",0.9997726082801819,0.00011369561980245635,0.0,0.9998862743377686,positive,2
Spirit of Darwin Sunset Dinner Cruise | Darwin’s most affordable Dinner cruise,https://www.google.com/maps/search/?api=1&query=Spirit%20of%20Darwin%20Sunset%20Dinner%20Cruise%20%7C%20Darwin%E2%80%99s%20most%20affordable%20Dinner%20cruise&query_place_id=ChIJESgQdhuRwCwR-dBkK4jB5fE,5.0,What a great trip.food experience was great. Staff very friendly and helpful.,0.9997563362121582,0.00012181083002360538,0.0,0.9998781681060791,positive,2
Spirit of Darwin Sunset Dinner Cruise | Darwin’s most affordable Dinner cruise,https://www.google.com/maps/search/?api=1&query=Spirit%20of%20Darwin%20Sunset%20Dinner%20Cruise%20%7C%20Darwin%E2%80%99s%20most%20affordable%20Dinner%20cruise&query_place_id=ChIJESgQdhuRwCwR-dBkK4jB5fE,5.0,Another great experience in Darwin. Spent the better part of two hours on the Spirit of Darwin Sunset Cruise. Complimentary drink and buffet dinner was included in my ticket. The cruise crew and skipper were all very friendly and approachable and extremely knowledgeable about Darwin and the surrounding area. Absolutely the best view you can get of Darwin's infamous sunset!,0.9993740916252136,0.000312968622893095,0.0,0.9996870756149292,positive,2
Spirit of Darwin Sunset Dinner Cruise | Darwin’s most affordable Dinner cruise,https://www.google.com/maps/search/?api=1&query=Spirit%20of%20Darwin%20Sunset%20Dinner%20Cruise%20%7C%20Darwin%E2%80%99s%20most%20affordable%20Dinner%20cruise&query_place_id=ChIJESgQdhuRwCwR-dBkK4jB5fE,5.0,"Amazing cruise. Great commentary. Fantastic event. Would highly recommend it to others.
One of the best cruises I have been on. The staff went out of their way to make us happy.",0.9997289776802063,0.00013547865091823041,0.0,0.9998644590377808,positive,0
Spirit of Darwin Sunset Dinner Cruise | Darwin’s most affordable Dinner cruise,https://www.google.com/maps/search/?api=1&query=Spirit%20of%20Darwin%20Sunset%20Dinner%20Cruise%20%7C%20Darwin%E2%80%99s%20most%20affordable%20Dinner%20cruise&query_place_id=ChIJESgQdhuRwCwR-dBkK4jB5fE,2.0,"It was cancelled due to captain having Covid.
I would have thought they would have had a backup.
Not happy Jan !",-0.999569296836853,0.9997846484184265,0.0,0.00021534552797675133,negative,1
Spirit of Darwin Sunset Dinner Cruise | Darwin’s most affordable Dinner cruise,https://www.google.com/maps/search/?api=1&query=Spirit%20of%20Darwin%20Sunset%20Dinner%20Cruise%20%7C%20Darwin%E2%80%99s%20most%20affordable%20Dinner%20cruise&query_place_id=ChIJESgQdhuRwCwR-dBkK4jB5fE,5.0,This cruise was fabulous! Great views... loved the Captains commentary and learning some of Darwin's history! Perfect place to capture the spectacular sunset display! Worth every $!,0.9997476935386658,0.0001261579163838178,0.0,0.9998738765716553,positive,3
Spirit of Darwin Sunset Dinner Cruise | Darwin’s most affordable Dinner cruise,https://www.google.com/maps/search/?api=1&query=Spirit%20of%20Darwin%20Sunset%20Dinner%20Cruise%20%7C%20Darwin%E2%80%99s%20most%20affordable%20Dinner%20cruise&query_place_id=ChIJESgQdhuRwCwR-dBkK4jB5fE,5.0,Great experience great crew,0.9997484683990479,0.00012573780259117484,0.0,0.9998742341995239,positive,2
Spirit of Darwin Sunset Dinner Cruise | Darwin’s most affordable Dinner cruise,https://www.google.com/maps/search/?api=1&query=Spirit%20of%20Darwin%20Sunset%20Dinner%20Cruise%20%7C%20Darwin%E2%80%99s%20most%20affordable%20Dinner%20cruise&query_place_id=ChIJESgQdhuRwCwR-dBkK4jB5fE,5.0,Wonderful dinner and wonderful sunset!!! This cruise is the best for having a special night!,0.9997761845588684,0.00011189417273271829,0.0,0.9998880624771118,positive,2
Spirit of Darwin Sunset Dinner Cruise | Darwin’s most affordable Dinner cruise,https://www.google.com/maps/search/?api=1&query=Spirit%20of%20Darwin%20Sunset%20Dinner%20Cruise%20%7C%20Darwin%E2%80%99s%20most%20affordable%20Dinner%20cruise&query_place_id=ChIJESgQdhuRwCwR-dBkK4jB5fE,5.0,"Had a GREAT NIGHT
Food was delish",0.9117685556411743,0.044115740805864334,0.0,0.9558842778205872,positive,2
Spirit of Darwin Sunset Dinner Cruise | Darwin’s most affordable Dinner cruise,https://www.google.com/maps/search/?api=1&query=Spirit%20of%20Darwin%20Sunset%20Dinner%20Cruise%20%7C%20Darwin%E2%80%99s%20most%20affordable%20Dinner%20cruise&query_place_id=ChIJESgQdhuRwCwR-dBkK4jB5fE,5.0,"Was a great way to have a dinner out,  hosts kept it casual and fun,  seen an amazing sunset,  walked along a semi secluded beach, the fish and chips were awesome and fresh.",0.9997401833534241,0.00012990094546694309,0.0,0.9998700618743896,positive,2
Spirit of Darwin Sunset Dinner Cruise | Darwin’s most affordable Dinner cruise,https://www.google.com/maps/search/?api=1&query=Spirit%20of%20Darwin%20Sunset%20Dinner%20Cruise%20%7C%20Darwin%E2%80%99s%20most%20affordable%20Dinner%20cruise&query_place_id=ChIJESgQdhuRwCwR-dBkK4jB5fE,5.0,The food was so fresh and delicious. Staff very friendly and knowledgeable.,0.99977707862854,0.00011146596079925075,0.0,0.99988853931427,positive,2
Spirit of Darwin Sunset Dinner Cruise | Darwin’s most affordable Dinner cruise,https://www.google.com/maps/search/?api=1&query=Spirit%20of%20Darwin%20Sunset%20Dinner%20Cruise%20%7C%20Darwin%E2%80%99s%20most%20affordable%20Dinner%20cruise&query_place_id=ChIJESgQdhuRwCwR-dBkK4jB5fE,5.0,Great leisurely cruise.  Nice staff,0.9997575283050537,0.00012123318447265774,0.0,0.9998787641525269,positive,2
Spirit of Darwin Sunset Dinner Cruise | Darwin’s most affordable Dinner cruise,https://www.google.com/maps/search/?api=1&query=Spirit%20of%20Darwin%20Sunset%20Dinner%20Cruise%20%7C%20Darwin%E2%80%99s%20most%20affordable%20Dinner%20cruise&query_place_id=ChIJESgQdhuRwCwR-dBkK4jB5fE,1.0,"Tried to book a dinner cruise before we left for our holiday but this was met with silence despite leaving a message. Once in Darwin made another 3 calls and 2 sms . Got to speak to a female rep who was to check availability and price to upgrade but never rang back.  Could not use the online booking as as it Did not cater for promos
Never did the cruise as our itinerary use limited.This business does not want customers.",-0.9987329244613647,0.9993664622306824,0.0,0.0006335500511340797,negative,7
Spirit of Darwin Sunset Dinner Cruise | Darwin’s most affordable Dinner cruise,https://www.google.com/maps/search/?api=1&query=Spirit%20of%20Darwin%20Sunset%20Dinner%20Cruise%20%7C%20Darwin%E2%80%99s%20most%20affordable%20Dinner%20cruise&query_place_id=ChIJESgQdhuRwCwR-dBkK4jB5fE,1.0,"Very happy to take your money but won't give you the time of day to actually make a booking. Think the technical word is thief. Very unprofessional and unethical, would advise going elsewhere.",-0.9986711740493774,0.9993355870246887,0.0,0.0006644409731961787,negative,0
Spirit of Darwin Sunset Dinner Cruise | Darwin’s most affordable Dinner cruise,https://www.google.com/maps/search/?api=1&query=Spirit%20of%20Darwin%20Sunset%20Dinner%20Cruise%20%7C%20Darwin%E2%80%99s%20most%20affordable%20Dinner%20cruise&query_place_id=ChIJESgQdhuRwCwR-dBkK4jB5fE,2.0,Disappointing very average meal,-0.9995201230049133,0.999760091304779,0.0,0.00023994478397071362,negative,7
Spirit of Darwin Sunset Dinner Cruise | Darwin’s most affordable Dinner cruise,https://www.google.com/maps/search/?api=1&query=Spirit%20of%20Darwin%20Sunset%20Dinner%20Cruise%20%7C%20Darwin%E2%80%99s%20most%20affordable%20Dinner%20cruise&query_place_id=ChIJESgQdhuRwCwR-dBkK4jB5fE,1.0,"Tried to cancel our cruise 2 weeks in advance due to lockdowns in Victoria. After numerous emails and phone calls with no response, we are still waiting for a refund. Be wary before booking in advance. Not happy.",-0.999379575252533,0.9996898174285889,0.0,0.0003102411574218422,negative,5
Spirit of Darwin Sunset Dinner Cruise | Darwin’s most affordable Dinner cruise,https://www.google.com/maps/search/?api=1&query=Spirit%20of%20Darwin%20Sunset%20Dinner%20Cruise%20%7C%20Darwin%E2%80%99s%20most%20affordable%20Dinner%20cruise&query_place_id=ChIJESgQdhuRwCwR-dBkK4jB5fE,3.0,Food was ordinary at best.,0.8511666655540466,0.07441665977239609,0.0,0.9255833029747009,positive,2
Spirit of Darwin Sunset Dinner Cruise | Darwin’s most affordable Dinner cruise,https://www.google.com/maps/search/?api=1&query=Spirit%20of%20Darwin%20Sunset%20Dinner%20Cruise%20%7C%20Darwin%E2%80%99s%20most%20affordable%20Dinner%20cruise&query_place_id=ChIJESgQdhuRwCwR-dBkK4jB5fE,5.0,Amazing sunset and the food was very good given you are on a tourist boat bouncing around the harbour.. The staff are terrific and make every effort to see that you enjoy yourselves.,0.9997628331184387,0.00011856095807161182,0.0,0.999881386756897,positive,0
Spirit of Darwin Sunset Dinner Cruise | Darwin’s most affordable Dinner cruise,https://www.google.com/maps/search/?api=1&query=Spirit%20of%20Darwin%20Sunset%20Dinner%20Cruise%20%7C%20Darwin%E2%80%99s%20most%20affordable%20Dinner%20cruise&query_place_id=ChIJESgQdhuRwCwR-dBkK4jB5fE,5.0,"Friendly staff and nice food, we had a dinner upgrade canape's commentary drink, which is $100 each. The captain gave a darwin geographical condition and some history introduction, it made this tour totally complete,  highly recommend to join spirit sunset cruises.",0.9994713068008423,0.00026434846222400665,0.0,0.9997356534004211,positive,1
Spirit of Darwin Sunset Dinner Cruise | Darwin’s most affordable Dinner cruise,https://www.google.com/maps/search/?api=1&query=Spirit%20of%20Darwin%20Sunset%20Dinner%20Cruise%20%7C%20Darwin%E2%80%99s%20most%20affordable%20Dinner%20cruise&query_place_id=ChIJESgQdhuRwCwR-dBkK4jB5fE,5.0,"Well run and organised,  not too crowded. Buffet OK. Staff friendly and helpful.  A sunset cruise in Darwin is a must.",0.9986093044281006,0.0006953357951715589,0.0,0.9993046522140503,positive,1
Spirit of Darwin Sunset Dinner Cruise | Darwin’s most affordable Dinner cruise,https://www.google.com/maps/search/?api=1&query=Spirit%20of%20Darwin%20Sunset%20Dinner%20Cruise%20%7C%20Darwin%E2%80%99s%20most%20affordable%20Dinner%20cruise&query_place_id=ChIJESgQdhuRwCwR-dBkK4jB5fE,5.0,Great cruise and food. Friendly staff,0.999762773513794,0.00011864104453707114,0.0,0.999881386756897,positive,2
Spirit of Darwin Sunset Dinner Cruise | Darwin’s most affordable Dinner cruise,https://www.google.com/maps/search/?api=1&query=Spirit%20of%20Darwin%20Sunset%20Dinner%20Cruise%20%7C%20Darwin%E2%80%99s%20most%20affordable%20Dinner%20cruise&query_place_id=ChIJESgQdhuRwCwR-dBkK4jB5fE,5.0,Had a great night and the son loves feeding the batfish and staff made my husband birthday very special,0.9989546537399292,0.0005226705106906593,0.0,0.9994773268699646,positive,2
Spirit of Darwin Sunset Dinner Cruise | Darwin’s most affordable Dinner cruise,https://www.google.com/maps/search/?api=1&query=Spirit%20of%20Darwin%20Sunset%20Dinner%20Cruise%20%7C%20Darwin%E2%80%99s%20most%20affordable%20Dinner%20cruise&query_place_id=ChIJESgQdhuRwCwR-dBkK4jB5fE,5.0,Chris and John are great hosts.,0.9997107982635498,0.00014462237595580518,0.0,0.9998553991317749,positive,2
Spirit of Darwin Sunset Dinner Cruise | Darwin’s most affordable Dinner cruise,https://www.google.com/maps/search/?api=1&query=Spirit%20of%20Darwin%20Sunset%20Dinner%20Cruise%20%7C%20Darwin%E2%80%99s%20most%20affordable%20Dinner%20cruise&query_place_id=ChIJESgQdhuRwCwR-dBkK4jB5fE,1.0,"I made 2 calls and after a promise of a cruise today  by Michelle and after sending 3 text messages with our information, which she requested,  no response.  We are so disappointed.",-0.9992323517799377,0.9996161460876465,0.0,0.00038381520425900817,negative,0
Spirit of Darwin Sunset Dinner Cruise | Darwin’s most affordable Dinner cruise,https://www.google.com/maps/search/?api=1&query=Spirit%20of%20Darwin%20Sunset%20Dinner%20Cruise%20%7C%20Darwin%E2%80%99s%20most%20affordable%20Dinner%20cruise&query_place_id=ChIJESgQdhuRwCwR-dBkK4jB5fE,3.0,"Very Dissappointing. Night started very disorganised with 30 minutes waiting in line while they managed to let about 2 people a minute onto jetty. Paid extra for additional canopies and couldn't see any difference between ours and others. The guide should know there are no heritage listed homes in the Defence precinct at Larrakeyah. I'm a local, I'm used to Darwin sub-par service but for the cost... I thought seriously about giving 2 stars. I won't be back with future visitors to the NT. Staff were lovely but value and organisation need to massively improve.",-0.9666066765785217,0.9833033680915833,0.0,0.016696671023964882,negative,0
Spirit of Darwin Sunset Dinner Cruise | Darwin’s most affordable Dinner cruise,https://www.google.com/maps/search/?api=1&query=Spirit%20of%20Darwin%20Sunset%20Dinner%20Cruise%20%7C%20Darwin%E2%80%99s%20most%20affordable%20Dinner%20cruise&query_place_id=ChIJESgQdhuRwCwR-dBkK4jB5fE,5.0,We couldn’t have been happier with our sunset dinner cruise on the Spirit of Darwin. All the staff were friendly and happy to chat with guests. We spent most of the cruise outside and could hear the commentary very clearly and only went inside to our table when the buffet dinner was served. The quality of the food was very good and there was plenty for all. Near the end of the evening we unexpectedly stopped at the wharf and threw bread overboard for all the hungry fish. It was a lovely evening.,0.9988675713539124,0.0005662147304974496,0.0,0.9994338154792786,positive,7
Spirit of Darwin Sunset Dinner Cruise | Darwin’s most affordable Dinner cruise,https://www.google.com/maps/search/?api=1&query=Spirit%20of%20Darwin%20Sunset%20Dinner%20Cruise%20%7C%20Darwin%E2%80%99s%20most%20affordable%20Dinner%20cruise&query_place_id=ChIJESgQdhuRwCwR-dBkK4jB5fE,5.0,"Great cruise. Very informative commentary, certainly knew his Darwin history. The crew were very friendly and the food was pretty good. Definitely a must do in Darwin .",0.999704122543335,0.00014793379523325711,0.0,0.9998520612716675,positive,3
Spirit of Darwin Sunset Dinner Cruise | Darwin’s most affordable Dinner cruise,https://www.google.com/maps/search/?api=1&query=Spirit%20of%20Darwin%20Sunset%20Dinner%20Cruise%20%7C%20Darwin%E2%80%99s%20most%20affordable%20Dinner%20cruise&query_place_id=ChIJESgQdhuRwCwR-dBkK4jB5fE,5.0,Very nice and relaxing cruise. Friendly staff.,0.9997501373291016,0.0001249263295903802,0.0,0.9998750686645508,positive,2
Spirit of Darwin Sunset Dinner Cruise | Darwin’s most affordable Dinner cruise,https://www.google.com/maps/search/?api=1&query=Spirit%20of%20Darwin%20Sunset%20Dinner%20Cruise%20%7C%20Darwin%E2%80%99s%20most%20affordable%20Dinner%20cruise&query_place_id=ChIJESgQdhuRwCwR-dBkK4jB5fE,5.0,"Great informative and scenic trip, the dinner was also spot on. It's worth the extra for the dinner cruise as well.",0.9997134208679199,0.00014329115219879895,0.0,0.99985671043396,positive,1
Spirit of Darwin Sunset Dinner Cruise | Darwin’s most affordable Dinner cruise,https://www.google.com/maps/search/?api=1&query=Spirit%20of%20Darwin%20Sunset%20Dinner%20Cruise%20%7C%20Darwin%E2%80%99s%20most%20affordable%20Dinner%20cruise&query_place_id=ChIJESgQdhuRwCwR-dBkK4jB5fE,5.0,"Great narrative, informative and amusing and spectacular sunset viewing.",0.9997791647911072,0.00011042675032513216,0.0,0.999889612197876,positive,3
Spirit of Darwin Sunset Dinner Cruise | Darwin’s most affordable Dinner cruise,https://www.google.com/maps/search/?api=1&query=Spirit%20of%20Darwin%20Sunset%20Dinner%20Cruise%20%7C%20Darwin%E2%80%99s%20most%20affordable%20Dinner%20cruise&query_place_id=ChIJESgQdhuRwCwR-dBkK4jB5fE,4.0,Great crew with good commentary. Good layout. New crew members doing a great job and no negative response from Michelle. Food was good. Photo opportunities for everyone. Loved the fish feeing on the way back.   My only suggestion would  be to have a systemic table by table timing for buffet. Most guests had no idea. They just lined up like sheep.,0.9921817183494568,0.003909135702997446,0.0,0.996090829372406,positive,3
Spirit of Darwin Sunset Dinner Cruise | Darwin’s most affordable Dinner cruise,https://www.google.com/maps/search/?api=1&query=Spirit%20of%20Darwin%20Sunset%20Dinner%20Cruise%20%7C%20Darwin%E2%80%99s%20most%20affordable%20Dinner%20cruise&query_place_id=ChIJESgQdhuRwCwR-dBkK4jB5fE,5.0,"We had a great time. The sunset was beautiful.  The captain was very informative, and the staff were all excellent. The food was delicious.I would highly recommend this cruise",0.99977707862854,0.00011145671305712312,0.0,0.99988853931427,positive,2
Spirit of Darwin Sunset Dinner Cruise | Darwin’s most affordable Dinner cruise,https://www.google.com/maps/search/?api=1&query=Spirit%20of%20Darwin%20Sunset%20Dinner%20Cruise%20%7C%20Darwin%E2%80%99s%20most%20affordable%20Dinner%20cruise&query_place_id=ChIJESgQdhuRwCwR-dBkK4jB5fE,5.0,"Great food, great staff and serenity.",0.999781608581543,0.00010916857718257234,0.0,0.9998908042907715,positive,2
Spirit of Darwin Sunset Dinner Cruise | Darwin’s most affordable Dinner cruise,https://www.google.com/maps/search/?api=1&query=Spirit%20of%20Darwin%20Sunset%20Dinner%20Cruise%20%7C%20Darwin%E2%80%99s%20most%20affordable%20Dinner%20cruise&query_place_id=ChIJESgQdhuRwCwR-dBkK4jB5fE,5.0,"Such a great cruise to start our Holiday- can not recommend highly enough. Seafood was amazing, cold beer and great staff onboard. Reservation team was amazing and special thanks to Gabby for great little tips.",0.9996646046638489,0.00016768391651567072,0.0,0.999832272529602,positive,4
Spirit of Darwin Sunset Dinner Cruise | Darwin’s most affordable Dinner cruise,https://www.google.com/maps/search/?api=1&query=Spirit%20of%20Darwin%20Sunset%20Dinner%20Cruise%20%7C%20Darwin%E2%80%99s%20most%20affordable%20Dinner%20cruise&query_place_id=ChIJESgQdhuRwCwR-dBkK4jB5fE,5.0,"Absolutely amazing!! Not too missed.
Darren skipper is very good and friendly. All Staff working hard to look after every passengers and customers and Staff very professional. Michelle is looking after all . I definitely recommend spirit of Darwin.",0.9996652603149414,0.00016737722035031766,0.0,0.9998326301574707,positive,0
Spirit of Darwin Sunset Dinner Cruise | Darwin’s most affordable Dinner cruise,https://www.google.com/maps/search/?api=1&query=Spirit%20of%20Darwin%20Sunset%20Dinner%20Cruise%20%7C%20Darwin%E2%80%99s%20most%20affordable%20Dinner%20cruise&query_place_id=ChIJESgQdhuRwCwR-dBkK4jB5fE,5.0,One of the best harbour cruises we have been on in Darwin! Absolutely recommend! Staff went beyond our expectations and buffet was excellent. Highly recommend,0.9996839165687561,0.00015803366841282696,0.0,0.9998419284820557,positive,0
Spirit of Darwin Sunset Dinner Cruise | Darwin’s most affordable Dinner cruise,https://www.google.com/maps/search/?api=1&query=Spirit%20of%20Darwin%20Sunset%20Dinner%20Cruise%20%7C%20Darwin%E2%80%99s%20most%20affordable%20Dinner%20cruise&query_place_id=ChIJESgQdhuRwCwR-dBkK4jB5fE,5.0,Fantastic evening. Make this a must do on your Darwin experience. Michelle is the perfect hostess. $100 for a cruise and 3 course dinner is a bargain.,0.999573290348053,0.00021335513156373054,0.0,0.9997866749763489,positive,0
Spirit of Darwin Sunset Dinner Cruise | Darwin’s most affordable Dinner cruise,https://www.google.com/maps/search/?api=1&query=Spirit%20of%20Darwin%20Sunset%20Dinner%20Cruise%20%7C%20Darwin%E2%80%99s%20most%20affordable%20Dinner%20cruise&query_place_id=ChIJESgQdhuRwCwR-dBkK4jB5fE,5.0,"Was on Thursday 8/10/20. (Barry)
STAFF very friendly and polite, would recommend this cruise to others.",0.9987252354621887,0.0006374117219820619,0.0,0.9993626475334167,positive,2
Spirit of Darwin Sunset Dinner Cruise | Darwin’s most affordable Dinner cruise,https://www.google.com/maps/search/?api=1&query=Spirit%20of%20Darwin%20Sunset%20Dinner%20Cruise%20%7C%20Darwin%E2%80%99s%20most%20affordable%20Dinner%20cruise&query_place_id=ChIJESgQdhuRwCwR-dBkK4jB5fE,1.0,"Refused to take Entertainment book voucher and lied about being fully booked whilst I explained I was still able to book online as she didn't want to redeem voucher.
Very rude staff (Michelle - owner) was quite aggressive with me on the phone.
Overcrowded - definitely no social distancing going on here!
Unorganised - dessert came out with 5 minutes before disembarking.
Food was mediocre, as was commentary from captain which could hardly be heard due to the noise level of the crowded boat.
Overpriced drinks.",-0.9971105456352234,0.9985552430152893,0.0,0.00144470133818686,negative,5
Spirit of Darwin Sunset Dinner Cruise | Darwin’s most affordable Dinner cruise,https://www.google.com/maps/search/?api=1&query=Spirit%20of%20Darwin%20Sunset%20Dinner%20Cruise%20%7C%20Darwin%E2%80%99s%20most%20affordable%20Dinner%20cruise&query_place_id=ChIJESgQdhuRwCwR-dBkK4jB5fE,5.0,Could not speak more highly of this cruise experience. Run by husband and and wife with incredible service & attention to detail. We wish Darren & Michelle the best of fortune with their business.  We would not hesitate to book again and recommend to anyone looking for a great night that is value for money.,0.9995859861373901,0.0002070072659989819,0.0,0.9997929930686951,positive,4
Spirit of Darwin Sunset Dinner Cruise | Darwin’s most affordable Dinner cruise,https://www.google.com/maps/search/?api=1&query=Spirit%20of%20Darwin%20Sunset%20Dinner%20Cruise%20%7C%20Darwin%E2%80%99s%20most%20affordable%20Dinner%20cruise&query_place_id=ChIJESgQdhuRwCwR-dBkK4jB5fE,5.0,Booked for my husband's birthday. We all had a great time. It was a  relaxing afternoon watching the sunset! Great value for money. Friendly staff. Great way to see Darwin. My 3 year old loved it! We will be back! Thank you!,0.9996793866157532,0.00016026162484195083,0.0,0.9998396635055542,positive,2
Spirit of Darwin Sunset Dinner Cruise | Darwin’s most affordable Dinner cruise,https://www.google.com/maps/search/?api=1&query=Spirit%20of%20Darwin%20Sunset%20Dinner%20Cruise%20%7C%20Darwin%E2%80%99s%20most%20affordable%20Dinner%20cruise&query_place_id=ChIJESgQdhuRwCwR-dBkK4jB5fE,1.0,Worse food ever! My kids can do better.,-0.9993249773979187,0.9996625185012817,0.0,0.0003375312371645123,negative,7
Spirit of Darwin Sunset Dinner Cruise | Darwin’s most affordable Dinner cruise,https://www.google.com/maps/search/?api=1&query=Spirit%20of%20Darwin%20Sunset%20Dinner%20Cruise%20%7C%20Darwin%E2%80%99s%20most%20affordable%20Dinner%20cruise&query_place_id=ChIJESgQdhuRwCwR-dBkK4jB5fE,5.0,"Best harbour cruise in Darwin .Top crew hosts and vessel,recommend to everyone in Darwin",0.9994467496871948,0.0002766544057521969,0.0,0.9997233748435974,positive,2
Spirit of Darwin Sunset Dinner Cruise | Darwin’s most affordable Dinner cruise,https://www.google.com/maps/search/?api=1&query=Spirit%20of%20Darwin%20Sunset%20Dinner%20Cruise%20%7C%20Darwin%E2%80%99s%20most%20affordable%20Dinner%20cruise&query_place_id=ChIJESgQdhuRwCwR-dBkK4jB5fE,5.0,Been there a couple of times and had very good experience. Excellent food and ambience accompanied with fantastic narration by captain. Michelle and team is amazing !!,0.9997718930244446,0.0001140442764153704,0.0,0.9998859167098999,positive,3
Spirit of Darwin Sunset Dinner Cruise | Darwin’s most affordable Dinner cruise,https://www.google.com/maps/search/?api=1&query=Spirit%20of%20Darwin%20Sunset%20Dinner%20Cruise%20%7C%20Darwin%E2%80%99s%20most%20affordable%20Dinner%20cruise&query_place_id=ChIJESgQdhuRwCwR-dBkK4jB5fE,5.0,Great cruise. Lovely crew. Had a great time. Would highly recommend.,0.9997379779815674,0.00013102755474392325,0.0,0.9998689889907837,positive,2
Spirit of Darwin Sunset Dinner Cruise | Darwin’s most affordable Dinner cruise,https://www.google.com/maps/search/?api=1&query=Spirit%20of%20Darwin%20Sunset%20Dinner%20Cruise%20%7C%20Darwin%E2%80%99s%20most%20affordable%20Dinner%20cruise&query_place_id=ChIJESgQdhuRwCwR-dBkK4jB5fE,5.0,"The food was excellent. Servings very generous. Staff super friendly and the kids had a ball. Was exceptionally good value for what we paid. I've done cruise tours before, and this was hands down the best.",0.9995699524879456,0.00021505930635612458,0.0,0.9997850060462952,positive,0
Spirit of Darwin Sunset Dinner Cruise | Darwin’s most affordable Dinner cruise,https://www.google.com/maps/search/?api=1&query=Spirit%20of%20Darwin%20Sunset%20Dinner%20Cruise%20%7C%20Darwin%E2%80%99s%20most%20affordable%20Dinner%20cruise&query_place_id=ChIJESgQdhuRwCwR-dBkK4jB5fE,5.0,Excellent. Great staff,0.9997305870056152,0.000134733782033436,0.0,0.9998652935028076,positive,2
Spirit of Darwin Sunset Dinner Cruise | Darwin’s most affordable Dinner cruise,https://www.google.com/maps/search/?api=1&query=Spirit%20of%20Darwin%20Sunset%20Dinner%20Cruise%20%7C%20Darwin%E2%80%99s%20most%20affordable%20Dinner%20cruise&query_place_id=ChIJESgQdhuRwCwR-dBkK4jB5fE,4.0,"Very informative of Darwin and the harbour. Happy, hardworking staff.  Glass of wine or beer on arrival with shared canape platters. Absolutely fabulous cruise.",0.9997119903564453,0.00014399297651834786,0.0,0.9998559951782227,positive,1
Spirit of Darwin Sunset Dinner Cruise | Darwin’s most affordable Dinner cruise,https://www.google.com/maps/search/?api=1&query=Spirit%20of%20Darwin%20Sunset%20Dinner%20Cruise%20%7C%20Darwin%E2%80%99s%20most%20affordable%20Dinner%20cruise&query_place_id=ChIJESgQdhuRwCwR-dBkK4jB5fE,5.0,"Great time had, awesome sunset, amazing buffet.",0.9997678399085999,0.00011607640044530854,0.0,0.9998838901519775,positive,2
Spirit of Darwin Sunset Dinner Cruise | Darwin’s most affordable Dinner cruise,https://www.google.com/maps/search/?api=1&query=Spirit%20of%20Darwin%20Sunset%20Dinner%20Cruise%20%7C%20Darwin%E2%80%99s%20most%20affordable%20Dinner%20cruise&query_place_id=ChIJESgQdhuRwCwR-dBkK4jB5fE,5.0,"departs from dock 2 stokes hill wharf , I strongly recommend the sunset buffet 2.5 hour dinner cruise. A casual setting to relax and take in the breathtaking Darwin coast line.  Your in safe hands with both husband and wife on deck offering a buffet dinner with side/s , yummy cheesecake & refreshing drinks at the bar. Consistently good service",0.9994739294052124,0.0002630642266012728,0.0,0.9997369647026062,positive,0
Spirit of Darwin Sunset Dinner Cruise | Darwin’s most affordable Dinner cruise,https://www.google.com/maps/search/?api=1&query=Spirit%20of%20Darwin%20Sunset%20Dinner%20Cruise%20%7C%20Darwin%E2%80%99s%20most%20affordable%20Dinner%20cruise&query_place_id=ChIJESgQdhuRwCwR-dBkK4jB5fE,5.0,Wonderful experience great service and great food well worth it.,0.9997737407684326,0.00011310315312584862,0.0,0.9998868703842163,positive,2
Spirit of Darwin Sunset Dinner Cruise | Darwin’s most affordable Dinner cruise,https://www.google.com/maps/search/?api=1&query=Spirit%20of%20Darwin%20Sunset%20Dinner%20Cruise%20%7C%20Darwin%E2%80%99s%20most%20affordable%20Dinner%20cruise&query_place_id=ChIJESgQdhuRwCwR-dBkK4jB5fE,5.0,Staff are Great. 1 Drink per person included.Reasonable Drink Prices after that. Very informative commentary by the Captain. Great Canapes and excellent 2 course Buffet meal.,0.9993324875831604,0.00033374741906300187,0.0,0.9996662139892578,positive,3
Spirit of Darwin Sunset Dinner Cruise | Darwin’s most affordable Dinner cruise,https://www.google.com/maps/search/?api=1&query=Spirit%20of%20Darwin%20Sunset%20Dinner%20Cruise%20%7C%20Darwin%E2%80%99s%20most%20affordable%20Dinner%20cruise&query_place_id=ChIJESgQdhuRwCwR-dBkK4jB5fE,5.0,"Absolutely the best way to finish off our time in Darwin. Darren, Michelle, Rosa and Feng Feng are the perfect hosts, informative commentary, good fresh food (plenty of prawns for seconds) and a beautiful sunset. Nice big twin hull boat, plenty of room inside and out. Thanks a million, job well done, only cruise to do. Also best of luck with Lightning McQueen on the variety bash. Excellent choice of music too.",0.9996777176856995,0.00016112151206471026,0.0,0.9998388290405273,positive,3
Spirit of Darwin Sunset Dinner Cruise | Darwin’s most affordable Dinner cruise,https://www.google.com/maps/search/?api=1&query=Spirit%20of%20Darwin%20Sunset%20Dinner%20Cruise%20%7C%20Darwin%E2%80%99s%20most%20affordable%20Dinner%20cruise&query_place_id=ChIJESgQdhuRwCwR-dBkK4jB5fE,1.0,"They certainly do not live upto their advertising. The Canapes came out and in the end had to chase the waitress for some,  then the buffet the beef was dried out and the chicken just as bad, the salads were tasteless and only two prawns per person, but you could go back for more but good luck with that.  The cruise itself was nice butv you could not hear the commentary very clearly. Said something to one of the staff and the response was ""oh well you can get something on your way home"" Very very disappointing.",-0.997797966003418,0.998898983001709,0.0,0.0011010256130248308,negative,7
Spirit of Darwin Sunset Dinner Cruise | Darwin’s most affordable Dinner cruise,https://www.google.com/maps/search/?api=1&query=Spirit%20of%20Darwin%20Sunset%20Dinner%20Cruise%20%7C%20Darwin%E2%80%99s%20most%20affordable%20Dinner%20cruise&query_place_id=ChIJESgQdhuRwCwR-dBkK4jB5fE,5.0,Sensational evening great fresh food varying friendly staff will recommend to family and friends,0.9997577667236328,0.00012111556134186685,0.0,0.9998788833618164,positive,2
Spirit of Darwin Sunset Dinner Cruise | Darwin’s most affordable Dinner cruise,https://www.google.com/maps/search/?api=1&query=Spirit%20of%20Darwin%20Sunset%20Dinner%20Cruise%20%7C%20Darwin%E2%80%99s%20most%20affordable%20Dinner%20cruise&query_place_id=ChIJESgQdhuRwCwR-dBkK4jB5fE,5.0,"Great variety of food.
Amazingly friendly staff
Great knowledge of area
Amazing view of sunset
Great value for money.",0.9997397065162659,0.00013013850548304617,0.0,0.9998698234558105,positive,2
Spirit of Darwin Sunset Dinner Cruise | Darwin’s most affordable Dinner cruise,https://www.google.com/maps/search/?api=1&query=Spirit%20of%20Darwin%20Sunset%20Dinner%20Cruise%20%7C%20Darwin%E2%80%99s%20most%20affordable%20Dinner%20cruise&query_place_id=ChIJESgQdhuRwCwR-dBkK4jB5fE,4.0,"Great night, well worth the experience food was great except the plates were way too small they were more like bread and butter plates.  They had so much food left over so you would think they could upgrade the plate size.  We would defiantly recommend this cruise as it was so nice and relaxing way to experience the Darwin Harbour.",0.9402482509613037,0.029875854030251503,0.0,0.9701241254806519,positive,0
Spirit of Darwin Sunset Dinner Cruise | Darwin’s most affordable Dinner cruise,https://www.google.com/maps/search/?api=1&query=Spirit%20of%20Darwin%20Sunset%20Dinner%20Cruise%20%7C%20Darwin%E2%80%99s%20most%20affordable%20Dinner%20cruise&query_place_id=ChIJESgQdhuRwCwR-dBkK4jB5fE,4.0,"Enjoyable! Could improve with music and updating speakers so that commentary can be easily heard from top deck.
Canopes could be served n pass around a little more for what's charged!",0.9990684986114502,0.00046575150918215513,0.0,0.9995342493057251,positive,3
Spirit of Darwin Sunset Dinner Cruise | Darwin’s most affordable Dinner cruise,https://www.google.com/maps/search/?api=1&query=Spirit%20of%20Darwin%20Sunset%20Dinner%20Cruise%20%7C%20Darwin%E2%80%99s%20most%20affordable%20Dinner%20cruise&query_place_id=ChIJESgQdhuRwCwR-dBkK4jB5fE,5.0,Best night out. Fish & Chips were delish and the whole experience on the boat and the sunset was amazing. Its a family bussiness and they know their stuff. I would highly recommend this adventure to all that visits Darwin.10 out of 10,0.9996669292449951,0.00016655064246151596,0.0,0.9998334646224976,positive,4
Spirit of Darwin Sunset Dinner Cruise | Darwin’s most affordable Dinner cruise,https://www.google.com/maps/search/?api=1&query=Spirit%20of%20Darwin%20Sunset%20Dinner%20Cruise%20%7C%20Darwin%E2%80%99s%20most%20affordable%20Dinner%20cruise&query_place_id=ChIJESgQdhuRwCwR-dBkK4jB5fE,5.0,"Fantastic cruise, Michelle and crew were great nothing was a problem, our group of 8 enjoyed a beautiful buffet meal, Michelle managed to sqeeze another couple on whom we hadn't seen for 12 months at the very last last moment, if you want a beautifully organized dinner cruise then this is the one, thanks again Michelle and crew for an unforgettable evening.  5 STARS",0.9997063279151917,0.00014678831212222576,0.0,0.9998531341552734,positive,3
Spirit of Darwin Sunset Dinner Cruise | Darwin’s most affordable Dinner cruise,https://www.google.com/maps/search/?api=1&query=Spirit%20of%20Darwin%20Sunset%20Dinner%20Cruise%20%7C%20Darwin%E2%80%99s%20most%20affordable%20Dinner%20cruise&query_place_id=ChIJESgQdhuRwCwR-dBkK4jB5fE,5.0,Absolutely fantastic,0.9997461438179016,0.000126920742332004,0.0,0.9998730421066284,positive,2
Spirit of Darwin Sunset Dinner Cruise | Darwin’s most affordable Dinner cruise,https://www.google.com/maps/search/?api=1&query=Spirit%20of%20Darwin%20Sunset%20Dinner%20Cruise%20%7C%20Darwin%E2%80%99s%20most%20affordable%20Dinner%20cruise&query_place_id=ChIJESgQdhuRwCwR-dBkK4jB5fE,5.0,"Eine Rundfahrt bei Sonnenuntergang und Essen super Aussicht
Das Menü wahr fabelhaft",-0.9324350953102112,0.966217577457428,0.0,0.03378250449895859,negative,2
Spirit of Darwin Sunset Dinner Cruise | Darwin’s most affordable Dinner cruise,https://www.google.com/maps/search/?api=1&query=Spirit%20of%20Darwin%20Sunset%20Dinner%20Cruise%20%7C%20Darwin%E2%80%99s%20most%20affordable%20Dinner%20cruise&query_place_id=ChIJESgQdhuRwCwR-dBkK4jB5fE,5.0,"A stellar and wonderful cruise if you're visiting Darwin, don't miss this one. We opted for the sunset cruise and it was a really nice time of the day, comfy & beautiful. If you're driving there's free parking right at the wharf. The boat had ample seating and a free welcome beer was so nice to start our cruise. The captain and his family were so nice and hospitable in taking good care of all of us, with a really informative guide of the waterfront & nibbles along the way. Our only regret was not taking the buffet option which looked really good and would have happily paid it if we knew how good it was. My daughter loved the fish feeding towards the end and we all left the cruise happy. Well done guys and keep up with the great work you're doing.",0.9994401335716248,0.0002799308567773551,0.0,0.99972003698349,positive,0
Spirit of Darwin Sunset Dinner Cruise | Darwin’s most affordable Dinner cruise,https://www.google.com/maps/search/?api=1&query=Spirit%20of%20Darwin%20Sunset%20Dinner%20Cruise%20%7C%20Darwin%E2%80%99s%20most%20affordable%20Dinner%20cruise&query_place_id=ChIJESgQdhuRwCwR-dBkK4jB5fE,5.0,"Absolutely fabulous cruise. Very informative of Darwin and the harbour. Happy, hardworking staff.  Glass of wine or beer on arrival with shared canape platters.  The dinner is great if you choose to do that.  Fish feeding too.  Highly recommended.",0.9996913075447083,0.0001543111284263432,0.0,0.9998456239700317,positive,1
Spirit of Darwin Sunset Dinner Cruise | Darwin’s most affordable Dinner cruise,https://www.google.com/maps/search/?api=1&query=Spirit%20of%20Darwin%20Sunset%20Dinner%20Cruise%20%7C%20Darwin%E2%80%99s%20most%20affordable%20Dinner%20cruise&query_place_id=ChIJESgQdhuRwCwR-dBkK4jB5fE,5.0,Our family of five  (children under 11 years) had a wonderful night on the Spirit of Darwin. It was an amazing way to see and photograph the sunset while relaxing and enjoying a beautiful dinner. This experience was suitable for the whole family. Thank for a great night!,0.9997550845146179,0.00012247005361132324,0.0,0.9998775720596313,positive,0
Spirit of Darwin Sunset Dinner Cruise | Darwin’s most affordable Dinner cruise,https://www.google.com/maps/search/?api=1&query=Spirit%20of%20Darwin%20Sunset%20Dinner%20Cruise%20%7C%20Darwin%E2%80%99s%20most%20affordable%20Dinner%20cruise&query_place_id=ChIJESgQdhuRwCwR-dBkK4jB5fE,5.0,"One of the best experiences we’ve had in Darwin & NT! The food was a buffet dinner, with delicious fresh seafood (prawns & oysters) and very nicely cooked meats & vegetables. The staff were super funny, especially the guy who gave the story of Darwin & its origins. The sunset is the best we’ve seen from any look out in Darwin, so we highly recommend to sit on the outside deck, not on the inside if you don’t mind having no aircon. Overall a fantastic experience!",0.9996502995491028,0.00017489802849013358,0.0,0.9998251795768738,positive,7
Spirit of Darwin Sunset Dinner Cruise | Darwin’s most affordable Dinner cruise,https://www.google.com/maps/search/?api=1&query=Spirit%20of%20Darwin%20Sunset%20Dinner%20Cruise%20%7C%20Darwin%E2%80%99s%20most%20affordable%20Dinner%20cruise&query_place_id=ChIJESgQdhuRwCwR-dBkK4jB5fE,3.0,"It was okay, I think a update on the buffet choices would be great.",0.9977331161499023,0.001133450772613287,0.0,0.9988665580749512,positive,3
Spirit of Darwin Sunset Dinner Cruise | Darwin’s most affordable Dinner cruise,https://www.google.com/maps/search/?api=1&query=Spirit%20of%20Darwin%20Sunset%20Dinner%20Cruise%20%7C%20Darwin%E2%80%99s%20most%20affordable%20Dinner%20cruise&query_place_id=ChIJESgQdhuRwCwR-dBkK4jB5fE,4.0,"Wonderful and informative hosts, delicious food and a gorgeous sunset, what more could you ask for? Spirit is starting to show her age but the only downside. I'd recommend this trip to visitors.",0.9988365173339844,0.0005817530327476561,0.0,0.9994182586669922,positive,2
Spirit of Darwin Sunset Dinner Cruise | Darwin’s most affordable Dinner cruise,https://www.google.com/maps/search/?api=1&query=Spirit%20of%20Darwin%20Sunset%20Dinner%20Cruise%20%7C%20Darwin%E2%80%99s%20most%20affordable%20Dinner%20cruise&query_place_id=ChIJESgQdhuRwCwR-dBkK4jB5fE,5.0,This is also one very important must do experience here in Darwin. Evening Sunset Dinner c Cruise on Spirit of Darwin,0.9967556595802307,0.0016221643891185522,0.0,0.998377799987793,positive,0
Spirit of Darwin Sunset Dinner Cruise | Darwin’s most affordable Dinner cruise,https://www.google.com/maps/search/?api=1&query=Spirit%20of%20Darwin%20Sunset%20Dinner%20Cruise%20%7C%20Darwin%E2%80%99s%20most%20affordable%20Dinner%20cruise&query_place_id=ChIJESgQdhuRwCwR-dBkK4jB5fE,5.0,Excellent sunset cruise. Views amazing. Crew was friendly and efficient. A must do when in Darwin.,0.9996970295906067,0.00015148472448345274,0.0,0.999848484992981,positive,2
Spirit of Darwin Sunset Dinner Cruise | Darwin’s most affordable Dinner cruise,https://www.google.com/maps/search/?api=1&query=Spirit%20of%20Darwin%20Sunset%20Dinner%20Cruise%20%7C%20Darwin%E2%80%99s%20most%20affordable%20Dinner%20cruise&query_place_id=ChIJESgQdhuRwCwR-dBkK4jB5fE,5.0,"The cruise was a must do, we lucked in with a summer storm rolling through.  The top deck is definantly the spot as it keeps the fresh air on your face and doesnt obstruct the views",0.9979298710823059,0.0010350452503189445,0.0,0.9989649057388306,positive,7
Spirit of Darwin Sunset Dinner Cruise | Darwin’s most affordable Dinner cruise,https://www.google.com/maps/search/?api=1&query=Spirit%20of%20Darwin%20Sunset%20Dinner%20Cruise%20%7C%20Darwin%E2%80%99s%20most%20affordable%20Dinner%20cruise&query_place_id=ChIJESgQdhuRwCwR-dBkK4jB5fE,5.0,Mind blowing,0.9961672425270081,0.0019163695396855474,0.0,0.9980835914611816,positive,0
Spirit of Darwin Sunset Dinner Cruise | Darwin’s most affordable Dinner cruise,https://www.google.com/maps/search/?api=1&query=Spirit%20of%20Darwin%20Sunset%20Dinner%20Cruise%20%7C%20Darwin%E2%80%99s%20most%20affordable%20Dinner%20cruise&query_place_id=ChIJESgQdhuRwCwR-dBkK4jB5fE,5.0,"Great commentary, very informative. Relaxed atmosphere. Best sunsets in Australia/the world. Great food!",0.9997609257698059,0.00011951261694775894,0.0,0.9998804330825806,positive,3
Spirit of Darwin Sunset Dinner Cruise | Darwin’s most affordable Dinner cruise,https://www.google.com/maps/search/?api=1&query=Spirit%20of%20Darwin%20Sunset%20Dinner%20Cruise%20%7C%20Darwin%E2%80%99s%20most%20affordable%20Dinner%20cruise&query_place_id=ChIJESgQdhuRwCwR-dBkK4jB5fE,5.0,Absolutely fantastic would highly recommend doing it if in Darwin the people where so friendly and the dinner is worth the extra few dollars will recommend to anyone who is going to Darwin.,0.9991441965103149,0.00042790771112777293,0.0,0.9995720982551575,positive,1
Spirit of Darwin Sunset Dinner Cruise | Darwin’s most affordable Dinner cruise,https://www.google.com/maps/search/?api=1&query=Spirit%20of%20Darwin%20Sunset%20Dinner%20Cruise%20%7C%20Darwin%E2%80%99s%20most%20affordable%20Dinner%20cruise&query_place_id=ChIJESgQdhuRwCwR-dBkK4jB5fE,5.0,A great way to see Darwin from the water. Good food as well. Altogether a great thing to do.,0.9996324181556702,0.00018380911205895245,0.0,0.9998162388801575,positive,3
Spirit of Darwin Sunset Dinner Cruise | Darwin’s most affordable Dinner cruise,https://www.google.com/maps/search/?api=1&query=Spirit%20of%20Darwin%20Sunset%20Dinner%20Cruise%20%7C%20Darwin%E2%80%99s%20most%20affordable%20Dinner%20cruise&query_place_id=ChIJESgQdhuRwCwR-dBkK4jB5fE,5.0,"Fantastic cruise, great fish,chips & wine, very friendly staff. 😀😀",0.9997379779815674,0.0001310165534960106,0.0,0.9998689889907837,positive,1
Spirit of Darwin Sunset Dinner Cruise | Darwin’s most affordable Dinner cruise,https://www.google.com/maps/search/?api=1&query=Spirit%20of%20Darwin%20Sunset%20Dinner%20Cruise%20%7C%20Darwin%E2%80%99s%20most%20affordable%20Dinner%20cruise&query_place_id=ChIJESgQdhuRwCwR-dBkK4jB5fE,4.0,Absolutely beautiful way to spend an evening in Darwin,0.99968022108078,0.00015989058010745794,0.0,0.9998401403427124,positive,3
Spirit of Darwin Sunset Dinner Cruise | Darwin’s most affordable Dinner cruise,https://www.google.com/maps/search/?api=1&query=Spirit%20of%20Darwin%20Sunset%20Dinner%20Cruise%20%7C%20Darwin%E2%80%99s%20most%20affordable%20Dinner%20cruise&query_place_id=ChIJESgQdhuRwCwR-dBkK4jB5fE,5.0,Must do.,0.997207760810852,0.0013961422955617309,0.0,0.998603880405426,positive,0
Spirit of Darwin Sunset Dinner Cruise | Darwin’s most affordable Dinner cruise,https://www.google.com/maps/search/?api=1&query=Spirit%20of%20Darwin%20Sunset%20Dinner%20Cruise%20%7C%20Darwin%E2%80%99s%20most%20affordable%20Dinner%20cruise&query_place_id=ChIJESgQdhuRwCwR-dBkK4jB5fE,5.0,"Great cruise, good friendly staff, quick service",0.9997215270996094,0.00013925405801273882,0.0,0.9998607635498047,positive,2
Spirit of Darwin Sunset Dinner Cruise | Darwin’s most affordable Dinner cruise,https://www.google.com/maps/search/?api=1&query=Spirit%20of%20Darwin%20Sunset%20Dinner%20Cruise%20%7C%20Darwin%E2%80%99s%20most%20affordable%20Dinner%20cruise&query_place_id=ChIJESgQdhuRwCwR-dBkK4jB5fE,5.0,"Great scenery, great boat and a fantastic family running it. The skipper was very informative and was great with the boat maneuvering it for the best possible photo opportunities. Will definitely be doing this again.",0.9997446537017822,0.00012766188592649996,0.0,0.9998723268508911,positive,3
Spirit of Darwin Sunset Dinner Cruise | Darwin’s most affordable Dinner cruise,https://www.google.com/maps/search/?api=1&query=Spirit%20of%20Darwin%20Sunset%20Dinner%20Cruise%20%7C%20Darwin%E2%80%99s%20most%20affordable%20Dinner%20cruise&query_place_id=ChIJESgQdhuRwCwR-dBkK4jB5fE,5.0,"Beautiful cruise, lovely food and friendly staff",0.9997699856758118,0.00011500441178213805,0.0,0.9998849630355835,positive,2
Spirit of Darwin Sunset Dinner Cruise | Darwin’s most affordable Dinner cruise,https://www.google.com/maps/search/?api=1&query=Spirit%20of%20Darwin%20Sunset%20Dinner%20Cruise%20%7C%20Darwin%E2%80%99s%20most%20affordable%20Dinner%20cruise&query_place_id=ChIJESgQdhuRwCwR-dBkK4jB5fE,4.0,"Opted to book for the cruise as a date it was a fantastic choice! Truly enjoyed the 2.5 ride which entailed watching the sunset, loads of photo opportunities, a lovely dinner, feeding a couple of batfish and all of it accompanied by great commentary on Darwin by the captain.",0.9995775818824768,0.00021124792692717165,0.0,0.9997888207435608,positive,3
Spirit of Darwin Sunset Dinner Cruise | Darwin’s most affordable Dinner cruise,https://www.google.com/maps/search/?api=1&query=Spirit%20of%20Darwin%20Sunset%20Dinner%20Cruise%20%7C%20Darwin%E2%80%99s%20most%20affordable%20Dinner%20cruise&query_place_id=ChIJESgQdhuRwCwR-dBkK4jB5fE,5.0,Super romantic experience.. the most beautiful sunset i ever enjoyed. Nice food.. friendly staff.. they also very informative about historical places that we pass trough. Will cruising again definitely!,0.9996320009231567,0.0001839963806560263,0.0,0.9998160004615784,positive,2
Spirit of Darwin Sunset Dinner Cruise | Darwin’s most affordable Dinner cruise,https://www.google.com/maps/search/?api=1&query=Spirit%20of%20Darwin%20Sunset%20Dinner%20Cruise%20%7C%20Darwin%E2%80%99s%20most%20affordable%20Dinner%20cruise&query_place_id=ChIJESgQdhuRwCwR-dBkK4jB5fE,4.0,Fantastic loved our little trip. I have done this tour 4 times with family and friends,0.9997357726097107,0.00013211554323788732,0.0,0.9998679161071777,positive,3
Spirit of Darwin Sunset Dinner Cruise | Darwin’s most affordable Dinner cruise,https://www.google.com/maps/search/?api=1&query=Spirit%20of%20Darwin%20Sunset%20Dinner%20Cruise%20%7C%20Darwin%E2%80%99s%20most%20affordable%20Dinner%20cruise&query_place_id=ChIJESgQdhuRwCwR-dBkK4jB5fE,5.0,"First experience on cruise, it was a cozy cruise and friendly staff. It offered many types of beverages and free snacks too. It was enjoyable cruising trip after all.",0.9991494417190552,0.0004252961080055684,0.0,0.9995747208595276,positive,0
Spirit of Darwin Sunset Dinner Cruise | Darwin’s most affordable Dinner cruise,https://www.google.com/maps/search/?api=1&query=Spirit%20of%20Darwin%20Sunset%20Dinner%20Cruise%20%7C%20Darwin%E2%80%99s%20most%20affordable%20Dinner%20cruise&query_place_id=ChIJESgQdhuRwCwR-dBkK4jB5fE,5.0,"Nice sunset, great staffs, great experience.",0.9997739791870117,0.00011302854545647278,0.0,0.9998869895935059,positive,0
Spirit of Darwin Sunset Dinner Cruise | Darwin’s most affordable Dinner cruise,https://www.google.com/maps/search/?api=1&query=Spirit%20of%20Darwin%20Sunset%20Dinner%20Cruise%20%7C%20Darwin%E2%80%99s%20most%20affordable%20Dinner%20cruise&query_place_id=ChIJESgQdhuRwCwR-dBkK4jB5fE,5.0,Had a good time with the kid watching the sunset from this ship and feeding batfish. Great hospitality.,0.9996265172958374,0.00018675191677175462,0.0,0.9998132586479187,positive,3
Spirit of Darwin Sunset Dinner Cruise | Darwin’s most affordable Dinner cruise,https://www.google.com/maps/search/?api=1&query=Spirit%20of%20Darwin%20Sunset%20Dinner%20Cruise%20%7C%20Darwin%E2%80%99s%20most%20affordable%20Dinner%20cruise&query_place_id=ChIJESgQdhuRwCwR-dBkK4jB5fE,5.0,"This was my first experience cruising and everything is perfect ! Good food, nice trip, staff are really friendly and helpful. The boat is really clean and tidy, comfy. I ll be back soon for next trip. Thank you Michelle and staffs.",0.9997320175170898,0.00013401929754763842,0.0,0.9998660087585449,positive,0
Spirit of Darwin Sunset Dinner Cruise | Darwin’s most affordable Dinner cruise,https://www.google.com/maps/search/?api=1&query=Spirit%20of%20Darwin%20Sunset%20Dinner%20Cruise%20%7C%20Darwin%E2%80%99s%20most%20affordable%20Dinner%20cruise&query_place_id=ChIJESgQdhuRwCwR-dBkK4jB5fE,5.0,"Did the sunset cruise, we had awesome experience and is great value for money (kids were for free in wet srsson) Darren was a great skipper and very informative and knowledgeable about Darwin. 5 stars",0.9996358156204224,0.00018206863023806363,0.0,0.9998179078102112,positive,2
Darwin Harbour Cruises,https://www.google.com/maps/search/?api=1&query=Darwin%20Harbour%20Cruises&query_place_id=ChIJESgQdhuRwCwRFndlTdywI2E,5.0,"This cruise was outstanding. We were on top deck with gaze n graze. The food was amazing n so was the service. Not to forget the sunset which was spectacular, thanks for an unforgettable evening.",0.9997439384460449,0.00012805934238713235,0.0,0.9998719692230225,positive,2
Darwin Harbour Cruises,https://www.google.com/maps/search/?api=1&query=Darwin%20Harbour%20Cruises&query_place_id=ChIJESgQdhuRwCwRFndlTdywI2E,3.0,"De boot Chatles Darwin ZEER ONTGOOCHELEND ALS JE BINNEN ZIT. 😠 Je kan niet kiezen waar je zit. 😠 binnen is het veeeeel te warm en is het een overvolle refter , MET NIETS van gezelligheid. 😠 Met EEN CHAOTISCH buffet. 😠 En daardoor passagier en personeel steeds tegen je botsen waar je zit om te passeren, de doorgangen zijn veel te smal zijn. 😠 ALLEEN als je buiten kan zitten is het aangenaam. 😠 Het eten is wel vers. 😠 Vandaar een 3 ster. 😠 Bij het buitengaan nemen ze de mensen die een goede plaats hadden om te vragen voor direct een revieuws te maken op ipad, zodat ze hun verhaal manipuleren. 😠 ALS JE BINNEN ZIT, IS HET VOOR MIJ EEN TOERISTEN VAL. 😠😠😠",-0.9834275245666504,0.9917137622833252,0.0,0.008286228403449059,negative,5
Darwin Harbour Cruises,https://www.google.com/maps/search/?api=1&query=Darwin%20Harbour%20Cruises&query_place_id=ChIJESgQdhuRwCwRFndlTdywI2E,1.0,"Not impressed, the expense certainly did not match the experience.  Aircon was a joke as was the food, too bad the food we got didn't match the food in the picture on the brochure, definitely would not recommend to our friends coming up in a few weeks..",-0.9993712902069092,0.9996856451034546,0.0,0.0003143486683256924,negative,7
Darwin Harbour Cruises,https://www.google.com/maps/search/?api=1&query=Darwin%20Harbour%20Cruises&query_place_id=ChIJESgQdhuRwCwRFndlTdywI2E,5.0,"By far the best dinner cruise I have done and a MUST do for any SOLO travellers!! For most solo travellers eating out isn’t always the best experience as most places don’t know what to do with you however this is not the case with the Charles Darwin buffet sunset harbour cruise!
Tonight I had the pleasure of sitting at my own table at the very front of the ship with 3 other solos next to me, it was great company while still making it about your individual experience and not turning it into a group booking - not to mention we clearly had the best seats on board!🤩
The food was great and all the staff were amazing! I do have to make a special mention to one of the crew tho - Lidia - what an absolute gem! Not only was she attentive to what anyone needed but she made the entire experience feel very personal! If she wasn’t working she would have made a great addition to the solo front row! 🤩🤩",0.9989084005355835,0.0005458247032947838,0.0,0.9994542002677917,positive,0
Darwin Harbour Cruises,https://www.google.com/maps/search/?api=1&query=Darwin%20Harbour%20Cruises&query_place_id=ChIJESgQdhuRwCwRFndlTdywI2E,5.0,Very happy. We sat up top and the view was beautiful. Nice music and generous platters with local produce. I had the gourmet and my daughter had the garden platter. If you love meat go for the gourmet one. The weather was calm and warm. It was lovely watching as the sun set and Darwin City lights began to twinkle. This is my third time (in a span of 25 years). It's a must for me when I visit NT.,0.9997384548187256,0.00013076569302938879,0.0,0.9998692274093628,positive,0
Darwin Harbour Cruises,https://www.google.com/maps/search/?api=1&query=Darwin%20Harbour%20Cruises&query_place_id=ChIJESgQdhuRwCwRFndlTdywI2E,5.0,Lidia was amazing! She went above and beyond to make our night memorable. She’s very personable and charming. Thank you for a wonderful evening 🤗,0.9997807145118713,0.00010964064858853817,0.0,0.9998903274536133,positive,0
Darwin Harbour Cruises,https://www.google.com/maps/search/?api=1&query=Darwin%20Harbour%20Cruises&query_place_id=ChIJESgQdhuRwCwRFndlTdywI2E,5.0,"The sunset views on the cruise were absolutely beautiful and the boat ride was calm and relaxing. Staff were friendly and the overall vibe was really nice.
I really enjoyed the food but if I had to comment one thing it would be adding more variety – especially hot meal options would really enhance the overall experience and make it feel more like a premium sunset dinner cruise.
Overall my experience was great and I would recommend to family and friends.",0.9996417760848999,0.00017911828763317317,0.0,0.99982088804245,positive,0
Darwin Harbour Cruises,https://www.google.com/maps/search/?api=1&query=Darwin%20Harbour%20Cruises&query_place_id=ChIJESgQdhuRwCwRFndlTdywI2E,5.0,Amazing cruise! Would highly recommend to all my friends and family. Gabby in the office was extremely helpful,0.9997175335884094,0.00014120558626018465,0.0,0.9998587369918823,positive,2
Darwin Harbour Cruises,https://www.google.com/maps/search/?api=1&query=Darwin%20Harbour%20Cruises&query_place_id=ChIJESgQdhuRwCwRFndlTdywI2E,4.0,"Part of a tour package, we did the sunset dinner cruise on a Tuesday night.

Boat left Dock 3 & check-in was very quick, then shown to a window table on lower level.

Full bar service - apparently there was table service but easier to go bar. Quality of wines quite good. Lots of can/bottles to select from

Food was buffet style - prawns, kangaroo, barra, salads, veges - quite good  barra was excellent.  Good selection of dessert & some fruit.

Scenery was nice, pre & post sunset. Didn't get much commentary regarding where we were. Disembarking was quick.

Stokes wharf very convenient for transport & lots of restaurants/bars to entertain post & pre cruise",0.9247453212738037,0.03762735053896904,0.0,0.9623726606369019,positive,7
Darwin Harbour Cruises,https://www.google.com/maps/search/?api=1&query=Darwin%20Harbour%20Cruises&query_place_id=ChIJESgQdhuRwCwRFndlTdywI2E,5.0,"Interstate visitors, booked the sunset cruise gaze & graze option. Arrived early enough & followed instructions given to us to head to wharf 3, lots of people waiting with some having a dinner booking & others doing same as us. Boat has 3 levels -dining on 1st & 2nd level, G&G on the sun deck. Boarding was a bit chaotic with inpatient people & the walk down the jetty is very steep but has handrails & slip resistant tread, they managed to get everyone on board. Staff were all friendly & service was hectic for them in that first 30 mins or so with everyone wanting drinks given it was still hot in the afternoon. 6pm departure & around 7pm we had our individual gourmet platters, there was so much food on them, we could not get through it all. We sailed at a good pace & was able to enjoy all the sights along the way & staff were attentive to any needs.  Bar tabs finalised at your table & docked back around 8pm. Would highly recommend this sunset cruise to anyone looking for a great night in the water & wants to see the amazing sunsets the NT has to offer. We were staying at Adina apartments & we walked down to pier before & after cruise (10mins). Thanks to all the staff for making it a great cruise.",0.9830179214477539,0.00849101785570383,0.0,0.991508960723877,positive,0
Darwin Harbour Cruises,https://www.google.com/maps/search/?api=1&query=Darwin%20Harbour%20Cruises&query_place_id=ChIJESgQdhuRwCwRFndlTdywI2E,4.0,"Really great experience cruising the harbour watching the sun set. We did the grazing option and it was really good. If you choose that, you get allocated a table on the top open deck, which was excellent. Peopleove around to get a sunset pic which is fine, although the wannabe influencers can be a tad annoying.  Definitely worth while experience.",0.9994993805885315,0.0002503235009498894,0.0,0.9997497200965881,positive,0
Darwin Harbour Cruises,https://www.google.com/maps/search/?api=1&query=Darwin%20Harbour%20Cruises&query_place_id=ChIJESgQdhuRwCwRFndlTdywI2E,3.0,"To put it simply, the Charles Darwin Sunset Dinner Cruise felt like a floating RSL. If that excites you then go for it, you'll probably have a great time. If that doesn't excite you, then there's plenty of other places to try in town with a modern vibe and better quality food. Food was bland and wasn't any better than your run-of-the-mill low cost buffet. Boarding was inefficient; everyone was crowded around one person looking up booking details one by one on a tablet before allowing them to board. For a moment I thought we'd miss the sunset. It was explained clearly at the beginning that first helpings of food are staggered by the staff for crowd and food management, however multiple diners disregarded this and either helped themselves when it wasn't their turn and/or helped themselves to seconds before other diners who were patiently waiting had even been invited to have their firsts, and a staff member did nothing even after being notified. There is plenty of food so you won't miss out but it was frustrating to observe and took quite a while until we had food on our plates. I wouldn't do this again personally, but there is a certain type of person who would probably find it worthwhile.",-0.9919740557670593,0.9959869980812073,0.0,0.004012953024357557,negative,7
Darwin Harbour Cruises,https://www.google.com/maps/search/?api=1&query=Darwin%20Harbour%20Cruises&query_place_id=ChIJESgQdhuRwCwRFndlTdywI2E,5.0,"Did the sunset buffet dinner cruise, lovely boat with wonderful staff. There could have been more hot dishes but we got full. Dessert was pretty good too. Apart from the sunset the boat itself does not venture far out.  They don't ask you when you are booking but there are a number of tables on the outdoor deck, see if you can ask for one.",0.9985012412071228,0.0007493310258723795,0.0,0.999250590801239,positive,7
Darwin Harbour Cruises,https://www.google.com/maps/search/?api=1&query=Darwin%20Harbour%20Cruises&query_place_id=ChIJESgQdhuRwCwRFndlTdywI2E,5.0,Really enjoyed our cruise. We purchased the buffet dinner package and the food was amazing. I struggled a little with the heat but the staff gave out little fans which helped. Enjoyed our views and had a wonderful sunset experience.,0.999721109867096,0.00013941561337560415,0.0,0.9998605251312256,positive,7
Darwin Harbour Cruises,https://www.google.com/maps/search/?api=1&query=Darwin%20Harbour%20Cruises&query_place_id=ChIJESgQdhuRwCwRFndlTdywI2E,5.0,"Darwin harbour sunset dinner cruise travelled late March 2025 would highly recommend this experience. From the initial greeting by the customer care consultant to my on board welcome and service. Excellent atmosphere great dining and beverage options with buffet dinner. The team have attention to detail even catering for food allergies, gluten free, lactose free and other digestive intolerances. Duration approximately 2 hours sit back in spotlessly clean environment enjoy dinner whilst taking in the views from the Charles Darwin. Thank you for a memorable positive experience",0.999319314956665,0.00034031382529065013,0.0,0.9996596574783325,positive,0
Darwin Harbour Cruises,https://www.google.com/maps/search/?api=1&query=Darwin%20Harbour%20Cruises&query_place_id=ChIJESgQdhuRwCwRFndlTdywI2E,5.0,"I’ve been taking this cruise every year for the past four years, and I can confidently say that this year was by far the best experience! The crew was incredibly attentive, the food was exceptional, and the recent renovations to the buffet and bar were fantastic. I even had the chance to enjoy a delicious frozen cocktail! I’m already looking forward to coming back next year!",0.999744176864624,0.00012792338384315372,0.0,0.999872088432312,positive,2
Darwin Harbour Cruises,https://www.google.com/maps/search/?api=1&query=Darwin%20Harbour%20Cruises&query_place_id=ChIJESgQdhuRwCwRFndlTdywI2E,3.0,"Did the buffet dinner cruise on 13 December. Staff were friendly and helpful. Sunset views were nice. Good variety of food. Commentary was advertised, however none provided. So as we cruised past all the sights, the lack of explanation as to what we were passing and its historical significance was severely lacking. As a result, 90 minutes in to a 2.5 hour cruise, we were more than ready to depart.",-0.994913637638092,0.9974568486213684,0.0,0.0025432149413973093,negative,0
Darwin Harbour Cruises,https://www.google.com/maps/search/?api=1&query=Darwin%20Harbour%20Cruises&query_place_id=ChIJESgQdhuRwCwRFndlTdywI2E,2.0,"We did this cruise as an excursion (a daytime cruise) booked through our cruise ship operator.   On the plus side, the staff were friendly and helpful. the 2 1/4 hour cruise was right on time, windows were clean, and there was a very nice spread of coffee, tea, and cookies and small cakes included.   Rest rooms clean (but 9 steps down; this was communicated before booking).   Unfortunately, there really wasn't much of interest to see on the cruise.   There was commentary for the first 45 minutes or so almost exclusively about WWII's effects on Darwin.   Several buildings were pointed out, and that was it.   The harbor just doesn't have enough sights (or they weren't mentioned) to occupy 2 1/4 hours.   The boat headed back and there was nothing new to see for over an hour.   Not recommended.",-0.9930950403213501,0.996547520160675,0.0,0.0034524567890912294,negative,0
Darwin Harbour Cruises,https://www.google.com/maps/search/?api=1&query=Darwin%20Harbour%20Cruises&query_place_id=ChIJESgQdhuRwCwRFndlTdywI2E,3.0,Air-conditioning didn't last. Food nice but only average for the price. Staff great.,0.9925366044044495,0.003731716889888048,0.0,0.9962683320045471,positive,7
Darwin Harbour Cruises,https://www.google.com/maps/search/?api=1&query=Darwin%20Harbour%20Cruises&query_place_id=ChIJESgQdhuRwCwRFndlTdywI2E,5.0,"Sunset Cruise. The best place to see the Darwin sunset.
The boat was comfortable. The grazing platter was superb",0.9994465112686157,0.0002767348487395793,0.0,0.9997232556343079,positive,0
Darwin Harbour Cruises,https://www.google.com/maps/search/?api=1&query=Darwin%20Harbour%20Cruises&query_place_id=ChIJESgQdhuRwCwRFndlTdywI2E,1.0,"We (party of 4) booked the Sunset Gaze & Graze cruise. This certainly did not live up to any expectations. Boarding was slow & disorganissed (why not just collect a 'boarding pass', instead of using a tablet to locate & check passengers off). The recorded commentary on the cruise was limited and at times incorrect (the Cyclone Tracy display at the Museum & Art Gallery is currently closed) and the food was the biggest disappointment. What should have been 4 platters morphed into 2 and didnt include items that were on the menu (no melon in the prosciutto, bread was a couple of dried bread sticks). On the top deck there is no direct access to the bar -have to wait for one of the staff to remember you are there!!",-0.9995577931404114,0.9997789263725281,0.0,0.00022111702128313482,negative,7
Darwin Harbour Cruises,https://www.google.com/maps/search/?api=1&query=Darwin%20Harbour%20Cruises&query_place_id=ChIJESgQdhuRwCwRFndlTdywI2E,5.0,"We did our third sunset cruise with these guys and were not disappointed. We did the ""Gaze and Graze"" package and it was well worth it.
The food platter was huge for the two of us and of great quality , we were stuffed after. Not often that food actually looks like the images online but this platter surpassed that.
Unfortunately the star attraction, Dave no longer does the commentary,he was so interesting,informative and funny. Now a "" plastic"" commentary is played ,very sad. Bring back Dave!!!
The staff were lovely and very attentive.
Well worth it - if you feel the cold take a warm top just in case the wind gets up when the sun goes down. That's a tip not a complaint.",0.9990015029907227,0.0004992418107576668,0.0,0.9995007514953613,positive,7
Darwin Harbour Cruises,https://www.google.com/maps/search/?api=1&query=Darwin%20Harbour%20Cruises&query_place_id=ChIJESgQdhuRwCwRFndlTdywI2E,1.0,We paid for platinum on the ghan train. This cruise was without a doubt the worst part of the trip. Our table was part of the last 6 people to get food. Most of which was gone because seconds had been served to others before we got anything. One server did bring over some leftovers before clearing off dinner to start dessert. They said we could go first for dessert if we gave up finishing our dinner. And then we had to pay for any drinks including soda. Norts was incredibly rude and spent his time surfing on his phone or yelling at customers and staff. If this isn't part of your ghan trip avoid if it is bring food just in case there's nothing left.,-0.9994518160820007,0.999725878238678,0.0,0.00027404935099184513,negative,7
Darwin Harbour Cruises,https://www.google.com/maps/search/?api=1&query=Darwin%20Harbour%20Cruises&query_place_id=ChIJESgQdhuRwCwRFndlTdywI2E,5.0,"We did the graze and gaze sunset cruise. Great tasting platter and icecream. Plenty of food, friendly staff and informative updates. Would definitely recommend!",0.9996700286865234,0.00016496189346071333,0.0,0.9998350143432617,positive,2
Darwin Harbour Cruises,https://www.google.com/maps/search/?api=1&query=Darwin%20Harbour%20Cruises&query_place_id=ChIJESgQdhuRwCwRFndlTdywI2E,5.0,What a great night. Great service followed up by fine food which there is plenty and you definitely won’t leave hungry is just perfect. The peaceful boat ride makes for an excellent evening well worth the asking price of $116.,0.9997337460517883,0.00013308100460562855,0.0,0.9998668432235718,positive,7
Darwin Harbour Cruises,https://www.google.com/maps/search/?api=1&query=Darwin%20Harbour%20Cruises&query_place_id=ChIJESgQdhuRwCwRFndlTdywI2E,5.0,"Loved this sunset cruise, wonderful birthday treat.  All the staff were helpful and friendly, had a great time, food was excellent.

Would be nice to hear some NT music stars like Jessica Mauboy, Baker Boy, stingray band etc, in the music mix.",0.9997415542602539,0.00012922404857818037,0.0,0.999870777130127,positive,2
Darwin Harbour Cruises,https://www.google.com/maps/search/?api=1&query=Darwin%20Harbour%20Cruises&query_place_id=ChIJESgQdhuRwCwRFndlTdywI2E,1.0,"Very disappointed with this Company. My Husband and I tested positive for Covid the day we were to celebrate his 86th birthday, on this cruise. We understand their cancellation policy and as they suggested, claimed on our travel insurance, less the excess of $100.  As we provided Medical Certificates, dated the day of the cruise, we thought a refund  of $100 (our insurance excess) was not an unreasonable request, as we had paid $277 for the cruise. However, the company has refused any refund and retained the $277.",-0.9965426921844482,0.9982713460922241,0.0,0.0017286489019170403,negative,0
Darwin Harbour Cruises,https://www.google.com/maps/search/?api=1&query=Darwin%20Harbour%20Cruises&query_place_id=ChIJESgQdhuRwCwRFndlTdywI2E,5.0,"I went to the Darwin Harbour cruises , for my birthday with my friends and it was awesome. The food was amazing, the service was fantastic.. and the cruise was great. We loved it.. planning to definitely go back.",0.9997565150260925,0.00012175695883342996,0.0,0.9998782873153687,positive,2
Darwin Harbour Cruises,https://www.google.com/maps/search/?api=1&query=Darwin%20Harbour%20Cruises&query_place_id=ChIJESgQdhuRwCwRFndlTdywI2E,5.0,Food was nice staff where great,0.9996479153633118,0.0001760709856171161,0.0,0.9998239874839783,positive,2
Darwin Harbour Cruises,https://www.google.com/maps/search/?api=1&query=Darwin%20Harbour%20Cruises&query_place_id=ChIJESgQdhuRwCwRFndlTdywI2E,2.0,"Good experience, food was nice and they had gluten free option for our guests coming from overseas that was a nice touch.

Although the service was nice I was very disappointing by the fact that they didn’t accept cash, you can come back to me with every single excuse that is not very oriented towards tourism.",0.9486570358276367,0.0256714578717947,0.0,0.9743285179138184,positive,7
Darwin Harbour Cruises,https://www.google.com/maps/search/?api=1&query=Darwin%20Harbour%20Cruises&query_place_id=ChIJESgQdhuRwCwRFndlTdywI2E,1.0,"We did the ‘Gaze and graze’ option and for what we paid, it was very disappointing. For $121 each we got a below average platter that was full of very cheap tasting/looking food. It honestly looked and tasted like the cheapest possible option for each item was used (eg a cheap block of tasty cheese cut up, a jar of plain green olives that had zero flavour, chunks of rolled up ham that you get out of a packet etc). It felt like they were going for quantity over quality and it just made the food really unenjoyable when we knew how much we had paid. We then got a tiny tub of icecream to finish that my lactose friend wasn’t able to even eat and they had no other options. The whole experience was so disappointing, maybe the other experiences offered would be better, but I would not recommend the ‘Gaze and Graze’ option to anyone.",-0.9990870356559753,0.9995434880256653,0.0,0.0004564272239804268,negative,7
Darwin Harbour Cruises,https://www.google.com/maps/search/?api=1&query=Darwin%20Harbour%20Cruises&query_place_id=ChIJESgQdhuRwCwRFndlTdywI2E,5.0,Great experience all round friendly best food and great sunsets to boot.,0.9997285008430481,0.00013572510215453804,0.0,0.9998642206192017,positive,2
Darwin Harbour Cruises,https://www.google.com/maps/search/?api=1&query=Darwin%20Harbour%20Cruises&query_place_id=ChIJESgQdhuRwCwRFndlTdywI2E,1.0,"Saw this cruise “feeding” the fish with white bread.  Absolutely horrified that they don’t, at least, feed them with something nutritious.  I guess profit comes before environmental impact for this mob.",-0.9948925971984863,0.9974462985992432,0.0,0.002553688595071435,negative,1
Darwin Harbour Cruises,https://www.google.com/maps/search/?api=1&query=Darwin%20Harbour%20Cruises&query_place_id=ChIJESgQdhuRwCwRFndlTdywI2E,5.0,Did the roof top charcuterie and it was delicious! The cocktails were also divine and the service was attentive without being over the top. Absolutely recommend!,0.999763011932373,0.00011850185546791181,0.0,0.9998815059661865,positive,2
Darwin Harbour Cruises,https://www.google.com/maps/search/?api=1&query=Darwin%20Harbour%20Cruises&query_place_id=ChIJESgQdhuRwCwRFndlTdywI2E,5.0,"Harbour dinner cruise on the Charles Darwin was faultless. We booked the buffet dinner which was inside the boat and there was a wide range of food with seafood, hot food and salads. All the food was exceptional. I advised them when booking that my wife was lactose intolerant and as soon as we boarded the vessel the staff were already prepared to ensure that she would have oil with the bread and not butter and came across and told her which foods had got dairy products in. There were also hot and cold desserts. Good range of drinks to purchase. The service was very attentive. We cruised into the harbour area. Saw the sunset and could go out on the deck, outside. This was undoubtably one of the highlights of our trip to Darwin and I have no hesitation in recommending it.
We used the hop on hop off bus to get to the wharf for 5.30 and we used the shuttle bus back at about 8.30 to get to the lift and walkway but it is walkable in about 30 minutes from the CBD.",0.9826024174690247,0.008698801510035992,0.0,0.9913012385368347,positive,0
Darwin Harbour Cruises,https://www.google.com/maps/search/?api=1&query=Darwin%20Harbour%20Cruises&query_place_id=ChIJESgQdhuRwCwRFndlTdywI2E,2.0,"They call it all you can eat buffet, but you have to use the 1 plate and get all your food at once. Oysters were good prawns were frozen imports or days old soft. Hot food was horrible and just slops. Deserts were ok. Save yourself money and head to the all you can eat at mindl beach. You get better sunset views and food",-0.9831569790840149,0.9915784597396851,0.0,0.00842149369418621,negative,7
Darwin Harbour Cruises,https://www.google.com/maps/search/?api=1&query=Darwin%20Harbour%20Cruises&query_place_id=ChIJESgQdhuRwCwRFndlTdywI2E,5.0,"Stunning night on Darwin Harbour Cruises. Service was exceptional, food delicious & great selection of beverages. The perfect way to showcase Darwin to interstate guests.

The small clips of commentary were the perfect addition to give some additional insight into the Top End’s history. Highly recommend to both locals and visitors to Darwin.",0.9996801018714905,0.0001599145180080086,0.0,0.9998400211334229,positive,2
Darwin Harbour Cruises,https://www.google.com/maps/search/?api=1&query=Darwin%20Harbour%20Cruises&query_place_id=ChIJESgQdhuRwCwRFndlTdywI2E,5.0,Good food and excellent service.,0.9997463822364807,0.00012677461199928075,0.0,0.999873161315918,positive,3
Darwin Harbour Cruises,https://www.google.com/maps/search/?api=1&query=Darwin%20Harbour%20Cruises&query_place_id=ChIJESgQdhuRwCwRFndlTdywI2E,5.0,"Absolutely magic….
We did the grazing platter which was ample for the two of us. Cocktail was yummy…! Service was attentive, prompt and friendly. Informative commentary on Darwin history added a nice touch but didn’t take away from the peaceful, scenic focus of the sunset.

Highly recommend 👌🏼",0.9991641640663147,0.00041794878779910505,0.0,0.9995821118354797,positive,1
Darwin Harbour Cruises,https://www.google.com/maps/search/?api=1&query=Darwin%20Harbour%20Cruises&query_place_id=ChIJESgQdhuRwCwRFndlTdywI2E,5.0,I only wish I could give it more stars!!  The food was delicious and plentiful.  The staff were attentive and amazing.  We couldn't fault the night it was truly very special.  Thank you to you all.,0.9997055530548096,0.00014722961350344121,0.0,0.9998527765274048,positive,2
Darwin Harbour Cruises,https://www.google.com/maps/search/?api=1&query=Darwin%20Harbour%20Cruises&query_place_id=ChIJESgQdhuRwCwRFndlTdywI2E,5.0,"Had dinner on the Charles Darwin. Superb meal and to witness sunset in the Darwin harbour was brilliant.
Certainly worth the money.",0.9996869564056396,0.0001565097481943667,0.0,0.9998434782028198,positive,3
Darwin Harbour Cruises,https://www.google.com/maps/search/?api=1&query=Darwin%20Harbour%20Cruises&query_place_id=ChIJESgQdhuRwCwRFndlTdywI2E,1.0,"I recently went on the Darwin Harbour Dinner Cruise and was extremely disappointed. Despite the high price, the selection of food was abysmal. Not only were there only three hot dishes available, but they were also horrid. To make matters worse, the rest of the food, comprising 90% of the offerings, was served cold. We considered ourselves lucky because we had a light snack before the 'all you can eat cruise,' as when we went back for seconds, all of the hot dishes were gone. We ended up eating garden weeds and overly salty pork cubes for the rest of the night.

Adding to the frustration was the fact that the boat was massively packed with over 100 people, all crammed into the tiny main cabin. People didn't even wait until everyone had gotten the chance to go up and grab some food, leading to chaos and a rushed, unpleasant experience. To top it off, the man in charge seemingly picked tables at random, causing additional frustration for my young son. Overall, it was a complete waste of money and a terrible dining experience. I would strongly advise against anyone considering this cruise.

Went on the cruise on the 19th of April",-0.9990960955619812,0.9995480179786682,0.0,0.000451950152637437,negative,7
Darwin Harbour Cruises,https://www.google.com/maps/search/?api=1&query=Darwin%20Harbour%20Cruises&query_place_id=ChIJESgQdhuRwCwRFndlTdywI2E,5.0,"Highly recommend. Sailing aboard the Charles Darwin by Darwin Harbour Cruises was one of the most pleasant and relaxing experiences we've had in the Top End. We were beautifully looked after by Mia and Christian, the food was fresh and delicious and the views were stunning. We chose the Gaze and Graze Sunset Cruise and were able to access the top deck of the ship, which afforded us gorgeous views of Darwin and the sunset over the harbour.",0.9997429251670837,0.00012854284432251006,0.0,0.9998714923858643,positive,7
Darwin Harbour Cruises,https://www.google.com/maps/search/?api=1&query=Darwin%20Harbour%20Cruises&query_place_id=ChIJESgQdhuRwCwRFndlTdywI2E,5.0,"Locals for over 20 years (between us), we loved being on this cruise. Sometimes you just need to see a Darwin sunset from the water to remind you we live in a truly stunning place. The food was delicious and plentiful, the staff were professional and friendly and thanks to the sunset gods for turning on a spectacular sunset for us. Would recommend to locals and visitors alike.",0.9995877146720886,0.00020613746892195195,0.0,0.9997938275337219,positive,2
Darwin Harbour Cruises,https://www.google.com/maps/search/?api=1&query=Darwin%20Harbour%20Cruises&query_place_id=ChIJESgQdhuRwCwRFndlTdywI2E,1.0,"I booked this dinner cruise 12 months ago and was very much looking forward to dinner on the harbour, I phoned the day before to confirm my cruise only to find out that they knew nothing of my booking. The lady I spoke to blamed my booking agent and said there was nothing else she could do therefore I missed out, very disappointed with the lack of empathy and help. I look forward to getting my refund. 😌",-0.9985561966896057,0.9992781281471252,0.0,0.0007219153339974582,negative,5
Darwin Harbour Cruises,https://www.google.com/maps/search/?api=1&query=Darwin%20Harbour%20Cruises&query_place_id=ChIJESgQdhuRwCwRFndlTdywI2E,5.0,"Thoroughly enjoyed the Valentine's Day dinner cruise. Delicious food, excellent service and a beautiful sunset. Definitely recommend!",0.9997770190238953,0.00011149222700623795,0.0,0.99988853931427,positive,2
Darwin Harbour Cruises,https://www.google.com/maps/search/?api=1&query=Darwin%20Harbour%20Cruises&query_place_id=ChIJESgQdhuRwCwRFndlTdywI2E,5.0,"What a wonderfull experience!!! The staff was incredibly kind, the food was amazing too! With my boyfriend we took the cruise during the night for Valentine’s Day and we had a really great night. It included dessert, the cheesecake was sooo tasty. Good job everyone!!!",0.9997608065605164,0.00011960143456235528,0.0,0.9998804330825806,positive,0
Darwin Harbour Cruises,https://www.google.com/maps/search/?api=1&query=Darwin%20Harbour%20Cruises&query_place_id=ChIJESgQdhuRwCwRFndlTdywI2E,5.0,"Must do in Darwin, these guys are a class act
All the staff were friendly, food was delish and beers cold well done!",0.9628880620002747,0.01855594851076603,0.0,0.9814440011978149,positive,4
Darwin Harbour Cruises,https://www.google.com/maps/search/?api=1&query=Darwin%20Harbour%20Cruises&query_place_id=ChIJESgQdhuRwCwRFndlTdywI2E,5.0,"Sehr schöne Tour mit ausgezeichneten Essen. Wegen Wetter viel der Sonnenuntergang leider aus. Getränke müssen bezahlt werden, Essen gibt es als Buffet. Die Nachspeise war köstlich",-0.9701113700866699,0.985055685043335,0.0,0.014944341033697128,negative,5
Darwin Harbour Cruises,https://www.google.com/maps/search/?api=1&query=Darwin%20Harbour%20Cruises&query_place_id=ChIJESgQdhuRwCwRFndlTdywI2E,5.0,"We had a lovely sunset dinner cruise, the meal was Fantastic and the scenery was perfect, this cruise is a must if you are visiting Darwin, 5 Stars , Highly recommended",0.9997287392616272,0.00013558643695432693,0.0,0.9998643398284912,positive,2
Darwin Harbour Cruises,https://www.google.com/maps/search/?api=1&query=Darwin%20Harbour%20Cruises&query_place_id=ChIJESgQdhuRwCwRFndlTdywI2E,5.0,Fantastic commentary and very informative thanks to  the captain  and Ella,0.9997552037239075,0.000122369994642213,0.0,0.9998775720596313,positive,3
Darwin Harbour Cruises,https://www.google.com/maps/search/?api=1&query=Darwin%20Harbour%20Cruises&query_place_id=ChIJESgQdhuRwCwRFndlTdywI2E,5.0,"My recent cruise with Charls Drawin Cruise was an exceptional experience. The friendly and accommodating staff made it truly special. They went out of their way to take photos of our family against the backdrop of stunning views, enhancing our experience.

The cruise became even more memorable as we celebrated my wife's birthday onboard. The crew surprised her with a beautifully decorated cake and heartfelt wishes, which was an unexpected and touching moment during our journey.

Charls Drawin Cruise stands out for its warm and dedicated crew. From the warm welcome with a refreshing drink to the surprise birthday celebration, it was a cruise that exceeded all expectations. We are immensely grateful to the crew for making this day truly extraordinary. If you're seeking a remarkable cruise experience, I highly recommend Charls Drawin Cruise. Thank you for the unforgettable memories.",0.9997656345367432,0.000117162533570081,0.0,0.9998828172683716,positive,4
Darwin Harbour Cruises,https://www.google.com/maps/search/?api=1&query=Darwin%20Harbour%20Cruises&query_place_id=ChIJESgQdhuRwCwRFndlTdywI2E,5.0,"The cruise was fantasic. The scenary, commentary, platters & service. No better way to see a Darwin sunset!",0.991419792175293,0.004290114156901836,0.0,0.9957098960876465,positive,3
Darwin Harbour Cruises,https://www.google.com/maps/search/?api=1&query=Darwin%20Harbour%20Cruises&query_place_id=ChIJESgQdhuRwCwRFndlTdywI2E,5.0,Beautiful experience with great food and smiley staff. I highly recommend seeing Diego behind the bar for a special off menu cocktail. The boat ride was very calm and the sunset was spectacular.,0.9997296929359436,0.00013511419820133597,0.0,0.9998648166656494,positive,2
Darwin Harbour Cruises,https://www.google.com/maps/search/?api=1&query=Darwin%20Harbour%20Cruises&query_place_id=ChIJESgQdhuRwCwRFndlTdywI2E,4.0,"The cruise its self was lovely. Only short fall would have been how loud the running commentary (War history) was. We couldn't speak or hear one another for the first 20 odd minutes. We were travelling with someone who had hearing difficulties and this isolated her. Otherwise, great experience.",-0.6616868376731873,0.8308433890342712,0.0,0.16915656626224518,negative,3
Darwin Harbour Cruises,https://www.google.com/maps/search/?api=1&query=Darwin%20Harbour%20Cruises&query_place_id=ChIJESgQdhuRwCwRFndlTdywI2E,5.0,Visited Darwin 2nd September 2023 - that night we did the Harbour cruise- what a fabulous experience- the atmosphere was great and the buffet was enjoyable. The staff were very friendly & attentive really  enjoyed the friendly banter with Diego 👍he made us some amazing cocktails 🍸 overall a lovely night.,0.9997398853302002,0.00013007597590330988,0.0,0.9998699426651001,positive,2
Darwin Harbour Cruises,https://www.google.com/maps/search/?api=1&query=Darwin%20Harbour%20Cruises&query_place_id=ChIJESgQdhuRwCwRFndlTdywI2E,5.0,"We had a really great night and food was delicious. Must've had about 3 dozen oysters and a hundred prawns. Yum! They accommodated our group of 13 with ease and we had a great spot on the front deck. Unless it was raining, or windy, I wouldn't sit anywhere else - perfect spot for a few beers and delicious food. Thanks guys!",0.9996722340583801,0.00016383419279009104,0.0,0.9998360872268677,positive,7
Darwin Harbour Cruises,https://www.google.com/maps/search/?api=1&query=Darwin%20Harbour%20Cruises&query_place_id=ChIJESgQdhuRwCwRFndlTdywI2E,5.0,Beautiful views! Great service!,0.9997684359550476,0.0001157863371190615,0.0,0.9998842477798462,positive,3
Darwin Harbour Cruises,https://www.google.com/maps/search/?api=1&query=Darwin%20Harbour%20Cruises&query_place_id=ChIJESgQdhuRwCwRFndlTdywI2E,1.0,Rude inconsiderate helmsman.,-0.9994873404502869,0.999743640422821,0.0,0.0002563200250733644,negative,5
Darwin Harbour Cruises,https://www.google.com/maps/search/?api=1&query=Darwin%20Harbour%20Cruises&query_place_id=ChIJESgQdhuRwCwRFndlTdywI2E,5.0,"Went on the ""Gaze and Graze Sunset Cruise"" on Friday, 4th August. Had a wonderful night.  The Grazing plate was delicious and plenty of food.  The staff were very efficient and friendly.  I will recommend this cruise to anyone.",0.9997683167457581,0.00011582564184209332,0.0,0.9998841285705566,positive,2
Darwin Harbour Cruises,https://www.google.com/maps/search/?api=1&query=Darwin%20Harbour%20Cruises&query_place_id=ChIJESgQdhuRwCwRFndlTdywI2E,1.0,Seriously! Park the boat in front of the sunset where 1000's of people have travelled to see it! Then once I query your company give a cop out response that you've never experienced tides like this that has obscured the view? The captain stopped the boat in front of the sunset and once it was over mysteriously just moved on? You need a new captain who can manage a boat!,-0.9933926463127136,0.9966963529586792,0.0,0.0033036908134818077,negative,6
Darwin Harbour Cruises,https://www.google.com/maps/search/?api=1&query=Darwin%20Harbour%20Cruises&query_place_id=ChIJESgQdhuRwCwRFndlTdywI2E,1.0,"Pretty poor form from the captain on this one, arrogance at its highest. If the captain can't steer the boat more than 100 M from the shore completely blocking the view for about 1000 people he needs to be sacked. I'm pretty sure everyone on board could hear the booing from shore. No attempt at all was made to move away until the sun was gone. No excuse could cover this one, very poor form.",-0.999437153339386,0.9997186064720154,0.0,0.00028142810333520174,negative,5
Darwin Harbour Cruises,https://www.google.com/maps/search/?api=1&query=Darwin%20Harbour%20Cruises&query_place_id=ChIJESgQdhuRwCwRFndlTdywI2E,1.0,"Absolutely disgusted with the arrogant behaviour of this company, who thought it was ok to park their two story boat in front of hundreds of tourists who had come to watch the amazing sunset at Mindil Beach. Shame!!!
Rob Booth, Adelaide.",-0.9975470900535583,0.9987735152244568,0.0,0.001226444379426539,negative,6
Darwin Harbour Cruises,https://www.google.com/maps/search/?api=1&query=Darwin%20Harbour%20Cruises&query_place_id=ChIJESgQdhuRwCwRFndlTdywI2E,1.0,"Travelled from Melbourne to see the spectacular sunset at Mindil market that everyone raves about. Instead,  the captain cruised ever so slowly in front of the scene and all but stopped.  Every single person on the beach were mortified.  What a waste.  That boat could have been anywhere else on the water and it seemed a very deliberate act.  Poor form.",-0.999519944190979,0.9997599720954895,0.0,0.0002400207449682057,negative,6
Darwin Harbour Cruises,https://www.google.com/maps/search/?api=1&query=Darwin%20Harbour%20Cruises&query_place_id=ChIJESgQdhuRwCwRFndlTdywI2E,1.0,"Poor form, blocking the view for everyone on the beach.",-0.9996059536933899,0.9998030066490173,0.0,0.0001970715238712728,negative,6
Darwin Harbour Cruises,https://www.google.com/maps/search/?api=1&query=Darwin%20Harbour%20Cruises&query_place_id=ChIJESgQdhuRwCwRFndlTdywI2E,1.0,"Just watched and listened to 1000+ people cheer the sunset, then boo The Charles Darwin cruise ship who moved directly in front of line of sight of the su set for all the people sitting on Mindill beach. Poor form, Darwin Harbour cruises, poor form!",-0.9988352656364441,0.9994176626205444,0.0,0.0005824058316648006,negative,0
Darwin Harbour Cruises,https://www.google.com/maps/search/?api=1&query=Darwin%20Harbour%20Cruises&query_place_id=ChIJESgQdhuRwCwRFndlTdywI2E,1.0,This is the first time I have ever seen such disrespect for a whole beach full of people also there for the sunset to have it totally obscured by the boat. The whole beach were booing if you don’t believe me look at the photo posted. Shameful selfish behaviour,-0.9962414503097534,0.9981207251548767,0.0,0.001879276824183762,negative,7
Darwin Harbour Cruises,https://www.google.com/maps/search/?api=1&query=Darwin%20Harbour%20Cruises&query_place_id=ChIJESgQdhuRwCwRFndlTdywI2E,1.0,"Cruise was good, very inconsiderate to park in front of thousands of spectators at the middle of Mindil Beach. Not very community minded.",0.4361749291419983,0.28191250562667847,0.0,0.7180874347686768,positive,3
Darwin Harbour Cruises,https://www.google.com/maps/search/?api=1&query=Darwin%20Harbour%20Cruises&query_place_id=ChIJESgQdhuRwCwRFndlTdywI2E,1.0,"I’m sure the passengers on the Darwin Harbour Cruises sunset cruise on 3 August 23 got a wonderful view of the sunset at Mindil Beach, but the thousands of folks on the beach couldn’t see anything because the captain plonked the boat right in front of the beach blocking everyone’s view. Poor form. Absolutely no need to block everyone’s view.",-0.9943021535873413,0.9971510767936707,0.0,0.0028489355463534594,negative,6
Darwin Harbour Cruises,https://www.google.com/maps/search/?api=1&query=Darwin%20Harbour%20Cruises&query_place_id=ChIJESgQdhuRwCwRFndlTdywI2E,5.0,"Joined the cruise trip and it was great! I enjoyed the view of Darwin City and the sunset. It’s so beautiful seeing the sunset on the cruise. Clear sky and beautiful ocean.

The food is also great. I got seafood platters and the portion is generous.

The service is also excellent! The servers really know how to treat people or customers very nicely making it a very wonderful experience!

Cheers!",0.999767541885376,0.00011623602040344849,0.0,0.999883770942688,positive,0
Darwin Harbour Cruises,https://www.google.com/maps/search/?api=1&query=Darwin%20Harbour%20Cruises&query_place_id=ChIJESgQdhuRwCwRFndlTdywI2E,5.0,"I recently had the pleasure of taking a cruise with Darwin Harbour Cruises, and it was an experience I won't soon forget. From start to finish, everything about the experience was top-notch.

First and foremost, the seafood platter was absolutely amazing. It was clearly made with the freshest ingredients, and every item was cooked to perfection. The variety of seafood on offer was impressive, and it was all so delicious that I couldn't pick a favorite.

The service provided by the staff was also exceptional. They were friendly, attentive, and always willing to go the extra mile to make sure we were comfortable and enjoying ourselves. It was clear that they take pride in their work and genuinely care about their customers' experience.

The cruise itself was a delight as well. The boat was comfortable and well-maintained, and the views of Darwin Harbour were simply breathtaking. The knowledgeable guides provided interesting commentary throughout the cruise, giving us a deeper understanding of the area's history and wildlife.

Overall, I highly recommend Darwin Harbour Cruises to anyone visiting Darwin. Whether you're a seafood lover, a nature enthusiast, or just looking for a unique and enjoyable way to experience the beauty of Darwin Harbour, this cruise is sure to deliver. The combination of great seafood, excellent service, and stunning views make it an experience not to be missed.",0.9997212886810303,0.00013937109906692058,0.0,0.9998606443405151,positive,0
Darwin Harbour Cruises,https://www.google.com/maps/search/?api=1&query=Darwin%20Harbour%20Cruises&query_place_id=ChIJESgQdhuRwCwRFndlTdywI2E,5.0,Amazing experience and staff are so friendly and helpful. We got a great table for a birthday and the food and drinks were fantastic. It really is a must do if your in Darwin for the dry season.,0.9996302723884583,0.00018490954244043678,0.0,0.9998151659965515,positive,2
Darwin Harbour Cruises,https://www.google.com/maps/search/?api=1&query=Darwin%20Harbour%20Cruises&query_place_id=ChIJESgQdhuRwCwRFndlTdywI2E,5.0,We love your pick up driver he was best and good laughs,0.9997622966766357,0.00011882648686878383,0.0,0.9998811483383179,positive,0
Darwin Harbour Cruises,https://www.google.com/maps/search/?api=1&query=Darwin%20Harbour%20Cruises&query_place_id=ChIJESgQdhuRwCwRFndlTdywI2E,5.0,We had the best time on the Charles Darwin and cannot recommend this cruise highly enough. We opted for a grazing plate on the Sundeck.Celene really looked after us and was so accommodating.,0.9971252083778381,0.0014373973244801164,0.0,0.9985626339912415,positive,0
Darwin Harbour Cruises,https://www.google.com/maps/search/?api=1&query=Darwin%20Harbour%20Cruises&query_place_id=ChIJESgQdhuRwCwRFndlTdywI2E,4.0,Excellent. Great commentary from the skipper. Excellent smorgasbord. Feeding the fish was a highlight.,0.9995658993721008,0.00021705959807150066,0.0,0.9997829794883728,positive,3
Darwin Harbour Cruises,https://www.google.com/maps/search/?api=1&query=Darwin%20Harbour%20Cruises&query_place_id=ChIJESgQdhuRwCwRFndlTdywI2E,5.0,"There are lots of ways to enjoy the spectacular sunsets over Darwin Harbour, but Darwin Harbour Cruises gives you a ringside seat! We enjoyed their Gaze and Graze Cruise, which included a platter of nibbles. Yummy and stunning! Thanks team for your hospitality. Much appreciated.",0.9997032284736633,0.00014833918248768896,0.0,0.9998515844345093,positive,1
Darwin Harbour Cruises,https://www.google.com/maps/search/?api=1&query=Darwin%20Harbour%20Cruises&query_place_id=ChIJESgQdhuRwCwRFndlTdywI2E,5.0,Had the sunset cruise. Fantastic experience with great service. Views of the sunset were magical!,0.9997587203979492,0.00012066886120010167,0.0,0.9998793601989746,positive,2
Darwin Harbour Cruises,https://www.google.com/maps/search/?api=1&query=Darwin%20Harbour%20Cruises&query_place_id=ChIJESgQdhuRwCwRFndlTdywI2E,5.0,"Fantastic 2-hour cruise aboard the Tumlaren; friendly, attentive crew and great commentary; delicious charcuterie box meal (also offered prawns and oysters from platters) and a good range of drinks to choose from. Beautiful sunset and great view of the coastline. I enjoyed being able to walk
around the boat. Definitely recommend!",0.9997484087944031,0.00012580234033521265,0.0,0.9998742341995239,positive,0
Darwin Harbour Cruises,https://www.google.com/maps/search/?api=1&query=Darwin%20Harbour%20Cruises&query_place_id=ChIJESgQdhuRwCwRFndlTdywI2E,5.0,Had a lovely meal in pleasant surroundings. Nice way to finish off the day.,0.9997311234474182,0.0001344234769931063,0.0,0.9998655319213867,positive,7
Darwin Harbour Cruises,https://www.google.com/maps/search/?api=1&query=Darwin%20Harbour%20Cruises&query_place_id=ChIJESgQdhuRwCwRFndlTdywI2E,5.0,"Fantastic cruise on Sea Darwin, staff were friendly, highly recommend",0.999702513217926,0.0001487099361838773,0.0,0.9998512268066406,positive,2
Darwin Harbour Cruises,https://www.google.com/maps/search/?api=1&query=Darwin%20Harbour%20Cruises&query_place_id=ChIJESgQdhuRwCwRFndlTdywI2E,5.0,"We opted for the Charles Darwin Sunset Cruise with a platter, rather than the full dinner buffet. As we had preordered the platter, a table on the sun deck was reserved for us.
Right from arrival, everything was very well organised, being directed to the deck, the table, ordering of drinks and the delivery of our food.
We had the cheese platter, which had a great selection of cheeses and plenty enough for us to share.
The staff were very friendly and helpful and the delivery of the commentary was really good.
Unfortunately there wasn't much of a sunset for us, but we had a great time anyway.",0.9992527961730957,0.0003736205107998103,0.0,0.9996263980865479,positive,7
Darwin Harbour Cruises,https://www.google.com/maps/search/?api=1&query=Darwin%20Harbour%20Cruises&query_place_id=ChIJESgQdhuRwCwRFndlTdywI2E,1.0,"This is the second time we’ve been on this sunset cruise first time was in 2015 and this was the best experience we’ve had and was looking forward to it again so on the 13th November we booked it and wow I don’t know what’s happened ,the commentary was good , but the food was absolutely disgusting , it tasted like 3 day old hospital food, since our first experience the trip has obviously grown in the number of people it takes which has resulted in poor quality food.",-0.9679847359657288,0.9839923977851868,0.0,0.01600765250623226,negative,7
Darwin Harbour Cruises,https://www.google.com/maps/search/?api=1&query=Darwin%20Harbour%20Cruises&query_place_id=ChIJESgQdhuRwCwRFndlTdywI2E,5.0,Definitely worth doing. Great dinner cruise of the harbour. Food was nice and there was plenty of it. Commentary was good but the volume needed to be lower. Staff were great 👍,0.9984112977981567,0.0007943746168166399,0.0,0.9992056488990784,positive,3
Darwin Harbour Cruises,https://www.google.com/maps/search/?api=1&query=Darwin%20Harbour%20Cruises&query_place_id=ChIJESgQdhuRwCwRFndlTdywI2E,5.0,What amazing experience! Must do in Darwin .Thank you . This is our second time on this cruise and you’ve always delivered. Thank you to the crew & chef. Will definitely back again for 3rd round. Hopefully soon . Keep it the good work !,0.9997383952140808,0.00013080608914606273,0.0,0.9998692274093628,positive,0
Darwin Harbour Cruises,https://www.google.com/maps/search/?api=1&query=Darwin%20Harbour%20Cruises&query_place_id=ChIJESgQdhuRwCwRFndlTdywI2E,5.0,"Gabby, Diego and Toby are a credit to the team. Had a wonderful experience. Food was amazing and will definately do this cruise again",0.9997611045837402,0.0001194597571156919,0.0,0.9998805522918701,positive,2
Darwin Harbour Cruises,https://www.google.com/maps/search/?api=1&query=Darwin%20Harbour%20Cruises&query_place_id=ChIJESgQdhuRwCwRFndlTdywI2E,5.0,"Got placed on the foredeck outside for dinner.  But windy to start with but calmed down and was perfect. Food was great, commentary was quirky and sunset was stunning.  Thoroughly enjoyed it all",0.9997488856315613,0.0001255646930076182,0.0,0.999874472618103,positive,0
Darwin Harbour Cruises,https://www.google.com/maps/search/?api=1&query=Darwin%20Harbour%20Cruises&query_place_id=ChIJESgQdhuRwCwRFndlTdywI2E,5.0,"Definite must do in Darwin! Happy accident for gaze & graze on upper deck which had quality ample food, fantastic views & photo opportunities. Nort, on commentary was hilarious, made safety briefing most enjoyable! Loved it.",0.9996502995491028,0.00017489903257228434,0.0,0.9998251795768738,positive,3
Darwin Harbour Cruises,https://www.google.com/maps/search/?api=1&query=Darwin%20Harbour%20Cruises&query_place_id=ChIJESgQdhuRwCwRFndlTdywI2E,3.0,"The concept of this cruise is ""Enticing"", however, our expectations were far from met.  Admittedly our tour was booked via Imagine Tours, not by ourselves, so we were unaware of options for inside outside seating & what that meant regarding food choices.  On arrival you all just stand on the dock, the gate opens, you file on, nothing orderly about it.  Then when you enter, you are advised that you will be seated inside, taken to the table.  Ours was by windows, with stack of outdoor chairs & a timber wooden partition, plus dirty windows (all around).  After asking the stack of chairs was halved.  We were unaware of steps down to toilets, my sister had mobility issues-but managed. The commentary was just a drone of annoyance & some relaxing background music would have been appreciated.  The commentator was like a parrot repeating what he had said a thousand times.  No ebb or flow & hard to hear.  We all just checked out & struggled to talk over him.  The staff did not keep the buffet plates stocked swiftly enough.  The commentator picked & chose which table went when.  The food was say 7/10.  One of the bowls on our table had clearly not been cleaned properly.  Bar service seemed reasonable after the initial rush.  The asian staff member stood out positively.  The table cloths were clean, the tables beneath chipboard with lifting laminex.  Large cracks in toilet floor.  However, the concept & possibilities to have a wonderful evening were there but lost in amongst the other.  I think it would be time enough for the commentator to drone on, after the sunset.  It was like lets get through all the good stuff in the first 1/2 hour.  After the sunsets - it is just dark - apart from the beautiful Ferris Wheel lights.  Orderly loading, like front deck/1st level etc. could help.  By the time we got back to dock, we all just wanted off.  If we had been seated in a half decent place, with windows we could see through, be welcomed (that bit was OK), then chill with the sunset and wine, I reckon a lot of the rest would not have even been a noticed.",-0.9962185025215149,0.9981092214584351,0.0,0.0018907187040895224,negative,7
Darwin Harbour Cruises,https://www.google.com/maps/search/?api=1&query=Darwin%20Harbour%20Cruises&query_place_id=ChIJESgQdhuRwCwRFndlTdywI2E,5.0,"Great way to experience Darwin's stunning Sunset on the water,fabulous staff and beautiful buffet style meal.relaxing...",0.9997553825378418,0.000122301877127029,0.0,0.9998776912689209,positive,3
Darwin Harbour Cruises,https://www.google.com/maps/search/?api=1&query=Darwin%20Harbour%20Cruises&query_place_id=ChIJESgQdhuRwCwRFndlTdywI2E,5.0,"Highlight of our time in Darwin - worth the $, fantastic service, everyone so friendly boarding and exiting (employees seem so happy), platters were excellent (recommend ordering in advance as you book your tour, your food will come out very quickly), and the mango ice cream to finish was delish. Tour guide at beginning of the ride was great, good to learn some history and then kick back and enjoy the remainder of the cruise and the sunset washing over the boat. A memorable experience which we will recommend to others.",0.9994779825210571,0.0002610115916468203,0.0,0.9997389912605286,positive,3
Darwin Harbour Cruises,https://www.google.com/maps/search/?api=1&query=Darwin%20Harbour%20Cruises&query_place_id=ChIJESgQdhuRwCwRFndlTdywI2E,1.0,"What an awful experience
Went on board clearly telling them I have an anaphylactic seafood allergy. Was rung up day before to confirm and I told them again - happy to go elsewhere if they could  not accomodate me. When on board very rude captain instructed me what I could eat - pointing out the prawns and other seafood. I repeated again I can’t eat that as in I’m allergic and he told me I could have the barramundi or anchovies. I ended up having salad and chicken. No idea if he thought this was funny but as it is a medical condition my husband started to get very worried.  As the evening progressed I had to ask the waiter to move away from me as they had a bucket of prawn scraps. Also food scraps on the floor. Ended up waiting to dock outside because of the seafood smell and scraps everywhere . Terrible experience - would not recommend.",-0.9979616403579712,0.9989808201789856,0.0,0.0010192007757723331,negative,7
Darwin Harbour Cruises,https://www.google.com/maps/search/?api=1&query=Darwin%20Harbour%20Cruises&query_place_id=ChIJESgQdhuRwCwRFndlTdywI2E,4.0,"We had a lovely night on the water.They gave us a good table at the bow of the boat.The staff were very attentive, cleaning tables when you were finished. The toilets were a problem for me because i am disabled, as you had to go down a flight of stairs and there was no disabled bars,so I had trouble in toilets. The food was alright.I think it is better to go on a night cruise when it is NT night as you see all the fireworks. Once the beautiful sunset had gone done,there wasn't anything to see..",0.6040797233581543,0.19796012341976166,0.0,0.8020398616790771,positive,7
Darwin Harbour Cruises,https://www.google.com/maps/search/?api=1&query=Darwin%20Harbour%20Cruises&query_place_id=ChIJESgQdhuRwCwRFndlTdywI2E,5.0,"If you're looking for an amazing venue to celebrate a special milestone then THIS IS IT. For my hen's/bachelorette we hired the Tumlaren and it was an AMAZING experience. We hired this amazing vessel on a Thursday night and I got married on a Saturday - it was such a great decision. We had the captain (Lyle) with the support of Kristy create such a special evening. Together we sailed the coastline of Darwin watching the sunset and listening to our favourite tunes. My bridesmaids organised some amazing games and we had a phenomenal time. The cruise provided us with these gorgeous grazing platters and sparkling wine, soft drinks etc. This is a 10/10 experience and if you're umming and ahhing just make the decision and go here. It's an experience you'll remember for the rest of your life.",0.9995604753494263,0.00021978901349939406,0.0,0.9997802376747131,positive,0
Darwin Harbour Cruises,https://www.google.com/maps/search/?api=1&query=Darwin%20Harbour%20Cruises&query_place_id=ChIJESgQdhuRwCwRFndlTdywI2E,5.0,Great cruise excellent buffet friendly staff great commentary plenty of food or hand always replenishing.  Reasonable bar prices and great views of the harbor and sunset.,0.9987990856170654,0.0006004298920743167,0.0,0.9993995428085327,positive,3
Darwin Harbour Cruises,https://www.google.com/maps/search/?api=1&query=Darwin%20Harbour%20Cruises&query_place_id=ChIJESgQdhuRwCwRFndlTdywI2E,5.0,"Wow what an experience with outside dining on the deck with friendly staff an commentary. Great variety of seafood and vegetables dishes to suit everyone, sunset was spectacular.  Highly recommend.",0.9997013211250305,0.00014932037447579205,0.0,0.9998506307601929,positive,7
Darwin Harbour Cruises,https://www.google.com/maps/search/?api=1&query=Darwin%20Harbour%20Cruises&query_place_id=ChIJESgQdhuRwCwRFndlTdywI2E,1.0,Terrible awful shocking. Booked months in advance for 15 people and you kicked us off cos you over booked AND refused to refund our money.  I don’t recommend this company at all. Thanks for nothing.,-0.9991558194160461,0.9995779395103455,0.0,0.00042209523962810636,negative,5
Darwin Harbour Cruises,https://www.google.com/maps/search/?api=1&query=Darwin%20Harbour%20Cruises&query_place_id=ChIJESgQdhuRwCwRFndlTdywI2E,5.0,Great farewell cruise,0.9819064140319824,0.009046796709299088,0.0,0.9909532070159912,positive,3
Darwin Harbour Cruises,https://www.google.com/maps/search/?api=1&query=Darwin%20Harbour%20Cruises&query_place_id=ChIJESgQdhuRwCwRFndlTdywI2E,5.0,Wonderful cruise friendly efficient staff. Particular mention to the girls Taylor & Stephanie who were so helpful with giving me a quiet & cool spot away to breastfeed & put Bub off to sleep.,0.997621476650238,0.0011892636539414525,0.0,0.9988107681274414,positive,1
Darwin Harbour Cruises,https://www.google.com/maps/search/?api=1&query=Darwin%20Harbour%20Cruises&query_place_id=ChIJESgQdhuRwCwRFndlTdywI2E,4.0,"Lovely cruise and good food. The only negative thing was that for the price I did expect a complementary drink. Sorry forks buy your own, water on the house",0.28979071974754333,0.3551046550273895,0.0,0.6448953747749329,neutral,3
Darwin Harbour Cruises,https://www.google.com/maps/search/?api=1&query=Darwin%20Harbour%20Cruises&query_place_id=ChIJESgQdhuRwCwRFndlTdywI2E,5.0,"Good food and good experience. I didn't like the attitude of one of the waiters (the blonde one), he was the whole time swearing words to himself but it was obvious that you could listen to him, I think if he does not like the job, he shouldn't be doing it. The rest was very good",0.9847384095191956,0.007630776148289442,0.0,0.9923691749572754,positive,7
Darwin Harbour Cruises,https://www.google.com/maps/search/?api=1&query=Darwin%20Harbour%20Cruises&query_place_id=ChIJESgQdhuRwCwRFndlTdywI2E,5.0,Loved the experience,0.999742329120636,0.0001288166968151927,0.0,0.9998711347579956,positive,4
Darwin Harbour Cruises,https://www.google.com/maps/search/?api=1&query=Darwin%20Harbour%20Cruises&query_place_id=ChIJESgQdhuRwCwRFndlTdywI2E,5.0,Excellent cruise. Happy friendly staff. Good food.  Great views and narrative. Value trip for all.,0.9997727274894714,0.00011363741214154288,0.0,0.9998863935470581,positive,2
Darwin Harbour Cruises,https://www.google.com/maps/search/?api=1&query=Darwin%20Harbour%20Cruises&query_place_id=ChIJESgQdhuRwCwRFndlTdywI2E,5.0,Great activity to see the harbour. We were lucky to have the sunset and the full moon rise within 45 minutes of each other!! I definitely recommend this experience for any visitors!,0.9996872544288635,0.00015637013711966574,0.0,0.9998435974121094,positive,0
Darwin Harbour Cruises,https://www.google.com/maps/search/?api=1&query=Darwin%20Harbour%20Cruises&query_place_id=ChIJESgQdhuRwCwRFndlTdywI2E,4.0,Very good service. Should have no smoking policy on top deck especially when you are surrounded with kids and families.,0.9978042244911194,0.0010978537611663342,0.0,0.9989020824432373,positive,0
Darwin Harbour Cruises,https://www.google.com/maps/search/?api=1&query=Darwin%20Harbour%20Cruises&query_place_id=ChIJESgQdhuRwCwRFndlTdywI2E,5.0,This was absolutely stunning and the buffet was gorgeous 🌞,0.9996864795684814,0.0001567475264891982,0.0,0.9998432397842407,positive,4
Darwin Harbour Cruises,https://www.google.com/maps/search/?api=1&query=Darwin%20Harbour%20Cruises&query_place_id=ChIJESgQdhuRwCwRFndlTdywI2E,4.0,Good food.  Pleasant staff.,0.9997408390045166,0.00012960389722138643,0.0,0.9998704195022583,positive,7
Darwin Harbour Cruises,https://www.google.com/maps/search/?api=1&query=Darwin%20Harbour%20Cruises&query_place_id=ChIJESgQdhuRwCwRFndlTdywI2E,1.0,"Paid for the $100pp dinner cruise. Disappointing is an under statement. World rather spend the money on a fancy restaurant meal. Actually, I would recommend eating at a water side restaurant instead and enjoy the view. Three Disappointing reasons: 1. They pack the boat full of people which means there is no real viewing space and you feel like you're intruding on other guests space when trying to take in the limited daylight. 2. The 'captain' had a random way of determining which table goes up to grab food that you paid for - felt like I was back at school and the teacher chose their favourites to go up first. With absolutely no logic, you somewhat feel he plays favourites as he wants to be. Not happy. 3. After sunset about 40 minutes into the cruise, it is dark for the remaining 2 hours. Not much to see. The only good point was the seafood was fresh, but then again you can get that right at stokes Hill wharf (where you board the boat) at a fraction of the cost! The cruise is one thing to avoid.",-0.9990177750587463,0.9995088577270508,0.0,0.0004911039723083377,negative,7
Darwin Harbour Cruises,https://www.google.com/maps/search/?api=1&query=Darwin%20Harbour%20Cruises&query_place_id=ChIJESgQdhuRwCwRFndlTdywI2E,5.0,Great food and service,0.9997568130493164,0.00012161017366452143,0.0,0.9998784065246582,positive,2
Darwin Harbour Cruises,https://www.google.com/maps/search/?api=1&query=Darwin%20Harbour%20Cruises&query_place_id=ChIJESgQdhuRwCwRFndlTdywI2E,5.0,"We had a great cruise on Monday night, lots of food including prawns and oysters.  Beautiful sunset too, would highly recommend.",0.9994076490402222,0.0002961871796287596,0.0,0.9997038245201111,positive,3
Darwin Harbour Cruises,https://www.google.com/maps/search/?api=1&query=Darwin%20Harbour%20Cruises&query_place_id=ChIJESgQdhuRwCwRFndlTdywI2E,5.0,Many thanks to the office staff for reorganising our booking when our itinerary got disrupted. The cruise was well run and the food was wonderful. A great and relaxing  experience.,0.9997180104255676,0.00014097688836045563,0.0,0.9998589754104614,positive,2
Darwin Harbour Cruises,https://www.google.com/maps/search/?api=1&query=Darwin%20Harbour%20Cruises&query_place_id=ChIJESgQdhuRwCwRFndlTdywI2E,5.0,"Excellent service, made sure as a coeliac we were catered for wonderfully which made for a great evening on the water. Staff went out of their way to make our trip special.",0.9996755719184875,0.00016218940436374396,0.0,0.9998377561569214,positive,3
Darwin Harbour Cruises,https://www.google.com/maps/search/?api=1&query=Darwin%20Harbour%20Cruises&query_place_id=ChIJESgQdhuRwCwRFndlTdywI2E,5.0,An excellent cruise with great commentary,0.999715268611908,0.00014236831339076161,0.0,0.9998576641082764,positive,3
Darwin Harbour Cruises,https://www.google.com/maps/search/?api=1&query=Darwin%20Harbour%20Cruises&query_place_id=ChIJESgQdhuRwCwRFndlTdywI2E,5.0,An amazing cruise with spectacular views and food. I was lucky enough to be seated on the bow/deck and loved every minute. Totally recommend this cruise.,0.9997792840003967,0.00011034127237508073,0.0,0.999889612197876,positive,0
Darwin Harbour Cruises,https://www.google.com/maps/search/?api=1&query=Darwin%20Harbour%20Cruises&query_place_id=ChIJESgQdhuRwCwRFndlTdywI2E,5.0,Nice staff and best food,0.9997425079345703,0.00012876588152721524,0.0,0.9998712539672852,positive,2
Darwin Harbour Cruises,https://www.google.com/maps/search/?api=1&query=Darwin%20Harbour%20Cruises&query_place_id=ChIJESgQdhuRwCwRFndlTdywI2E,5.0,Loved this cruise,0.9997406601905823,0.00012964082998223603,0.0,0.9998703002929688,positive,3
Darwin Harbour Cruises,https://www.google.com/maps/search/?api=1&query=Darwin%20Harbour%20Cruises&query_place_id=ChIJESgQdhuRwCwRFndlTdywI2E,5.0,Great trip and really nice platters,0.9997687339782715,0.00011564255692064762,0.0,0.9998843669891357,positive,5
Darwin Harbour Cruises,https://www.google.com/maps/search/?api=1&query=Darwin%20Harbour%20Cruises&query_place_id=ChIJESgQdhuRwCwRFndlTdywI2E,5.0,Great way to see a famous Darwin sunset. Food was excellent with a good selection. Crew were friendly.,0.9996719360351562,0.00016401677567046136,0.0,0.9998359680175781,positive,3
Darwin Harbour Cruises,https://www.google.com/maps/search/?api=1&query=Darwin%20Harbour%20Cruises&query_place_id=ChIJESgQdhuRwCwRFndlTdywI2E,3.0,"Food options not great,  paid for transfers from hotel,  not given option or awareness of free shuttle",-0.9960961937904358,0.9980480670928955,0.0,0.0019518843619152904,negative,0
Darwin Harbour Cruises,https://www.google.com/maps/search/?api=1&query=Darwin%20Harbour%20Cruises&query_place_id=ChIJESgQdhuRwCwRFndlTdywI2E,5.0,Amazing! There's nothing quite like Darwin sunsets and what better way to take it all in than with a seafood dinner?!? :) well priced and worth it!,0.9996107220649719,0.0001946469710674137,0.0,0.9998053908348083,positive,7
Darwin Harbour Cruises,https://www.google.com/maps/search/?api=1&query=Darwin%20Harbour%20Cruises&query_place_id=ChIJESgQdhuRwCwRFndlTdywI2E,1.0,"So incredibly underwhelming... and I'm being kind. If you've never been on a boat or done a sunset dinner, you'll probably think it's OK. But this is no Hamilton Island sunset cruise. It appeals to the buffet bogans and does not cater for dietary requirements, not even vegetarian. The prawns and oyster are terrible and definitely not fresh. Vegetarians  can enjoy mixed zucchini, tomato and Capsicum vegetables, and cous cous. Service average. Highlight was the safety brief. Give it a miss.",-0.9971622824668884,0.9985811710357666,0.0,0.0014188955537974834,negative,7
Darwin Harbour Cruises,https://www.google.com/maps/search/?api=1&query=Darwin%20Harbour%20Cruises&query_place_id=ChIJESgQdhuRwCwRFndlTdywI2E,5.0,"Good food, great service!",0.9997547268867493,0.00012262276140972972,0.0,0.9998773336410522,positive,3
Darwin Harbour Cruises,https://www.google.com/maps/search/?api=1&query=Darwin%20Harbour%20Cruises&query_place_id=ChIJESgQdhuRwCwRFndlTdywI2E,5.0,Great cruise and service. Amazing team on board.,0.9997739791870117,0.00011299406469333917,0.0,0.9998869895935059,positive,2
Darwin Harbour Cruises,https://www.google.com/maps/search/?api=1&query=Darwin%20Harbour%20Cruises&query_place_id=ChIJESgQdhuRwCwRFndlTdywI2E,2.0,"We would not recommend Charles Darwin Dinner Cruise for families or large groups. We were a large party of 18 with 40% of group being between the age of 4 to 14.
$72 for children, $110 for Adults.
No drinks included, No entree. Over priced drinks ($7 for a glass of orange juice). Each person got two prawns and two oysters, along with some other dishes. They will offer you plenty of bread rolls though lol.
We were the second last group to be ""allowed"" to go get our meals. When my sister told the gentlemen the kids were starving - his response was we were not present for him to let us go up. Which was not true. They had plenty of opportunities to tell us to go up well before other tables. (well before being the second last group to go get our meals.)
We have also been on Spirit of Darwin as a family group, and had a lovely time! Entree bought to your table. RELAXED and very COMFORTABLE cruise. Two drinks included.",0.980209231376648,0.009895401075482368,0.0,0.990104615688324,positive,0
Darwin Harbour Cruises,https://www.google.com/maps/search/?api=1&query=Darwin%20Harbour%20Cruises&query_place_id=ChIJESgQdhuRwCwRFndlTdywI2E,5.0,"Had a great cruise at Darwin Harbour on our holiday. Food was good, guide was very informative, friendly and humorous, nice relaxing cruise.",0.999643862247467,0.00017809869314078242,0.0,0.9998219609260559,positive,3
Darwin Harbour Cruises,https://www.google.com/maps/search/?api=1&query=Darwin%20Harbour%20Cruises&query_place_id=ChIJESgQdhuRwCwRFndlTdywI2E,5.0,"Amazing Food, Amazing Staff (Norts is hilarious and Tony absolute legend) Love Love Love. Would do it again :)",0.9997139573097229,0.0001429815893061459,0.0,0.9998569488525391,positive,1
Darwin Harbour Cruises,https://www.google.com/maps/search/?api=1&query=Darwin%20Harbour%20Cruises&query_place_id=ChIJESgQdhuRwCwRFndlTdywI2E,4.0,"Great evening, food was excellent and lots to choose from. Staff were friendly.",0.9997620582580566,0.000118945179565344,0.0,0.9998810291290283,positive,2
Darwin Harbour Cruises,https://www.google.com/maps/search/?api=1&query=Darwin%20Harbour%20Cruises&query_place_id=ChIJESgQdhuRwCwRFndlTdywI2E,3.0,"Was okay, but meal basic, we think quite expensive overall.
The commentary was bit off putting, the guy was trying to be funny in between the serious part of maybe needing to put on a float vest.
No check was done either  where we came from. Didn't see any sanitiser.",-0.9968331456184387,0.998416543006897,0.0,0.0015833992511034012,negative,7
Darwin Harbour Cruises,https://www.google.com/maps/search/?api=1&query=Darwin%20Harbour%20Cruises&query_place_id=ChIJESgQdhuRwCwRFndlTdywI2E,5.0,"We had the best experience on the Charles Darwin harbour cruise tonight. The atmosphere was great, the dinner was delicious and generous, the staff were amazing and knew the history of Darwin. ⭐⭐⭐⭐⭐ Great value for money, we will be back 😁",0.9995773434638977,0.0002113627560902387,0.0,0.9997887015342712,positive,0
Darwin Harbour Cruises,https://www.google.com/maps/search/?api=1&query=Darwin%20Harbour%20Cruises&query_place_id=ChIJESgQdhuRwCwRFndlTdywI2E,1.0,"If you enjoy eating garden weeds, you'll be fine, if not,  you won't.",0.9861453771591187,0.006927334703505039,0.0,0.9930726885795593,positive,7
Darwin Harbour Cruises,https://www.google.com/maps/search/?api=1&query=Darwin%20Harbour%20Cruises&query_place_id=ChIJESgQdhuRwCwRFndlTdywI2E,4.0,"We used our tourism top end voucher and took a family of 5.  Amazing and efficient staff, always had a smile on their faces, very helpful. We weren't disappointed with a beautiful sunset either. We did the buffet dinner cruise and the food was abit fancy for our kids but what they did eat was delicious. As an adult we thought the food was nice.",0.9996104836463928,0.00019476021407172084,0.0,0.9998052716255188,positive,2
Darwin Harbour Cruises,https://www.google.com/maps/search/?api=1&query=Darwin%20Harbour%20Cruises&query_place_id=ChIJESgQdhuRwCwRFndlTdywI2E,3.0,"My husband and I booked and paid for the sunset cruise, the food choices had not really interested us so we did not book the meal or platter option. When we got there and were waiting at the dock, we were surprised at the amount of people waiting to get on the cruise, the staff told me they were at full capacity that night, which means 150 people on the boat, we did an assessment and decided that we did not fancy being packed into a boat like sardines, particularly for 2.5 hours so we opted not to take the cruise. Nothing against the staff or business, just not our idea of a relaxing sunset cruise, particularly at the moment with social distancing and all that biz.",-0.9956595301628113,0.9978297352790833,0.0,0.0021702253725379705,negative,0
Darwin Harbour Cruises,https://www.google.com/maps/search/?api=1&query=Darwin%20Harbour%20Cruises&query_place_id=ChIJESgQdhuRwCwRFndlTdywI2E,5.0,"Fantastic cruise food was delicious well worth going on. David thankyou for your service and commentary and to all the crew.
It was a  great experience would definitely recommend.",0.9997551441192627,0.00012242064985912293,0.0,0.9998775720596313,positive,2
Darwin Harbour Cruises,https://www.google.com/maps/search/?api=1&query=Darwin%20Harbour%20Cruises&query_place_id=ChIJESgQdhuRwCwRFndlTdywI2E,5.0,My husband and I went on the Charles Darwin Sunset Buffet cruise on 16/10/19. We loved the experience! Booking process was easy and staff were so lovely and polite. The food was tasty and it being a buffet we were able to go for seconds. The crew member who gave an overview of Darwin's history and landmarks on the top deck was just a delight to listen to; very engaging and funny. Overall we had a great time and would recommend it to others.,0.9997267723083496,0.00013664216385222971,0.0,0.9998633861541748,positive,7
Darwin Harbour Cruises,https://www.google.com/maps/search/?api=1&query=Darwin%20Harbour%20Cruises&query_place_id=ChIJESgQdhuRwCwRFndlTdywI2E,5.0,"A great experience,  exceptional food and wonderful customer service from the staff.",0.9997794032096863,0.00011031392932636663,0.0,0.9998897314071655,positive,2
Darwin Harbour Cruises,https://www.google.com/maps/search/?api=1&query=Darwin%20Harbour%20Cruises&query_place_id=ChIJESgQdhuRwCwRFndlTdywI2E,5.0,Excellent service and stuff!!,0.9997479915618896,0.00012600162881426513,0.0,0.9998739957809448,positive,3
Darwin Harbour Cruises,https://www.google.com/maps/search/?api=1&query=Darwin%20Harbour%20Cruises&query_place_id=ChIJESgQdhuRwCwRFndlTdywI2E,5.0,"Beautiful cruise at sunset! The crew were friendly and helpful, the food was delicious and the view from the bow deck was amazing! We had a wonderful trip. Highly recommend this cruise.",0.9997732639312744,0.00011339343473082408,0.0,0.9998866319656372,positive,2
Darwin Harbour Cruises,https://www.google.com/maps/search/?api=1&query=Darwin%20Harbour%20Cruises&query_place_id=ChIJESgQdhuRwCwRFndlTdywI2E,5.0,Seadarwin awesome cruise with a beautiful sunset,0.9997456073760986,0.0001271960063604638,0.0,0.9998728036880493,positive,2
Darwin Harbour Cruises,https://www.google.com/maps/search/?api=1&query=Darwin%20Harbour%20Cruises&query_place_id=ChIJESgQdhuRwCwRFndlTdywI2E,5.0,"This is one of the best experience during my solo trip to Top End. The weather was pleasant and I was able to soak up the peace and tranquillity of the sunset with loads of photo opportunities. The crew member was passionate and provided us an in-depth commentary about the city, history, culture and landmarks, which is one of the perfect ways for someone visiting Darwin for the first time. The buffet itself was great, with a variety of mains, salads and dessert. In addition, all staff members are very accomodating and friendly, which made the entire journey much more smooth. Overall I have enjoyed it to the fullest and I will recommend it to others.",0.9996881484985352,0.0001559517259011045,0.0,0.9998440742492676,positive,0
Darwin Harbour Cruises,https://www.google.com/maps/search/?api=1&query=Darwin%20Harbour%20Cruises&query_place_id=ChIJESgQdhuRwCwRFndlTdywI2E,5.0,what a great commentary they have,0.9993742108345032,0.0003128928074147552,0.0,0.9996870756149292,positive,3
Darwin Harbour Cruises,https://www.google.com/maps/search/?api=1&query=Darwin%20Harbour%20Cruises&query_place_id=ChIJESgQdhuRwCwRFndlTdywI2E,5.0,Five star treatment by staff 😊unfortunately weather conditions forced cancellation of the package  we were doing 😩😩,-0.9977573156356812,0.9988786578178406,0.0,0.001121355453506112,negative,7
Darwin Harbour Cruises,https://www.google.com/maps/search/?api=1&query=Darwin%20Harbour%20Cruises&query_place_id=ChIJESgQdhuRwCwRFndlTdywI2E,5.0,"We (4 of us) purchased the $58 option, i.e, without the buffet. I think the cruise is great value for money and the people are nice too. The cruise is spacious and ample room to walk around. Good selection of beer and wine at reasonable restaurant style prices. The finger food for order could improve a bit though and probably offer some platters?
Nonetheless, the sunset is worth every $!",0.9991913437843323,0.00040433695539832115,0.0,0.9995957016944885,positive,3
Darwin Harbour Cruises,https://www.google.com/maps/search/?api=1&query=Darwin%20Harbour%20Cruises&query_place_id=ChIJESgQdhuRwCwRFndlTdywI2E,5.0,"Great cruise in general, one of the main things we were concerned about was food running out. However with it being a buffet they always replenished whatever was out. Dinner menu on the buffet line included:
Salads: Caesar salad, rocket salad, potato salads, tomato salad
Seafood: Oysters, Northern Territory tiger prawns, picked baby octopus, Seared Reef Fish
Non seafood: Mango chicken & rice, seared beef, Roasted Vegetables
Desserts: Assortment of Cakes, seasonal fruits
Drinks: Only water was complimentary, but there’s a fully licensed bar

Definitely would recommend it, great view, clean toilets, great music and atmosphere. However to get the best seats definitely call and request as seats were pre-allocated so it didn’t matter what time you arrived (we thought it was a first come first serve). However overall we thought it was great value for the price we paid (buffet sunset dinner).",0.9360911846160889,0.031954433768987656,0.0,0.9680455923080444,positive,3
Darwin Harbour Cruises,https://www.google.com/maps/search/?api=1&query=Darwin%20Harbour%20Cruises&query_place_id=ChIJESgQdhuRwCwRFndlTdywI2E,5.0,"We had the best time! Great sailing and relaxing time, thanks to the crew for fantastic service as well. 👍",0.9997525215148926,0.00012372707715258002,0.0,0.9998762607574463,positive,3
Darwin Harbour Cruises,https://www.google.com/maps/search/?api=1&query=Darwin%20Harbour%20Cruises&query_place_id=ChIJESgQdhuRwCwRFndlTdywI2E,3.0,Not the best available in the area. Do a bit of homework first. Food reasonably good. Drinks not too sure about their measures. Cruise easy going. Perhaps better management on board might off set issues,-0.9773921370506287,0.9886960983276367,0.0,0.011303933337330818,negative,0
Darwin Harbour Cruises,https://www.google.com/maps/search/?api=1&query=Darwin%20Harbour%20Cruises&query_place_id=ChIJESgQdhuRwCwRFndlTdywI2E,4.0,Chill out & take in the panorama,0.9963764548301697,0.0018117452273145318,0.0,0.9981881976127625,positive,5
Darwin Harbour Cruises,https://www.google.com/maps/search/?api=1&query=Darwin%20Harbour%20Cruises&query_place_id=ChIJESgQdhuRwCwRFndlTdywI2E,5.0,Very informative and sooo relaxing,0.9992795586585999,0.0003601845819503069,0.0,0.9996397495269775,positive,3
Darwin Harbour Cruises,https://www.google.com/maps/search/?api=1&query=Darwin%20Harbour%20Cruises&query_place_id=ChIJESgQdhuRwCwRFndlTdywI2E,3.0,Great cruise however very disappointed with main meal as we were last to get served and they had run out of most of food....however made it up on the sweets.....just not good enough when u pay good money....,-0.9979021549224854,0.9989510774612427,0.0,0.0010489183478057384,negative,3
Darwin Harbour Cruises,https://www.google.com/maps/search/?api=1&query=Darwin%20Harbour%20Cruises&query_place_id=ChIJESgQdhuRwCwRFndlTdywI2E,5.0,Marvelous cruise,0.9997611045837402,0.0001194509823108092,0.0,0.9998805522918701,positive,0
Darwin Harbour Cruises,https://www.google.com/maps/search/?api=1&query=Darwin%20Harbour%20Cruises&query_place_id=ChIJESgQdhuRwCwRFndlTdywI2E,5.0,"We just got married on the Charles Darwin last Saturday. We would highly recommend the Darwin Harbour Cruises for any occasion. From the beginning when we made our first enquiry right through to the end, the staff were amazing, very professional and friendly, they guided us through the whole process and made it so easy, arranging everything for us and without any stress  :) . The staff on board that night were very professional and accommodating and looked after us and our guests, to ensure we all enjoyed the night and we did :).  All of our national and local guests enjoyed a taste of Darwin and commented on the night and afterwards that it was an ""incredible experience"" they absolutely loved the food, service and cruise.  A HUGE thank you to Renee, Rachel and the rest of the crew for making our wedding day a truly spectacular experience. Rob and Marlene",0.9996840953826904,0.0001579731033416465,0.0,0.9998420476913452,positive,0
Darwin Harbour Cruises,https://www.google.com/maps/search/?api=1&query=Darwin%20Harbour%20Cruises&query_place_id=ChIJESgQdhuRwCwRFndlTdywI2E,4.0,Had many great times there,0.9992694854736328,0.0003652808372862637,0.0,0.9996347427368164,positive,3
Darwin Harbour Cruises,https://www.google.com/maps/search/?api=1&query=Darwin%20Harbour%20Cruises&query_place_id=ChIJESgQdhuRwCwRFndlTdywI2E,5.0,Amazing sunset cruise!!! Amazing stuff on board. Amazing service. As soon as we step on board cruise staff made everything to make us feel comfortable.The boat is excellent. Especially want to thank you a guy who served us on a upper desk. He was so helpful and friendly.  He made our cruise even more enjoyable))). Would like to recommend everybody as a part of holiday in Darwin or just to have nice dinner and enjoy amazing sunset. ))),0.9997332096099854,0.00013339724682737142,0.0,0.9998666048049927,positive,0
Darwin Harbour Cruises,https://www.google.com/maps/search/?api=1&query=Darwin%20Harbour%20Cruises&query_place_id=ChIJESgQdhuRwCwRFndlTdywI2E,5.0,Great night food very good. Down stairs you can't hear the commentary or understand what is being said.,0.9996002912521362,0.0001998603984247893,0.0,0.9998001456260681,positive,7
Darwin Harbour Cruises,https://www.google.com/maps/search/?api=1&query=Darwin%20Harbour%20Cruises&query_place_id=ChIJESgQdhuRwCwRFndlTdywI2E,5.0,Top cruise & informative operators.,0.9994658827781677,0.0002670504036359489,0.0,0.9997329115867615,positive,1
Darwin Harbour Cruises,https://www.google.com/maps/search/?api=1&query=Darwin%20Harbour%20Cruises&query_place_id=ChIJESgQdhuRwCwRFndlTdywI2E,5.0,"We enjoyed our cruise on the Charles Darwin, the staff were very efficient and friendly, the wide variety of food was excellent, the captain gave us a very informative talk on the way out around the harbour, we chose to go on this tour for our 50th wedding anniversary and were very p,eased with the night.  Well done.",0.9996482133865356,0.00017588204354979098,0.0,0.9998241066932678,positive,0
Darwin Harbour Cruises,https://www.google.com/maps/search/?api=1&query=Darwin%20Harbour%20Cruises&query_place_id=ChIJESgQdhuRwCwRFndlTdywI2E,4.0,"I loved the sunset dinner cruise! The boat was nice, the staff was very friendly and gave a great overview of the Darwin area as we sailed out. I had read bad reviews of the food but I thought it was really pretty good. There was a salad, oysters, prawns, steak, chicken, seafood, grilled veggies, and dessert! The sunset was just amazing! We had lightening storms off in the distance. I really enjoyed my evening on the cruise and I think it's a must do for Darwin visitors. Now that I live here I plan on taking friends and family on it when they visit.",0.9995406270027161,0.00022972302394919097,0.0,0.9997703433036804,positive,0
Darwin Harbour Cruises,https://www.google.com/maps/search/?api=1&query=Darwin%20Harbour%20Cruises&query_place_id=ChIJESgQdhuRwCwRFndlTdywI2E,4.0,"Would recommend this to all visitors to Darwin,  my family really enjoyed the  experience.",0.9996722340583801,0.00016386389324907213,0.0,0.9998360872268677,positive,0
Darwin Harbour Cruises,https://www.google.com/maps/search/?api=1&query=Darwin%20Harbour%20Cruises&query_place_id=ChIJESgQdhuRwCwRFndlTdywI2E,5.0,"We got married on their sunset cruise, great friendly service, beautiful sunset and an absolutely memorable experience",0.9997689723968506,0.00011552562500583008,0.0,0.9998844861984253,positive,2
Darwin Harbour Cruises,https://www.google.com/maps/search/?api=1&query=Darwin%20Harbour%20Cruises&query_place_id=ChIJESgQdhuRwCwRFndlTdywI2E,4.0,Place to chill,-0.6929614543914795,0.8464807271957397,0.0,0.15351925790309906,negative,5
Darwin Harbour Cruises,https://www.google.com/maps/search/?api=1&query=Darwin%20Harbour%20Cruises&query_place_id=ChIJESgQdhuRwCwRFndlTdywI2E,4.0,"Did the Charles Darwin Sunset Buffet Dinner cruise. Food was good but not exceptional. Fish had no flavour. Deserts were the best part of the food. Drinks reasonably priced too. Boat was nice and smooth. If you want to sit outside, I'd request it when booking as the bow deck is limited seating but the Air conditioned interior is just as nice.",0.9974175095558167,0.0012912150705233216,0.0,0.9987087249755859,positive,7
Darwin Harbour Cruises,https://www.google.com/maps/search/?api=1&query=Darwin%20Harbour%20Cruises&query_place_id=ChIJESgQdhuRwCwRFndlTdywI2E,1.0,"Don't waste your money on the food, worst meal I have ever had. Go on top deck then after have a meal at dock",-0.9321910738945007,0.9660955667495728,0.0,0.03390446677803993,negative,7
Darwin Harbour Cruises,https://www.google.com/maps/search/?api=1&query=Darwin%20Harbour%20Cruises&query_place_id=ChIJESgQdhuRwCwRFndlTdywI2E,5.0,"And silly me didn't take a camera ....it was just great, and my only problem was that cruising around the Darwin Harbour, I didn't have a clue where we where when it got too dark to see. I thought a map outlining the direction of the craft would've helped me. Otherwise, simply enjoyable and worth it.",0.9984162449836731,0.0007918819901533425,0.0,0.9992081522941589,positive,7
Darwin Harbour Cruises,https://www.google.com/maps/search/?api=1&query=Darwin%20Harbour%20Cruises&query_place_id=ChIJESgQdhuRwCwRFndlTdywI2E,2.0,"unable to comment on cruise,however, no service by  phone,internet or office on Sunday.",-0.9985299706459045,0.9992650151252747,0.0,0.0007350182277150452,negative,5
City of Darwin Cruises,https://www.google.com/maps/search/?api=1&query=City%20of%20Darwin%20Cruises&query_place_id=ChIJDagfjpGRwCwREpW7IOzS4P0,1.0,"Unfortunately the owners have let their son run this into the water. Arrogant, rude, not customer service focused. Get a skipper who is customer focused and friendly.",-0.9988038539886475,0.9994019269943237,0.0,0.0005980887799523771,negative,1
City of Darwin Cruises,https://www.google.com/maps/search/?api=1&query=City%20of%20Darwin%20Cruises&query_place_id=ChIJDagfjpGRwCwREpW7IOzS4P0,5.0,"We absolutely loved our experience sailing on Kuru for a hens night, a gorgeous way to start the night out on the water. Spacious boat and very friendly and helpful crew. From booking through to sailing it was a fantastic experience and I highly recommend sailing with City of Darwin Cruises!",0.9997158050537109,0.00014208607899490744,0.0,0.9998579025268555,positive,4
City of Darwin Cruises,https://www.google.com/maps/search/?api=1&query=City%20of%20Darwin%20Cruises&query_place_id=ChIJDagfjpGRwCwREpW7IOzS4P0,5.0,"Spent a fabulous night on the Darwin Harbour on board the Kuru.. This sailing catamaran is awesome, lots great spaces to sit and enjoy the sunset. Can highly recommend Les and the team..",0.9997284412384033,0.00013580836821347475,0.0,0.9998642206192017,positive,4
City of Darwin Cruises,https://www.google.com/maps/search/?api=1&query=City%20of%20Darwin%20Cruises&query_place_id=ChIJDagfjpGRwCwREpW7IOzS4P0,5.0,"Our family spent the afternoon on the amazing Kuru for a special event. Thank you for such a perfect cruise. The crew were fantastic, booking was a breeze. The boat was accessible for the elderly members of our family. Perfect afternoon. Thanks so much.",0.9997141361236572,0.00014292517153080553,0.0,0.9998570680618286,positive,2
City of Darwin Cruises,https://www.google.com/maps/search/?api=1&query=City%20of%20Darwin%20Cruises&query_place_id=ChIJDagfjpGRwCwREpW7IOzS4P0,1.0,"The company prioritise locals over tourist, even stated this through email. I booked online via a booking webpage as all visitors would, but only to be informed that the date I selected was not available - when I asked Les to contact the booking agency through their ‘Supplier Hub’ (as it states on the webpage/email) in order for me to get my refund, the response I received was quite passive aggressive and rude.

The company is more of a local party host than a tourist attraction, save your time and money",-0.9984257817268372,0.9992128610610962,0.0,0.0007870713016018271,negative,5
City of Darwin Cruises,https://www.google.com/maps/search/?api=1&query=City%20of%20Darwin%20Cruises&query_place_id=ChIJDagfjpGRwCwREpW7IOzS4P0,5.0,We were a group from the USA and had an awesome time.  Crew was awesome and helped make a special occasion even more special.  Would highly recommend to anyone!  Thank you to the crew for all the efforts!,0.9997397065162659,0.00013013998977839947,0.0,0.9998698234558105,positive,2
City of Darwin Cruises,https://www.google.com/maps/search/?api=1&query=City%20of%20Darwin%20Cruises&query_place_id=ChIJDagfjpGRwCwREpW7IOzS4P0,5.0,"Loved it.
Been coming to Darwin for work for years and cannot understand why I have not done this before.",0.9986740350723267,0.0006629814160987735,0.0,0.9993370175361633,positive,0
City of Darwin Cruises,https://www.google.com/maps/search/?api=1&query=City%20of%20Darwin%20Cruises&query_place_id=ChIJDagfjpGRwCwREpW7IOzS4P0,5.0,"Absolutely loved this cruise.
All who were in attendance enjoyed themselves.
Thank you City of Darwin and hope to cruise with you again soon",0.9997677803039551,0.000116099210572429,0.0,0.9998838901519775,positive,0
City of Darwin Cruises,https://www.google.com/maps/search/?api=1&query=City%20of%20Darwin%20Cruises&query_place_id=ChIJDagfjpGRwCwREpW7IOzS4P0,5.0,Excellent.   Fantastic coming back in the dark and seeing the city lights and lighting storms.,0.9997296333312988,0.00013519565982278436,0.0,0.9998648166656494,positive,3
City of Darwin Cruises,https://www.google.com/maps/search/?api=1&query=City%20of%20Darwin%20Cruises&query_place_id=ChIJDagfjpGRwCwREpW7IOzS4P0,1.0,"Hey guys, Darwin local here. Cruise is quite average. There is barely any food and the in service drink package is not worth it. The tour was average at best. You could enjoy the same experience from sitting on the beach and biying your own food and drink. The tour appeared to use cheap woolworths snacks and budget beer/wine instead of putting effort in and making it a unique experience. But it would be more suitable for families with children. I would recommend the unlimited champagne sunset cruise that charterers from the water front. As it provides much better service, as well as food cooked on the boat and unlimited drinks.",-0.992647111415863,0.9963235855102539,0.0,0.0036764508113265038,negative,3
City of Darwin Cruises,https://www.google.com/maps/search/?api=1&query=City%20of%20Darwin%20Cruises&query_place_id=ChIJDagfjpGRwCwREpW7IOzS4P0,5.0,"The crew were welcoming and warm.
This is our first time together visiting Darwin this experience was wonderful.
The beverages and canapés were more than filling. We paid for dinner option truly delicious, do not go with a full stomach. This experience was worth every dollar. The ocean views, the beverage options, the food just book. Thank me later. To the crew we apologize we kept to ourselves but we are very esoteric. This did not mean we didn’t enjoy ourselves. The team is a solid 11/10. Thank you.",0.9994138479232788,0.00029305441421456635,0.0,0.9997069239616394,positive,4
City of Darwin Cruises,https://www.google.com/maps/search/?api=1&query=City%20of%20Darwin%20Cruises&query_place_id=ChIJDagfjpGRwCwREpW7IOzS4P0,5.0,Sailing ⛵️ On the Kuru was fantastic. Thanks to Les for the booking ease and Jevin and  Austin for a fantastic trip.,0.9996439218521118,0.0001780614984454587,0.0,0.9998219609260559,positive,2
City of Darwin Cruises,https://www.google.com/maps/search/?api=1&query=City%20of%20Darwin%20Cruises&query_place_id=ChIJDagfjpGRwCwREpW7IOzS4P0,4.0,Nice cruise. Nice staff.,0.9997398853302002,0.00013007869711145759,0.0,0.9998699426651001,positive,0
City of Darwin Cruises,https://www.google.com/maps/search/?api=1&query=City%20of%20Darwin%20Cruises&query_place_id=ChIJDagfjpGRwCwREpW7IOzS4P0,5.0,Fantastic Darwin Sunset Sail on a great boat - not too many passengers which made it more intimate.  Great drinks and nibbles and the best music. Loved being able to sit in the nets out front and chill out.,0.9993977546691895,0.0003011157677974552,0.0,0.9996988773345947,positive,3
City of Darwin Cruises,https://www.google.com/maps/search/?api=1&query=City%20of%20Darwin%20Cruises&query_place_id=ChIJDagfjpGRwCwREpW7IOzS4P0,5.0,"Sailed on the Cherry pie with my family, everything was very organised and clean. The host and skipper on board were very friendly, highly recommend.",0.9996955990791321,0.00015219040506053716,0.0,0.9998477697372437,positive,0
City of Darwin Cruises,https://www.google.com/maps/search/?api=1&query=City%20of%20Darwin%20Cruises&query_place_id=ChIJDagfjpGRwCwREpW7IOzS4P0,5.0,City of Darwin cruises provided a sunset sail charter for our Bachelorette party. They were really great to deal with for the booking process and we had an amazing time onboard. They even upgraded our sailing boat to their new boat. Thank you guys for the great time.,0.9996981024742126,0.0001509495050413534,0.0,0.9998490810394287,positive,0
City of Darwin Cruises,https://www.google.com/maps/search/?api=1&query=City%20of%20Darwin%20Cruises&query_place_id=ChIJDagfjpGRwCwREpW7IOzS4P0,5.0,"Sailing across the bay, no motor, friendly crew, plentiful drinks and nibbles, highly recommend.",0.9972105622291565,0.0013947656843811274,0.0,0.9986053109169006,positive,2
City of Darwin Cruises,https://www.google.com/maps/search/?api=1&query=City%20of%20Darwin%20Cruises&query_place_id=ChIJDagfjpGRwCwREpW7IOzS4P0,5.0,"Have been on this sunset cruise with my interstate guests regularly over the years. It is consistently fabulous, a stunning afternoon on the water in a laid back atmosphere. We BYO and have nibbles which suits us. The staff are great fun and booking communication is seamless. As a local, I have been on a range of different cruises and this is by far my fav for it’s relaxed vibe. Thanks Les and team! -Thalia",0.9997339844703674,0.0001329807855654508,0.0,0.9998669624328613,positive,2
City of Darwin Cruises,https://www.google.com/maps/search/?api=1&query=City%20of%20Darwin%20Cruises&query_place_id=ChIJDagfjpGRwCwREpW7IOzS4P0,5.0,"Sailed on the Kuru and didn't disappoint. Beautiful boat and relaxed helpful crew.
Throughout the booking process Les was friendly and understanding when we had to change the date. Finally got there and so glad we did.",0.9996614456176758,0.00016926108219195157,0.0,0.9998307228088379,positive,4
City of Darwin Cruises,https://www.google.com/maps/search/?api=1&query=City%20of%20Darwin%20Cruises&query_place_id=ChIJDagfjpGRwCwREpW7IOzS4P0,5.0,5 stars for Jev and Austin,0.9984170198440552,0.0007914885645732284,0.0,0.9992085099220276,positive,5
City of Darwin Cruises,https://www.google.com/maps/search/?api=1&query=City%20of%20Darwin%20Cruises&query_place_id=ChIJDagfjpGRwCwREpW7IOzS4P0,5.0,"Amazing cruise our entire family loved it especially the kids. Suitable for all ages.
The crew was fantastic, food and drinks were perfect and the sunset was spectacular. Will definatley be booking again when we return to Darwin.",0.9996212720870972,0.00018934695981442928,0.0,0.9998106360435486,positive,0
City of Darwin Cruises,https://www.google.com/maps/search/?api=1&query=City%20of%20Darwin%20Cruises&query_place_id=ChIJDagfjpGRwCwREpW7IOzS4P0,5.0,Spent an absolutely fantastic afternoon on one of their boats. This was a sunset cruise and it certainly was a spectacle to see. Did not disappoint,0.9995347261428833,0.0002326293761143461,0.0,0.9997673630714417,positive,2
City of Darwin Cruises,https://www.google.com/maps/search/?api=1&query=City%20of%20Darwin%20Cruises&query_place_id=ChIJDagfjpGRwCwREpW7IOzS4P0,2.0,Not very organised,-0.9994556307792664,0.9997277855873108,0.0,0.0002721842029131949,negative,1
City of Darwin Cruises,https://www.google.com/maps/search/?api=1&query=City%20of%20Darwin%20Cruises&query_place_id=ChIJDagfjpGRwCwREpW7IOzS4P0,5.0,"Fantastic sunset cruise, great friendly crew & a magnificent yacht. Highly recommend this trip.",0.9997698664665222,0.00011507791350595653,0.0,0.9998849630355835,positive,2
City of Darwin Cruises,https://www.google.com/maps/search/?api=1&query=City%20of%20Darwin%20Cruises&query_place_id=ChIJDagfjpGRwCwREpW7IOzS4P0,5.0,"Jev and Matt were excellent hosts, made us feel very welcome, comfortable and safe. The catamaran was complete with toilet which had a great window view, very neat and clean. Jev’s platter of nibblies was delicious, especially enjoyed the green olives. The fact that we could take our own esky of beers made a huge difference as we could enjoy the drinks!! The sunset was spectacular. Highly recommend this while you’re in Darwin!!",0.9997166991233826,0.0001416517043253407,0.0,0.9998583793640137,positive,0
City of Darwin Cruises,https://www.google.com/maps/search/?api=1&query=City%20of%20Darwin%20Cruises&query_place_id=ChIJDagfjpGRwCwREpW7IOzS4P0,4.0,"Nice evening
Worth it for a dinner 🥘 cruise 🚢",0.9996464848518372,0.00017676199786365032,0.0,0.999823272228241,positive,7
City of Darwin Cruises,https://www.google.com/maps/search/?api=1&query=City%20of%20Darwin%20Cruises&query_place_id=ChIJDagfjpGRwCwREpW7IOzS4P0,5.0,"We highly recommend City of Darwin cruises, we did the sunset cruise with nibbles and BBQ dinner, spectacular! Jevon was assisted by one crew member and they were amazing - local, friendly, informative, obviously knew what they were doing in seafaring terms and great with the BBQ too, plenty of food and drinks, a family-friendly intimate experience not to be missed!",0.9997332096099854,0.00013336734264157712,0.0,0.9998666048049927,positive,0
City of Darwin Cruises,https://www.google.com/maps/search/?api=1&query=City%20of%20Darwin%20Cruises&query_place_id=ChIJDagfjpGRwCwREpW7IOzS4P0,5.0,"These guys are so great! I bought this as a present to my partner. I wanted a nice evening where we could just relax and celebrate his birthday. The drinks were icy cold, the nibbles were great and the bbq was really fresh and flavoursome. I felt like we were on a boat with mates we had known forever. I’ll be back for sure! Oh and FYI the safety and professionalism was 10/10!! Gold star hehe",0.9995338320732117,0.00023306894581764936,0.0,0.9997668862342834,positive,7
City of Darwin Cruises,https://www.google.com/maps/search/?api=1&query=City%20of%20Darwin%20Cruises&query_place_id=ChIJDagfjpGRwCwREpW7IOzS4P0,5.0,"Did the sunset two hour private charter on Cherry Pie. Amazing experience, Leslie & Michelle were so accommodating to our needs. All the little touches they put in were very much appreciated, on top of already being so friendly and accommodating. Already looking forward to the next experience.",0.9995416402816772,0.0002291970740770921,0.0,0.9997708201408386,positive,0
City of Darwin Cruises,https://www.google.com/maps/search/?api=1&query=City%20of%20Darwin%20Cruises&query_place_id=ChIJDagfjpGRwCwREpW7IOzS4P0,5.0,"Booked City of Darwin Cruises for my friend’s bachelorette party, we all had a great time. Enjoyed every bit of it. There was speaker and microphone for singing, very clean. Great staff service. Will definitely book again.",0.9996422529220581,0.00017886229034047574,0.0,0.999821126461029,positive,0
City of Darwin Cruises,https://www.google.com/maps/search/?api=1&query=City%20of%20Darwin%20Cruises&query_place_id=ChIJDagfjpGRwCwREpW7IOzS4P0,5.0,One of the smaller operators not on many radars but to be highly recommended if you want a laid back cruise. The ambiance is great and the crew friendly and professional,0.999618411064148,0.000190815917449072,0.0,0.999809205532074,positive,2
City of Darwin Cruises,https://www.google.com/maps/search/?api=1&query=City%20of%20Darwin%20Cruises&query_place_id=ChIJDagfjpGRwCwREpW7IOzS4P0,5.0,"What a fantastic Darwin experience! Jevon and his crew provided a comfortable, fun and friendly sunset cruise with plenty of nibbles. Highly recommend this cruise to first timers or seasoned sunset cruisers. BYO drinks ensures you can drink exactly what you want too.",0.9997086524963379,0.00014566576282959431,0.0,0.999854326248169,positive,3
City of Darwin Cruises,https://www.google.com/maps/search/?api=1&query=City%20of%20Darwin%20Cruises&query_place_id=ChIJDagfjpGRwCwREpW7IOzS4P0,5.0,"Friendly staff, beautiful cruise,  delicious nibbles. Enjoyed each and every second.",0.9997801780700684,0.00010992833267664537,0.0,0.9998900890350342,positive,1
City of Darwin Cruises,https://www.google.com/maps/search/?api=1&query=City%20of%20Darwin%20Cruises&query_place_id=ChIJDagfjpGRwCwREpW7IOzS4P0,5.0,Best ever sunset cruise. Crew fabulous. Nibbles great. Will definitely book another.,0.9997325539588928,0.00013368437066674232,0.0,0.999866247177124,positive,3
City of Darwin Cruises,https://www.google.com/maps/search/?api=1&query=City%20of%20Darwin%20Cruises&query_place_id=ChIJDagfjpGRwCwREpW7IOzS4P0,5.0,Amazing staff. Beautiful vessel,0.9997601509094238,0.00011990414350293577,0.0,0.9998800754547119,positive,2
Cape Adieu Harbour Cruises,https://www.google.com/maps/search/?api=1&query=Cape%20Adieu%20Harbour%20Cruises&query_place_id=ChIJESgQdhuRwCwRJSCjV_xWOPk,5.0,"A great experience- served beautiful food and by wonderful engaging staff.
Thanks Munro and team.",0.9997738003730774,0.0001130671298597008,0.0,0.9998868703842163,positive,2
Cape Adieu Harbour Cruises,https://www.google.com/maps/search/?api=1&query=Cape%20Adieu%20Harbour%20Cruises&query_place_id=ChIJESgQdhuRwCwRJSCjV_xWOPk,5.0,"An awesome evening, the hosts were amazing and friendly, the service impeccable, the food was of a very high standard. Lovely cool evening finishing with a light show from Mother Nature. Thank you for a wonderful dinner cruise, I highly recommend.",0.9997754693031311,0.0001122375251725316,0.0,0.9998877048492432,positive,2
Cape Adieu Harbour Cruises,https://www.google.com/maps/search/?api=1&query=Cape%20Adieu%20Harbour%20Cruises&query_place_id=ChIJESgQdhuRwCwRJSCjV_xWOPk,5.0,We were recommended Cape Adieu Harbour Cruise and were extremely glad we decided to book our dinner cruise with them. The Captain and his crew were friendly and helpful and could not do enough for everyone on board. The food was delicious and the subset magnificent!! Highly recommend,0.9991887807846069,0.0004055917670484632,0.0,0.9995943903923035,positive,2
Cape Adieu Harbour Cruises,https://www.google.com/maps/search/?api=1&query=Cape%20Adieu%20Harbour%20Cruises&query_place_id=ChIJESgQdhuRwCwRJSCjV_xWOPk,5.0,"Pinch yourself experience on the harbour in Darwin. Beautiful sunset, great food & A+ service. This is a must for anyone visiting Darwin. Munro, Grace & the team are fantastic hosts!",0.9997086524963379,0.00014568840560968965,0.0,0.999854326248169,positive,4
Cape Adieu Harbour Cruises,https://www.google.com/maps/search/?api=1&query=Cape%20Adieu%20Harbour%20Cruises&query_place_id=ChIJESgQdhuRwCwRJSCjV_xWOPk,5.0,"We had a fantastic time , crew was attentive and great to talk to, food was amazing.
Would certainly recommend .",0.999758243560791,0.00012087488721590489,0.0,0.9998791217803955,positive,2
Cape Adieu Harbour Cruises,https://www.google.com/maps/search/?api=1&query=Cape%20Adieu%20Harbour%20Cruises&query_place_id=ChIJESgQdhuRwCwRJSCjV_xWOPk,5.0,"Wow wow wow, the Sunset Dinner Cruise on Cape Adieu was AMAZING from the boat, staff, food, commentary, cruise, view, just absolutely beautiful, highly recommended ⭐️",0.9997511506080627,0.00012438998965080827,0.0,0.999875545501709,positive,2
Cape Adieu Harbour Cruises,https://www.google.com/maps/search/?api=1&query=Cape%20Adieu%20Harbour%20Cruises&query_place_id=ChIJESgQdhuRwCwRJSCjV_xWOPk,5.0,Absolutely beautiful experience. The food was divine and the crew were so lovely! Highly recommend it to anyone visiting Darwin!,0.9997632503509521,0.00011840143997687846,0.0,0.9998816251754761,positive,2
Cape Adieu Harbour Cruises,https://www.google.com/maps/search/?api=1&query=Cape%20Adieu%20Harbour%20Cruises&query_place_id=ChIJESgQdhuRwCwRJSCjV_xWOPk,5.0,What an experience! We celebrated our wedding anniversary on board and it was amazing from the food to the drinks all was 10/10. My dietary requirements were met and they went above and beyond to ensure this was noted on our sheet so everyone knew! We will be back again likely with family.,0.9995916485786438,0.00020418543135747313,0.0,0.9997958540916443,positive,4
Cape Adieu Harbour Cruises,https://www.google.com/maps/search/?api=1&query=Cape%20Adieu%20Harbour%20Cruises&query_place_id=ChIJESgQdhuRwCwRJSCjV_xWOPk,5.0,"Cape Adieu sunset cruise has it all! Great crew, fantastic food, great boat and top all round experience. Oh, and did I mention the food, stunning menu perfectly presented. A perfect way to compliment a visit to Darwin. Great value for money and simply not to be missed. Thanks team, you nailed it.",0.9997628331184387,0.00011855191405629739,0.0,0.999881386756897,positive,2
Cape Adieu Harbour Cruises,https://www.google.com/maps/search/?api=1&query=Cape%20Adieu%20Harbour%20Cruises&query_place_id=ChIJESgQdhuRwCwRJSCjV_xWOPk,5.0,"An unforgettable experience! The cruise offered fresh, locally sourced meals that tasted absolutely amazing. Enjoying such high-quality food while watching a stunning sunset from the boat made it even more special. The service was fantastic—attentive, friendly, and warm—which really added to the relaxed and welcoming atmosphere onboard. Highly recommended for anyone wanting a beautiful evening out on the water.",0.9997342228889465,0.00013287836918607354,0.0,0.9998670816421509,positive,4
Cape Adieu Harbour Cruises,https://www.google.com/maps/search/?api=1&query=Cape%20Adieu%20Harbour%20Cruises&query_place_id=ChIJESgQdhuRwCwRJSCjV_xWOPk,5.0,"Spectacular food, great service.  Wonderful experience.",0.999782383441925,0.00010879871115321293,0.0,0.9998911619186401,positive,2
Cape Adieu Harbour Cruises,https://www.google.com/maps/search/?api=1&query=Cape%20Adieu%20Harbour%20Cruises&query_place_id=ChIJESgQdhuRwCwRJSCjV_xWOPk,5.0,"Beautiful sunset cruise with the gorgeous staff, a  highlight!",0.9997573494911194,0.00012131366383982822,0.0,0.9998786449432373,positive,3
Cape Adieu Harbour Cruises,https://www.google.com/maps/search/?api=1&query=Cape%20Adieu%20Harbour%20Cruises&query_place_id=ChIJESgQdhuRwCwRJSCjV_xWOPk,5.0,"Fabulous evening,  great meal and the staff were very professional and informative.",0.9997702240943909,0.00011486609582789242,0.0,0.999885082244873,positive,2
Cape Adieu Harbour Cruises,https://www.google.com/maps/search/?api=1&query=Cape%20Adieu%20Harbour%20Cruises&query_place_id=ChIJESgQdhuRwCwRJSCjV_xWOPk,5.0,The best dinner harbour cruise in Darwin. The staff where fantastic and informative. It was an absolute pleasure to be aboard this cruise. Greg and Gloria,0.9996817708015442,0.00015908927889540792,0.0,0.9998408555984497,positive,1
Cape Adieu Harbour Cruises,https://www.google.com/maps/search/?api=1&query=Cape%20Adieu%20Harbour%20Cruises&query_place_id=ChIJESgQdhuRwCwRJSCjV_xWOPk,2.0,"Overpriced for what was offered, a mixed review, main course Barra was delious, menu is not suitable if you don't like seafood not a fan of the dessert. Disappointed to sit at uncomfortable camping chairs, no sun protection at beginning of cruise, be aware if you have assessibility issues, you may have issues using facilities. Staff all helpful and friendly. Instructed to turn up at 4.30 but had to wait in the sun until 5pm check in. Just disappointed after spending $360 for 2 people. 5 star price but not 5 star value",-0.9988328814506531,0.9994164705276489,0.0,0.0005835982738062739,negative,7
Cape Adieu Harbour Cruises,https://www.google.com/maps/search/?api=1&query=Cape%20Adieu%20Harbour%20Cruises&query_place_id=ChIJESgQdhuRwCwRJSCjV_xWOPk,5.0,"What a magical experience aboard Cape Adieu! Staff were warm & friendly they love what they are doing! Food was sensational I don’t know how they did on board. And of course the sunset just topped it off. Highly recommend sunset cruise aboard Cape Adieu, it will not disappoint",0.9997110366821289,0.00014447019202634692,0.0,0.9998555183410645,positive,4
Cape Adieu Harbour Cruises,https://www.google.com/maps/search/?api=1&query=Cape%20Adieu%20Harbour%20Cruises&query_place_id=ChIJESgQdhuRwCwRJSCjV_xWOPk,4.0,"This sunset dinner cruise was a delightful way to spend an evening in Darwin. The staff were excellent in service and friendliness. The boat was smooth and comfortable. Food was a mixed bag, steak was chewy and veggies were cold, but barra was excellent. Don't expect spectacular views. It's not like Sydney harbour. However the sunset was a highlight.
Overall worth doing even if a little expensive . Depends on your budget.",0.9991761445999146,0.00041193192009814084,0.0,0.9995880722999573,positive,7
Cape Adieu Harbour Cruises,https://www.google.com/maps/search/?api=1&query=Cape%20Adieu%20Harbour%20Cruises&query_place_id=ChIJESgQdhuRwCwRJSCjV_xWOPk,5.0,"Perfect in every way! Vessel, menu, staff were all incredible. Would do this again any time!",0.9997563362121582,0.00012181931379018351,0.0,0.9998781681060791,positive,2
Cape Adieu Harbour Cruises,https://www.google.com/maps/search/?api=1&query=Cape%20Adieu%20Harbour%20Cruises&query_place_id=ChIJESgQdhuRwCwRJSCjV_xWOPk,5.0,"Exceptional cruise, great food and drink options, very friendly and approachable crew who do everything to make your cruise the best, with absolutely gorgeous sunset views
Highly recommend this great Darwin experience",0.9997636675834656,0.00011817224731203169,0.0,0.9998818635940552,positive,2
Cape Adieu Harbour Cruises,https://www.google.com/maps/search/?api=1&query=Cape%20Adieu%20Harbour%20Cruises&query_place_id=ChIJESgQdhuRwCwRJSCjV_xWOPk,5.0,"Wonderful experience, excellent food, great staff. I looked at the various cruise options although this was slightly more expensive certainly was worth it . Quality of food (4 courses, not sharing platters or buffet) and service , individual table , not crowded. Highly recommend as excellent value for money for a more personal experience.",0.9996657967567444,0.000167085396242328,0.0,0.9998328685760498,positive,2
Cape Adieu Harbour Cruises,https://www.google.com/maps/search/?api=1&query=Cape%20Adieu%20Harbour%20Cruises&query_place_id=ChIJESgQdhuRwCwRJSCjV_xWOPk,5.0,A fantastic experience. Crew were sensational. Food wonderful.  Sunset amazing. Highly recommended.,0.9997785091400146,0.00011076295777456835,0.0,0.9998892545700073,positive,2
Cape Adieu Harbour Cruises,https://www.google.com/maps/search/?api=1&query=Cape%20Adieu%20Harbour%20Cruises&query_place_id=ChIJESgQdhuRwCwRJSCjV_xWOPk,5.0,"Such an incredible time spent with much loved friends, the scenery and the food, divine!",0.9997842311859131,0.00010786569328047335,0.0,0.9998921155929565,positive,2
Cape Adieu Harbour Cruises,https://www.google.com/maps/search/?api=1&query=Cape%20Adieu%20Harbour%20Cruises&query_place_id=ChIJESgQdhuRwCwRJSCjV_xWOPk,5.0,"Highly recommend! The crew were amazing, so friendly and accommodating. The food was out of this world. The decadent flavours of each course just melt in your mouth. Cudos to the chef, management, and crew! Thank you for such a great memorable experience of our time in Darwin.",0.9997527599334717,0.00012360868277028203,0.0,0.9998763799667358,positive,2
Cape Adieu Harbour Cruises,https://www.google.com/maps/search/?api=1&query=Cape%20Adieu%20Harbour%20Cruises&query_place_id=ChIJESgQdhuRwCwRJSCjV_xWOPk,5.0,"Incredible experience, amazing stuff, and fantastic food. Cocktails were also 10/10. Dad and I had a fantastic evening, thank you!",0.9997775554656982,0.00011121243005618453,0.0,0.9998887777328491,positive,2
Cape Adieu Harbour Cruises,https://www.google.com/maps/search/?api=1&query=Cape%20Adieu%20Harbour%20Cruises&query_place_id=ChIJESgQdhuRwCwRJSCjV_xWOPk,5.0,It was such an adventure.  The staff and owners are just amazing and really have the modular right… Best Barramundi we have ever had…. There is nothing I would change.. even had live guitar and violin music…. I wish I live in Darwin so I can go again,0.9990136623382568,0.0004931769799441099,0.0,0.9995068311691284,positive,2
Cape Adieu Harbour Cruises,https://www.google.com/maps/search/?api=1&query=Cape%20Adieu%20Harbour%20Cruises&query_place_id=ChIJESgQdhuRwCwRJSCjV_xWOPk,5.0,"Spectacular boat and unreal food that matches the skipper and his first mates roots. Incredible experience with beautiful people who operate this boat that are so comforting to be around and leave you with a smile. Would recommend this boat, crew and experience any day of the week. Can’t wait for our next trip aboard!",0.9995763897895813,0.00021184899378567934,0.0,0.999788224697113,positive,4
Cape Adieu Harbour Cruises,https://www.google.com/maps/search/?api=1&query=Cape%20Adieu%20Harbour%20Cruises&query_place_id=ChIJESgQdhuRwCwRJSCjV_xWOPk,5.0,"Beautiful sunset cruise, delicious dinner and drinks, wonderful hosts. Highly recommend",0.9997813701629639,0.0001093000391847454,0.0,0.9998906850814819,positive,2
Cape Adieu Harbour Cruises,https://www.google.com/maps/search/?api=1&query=Cape%20Adieu%20Harbour%20Cruises&query_place_id=ChIJESgQdhuRwCwRJSCjV_xWOPk,5.0,"These guys are awesome.
Our third trip aboard & they get better each time if you can believe it.
Well done, we will certainly be back when up from down south again.",0.9995439648628235,0.00022805461776442826,0.0,0.9997720122337341,positive,4
Cape Adieu Harbour Cruises,https://www.google.com/maps/search/?api=1&query=Cape%20Adieu%20Harbour%20Cruises&query_place_id=ChIJESgQdhuRwCwRJSCjV_xWOPk,5.0,Wonderful experience. Excellent food . Best sunset ever. Thank you,0.9997734427452087,0.0001132955148932524,0.0,0.9998867511749268,positive,2
Cape Adieu Harbour Cruises,https://www.google.com/maps/search/?api=1&query=Cape%20Adieu%20Harbour%20Cruises&query_place_id=ChIJESgQdhuRwCwRJSCjV_xWOPk,5.0,"Absolutely fantastic sunset cruise, highly recommended",0.9997720122337341,0.0001140068779932335,0.0,0.9998860359191895,positive,2
Cape Adieu Harbour Cruises,https://www.google.com/maps/search/?api=1&query=Cape%20Adieu%20Harbour%20Cruises&query_place_id=ChIJESgQdhuRwCwRJSCjV_xWOPk,5.0,"Awesome experience, highly recommend, would do it again!",0.9997506141662598,0.00012467477063182741,0.0,0.9998753070831299,positive,2
Cape Adieu Harbour Cruises,https://www.google.com/maps/search/?api=1&query=Cape%20Adieu%20Harbour%20Cruises&query_place_id=ChIJESgQdhuRwCwRJSCjV_xWOPk,5.0,Fabulous time out the food was next level amazing. Would happily do this cruise again 🏝️🥂☀️,0.9995886087417603,0.00020570808555930853,0.0,0.9997943043708801,positive,0
Cape Adieu Harbour Cruises,https://www.google.com/maps/search/?api=1&query=Cape%20Adieu%20Harbour%20Cruises&query_place_id=ChIJESgQdhuRwCwRJSCjV_xWOPk,5.0,"Absolutely fabulous with fantastic food, staff and the whole cruise. Very enjoyable totally reccomend.",0.9997794032096863,0.00011030067253159359,0.0,0.9998897314071655,positive,2
Cape Adieu Harbour Cruises,https://www.google.com/maps/search/?api=1&query=Cape%20Adieu%20Harbour%20Cruises&query_place_id=ChIJESgQdhuRwCwRJSCjV_xWOPk,5.0,"Great cruise, very good service Great food and wine, very relaxing and enjoyable",0.9997785091400146,0.0001107316929847002,0.0,0.9998892545700073,positive,3
Cape Adieu Harbour Cruises,https://www.google.com/maps/search/?api=1&query=Cape%20Adieu%20Harbour%20Cruises&query_place_id=ChIJESgQdhuRwCwRJSCjV_xWOPk,5.0,"Beautiful Experience, awesome crew, add this to your bucket list. The sunset is spectacular and food and drinks delicious.",0.9997772574424744,0.00011138765694340691,0.0,0.9998886585235596,positive,2
Cape Adieu Harbour Cruises,https://www.google.com/maps/search/?api=1&query=Cape%20Adieu%20Harbour%20Cruises&query_place_id=ChIJESgQdhuRwCwRJSCjV_xWOPk,3.0,"I'm a little bit disappointed with cape adieu, mostly because the top deck bar was not attended as I felt it should have been. Getting a drink required trying to catch the attention of someone who was focused on bringing meals up the stairs, and it made us feel guilty interrupting.",-0.9993860721588135,0.9996930360794067,0.0,0.00030698851332999766,negative,7
Cape Adieu Harbour Cruises,https://www.google.com/maps/search/?api=1&query=Cape%20Adieu%20Harbour%20Cruises&query_place_id=ChIJESgQdhuRwCwRJSCjV_xWOPk,5.0,"We had a great relaxing evening with good Company the staff were friendly and informative , meal first class
Highly recommend
Excellent Evening",0.9997535347938538,0.0001231909409398213,0.0,0.9998767375946045,positive,2
Cape Adieu Harbour Cruises,https://www.google.com/maps/search/?api=1&query=Cape%20Adieu%20Harbour%20Cruises&query_place_id=ChIJESgQdhuRwCwRJSCjV_xWOPk,5.0,"What a stunning experience. Munro and Grace (I think that’s their names- sorry my brains a dud) are the sweetest couple and they know how to throw a truly beautiful evening. Great tunes, beautiful cocktails and awesome food! The sunset and boat itself almost made me want to pretend I don’t get painfully seasick and take up the sailing life.
Gorgeous evening that even my boomer parents couldn’t complain about. Impressive- would highly recommend! 10/10",0.9996784329414368,0.00016077850887086242,0.0,0.999839186668396,positive,4
Cape Adieu Harbour Cruises,https://www.google.com/maps/search/?api=1&query=Cape%20Adieu%20Harbour%20Cruises&query_place_id=ChIJESgQdhuRwCwRJSCjV_xWOPk,5.0,Excellent Cruise great food very friendly staff,0.9997387528419495,0.00013061538629699498,0.0,0.9998693466186523,positive,2
Cape Adieu Harbour Cruises,https://www.google.com/maps/search/?api=1&query=Cape%20Adieu%20Harbour%20Cruises&query_place_id=ChIJESgQdhuRwCwRJSCjV_xWOPk,5.0,The cruise was fantastic would highly recommend it. The staff were amazing and so friendly. Food and service were delicious 😋. The boat great and the run down b4 and during the cruise was very knowledgeable. Would do it again.,0.9995778203010559,0.00021110335364937782,0.0,0.9997889399528503,positive,2
Cape Adieu Harbour Cruises,https://www.google.com/maps/search/?api=1&query=Cape%20Adieu%20Harbour%20Cruises&query_place_id=ChIJESgQdhuRwCwRJSCjV_xWOPk,5.0,"What a great experience, the crew was very attentive and friendly, the meal was scrumptious and of course the sunset was spectacular. This is a must if you are visiting Darwin.",0.9993982315063477,0.00030090741347521544,0.0,0.9996991157531738,positive,4
Cape Adieu Harbour Cruises,https://www.google.com/maps/search/?api=1&query=Cape%20Adieu%20Harbour%20Cruises&query_place_id=ChIJESgQdhuRwCwRJSCjV_xWOPk,5.0,Super duper awesome - from service to the meal - highly recommend the Cape Adieu . Smaller vessel but so much bigger in value and hospitality…Many thanks to Mandi and Grace and staff,0.9996126294136047,0.00019371474627405405,0.0,0.9998063445091248,positive,2
Cape Adieu Harbour Cruises,https://www.google.com/maps/search/?api=1&query=Cape%20Adieu%20Harbour%20Cruises&query_place_id=ChIJESgQdhuRwCwRJSCjV_xWOPk,5.0,"I’m now again in the good books with the wife, the cruise was a great night, chatting with others over a drink, food was very tasty and enjoyable, the crew were very attentive. Thanks all when in town again I’m sure we’ll be back on board.",0.9997361302375793,0.00013191298057790846,0.0,0.9998680353164673,positive,3
Cape Adieu Harbour Cruises,https://www.google.com/maps/search/?api=1&query=Cape%20Adieu%20Harbour%20Cruises&query_place_id=ChIJESgQdhuRwCwRJSCjV_xWOPk,5.0,Beautiful evening. Would totally recommend. 😊,0.9997117519378662,0.00014411137090064585,0.0,0.9998558759689331,positive,2
Cape Adieu Harbour Cruises,https://www.google.com/maps/search/?api=1&query=Cape%20Adieu%20Harbour%20Cruises&query_place_id=ChIJESgQdhuRwCwRJSCjV_xWOPk,5.0,We really enjoyed our sunset dinner cruise with Cape Adieu. All the staff were really lovely and the 3 course meal was excellent. Loved the fresh seafood entree! It was beautiful on the harbour in the evening. Another great touch was Munro the owner coming and chatting with the guests. Highly recommend 😀.,0.9997318387031555,0.0001340650487691164,0.0,0.9998658895492554,positive,0
Cape Adieu Harbour Cruises,https://www.google.com/maps/search/?api=1&query=Cape%20Adieu%20Harbour%20Cruises&query_place_id=ChIJESgQdhuRwCwRJSCjV_xWOPk,5.0,"The best way to see Darwin, enjoy the sunset on the water and spoilt with the best food, drinks and service. Couldn't fault the experience and exceeded our expectations. Thanks Grace, Munro and the team",0.9997336268424988,0.00013319120625965297,0.0,0.9998668432235718,positive,4
Cape Adieu Harbour Cruises,https://www.google.com/maps/search/?api=1&query=Cape%20Adieu%20Harbour%20Cruises&query_place_id=ChIJESgQdhuRwCwRJSCjV_xWOPk,5.0,"Munro and grace ! Hats of to you guys ! Incredible service incredible crew, if there was 10 stars you’ll get them ! My wife and I loved every minute, thank you guys again !

If you need tyres let me know haha",0.9996628761291504,0.00016855837020557374,0.0,0.9998314380645752,positive,4
Cape Adieu Harbour Cruises,https://www.google.com/maps/search/?api=1&query=Cape%20Adieu%20Harbour%20Cruises&query_place_id=ChIJESgQdhuRwCwRJSCjV_xWOPk,5.0,"A great way to end a NT trip! A lovely cruise, great staff and first class food. Thank you Cape Adieu!",0.9997631907463074,0.0001184072025353089,0.0,0.9998816251754761,positive,2
Cape Adieu Harbour Cruises,https://www.google.com/maps/search/?api=1&query=Cape%20Adieu%20Harbour%20Cruises&query_place_id=ChIJESgQdhuRwCwRJSCjV_xWOPk,5.0,"Honestly the best sunset cruise we’ve ever done!
The staff were all so lovely; Munro and Grace are just sunshine in human form… they run the cruise with such care.
The food was phenomenal, gave such a Northern Territory vibe and really enhanced the sunset and water.
Super comfortable and accessible for all ages! If you’re on the fence between cruises, this is the one to go with!",0.9997387528419495,0.00013062347716186196,0.0,0.9998693466186523,positive,0
Cape Adieu Harbour Cruises,https://www.google.com/maps/search/?api=1&query=Cape%20Adieu%20Harbour%20Cruises&query_place_id=ChIJESgQdhuRwCwRJSCjV_xWOPk,5.0,What a magical night we had. Food and service were exceptional. I would highly recommend if you want to do something special and see the best of Darwin,0.9996238350868225,0.00018811464542523026,0.0,0.9998119473457336,positive,4
Cape Adieu Harbour Cruises,https://www.google.com/maps/search/?api=1&query=Cape%20Adieu%20Harbour%20Cruises&query_place_id=ChIJESgQdhuRwCwRJSCjV_xWOPk,5.0,"My wife and I did the Cape Adieu Darwin Harbour Cruises last night and it was wonderful.
Both the meals and crew were fantastic,
and watching the sunset from a lovely old boat was also very special, it’s something we will never forget.
This would be the best thing we have done in Darwin and we would highly recommend it to anyone.
Thanks guys
Kazz & Ian",0.9997119903564453,0.0001440127525711432,0.0,0.9998559951782227,positive,4
Cape Adieu Harbour Cruises,https://www.google.com/maps/search/?api=1&query=Cape%20Adieu%20Harbour%20Cruises&query_place_id=ChIJESgQdhuRwCwRJSCjV_xWOPk,5.0,"Great experience! We booked our group of 8 and were well taken care of. The food was lovely, fresh seafood and delicious steak, followed by a yummy dessert. We had plenty of opportunities for sunset photos and it was a nice view of Darwin from the water. Staff were friendly and accommodating, and happy to share a bit of banter. Drinks priced very reasonably. Highly recommended 😁",0.9995852112770081,0.00020743165805470198,0.0,0.9997926354408264,positive,7
Cape Adieu Harbour Cruises,https://www.google.com/maps/search/?api=1&query=Cape%20Adieu%20Harbour%20Cruises&query_place_id=ChIJESgQdhuRwCwRJSCjV_xWOPk,5.0,Really great night out with very friendly professional young staff.,0.9997642040252686,0.00011788435222115368,0.0,0.9998821020126343,positive,2
Cape Adieu Harbour Cruises,https://www.google.com/maps/search/?api=1&query=Cape%20Adieu%20Harbour%20Cruises&query_place_id=ChIJESgQdhuRwCwRJSCjV_xWOPk,5.0,Delicious dinner while cruising around the bay enjoying the sunset! Fabulous hosts & staff. Thank you🥂🥰,0.9997797608375549,0.0001100949157262221,0.0,0.9998898506164551,positive,2
Cape Adieu Harbour Cruises,https://www.google.com/maps/search/?api=1&query=Cape%20Adieu%20Harbour%20Cruises&query_place_id=ChIJESgQdhuRwCwRJSCjV_xWOPk,5.0,Magic night with Cape Adieu. Fabulous food great selection of drinks and superb staff. Could not fault it and 100% recommend. Neville & Erynne,0.9997248649597168,0.00013756487169303,0.0,0.9998624324798584,positive,2
Cape Adieu Harbour Cruises,https://www.google.com/maps/search/?api=1&query=Cape%20Adieu%20Harbour%20Cruises&query_place_id=ChIJESgQdhuRwCwRJSCjV_xWOPk,5.0,"A fantastic smaller cruise boat experience in Darwin Harbour. Run by an enthusiastic, professional & passionate young couple, they & their warm attentive crew ensured their guests enjoyed a wonderful evening out.
Delicious freshly prepared dinner included.
Highly recommended.",0.9997572302818298,0.00012139073805883527,0.0,0.9998786449432373,positive,0
Cape Adieu Harbour Cruises,https://www.google.com/maps/search/?api=1&query=Cape%20Adieu%20Harbour%20Cruises&query_place_id=ChIJESgQdhuRwCwRJSCjV_xWOPk,5.0,The staff were very friendly and efficient adding to the whole experience and relaxing vibe,0.999754011631012,0.00012299211812205613,0.0,0.9998769760131836,positive,2
Cape Adieu Harbour Cruises,https://www.google.com/maps/search/?api=1&query=Cape%20Adieu%20Harbour%20Cruises&query_place_id=ChIJESgQdhuRwCwRJSCjV_xWOPk,5.0,"Such an amazing night. Very relaxing, amazing food, superb service. Thanks so much!",0.9997797608375549,0.00011008504225173965,0.0,0.9998898506164551,positive,2
Cape Adieu Harbour Cruises,https://www.google.com/maps/search/?api=1&query=Cape%20Adieu%20Harbour%20Cruises&query_place_id=ChIJESgQdhuRwCwRJSCjV_xWOPk,5.0,"Our evening with friends aboard Cape Adieu was nothing short of amazing. From the moment we stepped onto the boat Grace, Munro and the crew were friendly and attentive. The cold drinks started flowing and the delicious selection of food was devoured. All this with a stunning view of Darwin you don't get to experience from land. I highly recommend anyone in town jump on board with this amazing crew for a sunset adventure you won't forget.",0.9995399117469788,0.0002300526830367744,0.0,0.9997699856758118,positive,2
Cape Adieu Harbour Cruises,https://www.google.com/maps/search/?api=1&query=Cape%20Adieu%20Harbour%20Cruises&query_place_id=ChIJESgQdhuRwCwRJSCjV_xWOPk,5.0,The Sunset Dinner Tour with Cape Adieu has been the best thing we have done in Darwin. The meal was out of this world and the staff were wonderful and so friendly. Everyone needs to do this tour with Cape Adieu.,0.9992961883544922,0.0003518797748256475,0.0,0.9996480941772461,positive,4
Cape Adieu Harbour Cruises,https://www.google.com/maps/search/?api=1&query=Cape%20Adieu%20Harbour%20Cruises&query_place_id=ChIJESgQdhuRwCwRJSCjV_xWOPk,5.0,This was an 11/10 experience. So well executed - amazing staff.,0.9997158646583557,0.00014204951003193855,0.0,0.9998579025268555,positive,2
Cape Adieu Harbour Cruises,https://www.google.com/maps/search/?api=1&query=Cape%20Adieu%20Harbour%20Cruises&query_place_id=ChIJESgQdhuRwCwRJSCjV_xWOPk,5.0,Excellent night out with great food and friendly staff. Highly recommend,0.9997677803039551,0.00011610231740633026,0.0,0.9998838901519775,positive,2
Cape Adieu Harbour Cruises,https://www.google.com/maps/search/?api=1&query=Cape%20Adieu%20Harbour%20Cruises&query_place_id=ChIJESgQdhuRwCwRJSCjV_xWOPk,5.0,"Service was fantastic, food was fantastic, if your thinking about booking this dinner, do it.",0.9993031024932861,0.000348442088579759,0.0,0.9996515512466431,positive,2
Cape Adieu Harbour Cruises,https://www.google.com/maps/search/?api=1&query=Cape%20Adieu%20Harbour%20Cruises&query_place_id=ChIJESgQdhuRwCwRJSCjV_xWOPk,5.0,"Was a fantastic experience. Very relaxing. Great service,
Great food. Would highly recommend it. Thank you all for a wonderful evening",0.9997740387916565,0.0001129418087657541,0.0,0.9998869895935059,positive,2
Cape Adieu Harbour Cruises,https://www.google.com/maps/search/?api=1&query=Cape%20Adieu%20Harbour%20Cruises&query_place_id=ChIJESgQdhuRwCwRJSCjV_xWOPk,5.0,"Unforgettable experience for the whole family!

We all thoroughly enjoyed the Cape Adieu Sunset Dinner Cruise—it was the perfect way to take in Darwin’s iconic sunset. The atmosphere was relaxed, the food was delicious, and the views were absolutely stunning. A special shout-out to Pip and Gracie who were our graciousn hosts for the evening—so friendly and attentive!
Even showed my daughter around the boat!

Highly recommend this experience for anyone visiting Darwin.

Thank you Munro and Grace",0.9997581839561462,0.00012092192628188059,0.0,0.9998791217803955,positive,4
Cape Adieu Harbour Cruises,https://www.google.com/maps/search/?api=1&query=Cape%20Adieu%20Harbour%20Cruises&query_place_id=ChIJESgQdhuRwCwRJSCjV_xWOPk,5.0,Great cruise. Staff excellent and food great,0.9997448921203613,0.0001275773101951927,0.0,0.9998724460601807,positive,2
Cape Adieu Harbour Cruises,https://www.google.com/maps/search/?api=1&query=Cape%20Adieu%20Harbour%20Cruises&query_place_id=ChIJESgQdhuRwCwRJSCjV_xWOPk,5.0,"My mum and I spent an amazing evening on the Cape Adieu cruise. The food and ambiance were incredible, especially the Mango Madness Cocktail 🥰 We will definitely come back with friends and relatives very soon. Big thanks to the crew for everything !!",0.9997165203094482,0.00014172155351843685,0.0,0.9998582601547241,positive,2
Cape Adieu Harbour Cruises,https://www.google.com/maps/search/?api=1&query=Cape%20Adieu%20Harbour%20Cruises&query_place_id=ChIJESgQdhuRwCwRJSCjV_xWOPk,5.0,"Grace and the team went over and beyond from booking to experience on the night. The food was sensational, as was the onboard service and view",0.9988633990287781,0.000568269460927695,0.0,0.9994316697120667,positive,4
Cape Adieu Harbour Cruises,https://www.google.com/maps/search/?api=1&query=Cape%20Adieu%20Harbour%20Cruises&query_place_id=ChIJESgQdhuRwCwRJSCjV_xWOPk,5.0,"Great sunset on Darwin harbour, the boat, crew and food were fantastic, good selection of drinks, the only issue was the sun set too quickly.
If in Darwin, would highly recommend this cruise.",0.9975837469100952,0.0012081151362508535,0.0,0.9987918734550476,positive,2
Cape Adieu Harbour Cruises,https://www.google.com/maps/search/?api=1&query=Cape%20Adieu%20Harbour%20Cruises&query_place_id=ChIJESgQdhuRwCwRJSCjV_xWOPk,5.0,"'Magnificent' describes the adventure, food and company experienced on the Cape Adieu.",0.9997692704200745,0.00011536246893228963,0.0,0.9998846054077148,positive,4
Cape Adieu Harbour Cruises,https://www.google.com/maps/search/?api=1&query=Cape%20Adieu%20Harbour%20Cruises&query_place_id=ChIJESgQdhuRwCwRJSCjV_xWOPk,5.0,"We went on Cape Adieu sunset dinner cruise last night and I have to say it's the most favourite thing we have done on our trip so far. The food was to die for, my favourite meal on our travels. Grace, Munro and their crew looked after us so well. This sunset dinner cruise is a must to put on your itinerary.",0.9986433386802673,0.0006783627904951572,0.0,0.999321699142456,positive,4
Cape Adieu Harbour Cruises,https://www.google.com/maps/search/?api=1&query=Cape%20Adieu%20Harbour%20Cruises&query_place_id=ChIJESgQdhuRwCwRJSCjV_xWOPk,5.0,"What a fabulous evening. From being welcomed aboard by Grace and Munro and their lovely crew Olly, Lily,Nat and Chef Adam it was the perfect experience. Their service was impeccable so obliging and friendly. The food was delicious and they should bottle their homemade dukkah and sell it. It was fabulous watching a beautiful sunset and then the night lights of Darwin. It is a MUST for anyone visiting Darwin. Cannot recommend it enough. Also such a fabulous venue for that special occasion. 5⭐️⭐️⭐️⭐️⭐️ to Cape Adieu Darwin Cruises.",0.9996933937072754,0.0001533110480522737,0.0,0.9998466968536377,positive,2
Cape Adieu Harbour Cruises,https://www.google.com/maps/search/?api=1&query=Cape%20Adieu%20Harbour%20Cruises&query_place_id=ChIJESgQdhuRwCwRJSCjV_xWOPk,5.0,"Beautiful cruise with nice set up, great dinner and friendly staff! Can absolutely recommend!",0.9997665286064148,0.00011674043344100937,0.0,0.9998832941055298,positive,2
Cape Adieu Harbour Cruises,https://www.google.com/maps/search/?api=1&query=Cape%20Adieu%20Harbour%20Cruises&query_place_id=ChIJESgQdhuRwCwRJSCjV_xWOPk,4.0,Lovely experience and the crew are lovely. The food was just enough and spaced out strategically to marry in with the sunset. Glad we chose this tour out of all on offer. The boat accommodates enough without feeling crowded.,0.999393880367279,0.00030310460715554655,0.0,0.9996969699859619,positive,2
Cape Adieu Harbour Cruises,https://www.google.com/maps/search/?api=1&query=Cape%20Adieu%20Harbour%20Cruises&query_place_id=ChIJESgQdhuRwCwRJSCjV_xWOPk,5.0,Food was great staff were friendly and helpful awesome sunset  views,0.9997572898864746,0.00012133900600019842,0.0,0.9998786449432373,positive,2
Cape Adieu Harbour Cruises,https://www.google.com/maps/search/?api=1&query=Cape%20Adieu%20Harbour%20Cruises&query_place_id=ChIJESgQdhuRwCwRJSCjV_xWOPk,5.0,Thank you to all the crew for a wonderful experience.,0.9997479915618896,0.00012598768807947636,0.0,0.9998739957809448,positive,2
Cape Adieu Harbour Cruises,https://www.google.com/maps/search/?api=1&query=Cape%20Adieu%20Harbour%20Cruises&query_place_id=ChIJESgQdhuRwCwRJSCjV_xWOPk,5.0,"An absolute stunning evening!
The food was just delish and Grace, Munro and the crew were just fabulous. Highly recommend!",0.9997661113739014,0.00011695212742779404,0.0,0.9998830556869507,positive,4
Cape Adieu Harbour Cruises,https://www.google.com/maps/search/?api=1&query=Cape%20Adieu%20Harbour%20Cruises&query_place_id=ChIJESgQdhuRwCwRJSCjV_xWOPk,5.0,"It was lovely. Gliding across the water, eating beautiful food, feeling the gentle breeze, and listening to a (not loud) great playlist of music from the 80s and 90s.",0.9997656941413879,0.00011714085849234834,0.0,0.9998828172683716,positive,3
Cape Adieu Harbour Cruises,https://www.google.com/maps/search/?api=1&query=Cape%20Adieu%20Harbour%20Cruises&query_place_id=ChIJESgQdhuRwCwRJSCjV_xWOPk,5.0,"A wonderful experience onboard Cape Adieu. From the warm, personalised welcome to the friendly goodbye. The service is thoughtful, my son and husband don’t eat seafood and although I didn’t communicate any dietary requirements, staff bought a cheese platter for the table. The food is light and fresh, lovely presented, great serving sizes, great local flavours, extensive bar selection, loved the local gins to choose from.  A fab experience on a delightful boat!",0.9995704889297485,0.0002147441409761086,0.0,0.9997852444648743,positive,7
Cape Adieu Harbour Cruises,https://www.google.com/maps/search/?api=1&query=Cape%20Adieu%20Harbour%20Cruises&query_place_id=ChIJESgQdhuRwCwRJSCjV_xWOPk,5.0,"Thank you, we had an absolutely beautiful meal, such quality and friendly staff. Pip went out of her way to put 3 separate bookings together, so 3 couples could sit together.The sunset cruise and meal exceeded our expectations. A beautiful clear night to enjoy with good company and friends.",0.9997277855873108,0.00013609550660476089,0.0,0.999863862991333,positive,0
Cape Adieu Harbour Cruises,https://www.google.com/maps/search/?api=1&query=Cape%20Adieu%20Harbour%20Cruises&query_place_id=ChIJESgQdhuRwCwRJSCjV_xWOPk,5.0,"A Must-Do Experience in Darwin!

An amazing experience on board the Cape Adieu Sunset Dinner Cruise! The meal was one of the best we had in Darwin—and that’s saying something, as we enjoyed some fantastic food during our trip.

The whole evening exceeded our expectations. The staff were warm, welcoming, and incredibly knowledgeable about the area, which added a special touch to the beautiful cruise.

Highly recommend booking this experience—it's a must-do in Darwin! We can’t wait to come back and do it again.",0.9997208714485168,0.00013954981113784015,0.0,0.999860405921936,positive,2
Cape Adieu Harbour Cruises,https://www.google.com/maps/search/?api=1&query=Cape%20Adieu%20Harbour%20Cruises&query_place_id=ChIJESgQdhuRwCwRJSCjV_xWOPk,5.0,"What an awesome way to spend an evening in Darwin. The team were amazing. The boat was beautiful. The food was absolutely delicious and nothing was a drama. Spent the afternoon and evening relaxed enjoying the scenery and water.
Thanks Cape Adieu. What a great way to spend our first night in Darwin.",0.9996541738510132,0.00017288447997998446,0.0,0.9998270869255066,positive,2
Cape Adieu Harbour Cruises,https://www.google.com/maps/search/?api=1&query=Cape%20Adieu%20Harbour%20Cruises&query_place_id=ChIJESgQdhuRwCwRJSCjV_xWOPk,5.0,"Fabulous experience, friendly crew, very personalised and well organised. The food was exquisite. A vessel with a unique history.",0.9997689723968506,0.00011553465446922928,0.0,0.9998844861984253,positive,1
Cape Adieu Harbour Cruises,https://www.google.com/maps/search/?api=1&query=Cape%20Adieu%20Harbour%20Cruises&query_place_id=ChIJESgQdhuRwCwRJSCjV_xWOPk,4.0,"Beautiful food exceptional  service - gorgeous boat. Would have appreciated being contacted about the seating being next to the chef with obstructed views, perhaps a commentary drink or something would have been appreciated. The other seating above and below had the full sailing boat experience. Grateful non the less!",0.997772753238678,0.0011136311804875731,0.0,0.9988864064216614,positive,7
Cape Adieu Harbour Cruises,https://www.google.com/maps/search/?api=1&query=Cape%20Adieu%20Harbour%20Cruises&query_place_id=ChIJESgQdhuRwCwRJSCjV_xWOPk,5.0,"Had a beautiful evening,  fine food great atmosphere,  can't recommend it enough",0.9994903802871704,0.0002548236516304314,0.0,0.9997451901435852,positive,2
Cape Adieu Harbour Cruises,https://www.google.com/maps/search/?api=1&query=Cape%20Adieu%20Harbour%20Cruises&query_place_id=ChIJESgQdhuRwCwRJSCjV_xWOPk,5.0,Great relaxing evening food and drink excellent my wife is Vegan and was ecstatic with her food. Good music wonderful staff. Lovely evening.,0.9997665882110596,0.00011669112427625805,0.0,0.9998832941055298,positive,3
Cape Adieu Harbour Cruises,https://www.google.com/maps/search/?api=1&query=Cape%20Adieu%20Harbour%20Cruises&query_place_id=ChIJESgQdhuRwCwRJSCjV_xWOPk,5.0,"One of the best dining experiences ive ever had, great food, awesone staff and superb trip.  Highly recommend",0.9997298717498779,0.00013508304255083203,0.0,0.999864935874939,positive,2
Cape Adieu Harbour Cruises,https://www.google.com/maps/search/?api=1&query=Cape%20Adieu%20Harbour%20Cruises&query_place_id=ChIJESgQdhuRwCwRJSCjV_xWOPk,5.0,"Had such a great night on the Cape Adieu! We brought our fish from the fishing charter that day with offshore and they cooked it up for us beautifully!!
So lovely, staff were great, boat was stunning!

Thanks gang!",0.9996418356895447,0.00017908138397615403,0.0,0.99982088804245,positive,4
Cape Adieu Harbour Cruises,https://www.google.com/maps/search/?api=1&query=Cape%20Adieu%20Harbour%20Cruises&query_place_id=ChIJESgQdhuRwCwRJSCjV_xWOPk,5.0,"Beautiful staff, beautiful food, beautiful company and a beautiful evening",0.9997804164886475,0.00010977612691931427,0.0,0.9998902082443237,positive,2
Cape Adieu Harbour Cruises,https://www.google.com/maps/search/?api=1&query=Cape%20Adieu%20Harbour%20Cruises&query_place_id=ChIJESgQdhuRwCwRJSCjV_xWOPk,5.0,"Exceptional cruise, Sensational food,Highly recommended for all.!!!",0.9997549653053284,0.00012251290900167078,0.0,0.9998774528503418,positive,2
Cape Adieu Harbour Cruises,https://www.google.com/maps/search/?api=1&query=Cape%20Adieu%20Harbour%20Cruises&query_place_id=ChIJESgQdhuRwCwRJSCjV_xWOPk,5.0,"Excellent cruise , fantastic service, great food and a spectacular sunset",0.9997789859771729,0.0001105123883462511,0.0,0.9998894929885864,positive,2
Cape Adieu Harbour Cruises,https://www.google.com/maps/search/?api=1&query=Cape%20Adieu%20Harbour%20Cruises&query_place_id=ChIJESgQdhuRwCwRJSCjV_xWOPk,5.0,"Best cruise drinking beautiful champagne watching the sun go down. great service, the mains with the baramundi was to die for.  Good job",0.9994603395462036,0.0002698187599889934,0.0,0.9997301697731018,positive,3
Cape Adieu Harbour Cruises,https://www.google.com/maps/search/?api=1&query=Cape%20Adieu%20Harbour%20Cruises&query_place_id=ChIJESgQdhuRwCwRJSCjV_xWOPk,5.0,"Loved the Cruise, Loved the Food!!!  Crew were great!",0.9997725486755371,0.0001137295548687689,0.0,0.9998862743377686,positive,3
Cape Adieu Harbour Cruises,https://www.google.com/maps/search/?api=1&query=Cape%20Adieu%20Harbour%20Cruises&query_place_id=ChIJESgQdhuRwCwRJSCjV_xWOPk,5.0,We had a lovely relaxing trip with room to move.  The food was exceptional; really enjoyed our experience!,0.9997727274894714,0.00011364174861228094,0.0,0.9998863935470581,positive,2
Cape Adieu Harbour Cruises,https://www.google.com/maps/search/?api=1&query=Cape%20Adieu%20Harbour%20Cruises&query_place_id=ChIJESgQdhuRwCwRJSCjV_xWOPk,5.0,Fantastic cruise with friendly and attentive staff. Easy to book and great menu and selection of drinks. Would highly recommend!,0.9997413158416748,0.00012931760284118354,0.0,0.9998706579208374,positive,2
Cape Adieu Harbour Cruises,https://www.google.com/maps/search/?api=1&query=Cape%20Adieu%20Harbour%20Cruises&query_place_id=ChIJESgQdhuRwCwRJSCjV_xWOPk,5.0,Was a truly wonderful evening. The boat was lovely the crew very friendly and the food excellent.,0.9997656345367432,0.00011717024608515203,0.0,0.9998828172683716,positive,2
Cape Adieu Harbour Cruises,https://www.google.com/maps/search/?api=1&query=Cape%20Adieu%20Harbour%20Cruises&query_place_id=ChIJESgQdhuRwCwRJSCjV_xWOPk,5.0,"Terrific crew, food, service, and ambience. Wonderful evening cruise. Thank you",0.9997766017913818,0.00011167085904162377,0.0,0.9998883008956909,positive,2
Cape Adieu Harbour Cruises,https://www.google.com/maps/search/?api=1&query=Cape%20Adieu%20Harbour%20Cruises&query_place_id=ChIJESgQdhuRwCwRJSCjV_xWOPk,5.0,"A great evening spent cruising on Darwin Harbour. Friendly and efficient captain and crew, delicious food, lovely ship, beautiful sunset. A wonderful way to cap off our week in Darwin. So glad we booked on Cape Adieu.
Thanks Munro and team.
L & P Lee",0.9997490048408508,0.00012549225357361138,0.0,0.999874472618103,positive,2
Cape Adieu Harbour Cruises,https://www.google.com/maps/search/?api=1&query=Cape%20Adieu%20Harbour%20Cruises&query_place_id=ChIJESgQdhuRwCwRJSCjV_xWOPk,5.0,"What an incredible experience! The boat, the food, the staff and that sunset! An unforgettable birthday for me...that's for sure, and we totally recommend 👌 Well done Cape Adeiu, so glad we chose your cruise experience...it was perfect👏",0.9996253252029419,0.00018733047181740403,0.0,0.999812662601471,positive,2
Cape Adieu Harbour Cruises,https://www.google.com/maps/search/?api=1&query=Cape%20Adieu%20Harbour%20Cruises&query_place_id=ChIJESgQdhuRwCwRJSCjV_xWOPk,5.0,Food was excellent. Staff very friendly and helpful. Venue was perfect with 360° views and the atmosphere was perfect.,0.9997620582580566,0.00011898931552423164,0.0,0.9998810291290283,positive,2
Cape Adieu Harbour Cruises,https://www.google.com/maps/search/?api=1&query=Cape%20Adieu%20Harbour%20Cruises&query_place_id=ChIJESgQdhuRwCwRJSCjV_xWOPk,5.0,"Just an absolutely brilliant experience; delicious food, delightful service, stunning sunset. Ollie was a consummately professional table attendant — 5 stars + Well worth it.",0.9997739791870117,0.00011299362813588232,0.0,0.9998869895935059,positive,2
Cape Adieu Harbour Cruises,https://www.google.com/maps/search/?api=1&query=Cape%20Adieu%20Harbour%20Cruises&query_place_id=ChIJESgQdhuRwCwRJSCjV_xWOPk,5.0,"A gorgeous evening sunset dinner cruise, on Cape Adieu, delicious dinner, friendly staff and amazing sunset, thanks Munro and the team",0.9997780323028564,0.0001110074226744473,0.0,0.9998890161514282,positive,2
Cape Adieu Harbour Cruises,https://www.google.com/maps/search/?api=1&query=Cape%20Adieu%20Harbour%20Cruises&query_place_id=ChIJESgQdhuRwCwRJSCjV_xWOPk,4.0,Had a most enjoyable dinner cruise. The service and food was top class. Highly recommend. Can’t wait for the photos to be posted.,0.9996867775917053,0.0001566029095556587,0.0,0.9998433589935303,positive,2
Cape Adieu Harbour Cruises,https://www.google.com/maps/search/?api=1&query=Cape%20Adieu%20Harbour%20Cruises&query_place_id=ChIJESgQdhuRwCwRJSCjV_xWOPk,5.0,"Great experience: delicious meal, welcoming staff, smooth sailing.",0.9997625946998596,0.00011868515866808593,0.0,0.9998812675476074,positive,2
Cape Adieu Harbour Cruises,https://www.google.com/maps/search/?api=1&query=Cape%20Adieu%20Harbour%20Cruises&query_place_id=ChIJESgQdhuRwCwRJSCjV_xWOPk,5.0,"We had the most beautifully relaxed evening cruising on the Cape Adieu. I am not a lover of seafood so chose the steak and it was cooked to perfection. The entree was a selection of 3 lots of seafood which l tried but not for me..the skipper Munro bought out cheese, salami and biscuits for me. Could not have been more grateful as l chose not to mention l didn’t like seafood when booking as the main & dessert was enough for me.
The staff were extremely helpful, friendly and very obliging. They were happy to stop for a chat and take photos of us at the bow of the boat during the sunset.
A wonderful evening spent with good company, amazing food, great hospitality.
Your story is a credit to you, we will certainly join you again when back in Darwin.",0.9993807673454285,0.0003096357104368508,0.0,0.9996904134750366,positive,7
Cape Adieu Harbour Cruises,https://www.google.com/maps/search/?api=1&query=Cape%20Adieu%20Harbour%20Cruises&query_place_id=ChIJESgQdhuRwCwRJSCjV_xWOPk,5.0,"Munroe and his Awsome crew made sure we had the best sunset cruise experience!
The food was divine and beautifully presented. The atmosphere was relaxed and the cocktails were delish!  If you are looking for a more personalised experience, this is the one!! Would highly recommend!! 🙌🌴🌅",0.9995394945144653,0.00023026663984637707,0.0,0.9997697472572327,positive,4
Cape Adieu Harbour Cruises,https://www.google.com/maps/search/?api=1&query=Cape%20Adieu%20Harbour%20Cruises&query_place_id=ChIJESgQdhuRwCwRJSCjV_xWOPk,5.0,"My husband and I had a wonderful sunset cruise experience with Murno and his fantastic team on Cape Adieu. This cruise exceeded our expectations - lovely sunset, friendly and attentive crew, a personalised approach with our table and the best 4 course meal we've enjoyed in ages with fresh seafood and tender steak included. We highly recommend this cruise to anyone wanting that something special from the Darwin Harbour.",0.9997258186340332,0.0001370696845697239,0.0,0.9998629093170166,positive,4
Cape Adieu Harbour Cruises,https://www.google.com/maps/search/?api=1&query=Cape%20Adieu%20Harbour%20Cruises&query_place_id=ChIJESgQdhuRwCwRJSCjV_xWOPk,5.0,"What a great experience it was to spend the evening aboard the Cape Adieu! everything was thought of to provide carefree and enjoyable cruise, the service and food was perfect! A special thank you to Munro, Ollie and all the crew, I highly recommend this as a must do in Darwin.",0.999739408493042,0.00013030414993409067,0.0,0.999869704246521,positive,4
Cape Adieu Harbour Cruises,https://www.google.com/maps/search/?api=1&query=Cape%20Adieu%20Harbour%20Cruises&query_place_id=ChIJESgQdhuRwCwRJSCjV_xWOPk,5.0,"""Edit""This is our second time  a must do when visiting Darwin
The boat is just a beautiful old lady of the sea
Staff are new to the game and show passion to their business, food and company was excellent
Thanks for a great few hours on the magnificent Darwin harbour, we will be back
Damian and Lenny",0.9984948635101318,0.0007525915279984474,0.0,0.9992474317550659,positive,0
Cape Adieu Harbour Cruises,https://www.google.com/maps/search/?api=1&query=Cape%20Adieu%20Harbour%20Cruises&query_place_id=ChIJESgQdhuRwCwRJSCjV_xWOPk,5.0,We had the best time on this sunset cruise and the food was amazing and so was the fantastic staff. Totally recommend Cape Adieu Harbour Cruise.,0.9997196793556213,0.00014015150372870266,0.0,0.9998598098754883,positive,2
Cape Adieu Harbour Cruises,https://www.google.com/maps/search/?api=1&query=Cape%20Adieu%20Harbour%20Cruises&query_place_id=ChIJESgQdhuRwCwRJSCjV_xWOPk,5.0,thankyou Cape Adieu and crew. Was an awesome experience. Amazing food and amazing service would highly recommend,0.9997622966766357,0.00011883510160259902,0.0,0.9998811483383179,positive,2
Cape Adieu Harbour Cruises,https://www.google.com/maps/search/?api=1&query=Cape%20Adieu%20Harbour%20Cruises&query_place_id=ChIJESgQdhuRwCwRJSCjV_xWOPk,5.0,Munro and his team were very welcoming. The 4 course meal was delicious and drinks menu was extensive and reasonably priced. Viewing Darwin from the water gives you an entirely new perspective of the city and shoreline and the sunset would be hard to beat worldwide. Highly recommend this sunset dinner cruise if you’re looking for an exceptional experience while you’re in Darwin. The complimentary photos are an added bonus.,0.999683678150177,0.00015812591300345957,0.0,0.9998418092727661,positive,4
Cape Adieu Harbour Cruises,https://www.google.com/maps/search/?api=1&query=Cape%20Adieu%20Harbour%20Cruises&query_place_id=ChIJESgQdhuRwCwRJSCjV_xWOPk,5.0,This was a wonderful way for us to finish our 10 night family holiday in Darwin. Food and service was spot on and the cruise was spectacular,0.9996806979179382,0.0001596552028786391,0.0,0.9998403787612915,positive,4
Cape Adieu Harbour Cruises,https://www.google.com/maps/search/?api=1&query=Cape%20Adieu%20Harbour%20Cruises&query_place_id=ChIJESgQdhuRwCwRJSCjV_xWOPk,5.0,The experience of the sunset was fantastic and the crew were great. For me the only minor hiccup was the gap between entrees and main course I thought was a little too long. However that would not stop me from having a return trip at some stage,0.99329674243927,0.0033516145776957273,0.0,0.996648371219635,positive,3
Cape Adieu Harbour Cruises,https://www.google.com/maps/search/?api=1&query=Cape%20Adieu%20Harbour%20Cruises&query_place_id=ChIJESgQdhuRwCwRJSCjV_xWOPk,5.0,"Great cruise, lovely food. Ollie our waiter was amazing, really chatty and a top bloke. Thanks",0.9997016787528992,0.00014916440704837441,0.0,0.999850869178772,positive,3
Cape Adieu Harbour Cruises,https://www.google.com/maps/search/?api=1&query=Cape%20Adieu%20Harbour%20Cruises&query_place_id=ChIJESgQdhuRwCwRJSCjV_xWOPk,5.0,"We had a group of eight that went out for a sunset cruise with Cape Adieu. We all had a wonderful time, the vessel was smooth and quiet, the food and service was outstanding and the general ambiance was first class. We would highly recommend Cape Adieu.",0.9997599124908447,0.00012004715244984254,0.0,0.9998799562454224,positive,4
Cape Adieu Harbour Cruises,https://www.google.com/maps/search/?api=1&query=Cape%20Adieu%20Harbour%20Cruises&query_place_id=ChIJESgQdhuRwCwRJSCjV_xWOPk,5.0,"This cruise was delightfully relaxing, the service impeccable and the cuisine innovative. The crew were professional yet warm and personable. The sunset did not disappoint. Highly recommend!",0.999767541885376,0.00011622083547990769,0.0,0.999883770942688,positive,2
Cape Adieu Harbour Cruises,https://www.google.com/maps/search/?api=1&query=Cape%20Adieu%20Harbour%20Cruises&query_place_id=ChIJESgQdhuRwCwRJSCjV_xWOPk,5.0,This is a lovely personal experience with smaller groups and not crowded. Meal was delicious and sunset was amazing! Highly recommend this!,0.9997709393501282,0.0001144879570347257,0.0,0.9998854398727417,positive,2
Cape Adieu Harbour Cruises,https://www.google.com/maps/search/?api=1&query=Cape%20Adieu%20Harbour%20Cruises&query_place_id=ChIJESgQdhuRwCwRJSCjV_xWOPk,5.0,Service and food were wonderful. Great sunset and recommend the cocktails!,0.9997601509094238,0.00011991935753030702,0.0,0.9998800754547119,positive,2
Cape Adieu Harbour Cruises,https://www.google.com/maps/search/?api=1&query=Cape%20Adieu%20Harbour%20Cruises&query_place_id=ChIJESgQdhuRwCwRJSCjV_xWOPk,5.0,Fantastic night out with lovely food and friendly crew. Super relaxing. Wonderful.,0.9997775554656982,0.00011121158604510128,0.0,0.9998887777328491,positive,2
Cape Adieu Harbour Cruises,https://www.google.com/maps/search/?api=1&query=Cape%20Adieu%20Harbour%20Cruises&query_place_id=ChIJESgQdhuRwCwRJSCjV_xWOPk,5.0,"Thank you so much Munro and Grace. We adored our experience on Cape Adieu.  From the moment you welcomed us onboard the magic began. The boat is beautiful the staff fantastic and the food was amazing, fresh Oysters, prawns and steak so tender. The sunset was amazing , an ever changing pallet of colours. On the return journey as the sun set we were greeted with an illuminous full moon and if that wasn’t enough even a shooting star!
The Cape is a smaller boat which provided an intimate experience, and your attention to detail and excellent service made it a night to remember. We highly recommend this and will definitely be back! Thanks, Debs and Baz",0.9997420907020569,0.00012893762323074043,0.0,0.999871015548706,positive,4
Cape Adieu Harbour Cruises,https://www.google.com/maps/search/?api=1&query=Cape%20Adieu%20Harbour%20Cruises&query_place_id=ChIJESgQdhuRwCwRJSCjV_xWOPk,5.0,"We had the best experience ever, aboard Cape Adieu!

Online booking through the website was a piece of cake.

We were met by Munro at the gate which was a nice surprise. Once checked off, we were shown to our seats and our first drinks order was taken. All night the staff were attentive and saw to our every need.

The food was sensational - all delish, but the yam puree with the steak was incredible!

Munro gave us (and all passengers) plenty of his time, telling stories about the boat and his time in agriculture before taking over the business. He even took some great photos of our group and the setting sun, which he kindly shared following our trip.

All round - this cruise was brilliant and a must do if you're in Darwin! Not sure when we'll be back in the NT, but if we are, we'll be sure to sail again!",0.9992075562477112,0.0003962409682571888,0.0,0.999603807926178,positive,4
Cape Adieu Harbour Cruises,https://www.google.com/maps/search/?api=1&query=Cape%20Adieu%20Harbour%20Cruises&query_place_id=ChIJESgQdhuRwCwRJSCjV_xWOPk,5.0,We had a really enjoyable evening. Thanks so much.,0.9997568726539612,0.00012152252747910097,0.0,0.9998784065246582,positive,3
Cape Adieu Harbour Cruises,https://www.google.com/maps/search/?api=1&query=Cape%20Adieu%20Harbour%20Cruises&query_place_id=ChIJESgQdhuRwCwRJSCjV_xWOPk,5.0,"A unique dining experience with fantastic staff. A great meal needs the elements of atmosphere, taste & personality, all boxes are ticked here. Highly recommended",0.9982910752296448,0.0008544448646716774,0.0,0.9991455078125,positive,2
Cape Adieu Harbour Cruises,https://www.google.com/maps/search/?api=1&query=Cape%20Adieu%20Harbour%20Cruises&query_place_id=ChIJESgQdhuRwCwRJSCjV_xWOPk,5.0,"We had a lovely and intimate anniversary dinner on the cruiser. Great food, friendly and attentive service and the views were amazing of course :) 10/10 recommendation from us!",0.9997206330299377,0.00013966763799544424,0.0,0.9998602867126465,positive,2
Cape Adieu Harbour Cruises,https://www.google.com/maps/search/?api=1&query=Cape%20Adieu%20Harbour%20Cruises&query_place_id=ChIJESgQdhuRwCwRJSCjV_xWOPk,5.0,"What a night!!!!! The Sunset Dinner Cruise was spectacular….the boat, the food, the crew…..a of course the sunset….made it a night to remember! We booked by chance and were so surprised…. we felt so lucky to have had this experience. To Munro and his team, thank you….to everyone else…
Do it! You won’t regret it!",0.9995993375778198,0.00020033374312333763,0.0,0.9997996687889099,positive,0
Cape Adieu Harbour Cruises,https://www.google.com/maps/search/?api=1&query=Cape%20Adieu%20Harbour%20Cruises&query_place_id=ChIJESgQdhuRwCwRJSCjV_xWOPk,5.0,"Did the Dinner cruise 6th July - absolutely brilliant.
Smaller vessel, intimate, staff were excellent, quality of food was very good.
This is the 3rd one we’ve done in Darwin, by far the best.
Thoroughly recommend.",0.9997148513793945,0.00014255399582907557,0.0,0.9998574256896973,positive,2
Cape Adieu Harbour Cruises,https://www.google.com/maps/search/?api=1&query=Cape%20Adieu%20Harbour%20Cruises&query_place_id=ChIJESgQdhuRwCwRJSCjV_xWOPk,5.0,"I couldn’t recommend Cape Adieu,
Grace and her crew more highly. From the online booking followed by confirming phone calls to ensure dietary requirements and all wishes were going to be met was nothing short of brilliant customer service. Aboard we go. What a stunning yacht Cape Adieu is!!
Couple this with the most out of this world 4 course meal - to be honest it was the most delicious meal we had for our 10 day holiday in Darwin! The prompt and friendly service on board topped off a truly wonderful experience. 10/10 for us. Thank you so much Grace and team for creating such a memorable and special night for us. We will most definitely be coming aboard again should we visit beautiful Darwin in the future.
Kind regards Honni",0.9995797276496887,0.00021013699006289244,0.0,0.9997898936271667,positive,4
Cape Adieu Harbour Cruises,https://www.google.com/maps/search/?api=1&query=Cape%20Adieu%20Harbour%20Cruises&query_place_id=ChIJESgQdhuRwCwRJSCjV_xWOPk,5.0,"Munroe, Grace, Pip and the rest of the crew on Cape Adieu, we cant thank you enough for fitting us into your dinner cruise last night. We thoroughly enjoyed it. Everything was top class, the welcome aboard, the way we were looked after by a happy crew, the meal. There was nothing we could fault and we would thoroughly recommend the experience",0.9997305870056152,0.0001346808421658352,0.0,0.9998652935028076,positive,4
Cape Adieu Harbour Cruises,https://www.google.com/maps/search/?api=1&query=Cape%20Adieu%20Harbour%20Cruises&query_place_id=ChIJESgQdhuRwCwRJSCjV_xWOPk,5.0,This is quality. End to end quality. From staff to ship to food to location,0.9982074499130249,0.0008962721331045032,0.0,0.9991037249565125,positive,3
Cape Adieu Harbour Cruises,https://www.google.com/maps/search/?api=1&query=Cape%20Adieu%20Harbour%20Cruises&query_place_id=ChIJESgQdhuRwCwRJSCjV_xWOPk,5.0,Had a fantastic cruise. Delicious food and attentive staff. Loved being on a boat with character,0.9997694492340088,0.00011525515583343804,0.0,0.9998847246170044,positive,2
Cape Adieu Harbour Cruises,https://www.google.com/maps/search/?api=1&query=Cape%20Adieu%20Harbour%20Cruises&query_place_id=ChIJESgQdhuRwCwRJSCjV_xWOPk,5.0,Excellent food and an awesome experience,0.9997757077217102,0.00011213835387025028,0.0,0.9998878240585327,positive,2
Cape Adieu Harbour Cruises,https://www.google.com/maps/search/?api=1&query=Cape%20Adieu%20Harbour%20Cruises&query_place_id=ChIJESgQdhuRwCwRJSCjV_xWOPk,5.0,"The latest of several dinner cruises on the Cape Adieu over several years.  Excellent experience as always.  Crew always impress with their efficiency and friendliness, and a revised process for serving the dinner courses has made it smoother, simpler and fuss-free.    You made me feel like not simply a welcome guest, but a friend.
Well done Cape Adieu.",0.9996092915534973,0.0001953639293788001,0.0,0.999804675579071,positive,4
Cape Adieu Harbour Cruises,https://www.google.com/maps/search/?api=1&query=Cape%20Adieu%20Harbour%20Cruises&query_place_id=ChIJESgQdhuRwCwRJSCjV_xWOPk,5.0,"What a wonderful experience! We had a great night aboard the Cape Adieu, food and service was great. Staff were attentive and to top it off we had a great sunset to match! Well worth it",0.9997528195381165,0.00012356600200291723,0.0,0.9998763799667358,positive,2
Cape Adieu Harbour Cruises,https://www.google.com/maps/search/?api=1&query=Cape%20Adieu%20Harbour%20Cruises&query_place_id=ChIJESgQdhuRwCwRJSCjV_xWOPk,5.0,Absolutely wonderful in every respect.,0.9997525215148926,0.00012374029029160738,0.0,0.9998762607574463,positive,2
Cape Adieu Harbour Cruises,https://www.google.com/maps/search/?api=1&query=Cape%20Adieu%20Harbour%20Cruises&query_place_id=ChIJESgQdhuRwCwRJSCjV_xWOPk,5.0,"We had an amazing time, the crew were lovely and helpful, especially with a potential change due to delayed flights.
The food was amazing, we thoroughly enjoyed the evening and would do it again.",0.9997670650482178,0.00011645180347841233,0.0,0.9998835325241089,positive,2
Cape Adieu Harbour Cruises,https://www.google.com/maps/search/?api=1&query=Cape%20Adieu%20Harbour%20Cruises&query_place_id=ChIJESgQdhuRwCwRJSCjV_xWOPk,5.0,Great cruise really enjoyed it Ollie the legend on the top deck was great couldn't do enough for us made it a great experience,0.9992607235908508,0.000369622721336782,0.0,0.999630331993103,positive,3
Cape Adieu Harbour Cruises,https://www.google.com/maps/search/?api=1&query=Cape%20Adieu%20Harbour%20Cruises&query_place_id=ChIJESgQdhuRwCwRJSCjV_xWOPk,5.0,Amazing experience! Super nice people who are passionate about their family enterprise and great food! Thank you!!,0.999779462814331,0.00011026260472135618,0.0,0.9998897314071655,positive,0
Cape Adieu Harbour Cruises,https://www.google.com/maps/search/?api=1&query=Cape%20Adieu%20Harbour%20Cruises&query_place_id=ChIJESgQdhuRwCwRJSCjV_xWOPk,5.0,"Highly recommended! Excellent food, great service, magic sunset. Eorth every penny",0.9997279644012451,0.00013599795056506991,0.0,0.9998639822006226,positive,2
Cape Adieu Harbour Cruises,https://www.google.com/maps/search/?api=1&query=Cape%20Adieu%20Harbour%20Cruises&query_place_id=ChIJESgQdhuRwCwRJSCjV_xWOPk,5.0,"Nothing negative to say. This cruise is one of our best all time family memories. We plan to return and cruise again with Munro, Grace and Oli because not only was the food exceptional, the service brilliant, but as a working team catering to everybody's needs, they were thoughtful, entertaining and approachable. Thank you team Cape Adieu!",0.9997555613517761,0.0001222338032675907,0.0,0.9998778104782104,positive,4
Cape Adieu Harbour Cruises,https://www.google.com/maps/search/?api=1&query=Cape%20Adieu%20Harbour%20Cruises&query_place_id=ChIJESgQdhuRwCwRJSCjV_xWOPk,5.0,"Great night, excellent staff, food was fantastic. Just a relaxing evening",0.9997434616088867,0.0001282485027331859,0.0,0.9998717308044434,positive,2
Cape Adieu Harbour Cruises,https://www.google.com/maps/search/?api=1&query=Cape%20Adieu%20Harbour%20Cruises&query_place_id=ChIJESgQdhuRwCwRJSCjV_xWOPk,5.0,"Highly recommend the Cape Adieu sunset dinner cruise if you are visiting Darwin or need a special dinner spot. Great atmosphere, friendly team and yum food.",0.9996552467346191,0.00017235317500308156,0.0,0.9998276233673096,positive,4
Cape Adieu Harbour Cruises,https://www.google.com/maps/search/?api=1&query=Cape%20Adieu%20Harbour%20Cruises&query_place_id=ChIJESgQdhuRwCwRJSCjV_xWOPk,5.0,great cruise the night was perfect and the staff were very friendly,0.9997470378875732,0.00012650014832615852,0.0,0.9998735189437866,positive,2
Cape Adieu Harbour Cruises,https://www.google.com/maps/search/?api=1&query=Cape%20Adieu%20Harbour%20Cruises&query_place_id=ChIJESgQdhuRwCwRJSCjV_xWOPk,4.0,"Very nice and quite, spectacular view of the sunset.",0.9997757077217102,0.00011214434198336676,0.0,0.9998878240585327,positive,7
Cape Adieu Harbour Cruises,https://www.google.com/maps/search/?api=1&query=Cape%20Adieu%20Harbour%20Cruises&query_place_id=ChIJESgQdhuRwCwRJSCjV_xWOPk,5.0,Highly recommended - great experience and great people.,0.9997698664665222,0.00011507901217555627,0.0,0.9998849630355835,positive,2
Cape Adieu Harbour Cruises,https://www.google.com/maps/search/?api=1&query=Cape%20Adieu%20Harbour%20Cruises&query_place_id=ChIJESgQdhuRwCwRJSCjV_xWOPk,5.0,"Absolutely loved the Dinner Cruise.
5 stars all the way. Service, staff amazing.
Food sooooo good. A beautiful beautiful night.
A must, relax romantic night had by my husband and I.
🩷🩷🩷",0.9997713565826416,0.00011434045882197097,0.0,0.9998856782913208,positive,2
Cape Adieu Harbour Cruises,https://www.google.com/maps/search/?api=1&query=Cape%20Adieu%20Harbour%20Cruises&query_place_id=ChIJESgQdhuRwCwRJSCjV_xWOPk,5.0,"Cape Adieu was an unbeatable Darwin experience. The food was amazing, the team were friendly and made you feel welcome and took the time to get to know each of their guests. A true top end experience run by down to earth Aussie people!! 10/10",0.9993552565574646,0.00032240914879366755,0.0,0.9996776580810547,positive,4
Cape Adieu Harbour Cruises,https://www.google.com/maps/search/?api=1&query=Cape%20Adieu%20Harbour%20Cruises&query_place_id=ChIJESgQdhuRwCwRJSCjV_xWOPk,5.0,The chef did a wonderful job with barramundi. Best  I can remember eating. Dr Bruce,0.9984191060066223,0.0007904393714852631,0.0,0.9992095232009888,positive,0
Cape Adieu Harbour Cruises,https://www.google.com/maps/search/?api=1&query=Cape%20Adieu%20Harbour%20Cruises&query_place_id=ChIJESgQdhuRwCwRJSCjV_xWOPk,5.0,"Everything about this cruise was perfect. Spectacular views. 5 star 4 course meal - best we had on our entire holiday. Amazing staff- friendly, professional, knowledgeable. We had a table for 2 upstairs- fantastic!",0.9997270107269287,0.0001365205243928358,0.0,0.9998635053634644,positive,2
Cape Adieu Harbour Cruises,https://www.google.com/maps/search/?api=1&query=Cape%20Adieu%20Harbour%20Cruises&query_place_id=ChIJESgQdhuRwCwRJSCjV_xWOPk,5.0,"Joined Cape Adieu for their Sunset Cruise last night. So happy we picked them it was an awesome experience of which we would highly recommend.
The ambience of the vessel was stylish and welcoming, did not feel like a run of the mill ferry, the staff so friendly and food OMG so yummy 😋
Grace & Munro we wish you all the best for the future in your venture, certainly on the right track.
Hopefully we'll be back on board one day 🙏
Marg & Kim",0.999339759349823,0.0003301568212918937,0.0,0.9996699094772339,positive,4
Cape Adieu Harbour Cruises,https://www.google.com/maps/search/?api=1&query=Cape%20Adieu%20Harbour%20Cruises&query_place_id=ChIJESgQdhuRwCwRJSCjV_xWOPk,5.0,"Fantastic crew, beautiful boat and the food was delicious. The attention to detail was outstanding .",0.9997680187225342,0.0001159616804216057,0.0,0.9998840093612671,positive,2
Cape Adieu Harbour Cruises,https://www.google.com/maps/search/?api=1&query=Cape%20Adieu%20Harbour%20Cruises&query_place_id=ChIJESgQdhuRwCwRJSCjV_xWOPk,4.0,"Our cruise was fantastic. The owners and crew were genuinely welcoming, helpful and provided great service.
Noy only were the views second to none, the food exceeded my expectations.
Highly recommended.",0.9997363090515137,0.0001318517461186275,0.0,0.9998681545257568,positive,2
Cape Adieu Harbour Cruises,https://www.google.com/maps/search/?api=1&query=Cape%20Adieu%20Harbour%20Cruises&query_place_id=ChIJESgQdhuRwCwRJSCjV_xWOPk,5.0,We had the most amazing sunset experience… everything about this experience was beyond our expectations.  Thank you to our attentive hosts and their very friendly efficient staff.  We will come back next time we are in Darwin.,0.9994193911552429,0.00029026405536569655,0.0,0.9997096657752991,positive,2
Cape Adieu Harbour Cruises,https://www.google.com/maps/search/?api=1&query=Cape%20Adieu%20Harbour%20Cruises&query_place_id=ChIJESgQdhuRwCwRJSCjV_xWOPk,5.0,"Absolutely wonderful. Munro, Grace and their team have created a wonderful environment with delicious food and service. We would highly recommend the dinner sunset cruise and believe it is a must do when in Darwin.",0.999772846698761,0.0001135521597461775,0.0,0.9998863935470581,positive,2
Cape Adieu Harbour Cruises,https://www.google.com/maps/search/?api=1&query=Cape%20Adieu%20Harbour%20Cruises&query_place_id=ChIJESgQdhuRwCwRJSCjV_xWOPk,5.0,"Pick this sunset cruise over any other, you won’t regret it.",0.9718676805496216,0.014066166244447231,0.0,0.9859338402748108,positive,0
Cape Adieu Harbour Cruises,https://www.google.com/maps/search/?api=1&query=Cape%20Adieu%20Harbour%20Cruises&query_place_id=ChIJESgQdhuRwCwRJSCjV_xWOPk,5.0,"Ripper night, great hosts and crew. Food was awesome.",0.9997506141662598,0.00012471007357817143,0.0,0.9998753070831299,positive,2
Cape Adieu Harbour Cruises,https://www.google.com/maps/search/?api=1&query=Cape%20Adieu%20Harbour%20Cruises&query_place_id=ChIJESgQdhuRwCwRJSCjV_xWOPk,5.0,Excellent all round. Very friendly.,0.9997501969337463,0.00012487548519857228,0.0,0.9998750686645508,positive,2
Cape Adieu Harbour Cruises,https://www.google.com/maps/search/?api=1&query=Cape%20Adieu%20Harbour%20Cruises&query_place_id=ChIJESgQdhuRwCwRJSCjV_xWOPk,5.0,"We had the most amazing time on the cruise. The cocktail list was delicious, the wine options were excellent, and the food was exceptional. We can't wait to go again next time we are in Darwin!!",0.9997311234474182,0.00013439373287837952,0.0,0.9998655319213867,positive,2
Cape Adieu Harbour Cruises,https://www.google.com/maps/search/?api=1&query=Cape%20Adieu%20Harbour%20Cruises&query_place_id=ChIJESgQdhuRwCwRJSCjV_xWOPk,5.0,"Not to be missed! A great dinner, beautiful cruise and ……… the staff not only superbly professional but friendly and engaging. The chef is to be commended for his creativity",0.9997722506523132,0.0001138834486482665,0.0,0.999886155128479,positive,2
Cape Adieu Harbour Cruises,https://www.google.com/maps/search/?api=1&query=Cape%20Adieu%20Harbour%20Cruises&query_place_id=ChIJESgQdhuRwCwRJSCjV_xWOPk,5.0,The staff the captain the food all amazing. Thank you 🤩,0.999767005443573,0.00011650756641756743,0.0,0.9998835325241089,positive,2
Cape Adieu Harbour Cruises,https://www.google.com/maps/search/?api=1&query=Cape%20Adieu%20Harbour%20Cruises&query_place_id=ChIJESgQdhuRwCwRJSCjV_xWOPk,5.0,"This was by far the best sunset cruise we have done.  The staff were lovely, food great and we thoroughly enjoyed the night.  We were seated upstairs at tables, but there was plenty of room to get up and move around during sunset.",0.9995275139808655,0.000236253603361547,0.0,0.9997637867927551,positive,0
Cape Adieu Harbour Cruises,https://www.google.com/maps/search/?api=1&query=Cape%20Adieu%20Harbour%20Cruises&query_place_id=ChIJESgQdhuRwCwRJSCjV_xWOPk,5.0,"Stunning dinner and food. Thanks Munro, Grace and Darcy",0.9997637867927551,0.00011808348062913865,0.0,0.9998818635940552,positive,4
Cape Adieu Harbour Cruises,https://www.google.com/maps/search/?api=1&query=Cape%20Adieu%20Harbour%20Cruises&query_place_id=ChIJESgQdhuRwCwRJSCjV_xWOPk,5.0,"We sailed with Cape Adieu on Wednesday night and it was absolutely exceptional. From the warm welcome by the captain and crew to the five-star (actually, billion-star—we were out on the ocean after all!) dining experience, everything was spot on. The food servings were generous—you definitely won’t leave hungry. We had icy cold beers and I enjoyed the best lime and bitters I’ve ever had. I’ll absolutely be back to do this cruise again. Highly recommend!",0.999741792678833,0.00012911282829008996,0.0,0.9998708963394165,positive,4
Cape Adieu Harbour Cruises,https://www.google.com/maps/search/?api=1&query=Cape%20Adieu%20Harbour%20Cruises&query_place_id=ChIJESgQdhuRwCwRJSCjV_xWOPk,5.0,"Loved this beautiful boat, it’s not too big so it’s not overcrowded. We sat on the front deck and had amazing views as the sun set. The food was excellent too.",0.9997413158416748,0.0001293247623834759,0.0,0.9998706579208374,positive,0
Cape Adieu Harbour Cruises,https://www.google.com/maps/search/?api=1&query=Cape%20Adieu%20Harbour%20Cruises&query_place_id=ChIJESgQdhuRwCwRJSCjV_xWOPk,5.0,We had the most amazing time on the Cape Adieu! The food was so delicious and the cocktails were really yummy. Such a great crew and the most perfect sunset. Thank you so much xox,0.9997548460960388,0.00012258256901986897,0.0,0.9998774528503418,positive,2
Cape Adieu Harbour Cruises,https://www.google.com/maps/search/?api=1&query=Cape%20Adieu%20Harbour%20Cruises&query_place_id=ChIJESgQdhuRwCwRJSCjV_xWOPk,5.0,Fantastic cruise - great service and food. A must do when visiting Darwin.,0.9996883869171143,0.00015580756007693708,0.0,0.9998441934585571,positive,2
Cape Adieu Harbour Cruises,https://www.google.com/maps/search/?api=1&query=Cape%20Adieu%20Harbour%20Cruises&query_place_id=ChIJESgQdhuRwCwRJSCjV_xWOPk,5.0,"Great cruise, fantastic food, massively accommodating for shirt notice change to our booking (had to bring our toddler as the babysitter fell through).",0.9993953108787537,0.0003023988683708012,0.0,0.9996976852416992,positive,2
Cape Adieu Harbour Cruises,https://www.google.com/maps/search/?api=1&query=Cape%20Adieu%20Harbour%20Cruises&query_place_id=ChIJESgQdhuRwCwRJSCjV_xWOPk,5.0,"Munro, Grace and a great crew gave us an unforgettable cruise. Fantastic 4 course meal and ambience on a converted Lugger out to a picturesque sunset.
Must Do if in Darwin. Neil n Deb",0.9993908405303955,0.0003045833727810532,0.0,0.9996954202651978,positive,4
Cape Adieu Harbour Cruises,https://www.google.com/maps/search/?api=1&query=Cape%20Adieu%20Harbour%20Cruises&query_place_id=ChIJESgQdhuRwCwRJSCjV_xWOPk,5.0,Cape Adieu sunset cruise dinner is fantastic and the food is better than ever! The friendly team went out of their way to accommodate my group. Thanks Cape Adieu!,0.9997385144233704,0.00013070683053229004,0.0,0.9998692274093628,positive,4
Cape Adieu Harbour Cruises,https://www.google.com/maps/search/?api=1&query=Cape%20Adieu%20Harbour%20Cruises&query_place_id=ChIJESgQdhuRwCwRJSCjV_xWOPk,5.0,"Amazing Darwin Experience!
Locally owened and operated.
Highly recommended.",0.9991761445999146,0.0004118987126275897,0.0,0.9995880722999573,positive,2
Cape Adieu Harbour Cruises,https://www.google.com/maps/search/?api=1&query=Cape%20Adieu%20Harbour%20Cruises&query_place_id=ChIJESgQdhuRwCwRJSCjV_xWOPk,5.0,"What an amazing night we had aboard the Cape Adieu.  Everything about the experience was fantastic. Great food, staff, boat the amazing sunset. We can highly recommend this experience. Hopefully one day we can get back to Darwin and do it again. It was a delight to meet you both Monroe   and Grace and wish you all the best for the future. Judy and Joe cameron",0.9997666478157043,0.00011663538316497579,0.0,0.9998832941055298,positive,4
Cape Adieu Harbour Cruises,https://www.google.com/maps/search/?api=1&query=Cape%20Adieu%20Harbour%20Cruises&query_place_id=ChIJESgQdhuRwCwRJSCjV_xWOPk,5.0,"The whole night was fantastic, food, crew everything was on point, really enjoyed  our night.Do yourself a favour and enjoy a night cruising Darwin’s sunset you won’t regret it!!",0.9997050166130066,0.00014749208639841527,0.0,0.9998525381088257,positive,0
Cape Adieu Harbour Cruises,https://www.google.com/maps/search/?api=1&query=Cape%20Adieu%20Harbour%20Cruises&query_place_id=ChIJESgQdhuRwCwRJSCjV_xWOPk,5.0,"A great evening, good food, fantastic staff. A brilliant experience with lovely hosts.",0.9997755885124207,0.00011221516615478322,0.0,0.9998878240585327,positive,2
Cape Adieu Harbour Cruises,https://www.google.com/maps/search/?api=1&query=Cape%20Adieu%20Harbour%20Cruises&query_place_id=ChIJESgQdhuRwCwRJSCjV_xWOPk,5.0,"Fantastic experience, on a smaller relaxed boat with a great team and great food. Nice to sit out on the deck and enjoy the harbour views and the amazing sunset. Highly recommend this tour.",0.9997622966766357,0.00011887137225130573,0.0,0.9998811483383179,positive,2
Cape Adieu Harbour Cruises,https://www.google.com/maps/search/?api=1&query=Cape%20Adieu%20Harbour%20Cruises&query_place_id=ChIJESgQdhuRwCwRJSCjV_xWOPk,5.0,"Cape Adieu Sunset Cruise – A Birthday to Remember (18 May)

We celebrated my wife's birthday aboard the Cape Adieu Sunset Cruise on 18 May, and it was a night to remember. The sunset was stunning, and the crew went above and beyond to make the evening special, their warm hospitality really stood out.

Dinner was exceptional: I had the steak, perfectly cooked and full of flavour, and my wife loved the Barramundi, which was fresh and beautifully prepared. The surprise birthday dessert was a thoughtful touch that made her night.

A fantastic experience from start to finish — highly recommended!",0.999744176864624,0.00012790436448995024,0.0,0.999872088432312,positive,4
Cape Adieu Harbour Cruises,https://www.google.com/maps/search/?api=1&query=Cape%20Adieu%20Harbour%20Cruises&query_place_id=ChIJESgQdhuRwCwRJSCjV_xWOPk,5.0,The food was wonderful and the service incredible. We had a really lovely time - perfect way to enjoy a Darwin sunset.,0.9997664093971252,0.00011679475574055687,0.0,0.9998831748962402,positive,2
Cape Adieu Harbour Cruises,https://www.google.com/maps/search/?api=1&query=Cape%20Adieu%20Harbour%20Cruises&query_place_id=ChIJESgQdhuRwCwRJSCjV_xWOPk,4.0,Food and staff were amazing.  One very disappointing thing was we were on the wrong side of the boat to get a photo with my fiance with the sunset in the background and the only photos we could get was with people we didn't know in the background.  A lot of people were over other people's table to get there photo witch I found very rude while banging into there table to get closer to the sunset while they were trying to eat and have a conversation.,-0.9868453145027161,0.9934226870536804,0.0,0.006577391177415848,negative,7
Cape Adieu Harbour Cruises,https://www.google.com/maps/search/?api=1&query=Cape%20Adieu%20Harbour%20Cruises&query_place_id=ChIJESgQdhuRwCwRJSCjV_xWOPk,5.0,This was an amazing experience! The food was great and the staff were amazing. Highly recommend!,0.9997661709785461,0.00011689615348586813,0.0,0.9998830556869507,positive,2
Cape Adieu Harbour Cruises,https://www.google.com/maps/search/?api=1&query=Cape%20Adieu%20Harbour%20Cruises&query_place_id=ChIJESgQdhuRwCwRJSCjV_xWOPk,5.0,A great Sunset Cruise last night. 4 course meal was exceptional. Staff were friendly and tentative. The ocean  was so calm and the sunset spectacular. Would highly recommend.,0.9994686245918274,0.00026569474721327424,0.0,0.9997343420982361,positive,2
Cape Adieu Harbour Cruises,https://www.google.com/maps/search/?api=1&query=Cape%20Adieu%20Harbour%20Cruises&query_place_id=ChIJESgQdhuRwCwRJSCjV_xWOPk,5.0,"Beautiful service, fantastic food. Can’t beat a Darwin harbour sunset and Cape Adieu hosted us exceptionally well.",0.9997209906578064,0.0001395128492731601,0.0,0.9998605251312256,positive,4
Cape Adieu Harbour Cruises,https://www.google.com/maps/search/?api=1&query=Cape%20Adieu%20Harbour%20Cruises&query_place_id=ChIJESgQdhuRwCwRJSCjV_xWOPk,5.0,Brilliant food and views. Had a great time and the staff were amazing!,0.9997696876525879,0.000115147719043307,0.0,0.999884843826294,positive,2
Cape Adieu Harbour Cruises,https://www.google.com/maps/search/?api=1&query=Cape%20Adieu%20Harbour%20Cruises&query_place_id=ChIJESgQdhuRwCwRJSCjV_xWOPk,5.0,"great service, the food was amazing, the boat ride and seating was super comfortable and there was plenty of space to get up and move around to enjoy the beautiful ocean views!",0.999692440032959,0.000153798027895391,0.0,0.9998462200164795,positive,0
Cape Adieu Harbour Cruises,https://www.google.com/maps/search/?api=1&query=Cape%20Adieu%20Harbour%20Cruises&query_place_id=ChIJESgQdhuRwCwRJSCjV_xWOPk,5.0,"Really great night, with delicious food and personalized service. Highly recommend doing at and will happily go again next time we are there.",0.9997785091400146,0.0001107371790567413,0.0,0.9998892545700073,positive,2
Cape Adieu Harbour Cruises,https://www.google.com/maps/search/?api=1&query=Cape%20Adieu%20Harbour%20Cruises&query_place_id=ChIJESgQdhuRwCwRJSCjV_xWOPk,5.0,"Wonderful cruise with a great crew, fantastic food and plenty of sights. A superb way to see Darwin.",0.9997733235359192,0.00011333257134538144,0.0,0.9998866319656372,positive,3
Cape Adieu Harbour Cruises,https://www.google.com/maps/search/?api=1&query=Cape%20Adieu%20Harbour%20Cruises&query_place_id=ChIJESgQdhuRwCwRJSCjV_xWOPk,5.0,"Had a amazing night, our crew were fantastic and the food was sensational. Thanks , and highly recommend this experience. 😊😊",0.9997782111167908,0.00011089506006101146,0.0,0.9998891353607178,positive,2
Cape Adieu Harbour Cruises,https://www.google.com/maps/search/?api=1&query=Cape%20Adieu%20Harbour%20Cruises&query_place_id=ChIJESgQdhuRwCwRJSCjV_xWOPk,5.0,Fantastic cruise and crew,0.9997653961181641,0.00011729656398529187,0.0,0.999882698059082,positive,2
Cape Adieu Harbour Cruises,https://www.google.com/maps/search/?api=1&query=Cape%20Adieu%20Harbour%20Cruises&query_place_id=ChIJESgQdhuRwCwRJSCjV_xWOPk,5.0,"Echoing the experiences of
many others, our sunset dinner cruise was excellent. The crew were all warm, friendly and attentive. The dinner was exceptional! The atmosphere created this and the combination of the wonderful scenery of Darwin harbour, a fantastic vessel and perfect weather made the trip unforgettable. Thank-you to Grace, Monroe and the team. Highly recommended.",0.9997692108154297,0.00011538073886185884,0.0,0.9998846054077148,positive,2
Cape Adieu Harbour Cruises,https://www.google.com/maps/search/?api=1&query=Cape%20Adieu%20Harbour%20Cruises&query_place_id=ChIJESgQdhuRwCwRJSCjV_xWOPk,5.0,If I could give 6 stars I would. What a fantastic dinner cruise!!  Food amazing. Staff super amazing.  What a way to spend our evening in Darwin!  Sunset and then full moon to top it off.  Thank you for a very memorable night 🫶,0.9996839165687561,0.00015802566485945135,0.0,0.9998419284820557,positive,2
Cape Adieu Harbour Cruises,https://www.google.com/maps/search/?api=1&query=Cape%20Adieu%20Harbour%20Cruises&query_place_id=ChIJESgQdhuRwCwRJSCjV_xWOPk,5.0,"It was an amazing cruise around the harbour in Darwin. The meal was a delicious, with 4 courses, cooked and presented to perfection. Staff extremely knowledgeable, efficient and friendly. I would highly recommend Adieu cruises",0.9997156262397766,0.00014214475231710821,0.0,0.9998577833175659,positive,2
Cape Adieu Harbour Cruises,https://www.google.com/maps/search/?api=1&query=Cape%20Adieu%20Harbour%20Cruises&query_place_id=ChIJESgQdhuRwCwRJSCjV_xWOPk,5.0,"A wonderful experience. The staff were fantastic and the food was fabulous. Top it off with a Darwin sunset followed by a perfect full moon.
A special night to remember.
Thanks to all from Maggie and Mike",0.9997716546058655,0.00011415176413720474,0.0,0.9998857975006104,positive,2
Cape Adieu Harbour Cruises,https://www.google.com/maps/search/?api=1&query=Cape%20Adieu%20Harbour%20Cruises&query_place_id=ChIJESgQdhuRwCwRJSCjV_xWOPk,5.0,Was an amazing activity to do while in Darwin. Well Worth the price and catered well for a celiac. Amazing service and dinner,0.9996991157531738,0.00015045833424665034,0.0,0.9998495578765869,positive,2
Cape Adieu Harbour Cruises,https://www.google.com/maps/search/?api=1&query=Cape%20Adieu%20Harbour%20Cruises&query_place_id=ChIJESgQdhuRwCwRJSCjV_xWOPk,5.0,"An absolutely stunning cruise experience! From start to finish, the staff went above and beyond to ensure our comfort and enjoyment. Their warmth and dedication made the journey truly unforgettable. Highly recommend!",0.9997656941413879,0.00011714766878867522,0.0,0.9998828172683716,positive,4
Cape Adieu Harbour Cruises,https://www.google.com/maps/search/?api=1&query=Cape%20Adieu%20Harbour%20Cruises&query_place_id=ChIJESgQdhuRwCwRJSCjV_xWOPk,5.0,Absolutely wonderful. Fantastic food brilliant staff,0.9997618198394775,0.00011907580483239144,0.0,0.9998809099197388,positive,2
Cape Adieu Harbour Cruises,https://www.google.com/maps/search/?api=1&query=Cape%20Adieu%20Harbour%20Cruises&query_place_id=ChIJESgQdhuRwCwRJSCjV_xWOPk,5.0,"We celebrated my partners birthday with a sunset dinner cruise on Cape Adieu and it was absolutely unforgettable! The views were breathtaking, the food was five-star delicious, and every member of the crew went above and beyond to make the evening special. Warm, welcoming, and beautifully run from start to finish – we couldn’t recommend it more!",0.9997435212135315,0.00012822308053728193,0.0,0.9998717308044434,positive,4
Cape Adieu Harbour Cruises,https://www.google.com/maps/search/?api=1&query=Cape%20Adieu%20Harbour%20Cruises&query_place_id=ChIJESgQdhuRwCwRJSCjV_xWOPk,5.0,Definitely recommend this trip.   So much more personable :  smaller numbers.  Great service.   Cannot fault it.    Thanks for the wonderful trip guys 👏🤩,0.9997079372406006,0.00014600659778807312,0.0,0.9998539686203003,positive,2
Cape Adieu Harbour Cruises,https://www.google.com/maps/search/?api=1&query=Cape%20Adieu%20Harbour%20Cruises&query_place_id=ChIJESgQdhuRwCwRJSCjV_xWOPk,5.0,"Grace and Munro are fantastic hosts who make you feel welcome from the moment you board Cape Adieu. The four-course meal was exceptional, especially the beautifully cooked barramundi and the fresh local seafood throughout. Sipping cocktails at sunset made the whole experience uniquely special—an unforgettable way to enjoy Darwin. Highly recommend!",0.999707043170929,0.00014643240137957036,0.0,0.9998534917831421,positive,4
Cape Adieu Harbour Cruises,https://www.google.com/maps/search/?api=1&query=Cape%20Adieu%20Harbour%20Cruises&query_place_id=ChIJESgQdhuRwCwRJSCjV_xWOPk,5.0,"Cape Adieu is a fabulous way to enjoy Darwin’s stunning sunset. The food was top quality and delicious, with a local flavour. The owners are super generous and kind, this was the best sunset cruise in the top end. Can’t recommend enough. Thank you Munro and Grace for a wonderful experience!",0.9997584819793701,0.00012077626161044464,0.0,0.9998792409896851,positive,4
Cape Adieu Harbour Cruises,https://www.google.com/maps/search/?api=1&query=Cape%20Adieu%20Harbour%20Cruises&query_place_id=ChIJESgQdhuRwCwRJSCjV_xWOPk,5.0,"From the moment we made our booking to leaving the boat after our cruise, Grace and Munroe made the experience unforgettable. We were greeted by name and made to feel like long lost friends! Cape Adieu is a very nicely fitted out vessel which was easy to maneouvre around to get good views of the scenery. Our team from the US were thrilled by the whole experience. While we did not have the meal, watching all the chefs in the kitchen was a treat in itself. So professional and artistic in the execution of their trade. It was fun watching all those beautiful plates go up to the upper deck and come back down empty. Grace and Munroe made sure we got as much attention as the diners, with frequent check-ins and just spending time chatting to us all. And of course the sunset was absolutely delightful. Thank you Grace, your energy and love of what you do was the icing on the cake of a wonderful sunset cruise.",0.9995404481887817,0.00022975541651248932,0.0,0.9997702240943909,positive,4
Cape Adieu Harbour Cruises,https://www.google.com/maps/search/?api=1&query=Cape%20Adieu%20Harbour%20Cruises&query_place_id=ChIJESgQdhuRwCwRJSCjV_xWOPk,5.0,"Wow - what an amazing experience provided by Grace, Munro and the team at Cape Adieu. From the moment you step aboard, everything is taken care of. Sit back and relax and take in a unique sunset cruise experience with great food and drink options.",0.9997446537017822,0.00012767600128427148,0.0,0.9998723268508911,positive,4
Cape Adieu Harbour Cruises,https://www.google.com/maps/search/?api=1&query=Cape%20Adieu%20Harbour%20Cruises&query_place_id=ChIJESgQdhuRwCwRJSCjV_xWOPk,5.0,"A wonderful evening on the Harbour. Our hosts were welcoming.  The yacht spacious, clean and comfortable.  An enjoyable, happy experience.",0.9997820854187012,0.00010898240725509822,0.0,0.9998910427093506,positive,2
Cape Adieu Harbour Cruises,https://www.google.com/maps/search/?api=1&query=Cape%20Adieu%20Harbour%20Cruises&query_place_id=ChIJESgQdhuRwCwRJSCjV_xWOPk,5.0,A lovely sunset cruise and meal.  The barramundi was divine and my husband loved the meat and said it was cooked to perfection. Grace and Munro were lovely and I would highly recommend splurging and doing this sunset cruise.,0.999751627445221,0.0001241752615896985,0.0,0.9998757839202881,positive,4
Cape Adieu Harbour Cruises,https://www.google.com/maps/search/?api=1&query=Cape%20Adieu%20Harbour%20Cruises&query_place_id=ChIJESgQdhuRwCwRJSCjV_xWOPk,5.0,We had a fabulous dinner cruise on Cape Adieu. The food was delicious and the cruise was a wonderful way to see parts of Darwin and its beautiful coastline. The skipper Munro’s and his partner Grace were first class. Great to see two young people working hard to make their dreams come true. They were fantastic hosts. This is a must do trip if you come to visit Darwin.,0.9996929168701172,0.00015354131755884737,0.0,0.9998464584350586,positive,4
Cape Adieu Harbour Cruises,https://www.google.com/maps/search/?api=1&query=Cape%20Adieu%20Harbour%20Cruises&query_place_id=ChIJESgQdhuRwCwRJSCjV_xWOPk,5.0,"What a fabulous experience. Starting from the amazing staff who were just wonderful,helpful, and full of smiles. The food was second to none. just beautiful from start to finish. Great commentary for we tourists.Great bar with a fabulous selection of drinks. Definitely an experience you need to do. Can’t speak highly enough 😀😀",0.9997506141662598,0.00012468926433939487,0.0,0.9998753070831299,positive,2
Cape Adieu Harbour Cruises,https://www.google.com/maps/search/?api=1&query=Cape%20Adieu%20Harbour%20Cruises&query_place_id=ChIJESgQdhuRwCwRJSCjV_xWOPk,5.0,"Our Cape Adieu sunset cruise was seriously fantastic! The staff (especially Grace’s hospitality) were exceptional, making our cruise so memorable!  We had the best sunset, service and experience! What a brilliantly run tour! We felt like we part of a big family with the friendly staff who went above and beyond! Would highly recommend this cruise - awesome!",0.9997553825378418,0.00012232590233907104,0.0,0.9998776912689209,positive,0
Cape Adieu Harbour Cruises,https://www.google.com/maps/search/?api=1&query=Cape%20Adieu%20Harbour%20Cruises&query_place_id=ChIJESgQdhuRwCwRJSCjV_xWOPk,5.0,"My father and I had the absolute pleasure of joining a Cape Adieu fishing safari, and it exceeded every expectation. From start to finish, the experience was seamless, memorable, and full of highlights. The freshly caught and cooked chilli crab was hands-down one of the best meals we've ever had – you just can't beat seafood that fresh, especially when it’s prepared to perfection.

The accommodation was unexpectedly luxurious – incredibly comfortable, well-appointed, and offered stunning views that made each moment onboard feel special. Munro and Grace were exceptional hosts – knowledgeable, warm, and genuinely passionate about what they do. They made us feel right at home while also sharing their deep understanding of the region and its rich marine life.

Whether you're a keen angler or simply after a top-tier Territory experience with unbeatable hospitality, Cape Adieu is a must. We’re already planning our next trip!",0.9995831251144409,0.00020842053345404565,0.0,0.9997915625572205,positive,4
Cape Adieu Harbour Cruises,https://www.google.com/maps/search/?api=1&query=Cape%20Adieu%20Harbour%20Cruises&query_place_id=ChIJESgQdhuRwCwRJSCjV_xWOPk,5.0,Spacious and clean. Friendly staff and lovely boat. Best one to go on as the tables are nice and spaced apart. We were on the top deck and it was nice with great views of the harbour. Food was excellent with plenty of prawns and oysters to help yourself too as a starter then the main course comes and you choose your salads from the buffet. Grilled Barramundi was lovely. BYO is a big plus or they are fully licensed as well with plenty of wines and beers. Overall a relaxing and enjoyable evening.,0.9996853470802307,0.00015728666039649397,0.0,0.999842643737793,positive,7
Cape Adieu Harbour Cruises,https://www.google.com/maps/search/?api=1&query=Cape%20Adieu%20Harbour%20Cruises&query_place_id=ChIJESgQdhuRwCwRJSCjV_xWOPk,1.0,"We booked to go out but alas it was cancelled and we lost our money. Still waiting to be reimbursed. Shame on office who does not take responsibility.
Please reimburse me for 2 adults. 14 june 2024 you took our money and not us !
Please refer to your emails. D
Beware !",-0.9995518922805786,0.9997759461402893,0.0,0.0002240646572317928,negative,5
Cape Adieu Harbour Cruises,https://www.google.com/maps/search/?api=1&query=Cape%20Adieu%20Harbour%20Cruises&query_place_id=ChIJESgQdhuRwCwRJSCjV_xWOPk,5.0,Such an awesome evening aboard Cape Adieu! Grace and Munro were so welcoming! Can’t wait to do it again next season.,0.9996967315673828,0.00015163850912358612,0.0,0.9998483657836914,positive,4
Cape Adieu Harbour Cruises,https://www.google.com/maps/search/?api=1&query=Cape%20Adieu%20Harbour%20Cruises&query_place_id=ChIJESgQdhuRwCwRJSCjV_xWOPk,5.0,"We live local and decided on Cape Adieu for a sunset cruise. Absolutely fantastic. Not over packed. Great food. Great service. Informative talk on the harbour. Loved the experience. Cheers guys

Only down fall was I booked it thru TripAdvisor and they got to be a bit painfull with emails on irrelevant stuff.",-0.8578059673309326,0.9289029836654663,0.0,0.0710969939827919,negative,3
Cape Adieu Harbour Cruises,https://www.google.com/maps/search/?api=1&query=Cape%20Adieu%20Harbour%20Cruises&query_place_id=ChIJESgQdhuRwCwRJSCjV_xWOPk,5.0,"We rang and were accommodated for a last minute booking as we were only in Darwin a short time. Host was very helpful and very prompt in getting back to us. Exceptional service and food. Everyone was very professional, friendly and happy to engage and chat. Highly recommend! Thank-you for a wonderful dining experience.",0.9996622204780579,0.0001688561460468918,0.0,0.9998310804367065,positive,0
Cape Adieu Harbour Cruises,https://www.google.com/maps/search/?api=1&query=Cape%20Adieu%20Harbour%20Cruises&query_place_id=ChIJESgQdhuRwCwRJSCjV_xWOPk,5.0,"a lovelly night cruising the harbour.
small group as apposed to a larger buisness.

food amazing and the views awseome.

will be back again",0.9932615160942078,0.0033692182041704655,0.0,0.9966307282447815,positive,0
Cape Adieu Harbour Cruises,https://www.google.com/maps/search/?api=1&query=Cape%20Adieu%20Harbour%20Cruises&query_place_id=ChIJESgQdhuRwCwRJSCjV_xWOPk,5.0,"Wow, I don't even know where to start! What an absolutely fantastic evening. Thank you to the crew of the Cape Adieu for, what I confidently say is, the best Sunset cruise in Darwin. Nothing to fault, the food is mouthwatering with the freshest seafood and the mains cooked to perfection. I'm extremely appreciative of the host, Grace, who was so accommodating when I forgot to count my partner and myself on the guest list. And the waiter, Luke, who was serving us for the evening did an awesome job putting up with our rowdy group. I couldn't have asked for a better 30th Bday celebration. If your thinking of booking a seat on the Cape Adieu, stop thinking, just do it. I promise you won't be disappointed!",0.9994815587997437,0.0002591921074781567,0.0,0.9997407793998718,positive,4
Cape Adieu Harbour Cruises,https://www.google.com/maps/search/?api=1&query=Cape%20Adieu%20Harbour%20Cruises&query_place_id=ChIJESgQdhuRwCwRJSCjV_xWOPk,5.0,"The enthusiasm with which we were met in the office, the warm welcome aboard, the personal and efficient service, the chef-cooked meal, the sunset and cold drinks on a serene voyage; you all are part of a very pleasing memory. There are other cruises, but I would book again with Gracie and Munro in a heartbeat. A fantastic evening. Thanks.",0.999768078327179,0.00011591922520892695,0.0,0.9998840093612671,positive,4
Cape Adieu Harbour Cruises,https://www.google.com/maps/search/?api=1&query=Cape%20Adieu%20Harbour%20Cruises&query_place_id=ChIJESgQdhuRwCwRJSCjV_xWOPk,5.0,"The food, staff, and sun sets were amazing. The barramundi skewers when we first get on the cruise were so good. I highly recommend this tour, next time I'm in Darwin I will be do this tour again.",0.9997196197509766,0.00014019400987308472,0.0,0.9998598098754883,positive,0
Cape Adieu Harbour Cruises,https://www.google.com/maps/search/?api=1&query=Cape%20Adieu%20Harbour%20Cruises&query_place_id=ChIJESgQdhuRwCwRJSCjV_xWOPk,5.0,"What a wonderful cruise we had. Captain Munro and his first mate, Grace were the perfect hosts. The food was devine and the view of Darwin from the water was a delight.  We had a great time and would do it again in a heart beat.",0.9997286796569824,0.00013568760186899453,0.0,0.9998643398284912,positive,2
Cape Adieu Harbour Cruises,https://www.google.com/maps/search/?api=1&query=Cape%20Adieu%20Harbour%20Cruises&query_place_id=ChIJESgQdhuRwCwRJSCjV_xWOPk,4.0,"superbe soirée avec mon chéri : cadre, repas, accueil... tout y était tout comme ce magnifique coucher de soleil",0.9844611287117004,0.007769442163407803,0.0,0.9922305941581726,positive,0
Cape Adieu Harbour Cruises,https://www.google.com/maps/search/?api=1&query=Cape%20Adieu%20Harbour%20Cruises&query_place_id=ChIJESgQdhuRwCwRJSCjV_xWOPk,5.0,"Highly recommend this sunset cruise. Great service, great food and an extremely relaxing enjoyable evening cruise. Thanks Cape Adieu for a lovely date night.",0.9997785091400146,0.00011076475493609905,0.0,0.9998892545700073,positive,2
Cape Adieu Harbour Cruises,https://www.google.com/maps/search/?api=1&query=Cape%20Adieu%20Harbour%20Cruises&query_place_id=ChIJESgQdhuRwCwRJSCjV_xWOPk,5.0,"Outstanding experience. Food, service and cruise were all excellent. Nothing at all to criticise. Value for money. Highly recommend and will definitely return!",0.9997227191925049,0.0001386497460771352,0.0,0.9998613595962524,positive,2
Cape Adieu Harbour Cruises,https://www.google.com/maps/search/?api=1&query=Cape%20Adieu%20Harbour%20Cruises&query_place_id=ChIJESgQdhuRwCwRJSCjV_xWOPk,5.0,We had an enjoyable dinner cruise. The attentive staff and their friendly service were exceptional. The food was great. Excellent atmosphere on the boat.,0.9997578263282776,0.00012106890062568709,0.0,0.9998788833618164,positive,2
Cape Adieu Harbour Cruises,https://www.google.com/maps/search/?api=1&query=Cape%20Adieu%20Harbour%20Cruises&query_place_id=ChIJESgQdhuRwCwRJSCjV_xWOPk,4.0,"Now, for transparency I have to say that I'm not a fan of seafood. So, why did I get the sunset cruise and dine experience then?
Well m'hearties, my wife loves seafood and if I didn't say yes then my timbers would have been shivered and mainbrace well and truely spliced.
Sitting on the top deck gave a great view of the harbour and access to much needed breeze. After a long day in the tropical sun, I was a tad on the nose.
Roberto, not to be confused with Robert downstairs, was helpful and attentive, and efficiently helped as the cruise progressed.
Not doing seafood well I asked my wife for entree feedback. Oysters - fresh as ( well no replay as of yet), prawns were nice, and even I tried the smoked mackerel ( my guess is Spanish type rather than the little tin types). It was very nice.
To get into the swing, I went for the Jewfish main (you can have steak if you so desire instead). Again, cooked on board on hot flat grill - and help yourself salad.
All of it was nice.
I've seen reviews saying there wasn't enough, but, it wasn't an issue for us. Perhaps, some context or reality checks by those reviewers, but that's their thoughts so onwards and upwards.
Nicely sunburnt and crispy as the sunsets, gave an opportunity to David Bailey up, and phones a plenty were out - probably with many fingers and thumbs taking centre stage.
I didn't go the fruit salad for dessert but again, just by sight ( having a quick butchers around other tables) there was plenty to go around.
You could take your own drinks, but there was a list of beers, wines and soft drinks at bar prices. If you've splurged on the cruise make it an adventure and buy some house drinkies.
I'm sure Grace (hostess) gets fed up running up and down the steep stairs, but she's a natural at this hospitality business.
Any gripes? My wife wouldn't tell me how much it was, so probs not cheap; I couldn't hear the music, or more importantly the capitano spiel as I think a speaker had died.
Look it was a treat of sorts, and so any cost must reflect that (apparently it was about $150 ea).
It is also run out of Darwin Harbour in the top end. There's no place for Italian loafers (Roberto worked hard) or channel no 5.
There are other cruises run in purpose designed vessels, but this had history, and the cruises are now part of it. So, steep steps and low walkways aside, give it a go. Treat a special one, and you may get more than just memories on your return.",0.9897447824478149,0.005127610173076391,0.0,0.9948723912239075,positive,7
Cape Adieu Harbour Cruises,https://www.google.com/maps/search/?api=1&query=Cape%20Adieu%20Harbour%20Cruises&query_place_id=ChIJESgQdhuRwCwRJSCjV_xWOPk,5.0,"After arriving in Darwin we chose to do a sunset cruise, for two reasons, we love a sunset cruise and we love seafood, the perfect match. We had a beautiful three hour cruise with new owners Munro and Grace who provided detailed information on the area and hosted a delicious three course meal. I would recommend without hesitation. Thanks again Team Cape Adieu.",0.999636709690094,0.00018167844973504543,0.0,0.9998183846473694,positive,4
Cape Adieu Harbour Cruises,https://www.google.com/maps/search/?api=1&query=Cape%20Adieu%20Harbour%20Cruises&query_place_id=ChIJESgQdhuRwCwRJSCjV_xWOPk,4.0,"A nice evening. Calm waters, no wind and a great on-board atmosphere. Recommended. The new owners are making a good go of it, their enthusiasm is evident. At $155 per person can we say there was value for money. Probably yes with a few changes to the food offering. Staff were excellent and couldn’t be faulted.
Entree was buffet style 3 types of seafood - beautiful Coffin Bay oysters that were so fresh you could still taste the sea. Prawns in their shell and smoked fish which was also very good. Diners were asked up by table and considering the limited space this was a good idea.
Mains were steak and fish. I asked for a rare steak and was very happy with it. Rare was the way to go as the steaks were on the thin side but a good size. Both dishes were presented with no garnish. Salads were available at the buffet. First suggestion, a salad bowl served to the table would be more appreciated rather than stand in a cue, steak in hand, waiting for space at the salad bar. Extra plates in a small kitchen but worth the added comfort factor for diners.
Then there was dessert. The biggest disappointment of the night. Cut up fruit at said buffet!  Very reminiscent of a day trip to the reef including lunch. Individual cheesecakes or something similar served to table would have been better appreciated. And seriously, for $155 per head, would have been more in keeping with expectation.
The boat was licensed and the limited selection was fine and bottle prices $40 to $45. Sensible pricing for dinner on board.
The night was successful and we congratulate the new owners, an enthusiastic couple with a vision. With a few little tweaks, the evening’s experience would have been much improved.",0.9934670329093933,0.0032665070611983538,0.0,0.996733546257019,positive,7
Cape Adieu Harbour Cruises,https://www.google.com/maps/search/?api=1&query=Cape%20Adieu%20Harbour%20Cruises&query_place_id=ChIJESgQdhuRwCwRJSCjV_xWOPk,5.0,Just unbelievable value for money . Such friendly and helpful staff. The best food ever and very pleasant atmosphere on the boat.,0.999569296836853,0.00021536873828154057,0.0,0.9997846484184265,positive,2
Cape Adieu Harbour Cruises,https://www.google.com/maps/search/?api=1&query=Cape%20Adieu%20Harbour%20Cruises&query_place_id=ChIJESgQdhuRwCwRJSCjV_xWOPk,5.0,"I live in Darwin and this is the first time I've been on Cape Adieu and will definitely be back again. We had family visiting who absolutely loved the cruise...sunset on the water is breathtaking - SUNSET + FULL MOON!! Pretty magical.
The food and hospitality were just as spectacular - Congrats to Munro & Grace and crew for a memorable evening.",0.999711811542511,0.00014405325055122375,0.0,0.9998558759689331,positive,4
Cape Adieu Harbour Cruises,https://www.google.com/maps/search/?api=1&query=Cape%20Adieu%20Harbour%20Cruises&query_place_id=ChIJESgQdhuRwCwRJSCjV_xWOPk,5.0,"Today, we had the pleasure of joining the Cape Adieu boat cruise at Darwin Harbour, and it was an absolutely excellent experience. We’re visiting from Melbourne for a short trip and were especially excited to explore this beautiful precinct, and the cruise did not disappoint.

Although we chose not to have dinner on board, we were pleasantly surprised when they offered us complimentary welcome finger food, followed by a delightful varieties of fruits and small donuts at the end.

A special mention goes to the lady owner, who took the time to chat with us and personally thanked us for choosing their cruise.

We highly recommend the Cape Adieu boat cruise to anyone visiting Darwin.
Monsur Rahman
Seabrook, Victoria",0.999680757522583,0.000159595234435983,0.0,0.9998403787612915,positive,0
Cape Adieu Harbour Cruises,https://www.google.com/maps/search/?api=1&query=Cape%20Adieu%20Harbour%20Cruises&query_place_id=ChIJESgQdhuRwCwRJSCjV_xWOPk,5.0,"Highly recommended- a great way to see the famous sunset whilst on the water fantastic crew, beautiful meal, relaxed vibe",0.9997710585594177,0.00011447901488281786,0.0,0.9998855590820312,positive,2
Cape Adieu Harbour Cruises,https://www.google.com/maps/search/?api=1&query=Cape%20Adieu%20Harbour%20Cruises&query_place_id=ChIJESgQdhuRwCwRJSCjV_xWOPk,5.0,"Filling in time before a redeye flight.  Best idea. Brilliant cruise.  Informative captain comments. Beautiful food. Great crew. Highly recommend, beautiful sunset pic opportunities 👌",0.9996957778930664,0.00015211990103125572,0.0,0.9998478889465332,positive,3
Cape Adieu Harbour Cruises,https://www.google.com/maps/search/?api=1&query=Cape%20Adieu%20Harbour%20Cruises&query_place_id=ChIJESgQdhuRwCwRJSCjV_xWOPk,5.0,"Wow on the top deck, fantasic views an sunset, had black Jew fish, honeyed walnut and pear salad, beetroot and Feta salads  fresh prawns and Coffin Bay oysters, great choice of drinks reasonably priced and awesome service from our waiter with great hospitality. 2nd time on this cruise, did it 10 years ago with other visitors and the service is still as awesome, highly recommend it

August 15th 2024
New owners Grace and Munro are very knowledgeable on local landmarks, very welcoming, and love a chat. Head waiter Ollie pretty awesome with keeping the drinks flowing, and the food flowing and also great to talk too. Chefs starter home made wafer with fresh tuna, capsicum yummy. Mains choice of scotch fillet, or snapper, with I think a Waldorf salad, fresh garden salad, and potato salad. Dessert was fresh tropical fruit served with express coffee, team with gorgeous views of Darwin Harbour thru to Mindil Beach and beautiful sunset.  Thanks again for such an enjoyable night Grace and Munroe.",0.9996736645698547,0.00016312897787429392,0.0,0.999836802482605,positive,3
Cape Adieu Harbour Cruises,https://www.google.com/maps/search/?api=1&query=Cape%20Adieu%20Harbour%20Cruises&query_place_id=ChIJESgQdhuRwCwRJSCjV_xWOPk,5.0,"Great way to see Darwin from the water. Excellent food, very friendly service. Loved Munro's tour guide commentary as well as steering the ship. Highly recommend. Great value for money.",0.999732255935669,0.0001338581059826538,0.0,0.9998661279678345,positive,3
Cape Adieu Harbour Cruises,https://www.google.com/maps/search/?api=1&query=Cape%20Adieu%20Harbour%20Cruises&query_place_id=ChIJESgQdhuRwCwRJSCjV_xWOPk,5.0,"Great cruise , great food and great hosts !",0.9997798800468445,0.0001100741428672336,0.0,0.9998899698257446,positive,2
Cape Adieu Harbour Cruises,https://www.google.com/maps/search/?api=1&query=Cape%20Adieu%20Harbour%20Cruises&query_place_id=ChIJESgQdhuRwCwRJSCjV_xWOPk,5.0,"We had such a lovely evening last night. Sunset was amazing and the food delicious! Our only issue was that there was no audio sound so we couldn't hear any commentary. Once this is fixed, you will have an unforgettable evening upon this boat",0.9991136789321899,0.0004431347770150751,0.0,0.999556839466095,positive,7
Cape Adieu Harbour Cruises,https://www.google.com/maps/search/?api=1&query=Cape%20Adieu%20Harbour%20Cruises&query_place_id=ChIJESgQdhuRwCwRJSCjV_xWOPk,5.0,"Breathtaking scenery complimented by beautifully prepared fresh, local seafood (steak & variety of salads also available). Grace & Munro are fantastic hosts - making you feel welcome and relaxed while providing interesting facts about the harbour and surrounds. Highly recommend.",0.9997632503509521,0.0001184005377581343,0.0,0.9998816251754761,positive,4
Cape Adieu Harbour Cruises,https://www.google.com/maps/search/?api=1&query=Cape%20Adieu%20Harbour%20Cruises&query_place_id=ChIJESgQdhuRwCwRJSCjV_xWOPk,5.0,We thoroughly enjoyed our evening. Wonderful food and fantastic sunset experience. The staff were super friendly.  Grace and Munro were the perfect hosts.,0.99977707862854,0.00011147925397381186,0.0,0.99988853931427,positive,2
Cape Adieu Harbour Cruises,https://www.google.com/maps/search/?api=1&query=Cape%20Adieu%20Harbour%20Cruises&query_place_id=ChIJESgQdhuRwCwRJSCjV_xWOPk,5.0,"As lovely as the description sounds + more.
Great food and wonderful attentative staff.
Idelic sunset on the harbour. I Highly recommend and it was such a nice way to complete our Darwin trip.
Thanks Grace and Munro",0.9997485280036926,0.00012571441766340286,0.0,0.9998742341995239,positive,2
Cape Adieu Harbour Cruises,https://www.google.com/maps/search/?api=1&query=Cape%20Adieu%20Harbour%20Cruises&query_place_id=ChIJESgQdhuRwCwRJSCjV_xWOPk,5.0,Fabulous way to celebrate hubby’s 50th.  Great sunset & conditions.  Fabulous food & service.  Loved every min.,0.9997857213020325,0.0001071213191607967,0.0,0.9998928308486938,positive,3
Cape Adieu Harbour Cruises,https://www.google.com/maps/search/?api=1&query=Cape%20Adieu%20Harbour%20Cruises&query_place_id=ChIJESgQdhuRwCwRJSCjV_xWOPk,5.0,Best night. A group of 9. Food was delicious staff amazing. Recommend anyone travelling to Darwin get on this dinner cruise the sunset was stunning.,0.9996739029884338,0.0001630112819839269,0.0,0.9998369216918945,positive,2
Cape Adieu Harbour Cruises,https://www.google.com/maps/search/?api=1&query=Cape%20Adieu%20Harbour%20Cruises&query_place_id=ChIJESgQdhuRwCwRJSCjV_xWOPk,5.0,"A birthday celebration couldn’t have been more perfect. The chef even made a cake, on the spot so we could sing HB.
The food was so fresh and the service was great. The sunset was amazing. Highly recommend ⭐️⭐️⭐️⭐️⭐️",0.9997232556343079,0.0001383660564897582,0.0,0.9998615980148315,positive,2
Cape Adieu Harbour Cruises,https://www.google.com/maps/search/?api=1&query=Cape%20Adieu%20Harbour%20Cruises&query_place_id=ChIJESgQdhuRwCwRJSCjV_xWOPk,5.0,"We had an awesome evening on board Cape Adieu with Skipper Munro and his First Mate Grace. Taking in all the Darwin coastline from this beautiful sailing vessel was truly special. Wonderful friendly service, fabulous food and icy cold drinks. Absolutely recommend 👍",0.9997525215148926,0.00012371432967483997,0.0,0.9998762607574463,positive,4
Cape Adieu Harbour Cruises,https://www.google.com/maps/search/?api=1&query=Cape%20Adieu%20Harbour%20Cruises&query_place_id=ChIJESgQdhuRwCwRJSCjV_xWOPk,5.0,"A short holiday in NT climaxed with the sunset cruise - recommend it as the perfect way to end a day let alone a holiday. Great food, lovely welcoming and natural people, a glass of wine to accompany the gentle sway of the boat, absolutely perfect..... Will be first on my next agenda when in Darwin......",0.999582827091217,0.00020860464428551495,0.0,0.9997914433479309,positive,0
Cape Adieu Harbour Cruises,https://www.google.com/maps/search/?api=1&query=Cape%20Adieu%20Harbour%20Cruises&query_place_id=ChIJESgQdhuRwCwRJSCjV_xWOPk,5.0,Great way to spend a relaxed evening on the water. The food was great and so was the service,0.9995650053024292,0.00021747099526692182,0.0,0.9997825026512146,positive,3
Cape Adieu Harbour Cruises,https://www.google.com/maps/search/?api=1&query=Cape%20Adieu%20Harbour%20Cruises&query_place_id=ChIJESgQdhuRwCwRJSCjV_xWOPk,5.0,"Thankyou for an amazing evening the cruise was so relaxing and enjoyable, the food was exceptional beautiful seafood and salads so fresh thankyou again Sandra and Phillip 🤗",0.999725878238678,0.00013703896547667682,0.0,0.9998629093170166,positive,3
Cape Adieu Harbour Cruises,https://www.google.com/maps/search/?api=1&query=Cape%20Adieu%20Harbour%20Cruises&query_place_id=ChIJESgQdhuRwCwRJSCjV_xWOPk,5.0,"Easy to book cruise with Grace on the phone and she was able to answer all our questions quickly. Forgot to mention when booking that one of our party of six had some diet requirements but on the boat staff were very helpful with assisting to our needs. The meals were very well done and tasty.Fabulous cruise with great information given along the way. Thank you Grace, Munro and staff for a great experience",0.999680757522583,0.00015963389887474477,0.0,0.9998403787612915,positive,5
Cape Adieu Harbour Cruises,https://www.google.com/maps/search/?api=1&query=Cape%20Adieu%20Harbour%20Cruises&query_place_id=ChIJESgQdhuRwCwRJSCjV_xWOPk,5.0,"The atmosphere on the boat was friendly and welcoming, views spectacular, food delicious and plentiful and music play list just right.
Highly recommended.",0.9997184872627258,0.0001407337695127353,0.0,0.9998592138290405,positive,2
Cape Adieu Harbour Cruises,https://www.google.com/maps/search/?api=1&query=Cape%20Adieu%20Harbour%20Cruises&query_place_id=ChIJESgQdhuRwCwRJSCjV_xWOPk,5.0,"Highly recommend this dinner cruise - the staff were fabulous, food delicious, and scenery just stunning - we are so glad we opted with a smaller boat as it was not overcrowded and we had outstanding service, thanks so much Grace & Munro - 5 stars isn’t enough, we will be back!!! 👌⛵️💗",0.99970942735672,0.00014528581232298166,0.0,0.9998546838760376,positive,2
Cape Adieu Harbour Cruises,https://www.google.com/maps/search/?api=1&query=Cape%20Adieu%20Harbour%20Cruises&query_place_id=ChIJESgQdhuRwCwRJSCjV_xWOPk,5.0,"Great cruise, attentive staff and really nice people. Young couple owners are having a red hot go at life! Meal was lovely and fresh.",0.9997673034667969,0.00011632727546384558,0.0,0.9998836517333984,positive,1
Cape Adieu Harbour Cruises,https://www.google.com/maps/search/?api=1&query=Cape%20Adieu%20Harbour%20Cruises&query_place_id=ChIJESgQdhuRwCwRJSCjV_xWOPk,5.0,"Great experience and guides.
Food was fantastic. Highly recommend.",0.9997649192810059,0.00011753661237889901,0.0,0.9998824596405029,positive,2
Cape Adieu Harbour Cruises,https://www.google.com/maps/search/?api=1&query=Cape%20Adieu%20Harbour%20Cruises&query_place_id=ChIJESgQdhuRwCwRJSCjV_xWOPk,5.0,"A fantastic sunset dinner cruise around Darwin Harbour. The food was wonderful, prawns, oysters and the fish cooked to perfection. The commentary provided lots of information about the history of the harbour and was very interesting. Munro and the team were great, if you are considering a harbour sunset cruise you won't be disappointed with Cape Adieu.",0.9996296167373657,0.0001851815904956311,0.0,0.9998148083686829,positive,3
Cape Adieu Harbour Cruises,https://www.google.com/maps/search/?api=1&query=Cape%20Adieu%20Harbour%20Cruises&query_place_id=ChIJESgQdhuRwCwRJSCjV_xWOPk,5.0,"This is a fantastic cruise!
Please do not take any notice of reviews before June 2024 as Captain Munro and his partner Grace are the new owners and operators of the vessel since that date.
A truly fabulous evening!
Food, service, friendliness of all the staff was like the very best of restaurants.
Chef Alberto’s culinary skills are wonderful, and as we were sitting nearby, he was happy to share some of his cooking secrets with my wife Barbara.
Munro does a great commentary, it is very informative.
Sunsets in Darwin are just Magic!
This is a must do experience in Darwin!
The ABSOLUTE BEST CRUISE!
A very memorable experience of Darwin!",0.9997179508209229,0.00014104573347140104,0.0,0.9998589754104614,positive,1
Cape Adieu Harbour Cruises,https://www.google.com/maps/search/?api=1&query=Cape%20Adieu%20Harbour%20Cruises&query_place_id=ChIJESgQdhuRwCwRJSCjV_xWOPk,5.0,Wonderful cruise would highly recommend. Many thanks to the crew especially  Veronica,0.9997377395629883,0.00013110353029333055,0.0,0.9998688697814941,positive,2
Cape Adieu Harbour Cruises,https://www.google.com/maps/search/?api=1&query=Cape%20Adieu%20Harbour%20Cruises&query_place_id=ChIJESgQdhuRwCwRJSCjV_xWOPk,5.0,"One of the best experiences we have had in the top end. With small group sizes you aren’t packed in like typical tours. Warm friendly hosts, delicious tucker and incredible scenery made for a great evening. Thanks heaps to Munro, Grace and the crew.",0.9996774196624756,0.0001612850755918771,0.0,0.9998387098312378,positive,2
Cape Adieu Harbour Cruises,https://www.google.com/maps/search/?api=1&query=Cape%20Adieu%20Harbour%20Cruises&query_place_id=ChIJESgQdhuRwCwRJSCjV_xWOPk,5.0,"Absolutely fantastic cruise with wonderful service. Ollie our waiter was exceptional. The meal of 4 courses was delicious. I do not eat seafood and the entree I was given in place of the seafood buffet was unexpected and really appreciated. We were lucky enough to get a seat on the Top Gun cruise which allowed us to see the military jet display over Mindl Beach.
This has been the highlight of our trip.",0.9995613694190979,0.00021935065160505474,0.0,0.9997807145118713,positive,7
Cape Adieu Harbour Cruises,https://www.google.com/maps/search/?api=1&query=Cape%20Adieu%20Harbour%20Cruises&query_place_id=ChIJESgQdhuRwCwRJSCjV_xWOPk,5.0,Probably the best harbour cruise I have ever been on absolutely amazing Thankyou.,0.9997150301933289,0.0001424872752977535,0.0,0.9998575448989868,positive,0
Cape Adieu Harbour Cruises,https://www.google.com/maps/search/?api=1&query=Cape%20Adieu%20Harbour%20Cruises&query_place_id=ChIJESgQdhuRwCwRJSCjV_xWOPk,5.0,Excellent night ! Lovely staff delicious prawns and fish cooked to perfection.  Amazing Darwin sunset . Thoroughly recommend 👌,0.9997334480285645,0.00013329564535524696,0.0,0.9998667240142822,positive,2
Cape Adieu Harbour Cruises,https://www.google.com/maps/search/?api=1&query=Cape%20Adieu%20Harbour%20Cruises&query_place_id=ChIJESgQdhuRwCwRJSCjV_xWOPk,5.0,We had a wonderful time aboard Cape Adieu. The food was delicious and all staff were friendly and helpful. Munro and Grace have done an exceptional job and made the experience personal and welcoming. I would highly recommend.,0.999772310256958,0.00011386889673303813,0.0,0.999886155128479,positive,4
Cape Adieu Harbour Cruises,https://www.google.com/maps/search/?api=1&query=Cape%20Adieu%20Harbour%20Cruises&query_place_id=ChIJESgQdhuRwCwRJSCjV_xWOPk,5.0,On behalf of David and myself thankyou for a fantastic night on Darwin Harbour. You and your staff were very attentive and full of information about the area. From visitors on the other side of our continent THANK YOU.,0.9997277855873108,0.00013609160669147968,0.0,0.999863862991333,positive,0
Cape Adieu Harbour Cruises,https://www.google.com/maps/search/?api=1&query=Cape%20Adieu%20Harbour%20Cruises&query_place_id=ChIJESgQdhuRwCwRJSCjV_xWOPk,5.0,"This was definitely a highlight of our short trip to Darwin. The crew were friendly and attentive, the food was excellent and the atmosphere perfect. We will definitely be doing this cruise again!",0.9997520446777344,0.00012396775127854198,0.0,0.9998760223388672,positive,2
Cape Adieu Harbour Cruises,https://www.google.com/maps/search/?api=1&query=Cape%20Adieu%20Harbour%20Cruises&query_place_id=ChIJESgQdhuRwCwRJSCjV_xWOPk,5.0,"Stunning experience aboard the Cape Adieu last night. Gentle cruise, hugging the coastline. Gorgeous old boat & friendly staff. We did the cruise only with BYO wine and food. Fabulous.",0.9993336200714111,0.00033321333467029035,0.0,0.9996668100357056,positive,4
Cape Adieu Harbour Cruises,https://www.google.com/maps/search/?api=1&query=Cape%20Adieu%20Harbour%20Cruises&query_place_id=ChIJESgQdhuRwCwRJSCjV_xWOPk,5.0,Sunset was unreal,-0.9869194030761719,0.9934597015380859,0.0,0.006540268659591675,negative,3
Cape Adieu Harbour Cruises,https://www.google.com/maps/search/?api=1&query=Cape%20Adieu%20Harbour%20Cruises&query_place_id=ChIJESgQdhuRwCwRJSCjV_xWOPk,5.0,"A fantastic crew that couldn't do enough for you, along with divine food, and a magic view made for a wonderful evening. The oysters and prawns were mouth watering and although I'm not big fish eater I decided to try the snapper as Veronica our waitress recommended it to me when I was having trouble choosing.  I was not disappointed, it was delicious and cooked beautifully.  Munro the owner, a lovely guy, popped around chatting to guests and making sure everything was going ok and showed genuine interest, which was refreshing and much appreciated.
All in all a fantastic experience and would definitely recommend.",0.9997522830963135,0.0001238603435922414,0.0,0.9998761415481567,positive,1
Cape Adieu Harbour Cruises,https://www.google.com/maps/search/?api=1&query=Cape%20Adieu%20Harbour%20Cruises&query_place_id=ChIJESgQdhuRwCwRJSCjV_xWOPk,5.0,Superb way to see and experience the northern Australian sunset.  Munro and crew were the perfect hosts ensuring that we were well looked after I our dining experience.  I highly recommend this to anyone staying in Darwin.  It made our trip!,0.9997161030769348,0.0001419350883224979,0.0,0.999858021736145,positive,2
Cape Adieu Harbour Cruises,https://www.google.com/maps/search/?api=1&query=Cape%20Adieu%20Harbour%20Cruises&query_place_id=ChIJESgQdhuRwCwRJSCjV_xWOPk,5.0,"We had a fantastic sunset dinner cruise on Territory Day many thanks to Munro, Grace and the team. Abundant lovely local foods including oysters, prawns, crocodile, buffalo on a charming midsized boat to gaze at the amazing Darwin harbour sunset and fireworks. Enjoyed the genuine personalised experience rather than feeling like a number on a bigger boat.",0.9995741248130798,0.0002129305648850277,0.0,0.9997870326042175,positive,1
Cape Adieu Harbour Cruises,https://www.google.com/maps/search/?api=1&query=Cape%20Adieu%20Harbour%20Cruises&query_place_id=ChIJESgQdhuRwCwRJSCjV_xWOPk,5.0,An absolute sensational experience!  The hosts were absolutely beautiful - welcoming and very accommodating.  Service from start to finish was exceptional.  The quality of the food was top tier with some of the best flavours I've had yet.  Would highly recommend this sunset cruise!,0.9997594356536865,0.0001202924904646352,0.0,0.9998797178268433,positive,2
Cape Adieu Harbour Cruises,https://www.google.com/maps/search/?api=1&query=Cape%20Adieu%20Harbour%20Cruises&query_place_id=ChIJESgQdhuRwCwRJSCjV_xWOPk,5.0,"The staff were helpful, courteous and professional throughout the cruise that took in a fantastic sunset.  We did the $70 sunset.cruise which meant we could take our own food and drinks.  It was great value for money and I highly recommend it to all age groups.",0.9997313618659973,0.0001342756295343861,0.0,0.9998656511306763,positive,2
Cape Adieu Harbour Cruises,https://www.google.com/maps/search/?api=1&query=Cape%20Adieu%20Harbour%20Cruises&query_place_id=ChIJESgQdhuRwCwRJSCjV_xWOPk,5.0,"Perfect weather in June. Staff friendly and commentary great. Complimentary glass of champagne on arrival! Dips and bread were tasty but small serve. We BYO’d feast of wine, extra dips, olives, cheeses, bread, carrots, fruit etc Everyone on board had a table to sit at. $213 all up for 3 adults for 3 hours of fun😊",0.9865314364433289,0.0067342896945774555,0.0,0.9932657480239868,positive,1
Cape Adieu Harbour Cruises,https://www.google.com/maps/search/?api=1&query=Cape%20Adieu%20Harbour%20Cruises&query_place_id=ChIJESgQdhuRwCwRJSCjV_xWOPk,5.0,"The staff at Cape Adieu are very kind, helpful and enthusiastic about what they do. We had a wonderful experience and are very grateful for their service and hospitality.",0.9997513890266418,0.00012430499191395938,0.0,0.9998756647109985,positive,4
Cape Adieu Harbour Cruises,https://www.google.com/maps/search/?api=1&query=Cape%20Adieu%20Harbour%20Cruises&query_place_id=ChIJESgQdhuRwCwRJSCjV_xWOPk,5.0,"What an amazing cruise! The staff were very friendly and accommodating. The new owners both came individually to speak with us to see how we found the cruise. Such a lovely young couple.  The food was plentiful and delicious, including oysters and prawns. it was such a relaxing experience with the gentle swaying of the boat and the tropical warm night. And the SUNSET well OMG soo beautiful. we loved this . Thank you, Cape Adieu crew.",0.999690055847168,0.00015498015272896737,0.0,0.999845027923584,positive,2
Cape Adieu Harbour Cruises,https://www.google.com/maps/search/?api=1&query=Cape%20Adieu%20Harbour%20Cruises&query_place_id=ChIJESgQdhuRwCwRJSCjV_xWOPk,5.0,What an amazing night. Very relaxing food incredible.  Thankyou for a lovely relaxing evening,0.9997721314430237,0.00011393405293347314,0.0,0.9998860359191895,positive,2
Cape Adieu Harbour Cruises,https://www.google.com/maps/search/?api=1&query=Cape%20Adieu%20Harbour%20Cruises&query_place_id=ChIJESgQdhuRwCwRJSCjV_xWOPk,5.0,"A phenomenal experience! Beautiful scenery and lovely food. As a local, I enjoyed this just as much as the interstate passengers.

Lovely, friendly and personalised service by the staff and owners.

Highly recommend.",0.9997768402099609,0.00011160263238707557,0.0,0.9998884201049805,positive,2
Cape Adieu Harbour Cruises,https://www.google.com/maps/search/?api=1&query=Cape%20Adieu%20Harbour%20Cruises&query_place_id=ChIJESgQdhuRwCwRJSCjV_xWOPk,5.0,"Lovely sunset cruise. I chose the non-dining option and received crackers, dips and fruit. Also a couple glasses of Prosecco! Definitely worth the money and very spacious and comfortable seating. Would recommend to anyone looking at booking. ☺️",0.9996872544288635,0.00015634299779776484,0.0,0.9998435974121094,positive,3
Cape Adieu Harbour Cruises,https://www.google.com/maps/search/?api=1&query=Cape%20Adieu%20Harbour%20Cruises&query_place_id=ChIJESgQdhuRwCwRJSCjV_xWOPk,5.0,"Simply the best way to spend an evening enjoying sites of Darwin complimented by the beautiful sunset. The fantastic crew were the best.!! Cruising along enjoying the fabulous playlist with the guide of local knowledge. I was on the top deck taking the cruise only option starting with dips and some fresh fruit and I had my own nibbles, cold drinks from the bar at a reasonable price aboard the beautiful vessel Cape Adieu. Best medicine for a beautiful relaxing night, definitely highly recommend this cruise. Book it now.!!",0.9996165037155151,0.0001917442277772352,0.0,0.9998082518577576,positive,3
Cape Adieu Harbour Cruises,https://www.google.com/maps/search/?api=1&query=Cape%20Adieu%20Harbour%20Cruises&query_place_id=ChIJESgQdhuRwCwRJSCjV_xWOPk,5.0,Absolutely outstanding! The staff were all extremely friendly and the food and service 10/10. The whole experience was so relaxing. Would highly recommend this for anyone on a visit to Darwin it’s a must do.,0.999704897403717,0.000147543556522578,0.0,0.9998524188995361,positive,2
Cape Adieu Harbour Cruises,https://www.google.com/maps/search/?api=1&query=Cape%20Adieu%20Harbour%20Cruises&query_place_id=ChIJESgQdhuRwCwRJSCjV_xWOPk,5.0,"I had an incredible experience on the Cape Adieu Darwin Harbour sunset dinner cruise. The 2.5-hour cruise offered breathtaking views, and the friendly staff made the evening even more enjoyable. The food was excellent, and the cruise was clean and well-maintained. A must-visit when in Darwin!",0.9997158646583557,0.00014204693434294313,0.0,0.9998579025268555,positive,0
Cape Adieu Harbour Cruises,https://www.google.com/maps/search/?api=1&query=Cape%20Adieu%20Harbour%20Cruises&query_place_id=ChIJESgQdhuRwCwRJSCjV_xWOPk,5.0,"One of the most OUTSTANDING experiences had while in Darwin- friendliest  staff, AMAZING FOOD, AWESOME SERVICE. Don't let this one pass you by.",0.9991777539253235,0.00041113572660833597,0.0,0.9995889067649841,positive,2
Cape Adieu Harbour Cruises,https://www.google.com/maps/search/?api=1&query=Cape%20Adieu%20Harbour%20Cruises&query_place_id=ChIJESgQdhuRwCwRJSCjV_xWOPk,5.0,"Last night we enjoyed the Sunset Cruise being Saturday the 8th of June 2024.
Definitely recommend.
Great staff, friendly, attentive and the food was very good.
Had the pleasure meeting Grace one of the new owners who was very nice and attentive to insure all guest were happy by going around to each and every table.
Ollie was a great server and is an asset to the new owners.
I would only suggest a little more commentary but overall we would do it again and recommend",0.9997255802154541,0.00013721351569984108,0.0,0.999862790107727,positive,1
Cape Adieu Harbour Cruises,https://www.google.com/maps/search/?api=1&query=Cape%20Adieu%20Harbour%20Cruises&query_place_id=ChIJESgQdhuRwCwRJSCjV_xWOPk,5.0,This is the best sunset cruise we have done. The food was fresh and delishous.  The boat is beautiful and like no other offered. Will do again,0.9997117519378662,0.00014414821635000408,0.0,0.9998558759689331,positive,7
Cape Adieu Harbour Cruises,https://www.google.com/maps/search/?api=1&query=Cape%20Adieu%20Harbour%20Cruises&query_place_id=ChIJESgQdhuRwCwRJSCjV_xWOPk,5.0,"Such a great cruise, would recommend to anyone 10/10, shout out to tony for being a legend of a bloke.",0.9988105297088623,0.0005947502795606852,0.0,0.9994052648544312,positive,4
Cape Adieu Harbour Cruises,https://www.google.com/maps/search/?api=1&query=Cape%20Adieu%20Harbour%20Cruises&query_place_id=ChIJESgQdhuRwCwRJSCjV_xWOPk,5.0,"Exceptional food, lovely crew, beautiful boat, fantastic sunset, fabulous soundtrack... couldn't ask for more! ❤️",0.9997380375862122,0.00013097708870191127,0.0,0.9998689889907837,positive,2
Cape Adieu Harbour Cruises,https://www.google.com/maps/search/?api=1&query=Cape%20Adieu%20Harbour%20Cruises&query_place_id=ChIJESgQdhuRwCwRJSCjV_xWOPk,4.0,"Lovely cruise, good food and service.
Captain/owner went above and beyond  after a small booking issue.
Thankyou.",0.999671220779419,0.00016438597231172025,0.0,0.9998356103897095,positive,0
Cape Adieu Harbour Cruises,https://www.google.com/maps/search/?api=1&query=Cape%20Adieu%20Harbour%20Cruises&query_place_id=ChIJESgQdhuRwCwRJSCjV_xWOPk,5.0,"Most magnificent Sunset Dinner Cruise! Beautiful food with fresh salads and amazing seafood! Attentive service from all staff members and a beautiful vessel.
Definitely a must do while you’re in Darwin.",0.9997413754463196,0.00012927988427691162,0.0,0.9998706579208374,positive,2
Cape Adieu Harbour Cruises,https://www.google.com/maps/search/?api=1&query=Cape%20Adieu%20Harbour%20Cruises&query_place_id=ChIJESgQdhuRwCwRJSCjV_xWOPk,5.0,Beaucoup de possibilités pour naviguer,0.9773337841033936,0.011333083733916283,0.0,0.9886668920516968,positive,0
Cape Adieu Harbour Cruises,https://www.google.com/maps/search/?api=1&query=Cape%20Adieu%20Harbour%20Cruises&query_place_id=ChIJESgQdhuRwCwRJSCjV_xWOPk,5.0,I had to cancel the trip that was so easy no question asked rhey wer very understanding that's way I give them 5 stars,-0.9952638745307922,0.9976319074630737,0.0,0.002368040382862091,negative,5
Cape Adieu Harbour Cruises,https://www.google.com/maps/search/?api=1&query=Cape%20Adieu%20Harbour%20Cruises&query_place_id=ChIJESgQdhuRwCwRJSCjV_xWOPk,5.0,Must go in Darwin,0.46697017550468445,0.26651492714881897,0.0,0.7334851026535034,positive,6
Cape Adieu Harbour Cruises,https://www.google.com/maps/search/?api=1&query=Cape%20Adieu%20Harbour%20Cruises&query_place_id=ChIJESgQdhuRwCwRJSCjV_xWOPk,5.0,"An amazing experience, the sunset was marvelous and regarding the food the buffet was fresh and delicious. The crew are friendly and very helpful. Definitely recommend it 👍🏼",0.9997768998146057,0.00011152740626130253,0.0,0.9998884201049805,positive,2
Cape Adieu Harbour Cruises,https://www.google.com/maps/search/?api=1&query=Cape%20Adieu%20Harbour%20Cruises&query_place_id=ChIJESgQdhuRwCwRJSCjV_xWOPk,5.0,Enjoyed every minute and the food was delicious would do it again,0.9997804164886475,0.00010980523802572861,0.0,0.9998902082443237,positive,0
Cape Adieu Harbour Cruises,https://www.google.com/maps/search/?api=1&query=Cape%20Adieu%20Harbour%20Cruises&query_place_id=ChIJESgQdhuRwCwRJSCjV_xWOPk,5.0,"This sunset dinner cruise exceeded our expectations ❤️ I had the best seafood and the mains it so delicious ☺️ We had the best dinner in Darwin 😍 Definitely come back and spend with family. Highly recommended. 💯💯💯

You had the best staff in the 2nd floor (Gaven) a french guy he is very friendly and he really looking after everyone. Very polite and accomodating. 👌👌",0.9995294809341431,0.00023528024030383676,0.0,0.9997647404670715,positive,0
Cape Adieu Harbour Cruises,https://www.google.com/maps/search/?api=1&query=Cape%20Adieu%20Harbour%20Cruises&query_place_id=ChIJESgQdhuRwCwRJSCjV_xWOPk,3.0,"Just felt this was an average value for money event. Limited food, no air con, and the ladies toilet is down some very difficult stairs. Any lady with limited mobility, sight or age would not get to the toilet.",-0.9978538751602173,0.9989269375801086,0.0,0.0010730598587542772,negative,7
Cape Adieu Harbour Cruises,https://www.google.com/maps/search/?api=1&query=Cape%20Adieu%20Harbour%20Cruises&query_place_id=ChIJESgQdhuRwCwRJSCjV_xWOPk,5.0,"Parked behind entertainment centre. Free after 4pm. Walked 600 meters to dock 3. Cruise left dock at 5.30. We had dips,oysters prawns,Mackrel for starters. Choice of fish or steak for main. Fruit platter tea and coffee. Plenty of food and very tasty. Relaxing three hours.  You can buy drinks on board or bring your own. This was definitely worth the  price.",0.9991822838783264,0.0004088900750502944,0.0,0.9995911717414856,positive,3
Cape Adieu Harbour Cruises,https://www.google.com/maps/search/?api=1&query=Cape%20Adieu%20Harbour%20Cruises&query_place_id=ChIJESgQdhuRwCwRJSCjV_xWOPk,5.0,"The sunset dinner cruise was well worth it. Cape Adieu is an older vessel and this gives a bit of character to the experience. Fresh seafood, good service and an absolutely stunning sunset over Darwin Harbour. We really loved it.",0.9997239112854004,0.0001380171306664124,0.0,0.9998619556427002,positive,3
Cape Adieu Harbour Cruises,https://www.google.com/maps/search/?api=1&query=Cape%20Adieu%20Harbour%20Cruises&query_place_id=ChIJESgQdhuRwCwRJSCjV_xWOPk,5.0,"Super cruise!! People who joined us come here every time they visit Darwin! They have done it 10 times or more!
Excellent, beautifully cooked food, beautiful boat, bit of a mission going downstairs to the toilet on the steep stairs!! A few trip hazards but if you're careful, they are well dealt with.
No doof doof, comfy chairs, quick service, tasty plentiful food, excellent smooth cruise, gorgeous sunset, perfect service.
They even allow you to BYO soft or alcoholic drinks! Eskies provided!
Great value for money!!",0.9979666471481323,0.0010166977299377322,0.0,0.9989833235740662,positive,2
Cape Adieu Harbour Cruises,https://www.google.com/maps/search/?api=1&query=Cape%20Adieu%20Harbour%20Cruises&query_place_id=ChIJESgQdhuRwCwRJSCjV_xWOPk,5.0,We had a beautiful meal and cruise whilst watching the sunset and views of Darwin.  Staff were attentive and foid was delicious.,0.999701976776123,0.00014901754911988974,0.0,0.9998509883880615,positive,2
Cape Adieu Harbour Cruises,https://www.google.com/maps/search/?api=1&query=Cape%20Adieu%20Harbour%20Cruises&query_place_id=ChIJESgQdhuRwCwRJSCjV_xWOPk,5.0,"Really a great cruise. Food was excellent as was the sunset. Staff are friendly and quite helpful. Fully licensed or byo and they provide the ice bucket and chilled glasses.
Would highly recommend this cruise.",0.9995430111885071,0.00022849687957204878,0.0,0.9997715353965759,positive,2
Cape Adieu Harbour Cruises,https://www.google.com/maps/search/?api=1&query=Cape%20Adieu%20Harbour%20Cruises&query_place_id=ChIJESgQdhuRwCwRJSCjV_xWOPk,5.0,Had a memorable cruise for my girlfriends birthday. Our seating on the upper deck gave us an amazing view of darwin harbour and its beautiful sunset. The staff were amazing and the food was superb. Thank you for providing us with an amazing experience.,0.9997695088386536,0.00011520910629769787,0.0,0.9998847246170044,positive,2
Cape Adieu Harbour Cruises,https://www.google.com/maps/search/?api=1&query=Cape%20Adieu%20Harbour%20Cruises&query_place_id=ChIJESgQdhuRwCwRJSCjV_xWOPk,5.0,Great little dinner cruise. Fun capable crew,0.9997666478157043,0.00011665340571198612,0.0,0.9998832941055298,positive,2
Cape Adieu Harbour Cruises,https://www.google.com/maps/search/?api=1&query=Cape%20Adieu%20Harbour%20Cruises&query_place_id=ChIJESgQdhuRwCwRJSCjV_xWOPk,1.0,"Over priced and under delivered

Food was of very poor quality and quantity.
We asked for a top up of the entree buffet as there was not much left by the time we got there-mains arrived before this happened.
Fruit platter was a joke-one slice of watermelon and one slice of orange.

There was no commentary at all.

Don’t waste your money.",-0.9993931651115417,0.9996966123580933,0.0,0.00030344462720677257,negative,3
Cape Adieu Harbour Cruises,https://www.google.com/maps/search/?api=1&query=Cape%20Adieu%20Harbour%20Cruises&query_place_id=ChIJESgQdhuRwCwRJSCjV_xWOPk,3.0,Don't select the prawn platter food option. The prawns were soft and mushy and seating was directly behind the galley so you spend the cruise breathing in cooking fumes. Service also suffers in these seats as the focus is serving the guests on the forward and upper decks.,-0.9973475337028503,0.9986737966537476,0.0,0.001326241996139288,negative,7
Cape Adieu Harbour Cruises,https://www.google.com/maps/search/?api=1&query=Cape%20Adieu%20Harbour%20Cruises&query_place_id=ChIJESgQdhuRwCwRJSCjV_xWOPk,5.0,Food - delicious. Sunset - beautiful. Ship - comfortable and decent space between dining table/ groups. Staff - exceptional!,0.9997808933258057,0.00010955558536807075,0.0,0.9998904466629028,positive,2
Cape Adieu Harbour Cruises,https://www.google.com/maps/search/?api=1&query=Cape%20Adieu%20Harbour%20Cruises&query_place_id=ChIJESgQdhuRwCwRJSCjV_xWOPk,5.0,"I took a group of 12 on this cruise. Molly was amazing in organising everything for us. The food was ample and delicious. The staff were fantastic. The cruise was memorable and to top it off it was BYO. Highly recommended.
MAREE’S Tours",0.9997633099555969,0.0001183154308819212,0.0,0.9998816251754761,positive,1
Cape Adieu Harbour Cruises,https://www.google.com/maps/search/?api=1&query=Cape%20Adieu%20Harbour%20Cruises&query_place_id=ChIJESgQdhuRwCwRJSCjV_xWOPk,5.0,"What a wonderful NIGHT. Food was great, sailing was calm and comfortable and top staff. Many Thanks.",0.9997714161872864,0.00011425053526181728,0.0,0.9998856782913208,positive,2
Cape Adieu Harbour Cruises,https://www.google.com/maps/search/?api=1&query=Cape%20Adieu%20Harbour%20Cruises&query_place_id=ChIJESgQdhuRwCwRJSCjV_xWOPk,4.0,"We had a great time during our cruise. The cruise started with the first course of fresh prawns, fresh Coffin Bay oysters and some salads. The quality of the food was excellent. The main course was a choice of steak or freshly caught jew fish. We went the fish and it did not disappoint. Great size serving with more self serve salad, prawns and oysters.  The third course was a disappointing self serve fruit platter. This was a bit of a letdown after two great courses. The boat travels out from Stokes Hill Ward turns right and follows the coast. The sunset over the water was spectacular and most enjoyable. The boat makes a slow cruise back to port. The boat is smooth to ride in. I recommend this as an enjoyable dinner option.",0.7597712874412537,0.12011437118053436,0.0,0.8798856735229492,positive,3
Cape Adieu Harbour Cruises,https://www.google.com/maps/search/?api=1&query=Cape%20Adieu%20Harbour%20Cruises&query_place_id=ChIJESgQdhuRwCwRJSCjV_xWOPk,5.0,"Great experience , great value, beautiful salads, oysters and steaks ...loved it",0.999772310256958,0.00011384565732441843,0.0,0.999886155128479,positive,3
Cape Adieu Harbour Cruises,https://www.google.com/maps/search/?api=1&query=Cape%20Adieu%20Harbour%20Cruises&query_place_id=ChIJESgQdhuRwCwRJSCjV_xWOPk,5.0,"Was a fantastic sunset cruise. We had the prawn platter which was beautiful.
Thoroughly recommend.",0.9997645020484924,0.00011771831486839801,0.0,0.9998822212219238,positive,2
Cape Adieu Harbour Cruises,https://www.google.com/maps/search/?api=1&query=Cape%20Adieu%20Harbour%20Cruises&query_place_id=ChIJESgQdhuRwCwRJSCjV_xWOPk,5.0,"If you want a relaxed, leisurely evening, with delicious food, and welcoming, friendly Staff, look no further.
Loved every minute of it after a very busy day.
Can’t recommend highly enough-will be going again when we return to Darwin.",0.999627947807312,0.00018604491197038442,0.0,0.999813973903656,positive,2
Cape Adieu Harbour Cruises,https://www.google.com/maps/search/?api=1&query=Cape%20Adieu%20Harbour%20Cruises&query_place_id=ChIJESgQdhuRwCwRJSCjV_xWOPk,4.0,Booked a cruise with these guys in September. The only thing I could fault was the music playing. Needed to be a bit more upbeat and vibey.,-0.9963996410369873,0.9981998205184937,0.0,0.0018001770367845893,negative,0
Cape Adieu Harbour Cruises,https://www.google.com/maps/search/?api=1&query=Cape%20Adieu%20Harbour%20Cruises&query_place_id=ChIJESgQdhuRwCwRJSCjV_xWOPk,5.0,"Absolutely delightful! The staff are great, the boat is beautiful and the sunset gorgeous! It was my birthday and they even brought out a surprise slice of cheesecake. One of the best cruises I have been in! ❤️",0.9997511506080627,0.00012441609578672796,0.0,0.999875545501709,positive,2
Cape Adieu Harbour Cruises,https://www.google.com/maps/search/?api=1&query=Cape%20Adieu%20Harbour%20Cruises&query_place_id=ChIJESgQdhuRwCwRJSCjV_xWOPk,5.0,"What can I say. Staff amazing, food flavoursome, captain awesome, music perfect. I wouldn’t listen to any negative reviews at all. They made our honeymoon special.",0.9991263747215271,0.0004367810906842351,0.0,0.9995631575584412,positive,2
Cape Adieu Harbour Cruises,https://www.google.com/maps/search/?api=1&query=Cape%20Adieu%20Harbour%20Cruises&query_place_id=ChIJESgQdhuRwCwRJSCjV_xWOPk,5.0,"Lovely calm cruise, staff friendly, professional and very efficient, seafood and variety of salads very tasty.",0.999667227268219,0.00016636714281048626,0.0,0.9998335838317871,positive,0
Cape Adieu Harbour Cruises,https://www.google.com/maps/search/?api=1&query=Cape%20Adieu%20Harbour%20Cruises&query_place_id=ChIJESgQdhuRwCwRJSCjV_xWOPk,5.0,A great experience.  Molly bent over backwards at booking  to ensure our trip was perfect.  Sophie and the rest of the crew were fantastic.,0.9997036457061768,0.0001481630461057648,0.0,0.9998518228530884,positive,2
Cape Adieu Harbour Cruises,https://www.google.com/maps/search/?api=1&query=Cape%20Adieu%20Harbour%20Cruises&query_place_id=ChIJESgQdhuRwCwRJSCjV_xWOPk,3.0,"A lovely sail and craft, however the quality of the food let the evening down. My wife's steak was very poor quality. There was little salad left for the main course. Service was attentive.",-0.9685694575309753,0.9842847585678101,0.0,0.015715323388576508,negative,3
Cape Adieu Harbour Cruises,https://www.google.com/maps/search/?api=1&query=Cape%20Adieu%20Harbour%20Cruises&query_place_id=ChIJESgQdhuRwCwRJSCjV_xWOPk,5.0,Second time doing this cruise. Great food and atmosphere. Highly recommend,0.9997711181640625,0.000114461436169222,0.0,0.9998855590820312,positive,2
Cape Adieu Harbour Cruises,https://www.google.com/maps/search/?api=1&query=Cape%20Adieu%20Harbour%20Cruises&query_place_id=ChIJESgQdhuRwCwRJSCjV_xWOPk,5.0,"A enjoyable evening cruise, service and food was fantastic. 3 of us had the steak for mains and one of us had the fish - good portion size and plenty of other food to top it up. It was beautiful being out in the water to view the amazing sunset, a very relaxing evening",0.9997386932373047,0.0001306819322053343,0.0,0.9998693466186523,positive,3
Cape Adieu Harbour Cruises,https://www.google.com/maps/search/?api=1&query=Cape%20Adieu%20Harbour%20Cruises&query_place_id=ChIJESgQdhuRwCwRJSCjV_xWOPk,5.0,"I chose the 4 course meal sunset cruise
It’s amazing what the chef produced from a boat galley
Salads oysters prawns and choice of steak or fish
Sunset in style
The staff were amazing",0.9995747804641724,0.00021259077766444534,0.0,0.9997873902320862,positive,3
Cape Adieu Harbour Cruises,https://www.google.com/maps/search/?api=1&query=Cape%20Adieu%20Harbour%20Cruises&query_place_id=ChIJESgQdhuRwCwRJSCjV_xWOPk,5.0,"Had a lovely night on the Cape Adieu dinner cruise. The staff were great , the food was excellent, plenty for everyone.  The salads were beautiful, whoever prepared them did  a great job.  The main was white salmon, with a Mango salsa Verde. It was so beautiful.  Top marks to all involved. We loved it...highly recommend.",0.9997708797454834,0.00011458146036602557,0.0,0.9998854398727417,positive,3
Cape Adieu Harbour Cruises,https://www.google.com/maps/search/?api=1&query=Cape%20Adieu%20Harbour%20Cruises&query_place_id=ChIJESgQdhuRwCwRJSCjV_xWOPk,5.0,"Perfect! Perfect! Perfect! This cruise was seriously good. The food was delicious and plentiful, the staff were excellent and the Darwin sunset did not disappoint. The smaller boat meant a more special occasion. Molly and Jemma were fantastic. Thanks Cape Adieu for a lovely cruise.",0.9997639656066895,0.0001180148174171336,0.0,0.9998819828033447,positive,2
Cape Adieu Harbour Cruises,https://www.google.com/maps/search/?api=1&query=Cape%20Adieu%20Harbour%20Cruises&query_place_id=ChIJESgQdhuRwCwRJSCjV_xWOPk,5.0,"Lovely crew, great food, relaxing cruise.",0.9997656941413879,0.0001171191906905733,0.0,0.9998828172683716,positive,2
Cape Adieu Harbour Cruises,https://www.google.com/maps/search/?api=1&query=Cape%20Adieu%20Harbour%20Cruises&query_place_id=ChIJESgQdhuRwCwRJSCjV_xWOPk,5.0,"Went on the Charles Darwin sunset cruise, it was FANTASTIC, the boat the staff the menu the commentary, we loved it all.",0.9997656941413879,0.00011711796105373651,0.0,0.9998828172683716,positive,0
Cape Adieu Harbour Cruises,https://www.google.com/maps/search/?api=1&query=Cape%20Adieu%20Harbour%20Cruises&query_place_id=ChIJESgQdhuRwCwRJSCjV_xWOPk,3.0,"Pleasant ship. Crew very upbeat. Was very unhappy about almost being bullied into having the salmon, which wasn't particularly nice, instead of a steak.  The most expensive of the cruises and had hoped for better.",0.11259433627128601,0.4437028467655182,0.0,0.5562971830368042,neutral,7
Cape Adieu Harbour Cruises,https://www.google.com/maps/search/?api=1&query=Cape%20Adieu%20Harbour%20Cruises&query_place_id=ChIJESgQdhuRwCwRJSCjV_xWOPk,5.0,"A must do dinner harbour sunset cruise in Darwin.
Great staff, food was fabulous.
Able to take own alcohol.
Highly recommend.",0.9997043609619141,0.00014782183279749006,0.0,0.999852180480957,positive,2
Cape Adieu Harbour Cruises,https://www.google.com/maps/search/?api=1&query=Cape%20Adieu%20Harbour%20Cruises&query_place_id=ChIJESgQdhuRwCwRJSCjV_xWOPk,1.0,"Incorrect location, Cape Adieu is docked at Stokes Hill Wharf dock 3.
There is also a ticket office located there too.",-0.9951413869857788,0.9975706934928894,0.0,0.0024293106980621815,negative,0
Cape Adieu Harbour Cruises,https://www.google.com/maps/search/?api=1&query=Cape%20Adieu%20Harbour%20Cruises&query_place_id=ChIJESgQdhuRwCwRJSCjV_xWOPk,5.0,"Nice light breeze, gentle cruise along the Arafura sea. Sunset was spectacular, especially after the sun had dropped. Food was surprisingly good and drinks were reasonable price",0.9994775056838989,0.0002612712560221553,0.0,0.9997387528419495,positive,7
Cape Adieu Harbour Cruises,https://www.google.com/maps/search/?api=1&query=Cape%20Adieu%20Harbour%20Cruises&query_place_id=ChIJESgQdhuRwCwRJSCjV_xWOPk,5.0,"Just an amazing cruise, from the moment on board the crew are friendly and provide excellent and professional service.
Food is fresh and full of flavour, and the views are exceptional. Highly recommend.",0.9997768402099609,0.00011158049892401323,0.0,0.9998884201049805,positive,2
Cape Adieu Harbour Cruises,https://www.google.com/maps/search/?api=1&query=Cape%20Adieu%20Harbour%20Cruises&query_place_id=ChIJESgQdhuRwCwRJSCjV_xWOPk,5.0,"Great fresh seafood, professional & friendly service, with a calm sail, even with the storms !!",0.9995453953742981,0.00022731673379894346,0.0,0.9997727274894714,positive,3
Cape Adieu Harbour Cruises,https://www.google.com/maps/search/?api=1&query=Cape%20Adieu%20Harbour%20Cruises&query_place_id=ChIJESgQdhuRwCwRJSCjV_xWOPk,5.0,"Fantastic food, great service",0.9997706413269043,0.00011468726734165102,0.0,0.9998853206634521,positive,2
Cape Adieu Harbour Cruises,https://www.google.com/maps/search/?api=1&query=Cape%20Adieu%20Harbour%20Cruises&query_place_id=ChIJESgQdhuRwCwRJSCjV_xWOPk,4.0,We have been on this cruise twice now and it is great value.  The staff are friendly and attentive.  Seafood is devine!  And my steak was done to perfection.  Cape Adieu never fails to satisfy.,0.9996143579483032,0.0001928219135152176,0.0,0.9998071789741516,positive,4
Cape Adieu Harbour Cruises,https://www.google.com/maps/search/?api=1&query=Cape%20Adieu%20Harbour%20Cruises&query_place_id=ChIJESgQdhuRwCwRJSCjV_xWOPk,5.0,"We enjoyed a wonderful Cruise with a friendly, helpful staff.
Would highly recommend Adieu Cruises.",0.9997521042823792,0.00012392259668558836,0.0,0.9998760223388672,positive,2
Cape Adieu Harbour Cruises,https://www.google.com/maps/search/?api=1&query=Cape%20Adieu%20Harbour%20Cruises&query_place_id=ChIJESgQdhuRwCwRJSCjV_xWOPk,5.0,"Everything about this outing was excellent. Excellent relaxed and welcoming vibe from all onboard. Great food, including fabulous fresh seafood  and reasonably priced drinks. BYO is also welcomed.. Darwin does great sunsets and seafood, and what better way to experience both, than on a cruise in the Darwin Harbour!
Highly recommended",0.9997074604034424,0.00014628558710683137,0.0,0.9998537302017212,positive,2
Cape Adieu Harbour Cruises,https://www.google.com/maps/search/?api=1&query=Cape%20Adieu%20Harbour%20Cruises&query_place_id=ChIJESgQdhuRwCwRJSCjV_xWOPk,5.0,Absolutely enjoyed the experience. The food was fantastic. The service was brilliant.,0.9997639656066895,0.00011802674271166325,0.0,0.9998819828033447,positive,2
Cape Adieu Harbour Cruises,https://www.google.com/maps/search/?api=1&query=Cape%20Adieu%20Harbour%20Cruises&query_place_id=ChIJESgQdhuRwCwRJSCjV_xWOPk,5.0,Great cruise environment. Cruise staff were really lovely and informativem. Great value for money and went for just the right amount of time. Just paid for the cruise no meal but the food looked really nice,0.999442994594574,0.0002784726384561509,0.0,0.9997214674949646,positive,0
Cape Adieu Harbour Cruises,https://www.google.com/maps/search/?api=1&query=Cape%20Adieu%20Harbour%20Cruises&query_place_id=ChIJESgQdhuRwCwRJSCjV_xWOPk,5.0,"Had a fabulous night, staff super friendly, food pretty good, sunset wonderful.  Thanks guys, night to remember",0.9997393488883972,0.00013033820141572505,0.0,0.999869704246521,positive,2
Cape Adieu Harbour Cruises,https://www.google.com/maps/search/?api=1&query=Cape%20Adieu%20Harbour%20Cruises&query_place_id=ChIJESgQdhuRwCwRJSCjV_xWOPk,5.0,Great staff.   Perfect way to spend a hot evening,0.9996610283851624,0.0001694302773103118,0.0,0.9998304843902588,positive,3
Cape Adieu Harbour Cruises,https://www.google.com/maps/search/?api=1&query=Cape%20Adieu%20Harbour%20Cruises&query_place_id=ChIJESgQdhuRwCwRJSCjV_xWOPk,5.0,"Excellent value. Very friendly and professional staff. Boat was comfortable, stable with minimal engine sound. Went for the prawn platter option. Very tasty dips, prawns and fruit and tea/coffee provided. The commentary was informative but plenty of breaks to allow time to just take in the view and chat with my cohorts.  Topped off with a really great sunset.  A highlight of my Darwin holiday. Highly recommende.",0.9990105628967285,0.0004947059787809849,0.0,0.9995052814483643,positive,0
Cape Adieu Harbour Cruises,https://www.google.com/maps/search/?api=1&query=Cape%20Adieu%20Harbour%20Cruises&query_place_id=ChIJESgQdhuRwCwRJSCjV_xWOPk,5.0,We did a dinner cruise last night and I could not recommend it more highly.  The atmosphere was lovely and the food was sensational.  BYO makes it veryaffordable. Will do  again.,0.9993767142295837,0.0003116695152129978,0.0,0.9996883869171143,positive,2
Cape Adieu Harbour Cruises,https://www.google.com/maps/search/?api=1&query=Cape%20Adieu%20Harbour%20Cruises&query_place_id=ChIJESgQdhuRwCwRJSCjV_xWOPk,5.0,"Loved everything about this cruise, highly recommend.",0.9997749924659729,0.0001124866321333684,0.0,0.9998874664306641,positive,2
Cape Adieu Harbour Cruises,https://www.google.com/maps/search/?api=1&query=Cape%20Adieu%20Harbour%20Cruises&query_place_id=ChIJESgQdhuRwCwRJSCjV_xWOPk,5.0,"Can not speak highly enough about this experience. Food was excellent,  staff are amazing , the view spectacular.  Wish I did it twice .",0.9988808035850525,0.0005595823749899864,0.0,0.9994403719902039,positive,2
Cape Adieu Harbour Cruises,https://www.google.com/maps/search/?api=1&query=Cape%20Adieu%20Harbour%20Cruises&query_place_id=ChIJESgQdhuRwCwRJSCjV_xWOPk,5.0,"This is an Outstanding Life Experience, while enjoying great Gress local seafood and a good available drink selection while you cruise the calm Darwin Harbour to enjoy the amazing Sunset. Super Highly recommended.",0.9997327327728271,0.00013366041821427643,0.0,0.9998663663864136,positive,3
Cape Adieu Harbour Cruises,https://www.google.com/maps/search/?api=1&query=Cape%20Adieu%20Harbour%20Cruises&query_place_id=ChIJESgQdhuRwCwRJSCjV_xWOPk,5.0,Absolutely fantastic great meal and great service. Would highly recommend to anyone. To do. Thanks very much Mike and Bev Smith 👍🍻,0.9997647404670715,0.00011761946370825171,0.0,0.9998823404312134,positive,2
Cape Adieu Harbour Cruises,https://www.google.com/maps/search/?api=1&query=Cape%20Adieu%20Harbour%20Cruises&query_place_id=ChIJESgQdhuRwCwRJSCjV_xWOPk,5.0,"I took my beloved 90yo nonno on this cruise with the prawn package and I must say...it exceeded my expectations! First, the staff is absolutely lovely and super friendly. Second, the prawns were plenty, super fresh and delicious. It was a relaxed 3 hour experience where I created great memories with people I love and he (the fussy one!!) was really pleased. Absolutely recommended.",0.9997587203979492,0.0001206363012897782,0.0,0.9998793601989746,positive,2
Cape Adieu Harbour Cruises,https://www.google.com/maps/search/?api=1&query=Cape%20Adieu%20Harbour%20Cruises&query_place_id=ChIJESgQdhuRwCwRJSCjV_xWOPk,4.0,"My family would like to thank you for a memorable time. Beautiful night, accompanied by fresh seafood served by attentive and courteous staff.  Only one negative – maybe you could change your background music to something a little more suitable. Throw in a few Australian songs rather than Bob Dylan and Simon and Garfunkel. Why not try Reckless by Australian Crawl, Great Southern Land by Ice House, Throw your Arms Around Me by Mark Seymour, My Island Home by Christine Anu, One Country by Midnight Oil or pick any song by Paul Kelly.  Your cruise showed how stunningly beautiful our country really is, so why not play some Australian classics?   Thank you.",0.9989625215530396,0.0005187166389077902,0.0,0.9994812607765198,positive,0
Cape Adieu Harbour Cruises,https://www.google.com/maps/search/?api=1&query=Cape%20Adieu%20Harbour%20Cruises&query_place_id=ChIJESgQdhuRwCwRJSCjV_xWOPk,5.0,We had a fantastic night with Cape Adieu Harbour Cruises sunset cruise with amazing locally caught fresh seafood. Would highly recommend for dinner to see Darwin from a alternative aspect and have a lovely dinner at the same time. Staff were very helpful and friendly!,0.9996817708015442,0.0001591050677234307,0.0,0.9998408555984497,positive,2
Cape Adieu Harbour Cruises,https://www.google.com/maps/search/?api=1&query=Cape%20Adieu%20Harbour%20Cruises&query_place_id=ChIJESgQdhuRwCwRJSCjV_xWOPk,5.0,What a awesome dinner cruise great food great atmosphere and can't fault the staff totally recommend a must do when in Darwin,0.9995542764663696,0.0002228759549325332,0.0,0.9997771382331848,positive,2
Cape Adieu Harbour Cruises,https://www.google.com/maps/search/?api=1&query=Cape%20Adieu%20Harbour%20Cruises&query_place_id=ChIJESgQdhuRwCwRJSCjV_xWOPk,5.0,Very well run. Delicious dinner.  Great staff. Sunset was a bonus,0.9997420310974121,0.00012900798174086958,0.0,0.999871015548706,positive,2
Cape Adieu Harbour Cruises,https://www.google.com/maps/search/?api=1&query=Cape%20Adieu%20Harbour%20Cruises&query_place_id=ChIJESgQdhuRwCwRJSCjV_xWOPk,5.0,"Not to be missed. Thoroughly enjoyable. Great boat, great service, fabulous team. Sensational value for money, we loved it!",0.9997788071632385,0.00011056687799282372,0.0,0.9998893737792969,positive,2
Cape Adieu Harbour Cruises,https://www.google.com/maps/search/?api=1&query=Cape%20Adieu%20Harbour%20Cruises&query_place_id=ChIJESgQdhuRwCwRJSCjV_xWOPk,4.0,"Great boat, service with a gorgeous sunset",0.9997169971466064,0.00014147460751701146,0.0,0.9998584985733032,positive,3
Cape Adieu Harbour Cruises,https://www.google.com/maps/search/?api=1&query=Cape%20Adieu%20Harbour%20Cruises&query_place_id=ChIJESgQdhuRwCwRJSCjV_xWOPk,5.0,"Awesome cruise, food , service and communication of the highest level. Would recommend highly and would do again. Nothing was too much trouble even though the stafff were very busy getting all the meals out. Great play list Matt 🙂",0.9988136887550354,0.000593154167290777,0.0,0.9994068145751953,positive,2
Cape Adieu Harbour Cruises,https://www.google.com/maps/search/?api=1&query=Cape%20Adieu%20Harbour%20Cruises&query_place_id=ChIJESgQdhuRwCwRJSCjV_xWOPk,5.0,"We had an absolutely fabulous time on this cruise last night.  The welcome  we received upon boarding was so friendly.  Our hostess got us settled in, organised an ice bucket and glasses for our BYO bottle of wine.  Then, she got some ice for the BYO beer in our little esky.  Nothing was too much trouble.  Nibbles arrived --yummy homemade dips--as we departed the wharf!  A bit later, it was time to hit the buffet for 'entrees'.  The seafood was fresh and plentiful.  The salads were varied and also nicely presented.  Later, after the beautiful sunset, we received our main course--again with the option of salad on the side.  Finally,  fresh fruit and coffee was offered!  Amazing value, great organisation, lovely scenery to watch on the way, good commentary, wonderful service--who could ask for more!",0.999060869216919,0.0004695457173511386,0.0,0.9995304346084595,positive,3
Cape Adieu Harbour Cruises,https://www.google.com/maps/search/?api=1&query=Cape%20Adieu%20Harbour%20Cruises&query_place_id=ChIJESgQdhuRwCwRJSCjV_xWOPk,5.0,Best night on the water for a long time. Excellent.👏👏,0.9995623230934143,0.00021887932962272316,0.0,0.9997811913490295,positive,3
Cape Adieu Harbour Cruises,https://www.google.com/maps/search/?api=1&query=Cape%20Adieu%20Harbour%20Cruises&query_place_id=ChIJESgQdhuRwCwRJSCjV_xWOPk,5.0,"Loved this evening.  Plenty of food, including prawns, oysters, smoked mackerel and salads. The staff worked continuously with a smile on their face.",0.9997068047523499,0.00014656034181825817,0.0,0.9998533725738525,positive,3
Cape Adieu Harbour Cruises,https://www.google.com/maps/search/?api=1&query=Cape%20Adieu%20Harbour%20Cruises&query_place_id=ChIJESgQdhuRwCwRJSCjV_xWOPk,5.0,Staff were professional. Food delicious,0.999718427658081,0.00014081392146181315,0.0,0.9998592138290405,positive,2
Cape Adieu Harbour Cruises,https://www.google.com/maps/search/?api=1&query=Cape%20Adieu%20Harbour%20Cruises&query_place_id=ChIJESgQdhuRwCwRJSCjV_xWOPk,5.0,"Very imformative and professional.
We were on the upper deck and avril did an awesome job looking after us .
We would highly recomend this as a must do cruise in darwin.",0.9987760186195374,0.0006119716563262045,0.0,0.9993879795074463,positive,0
Cape Adieu Harbour Cruises,https://www.google.com/maps/search/?api=1&query=Cape%20Adieu%20Harbour%20Cruises&query_place_id=ChIJESgQdhuRwCwRJSCjV_xWOPk,5.0,"Just enjoy and relax with sea breeze on your face. Food is nice too, from entree to desserts.
All the staffs are very friendly and smiling, looks like they love their job.",0.9997621178627014,0.00011890015593962744,0.0,0.9998810291290283,positive,7
Cape Adieu Harbour Cruises,https://www.google.com/maps/search/?api=1&query=Cape%20Adieu%20Harbour%20Cruises&query_place_id=ChIJESgQdhuRwCwRJSCjV_xWOPk,5.0,"What a fantastic cruise. Down to earth really friendly staff. BYO option! Food was reasonable, heaps of cooked prawns and fresh oysters. Steak an option for mains. Would absolutely do this cruise again.",0.9986907839775085,0.0006545680807903409,0.0,0.9993453621864319,positive,3
Cape Adieu Harbour Cruises,https://www.google.com/maps/search/?api=1&query=Cape%20Adieu%20Harbour%20Cruises&query_place_id=ChIJESgQdhuRwCwRJSCjV_xWOPk,5.0,"We had a fantastic evening celebrating my husband’s birthday. The staff were most friendly and very attentive. My husband received cake and sparkler unexpectedly. The food was amazing. Sunset superb. Really enjoyed the small, intimate atmosphere, and being close to the water. Would do it all over again.",0.9997689723968506,0.0001154899291577749,0.0,0.9998844861984253,positive,0
Cape Adieu Harbour Cruises,https://www.google.com/maps/search/?api=1&query=Cape%20Adieu%20Harbour%20Cruises&query_place_id=ChIJESgQdhuRwCwRJSCjV_xWOPk,5.0,Tonight Dinner.,0.9981153607368469,0.0009423237643204629,0.0,0.9990577101707458,positive,1
Cape Adieu Harbour Cruises,https://www.google.com/maps/search/?api=1&query=Cape%20Adieu%20Harbour%20Cruises&query_place_id=ChIJESgQdhuRwCwRJSCjV_xWOPk,5.0,"Amazing cruise, great food lovely staff",0.9997694492340088,0.00011526945309014991,0.0,0.9998847246170044,positive,2
Cape Adieu Harbour Cruises,https://www.google.com/maps/search/?api=1&query=Cape%20Adieu%20Harbour%20Cruises&query_place_id=ChIJESgQdhuRwCwRJSCjV_xWOPk,5.0,"Summed up in one word
BEAUTIFUL",0.9997358918190002,0.00013202711124904454,0.0,0.9998679161071777,positive,3
Cape Adieu Harbour Cruises,https://www.google.com/maps/search/?api=1&query=Cape%20Adieu%20Harbour%20Cruises&query_place_id=ChIJESgQdhuRwCwRJSCjV_xWOPk,5.0,Loved it,0.9997594952583313,0.0001202141575049609,0.0,0.9998797178268433,positive,3
Cape Adieu Harbour Cruises,https://www.google.com/maps/search/?api=1&query=Cape%20Adieu%20Harbour%20Cruises&query_place_id=ChIJESgQdhuRwCwRJSCjV_xWOPk,5.0,A beautiful evening out!,0.999772310256958,0.00011382286174921319,0.0,0.999886155128479,positive,3
Cape Adieu Harbour Cruises,https://www.google.com/maps/search/?api=1&query=Cape%20Adieu%20Harbour%20Cruises&query_place_id=ChIJESgQdhuRwCwRJSCjV_xWOPk,5.0,Great experience. Highly recommended. Captain Shane and his crew are awesome. Make certain that you book a dinner option.,0.9997488856315613,0.0001255693641724065,0.0,0.999874472618103,positive,2
Cape Adieu Harbour Cruises,https://www.google.com/maps/search/?api=1&query=Cape%20Adieu%20Harbour%20Cruises&query_place_id=ChIJESgQdhuRwCwRJSCjV_xWOPk,4.0,A fantastic evening from start to finish. The food was good and the service we received was excellent. A great experience to soak in the glorious Darwin sunset.,0.9997508525848389,0.00012455083196982741,0.0,0.9998754262924194,positive,3
Cape Adieu Harbour Cruises,https://www.google.com/maps/search/?api=1&query=Cape%20Adieu%20Harbour%20Cruises&query_place_id=ChIJESgQdhuRwCwRJSCjV_xWOPk,5.0,"Had a fantastic evening out on the Cape Adieu. Terrific sunset, and really good food - the highlights being the prawns and oysters for us! Enjoyed the skipper's commentary as we cruised around the harbour. BYO is a huge plus!",0.9997475743293762,0.00012618053006008267,0.0,0.9998737573623657,positive,3
Cape Adieu Harbour Cruises,https://www.google.com/maps/search/?api=1&query=Cape%20Adieu%20Harbour%20Cruises&query_place_id=ChIJESgQdhuRwCwRJSCjV_xWOPk,4.0,Thoroughly enjoyed the cruise experience in Darwin. Food ok....but a bit overrated,-0.05544421076774597,0.5277220606803894,0.0,0.47227784991264343,neutral,0
Cape Adieu Harbour Cruises,https://www.google.com/maps/search/?api=1&query=Cape%20Adieu%20Harbour%20Cruises&query_place_id=ChIJESgQdhuRwCwRJSCjV_xWOPk,5.0,A fantastic night had by all. The crew are amazing and what a Great cruise.,0.9997706413269043,0.00011467064177850261,0.0,0.9998853206634521,positive,2
Cape Adieu Harbour Cruises,https://www.google.com/maps/search/?api=1&query=Cape%20Adieu%20Harbour%20Cruises&query_place_id=ChIJESgQdhuRwCwRJSCjV_xWOPk,5.0,"Highlight of our trip to Darwin.

We loved this cruise! The staff are very attentive and you can BYO drinks. The food was superb…. We got talking to the captain and were amazed to find that they build their own Smokers for the Smoked Mackerel they serve onboard. They also cook the Prawns onboard!!!
A relaxing 2.5hrs on the harbor with an amazing sunset to match. It was the Highlight of our trip to Darwin.

Highly recommend this cruise if you ever visit Darwin.",0.999690055847168,0.0001549635926494375,0.0,0.999845027923584,positive,3
Cape Adieu Harbour Cruises,https://www.google.com/maps/search/?api=1&query=Cape%20Adieu%20Harbour%20Cruises&query_place_id=ChIJESgQdhuRwCwRJSCjV_xWOPk,5.0,Very enjoyable and relaxing. The food was great and the staff were helpful and friendly. Absolutely recommend this tour.,0.9997682571411133,0.00011589757195906714,0.0,0.9998841285705566,positive,2
Cape Adieu Harbour Cruises,https://www.google.com/maps/search/?api=1&query=Cape%20Adieu%20Harbour%20Cruises&query_place_id=ChIJESgQdhuRwCwRJSCjV_xWOPk,3.0,"Nice cruise, nice food but a bit over priced. Experience was ruined by yobbos smoking and swearing at a 22st birthday on the cruise. Offered free drinks was nice but did not make up for the annoyance.",-0.999130368232727,0.9995651841163635,0.0,0.00043479021405801177,negative,7
Cape Adieu Harbour Cruises,https://www.google.com/maps/search/?api=1&query=Cape%20Adieu%20Harbour%20Cruises&query_place_id=ChIJESgQdhuRwCwRJSCjV_xWOPk,5.0,"What a fantastic evening we had great service and food not to mention the beautiful sunset.
We were very well looked after by Chrissy who worked her butt of to make sure the evening was as pleasant as it was.
Would do again if ever back in Darwin.",0.9997060894966125,0.00014692723925691098,0.0,0.9998530149459839,positive,2
Cape Adieu Harbour Cruises,https://www.google.com/maps/search/?api=1&query=Cape%20Adieu%20Harbour%20Cruises&query_place_id=ChIJESgQdhuRwCwRJSCjV_xWOPk,5.0,"We went on this sunset cruise for a birthday dinner. It was Sunday night, and I thought it might be busy, but it was very well organised, and didn't feel crowded. The boat itself was quiet, no engine noise. I chose Cape Adieu Harbour Cruises because of the dinner menu. We were not disappointed. We are planning on staying in Darwin for a year, and loved the service, food, and cruise so much we will probably do it again in a few months. Delicious oysters, smoked Spanish Mackerel, Banana Prawns, Red Fin Salmon. The boat is licensed, but it is also byo. Staff were friendly. Thank you to all staff.",0.9990829825401306,0.0004585486894939095,0.0,0.9995415210723877,positive,7
Cape Adieu Harbour Cruises,https://www.google.com/maps/search/?api=1&query=Cape%20Adieu%20Harbour%20Cruises&query_place_id=ChIJESgQdhuRwCwRJSCjV_xWOPk,5.0,Had an amazing time! Took my friend on this 2.5h cruise as a surprise and we were both so happy about it! The food was delicious and we had the option to BYO as well! Cant stress enough on how lovely our italian waitress was. Thank you again for the perfect evening. Would definitely recommend this cruise to everyone.,0.9997511506080627,0.00012440091813914478,0.0,0.999875545501709,positive,2
Cape Adieu Harbour Cruises,https://www.google.com/maps/search/?api=1&query=Cape%20Adieu%20Harbour%20Cruises&query_place_id=ChIJESgQdhuRwCwRJSCjV_xWOPk,5.0,A great 3hr cruise with excellent food (smoked Spanish mackerel to die for) and great service from the crew money well spent .,0.9994503855705261,0.0002747756370808929,0.0,0.9997251629829407,positive,2
Cape Adieu Harbour Cruises,https://www.google.com/maps/search/?api=1&query=Cape%20Adieu%20Harbour%20Cruises&query_place_id=ChIJESgQdhuRwCwRJSCjV_xWOPk,5.0,"A beautiful night out. The boat is small enough to feel intimate, food was delicious  (especially the oysters and banana prawns) and the fact it's BYO makes it even better.",0.9996472001075745,0.00017641010344959795,0.0,0.9998236298561096,positive,7
Cape Adieu Harbour Cruises,https://www.google.com/maps/search/?api=1&query=Cape%20Adieu%20Harbour%20Cruises&query_place_id=ChIJESgQdhuRwCwRJSCjV_xWOPk,5.0,A great time,0.9997598528862,0.00012007979239569977,0.0,0.9998799562454224,positive,3
Cape Adieu Harbour Cruises,https://www.google.com/maps/search/?api=1&query=Cape%20Adieu%20Harbour%20Cruises&query_place_id=ChIJESgQdhuRwCwRJSCjV_xWOPk,5.0,"Great night out!
We came onboard to celebrate my wife’s Birthday and it was such a memorable experience, a night we won’t forget! From start to finish we were greeted with smiles and great customer service. The staffs were attentive but not intrusive and the food was delicious! We had 4 courses, the seafood was outstanding especially the Smoked Mackerel, Salads were fresh & tasty and to top it all off the Homemade cheesecakes for dessert were Splendid. They even put a Sparkler on my wife’s dessert and greeted her Happy Birthday!

We sat on the front deck and had an amazing view if the Sunset, the captain turned the boat around just as it set so that everyone on board had a good chance to take pictures.

BYO is allowed and they even put your drinks on ice for you.

If you’re ever in Darwin this is a Must Do!  :)",0.9997063279151917,0.0001468067930545658,0.0,0.9998531341552734,positive,7
Cape Adieu Harbour Cruises,https://www.google.com/maps/search/?api=1&query=Cape%20Adieu%20Harbour%20Cruises&query_place_id=ChIJESgQdhuRwCwRJSCjV_xWOPk,1.0,"Rude arrogant owner and bad food, don’t do this one",-0.9990338683128357,0.9995169639587402,0.0,0.00048306959797628224,negative,1
Cape Adieu Harbour Cruises,https://www.google.com/maps/search/?api=1&query=Cape%20Adieu%20Harbour%20Cruises&query_place_id=ChIJESgQdhuRwCwRJSCjV_xWOPk,4.0,Excellent food nice staff great trip,0.9997358322143555,0.0001320651499554515,0.0,0.9998679161071777,positive,2
Cape Adieu Harbour Cruises,https://www.google.com/maps/search/?api=1&query=Cape%20Adieu%20Harbour%20Cruises&query_place_id=ChIJESgQdhuRwCwRJSCjV_xWOPk,5.0,"Beautiful evening out, not rushed at all. Lovely fresh produce...casual relaxed atmosphere",0.999622642993927,0.00018867851758841425,0.0,0.9998113512992859,positive,2
Cape Adieu Harbour Cruises,https://www.google.com/maps/search/?api=1&query=Cape%20Adieu%20Harbour%20Cruises&query_place_id=ChIJESgQdhuRwCwRJSCjV_xWOPk,5.0,Wonderful  wonderful what a great night. A must do again one day,0.9997755885124207,0.00011222255125176162,0.0,0.9998878240585327,positive,2
Cape Adieu Harbour Cruises,https://www.google.com/maps/search/?api=1&query=Cape%20Adieu%20Harbour%20Cruises&query_place_id=ChIJESgQdhuRwCwRJSCjV_xWOPk,5.0,Great service. Great boat. Great seafood - more than you could possibly eat. Great value. Highly recommend.,0.9997244477272034,0.00013772920647170395,0.0,0.9998621940612793,positive,2
Cape Adieu Harbour Cruises,https://www.google.com/maps/search/?api=1&query=Cape%20Adieu%20Harbour%20Cruises&query_place_id=ChIJESgQdhuRwCwRJSCjV_xWOPk,5.0,Superb! Seafood was generous and delicious,0.9997663497924805,0.00011683687625918537,0.0,0.9998831748962402,positive,2
Cape Adieu Harbour Cruises,https://www.google.com/maps/search/?api=1&query=Cape%20Adieu%20Harbour%20Cruises&query_place_id=ChIJESgQdhuRwCwRJSCjV_xWOPk,5.0,Had a great trip around the harbour - very relaxing.,0.9995626211166382,0.00021868260228075087,0.0,0.9997813105583191,positive,3
Cape Adieu Harbour Cruises,https://www.google.com/maps/search/?api=1&query=Cape%20Adieu%20Harbour%20Cruises&query_place_id=ChIJESgQdhuRwCwRJSCjV_xWOPk,5.0,"I organised my engagement party with these guys and it was absolutely fantastic. We had friends and family come up from down south and they were extremely impressed.
Matthew was the main person I corresponded with, and he was always extremely helpful, accommodating and punctual with replying to my many questions.
The food was brilliant as well, the chef seemed a bit young when I first saw him, but he definitely knows what he is doing, every course was amazing.
The other staff and the captain of the boat were just as fantastic as the others, really helpful and happy to answer questions, bring drinks over to people (we brought all our own drinks) and even help out the younger members of our entourage; my little brother had trouble with his steak and without a word from anyone, one of the staff members was cutting up his steak for him.

The night was absolutely fantastic and I cannot fault these guys on anything, thank you so much for such a memorable night!",0.9997162818908691,0.00014186528278514743,0.0,0.9998581409454346,positive,7
Cape Adieu Harbour Cruises,https://www.google.com/maps/search/?api=1&query=Cape%20Adieu%20Harbour%20Cruises&query_place_id=ChIJESgQdhuRwCwRJSCjV_xWOPk,1.0,"The cruise was very informative and the sunset was lovely.However I don't think the buffet meal was value for money. Only 4 salads, one being tinned baby beets and another couscous.  The other two were nice but they ran out by the time the main course cane round. Only one dessert which was a small crumble which I liked but it would have been nice to have a choice. $92 for seniors not worth the money",-0.9942425489425659,0.997121274471283,0.0,0.0028787271585315466,negative,7
Cape Adieu Harbour Cruises,https://www.google.com/maps/search/?api=1&query=Cape%20Adieu%20Harbour%20Cruises&query_place_id=ChIJESgQdhuRwCwRJSCjV_xWOPk,5.0,"My sister and her husband were visiting Darwin and we took them out on a sunset cruise on the Cape Adieu. It was the most wonderful night - we were seated on the top deck at the stern and had a wonderful view, delicious food and excellent music interspersed with informative commentary about the sights we sailed past. The weather was perfect and the crew were organised and attentive. This was the best outing we have ever had in our 2 years in Darwin. We will take all our visitors on this cruise in future.",0.9997575879096985,0.00012117307778680697,0.0,0.9998787641525269,positive,0
Sea Darwin - Sea Tiwi,https://www.google.com/maps/search/?api=1&query=Sea%20Darwin%20-%20Sea%20Tiwi&query_place_id=ChIJOcwtcRyRwCwRhQWjEhONVzU,5.0,"I did the half day tour, visiting the bunkers at Charles Darwin NP, the ww2 Darwin bombing museum & harbour cruise.
Mariet is so knowledgeable about the attack and also took time to tell us about historic buildings on the way around. She also got the museum people to run the video presentation as soon as we arrived, to free us up to see the rest of the exhibits.
I had difficulty getting to the city for the 8am start (stayed out of town, missed bus, hitchhiked & walked) and Mariet was very kind and flexible, communicating well in helping me to join part-way. She even offered to take me back to the bunkers at the end, to cover the bit I missed.
The bunkers and museum are must-sees and the only improvement i could suggest is more time in the museum, there's a lot to see and learn about. Tho I acknowledge there's a schedule to catch the boat which other people do separately, so there's time pressure.
On the cruise David was very entertaining and it was great to get out on the water to see the city from a different perspective. There's actually not a lot of ww2 stuff to see out there, but the stories were great.
A long review but can I add big thanks to Lucy and Mariet for fitting me in and giving me a superb morning.",0.9833855628967285,0.008307202719151974,0.0,0.9916927814483643,positive,0
Sea Darwin - Sea Tiwi,https://www.google.com/maps/search/?api=1&query=Sea%20Darwin%20-%20Sea%20Tiwi&query_place_id=ChIJOcwtcRyRwCwRhQWjEhONVzU,5.0,"We went on an absolutely amazing turtle tour with Sea Darwin-Sea Tiwi. One of the best wildlife experiences I have ever had and can't recommend enough. A really special place and experience, it was an honour to see the turtle mums laying their eggs and a few little hatchlings that hadn't made it out with their siblings, the beautiful bare sand and stars as we waited for them to come out of the water.
The process around not disturbing the turtles as much as possible was fantastic and the meal on board was healthy and delicious.
Apart from this we were absolutely humbled by how amazing and lovely the crew were. I was quite pregnant on the trip and would have understood if they declined to take me (particularly given how limited these spots are), instead they went to an extraordinary effort to accommodate me, including changing boats, and were so lovely about it. I felt quite embarrassed to have caused such effort but extremely grateful. The trip was an absolutely sensational experience and so grateful to have been able to go and experience such a special part of the world. Thank you very, very much to everyone involved.",0.999536395072937,0.0002318035258213058,0.0,0.9997681975364685,positive,6
Sea Darwin - Sea Tiwi,https://www.google.com/maps/search/?api=1&query=Sea%20Darwin%20-%20Sea%20Tiwi&query_place_id=ChIJOcwtcRyRwCwRhQWjEhONVzU,5.0,"We went on the Turtle Tracks tour. What an experience! The crew were extremely knowledgeable and respectful, looked after us extremely well and made sure we had an awesome time. Couldn't fault the tour. It is an experience not to be missed.",0.9996567368507385,0.00017160932475235313,0.0,0.9998283386230469,positive,6
Sea Darwin - Sea Tiwi,https://www.google.com/maps/search/?api=1&query=Sea%20Darwin%20-%20Sea%20Tiwi&query_place_id=ChIJOcwtcRyRwCwRhQWjEhONVzU,4.0,"Our group enjoyed the Fish and Chips Sunset Cruise!!  Fish and Chips were nice and fresh, drinks cold and staff friendly.  We would have liked it to be more informative.  The staff obviously know all the information, as they were talking to different people and ourselves if we asked questions, but if they were announcing something it was very hard to hear.  A suggestion of having a microphone so there could be a running commentary of the areas we were seeing, and that way everyone could hear too.  Thank you we enjoyed ourselves",0.9863451719284058,0.006827413570135832,0.0,0.9931725859642029,positive,1
Sea Darwin - Sea Tiwi,https://www.google.com/maps/search/?api=1&query=Sea%20Darwin%20-%20Sea%20Tiwi&query_place_id=ChIJOcwtcRyRwCwRhQWjEhONVzU,5.0,"Loved this sunset cruise. The fish and chips were fresh and hot, the drinks cold and the crew friendly and knowledgeable. Great mix of tranquility at sunset  with a bit of speedboating on the way home 👌🏻",0.9996126890182495,0.00019367336062714458,0.0,0.9998063445091248,positive,3
Sea Darwin - Sea Tiwi,https://www.google.com/maps/search/?api=1&query=Sea%20Darwin%20-%20Sea%20Tiwi&query_place_id=ChIJOcwtcRyRwCwRhQWjEhONVzU,5.0,"Did the WW2 by Land & Sea half day tour with Ferry cruise. Picked up at 8 am from esplanade accom with first stop at Survivor's Lookout nearby, then a sight seeing drive through city, premier Bayview & marina suburbs, paspaley pearl origins & checked out Darwin National Park with its hidden ammunition bunkers & scenic lookout. Followed by the WW2 Bombing of Darwin ferry cruise. Then East Point area drive past plus 1.5 hours stop at Darwin Military Museum. Finally dropped off where we wanted to be - Darwin waterfront Stokes Hill wharf. About 4.5 hrs tour - think I have covered it order of sequence..

Enjoyed it all -  guide & driver Trevor was informative & obliging with a welcome esky of icy bottled water which I felt like dousing myself with to cool off..🤓

On the harbour cruise, lucky us got to ferry past the majestic & biggest aircraft carrier in the British Navy - HMS Prince of Wales which had docked only 2 days before for a large scale military exercise with multiple nations. Port of Darwin & naval base flies under the radar in history & in the news but was & is a strategic defence base. Darwin Harbour is 60 x bigger than Sydney Harbour.

This guided tour & cruise was an eye opener & by the time my first visit to Darwin came to an end, I transformed into an enlightened Darwin devotee!

Ferry cruise included Anzac bikie handout & 5 mins bobbing over the sunken grave of WW2 casualties. A small TV screen in front of ferry showed sonar imaging of these vessels which made little sense & those at the back wld have visually blanked. A poignant Remembrance moment totally lost on us.

Instead of this meaningless offering - how about projecting an actual undersea video of these WW2 sunken ships a la Titanic & request a minute silence in remembrance & then distribute the bikies? A larger TV screen is needed. Can you Sea Darwin - this wld be a fitting tribute..👌🏽👌🏽✨️✨️",0.9911189675331116,0.0044405050575733185,0.0,0.9955594539642334,positive,0
Sea Darwin - Sea Tiwi,https://www.google.com/maps/search/?api=1&query=Sea%20Darwin%20-%20Sea%20Tiwi&query_place_id=ChIJOcwtcRyRwCwRhQWjEhONVzU,5.0,"Honestly, this was the absolute best trip. Highly recommend!",0.9997313618659973,0.00013427165686152875,0.0,0.9998656511306763,positive,2
Sea Darwin - Sea Tiwi,https://www.google.com/maps/search/?api=1&query=Sea%20Darwin%20-%20Sea%20Tiwi&query_place_id=ChIJOcwtcRyRwCwRhQWjEhONVzU,5.0,"We thoroughly enjoyed the sunset cruise. The fish N chips were fresh & delicious, the bubbly chilled and pleasant, the crew were very welcoming and hospitable. The actual trip was great fun and the views picturesque. Thanks for a lovely night.",0.999777615070343,0.00011118983820779249,0.0,0.9998887777328491,positive,2
Sea Darwin - Sea Tiwi,https://www.google.com/maps/search/?api=1&query=Sea%20Darwin%20-%20Sea%20Tiwi&query_place_id=ChIJOcwtcRyRwCwRhQWjEhONVzU,5.0,This is a great package. Harbour cruise was great with funny informative guide. RFDS display was excellent. A easy stroll back to the Waterfront then up the steps to the Main Street.,0.9996081590652466,0.00019592282478697598,0.0,0.9998040795326233,positive,3
Sea Darwin - Sea Tiwi,https://www.google.com/maps/search/?api=1&query=Sea%20Darwin%20-%20Sea%20Tiwi&query_place_id=ChIJOcwtcRyRwCwRhQWjEhONVzU,5.0,We had a wonderful experience with a pair of knowledgeable guides who care a lot about showcasing the turtles in a respectful way.,0.9996965527534485,0.00015171081759035587,0.0,0.9998482465744019,positive,6
Sea Darwin - Sea Tiwi,https://www.google.com/maps/search/?api=1&query=Sea%20Darwin%20-%20Sea%20Tiwi&query_place_id=ChIJOcwtcRyRwCwRhQWjEhONVzU,3.0,"A disappointing tour tonight, with almost no talk by the crew on where we were on the harbour.  While the sunset was pretty, we felt so sorry for people seated on the ""wrong"" side as the boat was never repositioned to enable
them a close up of the view.
The crew would answer a question or two from guests and the rest of us had to eavesdrop to gain any local knowledge.
The team here could take some lessons from the Tamanian teams of Bruny Island cruising fame.
The fish and chips were nice.",-0.9936354756355286,0.9968177080154419,0.0,0.003182255197316408,negative,6
Sea Darwin - Sea Tiwi,https://www.google.com/maps/search/?api=1&query=Sea%20Darwin%20-%20Sea%20Tiwi&query_place_id=ChIJOcwtcRyRwCwRhQWjEhONVzU,5.0,"A group of us from Melbourne went on a cruise with Gavin,Mary and Kate, what a great experience, we found Gavin and the girls to be friendly and informative and we all enjoyed ourselves immensely.",0.9997811317443848,0.0001094361359719187,0.0,0.9998905658721924,positive,0
Sea Darwin - Sea Tiwi,https://www.google.com/maps/search/?api=1&query=Sea%20Darwin%20-%20Sea%20Tiwi&query_place_id=ChIJOcwtcRyRwCwRhQWjEhONVzU,5.0,"The Bombing of Darwin cruise on Anzac Day morning was an unforgettable experience. Super professional staff, the commentary was relaxed and deeply knowledgeable. It was very moving when they gave us an Anzac biscuit with John Schumann’s Anzac Biscuit song playing. Very highly recommended.",0.9996634125709534,0.00016827012586873025,0.0,0.9998316764831543,positive,2
Sea Darwin - Sea Tiwi,https://www.google.com/maps/search/?api=1&query=Sea%20Darwin%20-%20Sea%20Tiwi&query_place_id=ChIJOcwtcRyRwCwRhQWjEhONVzU,5.0,"We had an amazing afternoon on the sunset cruise with Gavin and team. He was super friendly, easy to talk to and ask questions and made the trip enjoyable. Thank you again!",0.9997740387916565,0.0001129418087657541,0.0,0.9998869895935059,positive,2
Sea Darwin - Sea Tiwi,https://www.google.com/maps/search/?api=1&query=Sea%20Darwin%20-%20Sea%20Tiwi&query_place_id=ChIJOcwtcRyRwCwRhQWjEhONVzU,3.0,I was really looking forward to this trip but unfortunately it did not live up to my expectations.  There was no interaction between the guide and customers.  It was delivered in a monotone voice. If one passenger had not asked how the wreck was found we wouldn't have learnt about diver who found it. Sorry guys but totally not worth money.,-0.999517560005188,0.999758780002594,0.0,0.00024124131596181542,negative,5
Sea Darwin - Sea Tiwi,https://www.google.com/maps/search/?api=1&query=Sea%20Darwin%20-%20Sea%20Tiwi&query_place_id=ChIJOcwtcRyRwCwRhQWjEhONVzU,2.0,"We did the WWII bombing tour, and where to begin - firstly, we could barely hear the guide throughout. Instead of having a microphone that works with the boat speakers (which we know work thanks to the lovely Glenn Miller we heard), they have bought a cheap karaoke machine which kept cutting out. Expecting an interesting history lesson, we were instead met with a monotone guide, telling the story with no real flow and zero inspiration, failing to ask if anyone had questions and not really interacting with the group. My personal 'favourite' part of the tour was when we were told we were going to a shipwreck - I thought we'd see parts of the boat sticking out of the water, perhaps some rusty masts. Instead, we were at the site, tilting our heads up to look at a screen of an infrared map to 'see it on the seabed'... it looked more like a mountain than a boat. To quote my mother, ""the only part I enjoyed was when the boat went fast."" It's no good seeing the sites of the action if the commentary going along with it is uninteresting. I really do not think this was worth the over $100 paid.",-0.9994546175003052,0.9997273087501526,0.0,0.00027271852013655007,negative,7
Sea Darwin - Sea Tiwi,https://www.google.com/maps/search/?api=1&query=Sea%20Darwin%20-%20Sea%20Tiwi&query_place_id=ChIJOcwtcRyRwCwRhQWjEhONVzU,5.0,"We had a magical night aboard.  Captain Jim and gypsy were awsome. We left on time, had an amazing feed of fish and chips. The Territory sunset was like nothing I've seen before.  Truly unforgettable.  The whole trip was seamless.  Would do the sunset cruise again.",0.999363124370575,0.00031848318758420646,0.0,0.9996815919876099,positive,4
Sea Darwin - Sea Tiwi,https://www.google.com/maps/search/?api=1&query=Sea%20Darwin%20-%20Sea%20Tiwi&query_place_id=ChIJOcwtcRyRwCwRhQWjEhONVzU,5.0,Excellent tour of Darwin Harbour with information on the bombing of Darwin in WW2 and then a short visit to a croc trap. Julia and Gavin were excellent guides and we thoroughly enjoyed the experience learning such a lot in a short space of time. Would recommend this tour as a start to a visit as it puts a lot of the important places on land into context. Sorry not to have had more time in Darwin,0.9983715415000916,0.0008142258157022297,0.0,0.9991857409477234,positive,0
Sea Darwin - Sea Tiwi,https://www.google.com/maps/search/?api=1&query=Sea%20Darwin%20-%20Sea%20Tiwi&query_place_id=ChIJOcwtcRyRwCwRhQWjEhONVzU,5.0,"We attended 2 tours with Sea Darwin in August; Bombing of Darwin tour and Turtle Tracks.
The Bombing of Darwin tour was fab, very informative and engaging! Betty took us around in the new bus, I think she was more excited than us! Great tour and great guide.
Turtle tracks tour - I think this is the best tour I've ever been on. Our guides were brilliant, so knowledgeable and respectful of all the wildlife. We saw about 40 tiny turtles emerging from their nest, a beautiful thing to witness! Because it wasn't dark enough to release them, they were put in a canvas bag and given to my partner for safe keeping and warmth! So sweet. We then saw a mama turtle dig a nest and lay her eggs.
Releasing the babies under the milky way was an experience I'll never forget.
The boat ride back included food and drinks, which were lush!
We'd highly recommend Sea Darwin for their tours, and if we're ever in the Top End again, we'll be sure to book another 😊",0.9994238615036011,0.000288092385744676,0.0,0.9997119307518005,positive,6
Sea Darwin - Sea Tiwi,https://www.google.com/maps/search/?api=1&query=Sea%20Darwin%20-%20Sea%20Tiwi&query_place_id=ChIJOcwtcRyRwCwRhQWjEhONVzU,5.0,"We did the Turtle Tracks tour to Bare Sand Island and had such a wonderful time…..lucked in with a turtle coming ashore and also hatchlings making their way out of their nest!
Big thanks to Nat and Ella for their incredible knowledge and commitment to the turtles and to Kerry for his boating skills!",0.9996676445007324,0.00016618180961813778,0.0,0.9998338222503662,positive,6
Sea Darwin - Sea Tiwi,https://www.google.com/maps/search/?api=1&query=Sea%20Darwin%20-%20Sea%20Tiwi&query_place_id=ChIJOcwtcRyRwCwRhQWjEhONVzU,5.0,"Amazing Experience 100% recommend!
We took the Turtle Tracks tour to Bare Sand Island. Kerry, Emma and Julia took great care of everyone from the very start of the trip.  Following a fun boat trip or to the island we hopped off to discover an island full of beautiful sand dunes.  It wasn't long before Enma found a nest that had recently hatched. Upon checking there were a few stragglers left behind. A bit further up the beach a hstchling was being hassled by sea gulls. All 4 babies were released to sea. We were also lucky enough to see a female lay her eggs and create her body pit before heading back to sea.  The sunset was glorious and the stars! So many.   Thanks for a great trip!",0.9981991648674011,0.0009004252497106791,0.0,0.999099612236023,positive,6
Sea Darwin - Sea Tiwi,https://www.google.com/maps/search/?api=1&query=Sea%20Darwin%20-%20Sea%20Tiwi&query_place_id=ChIJOcwtcRyRwCwRhQWjEhONVzU,5.0,"What a great affordable trip around the Harbour, great experience, excellent fish and chips, sunset for the romantics and little bit for the adrenaline junkies thrown in, the crew were first class and very informative, a must do if in Darwin.",0.9991263747215271,0.00043679357622750103,0.0,0.9995631575584412,positive,3
Sea Darwin - Sea Tiwi,https://www.google.com/maps/search/?api=1&query=Sea%20Darwin%20-%20Sea%20Tiwi&query_place_id=ChIJOcwtcRyRwCwRhQWjEhONVzU,5.0,"Thank you so much, Sea Darwin Sea Tiwi crew, Carolyn, Emma, Kerry, and Bare Sand Island team for an incredible trip to Bare Island. Just everything we had hoped for: great information (so interesting), flatback turtle mums being perfectionists as they chose the best place for nesting, soooooo cute hatchlings, a crocodile masquerading as a log, a glorious sunset, lots of turtle heads bobbing in the sea waiting till it was safe to come up, a glorious moon, such stars, and delish food.
Good luck with plans for Sea Tiwi. #SeaDarwin, #SeaTiwi, #see turtles and recommend everyone to see you.",0.9995381236076355,0.00023092335322871804,0.0,0.9997690320014954,positive,6
Sea Darwin - Sea Tiwi,https://www.google.com/maps/search/?api=1&query=Sea%20Darwin%20-%20Sea%20Tiwi&query_place_id=ChIJOcwtcRyRwCwRhQWjEhONVzU,5.0,"We had a great tour with Kerry, Carolyn and Emma. They were very welcoming and passed on a lot of information about the turtles, which was very interesting. We were extremely lucky as we saw the old man crocodile, turtles hatching, turtles laying eggs, almost a full moon and the Milky Way. The fast boat was fun. A special experience and worth the money.",0.9996636509895325,0.00016812160902190953,0.0,0.9998317956924438,positive,6
Sea Darwin - Sea Tiwi,https://www.google.com/maps/search/?api=1&query=Sea%20Darwin%20-%20Sea%20Tiwi&query_place_id=ChIJOcwtcRyRwCwRhQWjEhONVzU,1.0,"They canceled our boat last minute and were all out of seats despite us booking months in advance so we watched from the shore.  Poor management on this occasion and need to give these people a miss. Very disappointing.
As apologetic as this company has been, we were still shafted and missed our tour while others who booked later than us managed to get theirs. We watched them go out on another boat from the beach. Not good enough. Sorry.",-0.9996170401573181,0.9998084902763367,0.0,0.00019147366401739419,negative,5
Sea Darwin - Sea Tiwi,https://www.google.com/maps/search/?api=1&query=Sea%20Darwin%20-%20Sea%20Tiwi&query_place_id=ChIJOcwtcRyRwCwRhQWjEhONVzU,5.0,"Yesterday evening we ventured with Sea Darwin out to Bare Sand Island for the turtle nesting. From the moment we stepped aboard the crew was amazing and never stopped looking after the passengers, with insights, general chat and ensuring everyone was comfortable and enjoying the trip.
Once on the island, our minds were blown!  We lost count of how many turtles we saw wandering up to the dunes to lay their eggs.  The knowledgeable team were very respectful of the turtles and ensured we all stayed out of sight of the turtles, while we witnessed every step - from digging the nest and then the the egg chamber, laying the eggs, re-covering the nest with sand and heading back into the water to swim off into the sunset.  It was amazing and the knowledge of the team was next level. We learnt so much and can’t recommend this trip enough…. Oh and did I mention the meal and drinks that were served, absolutely delicious.  Thank you Sea Darwin for a fantastic evening",0.9987640380859375,0.0006179920746944845,0.0,0.9993820190429688,positive,6
Sea Darwin - Sea Tiwi,https://www.google.com/maps/search/?api=1&query=Sea%20Darwin%20-%20Sea%20Tiwi&query_place_id=ChIJOcwtcRyRwCwRhQWjEhONVzU,5.0,All the team at Sea Darwin were fabulous! Big thanks to Lynda for coordination efforts and skipper Adrian for bringing the vibes! Can’t recommend this tour and company enough for your Darwin adventuring 🌈🚤🤙,0.999181866645813,0.0004090449947398156,0.0,0.9995909333229065,positive,6
Sea Darwin - Sea Tiwi,https://www.google.com/maps/search/?api=1&query=Sea%20Darwin%20-%20Sea%20Tiwi&query_place_id=ChIJOcwtcRyRwCwRhQWjEhONVzU,5.0,We did the 1 hour harbour cruise with Kerry and Julia as our hosts.  Fantastic local knowledge and history with good humour thrown in.  A quick trip well worth doing!,0.9997141361236572,0.00014293634740170091,0.0,0.9998570680618286,positive,1
Sea Darwin - Sea Tiwi,https://www.google.com/maps/search/?api=1&query=Sea%20Darwin%20-%20Sea%20Tiwi&query_place_id=ChIJOcwtcRyRwCwRhQWjEhONVzU,5.0,"Schöne Hafentour, Adrian und Danny sind die extra Meile gegangen und haben sich die Zeit genommen für eine Gruppe Delphine zu stoppen. Generell gab es genug Zeit um zwischen den Sprints Fotos zu machen. Man sieht alle Gegenden des Hafens inclusive Mangroven und bis ca. Mindil Beach. Das Boot ist ein großes Schnellboot mit Sonnenschutz. Es gibt eine Bar an Bord und sogar ein Klo. Die Ganze Fahrt wird mit Kommentaren begleitet.",-0.9867138266563416,0.9933568835258484,0.0,0.006643037777394056,negative,5
Sea Darwin - Sea Tiwi,https://www.google.com/maps/search/?api=1&query=Sea%20Darwin%20-%20Sea%20Tiwi&query_place_id=ChIJOcwtcRyRwCwRhQWjEhONVzU,5.0,"Captain Adrian and his crew, Kate & Carolyn were fantastic! Greeted with a beverage on boarding and enjoyed the beautiful fish n chips while taking in the sunset. Adrian passing on his local knowledge which made for a great experience.",0.9996683597564697,0.00016580874216742814,0.0,0.9998341798782349,positive,1
Sea Darwin - Sea Tiwi,https://www.google.com/maps/search/?api=1&query=Sea%20Darwin%20-%20Sea%20Tiwi&query_place_id=ChIJOcwtcRyRwCwRhQWjEhONVzU,5.0,Highly recommend! Awesome experience. Team on board very informative very friendly. Good was delish. Adrian is a great driver and host,0.9997444152832031,0.0001278175477636978,0.0,0.9998722076416016,positive,4
Sea Darwin - Sea Tiwi,https://www.google.com/maps/search/?api=1&query=Sea%20Darwin%20-%20Sea%20Tiwi&query_place_id=ChIJOcwtcRyRwCwRhQWjEhONVzU,5.0,"We went on the Bombing of Darwin Tour in the Wet season, which was hot but its in a covered canopy boat so that doesn't matter! The tour guides were very friendly and chatty and really interesting to listen too. Loved it!",0.9957321882247925,0.0021338998340070248,0.0,0.9978660941123962,positive,6
Sea Darwin - Sea Tiwi,https://www.google.com/maps/search/?api=1&query=Sea%20Darwin%20-%20Sea%20Tiwi&query_place_id=ChIJOcwtcRyRwCwRhQWjEhONVzU,5.0,I did the half day WW2 by Land and Sea tour with my teenage son. This was an excellent tour and one of our best experiences in Darwin. The tour goes to key sites from the boming of Darwin including a harbour cruise. A visit to the Darwin Military Museum was included - this was one of the best museums I've ever been to for its size and I want to go back for a longer visit. Highly recommended if you have a free half day in Darwin.,0.9993853569030762,0.00030732672894373536,0.0,0.9996926784515381,positive,0
Sea Darwin - Sea Tiwi,https://www.google.com/maps/search/?api=1&query=Sea%20Darwin%20-%20Sea%20Tiwi&query_place_id=ChIJOcwtcRyRwCwRhQWjEhONVzU,5.0,"Did the sunset cruise. Very enjoyable, with a nice informative cruise around the harbour, complimentary drink and a delicious serve of fish and chips.
Friendly attentive crew made for a lovely evening. Highly recommend.",0.9997685551643372,0.00011569626803975552,0.0,0.9998842477798462,positive,1
Sea Darwin - Sea Tiwi,https://www.google.com/maps/search/?api=1&query=Sea%20Darwin%20-%20Sea%20Tiwi&query_place_id=ChIJOcwtcRyRwCwRhQWjEhONVzU,5.0,"So glad we chose Sea Darwin to do the sunset harbour cruise. The crew were very friendly, the food delicious and the views spectacular! Experiencing donuts on the water was an added bonus. So much fun!",0.9996769428253174,0.00016150297597050667,0.0,0.9998384714126587,positive,2
Sea Darwin - Sea Tiwi,https://www.google.com/maps/search/?api=1&query=Sea%20Darwin%20-%20Sea%20Tiwi&query_place_id=ChIJOcwtcRyRwCwRhQWjEhONVzU,5.0,Had the best night.  The staff were so helpful and knowledgeable.  Fish n chips were fresh and hot and perfect to eat out on the magnificent Darwin Harbour. Stepping out to watch the sunset in the middle of the harbour was a complete surprise and l know just lucky but to actually touch h the water safely in Darwin was brilliant. Highly recommend this tour have done the yp market ones but so down to earth and personal.  Will tell all my friends,0.9996181726455688,0.0001909123529912904,0.0,0.9998090863227844,positive,2
Sea Darwin - Sea Tiwi,https://www.google.com/maps/search/?api=1&query=Sea%20Darwin%20-%20Sea%20Tiwi&query_place_id=ChIJOcwtcRyRwCwRhQWjEhONVzU,5.0,"People very nice, thank you very much to help. I’m happy to meet people very humans. I recommande this company
French girl. Good workers 😊",0.9996812343597412,0.00015939251170493662,0.0,0.9998406171798706,positive,5
Sea Darwin - Sea Tiwi,https://www.google.com/maps/search/?api=1&query=Sea%20Darwin%20-%20Sea%20Tiwi&query_place_id=ChIJOcwtcRyRwCwRhQWjEhONVzU,5.0,This was a life-changing experience. So humbling to watch these beautiful creatures laying their eggs in such a pristine location. Worth every cent!!!,0.9995943307876587,0.00020284901256673038,0.0,0.9997971653938293,positive,6
Sea Darwin - Sea Tiwi,https://www.google.com/maps/search/?api=1&query=Sea%20Darwin%20-%20Sea%20Tiwi&query_place_id=ChIJOcwtcRyRwCwRhQWjEhONVzU,5.0,"One of the best cruises I’ve ever been on! So so so much fun! The skipper and crew were fantastic and so accommodating. The fish and chips were fresh and delicious. We cruised around the harbour in the speed boat, we saw massive ships and the skipper had a wealth of knowledge. Would highly recommend!",0.9997702240943909,0.00011488625023048371,0.0,0.999885082244873,positive,1
Sea Darwin - Sea Tiwi,https://www.google.com/maps/search/?api=1&query=Sea%20Darwin%20-%20Sea%20Tiwi&query_place_id=ChIJOcwtcRyRwCwRhQWjEhONVzU,5.0,We were on the fish and chips sunset cruise and it was fantastic. The fish and chip hot and fresh. The staff were outstanding and very friendy.,0.9997687339782715,0.00011560837447177619,0.0,0.9998843669891357,positive,1
Sea Darwin - Sea Tiwi,https://www.google.com/maps/search/?api=1&query=Sea%20Darwin%20-%20Sea%20Tiwi&query_place_id=ChIJOcwtcRyRwCwRhQWjEhONVzU,5.0,Thank you for a great day.  I enjoyed learning all about our history in WW2.  Your guides were knowledgeable and friendly.  The sites were relevant.,0.9997451305389404,0.00012744247214868665,0.0,0.9998725652694702,positive,0
Sea Darwin - Sea Tiwi,https://www.google.com/maps/search/?api=1&query=Sea%20Darwin%20-%20Sea%20Tiwi&query_place_id=ChIJOcwtcRyRwCwRhQWjEhONVzU,5.0,Bombing of Darwin cruise. Fantastic cruise around the historical water sites with added commentary of land sites affected by 1942 attack.  Skipper shared his passion and knowledge in the most detailed way. Would cruise SHEIN with this company.,0.999418318271637,0.0002908413589466363,0.0,0.9997091889381409,positive,3
Sea Darwin - Sea Tiwi,https://www.google.com/maps/search/?api=1&query=Sea%20Darwin%20-%20Sea%20Tiwi&query_place_id=ChIJOcwtcRyRwCwRhQWjEhONVzU,5.0,What an experience. The Turtle Tracks tour was outstanding. After a 1hr45min fast boat ride we arrived at Bare Sand island.  We were able to hold some turtle hatchlings which we got to release into the ocean once the moon was high enough.  After a barefoot walk along the beach we started to see a couple of turtles begin their trek up from the water to a nesting spot. Amazingly we were able to get up close and personal and watch this amazing mama lay her eggs and then cover them over.  Such a humbling experience.  Our guides on the beach were a wealth of information being marine biologists. They obviously knew their stuff. The boat ride back included an amazing bento box dinner and a drink or two.  Thank you skipper and crew for an experience we will never forget,0.9993906021118164,0.00030466963653452694,0.0,0.9996953010559082,positive,6
Sea Darwin - Sea Tiwi,https://www.google.com/maps/search/?api=1&query=Sea%20Darwin%20-%20Sea%20Tiwi&query_place_id=ChIJOcwtcRyRwCwRhQWjEhONVzU,3.0,"Good cruise, fast boat, and good F & C and drinks and staff.
However, be warned, as advertised, seating is allocated arbitrarily on boarding.
And yes, even though you’re in a queue, they filled the back row, including middle of the back row even though unobstructed viewing seats were plentiful up front at time of boarding.
OUR SEATS were middle of back row with an excellent view of the drivers rear and beyond that a shoulder high console housing instruments etc. So of 180 degrees, probably 90 degrees of view obstructed by that, and the remainder OBSTRUCTED by posts,  2 other standing staff, and other passengers.
DISAPPOINTING.
Either side of us other passengers enjoyed unobstructed views, apart from their partner, to the sights and the sunset.

Solution:
REMOVE THOSE MIDDLE BACK SEATS.
CUSTOMERS all PAY the same. Surely they’re ALL entitled to ( reasonably) unobstructed views.

14 /12 2022 - In response to owner.

While appearances could be deceiving it appeared to be arbitrarily allocated ON BOARDING by the pleasant, young staff. Disingenuous to say otherwise and comments regarding being able to move about the boat are in a similar vein as a fair proportion of tour is while the boat is moving. Eating would also be awkward standing and moving about the small boat means you’d be actively disrupting other passengers views due to most of the boats accessible area being allocated to seating.

Those middle back seats are really rubbish!",-0.9299191832542419,0.9649596214294434,0.0,0.035040438175201416,negative,5
Sea Darwin - Sea Tiwi,https://www.google.com/maps/search/?api=1&query=Sea%20Darwin%20-%20Sea%20Tiwi&query_place_id=ChIJOcwtcRyRwCwRhQWjEhONVzU,5.0,"What a great experience on the Sea Darwin WW11 tour. We learnt so much about this secret invasion. Tim, you have a great voice - perfect for the intimate boat.
Joining this tour with Royal Flying Doctor museum next door made our day 12/10.",0.9993839263916016,0.00030805394635535777,0.0,0.9996919631958008,positive,6
Sea Darwin - Sea Tiwi,https://www.google.com/maps/search/?api=1&query=Sea%20Darwin%20-%20Sea%20Tiwi&query_place_id=ChIJOcwtcRyRwCwRhQWjEhONVzU,5.0,Did the full war tour in the morning was great. Then in the evening we did the fish and chups tour and yes I’m kiwi. Absolutely fantastic great food and had a great time and yes we got a free beer to wash it all down highly recommend,0.9996441602706909,0.00017790772835724056,0.0,0.9998220801353455,positive,2
Sea Darwin - Sea Tiwi,https://www.google.com/maps/search/?api=1&query=Sea%20Darwin%20-%20Sea%20Tiwi&query_place_id=ChIJOcwtcRyRwCwRhQWjEhONVzU,5.0,"Ik heb de Turtle Track tour gedaan. Heel gave tour waarbij je de flatbacks kan zien nesten op het strand. Voor zonsondergang hebben de gidsen eerst een net uitgekomen nest voor ons uitgegraven om te kijken of er nog schildpadden waren die niet uit het nest konden komen maar wel in leven waren. Helaas geen geluk. Maar het was wel interessant om dit te zien. Daarna toen de zon onder was zochten we een schildpad die kwam nesten. Na even wachten kwam ze het steand op en begon rustig met een plekje vinden voor haar nest. De gidsen (die overigens heel veel kennis hadden over de schildpadden (PhD))  volgde dit van dichtbij tot ze begon met graven. Toen mochten wij ook dichterbij komen om het te zien. Wit licht en veel beweging zou de schildpadden storen/afschrikken in deze fase van het nesten dus het was dan ook erg jammer dat een aantal touristen zich niet aan de instructies hielden en er soms toch ergens een wit lichtje aan ging (hoe moeilijk kan het zijn denk je dan). Maar goed, toen de schildpad klaar was om haar eieren te leggen gebeurde er iets (of de gids deed te vroeg haar witte licht aan of er viel zand terug het nest in) waardoor ze besloot een heel nieuw nest te maken. Het vergt veel geduld deze tour omdat het erg lang duurt voor ze een goed nest heeft gemaakt en klaar is om de eieren te leggen. Maar de gidsen en de schipper wachtten het rustig af en gaven ons extra tijd om het toch helemaal te kunnen zien gelukkig. Ik vond het in elk geval een prachtige eraring! Heel bijzonder om dit zo in alle rust te mogen ervaren. Al het geduld meer dan waard! Juist het geduld en de rust maakt het ook zo bijzonder",-0.9894554018974304,0.9947276711463928,0.0,0.005272286012768745,negative,6
Sea Darwin - Sea Tiwi,https://www.google.com/maps/search/?api=1&query=Sea%20Darwin%20-%20Sea%20Tiwi&query_place_id=ChIJOcwtcRyRwCwRhQWjEhONVzU,5.0,Great insight into the WW2 history of Darwin.,0.9994815587997437,0.000259214109973982,0.0,0.9997407793998718,positive,3
Sea Darwin - Sea Tiwi,https://www.google.com/maps/search/?api=1&query=Sea%20Darwin%20-%20Sea%20Tiwi&query_place_id=ChIJOcwtcRyRwCwRhQWjEhONVzU,5.0,"Great sunset cruise, excellent value for money. Love how this is a family run business who clearly love what they do. Captain was very experienced and provided excellent information. Refreshers and fish and chips good. The sunset was absolutely incredible. Highly recommend.",0.9997565746307373,0.00012170216359663755,0.0,0.9998782873153687,positive,1
Sea Darwin - Sea Tiwi,https://www.google.com/maps/search/?api=1&query=Sea%20Darwin%20-%20Sea%20Tiwi&query_place_id=ChIJOcwtcRyRwCwRhQWjEhONVzU,5.0,Unique tour with exceptionally well informed guides,0.9997129440307617,0.00014353278675116599,0.0,0.9998564720153809,positive,6
Sea Darwin - Sea Tiwi,https://www.google.com/maps/search/?api=1&query=Sea%20Darwin%20-%20Sea%20Tiwi&query_place_id=ChIJOcwtcRyRwCwRhQWjEhONVzU,4.0,"Definitely recommend, was an awesome boat ride with a lot of history.
Also from someone that gets sea sick just looking at the ocean this was actually not that bad, there was only one instance and it was when the engines were turned off and we were just floating.",0.9988541007041931,0.0005729918484576046,0.0,0.999427080154419,positive,6
Sea Darwin - Sea Tiwi,https://www.google.com/maps/search/?api=1&query=Sea%20Darwin%20-%20Sea%20Tiwi&query_place_id=ChIJOcwtcRyRwCwRhQWjEhONVzU,5.0,Great WW2 cruise. Informative and very well run.,0.9997168183326721,0.00014157959958538413,0.0,0.9998583793640137,positive,3
Sea Darwin - Sea Tiwi,https://www.google.com/maps/search/?api=1&query=Sea%20Darwin%20-%20Sea%20Tiwi&query_place_id=ChIJOcwtcRyRwCwRhQWjEhONVzU,5.0,"My husband and I really enjoyed the sunset cruise with fish and chips! The staff were super lovely and helpful, fresh food and great views. Would recommend and even do it again!",0.9997713565826416,0.0001143485278589651,0.0,0.9998856782913208,positive,2
Sea Darwin - Sea Tiwi,https://www.google.com/maps/search/?api=1&query=Sea%20Darwin%20-%20Sea%20Tiwi&query_place_id=ChIJOcwtcRyRwCwRhQWjEhONVzU,4.0,Easy to use web site,0.9849656820297241,0.007517166901379824,0.0,0.9924828410148621,positive,5
Sea Darwin - Sea Tiwi,https://www.google.com/maps/search/?api=1&query=Sea%20Darwin%20-%20Sea%20Tiwi&query_place_id=ChIJOcwtcRyRwCwRhQWjEhONVzU,5.0,Very well run and great boating trip. really good way to learn about the bombing of Darwin,0.999435544013977,0.0002822153619490564,0.0,0.9997177720069885,positive,3
Sea Darwin - Sea Tiwi,https://www.google.com/maps/search/?api=1&query=Sea%20Darwin%20-%20Sea%20Tiwi&query_place_id=ChIJOcwtcRyRwCwRhQWjEhONVzU,4.0,Sunset Fish and Chips was ok,0.99952632188797,0.00023684135521762073,0.0,0.9997631907463074,positive,1
Sea Darwin - Sea Tiwi,https://www.google.com/maps/search/?api=1&query=Sea%20Darwin%20-%20Sea%20Tiwi&query_place_id=ChIJOcwtcRyRwCwRhQWjEhONVzU,5.0,"A very enjoyable evening, the fish and chips were great and the service exceptional.  Friendly staff.",0.9997684955596924,0.00011573357187444344,0.0,0.9998842477798462,positive,2
Sea Darwin - Sea Tiwi,https://www.google.com/maps/search/?api=1&query=Sea%20Darwin%20-%20Sea%20Tiwi&query_place_id=ChIJOcwtcRyRwCwRhQWjEhONVzU,5.0,Extremely well organised. The captain was very experienced and funny. Fish was yummy and you got a complimentary drink with it. The girls were very accommodating and friendly. Well worth the money. Highly recommended.,0.9997403621673584,0.0001298350834986195,0.0,0.9998701810836792,positive,1
Sea Darwin - Sea Tiwi,https://www.google.com/maps/search/?api=1&query=Sea%20Darwin%20-%20Sea%20Tiwi&query_place_id=ChIJOcwtcRyRwCwRhQWjEhONVzU,5.0,"We always go for the tour thats not too large and air conditioned, not too small and unsafe but a tour like this, military grade boat with an experienced captain to match. Get up and listen to what they have to say about the history of those waters and reclaimed areas. Great way to “Sea Darwin”.",0.9955109357833862,0.002244555624201894,0.0,0.9977554678916931,positive,6
Sea Darwin - Sea Tiwi,https://www.google.com/maps/search/?api=1&query=Sea%20Darwin%20-%20Sea%20Tiwi&query_place_id=ChIJOcwtcRyRwCwRhQWjEhONVzU,5.0,"Brilliant cruise, totally enjoyed the cruise, Fish and chips were great, Jim and Mia made us so welcome and looked after us so well, sunset was brilliant
Would definitely recommend it to others",0.9997360706329346,0.00013194179337006062,0.0,0.9998680353164673,positive,2
Sea Darwin - Sea Tiwi,https://www.google.com/maps/search/?api=1&query=Sea%20Darwin%20-%20Sea%20Tiwi&query_place_id=ChIJOcwtcRyRwCwRhQWjEhONVzU,5.0,Cruise is really good and sunset was brilliant. Staff were so nice. Fish and chips were excellent. Would recommend.,0.9997418522834778,0.00012904599134344608,0.0,0.9998708963394165,positive,1
Sea Darwin - Sea Tiwi,https://www.google.com/maps/search/?api=1&query=Sea%20Darwin%20-%20Sea%20Tiwi&query_place_id=ChIJOcwtcRyRwCwRhQWjEhONVzU,5.0,"Highly recommend this tour company.
We took the Bombing of Darwin cruise and it was very interesting and presented in a very professional manner. Although it is presented more for adults my 10 and 7 year old enjoyed it also, as it is a really fun whip around Darwin harbour with some interesting sights.
The boat was very comfortable and well maintained, and the whole experience was smooth and easy.
Thanks.
Kate",0.9997029304504395,0.0001485407556174323,0.0,0.9998514652252197,positive,6
Sea Darwin - Sea Tiwi,https://www.google.com/maps/search/?api=1&query=Sea%20Darwin%20-%20Sea%20Tiwi&query_place_id=ChIJOcwtcRyRwCwRhQWjEhONVzU,5.0,"We did the Turtle Tracks Tour and we're thrilled with out experience. Both our guides were Marine scientists and provided excellent insight into all things Flatback Turtle.

The boat ride to Bare Sand takes approx 1hr 45 mins, no motion sickness as you travel along at speed. Dinner was a Bento Box stocked with fresh food. Walking on the island is barefoot and you will be equipped with a turtle friendly torch to observe the nesting flatbacks and any baby turtles heading out of the nest.

A wonderful experience executed in a turtle  respectful and knowledgeable way, thankyou!",0.9985040426254272,0.0007479562773369253,0.0,0.9992520213127136,positive,6
Sea Darwin - Sea Tiwi,https://www.google.com/maps/search/?api=1&query=Sea%20Darwin%20-%20Sea%20Tiwi&query_place_id=ChIJOcwtcRyRwCwRhQWjEhONVzU,5.0,"We did the WW2 Harbour tour, and had a fantastic experience. Having just turned up late as a walk-in, the guys were really accommodating. The commentary was really informative and having an Anzac biscuit as part of the experience was excellent. I’d highly recommend this tour to anyone.",0.9996615052223206,0.00016919845074880868,0.0,0.9998307228088379,positive,0
Sea Darwin - Sea Tiwi,https://www.google.com/maps/search/?api=1&query=Sea%20Darwin%20-%20Sea%20Tiwi&query_place_id=ChIJOcwtcRyRwCwRhQWjEhONVzU,5.0,Absolutely awesome. Sam was so knowledable and gave some great history on Darwin and surrounds. Bloody brilliant. Wouldn't miss it!!,0.9996910095214844,0.0001545131381135434,0.0,0.9998455047607422,positive,3
Sea Darwin - Sea Tiwi,https://www.google.com/maps/search/?api=1&query=Sea%20Darwin%20-%20Sea%20Tiwi&query_place_id=ChIJOcwtcRyRwCwRhQWjEhONVzU,5.0,"The bombing of Darwin cruise was fabulous. The commentary was fantastic. Very knowledgeable and professional. My family and I enjoyed it so much, we all said it would have been even better if it was longer. I could have listened to the stories all day.
Absolutely recommend.",0.9997251033782959,0.00013743115414399654,0.0,0.999862551689148,positive,1
Sea Darwin - Sea Tiwi,https://www.google.com/maps/search/?api=1&query=Sea%20Darwin%20-%20Sea%20Tiwi&query_place_id=ChIJOcwtcRyRwCwRhQWjEhONVzU,5.0,Very informative.  And a great day on the water. A great way to have a look at Darwin and learn some forgotten history..,0.9995339512825012,0.0002330574207007885,0.0,0.999767005443573,positive,3
Sea Darwin - Sea Tiwi,https://www.google.com/maps/search/?api=1&query=Sea%20Darwin%20-%20Sea%20Tiwi&query_place_id=ChIJOcwtcRyRwCwRhQWjEhONVzU,5.0,Enjoyed the bombing of darwin tour and thoroughly enjoyed it.   It was very informative...and learnt a lot.   The time spent on the ocean was wonderful and loved it when the boat sped up at certain points.   Would go again..thank you,0.9997346997261047,0.00013264050357975066,0.0,0.99986732006073,positive,6
Sea Darwin - Sea Tiwi,https://www.google.com/maps/search/?api=1&query=Sea%20Darwin%20-%20Sea%20Tiwi&query_place_id=ChIJOcwtcRyRwCwRhQWjEhONVzU,5.0,"A wonderful night out on the Darwin Harbour.
Very friendly and helpful Owners/Staff. Excellent food & great value for money. 10/10 👍",0.9997497200965881,0.00012512734974734485,0.0,0.9998748302459717,positive,2
Sea Darwin - Sea Tiwi,https://www.google.com/maps/search/?api=1&query=Sea%20Darwin%20-%20Sea%20Tiwi&query_place_id=ChIJOcwtcRyRwCwRhQWjEhONVzU,5.0,"Great local knowledge. A very professional friendly operation. Beautifully maintained vessels.  Awesome sunset. Awesome gin cruise.  Recommend the Saltie Gin.  The sunset on the harbour then a dash up ""the creek"" to watch the changing colours over the mangroves, followed by a high speed ""sprint"" then dinner at Chows the best experience, best food and best value in Darwin.",0.999384880065918,0.00030756150954402983,0.0,0.999692440032959,positive,2
Sea Darwin - Sea Tiwi,https://www.google.com/maps/search/?api=1&query=Sea%20Darwin%20-%20Sea%20Tiwi&query_place_id=ChIJOcwtcRyRwCwRhQWjEhONVzU,5.0,The bombing of Darwin cruise was excellent. The information you get to hear and the perspective you get by viewing everything from the water looking back to shore was quite unique. We have done the fish and chips cruise a number of years ago too. Definately recommend checking it out!,0.999432384967804,0.00028380786534398794,0.0,0.9997162222862244,positive,6
Sea Darwin - Sea Tiwi,https://www.google.com/maps/search/?api=1&query=Sea%20Darwin%20-%20Sea%20Tiwi&query_place_id=ChIJOcwtcRyRwCwRhQWjEhONVzU,5.0,Our family enjoyed the Fish n Chips cruise so much that we returned for the Bombing of Darwin cruise. Both cruises were great and the team were knowledgeable and friendly. We'd like to do the Turtle Tracks cruise one day! Thanks Sea Darwin.,0.9996517300605774,0.00017415982438251376,0.0,0.9998258948326111,positive,1
Sea Darwin - Sea Tiwi,https://www.google.com/maps/search/?api=1&query=Sea%20Darwin%20-%20Sea%20Tiwi&query_place_id=ChIJOcwtcRyRwCwRhQWjEhONVzU,5.0,"Awesome cruise with there delicious ""Saltie"" Gin followed by dinner at chow.",0.9996481537818909,0.00017595065583009273,0.0,0.9998241066932678,positive,2
Sea Darwin - Sea Tiwi,https://www.google.com/maps/search/?api=1&query=Sea%20Darwin%20-%20Sea%20Tiwi&query_place_id=ChIJOcwtcRyRwCwRhQWjEhONVzU,5.0,We went on a fish ad chips sunset tour. It was great. They take you to all main harbors.,0.9995138049125671,0.00024309282889589667,0.0,0.9997568726539612,positive,3
Sea Darwin - Sea Tiwi,https://www.google.com/maps/search/?api=1&query=Sea%20Darwin%20-%20Sea%20Tiwi&query_place_id=ChIJOcwtcRyRwCwRhQWjEhONVzU,5.0,"Had a great experience with Jim and Tex. Great views, meal and fun with a professional operator.",0.9997410774230957,0.000129432330140844,0.0,0.9998705387115479,positive,2
Sea Darwin - Sea Tiwi,https://www.google.com/maps/search/?api=1&query=Sea%20Darwin%20-%20Sea%20Tiwi&query_place_id=ChIJOcwtcRyRwCwRhQWjEhONVzU,5.0,"Fantastic Turtle Tracks tour! We saw it all. We released 5 baby Olive Ridley turtles at sunset, back onto the boat for yummy dinner & wine. Then walked the beach and patience paid off when our guide found tracks up to the dunes and we watched mumma Flatback build her nest, lay her eggs and go back to sea. An amazing experience.",0.9967689514160156,0.0016155174234881997,0.0,0.9983844757080078,positive,6
Sea Darwin - Sea Tiwi,https://www.google.com/maps/search/?api=1&query=Sea%20Darwin%20-%20Sea%20Tiwi&query_place_id=ChIJOcwtcRyRwCwRhQWjEhONVzU,5.0,Highly recommend huge thumbs up form me👍😉,0.9996315240859985,0.0001842363562900573,0.0,0.9998157620429993,positive,2
Sea Darwin - Sea Tiwi,https://www.google.com/maps/search/?api=1&query=Sea%20Darwin%20-%20Sea%20Tiwi&query_place_id=ChIJOcwtcRyRwCwRhQWjEhONVzU,5.0,Thank you!,0.9997162818908691,0.00014187258784659207,0.0,0.9998581409454346,positive,2
Sea Darwin - Sea Tiwi,https://www.google.com/maps/search/?api=1&query=Sea%20Darwin%20-%20Sea%20Tiwi&query_place_id=ChIJOcwtcRyRwCwRhQWjEhONVzU,5.0,Great trip to the sand island.,0.999404788017273,0.00029760130564682186,0.0,0.9997023940086365,positive,6
Sea Darwin - Sea Tiwi,https://www.google.com/maps/search/?api=1&query=Sea%20Darwin%20-%20Sea%20Tiwi&query_place_id=ChIJOcwtcRyRwCwRhQWjEhONVzU,5.0,"Well that was just amazing. Not only did they cater for Gluten Free, the whole experience was exceptional, the service so friendly, the views breathtaking and an awesome way to conclude our trip to Darwin",0.9997467994689941,0.0001266192557523027,0.0,0.9998733997344971,positive,2
Sea Darwin - Sea Tiwi,https://www.google.com/maps/search/?api=1&query=Sea%20Darwin%20-%20Sea%20Tiwi&query_place_id=ChIJOcwtcRyRwCwRhQWjEhONVzU,5.0,So glad we chose this harbour cruise. It was fantastic. Great crew and fish and chips on the sandbar watching the sunset.,0.9996988773345947,0.0001505859399912879,0.0,0.9998494386672974,positive,3
Sea Darwin - Sea Tiwi,https://www.google.com/maps/search/?api=1&query=Sea%20Darwin%20-%20Sea%20Tiwi&query_place_id=ChIJOcwtcRyRwCwRhQWjEhONVzU,5.0,"Thank you so much to the team at Sea Darwin for your amazing Turtle tour to Bare Sand Island. I had a wonderful evening and lucky for us 'Mother Nature' delivered, and we got to see a female nesting and the priviledge of finding and releasing a tiny hatchling. The crew onboard were professional, knowleable and passionate as well as looking after everyone extremely well. The whole tour/cruise was well planned and a wonderful way of seeing a very special part of the Top End and Australia. The boat ride back to Darwin in the moonlight was magical. A night always remembered. Thank You.",0.999702513217926,0.00014873858890496194,0.0,0.9998512268066406,positive,6
Sea Darwin - Sea Tiwi,https://www.google.com/maps/search/?api=1&query=Sea%20Darwin%20-%20Sea%20Tiwi&query_place_id=ChIJOcwtcRyRwCwRhQWjEhONVzU,3.0,"Nice experience to see sunset from the sand bar. Team knowledgeable. Fish n Chips nice (freshly caught fish).

Disappointed that children don't get a souvenir with their ticket price which is only $5 or $9 less than a concession or adult ticket (advised price difference was the reason they don't get one)... even offered to pay for one and still told no. Children only get a soft drink, so one would think the price difference between a coke and a wine/beer would allow for a souvenir, and I'm not talking about a cooler, perhaps consider a key ring or magnet etc.",-0.9534446001052856,0.9767223000526428,0.0,0.023277707397937775,negative,7
Sea Darwin - Sea Tiwi,https://www.google.com/maps/search/?api=1&query=Sea%20Darwin%20-%20Sea%20Tiwi&query_place_id=ChIJOcwtcRyRwCwRhQWjEhONVzU,5.0,"Sincere thanks to Captain Jim, Georgia and Mia for a fabulous evening.  The cruise was envigerating, the sunset beautiful on a lovely still night the fish chips were very fresh and enjoyable and the service was exceptional. From our group, thank you for a wonderful 1st day in Darwin.  We couldn't have asked for better hosts.",0.9997664093971252,0.0001167838490800932,0.0,0.9998831748962402,positive,2
Sea Darwin - Sea Tiwi,https://www.google.com/maps/search/?api=1&query=Sea%20Darwin%20-%20Sea%20Tiwi&query_place_id=ChIJOcwtcRyRwCwRhQWjEhONVzU,5.0,Just finished a Sunset tour with Sea Darwin and enjoyed the sights of Darwin harbour and a spectacular smoky sunset.,0.9994069933891296,0.0002964741725008935,0.0,0.9997034668922424,positive,6
Sea Darwin - Sea Tiwi,https://www.google.com/maps/search/?api=1&query=Sea%20Darwin%20-%20Sea%20Tiwi&query_place_id=ChIJOcwtcRyRwCwRhQWjEhONVzU,5.0,We took the WWII tour of Darwin Harbour with Bob and Betty who were wonderful hosts/guides. Bob was very knowledgeable and informative about the history. It brought the history to life while Betty guided the vessel expertly. The Bob took the reins while Betty filled us in other options around Darwin. It was terrific value and we would highly recommend the tour to all and sundry. Sue & Jeff,0.9997096061706543,0.00014518818352371454,0.0,0.9998548030853271,positive,6
Sea Darwin - Sea Tiwi,https://www.google.com/maps/search/?api=1&query=Sea%20Darwin%20-%20Sea%20Tiwi&query_place_id=ChIJOcwtcRyRwCwRhQWjEhONVzU,5.0,"We absolutely enjoyed our cruise, staff were so friendly and informative.  Made you feel relaxed from the time you set foot aboard.  Great way to end our Darwin experience",0.9997038841247559,0.00014804949751123786,0.0,0.9998519420623779,positive,0
Sea Darwin - Sea Tiwi,https://www.google.com/maps/search/?api=1&query=Sea%20Darwin%20-%20Sea%20Tiwi&query_place_id=ChIJOcwtcRyRwCwRhQWjEhONVzU,5.0,"The cruise was extraordinary.  The food, the music, the SeaDarwin members & the view :) At sunset it looks like fire on the sky.

I was there on the end of February and jackets were not required even in the sea.",0.9899482727050781,0.005025892984122038,0.0,0.9949741363525391,positive,2
Sea Darwin - Sea Tiwi,https://www.google.com/maps/search/?api=1&query=Sea%20Darwin%20-%20Sea%20Tiwi&query_place_id=ChIJOcwtcRyRwCwRhQWjEhONVzU,5.0,"This cruise was BRILLIANT fish and chips fresh and delicious. Not greasy or fatty but gourmet. A real meal. Whilst the cruise has been a highlight of our trip to Darwin.
Maureen Melbourne",0.9996358156204224,0.00018209849076811224,0.0,0.9998179078102112,positive,1
Sea Darwin - Sea Tiwi,https://www.google.com/maps/search/?api=1&query=Sea%20Darwin%20-%20Sea%20Tiwi&query_place_id=ChIJOcwtcRyRwCwRhQWjEhONVzU,5.0,"Sensational evening cruise with captain Jim and his agile crew. Great fish and chips accompanied with an informative commentary. Took this cruise with recommendation from family, ticks all the KPI's",0.9994457960128784,0.00027712006703950465,0.0,0.9997228980064392,positive,1
Sea Darwin - Sea Tiwi,https://www.google.com/maps/search/?api=1&query=Sea%20Darwin%20-%20Sea%20Tiwi&query_place_id=ChIJOcwtcRyRwCwRhQWjEhONVzU,5.0,Awesome.  Great Skipper and Crew was incredible.  Looked after us well. Great Dinner. We did see turtles.  Was truly awesome.,0.9997658729553223,0.00011704651114996523,0.0,0.9998829364776611,positive,4
Sea Darwin - Sea Tiwi,https://www.google.com/maps/search/?api=1&query=Sea%20Darwin%20-%20Sea%20Tiwi&query_place_id=ChIJOcwtcRyRwCwRhQWjEhONVzU,5.0,"Their sunset cruise is the best way to see a Darwin sunset, aboard the boat eating fish n chips. It is a big serve of delicious food, so come hungry. One complimentary drink on embarking and cheap drinks to buy on board, $3 softdrink, $7 alcoholic. They give an excellent commentary along the way and do some fancy speedboat twirls and tricks at the end. A great evening all round, thanks so much.",0.9992128014564514,0.00039364956319332123,0.0,0.9996064305305481,positive,3
Sea Darwin - Sea Tiwi,https://www.google.com/maps/search/?api=1&query=Sea%20Darwin%20-%20Sea%20Tiwi&query_place_id=ChIJOcwtcRyRwCwRhQWjEhONVzU,5.0,"This was probably one of the best attractions in Darwin great service, great fish and chips great service from the skipper Jim and his crew. A sensational cruise. Do yourself a favour when your in Darwin do not miss this great attraction.",0.9995744824409485,0.00021278792701195925,0.0,0.9997872710227966,positive,3
Sea Darwin - Sea Tiwi,https://www.google.com/maps/search/?api=1&query=Sea%20Darwin%20-%20Sea%20Tiwi&query_place_id=ChIJOcwtcRyRwCwRhQWjEhONVzU,5.0,Went there with Sea Darwin for a turtle watching tour.  We had an amazing experience with a turtle come right up the beach in front of us to lay it's eggs. Combined with the guide finding a nest of baby turtles we all an up close and personal view.  The guides are a font of information and great at educating us on the turtles.  The boat ride out to the island  was beautiful and the dinner on the way back was delicious.  I can whole heartedly recommend this tour.,0.99969083070755,0.00015457031258847564,0.0,0.9998453855514526,positive,6
Sea Darwin - Sea Tiwi,https://www.google.com/maps/search/?api=1&query=Sea%20Darwin%20-%20Sea%20Tiwi&query_place_id=ChIJOcwtcRyRwCwRhQWjEhONVzU,5.0,"Highly recommend their sunset, fish n Chips cruise. Rob and his two assistants are very accommodating! Rob is a well if knowledge and a very capable skipper! His commentary is hilarious too. Fish and chips was spot on!! Fresh snapper :D thanks Rach!",0.9997156262397766,0.00014215924602467567,0.0,0.9998577833175659,positive,1
Sea Darwin - Sea Tiwi,https://www.google.com/maps/search/?api=1&query=Sea%20Darwin%20-%20Sea%20Tiwi&query_place_id=ChIJOcwtcRyRwCwRhQWjEhONVzU,5.0,"Highly recommend this cruise!! The crew were so friendly and full of amazing knowledge, its great value for money +++++",0.9997658729553223,0.00011704115604516119,0.0,0.9998829364776611,positive,2
Sea Darwin - Sea Tiwi,https://www.google.com/maps/search/?api=1&query=Sea%20Darwin%20-%20Sea%20Tiwi&query_place_id=ChIJOcwtcRyRwCwRhQWjEhONVzU,5.0,Captain was very passionate and the tour was excellent.best of the best....amazing.,0.9997594952583313,0.00012023274030070752,0.0,0.9998797178268433,positive,2
Sea Darwin - Sea Tiwi,https://www.google.com/maps/search/?api=1&query=Sea%20Darwin%20-%20Sea%20Tiwi&query_place_id=ChIJOcwtcRyRwCwRhQWjEhONVzU,4.0,Top cruise company,0.9993903040885925,0.00030485677416436374,0.0,0.9996951818466187,positive,5
Sea Darwin - Sea Tiwi,https://www.google.com/maps/search/?api=1&query=Sea%20Darwin%20-%20Sea%20Tiwi&query_place_id=ChIJOcwtcRyRwCwRhQWjEhONVzU,5.0,"A great way to spend an evening! Great crew and a very knowledgable and interesting tour of the great Darwin Harbour. It's huge and as a special treat we even got to see up close a newly commissioned oil and gas rig. Fascinating stuff not to mention the wildlife and amazing sunset. Thanks guys great job. Cheers, Chris.",0.9996784329414368,0.00016075167513918132,0.0,0.999839186668396,positive,3
Sea Darwin - Sea Tiwi,https://www.google.com/maps/search/?api=1&query=Sea%20Darwin%20-%20Sea%20Tiwi&query_place_id=ChIJOcwtcRyRwCwRhQWjEhONVzU,5.0,"Beautiful fish dinner, amazing sunset. Good job guys.",0.9997506141662598,0.00012471614172682166,0.0,0.9998753070831299,positive,3
Sea Darwin - Sea Tiwi,https://www.google.com/maps/search/?api=1&query=Sea%20Darwin%20-%20Sea%20Tiwi&query_place_id=ChIJOcwtcRyRwCwRhQWjEhONVzU,1.0,"OMG...WHAT A RIP OFF.  Bad fish and chips with burnt batter. I could go on and on but the bottom line is DON'T WASTE YOUR MONEY on the Darwin Har bour sunset cruise. All 4 of us felt the same way, so it just wasn't my opinion.",-0.9984400272369385,0.9992200136184692,0.0,0.0007800036109983921,negative,1
Sea Darwin - Sea Tiwi,https://www.google.com/maps/search/?api=1&query=Sea%20Darwin%20-%20Sea%20Tiwi&query_place_id=ChIJOcwtcRyRwCwRhQWjEhONVzU,5.0,"Thoroughly enjoyed our harbour WWII tour, highly recommend, very knowledgable",0.999609649181366,0.00019517233886290342,0.0,0.9998047947883606,positive,2
Sea Darwin - Sea Tiwi,https://www.google.com/maps/search/?api=1&query=Sea%20Darwin%20-%20Sea%20Tiwi&query_place_id=ChIJOcwtcRyRwCwRhQWjEhONVzU,3.0,Not good not bad,0.9963086843490601,0.0018456866964697838,0.0,0.99815434217453,positive,1
Sea Darwin - Sea Tiwi,https://www.google.com/maps/search/?api=1&query=Sea%20Darwin%20-%20Sea%20Tiwi&query_place_id=ChIJOcwtcRyRwCwRhQWjEhONVzU,5.0,"The crew Rosco and Chris were very knowledgeable and entertaining/ funny . the fish and chips were fantastic, thank you for catering for three members of our party who received prawns as a gluten free option. definitely worth the money. a great night was had by all. even included a surprise dolphin sightings.",0.9997158050537109,0.00014212308451533318,0.0,0.9998579025268555,positive,2
Sail Darwin!,https://www.google.com/maps/search/?api=1&query=Sail%20Darwin!&query_place_id=ChIJwzb0UZCRwCwRNqMdvx7l45o,5.0,Amazing cruise with a stunning sunset! Endless champagne and 8 course tapas of the most delicious food. Staff so attentive with serving drinks and food. Very comfy seats to view the sunset. Five stars,0.9997069835662842,0.00014652319077868015,0.0,0.9998534917831421,positive,2
Sail Darwin!,https://www.google.com/maps/search/?api=1&query=Sail%20Darwin!&query_place_id=ChIJwzb0UZCRwCwRNqMdvx7l45o,5.0,"First class experience with the team in this boat. A warm welcome, comfortable seating plenty free flowing bubbles and the food was delicious and plentiful and to top it off the music was awesome and perfect for a wee party! Shoutout to Jamie and the younger deckhand can’t remember his name but both had good patter and were very hospitable! Thoroughly recommend!",0.9997459053993225,0.00012704532127827406,0.0,0.9998729228973389,positive,2
Sail Darwin!,https://www.google.com/maps/search/?api=1&query=Sail%20Darwin!&query_place_id=ChIJwzb0UZCRwCwRNqMdvx7l45o,5.0,You'd be hard pressed to find better value. The only thing that came close to the flow of bubbly was the flow of delicious food. The atmosphere was very chill and made even better by attentive and friendly staff aboard.,0.9047061800956726,0.04764695465564728,0.0,0.9523531198501587,positive,2
Sail Darwin!,https://www.google.com/maps/search/?api=1&query=Sail%20Darwin!&query_place_id=ChIJwzb0UZCRwCwRNqMdvx7l45o,5.0,"If you’re looking for a beautifully immersed experience with the ocean and scenic sunset views. This is the place to be. Don’t miss out.
The crew were outstanding with service, special thanks to Hollie & Kadeck for their attentive service, manners and work ethic.
Hats off to the chefs, working so hard to create such a delicious array of dishes, they out did themselves. Every meal that come out just kept getting better. The flavours were dancing in my mouth, the tenderness of the dishes you can taste how much love was put into each of them.
Many thanks to the captain for the planning and creating such a wonderful experience for all to enjoy on board.
I will be back to experience this one again!!",0.9996653199195862,0.00016731815412640572,0.0,0.9998326301574707,positive,7
Sail Darwin!,https://www.google.com/maps/search/?api=1&query=Sail%20Darwin!&query_place_id=ChIJwzb0UZCRwCwRNqMdvx7l45o,5.0,"A fantastic way to spend an evening,",0.9997561573982239,0.00012188647087896243,0.0,0.9998780488967896,positive,3
Sail Darwin!,https://www.google.com/maps/search/?api=1&query=Sail%20Darwin!&query_place_id=ChIJwzb0UZCRwCwRNqMdvx7l45o,3.0,"The views were spectacular and the staff were very friendly. Sadly that is where it stops. There was no actual
Seating unless you wanted to sit on a very low bean bag chair. This is fine if you are young and healthy. The advertised ‘free flow champagne’ is a very loose interpretation. It was certainly free flow but it was cheap and nasty Seaview Brut which is $8 a bottle. We were told the chef, again another loose interpretation, was in the galley cooking up a storm. The food was terrible and the facts that the plates got passed around and rejected numerous times should be an indication that no one wanted to eat it.
I would look at other harbour cruises before I would choose this one. For $169 pp we did not get value for money.",-0.9988204836845398,0.9994102716445923,0.0,0.0005897895316593349,negative,7
Sail Darwin!,https://www.google.com/maps/search/?api=1&query=Sail%20Darwin!&query_place_id=ChIJwzb0UZCRwCwRNqMdvx7l45o,5.0,"What an amazing evening. I can’t say a bad thing about this experience. The captain and crew were fantastic.The drinks flowed freely and the crew worked hard to ensure glasses were never empty, while always being warm and friendly.
The conditions were perfect to raise the sails on the catamaran.
The food was one awesome dish after another. Nature also did its part with a textbook Darwin sunset.
All those around us did not want the trip to end
I can’t recommend this sunset tour highly enough.",0.9993924498558044,0.00030380673706531525,0.0,0.9996962547302246,positive,2
Sail Darwin!,https://www.google.com/maps/search/?api=1&query=Sail%20Darwin!&query_place_id=ChIJwzb0UZCRwCwRNqMdvx7l45o,5.0,"Absolutely stellar service from the moment the Captain helps you on board. The crew are gorgeous, the food is delicious, the sights are spectacular. Then there's the sunset. Darwin truly turned it on whilst we were on board, but even if it wasn't a gorgeous sunset I would highly recommend. Such a beautiful experience. The Captain and Chef don't get enough credit because they're behind the scenes making the magic happen. Thank you all for an experience I'll never forget.",0.9996147751808167,0.0001926407276187092,0.0,0.9998074173927307,positive,4
Sail Darwin!,https://www.google.com/maps/search/?api=1&query=Sail%20Darwin!&query_place_id=ChIJwzb0UZCRwCwRNqMdvx7l45o,5.0,Beautiful way to view the sunset over Darwin. The crew were so friendly and hospitable. A must do when in Darwin!,0.9994232058525085,0.00028836741694249213,0.0,0.9997115731239319,positive,2
Sail Darwin!,https://www.google.com/maps/search/?api=1&query=Sail%20Darwin!&query_place_id=ChIJwzb0UZCRwCwRNqMdvx7l45o,5.0,"Tonight was just magnificent. The food was great, the drinks were bought out freely (we bought our own) and everyone on board had such a great time. We didn’t want to get off. I can’t wait to do it again. Thanks Sail Darwin for a great night. You really turned on a great night.",0.9996929168701172,0.00015353781054727733,0.0,0.9998464584350586,positive,7
Sail Darwin!,https://www.google.com/maps/search/?api=1&query=Sail%20Darwin!&query_place_id=ChIJwzb0UZCRwCwRNqMdvx7l45o,5.0,"Just a great tour, on a beautiful boat, with exceptional staff. The sunset in Darwin is also amazing. The food might be anything too special but everything else makes up for that.",0.9995847940444946,0.00020762339408975095,0.0,0.9997923970222473,positive,2
Sail Darwin!,https://www.google.com/maps/search/?api=1&query=Sail%20Darwin!&query_place_id=ChIJwzb0UZCRwCwRNqMdvx7l45o,5.0,Many thanks again to the Captain and crew of Sail Darwin. This was the best cruise I have ever done. We were never waiting for a top up and the food was amazing and plentiful.  Sailing out on Darwin harbour to some classic tunes and that gorgeous sunset will be a lasting memory. We will do this tour every time we are up. This is a must do.,0.9996895790100098,0.00015522536705248058,0.0,0.9998447895050049,positive,3
Sail Darwin!,https://www.google.com/maps/search/?api=1&query=Sail%20Darwin!&query_place_id=ChIJwzb0UZCRwCwRNqMdvx7l45o,5.0,"Thank you for a wonderful sunset cruise the champagne flowed well with excellent waitresses and compliments to the chef for the ample tasty food, and not forgetting the skipper who avoided the storm.Highly recommended.",0.9997632503509521,0.00011837536294478923,0.0,0.9998816251754761,positive,2
Sail Darwin!,https://www.google.com/maps/search/?api=1&query=Sail%20Darwin!&query_place_id=ChIJwzb0UZCRwCwRNqMdvx7l45o,5.0,"Thoroughly enjoyed the cruise - the food, service and experience was excellent. Great value for money. Highly recommend!",0.9997643828392029,0.00011781333159888163,0.0,0.9998822212219238,positive,2
Sail Darwin!,https://www.google.com/maps/search/?api=1&query=Sail%20Darwin!&query_place_id=ChIJwzb0UZCRwCwRNqMdvx7l45o,5.0,"This was one of the highlights of our visit to Darwin and we can not recommend highly enough.
We arrived at Dock 1 with time to spare and boarded Sundancer about 10 minutes before the cruise left.
After a safety briefing and an introduction to the boat from the Captain we set off.
The sparkling wine flowed freely through out the cruise and there was plenty of cold water and soft drinks on offer.
Roberta and Alida looked after everyone so well, keeping us well feed and ensuring our glasses were never empty. We were served a fabulous array of food including home made beetroot dip and warm pita bread, homemade guacamole with corn chips, prawn dumplings, arancini balls, barramundi bites, chicken satay skewers to name but a few. The food was tasty, well presented and there was plenty of it.
The music was a great range of 80', 90's and more recent tunes.
We cruised along the coast towards Fannie Bay and moored for a period of time to watch the stunning sunset, before cruising back to the dock.
This 3hr relaxing cruise was worth every cent and we will definitely do it again next time we visit Darwin...thank you :)",0.9991931319236755,0.0004034240555483848,0.0,0.9995965361595154,positive,0
Sail Darwin!,https://www.google.com/maps/search/?api=1&query=Sail%20Darwin!&query_place_id=ChIJwzb0UZCRwCwRNqMdvx7l45o,5.0,Been on a few of these and they have never failed! Great experience! Also had a works party which they catered for us amazingly 🙌🏻,0.9976344108581543,0.001182820531539619,0.0,0.9988172054290771,positive,5
Sail Darwin!,https://www.google.com/maps/search/?api=1&query=Sail%20Darwin!&query_place_id=ChIJwzb0UZCRwCwRNqMdvx7l45o,5.0,Lovely to watch the sunset under sail. Fantastic service and plenty of tapas,0.9997305870056152,0.00013467865937855095,0.0,0.9998652935028076,positive,3
Sail Darwin!,https://www.google.com/maps/search/?api=1&query=Sail%20Darwin!&query_place_id=ChIJwzb0UZCRwCwRNqMdvx7l45o,5.0,"Unreal!! Staff were so lovely, kept all our glasses topped up (to the brim) and so much food we couldn’t possibly eat anymore, also so delicious and catered for dietaries very well. Perfect view of the sunset from all angles, could not recommend more, especially for families!",0.9993121027946472,0.00034395192051306367,0.0,0.999656081199646,positive,2
Sail Darwin!,https://www.google.com/maps/search/?api=1&query=Sail%20Darwin!&query_place_id=ChIJwzb0UZCRwCwRNqMdvx7l45o,5.0,"Fabulous champagne sunset cruise! The staff were lovely, comfortable seating, food was delicious and the drinks topped up frequently. The captain manœuvred the catamaran so we had a perfect view of the sunset in front of us and we all got great photos.
Great selection of music added to the fun atmosphere. I highly recommend this cruise!!!",0.9997694492340088,0.00011529902258189395,0.0,0.9998847246170044,positive,2
Sail Darwin!,https://www.google.com/maps/search/?api=1&query=Sail%20Darwin!&query_place_id=ChIJwzb0UZCRwCwRNqMdvx7l45o,5.0,"This is great fun, the all-female crew were amazing, managed to sail the catamaran while serving drinks & plentiful food. We also happened to have sunset & full moon, which was great timing too. Highly recommended.",0.9995477795600891,0.00022613901819568127,0.0,0.9997739195823669,positive,2
Sail Darwin!,https://www.google.com/maps/search/?api=1&query=Sail%20Darwin!&query_place_id=ChIJwzb0UZCRwCwRNqMdvx7l45o,5.0,"Fantastic!!! I highly recommend, food & drink were plentiful, bean bags on deck were very comfy. Staff were excellent. Got awesome pics",0.9997057318687439,0.00014713445852976292,0.0,0.9998528957366943,positive,2
Sail Darwin!,https://www.google.com/maps/search/?api=1&query=Sail%20Darwin!&query_place_id=ChIJwzb0UZCRwCwRNqMdvx7l45o,5.0,Amazing Cruise! Absolutely without a doubt the best cruise I have ever been on. You get on board sit on comfy bean bags and look at the most beautiful views of Darwin Harbour and sail into the Sunset which was spectacular. The Champagne flowed from the minute you set sail . The  food was amazing with around 7 different tapas platters being served to you constantly. The music played was fantastic. The whole experience was so relaxing and we wouldn’t hesitate to do it again. Do yourselves a favour and enjoy the experience you won’t regret it. Thank you 💙,0.9996913075447083,0.00015431745850946754,0.0,0.9998456239700317,positive,0
Sail Darwin!,https://www.google.com/maps/search/?api=1&query=Sail%20Darwin!&query_place_id=ChIJwzb0UZCRwCwRNqMdvx7l45o,5.0,"This cruiae couldn't have been better. Plenty of food and wine kept flowing topped with excellent sailing into the sunset. Seating was on comfortable bean bags over netting floor, which kept us closer to the sea. We were so glad we chose this sunset cruise over the alternative - well worth the money.",0.9993197917938232,0.00034008873626589775,0.0,0.9996598958969116,positive,3
Sail Darwin!,https://www.google.com/maps/search/?api=1&query=Sail%20Darwin!&query_place_id=ChIJwzb0UZCRwCwRNqMdvx7l45o,5.0,"Wow. What an awesome way to see a Darwin Sunset on a Catamaran. Great food, bottomless bubbles, everyone friendly and fantastic music. And an all female crew. What's not to love.",0.99870765209198,0.0006461496814154088,0.0,0.99935382604599,positive,3
Sail Darwin!,https://www.google.com/maps/search/?api=1&query=Sail%20Darwin!&query_place_id=ChIJwzb0UZCRwCwRNqMdvx7l45o,5.0,Had a great evening yesterday on a Champagne sunset tour. The guys and gals on the tour all had great time! Recommend as a must do when you’re in Darwin,0.9994269609451294,0.00028651897446252406,0.0,0.9997134804725647,positive,3
Sail Darwin!,https://www.google.com/maps/search/?api=1&query=Sail%20Darwin!&query_place_id=ChIJwzb0UZCRwCwRNqMdvx7l45o,5.0,"What a wonderful experience we had aboard the Sundancer. The drinks literally never stopped, the food was incredible and so much of it and fabulous music as well. The sunsets are spectacular no doubt but really the experience aboard was priceless. Thank you to a fabulous crew, a must do in Darwin!",0.999683141708374,0.000158449518494308,0.0,0.999841570854187,positive,4
Sail Darwin!,https://www.google.com/maps/search/?api=1&query=Sail%20Darwin!&query_place_id=ChIJwzb0UZCRwCwRNqMdvx7l45o,5.0,This cruise exceeded expectations! If considering a sunset cruise this is the one! Absolutely amazing... free flowing Champagne and more food that you can eat! Small group  comfortable seating and friendly staff! 5 stars!!!,0.9997192025184631,0.00014035905769560486,0.0,0.9998595714569092,positive,2
Sail Darwin!,https://www.google.com/maps/search/?api=1&query=Sail%20Darwin!&query_place_id=ChIJwzb0UZCRwCwRNqMdvx7l45o,5.0,"Booked via website after reading the reviews on all the different cruise companies. Received confirmation via email, boat departed on time. Professional operation.  Boat was not crowded.

Chose beanbag seats (very comfy) at the front on the side, great views both ways. Weather was perfect, sea very flat and smooth.

Friendly staff who constantly topped up the bubbles, which were surprisingly nice! The generous servings of tapas are served in your seats course by course: beetroot dip & pita; corn chips & guacamole; satay chicken skewers; bao buns; arancini balls; gyoza; barramundi; haloumi on zucchini and chocolate cake.  Tip: don’t wear a skirt or white.

Great atmosphere, very relaxing and wonderful way to see the landmarks.

We were treated to an extra ‘show’ on a passing bucks party boat - if you were on our cruise you will know what I’m referring to woof woof bahahahaha.

Highly recommend and we would do again in a heart beat. Worth the extra $ :-)",0.9987279176712036,0.0006360230036079884,0.0,0.9993639588356018,positive,5
Sail Darwin!,https://www.google.com/maps/search/?api=1&query=Sail%20Darwin!&query_place_id=ChIJwzb0UZCRwCwRNqMdvx7l45o,5.0,"The best way to experience a gorgeous Darwin sunset.

Staff were great, beautiful good and endless champagne.

It was one of our highlights of our time in Darwin.",0.9997451901435852,0.00012738924124278128,0.0,0.9998725652694702,positive,3
Sail Darwin!,https://www.google.com/maps/search/?api=1&query=Sail%20Darwin!&query_place_id=ChIJwzb0UZCRwCwRNqMdvx7l45o,5.0,"Absolutely amazing! The all female crew were brilliant, friendly and entertaining. Food was wonderful, the champagne was pretty good too. Superb. Recommend it 100%.",0.9997687339782715,0.00011563549924176186,0.0,0.9998843669891357,positive,2
Sail Darwin!,https://www.google.com/maps/search/?api=1&query=Sail%20Darwin!&query_place_id=ChIJwzb0UZCRwCwRNqMdvx7l45o,5.0,Amazing experience with great staff!! Good food and drinks kept flowing!!! Great option for a more intimate smaller sunset cruise,0.99974125623703,0.000129372623632662,0.0,0.9998706579208374,positive,2
Sail Darwin!,https://www.google.com/maps/search/?api=1&query=Sail%20Darwin!&query_place_id=ChIJwzb0UZCRwCwRNqMdvx7l45o,5.0,"Great cruise, food and service. Can highly recommend Sail Darwin. You will not be disappointed.",0.9996009469032288,0.00019952928414568305,0.0,0.9998005032539368,positive,2
Sail Darwin!,https://www.google.com/maps/search/?api=1&query=Sail%20Darwin!&query_place_id=ChIJwzb0UZCRwCwRNqMdvx7l45o,5.0,"Great experience, highly recommended it.the staff were great.",0.9997385144233704,0.00013071679859422147,0.0,0.9998692274093628,positive,2
Sail Darwin!,https://www.google.com/maps/search/?api=1&query=Sail%20Darwin!&query_place_id=ChIJwzb0UZCRwCwRNqMdvx7l45o,5.0,"An absolute must do when visiting Darwin. The crew were amazing, always making sure your wine glass was full (there's definitely no scrimping on the champers!) and bringing around lovely food to enjoy. I would definitely do this cruise again.",0.99962317943573,0.00018838350661098957,0.0,0.999811589717865,positive,0
Sail Darwin!,https://www.google.com/maps/search/?api=1&query=Sail%20Darwin!&query_place_id=ChIJwzb0UZCRwCwRNqMdvx7l45o,3.0,"Food was okay, crews were friendly enough but except the cruise pilot",0.9718954563140869,0.014052245765924454,0.0,0.9859477281570435,positive,2
Sail Darwin!,https://www.google.com/maps/search/?api=1&query=Sail%20Darwin!&query_place_id=ChIJwzb0UZCRwCwRNqMdvx7l45o,5.0,"This was our 2nd time in Darwin and 2nd time taking this cruise. From the moment you step aboard you are welcomed with beautiful smiles and a cold glass of sparkling, the sparkling continues to flow and then you are also treated with some of the most delicious food you will try. The team do a wonderful job of making sure everyone is well looked after. Locals or tourists don't miss this one!",0.9997755885124207,0.00011222148168599233,0.0,0.9998878240585327,positive,4
Sail Darwin!,https://www.google.com/maps/search/?api=1&query=Sail%20Darwin!&query_place_id=ChIJwzb0UZCRwCwRNqMdvx7l45o,5.0,"The most amazing crew ever - friendly, humble, kind and made the trip so much fun - not to mention the food (delicious)

I loved it , I recommend it - I will come again anytime 🙏🏻

Ten out of ten",0.99970942735672,0.0001452522847102955,0.0,0.9998546838760376,positive,2
Sail Darwin!,https://www.google.com/maps/search/?api=1&query=Sail%20Darwin!&query_place_id=ChIJwzb0UZCRwCwRNqMdvx7l45o,5.0,"Great atmosphere and exceptional staff made for a great adventure, highly recommend.",0.9997749328613281,0.00011254264245508239,0.0,0.9998874664306641,positive,2
Sail Darwin!,https://www.google.com/maps/search/?api=1&query=Sail%20Darwin!&query_place_id=ChIJwzb0UZCRwCwRNqMdvx7l45o,5.0,The best experience with delicious food and ever flowing bubbles.  The staff were so friendly and attentive.  Highly recommend this!!!! 💕🥂🌇,0.9997749924659729,0.00011247933434788138,0.0,0.9998874664306641,positive,2
Sail Darwin!,https://www.google.com/maps/search/?api=1&query=Sail%20Darwin!&query_place_id=ChIJwzb0UZCRwCwRNqMdvx7l45o,5.0,Great evening staff were awesome met some great people 3 hrs perfect,0.9996657371520996,0.00016710482304915786,0.0,0.9998328685760498,positive,2
Sail Darwin!,https://www.google.com/maps/search/?api=1&query=Sail%20Darwin!&query_place_id=ChIJwzb0UZCRwCwRNqMdvx7l45o,5.0,"Thoroughly enjoyed our cruise on Sundancer. The skipper and crew were fantastic. I need gluten free food, and provision for dietary restrictions was part of the booking process and very professionally handled. Food and drinks were brought around for the entire sunset dinner cruise. Sails were up as we'd hoped they would be. Loved it. Highly recommend.",0.9996267557144165,0.00018661128706298769,0.0,0.9998133778572083,positive,0
Sail Darwin!,https://www.google.com/maps/search/?api=1&query=Sail%20Darwin!&query_place_id=ChIJwzb0UZCRwCwRNqMdvx7l45o,5.0,"This was by far our best time in Darwin, the girls were just so lovely & friendly, we were made to feel comfortable, the wine was endless, the food was delicious, absolutely the best night ever. Book now you won’t regret it.",0.9996685981750488,0.00016567393322475255,0.0,0.9998342990875244,positive,0
Sail Darwin!,https://www.google.com/maps/search/?api=1&query=Sail%20Darwin!&query_place_id=ChIJwzb0UZCRwCwRNqMdvx7l45o,5.0,I cannot fault this experience!! It was AMAZING. We had 4 vegetarians and not only did they make us our own little dishes but they took so much care with them as well. The Champagne was BOTTOMLESS right until we got off the boat. I 100% recommend this and would do it again in a heartbeat. The team were so lovely as well.,0.9995769262313843,0.00021154459682293236,0.0,0.9997884631156921,positive,0
Sail Darwin!,https://www.google.com/maps/search/?api=1&query=Sail%20Darwin!&query_place_id=ChIJwzb0UZCRwCwRNqMdvx7l45o,5.0,Wonderful night. Crew were excellent. Food and champagne was on tap all night. Recommend it,0.9997596740722656,0.00012018781126243994,0.0,0.9998798370361328,positive,2
Sail Darwin!,https://www.google.com/maps/search/?api=1&query=Sail%20Darwin!&query_place_id=ChIJwzb0UZCRwCwRNqMdvx7l45o,5.0,"If there’s one thing you should do when visiting Darwin, it’s this! I’m a local and I’ll be back (repeatedly).

Unlimited, and I mean unlimited bubbles (good luck achieving an empty glass before a refill) or nominate to BYO (at no extra charge, with a communal esky on the boat). An array of nibbles also provided.

Friendly crew, amazing sights, like minded patrons all having fun…stop reading and book now!",0.9965507388114929,0.00172464142087847,0.0,0.9982753992080688,positive,1
Sail Darwin!,https://www.google.com/maps/search/?api=1&query=Sail%20Darwin!&query_place_id=ChIJwzb0UZCRwCwRNqMdvx7l45o,3.0,"Experience is great and have been more than once, taking back a large group. The only disappointment is that when we tried to call and email on the day it was close to 48 hrs before they responded. I as the customer was told I didn't leave a message or send an email even though having shown proof. No service after they have your money so be aware and don't expect any assistance. Caveat Emptor!",-0.9918535947799683,0.9959267973899841,0.0,0.004073179326951504,negative,7
Sail Darwin!,https://www.google.com/maps/search/?api=1&query=Sail%20Darwin!&query_place_id=ChIJwzb0UZCRwCwRNqMdvx7l45o,5.0,"We did the 3 hour Champagne Sunset Cruise and can highly recommend it. The Seaview champagne was flowing for the whole cruise and the tapas style food was delicious. Some of the tapas were an unusual but delicious take on barramundi as well as a whole range of international recipes like prawn dumplings and home made guacamole.  The staff were friendly, helpful and very good at their jobs. There are some seats in the shade at the back of the vessel but the best views are at the front. This is an extremely well organised and enjoyable cruise.",0.9997043609619141,0.0001478226768085733,0.0,0.999852180480957,positive,1
Sail Darwin!,https://www.google.com/maps/search/?api=1&query=Sail%20Darwin!&query_place_id=ChIJwzb0UZCRwCwRNqMdvx7l45o,5.0,"Really great sail, professional crew, heaps of great food and sparkling wine, service was a1.",0.9835820198059082,0.008209005929529667,0.0,0.9917910099029541,positive,3
Sail Darwin!,https://www.google.com/maps/search/?api=1&query=Sail%20Darwin!&query_place_id=ChIJwzb0UZCRwCwRNqMdvx7l45o,1.0,"Was in Darwin for a short visit. They close their on line bookings for their cruises early in the day and advise to call. Called multiple times and left messages. No one bothered to call back over the whole day so missed going on a cruise.
Very poor customer care.",-0.9992880821228027,0.9996440410614014,0.0,0.0003559565811883658,negative,0
Sail Darwin!,https://www.google.com/maps/search/?api=1&query=Sail%20Darwin!&query_place_id=ChIJwzb0UZCRwCwRNqMdvx7l45o,5.0,We booked this cruise for the night of our 25th wedding anniversary and it could not have been better. The crew were absolutely fantastic and accommodating. The food and sparkling were plentiful and delicious and the views were spectacular. We will never forget this experience.Thank you guys 🙏,0.999716579914093,0.00014166979235596955,0.0,0.9998582601547241,positive,2
Sail Darwin!,https://www.google.com/maps/search/?api=1&query=Sail%20Darwin!&query_place_id=ChIJwzb0UZCRwCwRNqMdvx7l45o,5.0,"Great food, service, such a relaxing evening !",0.9997715950012207,0.00011421993258409202,0.0,0.9998857975006104,positive,2
Sail Darwin!,https://www.google.com/maps/search/?api=1&query=Sail%20Darwin!&query_place_id=ChIJwzb0UZCRwCwRNqMdvx7l45o,5.0,"Amazing! From the start. I finished work late and got there 7 mins before they left and it wasn’t an issue!
Service 10/10
Definitely recommend",0.998088002204895,0.0009560188045725226,0.0,0.9990440011024475,positive,0
Sail Darwin!,https://www.google.com/maps/search/?api=1&query=Sail%20Darwin!&query_place_id=ChIJwzb0UZCRwCwRNqMdvx7l45o,5.0,Thank you Alex and staff who made a me feel so welcome…..a wonderful night for a solo traveller. Highly recommended,0.9997727870941162,0.00011360512871760875,0.0,0.9998863935470581,positive,2
Sail Darwin!,https://www.google.com/maps/search/?api=1&query=Sail%20Darwin!&query_place_id=ChIJwzb0UZCRwCwRNqMdvx7l45o,5.0,"This is a must do if in Darwin.The boat ,the crew .the food and the trip are all magnificent",0.9997046589851379,0.00014764996012672782,0.0,0.9998522996902466,positive,2
Sail Darwin!,https://www.google.com/maps/search/?api=1&query=Sail%20Darwin!&query_place_id=ChIJwzb0UZCRwCwRNqMdvx7l45o,5.0,This cruise was amazing. Such good service and great value. Thank yoi,0.9997673034667969,0.00011632638779701665,0.0,0.9998836517333984,positive,2
Sail Darwin!,https://www.google.com/maps/search/?api=1&query=Sail%20Darwin!&query_place_id=ChIJwzb0UZCRwCwRNqMdvx7l45o,5.0,"Best 3 hours in Darwin
Bubbles , food , nice people",0.9985933303833008,0.0007033102447167039,0.0,0.9992966651916504,positive,0
Sail Darwin!,https://www.google.com/maps/search/?api=1&query=Sail%20Darwin!&query_place_id=ChIJwzb0UZCRwCwRNqMdvx7l45o,5.0,An Amazing evening on Sail Darwin sunset cruise.  Couldn't recommend it more highly.  The staff were fantastic providing endless food and drink.  A very relaxing evening and would certainly do it again whenever I was in Darwin.,0.9995967745780945,0.00020160185522399843,0.0,0.9997983574867249,positive,2
Sail Darwin!,https://www.google.com/maps/search/?api=1&query=Sail%20Darwin!&query_place_id=ChIJwzb0UZCRwCwRNqMdvx7l45o,5.0,"Amazing! The whole evening was brilliant, the food the staff and the harbour views.",0.9997618794441223,0.00011903764971066266,0.0,0.9998809099197388,positive,2
Sail Darwin!,https://www.google.com/maps/search/?api=1&query=Sail%20Darwin!&query_place_id=ChIJwzb0UZCRwCwRNqMdvx7l45o,5.0,What a wonderful 3 hours on the water. The weather was ideal with a great sunset. Josh the skipper was most friendly and the food and drink just kept coming! Thanks to all.,0.9997265338897705,0.0001367558288620785,0.0,0.9998632669448853,positive,3
Sail Darwin!,https://www.google.com/maps/search/?api=1&query=Sail%20Darwin!&query_place_id=ChIJwzb0UZCRwCwRNqMdvx7l45o,5.0,"What an amazing evening. Staff were exceptional. Very friendly, kept the food and drinks flowing. Nothing too much trouble. Food was delicious and plenty to eat. The cruise was so relaxing and enjoyable. Sunset amazing. Highly recommend.",0.9997737407684326,0.00011312127753626555,0.0,0.9998868703842163,positive,2
Sail Darwin!,https://www.google.com/maps/search/?api=1&query=Sail%20Darwin!&query_place_id=ChIJwzb0UZCRwCwRNqMdvx7l45o,5.0,"Monday night dinner cruise aboard Sundancer,, what a great experience! lots of fun, great atmosphere, and staff were magic, 10/10! Food was great, drinks were always full! would highly recommended! The highlight of our Darwin experience!",0.9996739029884338,0.00016300211427733302,0.0,0.9998369216918945,positive,2
Sail Darwin!,https://www.google.com/maps/search/?api=1&query=Sail%20Darwin!&query_place_id=ChIJwzb0UZCRwCwRNqMdvx7l45o,5.0,"If you are woneting which cruise to pick, THIS IS THE ONE! Amazing experience & value for money. Cheerful staff, confident captain, a michelin star chef… all in 1 place! Girls serving drinks and food were very friendly, bubbly & constantly on the ball serving non-stop as much as you want. Chef was catering for every dietary requirement absolutely beautiful food. It was finger licking delicious. Captain took us to the croc trap & made sure we could have a good peek inside. Even though the moon turned out to be more glamourous than the sun (clouds got in the way at the worst possible time 😂) it was a brilliant, fun experience worth every penny. We will definitely be back on board! Thank you Sail Darwin!",0.9995114207267761,0.0002442761033307761,0.0,0.9997556805610657,positive,2
Sail Darwin!,https://www.google.com/maps/search/?api=1&query=Sail%20Darwin!&query_place_id=ChIJwzb0UZCRwCwRNqMdvx7l45o,5.0,A wonderful evening and sunset tour. We enjoyed it very much. Great thanks to Skipper and team for the perfect service and wonderful tapas dinner!,0.9997690320014954,0.0001154839774244465,0.0,0.9998844861984253,positive,2
Sail Darwin!,https://www.google.com/maps/search/?api=1&query=Sail%20Darwin!&query_place_id=ChIJwzb0UZCRwCwRNqMdvx7l45o,5.0,"Such a relaxing night and we were spoiled with great food, drinks and service.  A wonderful night and well worth the price.  Highly recommend!",0.9997758865356445,0.00011203403118997812,0.0,0.9998879432678223,positive,2
Sail Darwin!,https://www.google.com/maps/search/?api=1&query=Sail%20Darwin!&query_place_id=ChIJwzb0UZCRwCwRNqMdvx7l45o,5.0,"Sail Darwin on the Sundancer catamaran was a wonderful evening - the sparkling wine was beautiful, the range of food was delicious and seemed to just keep coming round. Yet I didn't feel like I'd overeaten! The weather was perfect and the scenery stunning and ever-changing. The sunset was beautiful with plenty of time to take photos and enjoy the colours. I don't think I could have enjoyed the cruise more, thank you!!",0.9996340870857239,0.0001829793764045462,0.0,0.9998170733451843,positive,4
Sail Darwin!,https://www.google.com/maps/search/?api=1&query=Sail%20Darwin!&query_place_id=ChIJwzb0UZCRwCwRNqMdvx7l45o,5.0,"Went on the sunset cruise with my family, it was phenomenal, my 15yr old daughter also loved it, loved the food, the eclectic range of music, something to suit everybody",0.999718189239502,0.0001409207034157589,0.0,0.999859094619751,positive,0
Sail Darwin!,https://www.google.com/maps/search/?api=1&query=Sail%20Darwin!&query_place_id=ChIJwzb0UZCRwCwRNqMdvx7l45o,5.0,"Brilliant experience. Free flow bubbles (and I mean free flow!), great food (the zucchini and halloumi snack was a masterpiece), great company on board, experienced skipper and crew and, to top it off, a wonderful sunset (with a switched on skipper who did a few 360s to make sure we all saw it at its best post-sunset as we motored home) made this a first class experience. Thank you Sail Darwin!",0.9997029304504395,0.0001485246029915288,0.0,0.9998514652252197,positive,4
Sail Darwin!,https://www.google.com/maps/search/?api=1&query=Sail%20Darwin!&query_place_id=ChIJwzb0UZCRwCwRNqMdvx7l45o,5.0,"Captain Alex and the team will certainly make your night a memorable one! Loved every minute, and the sunset itself was stunning as well.

The hospitality was incredible, the girls working on the boat made every effort to ensure everyone had everything they could need! I don’t think my glass ever reached empty 😂
They were also accommodating with food intolerances, when I let them know in advance. Highly recommend if you’re in Darwin!",0.9996243715286255,0.00018779223319143057,0.0,0.9998121857643127,positive,4
Sail Darwin!,https://www.google.com/maps/search/?api=1&query=Sail%20Darwin!&query_place_id=ChIJwzb0UZCRwCwRNqMdvx7l45o,5.0,"Fantastic experience. My husband and I enjoyed every minute. Great food and drinks. Staff were friendly and efficient. Magic to be out on the water relaxing and enjoying the surrounds and sunset. Thank you for a wonderful evening in Darwin.
Cheers",0.9997796416282654,0.00011018062650691718,0.0,0.9998898506164551,positive,2
Sail Darwin!,https://www.google.com/maps/search/?api=1&query=Sail%20Darwin!&query_place_id=ChIJwzb0UZCRwCwRNqMdvx7l45o,5.0,"Absolutely beautiful. We were made to feel very welcome and comfortable. Stunning views, nice nibbles and bottomless sparkling is true! Even got to pat the sea dog! Thank you for a great evening.",0.9997708797454834,0.00011456943320808932,0.0,0.9998854398727417,positive,4
Sail Darwin!,https://www.google.com/maps/search/?api=1&query=Sail%20Darwin!&query_place_id=ChIJwzb0UZCRwCwRNqMdvx7l45o,5.0,"Absolutely fantastic cruise. One of the best in Australia. Fantastic food, vessel, music, all the sparkling wine you can drink, beautiful sunset, fantastic skipper. Great value for money. A must do when visiting Darwin!!!",0.9997485280036926,0.00012569729005917907,0.0,0.9998742341995239,positive,2
Sail Darwin!,https://www.google.com/maps/search/?api=1&query=Sail%20Darwin!&query_place_id=ChIJwzb0UZCRwCwRNqMdvx7l45o,5.0,"Cannot recommend this highly enough! Great cruise, excellent crew, Awesome food (and plenty of it) I'll do this again when next in Darwin",0.9997020363807678,0.00014894922787789255,0.0,0.9998509883880615,positive,2
Sail Darwin!,https://www.google.com/maps/search/?api=1&query=Sail%20Darwin!&query_place_id=ChIJwzb0UZCRwCwRNqMdvx7l45o,5.0,"Best thing to do in Darwin. Awesome crew, endless booze, and good food.",0.9995347857475281,0.0002325916721019894,0.0,0.9997673630714417,positive,4
Sail Darwin!,https://www.google.com/maps/search/?api=1&query=Sail%20Darwin!&query_place_id=ChIJwzb0UZCRwCwRNqMdvx7l45o,5.0,"What an amazing experience my son and I had last night!!! Professional and lovely staff, the food was delicious and more than enough!!",0.9997718930244446,0.00011402730888221413,0.0,0.9998859167098999,positive,2
Sail Darwin!,https://www.google.com/maps/search/?api=1&query=Sail%20Darwin!&query_place_id=ChIJwzb0UZCRwCwRNqMdvx7l45o,5.0,"Weather started off rough and wet but the experience of our skipper told us it would clear be and a spectacular sunset and it definitely was! Good food, wine and company. Too bad for those who decided to have a go at the crew and not get onboard. They missed out big time!",0.9973662495613098,0.0013168951263651252,0.0,0.9986831545829773,positive,0
Sail Darwin!,https://www.google.com/maps/search/?api=1&query=Sail%20Darwin!&query_place_id=ChIJwzb0UZCRwCwRNqMdvx7l45o,5.0,"A Bacchanalian experience of the highest order. We have photos but we're away from home. So we'll update this review very soon.

Sunset in Darwin is superlative, but adding in the fantastic food from Fernando, the awesome aquatic abilities of Alex and the simply wonderful service and good humoured entertainment from Nisha and Tyler  made this Cruise something special. Book it. Book it now .

You will be swimming in sparkling wine, gasping from trays of haloumi, dips, smoked salmon, Scotch fillet, 8 course tapas menu? I reckon it was at least 12.

Something for everyone but perfect for lovers of all ages. No trip to Darwin is complete without this. A small local business very worthy of your custom",0.9993026852607727,0.00034862550091929734,0.0,0.999651312828064,positive,4
Sail Darwin!,https://www.google.com/maps/search/?api=1&query=Sail%20Darwin!&query_place_id=ChIJwzb0UZCRwCwRNqMdvx7l45o,5.0,A must do in Darwin. We had a stormy Sunday afternoon cruise and it was absolutely amazing. I'd do this cruise again and again if I was a Darwin local. Lots of champagne and super tasty nibbles. The staff were such lovely people that contributed to the best evening.,0.999718189239502,0.00014093051140662283,0.0,0.999859094619751,positive,1
Sail Darwin!,https://www.google.com/maps/search/?api=1&query=Sail%20Darwin!&query_place_id=ChIJwzb0UZCRwCwRNqMdvx7l45o,5.0,Awesome 😀,0.9997215867042542,0.00013920533820055425,0.0,0.9998607635498047,positive,4
Sail Darwin!,https://www.google.com/maps/search/?api=1&query=Sail%20Darwin!&query_place_id=ChIJwzb0UZCRwCwRNqMdvx7l45o,5.0,Sail Darwin on their Sundancer is a must visit. Top notch service with special food for vegetarians too. Unlimited drinks too. The crew were extremely friendly turning the boat back when we had just missed it. Note the boat leaves from Dock 1,0.7198465466499329,0.14007671177387238,0.0,0.859923243522644,positive,0
Sail Darwin!,https://www.google.com/maps/search/?api=1&query=Sail%20Darwin!&query_place_id=ChIJwzb0UZCRwCwRNqMdvx7l45o,5.0,"My 5 friends and I had the most enjoyable time on this sunset cruise. Staff were attentive and lovely. Food cooked on board, delicious and plentiful. Our champagne was  never empty. Highly recommend.",0.9997634291648865,0.00011828995047835633,0.0,0.9998817443847656,positive,2
Sail Darwin!,https://www.google.com/maps/search/?api=1&query=Sail%20Darwin!&query_place_id=ChIJwzb0UZCRwCwRNqMdvx7l45o,5.0,"Delicious food, free flowing bubbles, lovely staff and a wonderful sunset!",0.9997819066047668,0.00010903447400778532,0.0,0.999890923500061,positive,2
Sail Darwin!,https://www.google.com/maps/search/?api=1&query=Sail%20Darwin!&query_place_id=ChIJwzb0UZCRwCwRNqMdvx7l45o,5.0,"Had a wonderful experience with genuine and fun hosts/hostesses, our “Skipper” avoided a storm looming and gave us just the most amazing view of the beauty and wonder Darwin delivers this time of year! Food and wine was EXCELLENT !! Highly recommend 🥂",0.9997530579566956,0.0001234272785950452,0.0,0.9998764991760254,positive,2
Sail Darwin!,https://www.google.com/maps/search/?api=1&query=Sail%20Darwin!&query_place_id=ChIJwzb0UZCRwCwRNqMdvx7l45o,5.0,Brillant. Great staff and service.,0.9997410774230957,0.00012946888455189764,0.0,0.9998705387115479,positive,2
Sail Darwin!,https://www.google.com/maps/search/?api=1&query=Sail%20Darwin!&query_place_id=ChIJwzb0UZCRwCwRNqMdvx7l45o,5.0,We had a fantastic time! The staff were very friendly and efficient in filling our glasses. Our glasses were always full! The food was delish and they catered very well for me as a vegetarian. Highly recommend!,0.999655544757843,0.0001722171436995268,0.0,0.9998277425765991,positive,2
Sail Darwin!,https://www.google.com/maps/search/?api=1&query=Sail%20Darwin!&query_place_id=ChIJwzb0UZCRwCwRNqMdvx7l45o,5.0,"Fantastic Trip with amazing staff. Drinks were never empty, food was amazing & everything was about the client. Highly recommend.",0.9997591376304626,0.00012044078903272748,0.0,0.9998795986175537,positive,2
Sail Darwin!,https://www.google.com/maps/search/?api=1&query=Sail%20Darwin!&query_place_id=ChIJwzb0UZCRwCwRNqMdvx7l45o,5.0,"Fantastic cruise & experience. Location great, cruise so relaxing, staff very friendly & helpful & food superb. Must do when in Darwin.",0.9996286630630493,0.00018567453662399203,0.0,0.9998143315315247,positive,2
Sail Darwin!,https://www.google.com/maps/search/?api=1&query=Sail%20Darwin!&query_place_id=ChIJwzb0UZCRwCwRNqMdvx7l45o,5.0,"Fantastic experience...food was great and plentiful (so was the sparkling white wine). Staff are brilliant and the view during the time on the water just gets better and better, cannot recommend enough.",0.9975441694259644,0.0012279143556952477,0.0,0.9987720847129822,positive,2
Sail Darwin!,https://www.google.com/maps/search/?api=1&query=Sail%20Darwin!&query_place_id=ChIJwzb0UZCRwCwRNqMdvx7l45o,5.0,"I loved this tour, adults only and an intimate group. Staff are great and it's a fantastic perspective of Darwin from the water. Food and beverage tasty, worth the spend, in my opinion. Enjoyed stargazing on the way back to Port. A memorable souvenir of my Darwin trip.",0.9997231960296631,0.00013841435429640114,0.0,0.9998615980148315,positive,3
Sail Darwin!,https://www.google.com/maps/search/?api=1&query=Sail%20Darwin!&query_place_id=ChIJwzb0UZCRwCwRNqMdvx7l45o,5.0,Fantastic,0.999748706817627,0.00012565846554934978,0.0,0.9998743534088135,positive,2
Sail Darwin!,https://www.google.com/maps/search/?api=1&query=Sail%20Darwin!&query_place_id=ChIJwzb0UZCRwCwRNqMdvx7l45o,5.0,"Wonderful experience aboard the Sundancer for a 3hr sunset cruise, which was worth every dollar! Free flowing champagne, abundance of food and knowledgeable staff. Highly recommend.",0.9997684359550476,0.00011579738202271983,0.0,0.9998842477798462,positive,2
Sail Darwin!,https://www.google.com/maps/search/?api=1&query=Sail%20Darwin!&query_place_id=ChIJwzb0UZCRwCwRNqMdvx7l45o,5.0,"Best sunset, free flowing bubbles and amazing food. Friendly staff and great value for money. Highly recommend",0.9997572898864746,0.00012137267913203686,0.0,0.9998786449432373,positive,2
Sail Darwin!,https://www.google.com/maps/search/?api=1&query=Sail%20Darwin!&query_place_id=ChIJwzb0UZCRwCwRNqMdvx7l45o,5.0,"My husband booked us on their lunch cruise of Darwin harbour. It was aboard a 50ft catamaran. The sail was relaxing, comfortable and thoroughly enjoyable. The captain was very friendly and informative.  The staff were very attentive and took wonderful care of everyone on board. The food and drinks were ample and varied. All in all, a wonderful way to take in the sights & sounds and explore Darwin harbour. Would happily recommend this experience to anyone. Even if you tend to get seasick, this is a very calm, gentle and relaxing sail.",0.9997351169586182,0.00013242909335531294,0.0,0.9998675584793091,positive,0
Sail Darwin!,https://www.google.com/maps/search/?api=1&query=Sail%20Darwin!&query_place_id=ChIJwzb0UZCRwCwRNqMdvx7l45o,5.0,Had an amazing experience on the champagne sunset sail with Sail Darwin. The service and food was top quality and we were taken to a gorgeous and private spot in the mangroves to watch the sunset. I'm a Darwin local and would recommend anyone who comes to Darwin to do this activity!,0.9992169141769409,0.0003915176203008741,0.0,0.9996084570884705,positive,4
Sail Darwin!,https://www.google.com/maps/search/?api=1&query=Sail%20Darwin!&query_place_id=ChIJwzb0UZCRwCwRNqMdvx7l45o,5.0,"What an amazing experience. It started with David (I think) on the phone when we wanted to try find something that wasn’t booked out. His service and politeness was over the top and pretty much sold us instantly. He recommended the lunch time booking. Oh boy…. This would be the first thing I would recommend to anyone coming to Darwin, the staff onboard were amazing. They were practically at your finger tips the entire journey and we’re happy to have a conversation at any point and make sure your glass was never empty! What an experience. Would happily fly up here to do the exact same trip again without a doubt.",0.9994159936904907,0.0002920272236224264,0.0,0.9997079968452454,positive,0
Sail Darwin!,https://www.google.com/maps/search/?api=1&query=Sail%20Darwin!&query_place_id=ChIJwzb0UZCRwCwRNqMdvx7l45o,5.0,Love the food. Staff was very accommodating. Skipper was friendly. And me and my husband LOVE THEIR PLAYLIST 👌🏻,0.9997239112854004,0.0001380358007736504,0.0,0.9998619556427002,positive,1
Sail Darwin!,https://www.google.com/maps/search/?api=1&query=Sail%20Darwin!&query_place_id=ChIJwzb0UZCRwCwRNqMdvx7l45o,5.0,The food was really good and plenty of it. The staff were really happy and friendly and ensured our drinks stayed full. Gorgeous sunset and a great experience.,0.9997665882110596,0.0001167085938504897,0.0,0.9998832941055298,positive,3
Sail Darwin!,https://www.google.com/maps/search/?api=1&query=Sail%20Darwin!&query_place_id=ChIJwzb0UZCRwCwRNqMdvx7l45o,5.0,"Best time, highly recommended.",0.9997031688690186,0.00014839577488601208,0.0,0.9998515844345093,positive,2
Sail Darwin!,https://www.google.com/maps/search/?api=1&query=Sail%20Darwin!&query_place_id=ChIJwzb0UZCRwCwRNqMdvx7l45o,5.0,The sunset cruise was the most amazing experience ever. Crew was super friendly and attentive. Food and champagne was delicious and  the sunset was amazing !!,0.9997735619544983,0.00011318816541461274,0.0,0.9998867511749268,positive,2
Sail Darwin!,https://www.google.com/maps/search/?api=1&query=Sail%20Darwin!&query_place_id=ChIJwzb0UZCRwCwRNqMdvx7l45o,5.0,Don’t miss this!! Faultless - loved every minute. Endless flow of champagne and delicious tapas. Our hosts couldn’t do enough for us and well the sunsets 🌅… just stunning. A Darwin highlight!,0.9995864033699036,0.00020683168258983642,0.0,0.9997932314872742,positive,4
Sail Darwin!,https://www.google.com/maps/search/?api=1&query=Sail%20Darwin!&query_place_id=ChIJwzb0UZCRwCwRNqMdvx7l45o,5.0,"The staff, food and experience were top notch!  I am vego and the staff went out of their way to give me different options. All of the food was really delicious and there was heaps of it.  While the weather was uncharacteristically cool and rainy for the wet season, the whole boat had a really great time. Definitely do this if you are in Darwin! (:",0.9994364976882935,0.000281736021861434,0.0,0.9997182488441467,positive,0
Sail Darwin!,https://www.google.com/maps/search/?api=1&query=Sail%20Darwin!&query_place_id=ChIJwzb0UZCRwCwRNqMdvx7l45o,5.0,"Had an amazing lunch time cruise! Such a great time, beautiful weather, good and drinks 😉🥂 All the staff were amazing! Thanks for a great time 👏👏👏",0.9997536540031433,0.00012318625522311777,0.0,0.999876856803894,positive,2
Sail Darwin!,https://www.google.com/maps/search/?api=1&query=Sail%20Darwin!&query_place_id=ChIJwzb0UZCRwCwRNqMdvx7l45o,5.0,"An absolutely epic sunset cruise, such attentive and fun staff, endless food and drinks (all inclusive) a fantastic vibe... A must-do when in Darwin!",0.9993254542350769,0.00033728964626789093,0.0,0.9996627569198608,positive,2
Sail Darwin!,https://www.google.com/maps/search/?api=1&query=Sail%20Darwin!&query_place_id=ChIJwzb0UZCRwCwRNqMdvx7l45o,5.0,"A wonderful night fantastic cruise, great value for money. A very friendly crew. The food was more than ample and delicious, the bubbles endless and the sunset very beautiful. Would do it again.  Thank you.",0.9997615814208984,0.00011923169222427532,0.0,0.9998807907104492,positive,2
Sail Darwin!,https://www.google.com/maps/search/?api=1&query=Sail%20Darwin!&query_place_id=ChIJwzb0UZCRwCwRNqMdvx7l45o,5.0,"Absolutely amazing 🤩
Would recommend this cruise to anyone coming to Darwin
The hospitality was great, the food and wine was fantastic, they kept your glass topped up and belly full
Great job guys, would definitely do this again 👍🏻",0.9996219873428345,0.00018900874420069158,0.0,0.9998109936714172,positive,3
Sail Darwin!,https://www.google.com/maps/search/?api=1&query=Sail%20Darwin!&query_place_id=ChIJwzb0UZCRwCwRNqMdvx7l45o,5.0,"Wow ... what a night! 5 stars plus 5 stars. Fun, friendly, fantastic night! We ate we drank we sang and we had the best night. Our group of 10 all agree the staff were so attentive we couldn't have asked for more. Well done guys you've got the right blend of everything for a truly memorable night. Thanks from the Adelaide group.",0.9997382760047913,0.00013083277735859156,0.0,0.9998691082000732,positive,2
Sail Darwin!,https://www.google.com/maps/search/?api=1&query=Sail%20Darwin!&query_place_id=ChIJwzb0UZCRwCwRNqMdvx7l45o,5.0,We had so much fun on the day sail. I would recommend it. (I want to go again),0.9995788335800171,0.00021056277910247445,0.0,0.9997894167900085,positive,4
Sail Darwin!,https://www.google.com/maps/search/?api=1&query=Sail%20Darwin!&query_place_id=ChIJwzb0UZCRwCwRNqMdvx7l45o,5.0,"Absolutely amazing!
Had the best time with the most friendly staff and captain. Food was very tasty also.",0.9997668266296387,0.00011657568393275142,0.0,0.9998834133148193,positive,2
Sail Darwin!,https://www.google.com/maps/search/?api=1&query=Sail%20Darwin!&query_place_id=ChIJwzb0UZCRwCwRNqMdvx7l45o,5.0,Brilliant!!!,0.9997427463531494,0.00012860854621976614,0.0,0.9998713731765747,positive,3
Sail Darwin!,https://www.google.com/maps/search/?api=1&query=Sail%20Darwin!&query_place_id=ChIJwzb0UZCRwCwRNqMdvx7l45o,5.0,"10/10… Amazing cruise, amazing food, amazing staff, amazing scenery.",0.9997842311859131,0.000107874337118119,0.0,0.9998921155929565,positive,2
Sail Darwin!,https://www.google.com/maps/search/?api=1&query=Sail%20Darwin!&query_place_id=ChIJwzb0UZCRwCwRNqMdvx7l45o,5.0,"6 of us set sail last Tuesday night on the Sail Darwin sunset 3 hour trip to celebrate our daughter’s admission as a lawyer and it was absolutely incredible. All the staff were generous, kind and genuine. The time went so quickly and not a drop of water was felt anywhere despite sitting close to the water on the comfy netting at the front of the catamaran. The staff also looked after our Grannie who at 83yo isn’t very mobile. She was spoilt rotten at the rear seating area and vowed to return again  (as will we…)! Just brilliant. Thank you.",0.9984312057495117,0.0007844260544516146,0.0,0.9992156028747559,positive,0
Sail Darwin!,https://www.google.com/maps/search/?api=1&query=Sail%20Darwin!&query_place_id=ChIJwzb0UZCRwCwRNqMdvx7l45o,5.0,"The staff were amazing, food was great, catered for different dietary requirements, would recommend 1000% Thank you so much for the amazing experience!! ❤️❤️",0.9997427463531494,0.00012865370081271976,0.0,0.9998713731765747,positive,2
Sail Darwin!,https://www.google.com/maps/search/?api=1&query=Sail%20Darwin!&query_place_id=ChIJwzb0UZCRwCwRNqMdvx7l45o,4.0,Great food,0.9997532367706299,0.0001233731600223109,0.0,0.9998766183853149,positive,2
Sail Darwin!,https://www.google.com/maps/search/?api=1&query=Sail%20Darwin!&query_place_id=ChIJwzb0UZCRwCwRNqMdvx7l45o,5.0,"Awesome night, great food, awesome crew. The whole crew make you feel welcome and make sure you are well fed and looked after.",0.999760627746582,0.00011967432510573417,0.0,0.999880313873291,positive,4
Sail Darwin!,https://www.google.com/maps/search/?api=1&query=Sail%20Darwin!&query_place_id=ChIJwzb0UZCRwCwRNqMdvx7l45o,5.0,"Great music, great service, great food, zoe was a awesome. Missied the sunset but was still amazing",0.9997096061706543,0.00014520603872369975,0.0,0.9998548030853271,positive,2
Sail Darwin!,https://www.google.com/maps/search/?api=1&query=Sail%20Darwin!&query_place_id=ChIJwzb0UZCRwCwRNqMdvx7l45o,5.0,Went on Champagne Sunset Cruise. We had exceptional service from the friendly crew. Food was amazing and abundant above all expectations. A must do if in Darwin!,0.9996889233589172,0.0001554964401293546,0.0,0.9998444318771362,positive,2
Sail Darwin!,https://www.google.com/maps/search/?api=1&query=Sail%20Darwin!&query_place_id=ChIJwzb0UZCRwCwRNqMdvx7l45o,5.0,The crew made this one of the best experiences we have ever had! Cannot recommend this highly enough. Can’t wait to do it again my next visit! Thank you so much for such a fun time!,0.9996719360351562,0.00016404525376856327,0.0,0.9998359680175781,positive,2
Sail Darwin!,https://www.google.com/maps/search/?api=1&query=Sail%20Darwin!&query_place_id=ChIJwzb0UZCRwCwRNqMdvx7l45o,5.0,"I had the best night on this Darwin Sunset Cruise Sunday 6th March 2022.  The weather perfect, the scenery perfect, the bubbles perfect, the food perfectly delicious,  the crew friendly, warm, the perfect hosts. I cant wait to do it again.  Loved it.",0.9997231960296631,0.0001384181814501062,0.0,0.9998615980148315,positive,2
Sail Darwin!,https://www.google.com/maps/search/?api=1&query=Sail%20Darwin!&query_place_id=ChIJwzb0UZCRwCwRNqMdvx7l45o,1.0,Our cruise was unfortunately cancelled at very short notice. It was disappointing that we were not offered an alternative booking. It was also unfortunate that we had wasted money on taxi fares to get to the wharf. We accept that sometimes mechanical failures will occur but felt that the communication was inadequate.,-0.9994121789932251,0.9997060894966125,0.0,0.00029389437986537814,negative,0
Sail Darwin!,https://www.google.com/maps/search/?api=1&query=Sail%20Darwin!&query_place_id=ChIJwzb0UZCRwCwRNqMdvx7l45o,5.0,"We were disappointed we could only give 5 stars bc this is a 6 star experience! The crew were friendly & super attentive (never were our glasses empty), awesome sunset & great food. Thank you for excellent evening highly recommended.",0.9997227787971497,0.0001385947543894872,0.0,0.9998613595962524,positive,2
Sail Darwin!,https://www.google.com/maps/search/?api=1&query=Sail%20Darwin!&query_place_id=ChIJwzb0UZCRwCwRNqMdvx7l45o,5.0,One of the best Darwin experiences there is!,0.9995836019515991,0.00020821952784899622,0.0,0.9997918009757996,positive,2
Sail Darwin!,https://www.google.com/maps/search/?api=1&query=Sail%20Darwin!&query_place_id=ChIJwzb0UZCRwCwRNqMdvx7l45o,5.0,Excellent value for money. The Chef freshly cooked lots of delicious  food to eat the whole cruise and the waitresses did an amazing job serving us and keeping glasses topped up with bubbles and taking photos for us. A lovely friendly atmosphere on board amongst all the passengers and we had a lovely sunset. I would highly recommend this cruise. Very well done. Thankyou.,0.9997554421424866,0.00012224193778820336,0.0,0.9998776912689209,positive,2
Sail Darwin!,https://www.google.com/maps/search/?api=1&query=Sail%20Darwin!&query_place_id=ChIJwzb0UZCRwCwRNqMdvx7l45o,5.0,"Had a fantastic night. Food was on point and lots of variety, Wine glass was never empty and the crew was fantastic. It is exactly what we expected and more. If you are looking for a great night out in Darwin with fantastic food, lots of wine and an amazing sunset this is the one for you.",0.9997515082359314,0.0001242465659743175,0.0,0.9998757839202881,positive,3
Sail Darwin!,https://www.google.com/maps/search/?api=1&query=Sail%20Darwin!&query_place_id=ChIJwzb0UZCRwCwRNqMdvx7l45o,5.0,"Adored the food, music, vibes, the whole lot. Will do it again for sure!",0.9997415542602539,0.0001292448869207874,0.0,0.999870777130127,positive,6
Sail Darwin!,https://www.google.com/maps/search/?api=1&query=Sail%20Darwin!&query_place_id=ChIJwzb0UZCRwCwRNqMdvx7l45o,5.0,An absolutely fantastic experience! The staff were extremely lovely and accommodating. Plenty of food and drinks to go around. Cannot recommend enough!,0.999727725982666,0.0001361274189548567,0.0,0.999863862991333,positive,2
Sail Darwin!,https://www.google.com/maps/search/?api=1&query=Sail%20Darwin!&query_place_id=ChIJwzb0UZCRwCwRNqMdvx7l45o,5.0,"Hands down the best sunset cruise in the NT.
Endless champagne, delicious food and fantastic staff. Thank you for an amazing evening 👌👌👌",0.9997754096984863,0.0001122783069149591,0.0,0.9998877048492432,positive,2
Sail Darwin!,https://www.google.com/maps/search/?api=1&query=Sail%20Darwin!&query_place_id=ChIJwzb0UZCRwCwRNqMdvx7l45o,5.0,"Fabulous sunset cruise, good value, food was 👌, staff are very friendly
Highly recommend this cruise while in Darwin",0.9996800422668457,0.00015997629088815302,0.0,0.9998400211334229,positive,2
Sail Darwin!,https://www.google.com/maps/search/?api=1&query=Sail%20Darwin!&query_place_id=ChIJwzb0UZCRwCwRNqMdvx7l45o,5.0,Enjoyed the 3 hour sunset cruise. Alex and his crew were fantastic the drinks flowed continuously and the chef excelled with his non stop culinary offerings. Wonderful experience not to be passed over,0.9997647404670715,0.0001175971410702914,0.0,0.9998823404312134,positive,2
Sail Darwin!,https://www.google.com/maps/search/?api=1&query=Sail%20Darwin!&query_place_id=ChIJwzb0UZCRwCwRNqMdvx7l45o,5.0,"Amazing experience! Great value for money and the crew are very friendly and professional. They are also accommodating of dietary requirements (e.g. vegan). For anyone visiting Darwin, I highly recommend including this in your itinerary.",0.9995077848434448,0.00024607888190075755,0.0,0.9997538924217224,positive,2
Sail Darwin!,https://www.google.com/maps/search/?api=1&query=Sail%20Darwin!&query_place_id=ChIJwzb0UZCRwCwRNqMdvx7l45o,5.0,Very friendly great food easy to move around in the boat,0.9996926784515381,0.00015363532293122262,0.0,0.999846339225769,positive,2
Sail Darwin!,https://www.google.com/maps/search/?api=1&query=Sail%20Darwin!&query_place_id=ChIJwzb0UZCRwCwRNqMdvx7l45o,5.0,"Went on this catamaran last night and was the highlight of our trip. We had the best time, great music, good food, plenty of champagne and of course an amazing sunset. Highly recommended.",0.999758243560791,0.0001208875619340688,0.0,0.9998791217803955,positive,3
Sail Darwin!,https://www.google.com/maps/search/?api=1&query=Sail%20Darwin!&query_place_id=ChIJwzb0UZCRwCwRNqMdvx7l45o,5.0,The best sunset I have experienced in Darwin. It is so worth it's money probably more. The best service/crew ever and I definitely will be coming back for another evening. 10/10 for sail Darwin ❤️❤️❤️❤️ my parents from interstate said it was better then the last sunset cruise we were on last time and I agree with them. Keep up the great work with your beautiful tapas and unlimited champagne experience. beautiful people 😍🌅,0.9996427297592163,0.00017863900575321168,0.0,0.9998213648796082,positive,3
Sail Darwin!,https://www.google.com/maps/search/?api=1&query=Sail%20Darwin!&query_place_id=ChIJwzb0UZCRwCwRNqMdvx7l45o,3.0,"Crew friendly ,food so so. Bubbles is Seaview Brut,  Luxury catamaran definitely not.  Would have been better had the crew introduced themselves on boarding",-0.9931146502494812,0.996557354927063,0.0,0.003442716086283326,negative,2
Sail Darwin!,https://www.google.com/maps/search/?api=1&query=Sail%20Darwin!&query_place_id=ChIJwzb0UZCRwCwRNqMdvx7l45o,5.0,"Brilliant cruise, great food,  staff were amazing",0.9997701048851013,0.00011495957733131945,0.0,0.999885082244873,positive,2
Sail Darwin!,https://www.google.com/maps/search/?api=1&query=Sail%20Darwin!&query_place_id=ChIJwzb0UZCRwCwRNqMdvx7l45o,5.0,"Don’t visit Darwin without going on this sunset cruise.
+ Amazing well maintained sailing vessel.
+  Safe and professionally run.
+ Much more fun and more enjoyable than a boring dinner cruise.
+ Lots of drinks including and yummy hors d’oeuvres.

Kudos to our bearded skipper,  Terry and the other stews for looking after everyone so well.",0.9991803765296936,0.0004098178178537637,0.0,0.9995902180671692,positive,1
Sail Darwin!,https://www.google.com/maps/search/?api=1&query=Sail%20Darwin!&query_place_id=ChIJwzb0UZCRwCwRNqMdvx7l45o,5.0,Fantastic cruise I highly recommend. I took my 92 year old father on this cruise and he loved it. As an old yachty he was happy to be back on the water. The cat was awesome and very spacious and comfortable. The skipper was very friendly and amazing at his job. The staff worked hard all night and you never wanted for anything. Rocky the chef kept us fed with beautiful food. I could not fault anything and would highly recommend this cruise. Great work guys!,0.9997308254241943,0.00013457339082378894,0.0,0.9998654127120972,positive,2
Sail Darwin!,https://www.google.com/maps/search/?api=1&query=Sail%20Darwin!&query_place_id=ChIJwzb0UZCRwCwRNqMdvx7l45o,5.0,"10/10. A fabulous experience. So relaxed. Service staff were such fun, food was excellent, boat wonderful. And Darwin sunsets, well.... Do it.",0.9997405409812927,0.00012973224511370063,0.0,0.9998703002929688,positive,2
Sail Darwin!,https://www.google.com/maps/search/?api=1&query=Sail%20Darwin!&query_place_id=ChIJwzb0UZCRwCwRNqMdvx7l45o,5.0,Can't wait to travel again,0.9875964522361755,0.00620175339281559,0.0,0.9937981963157654,positive,7
Sail Darwin!,https://www.google.com/maps/search/?api=1&query=Sail%20Darwin!&query_place_id=ChIJwzb0UZCRwCwRNqMdvx7l45o,5.0,"Amazing experience, amazing sunset, great staff!",0.9997771382331848,0.00011139423440909013,0.0,0.99988853931427,positive,2
Sail Darwin!,https://www.google.com/maps/search/?api=1&query=Sail%20Darwin!&query_place_id=ChIJwzb0UZCRwCwRNqMdvx7l45o,5.0,What a fantastic night.  Best cruise ever. Staff were so lovely. Thanks guys for a great time.,0.9997490048408508,0.00012547121150419116,0.0,0.999874472618103,positive,2
Sail Darwin!,https://www.google.com/maps/search/?api=1&query=Sail%20Darwin!&query_place_id=ChIJwzb0UZCRwCwRNqMdvx7l45o,5.0,"Absolutely Amazing !! The staff were beautiful people. The boat was incredible! The food, the service, the view, everything about this sunset cruise was amazing. Highly recommend it ! 🙂",0.9997780919075012,0.00011093440116383135,0.0,0.9998890161514282,positive,2
Sail Darwin!,https://www.google.com/maps/search/?api=1&query=Sail%20Darwin!&query_place_id=ChIJwzb0UZCRwCwRNqMdvx7l45o,5.0,"We had the very best time for my husband's birthday doing this sunset cruise. Fantastic crew (hello Chilean friends) and scrumptious food and plenty of it and endless bubbly. We felt safe in the skipper's hands. Under sail during sunset with good music and everyone happy and chatting, what more could you ask for?",0.999644935131073,0.00017753221618477255,0.0,0.9998224377632141,positive,3
Sail Darwin!,https://www.google.com/maps/search/?api=1&query=Sail%20Darwin!&query_place_id=ChIJwzb0UZCRwCwRNqMdvx7l45o,5.0,"We had a wonderful time aboard Sundancer for the evening. The sunset view from this vantage point out on the water is amazing. The food and drinks kept coming all evening, from city views right up to Mindil Beach.  The crew were great, the whole thing was excellent and highly recommended.",0.9997697472572327,0.00011509721662150696,0.0,0.999884843826294,positive,2
Sail Darwin!,https://www.google.com/maps/search/?api=1&query=Sail%20Darwin!&query_place_id=ChIJwzb0UZCRwCwRNqMdvx7l45o,5.0,"If you want to spend a wonderful evening taking in the beauty of Darwin's coastline and sunset while enjoying great food prepared by a talented and funny chef, champagne, and the light social chat served up by a wonderful crew of attentive and friendly young people, this is the sail for you! This was our 3rd sunset sail this year, and each time has been a session of pampering, laughter and beautiful memories to take home. Special mention must be made of Kerry our hostess, and Jack our skipper, who both made this sail so enjoyable. Their friendly interaction, information sharing and attention to ensuring our time with them was comfortable and relaxing made for a great escape from the 'noise' of life, if only for a few hours. Well done David on having such a great team and sharing your catamaran with us to show off Darwin to our visitors - an indulgent experience for all.",0.9996073842048645,0.00019631290342658758,0.0,0.9998037219047546,positive,3
Sail Darwin!,https://www.google.com/maps/search/?api=1&query=Sail%20Darwin!&query_place_id=ChIJwzb0UZCRwCwRNqMdvx7l45o,5.0,"Mir fehlen die Worte !!

Das unternehmen müsste 10 Sterne erhalten!

Team 10*
Von der ersten Sekunde bis zum Schluss wird man mit höchstem Respekt behandelt und sieht das Team nur lächelnd

Essen 10*
Die Snacks die quasi durchgehend gereicht werden schmecken wie aus einer Sterne Küche ! Ein absolutes Geschmacks Erlebnis !

Das Team macht den Ausflug zu einem unvergesslichen Erlebnis.

Service 10*
Leere Gläser gibt es auf dem Segelboot nicht. Man wird in perfekten Abständen gefragt ob es noch ein top up sein darf.

Ihr habt meinen Geburtstag zu einem unvergesslichen Tag gemacht <3 danke dafür !!!

Wir kommen definitiv wieder wenn wir in Darwin sind !

Höchste weiter Empfehlung",-0.9848052859306335,0.9924026727676392,0.0,0.007597398478537798,negative,4
Sail Darwin!,https://www.google.com/maps/search/?api=1&query=Sail%20Darwin!&query_place_id=ChIJwzb0UZCRwCwRNqMdvx7l45o,5.0,"Saturday night 7/10/17
What an experience. In an age where service is a hard commodity to find, the crew aboard the Sundancer proved to be attentive, informative, and helpful, all with a smile and enthusiasm you only dream of.
Copious quantities of champagne, 7 course tapas all served in a timely manner with the highest quality of food. I have to mention the music was Brilliant! Getting everyone in the mood for fun. Warm balmy breezes in pristine water, looking at the Darwin skyline while sailing with a glass of champagne good music, and food is an experience you don't want to miss.
The Sunset was spectacular!!

Highly recommended",0.9997048377990723,0.0001475632598157972,0.0,0.9998524188995361,positive,4
Sail Darwin!,https://www.google.com/maps/search/?api=1&query=Sail%20Darwin!&query_place_id=ChIJwzb0UZCRwCwRNqMdvx7l45o,5.0,"We had a wonderful evening cruise. Relaxed, fun, great music choices and excellent food and generous supply of bubbly. Lovely hostesses. I highly recommend it for a treat / special evening.",0.9997718930244446,0.00011401937081245705,0.0,0.9998859167098999,positive,2
Sail Darwin!,https://www.google.com/maps/search/?api=1&query=Sail%20Darwin!&query_place_id=ChIJwzb0UZCRwCwRNqMdvx7l45o,5.0,"Very good experience and wonderfull food and service, would love to thank Dave and the crew for such an awesome experience.  First sunset cruise in Darwin would highly recommend to anyone not looking at $$$ but at experience and memorable memories.  As for the comment saying could done half the price... Go do it, I know where I will email going next time - unbiased review 5 stars.",0.9991407990455627,0.00042961884173564613,0.0,0.9995704293251038,positive,4
Sail Darwin!,https://www.google.com/maps/search/?api=1&query=Sail%20Darwin!&query_place_id=ChIJwzb0UZCRwCwRNqMdvx7l45o,5.0,"A beautiful sunset sailing experience. Definitely a 'must do' in Darwin. Great crew, friendly and knowledgable, and amazing value...",0.9997410774230957,0.00012943752517458051,0.0,0.9998705387115479,positive,2
Sail Darwin!,https://www.google.com/maps/search/?api=1&query=Sail%20Darwin!&query_place_id=ChIJwzb0UZCRwCwRNqMdvx7l45o,5.0,The sunset champagne dinner cruise is the best thing in the world and you have to do it.,0.9995099306106567,0.0002450412430334836,0.0,0.9997549653053284,positive,4
Sail Darwin!,https://www.google.com/maps/search/?api=1&query=Sail%20Darwin!&query_place_id=ChIJwzb0UZCRwCwRNqMdvx7l45o,2.0,We wanted a sailing experience on Darwin Waters as Sail Darwin promoted. Just as we boarded the catamaran & were leaving the marina we were told there will be no sailing as a part was needed to set the sails so only motorised cruising. We could have done this for half the price on another boat. No part refund offered either or option to leave the boat for a full refund. Very spicy food offered too which was disappointing. Make sure you check with the operators before boarding to be assured everything is as offered!,-0.9942736029624939,0.9971368312835693,0.0,0.002863215981051326,negative,7
